source,target,weight,src_ts,dst_ts,is_older_to_newer,is_newer_to_older
Emergent_autonomy_consciousness_c7fc92,Emergent_autonomy_identity_3c6259,0.9540790241385417,90007.84,90008.18,True,False
Emergent_autonomy_consciousness_c7fc92,Emergent_ethics_identity_d71a63,0.954079024191806,90007.84,90016.79,True,False
Emergent_autonomy_consciousness_c7fc92,Emergent_abstraction_analogy_82c26e,0.9540790241864654,90007.84,90027.01,True,False
Emergent_autonomy_consciousness_c7fc92,Emergent_anticipation_attention_2ce2b8,0.9540790240874064,90007.84,90041.07,True,False
Emergent_autonomy_consciousness_c7fc92,Emergent_asymmetry_concept_5ec561,0.9540790241779917,90007.84,90069.99,True,False
Emergent_autonomy_consciousness_c7fc92,Emergent_anticipation_bounded_db424c,0.9540790241468884,90007.84,90080.82,True,False
Emergent_autonomy_consciousness_c7fc92,Emergent_anticipation_clarity_3dcb5a,0.9540790241468884,90007.84,90081.16,True,False
Emergent_autonomy_consciousness_c7fc92,Emergent_autonomy_carefully_dedeae,0.9584475107158175,90007.84,90094.91,True,False
Emergent_autonomy_consciousness_c7fc92,Emergent_appears_asymmetry_9e9e75,0.9540790240389787,90007.84,90110.33,True,False
Emergent_autonomy_consciousness_c7fc92,Emergent_clarity_consciousness_aa3c69,0.9540790239482984,90007.84,90121.0,True,False
Emergent_autonomy_consciousness_c7fc92,Emergent_bounded_clarity_42b09f,0.9540790239482984,90007.84,90121.34,True,False
Emergent_autonomy_consciousness_c7fc92,Emergent_autonomy_coherence_a41799,0.9540790238187551,90007.84,90136.46,True,False
Emergent_autonomy_consciousness_c7fc92,Emergent_autonomy_collective_0e3ed5,0.9540790236336929,90007.84,90151.48,True,False
Emergent_autonomy_consciousness_c7fc92,Emergent_consciousness_coupling_4fd959,0.9592102053740457,90007.84,90167.64,True,False
Emergent_autonomy_consciousness_c7fc92,Emergent_identity_memory_6b5c68,0.9540790216875392,90007.84,90167.98,True,False
Emergent_autonomy_consciousness_c7fc92,Emergent_autonomy_clarity_dc06c1,0.9540790237130217,90007.84,90182.51,True,False
Emergent_autonomy_consciousness_c7fc92,Emergent_bounded_coherence_7ca4d5,0.954079023083559,90007.84,90198.76,True,False
Emergent_autonomy_consciousness_c7fc92,Emergent_bounded_clarity_2405f7,0.9540790231734824,90007.84,90213.48,True,False
Emergent_autonomy_consciousness_c7fc92,Emergent_boundary_clarity_6b732b,0.9540790231734824,90007.84,90213.82,True,False
Emergent_autonomy_consciousness_c7fc92,Emergent_complexity_contradiction_fdb7db,0.9580245663907192,90007.84,90230.64,True,False
Emergent_autonomy_consciousness_c7fc92,Emergent_boundary_complexity_bdb6f0,0.9540790224027114,90007.84,90230.98,True,False
Emergent_autonomy_consciousness_c7fc92,Emergent_bounded_contradiction_12fedf,0.9540790213016104,90007.84,90247.99,True,False
Emergent_autonomy_consciousness_c7fc92,Emergent_boundary_consciousness_ca5931,0.9540790213016104,90007.84,90248.33,True,False
Emergent_autonomy_consciousness_c7fc92,Emergent_asymmetry_boundary_d34760,0.9540790197286089,90007.84,90264.65,True,False
Emergent_autonomy_consciousness_c7fc92,Emergent_appears_asymmetry_8ccc17,0.9540790197286089,90007.84,90264.99,True,False
Emergent_autonomy_consciousness_c7fc92,Emergent_asymmetry_autonomy_546bd1,0.9540391224483686,90007.84,90278.81,True,False
Emergent_autonomy_consciousness_c7fc92,Emergent_appears_asymmetry_8dba4c,0.954079017481464,90007.84,90279.15,True,False
Emergent_autonomy_consciousness_c7fc92,Emergent_awareness_cascade_e15a42,0.9540789890051216,90007.84,90294.3,True,False
Emergent_autonomy_consciousness_c7fc92,Emergent_awareness_bounded_0321ec,0.9540789894198289,90007.84,90294.64,True,False
Emergent_autonomy_consciousness_c7fc92,Emergent_identity_justice_875606,0.9540790140249114,90007.84,90330.08,True,False
Emergent_autonomy_consciousness_c7fc92,Emergent_emerges_hypothesis_a8215d,0.9540789693597556,90007.84,90348.17,True,False
Emergent_autonomy_consciousness_c7fc92,Emergent_autonomy_awareness_dc684e,0.9540790043568703,90007.84,90381.27,True,False
Emergent_autonomy_consciousness_c7fc92,Emergent_autonomy_bounded_72bafc,0.9514468779065408,90007.84,90415.47,True,False
Emergent_autonomy_consciousness_c7fc92,Emergent_autonomy_carefully_659b9f,0.9540788824037685,90007.84,90434.01,True,False
Emergent_autonomy_consciousness_c7fc92,Emergent_autonomy_clarity_d6bec2,0.9540788824037685,90007.84,90434.35,True,False
Emergent_autonomy_consciousness_c7fc92,Emergent_clarity_complexity_e4a503,0.9540788028518434,90007.84,90452.38,True,False
Emergent_autonomy_consciousness_c7fc92,Emergent_awareness_carefully_026c23,0.9508564705479674,90007.84,90469.76,True,False
Emergent_autonomy_consciousness_c7fc92,Emergent_analogy_attention_140578,0.9540762093483484,90007.84,90486.78,True,False
Emergent_autonomy_consciousness_c7fc92,Emergent_bounded_complexity_42f802,0.9540761872516981,90007.84,90504.58,True,False
Emergent_autonomy_consciousness_c7fc92,Emergent_complexity_hypothesis_c25cd6,0.9540762266772094,90007.84,90504.92,True,False
Emergent_autonomy_consciousness_c7fc92,Emergent_bounded_hypothesis_41336a,0.9540762342754188,90007.84,90521.67,True,False
Emergent_autonomy_consciousness_c7fc92,Emergent_consciousness_hypothesis_1993b1,0.9540762229278219,90007.84,90522.01,True,False
Emergent_autonomy_consciousness_c7fc92,Emergent_abstraction_ambiguity_a83b10,0.9540762721917042,90007.84,90539.36,True,False
Emergent_autonomy_consciousness_c7fc92,Emergent_autonomy_belief_revision_03bb63,0.9540802703167017,90007.84,90560.27,True,False
Emergent_autonomy_consciousness_c7fc92,Emergent_appears_asymmetry_875f64,0.9540797969905555,90007.84,90582.79,True,False
Emergent_autonomy_consciousness_c7fc92,Emergent_asymmetry_awareness_537d9e,0.9540797969905555,90007.84,90583.13,True,False
Emergent_autonomy_consciousness_c7fc92,Emergent_awareness_cascade_97bcc8,0.9540791208103467,90007.84,90605.25,True,False
Emergent_autonomy_consciousness_c7fc92,Emergent_asymmetry_concept_e7c526,0.9514006280127676,90007.84,90646.68,True,False
Emergent_autonomy_consciousness_c7fc92,Emergent_clarity_connection_47e953,0.954074437328287,90007.84,90667.52,True,False
Emergent_autonomy_consciousness_c7fc92,Emergent_coherence_connection_2315cf,0.9540521463782572,90007.84,90704.88,True,False
Emergent_autonomy_consciousness_c7fc92,Emergent_cognition_coherence_8ecc1d,0.9540698317864555,90007.84,90746.65,True,False
Emergent_autonomy_consciousness_c7fc92,Emergent_awareness_cascade_7e50df,0.9540707896926124,90007.84,90763.32,True,False
Emergent_autonomy_consciousness_c7fc92,Emergent_awareness_cascade_aee329,0.9540707896926124,90007.84,90763.66,True,False
Emergent_autonomy_consciousness_c7fc92,Emergent_boundary_clarity_ba958c,0.9540625790684103,90007.84,90784.27,True,False
Emergent_autonomy_consciousness_c7fc92,Emergent_clarity_connection_ad0afc,0.9540625790684103,90007.84,90784.61,True,False
Emergent_autonomy_consciousness_c7fc92,Emergent_coherence_connection_7716f2,0.9540478364544787,90007.84,90806.27,True,False
Emergent_autonomy_consciousness_c7fc92,Emergent_carefully_coherence_19463a,0.959182684531533,90007.84,90806.61,True,False
Emergent_autonomy_consciousness_c7fc92,Emergent_autonomy_boundary_346ebd,0.9538317761005581,90007.84,90828.98,True,False
Emergent_autonomy_consciousness_c7fc92,Emergent_bounded_coherence_4beae6,0.9536953049634331,90007.84,90882.49,True,False
Emergent_autonomy_consciousness_c7fc92,Emergent_bounded_carefully_f79645,0.9537001311936797,90007.84,90882.83,True,False
Emergent_autonomy_consciousness_c7fc92,Emergent_awareness_cascade_f662e0,0.9544544230180223,90007.84,90920.25,True,False
Emergent_autonomy_consciousness_c7fc92,Emergent_awareness_cascade_5e2b72,0.954384633863826,90007.84,90939.65,True,False
Emergent_autonomy_consciousness_c7fc92,Emergent_autonomy_awareness_135ecc,0.9541185830085193,90007.84,91001.02,True,False
Emergent_autonomy_consciousness_c7fc92,Emergent_autonomy_collective_6a047d,0.9586525076834869,90007.84,91024.44,True,False
Emergent_autonomy_consciousness_c7fc92,Emergent_carefully_clarity_0d7a6f,0.953052230164599,90007.84,91046.88,True,False
Emergent_autonomy_consciousness_c7fc92,Emergent_clarity_coherence_ea0c30,0.9530431500155649,90007.84,91047.22,True,False
Emergent_autonomy_consciousness_c7fc92,Emergent_autonomy_boundary_1c8ce0,0.9549607026231346,90007.84,91070.68,True,False
Emergent_autonomy_consciousness_c7fc92,Emergent_coherence_connection_ff8bfe,0.9543675046002347,90007.84,91094.72,True,False
Emergent_autonomy_consciousness_c7fc92,Emergent_awareness_boundary_884077,0.9535200788532345,90007.84,91115.26,True,False
Emergent_autonomy_consciousness_c7fc92,Emergent_boundary_connection_2f9fcd,0.9520382822674724,90007.84,91154.88,True,False
Emergent_autonomy_consciousness_c7fc92,Emergent_connection_coupling_1f25cc,0.9197152514395872,90007.84,91178.04,True,False
Emergent_autonomy_consciousness_c7fc92,Emergent_connection_contradiction_52dd1b,0.919640222577857,90007.84,91178.38,True,False
Emergent_autonomy_consciousness_c7fc92,Emergent_autonomy_awareness_c0bb96,0.9583497845926374,90007.84,91242.14,True,False
Emergent_autonomy_consciousness_c7fc92,Emergent_appears_autonomy_3a9f9f,0.9583497845926374,90007.84,91242.48,True,False
Emergent_autonomy_consciousness_c7fc92,Emergent_appears_clarity_60514c,0.9430982848989449,90007.84,91289.65,True,False
Emergent_autonomy_consciousness_c7fc92,Emergent_carefully_clarity_42ab71,0.9340996845926377,90007.84,91312.3,True,False
Emergent_autonomy_consciousness_c7fc92,Emergent_appears_autonomy_ff3e16,0.9358146845926376,90007.84,91334.61,True,False
Emergent_autonomy_consciousness_c7fc92,Emergent_bounded_clarity_ae2623,0.9186646845926376,90007.84,91358.2,True,False
Emergent_autonomy_consciousness_c7fc92,Emergent_appears_connection_7bf1ab,0.9161151365067448,90007.84,91379.85,True,False
Emergent_autonomy_consciousness_c7fc92,Emergent_connection_dependency_32de27,0.9,90007.84,91449.86,True,False
Emergent_autonomy_consciousness_c7fc92,Emergent_appears_bounded_813df2,0.9,90007.84,91450.2,True,False
Emergent_autonomy_identity_3c6259,Emergent_ethics_identity_d71a63,0.9607254182462124,90008.18,90016.79,True,False
Emergent_autonomy_identity_3c6259,Emergent_abstraction_analogy_82c26e,0.9591890673394823,90008.18,90027.01,True,False
Emergent_autonomy_identity_3c6259,Emergent_anticipation_attention_2ce2b8,0.9607254181456952,90008.18,90041.07,True,False
Emergent_autonomy_identity_3c6259,Emergent_asymmetry_concept_5ec561,0.9572977066171913,90008.18,90069.99,True,False
Emergent_autonomy_identity_3c6259,Emergent_anticipation_bounded_db424c,0.9596682850841871,90008.18,90080.82,True,False
Emergent_autonomy_identity_3c6259,Emergent_anticipation_clarity_3dcb5a,0.9607254181983236,90008.18,90081.16,True,False
Emergent_autonomy_identity_3c6259,Emergent_autonomy_carefully_dedeae,0.9584475107158175,90008.18,90094.91,True,False
Emergent_autonomy_identity_3c6259,Emergent_appears_asymmetry_9e9e75,0.9559512096808827,90008.18,90110.33,True,False
Emergent_autonomy_identity_3c6259,Emergent_clarity_consciousness_aa3c69,0.9607254179997335,90008.18,90121.0,True,False
Emergent_autonomy_identity_3c6259,Emergent_bounded_clarity_42b09f,0.9541870111134891,90008.18,90121.34,True,False
Emergent_autonomy_identity_3c6259,Emergent_autonomy_coherence_a41799,0.9607254178701901,90008.18,90136.46,True,False
Emergent_autonomy_identity_3c6259,Emergent_autonomy_collective_0e3ed5,0.9607254176851279,90008.18,90151.48,True,False
Emergent_autonomy_identity_3c6259,Emergent_consciousness_coupling_4fd959,0.9592102053740457,90008.18,90167.64,True,False
Emergent_autonomy_identity_3c6259,Emergent_identity_memory_6b5c68,0.9603039455556803,90008.18,90167.98,True,False
Emergent_autonomy_identity_3c6259,Emergent_autonomy_clarity_dc06c1,0.9595391355255853,90008.18,90182.51,True,False
Emergent_autonomy_identity_3c6259,Emergent_bounded_coherence_7ca4d5,0.9603393923950789,90008.18,90198.76,True,False
Emergent_autonomy_identity_3c6259,Emergent_bounded_clarity_2405f7,0.9607254171566273,90008.18,90213.48,True,False
Emergent_autonomy_identity_3c6259,Emergent_boundary_clarity_6b732b,0.9607254171566273,90008.18,90213.82,True,False
Emergent_autonomy_identity_3c6259,Emergent_complexity_contradiction_fdb7db,0.9580245663907192,90008.18,90230.64,True,False
Emergent_autonomy_identity_3c6259,Emergent_boundary_complexity_bdb6f0,0.9607254163858567,90008.18,90230.98,True,False
Emergent_autonomy_identity_3c6259,Emergent_bounded_contradiction_12fedf,0.9580151924867806,90008.18,90247.99,True,False
Emergent_autonomy_identity_3c6259,Emergent_boundary_consciousness_ca5931,0.9607254152847555,90008.18,90248.33,True,False
Emergent_autonomy_identity_3c6259,Emergent_asymmetry_boundary_d34760,0.960725413711754,90008.18,90264.65,True,False
Emergent_autonomy_identity_3c6259,Emergent_appears_asymmetry_8ccc17,0.960725413711754,90008.18,90264.99,True,False
Emergent_autonomy_identity_3c6259,Emergent_asymmetry_autonomy_546bd1,0.9540391224483686,90008.18,90278.81,True,False
Emergent_autonomy_identity_3c6259,Emergent_appears_asymmetry_8dba4c,0.9607254114646091,90008.18,90279.15,True,False
Emergent_autonomy_identity_3c6259,Emergent_awareness_cascade_e15a42,0.9603020231768735,90008.18,90294.3,True,False
Emergent_autonomy_identity_3c6259,Emergent_awareness_bounded_0321ec,0.9607253848009387,90008.18,90294.64,True,False
Emergent_autonomy_identity_3c6259,Emergent_identity_justice_875606,0.9586728475235644,90008.18,90330.08,True,False
Emergent_autonomy_identity_3c6259,Emergent_emerges_hypothesis_a8215d,0.9607253679847174,90008.18,90348.17,True,False
Emergent_autonomy_identity_3c6259,Emergent_autonomy_awareness_dc684e,0.9607253906546158,90008.18,90381.27,True,False
Emergent_autonomy_identity_3c6259,Emergent_autonomy_bounded_72bafc,0.9514468779065408,90008.18,90415.47,True,False
Emergent_autonomy_identity_3c6259,Emergent_autonomy_carefully_659b9f,0.9607252687015144,90008.18,90434.01,True,False
Emergent_autonomy_identity_3c6259,Emergent_autonomy_clarity_d6bec2,0.9607252687015144,90008.18,90434.35,True,False
Emergent_autonomy_identity_3c6259,Emergent_clarity_complexity_e4a503,0.9607251891495889,90008.18,90452.38,True,False
Emergent_autonomy_identity_3c6259,Emergent_awareness_carefully_026c23,0.9508564705479674,90008.18,90469.76,True,False
Emergent_autonomy_identity_3c6259,Emergent_analogy_attention_140578,0.9607226286659911,90008.18,90486.78,True,False
Emergent_autonomy_identity_3c6259,Emergent_bounded_complexity_42f802,0.9547277097981279,90008.18,90504.58,True,False
Emergent_autonomy_identity_3c6259,Emergent_complexity_hypothesis_c25cd6,0.9607226517471152,90008.18,90504.92,True,False
Emergent_autonomy_identity_3c6259,Emergent_bounded_hypothesis_41336a,0.9605932505623862,90008.18,90521.67,True,False
Emergent_autonomy_identity_3c6259,Emergent_consciousness_hypothesis_1993b1,0.9557167185732456,90008.18,90522.01,True,False
Emergent_autonomy_identity_3c6259,Emergent_abstraction_ambiguity_a83b10,0.9607226980758989,90008.18,90539.36,True,False
Emergent_autonomy_identity_3c6259,Emergent_autonomy_belief_revision_03bb63,0.959646495808439,90008.18,90560.27,True,False
Emergent_autonomy_identity_3c6259,Emergent_appears_asymmetry_875f64,0.9550625048590373,90008.18,90582.79,True,False
Emergent_autonomy_identity_3c6259,Emergent_asymmetry_awareness_537d9e,0.9604246879541212,90008.18,90583.13,True,False
Emergent_autonomy_identity_3c6259,Emergent_awareness_cascade_97bcc8,0.9607254489877755,90008.18,90605.25,True,False
Emergent_autonomy_identity_3c6259,Emergent_asymmetry_concept_e7c526,0.9514006280127676,90008.18,90646.68,True,False
Emergent_autonomy_identity_3c6259,Emergent_clarity_connection_47e953,0.9607207641693734,90008.18,90667.52,True,False
Emergent_autonomy_identity_3c6259,Emergent_coherence_connection_2315cf,0.9606997706120519,90008.18,90704.88,True,False
Emergent_autonomy_identity_3c6259,Emergent_cognition_coherence_8ecc1d,0.9607154640717166,90008.18,90746.65,True,False
Emergent_autonomy_identity_3c6259,Emergent_awareness_cascade_7e50df,0.9607164219778737,90008.18,90763.32,True,False
Emergent_autonomy_identity_3c6259,Emergent_awareness_cascade_aee329,0.9599556462272283,90008.18,90763.66,True,False
Emergent_autonomy_identity_3c6259,Emergent_boundary_clarity_ba958c,0.9607082113536716,90008.18,90784.27,True,False
Emergent_autonomy_identity_3c6259,Emergent_clarity_connection_ad0afc,0.9607082113536716,90008.18,90784.61,True,False
Emergent_autonomy_identity_3c6259,Emergent_coherence_connection_7716f2,0.9606933617006637,90008.18,90806.27,True,False
Emergent_autonomy_identity_3c6259,Emergent_carefully_coherence_19463a,0.959182684531533,90008.18,90806.61,True,False
Emergent_autonomy_identity_3c6259,Emergent_autonomy_boundary_346ebd,0.9604821263380372,90008.18,90828.98,True,False
Emergent_autonomy_identity_3c6259,Emergent_bounded_coherence_4beae6,0.9603413976089505,90008.18,90882.49,True,False
Emergent_autonomy_identity_3c6259,Emergent_bounded_carefully_f79645,0.9603462735542736,90008.18,90882.83,True,False
Emergent_autonomy_identity_3c6259,Emergent_awareness_cascade_f662e0,0.955637853510116,90008.18,90920.25,True,False
Emergent_autonomy_identity_3c6259,Emergent_awareness_cascade_5e2b72,0.9610223943624563,90008.18,90939.65,True,False
Emergent_autonomy_identity_3c6259,Emergent_autonomy_awareness_135ecc,0.960755493588427,90008.18,91001.02,True,False
Emergent_autonomy_identity_3c6259,Emergent_autonomy_collective_6a047d,0.9586525076834869,90008.18,91024.44,True,False
Emergent_autonomy_identity_3c6259,Emergent_carefully_clarity_0d7a6f,0.9563233944023202,90008.18,91046.88,True,False
Emergent_autonomy_identity_3c6259,Emergent_clarity_coherence_ea0c30,0.9542698425298408,90008.18,91047.22,True,False
Emergent_autonomy_identity_3c6259,Emergent_autonomy_boundary_1c8ce0,0.9614842971635138,90008.18,91070.68,True,False
Emergent_autonomy_identity_3c6259,Emergent_coherence_connection_ff8bfe,0.9608910991406139,90008.18,91094.72,True,False
Emergent_autonomy_identity_3c6259,Emergent_awareness_boundary_884077,0.9570488837359012,90008.18,91115.26,True,False
Emergent_autonomy_identity_3c6259,Emergent_boundary_connection_2f9fcd,0.9585522431202915,90008.18,91154.88,True,False
Emergent_autonomy_identity_3c6259,Emergent_connection_coupling_1f25cc,0.9264384625535507,90008.18,91178.04,True,False
Emergent_autonomy_identity_3c6259,Emergent_connection_contradiction_52dd1b,0.9237496862876486,90008.18,91178.38,True,False
Emergent_autonomy_identity_3c6259,Emergent_autonomy_awareness_c0bb96,0.9647481731355485,90008.18,91242.14,True,False
Emergent_autonomy_identity_3c6259,Emergent_appears_autonomy_3a9f9f,0.9647481731355485,90008.18,91242.48,True,False
Emergent_autonomy_identity_3c6259,Emergent_appears_clarity_60514c,0.9430982848989449,90008.18,91289.65,True,False
Emergent_autonomy_identity_3c6259,Emergent_carefully_clarity_42ab71,0.9394245326758763,90008.18,91312.3,True,False
Emergent_autonomy_identity_3c6259,Emergent_appears_autonomy_ff3e16,0.9422130731355487,90008.18,91334.61,True,False
Emergent_autonomy_identity_3c6259,Emergent_bounded_clarity_ae2623,0.9250630731355487,90008.18,91358.2,True,False
Emergent_autonomy_identity_3c6259,Emergent_appears_connection_7bf1ab,0.9161151365067448,90008.18,91379.85,True,False
Emergent_autonomy_identity_3c6259,Emergent_connection_dependency_32de27,0.9,90008.18,91449.86,True,False
Emergent_autonomy_identity_3c6259,Emergent_appears_bounded_813df2,0.9,90008.18,91450.2,True,False
Emergent_ethics_identity_d71a63,Emergent_abstraction_analogy_82c26e,0.9591890673394823,90016.79,90027.01,True,False
Emergent_ethics_identity_d71a63,Emergent_anticipation_attention_2ce2b8,0.9665197507031249,90016.79,90041.07,True,False
Emergent_ethics_identity_d71a63,Emergent_asymmetry_concept_5ec561,0.9572977066171913,90016.79,90069.99,True,False
Emergent_ethics_identity_d71a63,Emergent_anticipation_bounded_db424c,0.9596682850841871,90016.79,90080.82,True,False
Emergent_ethics_identity_d71a63,Emergent_anticipation_clarity_3dcb5a,0.9672212690367115,90016.79,90081.16,True,False
Emergent_ethics_identity_d71a63,Emergent_autonomy_carefully_dedeae,0.9584475107158175,90016.79,90094.91,True,False
Emergent_ethics_identity_d71a63,Emergent_appears_asymmetry_9e9e75,0.9559512096808827,90016.79,90110.33,True,False
Emergent_ethics_identity_d71a63,Emergent_clarity_consciousness_aa3c69,0.9672212688381214,90016.79,90121.0,True,False
Emergent_ethics_identity_d71a63,Emergent_bounded_clarity_42b09f,0.9541870111134891,90016.79,90121.34,True,False
Emergent_ethics_identity_d71a63,Emergent_autonomy_coherence_a41799,0.9672212687085779,90016.79,90136.46,True,False
Emergent_ethics_identity_d71a63,Emergent_autonomy_collective_0e3ed5,0.967221268523516,90016.79,90151.48,True,False
Emergent_ethics_identity_d71a63,Emergent_consciousness_coupling_4fd959,0.9592102053740457,90016.79,90167.64,True,False
Emergent_ethics_identity_d71a63,Emergent_identity_memory_6b5c68,0.9603039455556803,90016.79,90167.98,True,False
Emergent_ethics_identity_d71a63,Emergent_autonomy_clarity_dc06c1,0.9595391355255853,90016.79,90182.51,True,False
Emergent_ethics_identity_d71a63,Emergent_bounded_coherence_7ca4d5,0.9603393923950789,90016.79,90198.76,True,False
Emergent_ethics_identity_d71a63,Emergent_bounded_clarity_2405f7,0.9658568531978262,90016.79,90213.48,True,False
Emergent_ethics_identity_d71a63,Emergent_boundary_clarity_6b732b,0.9672212679282721,90016.79,90213.82,True,False
Emergent_ethics_identity_d71a63,Emergent_complexity_contradiction_fdb7db,0.9580245663907192,90016.79,90230.64,True,False
Emergent_ethics_identity_d71a63,Emergent_boundary_complexity_bdb6f0,0.9672212671575013,90016.79,90230.98,True,False
Emergent_ethics_identity_d71a63,Emergent_bounded_contradiction_12fedf,0.9580151924867806,90016.79,90247.99,True,False
Emergent_ethics_identity_d71a63,Emergent_boundary_consciousness_ca5931,0.9650318715063408,90016.79,90248.33,True,False
Emergent_ethics_identity_d71a63,Emergent_asymmetry_boundary_d34760,0.9665676761930742,90016.79,90264.65,True,False
Emergent_ethics_identity_d71a63,Emergent_appears_asymmetry_8ccc17,0.966458242236083,90016.79,90264.99,True,False
Emergent_ethics_identity_d71a63,Emergent_asymmetry_autonomy_546bd1,0.9540391224483686,90016.79,90278.81,True,False
Emergent_ethics_identity_d71a63,Emergent_appears_asymmetry_8dba4c,0.9672212622362539,90016.79,90279.15,True,False
Emergent_ethics_identity_d71a63,Emergent_awareness_cascade_e15a42,0.9603020231768735,90016.79,90294.3,True,False
Emergent_ethics_identity_d71a63,Emergent_awareness_bounded_0321ec,0.9672212369388835,90016.79,90294.64,True,False
Emergent_ethics_identity_d71a63,Emergent_identity_justice_875606,0.9586728475235644,90016.79,90330.08,True,False
Emergent_ethics_identity_d71a63,Emergent_emerges_hypothesis_a8215d,0.9664382984934554,90016.79,90348.17,True,False
Emergent_ethics_identity_d71a63,Emergent_autonomy_awareness_dc684e,0.9608279070889372,90016.79,90381.27,True,False
Emergent_ethics_identity_d71a63,Emergent_autonomy_bounded_72bafc,0.9514468779065408,90016.79,90415.47,True,False
Emergent_ethics_identity_d71a63,Emergent_autonomy_carefully_659b9f,0.9652527373343642,90016.79,90434.01,True,False
Emergent_ethics_identity_d71a63,Emergent_autonomy_clarity_d6bec2,0.9615806896855119,90016.79,90434.35,True,False
Emergent_ethics_identity_d71a63,Emergent_clarity_complexity_e4a503,0.9672210324099111,90016.79,90452.38,True,False
Emergent_ethics_identity_d71a63,Emergent_awareness_carefully_026c23,0.9508564705479674,90016.79,90469.76,True,False
Emergent_ethics_identity_d71a63,Emergent_analogy_attention_140578,0.9615666681623181,90016.79,90486.78,True,False
Emergent_ethics_identity_d71a63,Emergent_bounded_complexity_42f802,0.9547277097981279,90016.79,90504.58,True,False
Emergent_ethics_identity_d71a63,Emergent_complexity_hypothesis_c25cd6,0.9672185329013945,90016.79,90504.92,True,False
Emergent_ethics_identity_d71a63,Emergent_bounded_hypothesis_41336a,0.9605932505623862,90016.79,90521.67,True,False
Emergent_ethics_identity_d71a63,Emergent_consciousness_hypothesis_1993b1,0.9557167185732456,90016.79,90522.01,True,False
Emergent_ethics_identity_d71a63,Emergent_abstraction_ambiguity_a83b10,0.9625449502514756,90016.79,90539.36,True,False
Emergent_ethics_identity_d71a63,Emergent_autonomy_belief_revision_03bb63,0.959646495808439,90016.79,90560.27,True,False
Emergent_ethics_identity_d71a63,Emergent_appears_asymmetry_875f64,0.9550625048590373,90016.79,90582.79,True,False
Emergent_ethics_identity_d71a63,Emergent_asymmetry_awareness_537d9e,0.9604246879541212,90016.79,90583.13,True,False
Emergent_ethics_identity_d71a63,Emergent_awareness_cascade_97bcc8,0.9672212354442267,90016.79,90605.25,True,False
Emergent_ethics_identity_d71a63,Emergent_asymmetry_concept_e7c526,0.9514006280127676,90016.79,90646.68,True,False
Emergent_ethics_identity_d71a63,Emergent_clarity_connection_47e953,0.9607843138898051,90016.79,90667.52,True,False
Emergent_ethics_identity_d71a63,Emergent_coherence_connection_2315cf,0.9619324852181033,90016.79,90704.88,True,False
Emergent_ethics_identity_d71a63,Emergent_cognition_coherence_8ecc1d,0.9672105703982081,90016.79,90746.65,True,False
Emergent_ethics_identity_d71a63,Emergent_awareness_cascade_7e50df,0.963679939356944,90016.79,90763.32,True,False
Emergent_ethics_identity_d71a63,Emergent_awareness_cascade_aee329,0.9599556462272283,90016.79,90763.66,True,False
Emergent_ethics_identity_d71a63,Emergent_boundary_clarity_ba958c,0.9672033176801629,90016.79,90784.27,True,False
Emergent_ethics_identity_d71a63,Emergent_clarity_connection_ad0afc,0.9667009975925627,90016.79,90784.61,True,False
Emergent_ethics_identity_d71a63,Emergent_coherence_connection_7716f2,0.9617584613460151,90016.79,90806.27,True,False
Emergent_ethics_identity_d71a63,Emergent_carefully_coherence_19463a,0.959182684531533,90016.79,90806.61,True,False
Emergent_ethics_identity_d71a63,Emergent_autonomy_boundary_346ebd,0.9669818437534337,90016.79,90828.98,True,False
Emergent_ethics_identity_d71a63,Emergent_bounded_coherence_4beae6,0.9632449169548829,90016.79,90882.49,True,False
Emergent_ethics_identity_d71a63,Emergent_bounded_carefully_f79645,0.966841878402708,90016.79,90882.83,True,False
Emergent_ethics_identity_d71a63,Emergent_awareness_cascade_f662e0,0.955637853510116,90016.79,90920.25,True,False
Emergent_ethics_identity_d71a63,Emergent_awareness_cascade_5e2b72,0.9661477156327625,90016.79,90939.65,True,False
Emergent_ethics_identity_d71a63,Emergent_autonomy_awareness_135ecc,0.9672420757593245,90016.79,91001.02,True,False
Emergent_ethics_identity_d71a63,Emergent_autonomy_collective_6a047d,0.9586525076834869,90016.79,91024.44,True,False
Emergent_ethics_identity_d71a63,Emergent_carefully_clarity_0d7a6f,0.9563233944023202,90016.79,91046.88,True,False
Emergent_ethics_identity_d71a63,Emergent_clarity_coherence_ea0c30,0.9542698425298408,90016.79,91047.22,True,False
Emergent_ethics_identity_d71a63,Emergent_autonomy_boundary_1c8ce0,0.9617781904942893,90016.79,91070.68,True,False
Emergent_ethics_identity_d71a63,Emergent_coherence_connection_ff8bfe,0.9654579393532188,90016.79,91094.72,True,False
Emergent_ethics_identity_d71a63,Emergent_awareness_boundary_884077,0.9570488837359012,90016.79,91115.26,True,False
Emergent_ethics_identity_d71a63,Emergent_boundary_connection_2f9fcd,0.9649186604195894,90016.79,91154.88,True,False
Emergent_ethics_identity_d71a63,Emergent_connection_coupling_1f25cc,0.9330093905204033,90016.79,91178.04,True,False
Emergent_ethics_identity_d71a63,Emergent_connection_contradiction_52dd1b,0.9237496862876486,90016.79,91178.38,True,False
Emergent_ethics_identity_d71a63,Emergent_autonomy_awareness_c0bb96,0.9657740924526206,90016.79,91242.14,True,False
Emergent_ethics_identity_d71a63,Emergent_appears_autonomy_3a9f9f,0.9710016358792788,90016.79,91242.48,True,False
Emergent_ethics_identity_d71a63,Emergent_appears_clarity_60514c,0.9430982848989449,90016.79,91289.65,True,False
Emergent_ethics_identity_d71a63,Emergent_carefully_clarity_42ab71,0.9394245326758763,90016.79,91312.3,True,False
Emergent_ethics_identity_d71a63,Emergent_appears_autonomy_ff3e16,0.9462065916025957,90016.79,91334.61,True,False
Emergent_ethics_identity_d71a63,Emergent_bounded_clarity_ae2623,0.931316535879279,90016.79,91358.2,True,False
Emergent_ethics_identity_d71a63,Emergent_appears_connection_7bf1ab,0.9161151365067448,90016.79,91379.85,True,False
Emergent_ethics_identity_d71a63,Emergent_connection_dependency_32de27,0.9,90016.79,91449.86,True,False
Emergent_ethics_identity_d71a63,Emergent_appears_bounded_813df2,0.9,90016.79,91450.2,True,False
Emergent_abstraction_analogy_82c26e,Emergent_anticipation_attention_2ce2b8,0.9591890672422534,90027.01,90041.07,True,False
Emergent_abstraction_analogy_82c26e,Emergent_asymmetry_concept_5ec561,0.9572977066171913,90027.01,90069.99,True,False
Emergent_abstraction_analogy_82c26e,Emergent_anticipation_bounded_db424c,0.9591890672980625,90027.01,90080.82,True,False
Emergent_abstraction_analogy_82c26e,Emergent_anticipation_clarity_3dcb5a,0.9591890672980625,90027.01,90081.16,True,False
Emergent_abstraction_analogy_82c26e,Emergent_autonomy_carefully_dedeae,0.9584475107158175,90027.01,90094.91,True,False
Emergent_abstraction_analogy_82c26e,Emergent_appears_asymmetry_9e9e75,0.9559512096808827,90027.01,90110.33,True,False
Emergent_abstraction_analogy_82c26e,Emergent_clarity_consciousness_aa3c69,0.9591890670994723,90027.01,90121.0,True,False
Emergent_abstraction_analogy_82c26e,Emergent_bounded_clarity_42b09f,0.9541870111134891,90027.01,90121.34,True,False
Emergent_abstraction_analogy_82c26e,Emergent_autonomy_coherence_a41799,0.9591890669699288,90027.01,90136.46,True,False
Emergent_abstraction_analogy_82c26e,Emergent_autonomy_collective_0e3ed5,0.959189066784867,90027.01,90151.48,True,False
Emergent_abstraction_analogy_82c26e,Emergent_consciousness_coupling_4fd959,0.9592102053740457,90027.01,90167.64,True,False
Emergent_abstraction_analogy_82c26e,Emergent_identity_memory_6b5c68,0.9591890649371939,90027.01,90167.98,True,False
Emergent_abstraction_analogy_82c26e,Emergent_autonomy_clarity_dc06c1,0.9591890668116914,90027.01,90182.51,True,False
Emergent_abstraction_analogy_82c26e,Emergent_bounded_coherence_7ca4d5,0.9591890661822284,90027.01,90198.76,True,False
Emergent_abstraction_analogy_82c26e,Emergent_bounded_clarity_2405f7,0.9591890662721516,90027.01,90213.48,True,False
Emergent_abstraction_analogy_82c26e,Emergent_boundary_clarity_6b732b,0.9591890662721516,90027.01,90213.82,True,False
Emergent_abstraction_analogy_82c26e,Emergent_complexity_contradiction_fdb7db,0.9580245663907192,90027.01,90230.64,True,False
Emergent_abstraction_analogy_82c26e,Emergent_boundary_complexity_bdb6f0,0.9591890655013813,90027.01,90230.98,True,False
Emergent_abstraction_analogy_82c26e,Emergent_bounded_contradiction_12fedf,0.9580151924867806,90027.01,90247.99,True,False
Emergent_abstraction_analogy_82c26e,Emergent_boundary_consciousness_ca5931,0.9591890644002798,90027.01,90248.33,True,False
Emergent_abstraction_analogy_82c26e,Emergent_asymmetry_boundary_d34760,0.9591890628272786,90027.01,90264.65,True,False
Emergent_abstraction_analogy_82c26e,Emergent_appears_asymmetry_8ccc17,0.9591890628272786,90027.01,90264.99,True,False
Emergent_abstraction_analogy_82c26e,Emergent_asymmetry_autonomy_546bd1,0.9540391224483686,90027.01,90278.81,True,False
Emergent_abstraction_analogy_82c26e,Emergent_appears_asymmetry_8dba4c,0.9591890605801334,90027.01,90279.15,True,False
Emergent_abstraction_analogy_82c26e,Emergent_awareness_cascade_e15a42,0.9591890331705302,90027.01,90294.3,True,False
Emergent_abstraction_analogy_82c26e,Emergent_awareness_bounded_0321ec,0.9591890335933158,90027.01,90294.64,True,False
Emergent_abstraction_analogy_82c26e,Emergent_identity_justice_875606,0.9586728475235644,90027.01,90330.08,True,False
Emergent_abstraction_analogy_82c26e,Emergent_emerges_hypothesis_a8215d,0.95918901602726,90027.01,90348.17,True,False
Emergent_abstraction_analogy_82c26e,Emergent_autonomy_awareness_dc684e,0.9591890415466631,90027.01,90381.27,True,False
Emergent_abstraction_analogy_82c26e,Emergent_autonomy_bounded_72bafc,0.9514468779065408,90027.01,90415.47,True,False
Emergent_abstraction_analogy_82c26e,Emergent_autonomy_carefully_659b9f,0.9591889195935615,90027.01,90434.01,True,False
Emergent_abstraction_analogy_82c26e,Emergent_autonomy_clarity_d6bec2,0.9591889195935615,90027.01,90434.35,True,False
Emergent_abstraction_analogy_82c26e,Emergent_clarity_complexity_e4a503,0.959188840041636,90027.01,90452.38,True,False
Emergent_abstraction_analogy_82c26e,Emergent_awareness_carefully_026c23,0.9508564705479674,90027.01,90469.76,True,False
Emergent_abstraction_analogy_82c26e,Emergent_analogy_attention_140578,0.9591862719253057,90027.01,90486.78,True,False
Emergent_abstraction_analogy_82c26e,Emergent_bounded_complexity_42f802,0.9547277097981279,90027.01,90504.58,True,False
Emergent_abstraction_analogy_82c26e,Emergent_complexity_hypothesis_c25cd6,0.9591862936767621,90027.01,90504.92,True,False
Emergent_abstraction_analogy_82c26e,Emergent_bounded_hypothesis_41336a,0.9591863013794866,90027.01,90521.67,True,False
Emergent_abstraction_analogy_82c26e,Emergent_consciousness_hypothesis_1993b1,0.9557167185732456,90027.01,90522.01,True,False
Emergent_abstraction_analogy_82c26e,Emergent_abstraction_ambiguity_a83b10,0.9591863398173186,90027.01,90539.36,True,False
Emergent_abstraction_analogy_82c26e,Emergent_autonomy_belief_revision_03bb63,0.9591902628210116,90027.01,90560.27,True,False
Emergent_abstraction_analogy_82c26e,Emergent_appears_asymmetry_875f64,0.9550625048590373,90027.01,90582.79,True,False
Emergent_abstraction_analogy_82c26e,Emergent_asymmetry_awareness_537d9e,0.9591897894948653,90027.01,90583.13,True,False
Emergent_abstraction_analogy_82c26e,Emergent_awareness_cascade_97bcc8,0.9591891133146566,90027.01,90605.25,True,False
Emergent_abstraction_analogy_82c26e,Emergent_asymmetry_concept_e7c526,0.9514006280127676,90027.01,90646.68,True,False
Emergent_abstraction_analogy_82c26e,Emergent_clarity_connection_47e953,0.9591844288051576,90027.01,90667.52,True,False
Emergent_abstraction_analogy_82c26e,Emergent_coherence_connection_2315cf,0.9591631353483057,90027.01,90704.88,True,False
Emergent_abstraction_analogy_82c26e,Emergent_cognition_coherence_8ecc1d,0.9591792892579376,90027.01,90746.65,True,False
Emergent_abstraction_analogy_82c26e,Emergent_awareness_cascade_7e50df,0.9591802471640944,90027.01,90763.32,True,False
Emergent_abstraction_analogy_82c26e,Emergent_awareness_cascade_aee329,0.9591802471640944,90027.01,90763.66,True,False
Emergent_abstraction_analogy_82c26e,Emergent_boundary_clarity_ba958c,0.9591720365398924,90027.01,90784.27,True,False
Emergent_abstraction_analogy_82c26e,Emergent_clarity_connection_ad0afc,0.9591720365398924,90027.01,90784.61,True,False
Emergent_abstraction_analogy_82c26e,Emergent_coherence_connection_7716f2,0.9591572116295615,90027.01,90806.27,True,False
Emergent_abstraction_analogy_82c26e,Emergent_carefully_coherence_19463a,0.959182684531533,90027.01,90806.61,True,False
Emergent_abstraction_analogy_82c26e,Emergent_autonomy_boundary_346ebd,0.9589448609433984,90027.01,90828.98,True,False
Emergent_abstraction_analogy_82c26e,Emergent_bounded_coherence_4beae6,0.958805116380341,90027.01,90882.49,True,False
Emergent_abstraction_analogy_82c26e,Emergent_bounded_carefully_f79645,0.9588099808337482,90027.01,90882.83,True,False
Emergent_abstraction_analogy_82c26e,Emergent_awareness_cascade_f662e0,0.955637853510116,90027.01,90920.25,True,False
Emergent_abstraction_analogy_82c26e,Emergent_awareness_cascade_5e2b72,0.9594880391558782,90027.01,90939.65,True,False
Emergent_abstraction_analogy_82c26e,Emergent_autonomy_awareness_135ecc,0.9592213348452823,90027.01,91001.02,True,False
Emergent_abstraction_analogy_82c26e,Emergent_autonomy_collective_6a047d,0.9586525076834869,90027.01,91024.44,True,False
Emergent_abstraction_analogy_82c26e,Emergent_carefully_clarity_0d7a6f,0.9563233944023202,90027.01,91046.88,True,False
Emergent_abstraction_analogy_82c26e,Emergent_clarity_coherence_ea0c30,0.9542698425298408,90027.01,91047.22,True,False
Emergent_abstraction_analogy_82c26e,Emergent_autonomy_boundary_1c8ce0,0.9599763320522838,90027.01,91070.68,True,False
Emergent_abstraction_analogy_82c26e,Emergent_coherence_connection_ff8bfe,0.9593831340293839,90027.01,91094.72,True,False
Emergent_abstraction_analogy_82c26e,Emergent_awareness_boundary_884077,0.9570488837359012,90027.01,91115.26,True,False
Emergent_abstraction_analogy_82c26e,Emergent_boundary_connection_2f9fcd,0.9570465048894481,90027.01,91154.88,True,False
Emergent_abstraction_analogy_82c26e,Emergent_connection_coupling_1f25cc,0.92488435496263,90027.01,91178.04,True,False
Emergent_abstraction_analogy_82c26e,Emergent_connection_contradiction_52dd1b,0.9237496862876486,90027.01,91178.38,True,False
Emergent_abstraction_analogy_82c26e,Emergent_autonomy_awareness_c0bb96,0.96326915008605,90027.01,91242.14,True,False
Emergent_abstraction_analogy_82c26e,Emergent_appears_autonomy_3a9f9f,0.96326915008605,90027.01,91242.48,True,False
Emergent_abstraction_analogy_82c26e,Emergent_appears_clarity_60514c,0.9430982848989449,90027.01,91289.65,True,False
Emergent_abstraction_analogy_82c26e,Emergent_carefully_clarity_42ab71,0.93901905008605,90027.01,91312.3,True,False
Emergent_abstraction_analogy_82c26e,Emergent_appears_autonomy_ff3e16,0.9407340500860502,90027.01,91334.61,True,False
Emergent_abstraction_analogy_82c26e,Emergent_bounded_clarity_ae2623,0.9235840500860502,90027.01,91358.2,True,False
Emergent_abstraction_analogy_82c26e,Emergent_appears_connection_7bf1ab,0.9161151365067448,90027.01,91379.85,True,False
Emergent_abstraction_analogy_82c26e,Emergent_connection_dependency_32de27,0.9,90027.01,91449.86,True,False
Emergent_abstraction_analogy_82c26e,Emergent_appears_bounded_813df2,0.9,90027.01,91450.2,True,False
Emergent_anticipation_attention_2ce2b8,Emergent_asymmetry_concept_5ec561,0.9572977066171913,90041.07,90069.99,True,False
Emergent_anticipation_attention_2ce2b8,Emergent_anticipation_bounded_db424c,0.9596682850841871,90041.07,90080.82,True,False
Emergent_anticipation_attention_2ce2b8,Emergent_anticipation_clarity_3dcb5a,0.9665197507497783,90041.07,90081.16,True,False
Emergent_anticipation_attention_2ce2b8,Emergent_autonomy_carefully_dedeae,0.9584475107158175,90041.07,90094.91,True,False
Emergent_anticipation_attention_2ce2b8,Emergent_appears_asymmetry_9e9e75,0.9559512096808827,90041.07,90110.33,True,False
Emergent_anticipation_attention_2ce2b8,Emergent_clarity_consciousness_aa3c69,0.9665197505511882,90041.07,90121.0,True,False
Emergent_anticipation_attention_2ce2b8,Emergent_bounded_clarity_42b09f,0.9541870111134891,90041.07,90121.34,True,False
Emergent_anticipation_attention_2ce2b8,Emergent_autonomy_coherence_a41799,0.9665197504216447,90041.07,90136.46,True,False
Emergent_anticipation_attention_2ce2b8,Emergent_autonomy_collective_0e3ed5,0.9665197502365828,90041.07,90151.48,True,False
Emergent_anticipation_attention_2ce2b8,Emergent_consciousness_coupling_4fd959,0.9592102053740457,90041.07,90167.64,True,False
Emergent_anticipation_attention_2ce2b8,Emergent_identity_memory_6b5c68,0.9603039455556803,90041.07,90167.98,True,False
Emergent_anticipation_attention_2ce2b8,Emergent_autonomy_clarity_dc06c1,0.9595391355255853,90041.07,90182.51,True,False
Emergent_anticipation_attention_2ce2b8,Emergent_bounded_coherence_7ca4d5,0.9603393923950789,90041.07,90198.76,True,False
Emergent_anticipation_attention_2ce2b8,Emergent_bounded_clarity_2405f7,0.9658568531978262,90041.07,90213.48,True,False
Emergent_anticipation_attention_2ce2b8,Emergent_boundary_clarity_6b732b,0.9665197496485467,90041.07,90213.82,True,False
Emergent_anticipation_attention_2ce2b8,Emergent_complexity_contradiction_fdb7db,0.9580245663907192,90041.07,90230.64,True,False
Emergent_anticipation_attention_2ce2b8,Emergent_boundary_complexity_bdb6f0,0.9665197488777761,90041.07,90230.98,True,False
Emergent_anticipation_attention_2ce2b8,Emergent_bounded_contradiction_12fedf,0.9580151924867806,90041.07,90247.99,True,False
Emergent_anticipation_attention_2ce2b8,Emergent_boundary_consciousness_ca5931,0.9650318715063408,90041.07,90248.33,True,False
Emergent_anticipation_attention_2ce2b8,Emergent_asymmetry_boundary_d34760,0.9665197462036736,90041.07,90264.65,True,False
Emergent_anticipation_attention_2ce2b8,Emergent_appears_asymmetry_8ccc17,0.966458242236083,90041.07,90264.99,True,False
Emergent_anticipation_attention_2ce2b8,Emergent_asymmetry_autonomy_546bd1,0.9540391224483686,90041.07,90278.81,True,False
Emergent_anticipation_attention_2ce2b8,Emergent_appears_asymmetry_8dba4c,0.9665197439565285,90041.07,90279.15,True,False
Emergent_anticipation_attention_2ce2b8,Emergent_awareness_cascade_e15a42,0.9603020231768735,90041.07,90294.3,True,False
Emergent_anticipation_attention_2ce2b8,Emergent_awareness_bounded_0321ec,0.966519718511605,90041.07,90294.64,True,False
Emergent_anticipation_attention_2ce2b8,Emergent_identity_justice_875606,0.9586728475235644,90041.07,90330.08,True,False
Emergent_anticipation_attention_2ce2b8,Emergent_emerges_hypothesis_a8215d,0.9664382984934554,90041.07,90348.17,True,False
Emergent_anticipation_attention_2ce2b8,Emergent_autonomy_awareness_dc684e,0.9608279070889372,90041.07,90381.27,True,False
Emergent_anticipation_attention_2ce2b8,Emergent_autonomy_bounded_72bafc,0.9514468779065408,90041.07,90415.47,True,False
Emergent_anticipation_attention_2ce2b8,Emergent_autonomy_carefully_659b9f,0.9652527373343642,90041.07,90434.01,True,False
Emergent_anticipation_attention_2ce2b8,Emergent_autonomy_clarity_d6bec2,0.9615806896855119,90041.07,90434.35,True,False
Emergent_anticipation_attention_2ce2b8,Emergent_clarity_complexity_e4a503,0.9665195149413697,90041.07,90452.38,True,False
Emergent_anticipation_attention_2ce2b8,Emergent_awareness_carefully_026c23,0.9508564705479674,90041.07,90469.76,True,False
Emergent_anticipation_attention_2ce2b8,Emergent_analogy_attention_140578,0.9615666681623181,90041.07,90486.78,True,False
Emergent_anticipation_attention_2ce2b8,Emergent_bounded_complexity_42f802,0.9547277097981279,90041.07,90504.58,True,False
Emergent_anticipation_attention_2ce2b8,Emergent_complexity_hypothesis_c25cd6,0.9665170113405017,90041.07,90504.92,True,False
Emergent_anticipation_attention_2ce2b8,Emergent_bounded_hypothesis_41336a,0.9605932505623862,90041.07,90521.67,True,False
Emergent_anticipation_attention_2ce2b8,Emergent_consciousness_hypothesis_1993b1,0.9557167185732456,90041.07,90522.01,True,False
Emergent_anticipation_attention_2ce2b8,Emergent_abstraction_ambiguity_a83b10,0.9625449502514756,90041.07,90539.36,True,False
Emergent_anticipation_attention_2ce2b8,Emergent_autonomy_belief_revision_03bb63,0.959646495808439,90041.07,90560.27,True,False
Emergent_anticipation_attention_2ce2b8,Emergent_appears_asymmetry_875f64,0.9550625048590373,90041.07,90582.79,True,False
Emergent_anticipation_attention_2ce2b8,Emergent_asymmetry_awareness_537d9e,0.9604246879541212,90041.07,90583.13,True,False
Emergent_anticipation_attention_2ce2b8,Emergent_awareness_cascade_97bcc8,0.9665197241102097,90041.07,90605.25,True,False
Emergent_anticipation_attention_2ce2b8,Emergent_asymmetry_concept_e7c526,0.9514006280127676,90041.07,90646.68,True,False
Emergent_anticipation_attention_2ce2b8,Emergent_clarity_connection_47e953,0.9607843138898051,90041.07,90667.52,True,False
Emergent_anticipation_attention_2ce2b8,Emergent_coherence_connection_2315cf,0.9619324852181033,90041.07,90704.88,True,False
Emergent_anticipation_attention_2ce2b8,Emergent_cognition_coherence_8ecc1d,0.9665091325147084,90041.07,90746.65,True,False
Emergent_anticipation_attention_2ce2b8,Emergent_awareness_cascade_7e50df,0.963679939356944,90041.07,90763.32,True,False
Emergent_anticipation_attention_2ce2b8,Emergent_awareness_cascade_aee329,0.9599556462272283,90041.07,90763.66,True,False
Emergent_anticipation_attention_2ce2b8,Emergent_boundary_clarity_ba958c,0.9665018797966631,90041.07,90784.27,True,False
Emergent_anticipation_attention_2ce2b8,Emergent_clarity_connection_ad0afc,0.9665018797966631,90041.07,90784.61,True,False
Emergent_anticipation_attention_2ce2b8,Emergent_coherence_connection_7716f2,0.9617584613460151,90041.07,90806.27,True,False
Emergent_anticipation_attention_2ce2b8,Emergent_carefully_coherence_19463a,0.959182684531533,90041.07,90806.61,True,False
Emergent_anticipation_attention_2ce2b8,Emergent_autonomy_boundary_346ebd,0.9662799078961855,90041.07,90828.98,True,False
Emergent_anticipation_attention_2ce2b8,Emergent_bounded_coherence_4beae6,0.9632449169548829,90041.07,90882.49,True,False
Emergent_anticipation_attention_2ce2b8,Emergent_bounded_carefully_f79645,0.9661403866814171,90041.07,90882.83,True,False
Emergent_anticipation_attention_2ce2b8,Emergent_awareness_cascade_f662e0,0.955637853510116,90041.07,90920.25,True,False
Emergent_anticipation_attention_2ce2b8,Emergent_awareness_cascade_5e2b72,0.9661477156327625,90041.07,90939.65,True,False
Emergent_anticipation_attention_2ce2b8,Emergent_autonomy_awareness_135ecc,0.9665415584405326,90041.07,91001.02,True,False
Emergent_anticipation_attention_2ce2b8,Emergent_autonomy_collective_6a047d,0.9586525076834869,90041.07,91024.44,True,False
Emergent_anticipation_attention_2ce2b8,Emergent_carefully_clarity_0d7a6f,0.9563233944023202,90041.07,91046.88,True,False
Emergent_anticipation_attention_2ce2b8,Emergent_clarity_coherence_ea0c30,0.9542698425298408,90041.07,91047.22,True,False
Emergent_anticipation_attention_2ce2b8,Emergent_autonomy_boundary_1c8ce0,0.9617781904942893,90041.07,91070.68,True,False
Emergent_anticipation_attention_2ce2b8,Emergent_coherence_connection_ff8bfe,0.9654579393532188,90041.07,91094.72,True,False
Emergent_anticipation_attention_2ce2b8,Emergent_awareness_boundary_884077,0.9570488837359012,90041.07,91115.26,True,False
Emergent_anticipation_attention_2ce2b8,Emergent_boundary_connection_2f9fcd,0.9642311202853069,90041.07,91154.88,True,False
Emergent_anticipation_attention_2ce2b8,Emergent_connection_coupling_1f25cc,0.9322997642919766,90041.07,91178.04,True,False
Emergent_anticipation_attention_2ce2b8,Emergent_connection_contradiction_52dd1b,0.9237496862876486,90041.07,91178.38,True,False
Emergent_anticipation_attention_2ce2b8,Emergent_autonomy_awareness_c0bb96,0.9657740924526206,90041.07,91242.14,True,False
Emergent_anticipation_attention_2ce2b8,Emergent_appears_autonomy_3a9f9f,0.9703262942526736,90041.07,91242.48,True,False
Emergent_anticipation_attention_2ce2b8,Emergent_appears_clarity_60514c,0.9430982848989449,90041.07,91289.65,True,False
Emergent_anticipation_attention_2ce2b8,Emergent_carefully_clarity_42ab71,0.9394245326758763,90041.07,91312.3,True,False
Emergent_anticipation_attention_2ce2b8,Emergent_appears_autonomy_ff3e16,0.9462065916025957,90041.07,91334.61,True,False
Emergent_anticipation_attention_2ce2b8,Emergent_bounded_clarity_ae2623,0.9306411942526736,90041.07,91358.2,True,False
Emergent_anticipation_attention_2ce2b8,Emergent_appears_connection_7bf1ab,0.9161151365067448,90041.07,91379.85,True,False
Emergent_anticipation_attention_2ce2b8,Emergent_connection_dependency_32de27,0.9,90041.07,91449.86,True,False
Emergent_anticipation_attention_2ce2b8,Emergent_appears_bounded_813df2,0.9,90041.07,91450.2,True,False
Emergent_asymmetry_concept_5ec561,Emergent_anticipation_bounded_db424c,0.9572977065860877,90069.99,90080.82,True,False
Emergent_asymmetry_concept_5ec561,Emergent_anticipation_clarity_3dcb5a,0.9572977065860877,90069.99,90081.16,True,False
Emergent_asymmetry_concept_5ec561,Emergent_autonomy_carefully_dedeae,0.9584475107158175,90069.99,90094.91,True,False
Emergent_asymmetry_concept_5ec561,Emergent_appears_asymmetry_9e9e75,0.9559512096808827,90069.99,90110.33,True,False
Emergent_asymmetry_concept_5ec561,Emergent_clarity_consciousness_aa3c69,0.9572977063874977,90069.99,90121.0,True,False
Emergent_asymmetry_concept_5ec561,Emergent_bounded_clarity_42b09f,0.9541870111134891,90069.99,90121.34,True,False
Emergent_asymmetry_concept_5ec561,Emergent_autonomy_coherence_a41799,0.9572977062579544,90069.99,90136.46,True,False
Emergent_asymmetry_concept_5ec561,Emergent_autonomy_collective_0e3ed5,0.9572977060728922,90069.99,90151.48,True,False
Emergent_asymmetry_concept_5ec561,Emergent_consciousness_coupling_4fd959,0.9592102053740457,90069.99,90167.64,True,False
Emergent_asymmetry_concept_5ec561,Emergent_identity_memory_6b5c68,0.9572977041887689,90069.99,90167.98,True,False
Emergent_asymmetry_concept_5ec561,Emergent_autonomy_clarity_dc06c1,0.9572977061191499,90069.99,90182.51,True,False
Emergent_asymmetry_concept_5ec561,Emergent_bounded_coherence_7ca4d5,0.9572977054896872,90069.99,90198.76,True,False
Emergent_asymmetry_concept_5ec561,Emergent_bounded_clarity_2405f7,0.9572977055796106,90069.99,90213.48,True,False
Emergent_asymmetry_concept_5ec561,Emergent_boundary_clarity_6b732b,0.9572977055796106,90069.99,90213.82,True,False
Emergent_asymmetry_concept_5ec561,Emergent_complexity_contradiction_fdb7db,0.9580245663907192,90069.99,90230.64,True,False
Emergent_asymmetry_concept_5ec561,Emergent_boundary_complexity_bdb6f0,0.9572977048088398,90069.99,90230.98,True,False
Emergent_asymmetry_concept_5ec561,Emergent_bounded_contradiction_12fedf,0.9572977037077388,90069.99,90247.99,True,False
Emergent_asymmetry_concept_5ec561,Emergent_boundary_consciousness_ca5931,0.9572977037077388,90069.99,90248.33,True,False
Emergent_asymmetry_concept_5ec561,Emergent_asymmetry_boundary_d34760,0.9572977021347371,90069.99,90264.65,True,False
Emergent_asymmetry_concept_5ec561,Emergent_appears_asymmetry_8ccc17,0.9572977021347371,90069.99,90264.99,True,False
Emergent_asymmetry_concept_5ec561,Emergent_asymmetry_autonomy_546bd1,0.9540391224483686,90069.99,90278.81,True,False
Emergent_asymmetry_concept_5ec561,Emergent_appears_asymmetry_8dba4c,0.9572976998875922,90069.99,90279.15,True,False
Emergent_asymmetry_concept_5ec561,Emergent_awareness_cascade_e15a42,0.9572976720831607,90069.99,90294.3,True,False
Emergent_asymmetry_concept_5ec561,Emergent_awareness_bounded_0321ec,0.9572976725029565,90069.99,90294.64,True,False
Emergent_asymmetry_concept_5ec561,Emergent_identity_justice_875606,0.9572976960661397,90069.99,90330.08,True,False
Emergent_asymmetry_concept_5ec561,Emergent_emerges_hypothesis_a8215d,0.9572976540137994,90069.99,90348.17,True,False
Emergent_asymmetry_concept_5ec561,Emergent_autonomy_awareness_dc684e,0.9572976830411517,90069.99,90381.27,True,False
Emergent_asymmetry_concept_5ec561,Emergent_autonomy_bounded_72bafc,0.9514468779065408,90069.99,90415.47,True,False
Emergent_asymmetry_concept_5ec561,Emergent_autonomy_carefully_659b9f,0.9572975610880501,90069.99,90434.01,True,False
Emergent_asymmetry_concept_5ec561,Emergent_autonomy_clarity_d6bec2,0.9572975610880501,90069.99,90434.35,True,False
Emergent_asymmetry_concept_5ec561,Emergent_clarity_complexity_e4a503,0.9572974815361248,90069.99,90452.38,True,False
Emergent_asymmetry_concept_5ec561,Emergent_awareness_carefully_026c23,0.9508564705479674,90069.99,90469.76,True,False
Emergent_asymmetry_concept_5ec561,Emergent_analogy_attention_140578,0.9572949040233403,90069.99,90486.78,True,False
Emergent_asymmetry_concept_5ec561,Emergent_bounded_complexity_42f802,0.9547277097981279,90069.99,90504.58,True,False
Emergent_asymmetry_concept_5ec561,Emergent_complexity_hypothesis_c25cd6,0.9572949241378785,90069.99,90504.92,True,False
Emergent_asymmetry_concept_5ec561,Emergent_bounded_hypothesis_41336a,0.957294931801919,90069.99,90521.67,True,False
Emergent_asymmetry_concept_5ec561,Emergent_consciousness_hypothesis_1993b1,0.9557167185732456,90069.99,90522.01,True,False
Emergent_asymmetry_concept_5ec561,Emergent_abstraction_ambiguity_a83b10,0.957294970046713,90069.99,90539.36,True,False
Emergent_asymmetry_concept_5ec561,Emergent_autonomy_belief_revision_03bb63,0.9572989208547669,90069.99,90560.27,True,False
Emergent_asymmetry_concept_5ec561,Emergent_appears_asymmetry_875f64,0.9550625048590373,90069.99,90582.79,True,False
Emergent_asymmetry_concept_5ec561,Emergent_asymmetry_awareness_537d9e,0.9572984475286208,90069.99,90583.13,True,False
Emergent_asymmetry_concept_5ec561,Emergent_awareness_cascade_97bcc8,0.9572977713484121,90069.99,90605.25,True,False
Emergent_asymmetry_concept_5ec561,Emergent_asymmetry_concept_e7c526,0.9514006280127676,90069.99,90646.68,True,False
Emergent_asymmetry_concept_5ec561,Emergent_clarity_connection_47e953,0.9572930872191951,90069.99,90667.52,True,False
Emergent_asymmetry_concept_5ec561,Emergent_coherence_connection_2315cf,0.9572714245640113,90069.99,90704.88,True,False
Emergent_asymmetry_concept_5ec561,Emergent_cognition_coherence_8ecc1d,0.9572881453213455,90069.99,90746.65,True,False
Emergent_asymmetry_concept_5ec561,Emergent_awareness_cascade_7e50df,0.9572891032275024,90069.99,90763.32,True,False
Emergent_asymmetry_concept_5ec561,Emergent_awareness_cascade_aee329,0.9572891032275024,90069.99,90763.66,True,False
Emergent_asymmetry_concept_5ec561,Emergent_boundary_clarity_ba958c,0.9572808926033005,90069.99,90784.27,True,False
Emergent_asymmetry_concept_5ec561,Emergent_clarity_connection_ad0afc,0.9572808926033005,90069.99,90784.61,True,False
Emergent_asymmetry_concept_5ec561,Emergent_coherence_connection_7716f2,0.9572660981530208,90069.99,90806.27,True,False
Emergent_asymmetry_concept_5ec561,Emergent_carefully_coherence_19463a,0.959182684531533,90069.99,90806.61,True,False
Emergent_asymmetry_concept_5ec561,Emergent_autonomy_boundary_346ebd,0.9570523744217301,90069.99,90828.98,True,False
Emergent_asymmetry_concept_5ec561,Emergent_bounded_coherence_4beae6,0.9569138414392835,90069.99,90882.49,True,False
Emergent_asymmetry_concept_5ec561,Emergent_bounded_carefully_f79645,0.9569186917452985,90069.99,90882.83,True,False
Emergent_asymmetry_concept_5ec561,Emergent_awareness_cascade_f662e0,0.955637853510116,90069.99,90920.25,True,False
Emergent_asymmetry_concept_5ec561,Emergent_awareness_cascade_5e2b72,0.957599135289293,90069.99,90939.65,True,False
Emergent_asymmetry_concept_5ec561,Emergent_autonomy_awareness_135ecc,0.9573326728396017,90069.99,91001.02,True,False
Emergent_asymmetry_concept_5ec561,Emergent_autonomy_collective_6a047d,0.9586525076834869,90069.99,91024.44,True,False
Emergent_asymmetry_concept_5ec561,Emergent_carefully_clarity_0d7a6f,0.9563214817848911,90069.99,91046.88,True,False
Emergent_asymmetry_concept_5ec561,Emergent_clarity_coherence_ea0c30,0.9542698425298408,90069.99,91047.22,True,False
Emergent_asymmetry_concept_5ec561,Emergent_autonomy_boundary_1c8ce0,0.9581199163298575,90069.99,91070.68,True,False
Emergent_asymmetry_concept_5ec561,Emergent_coherence_connection_ff8bfe,0.9575267183069573,90069.99,91094.72,True,False
Emergent_asymmetry_concept_5ec561,Emergent_awareness_boundary_884077,0.9566792925599574,90069.99,91115.26,True,False
Emergent_asymmetry_concept_5ec561,Emergent_boundary_connection_2f9fcd,0.95519283062021,90069.99,91154.88,True,False
Emergent_asymmetry_concept_5ec561,Emergent_connection_coupling_1f25cc,0.9229711344612794,90069.99,91178.04,True,False
Emergent_asymmetry_concept_5ec561,Emergent_connection_contradiction_52dd1b,0.9228956896221943,90069.99,91178.38,True,False
Emergent_asymmetry_concept_5ec561,Emergent_autonomy_awareness_c0bb96,0.9614483641656912,90069.99,91242.14,True,False
Emergent_asymmetry_concept_5ec561,Emergent_appears_autonomy_3a9f9f,0.9614483641656912,90069.99,91242.48,True,False
Emergent_asymmetry_concept_5ec561,Emergent_appears_clarity_60514c,0.9430982848989449,90069.99,91289.65,True,False
Emergent_asymmetry_concept_5ec561,Emergent_carefully_clarity_42ab71,0.9371982641656913,90069.99,91312.3,True,False
Emergent_asymmetry_concept_5ec561,Emergent_appears_autonomy_ff3e16,0.9389132641656912,90069.99,91334.61,True,False
Emergent_asymmetry_concept_5ec561,Emergent_bounded_clarity_ae2623,0.9217632641656912,90069.99,91358.2,True,False
Emergent_asymmetry_concept_5ec561,Emergent_appears_connection_7bf1ab,0.9161151365067448,90069.99,91379.85,True,False
Emergent_asymmetry_concept_5ec561,Emergent_connection_dependency_32de27,0.9,90069.99,91449.86,True,False
Emergent_asymmetry_concept_5ec561,Emergent_appears_bounded_813df2,0.9,90069.99,91450.2,True,False
Emergent_anticipation_bounded_db424c,Emergent_anticipation_clarity_3dcb5a,0.9596682849805092,90080.82,90081.16,True,False
Emergent_anticipation_bounded_db424c,Emergent_autonomy_carefully_dedeae,0.9584475107158175,90080.82,90094.91,True,False
Emergent_anticipation_bounded_db424c,Emergent_appears_asymmetry_9e9e75,0.9559512096808827,90080.82,90110.33,True,False
Emergent_anticipation_bounded_db424c,Emergent_clarity_consciousness_aa3c69,0.9596682848855971,90080.82,90121.0,True,False
Emergent_anticipation_bounded_db424c,Emergent_bounded_clarity_42b09f,0.9541870111134891,90080.82,90121.34,True,False
Emergent_anticipation_bounded_db424c,Emergent_autonomy_coherence_a41799,0.9596682847560536,90080.82,90136.46,True,False
Emergent_anticipation_bounded_db424c,Emergent_autonomy_collective_0e3ed5,0.9596682845709916,90080.82,90151.48,True,False
Emergent_anticipation_bounded_db424c,Emergent_consciousness_coupling_4fd959,0.9592102053740457,90080.82,90167.64,True,False
Emergent_anticipation_bounded_db424c,Emergent_identity_memory_6b5c68,0.959668282732554,90080.82,90167.98,True,False
Emergent_anticipation_bounded_db424c,Emergent_autonomy_clarity_dc06c1,0.9595391355255853,90080.82,90182.51,True,False
Emergent_anticipation_bounded_db424c,Emergent_bounded_coherence_7ca4d5,0.9596682839634294,90080.82,90198.76,True,False
Emergent_anticipation_bounded_db424c,Emergent_bounded_clarity_2405f7,0.9596682840533526,90080.82,90213.48,True,False
Emergent_anticipation_bounded_db424c,Emergent_boundary_clarity_6b732b,0.9596682840533526,90080.82,90213.82,True,False
Emergent_anticipation_bounded_db424c,Emergent_complexity_contradiction_fdb7db,0.9580245663907192,90080.82,90230.64,True,False
Emergent_anticipation_bounded_db424c,Emergent_boundary_complexity_bdb6f0,0.959668283282582,90080.82,90230.98,True,False
Emergent_anticipation_bounded_db424c,Emergent_bounded_contradiction_12fedf,0.9580151924867806,90080.82,90247.99,True,False
Emergent_anticipation_bounded_db424c,Emergent_boundary_consciousness_ca5931,0.959668282181481,90080.82,90248.33,True,False
Emergent_anticipation_bounded_db424c,Emergent_asymmetry_boundary_d34760,0.9596682806084795,90080.82,90264.65,True,False
Emergent_anticipation_bounded_db424c,Emergent_appears_asymmetry_8ccc17,0.9596682806084795,90080.82,90264.99,True,False
Emergent_anticipation_bounded_db424c,Emergent_asymmetry_autonomy_546bd1,0.9540391224483686,90080.82,90278.81,True,False
Emergent_anticipation_bounded_db424c,Emergent_appears_asymmetry_8dba4c,0.9596682783613346,90080.82,90279.15,True,False
Emergent_anticipation_bounded_db424c,Emergent_awareness_cascade_e15a42,0.9596682510517693,90080.82,90294.3,True,False
Emergent_anticipation_bounded_db424c,Emergent_awareness_bounded_0321ec,0.9596682514753128,90080.82,90294.64,True,False
Emergent_anticipation_bounded_db424c,Emergent_identity_justice_875606,0.9586728475235644,90080.82,90330.08,True,False
Emergent_anticipation_bounded_db424c,Emergent_emerges_hypothesis_a8215d,0.9596682341431448,90080.82,90348.17,True,False
Emergent_anticipation_bounded_db424c,Emergent_autonomy_awareness_dc684e,0.959668258773732,90080.82,90381.27,True,False
Emergent_anticipation_bounded_db424c,Emergent_autonomy_bounded_72bafc,0.9514468779065408,90080.82,90415.47,True,False
Emergent_anticipation_bounded_db424c,Emergent_autonomy_carefully_659b9f,0.9596681368206303,90080.82,90434.01,True,False
Emergent_anticipation_bounded_db424c,Emergent_autonomy_clarity_d6bec2,0.9596681368206303,90080.82,90434.35,True,False
Emergent_anticipation_bounded_db424c,Emergent_clarity_complexity_e4a503,0.9596680572687051,90080.82,90452.38,True,False
Emergent_anticipation_bounded_db424c,Emergent_awareness_carefully_026c23,0.9508564705479674,90080.82,90469.76,True,False
Emergent_anticipation_bounded_db424c,Emergent_analogy_attention_140578,0.9596654915331726,90080.82,90486.78,True,False
Emergent_anticipation_bounded_db424c,Emergent_bounded_complexity_42f802,0.9547277097981279,90080.82,90504.58,True,False
Emergent_anticipation_bounded_db424c,Emergent_complexity_hypothesis_c25cd6,0.9596655136993784,90080.82,90504.92,True,False
Emergent_anticipation_bounded_db424c,Emergent_bounded_hypothesis_41336a,0.9596655214119041,90080.82,90521.67,True,False
Emergent_anticipation_bounded_db424c,Emergent_consciousness_hypothesis_1993b1,0.9557167185732456,90080.82,90522.01,True,False
Emergent_anticipation_bounded_db424c,Emergent_abstraction_ambiguity_a83b10,0.9596655598986463,90080.82,90539.36,True,False
Emergent_anticipation_bounded_db424c,Emergent_autonomy_belief_revision_03bb63,0.959646495808439,90080.82,90560.27,True,False
Emergent_anticipation_bounded_db424c,Emergent_appears_asymmetry_875f64,0.9550625048590373,90080.82,90582.79,True,False
Emergent_anticipation_bounded_db424c,Emergent_asymmetry_awareness_537d9e,0.9596690025313479,90080.82,90583.13,True,False
Emergent_anticipation_bounded_db424c,Emergent_awareness_cascade_97bcc8,0.959668326351139,90080.82,90605.25,True,False
Emergent_anticipation_bounded_db424c,Emergent_asymmetry_concept_e7c526,0.9514006280127676,90080.82,90646.68,True,False
Emergent_anticipation_bounded_db424c,Emergent_clarity_connection_47e953,0.9596636417452873,90080.82,90667.52,True,False
Emergent_anticipation_bounded_db424c,Emergent_coherence_connection_2315cf,0.9596424418329432,90080.82,90704.88,True,False
Emergent_anticipation_bounded_db424c,Emergent_cognition_coherence_8ecc1d,0.959658452119257,90080.82,90746.65,True,False
Emergent_anticipation_bounded_db424c,Emergent_awareness_cascade_7e50df,0.9596594100254139,90080.82,90763.32,True,False
Emergent_anticipation_bounded_db424c,Emergent_awareness_cascade_aee329,0.9596594100254139,90080.82,90763.66,True,False
Emergent_anticipation_bounded_db424c,Emergent_boundary_clarity_ba958c,0.9596511994012118,90080.82,90784.27,True,False
Emergent_anticipation_bounded_db424c,Emergent_clarity_connection_ad0afc,0.9596511994012118,90080.82,90784.61,True,False
Emergent_anticipation_bounded_db424c,Emergent_coherence_connection_7716f2,0.9596363667731578,90080.82,90806.27,True,False
Emergent_anticipation_bounded_db424c,Emergent_carefully_coherence_19463a,0.959182684531533,90080.82,90806.61,True,False
Emergent_anticipation_bounded_db424c,Emergent_autonomy_boundary_346ebd,0.9594243639781412,90080.82,90828.98,True,False
Emergent_anticipation_bounded_db424c,Emergent_bounded_coherence_4beae6,0.9592843124345201,90080.82,90882.49,True,False
Emergent_anticipation_bounded_db424c,Emergent_bounded_carefully_f79645,0.9592891804724795,90080.82,90882.83,True,False
Emergent_anticipation_bounded_db424c,Emergent_awareness_cascade_f662e0,0.955637853510116,90080.82,90920.25,True,False
Emergent_anticipation_bounded_db424c,Emergent_awareness_cascade_5e2b72,0.9599666344462514,90080.82,90939.65,True,False
Emergent_anticipation_bounded_db424c,Emergent_autonomy_awareness_135ecc,0.9596998688548819,90080.82,91001.02,True,False
Emergent_anticipation_bounded_db424c,Emergent_autonomy_collective_6a047d,0.9586525076834869,90080.82,91024.44,True,False
Emergent_anticipation_bounded_db424c,Emergent_carefully_clarity_0d7a6f,0.9563233944023202,90080.82,91046.88,True,False
Emergent_anticipation_bounded_db424c,Emergent_clarity_coherence_ea0c30,0.9542698425298408,90080.82,91047.22,True,False
Emergent_anticipation_bounded_db424c,Emergent_autonomy_boundary_1c8ce0,0.960446695757629,90080.82,91070.68,True,False
Emergent_anticipation_bounded_db424c,Emergent_coherence_connection_ff8bfe,0.959853497734729,90080.82,91094.72,True,False
Emergent_anticipation_bounded_db424c,Emergent_awareness_boundary_884077,0.9570488837359012,90080.82,91115.26,True,False
Emergent_anticipation_bounded_db424c,Emergent_boundary_connection_2f9fcd,0.9575161739874032,90080.82,91154.88,True,False
Emergent_anticipation_bounded_db424c,Emergent_connection_coupling_1f25cc,0.9253691114066132,90080.82,91178.04,True,False
Emergent_anticipation_bounded_db424c,Emergent_connection_contradiction_52dd1b,0.9237496862876486,90080.82,91178.38,True,False
Emergent_anticipation_bounded_db424c,Emergent_autonomy_awareness_c0bb96,0.9637304861983196,90080.82,91242.14,True,False
Emergent_anticipation_bounded_db424c,Emergent_appears_autonomy_3a9f9f,0.9637304861983196,90080.82,91242.48,True,False
Emergent_anticipation_bounded_db424c,Emergent_appears_clarity_60514c,0.9430982848989449,90080.82,91289.65,True,False
Emergent_anticipation_bounded_db424c,Emergent_carefully_clarity_42ab71,0.9394245326758763,90080.82,91312.3,True,False
Emergent_anticipation_bounded_db424c,Emergent_appears_autonomy_ff3e16,0.9411953861983196,90080.82,91334.61,True,False
Emergent_anticipation_bounded_db424c,Emergent_bounded_clarity_ae2623,0.9240453861983196,90080.82,91358.2,True,False
Emergent_anticipation_bounded_db424c,Emergent_appears_connection_7bf1ab,0.9161151365067448,90080.82,91379.85,True,False
Emergent_anticipation_bounded_db424c,Emergent_connection_dependency_32de27,0.9,90080.82,91449.86,True,False
Emergent_anticipation_bounded_db424c,Emergent_appears_bounded_813df2,0.9,90080.82,91450.2,True,False
Emergent_anticipation_clarity_3dcb5a,Emergent_autonomy_carefully_dedeae,0.9584475107158175,90081.16,90094.91,True,False
Emergent_anticipation_clarity_3dcb5a,Emergent_appears_asymmetry_9e9e75,0.9559512096808827,90081.16,90110.33,True,False
Emergent_anticipation_clarity_3dcb5a,Emergent_clarity_consciousness_aa3c69,0.9674798236077091,90081.16,90121.0,True,False
Emergent_anticipation_clarity_3dcb5a,Emergent_bounded_clarity_42b09f,0.9541870111134891,90081.16,90121.34,True,False
Emergent_anticipation_clarity_3dcb5a,Emergent_autonomy_coherence_a41799,0.970485938277895,90081.16,90136.46,True,False
Emergent_anticipation_clarity_3dcb5a,Emergent_autonomy_collective_0e3ed5,0.9211756007060792,90081.16,90151.48,True,False
Emergent_anticipation_clarity_3dcb5a,Emergent_consciousness_coupling_4fd959,0.9592102053740457,90081.16,90167.64,True,False
Emergent_anticipation_clarity_3dcb5a,Emergent_identity_memory_6b5c68,0.9603039455556803,90081.16,90167.98,True,False
Emergent_anticipation_clarity_3dcb5a,Emergent_autonomy_clarity_dc06c1,0.9595391355255853,90081.16,90182.51,True,False
Emergent_anticipation_clarity_3dcb5a,Emergent_bounded_coherence_7ca4d5,0.9603393923950789,90081.16,90198.76,True,False
Emergent_anticipation_clarity_3dcb5a,Emergent_bounded_clarity_2405f7,0.9658568531978262,90081.16,90213.48,True,False
Emergent_anticipation_clarity_3dcb5a,Emergent_boundary_clarity_6b732b,0.9211756002392244,90081.16,90213.82,True,False
Emergent_anticipation_clarity_3dcb5a,Emergent_complexity_contradiction_fdb7db,0.9580245663907192,90081.16,90230.64,True,False
Emergent_anticipation_clarity_3dcb5a,Emergent_boundary_complexity_bdb6f0,0.9709256139704521,90081.16,90230.98,True,False
Emergent_anticipation_clarity_3dcb5a,Emergent_bounded_contradiction_12fedf,0.9580151924867806,90081.16,90247.99,True,False
Emergent_anticipation_clarity_3dcb5a,Emergent_boundary_consciousness_ca5931,0.9650318715063408,90081.16,90248.33,True,False
Emergent_anticipation_clarity_3dcb5a,Emergent_asymmetry_boundary_d34760,0.9665676761930742,90081.16,90264.65,True,False
Emergent_anticipation_clarity_3dcb5a,Emergent_appears_asymmetry_8ccc17,0.966458242236083,90081.16,90264.99,True,False
Emergent_anticipation_clarity_3dcb5a,Emergent_asymmetry_autonomy_546bd1,0.9540391224483686,90081.16,90278.81,True,False
Emergent_anticipation_clarity_3dcb5a,Emergent_appears_asymmetry_8dba4c,0.9687468932078074,90081.16,90279.15,True,False
Emergent_anticipation_clarity_3dcb5a,Emergent_awareness_cascade_e15a42,0.9603020231768735,90081.16,90294.3,True,False
Emergent_anticipation_clarity_3dcb5a,Emergent_awareness_bounded_0321ec,0.9681993194491585,90081.16,90294.64,True,False
Emergent_anticipation_clarity_3dcb5a,Emergent_identity_justice_875606,0.9586728475235644,90081.16,90330.08,True,False
Emergent_anticipation_clarity_3dcb5a,Emergent_emerges_hypothesis_a8215d,0.9664382984934554,90081.16,90348.17,True,False
Emergent_anticipation_clarity_3dcb5a,Emergent_autonomy_awareness_dc684e,0.9608279070889372,90081.16,90381.27,True,False
Emergent_anticipation_clarity_3dcb5a,Emergent_autonomy_bounded_72bafc,0.9514468779065408,90081.16,90415.47,True,False
Emergent_anticipation_clarity_3dcb5a,Emergent_autonomy_carefully_659b9f,0.9652527373343642,90081.16,90434.01,True,False
Emergent_anticipation_clarity_3dcb5a,Emergent_autonomy_clarity_d6bec2,0.9615806896855119,90081.16,90434.35,True,False
Emergent_anticipation_clarity_3dcb5a,Emergent_clarity_complexity_e4a503,0.9733522839881315,90081.16,90452.38,True,False
Emergent_anticipation_clarity_3dcb5a,Emergent_awareness_carefully_026c23,0.9508564705479674,90081.16,90469.76,True,False
Emergent_anticipation_clarity_3dcb5a,Emergent_analogy_attention_140578,0.9615666681623181,90081.16,90486.78,True,False
Emergent_anticipation_clarity_3dcb5a,Emergent_bounded_complexity_42f802,0.9547277097981279,90081.16,90504.58,True,False
Emergent_anticipation_clarity_3dcb5a,Emergent_complexity_hypothesis_c25cd6,0.9716704831629248,90081.16,90504.92,True,False
Emergent_anticipation_clarity_3dcb5a,Emergent_bounded_hypothesis_41336a,0.9605932505623862,90081.16,90521.67,True,False
Emergent_anticipation_clarity_3dcb5a,Emergent_consciousness_hypothesis_1993b1,0.9557167185732456,90081.16,90522.01,True,False
Emergent_anticipation_clarity_3dcb5a,Emergent_abstraction_ambiguity_a83b10,0.9625449502514756,90081.16,90539.36,True,False
Emergent_anticipation_clarity_3dcb5a,Emergent_autonomy_belief_revision_03bb63,0.959646495808439,90081.16,90560.27,True,False
Emergent_anticipation_clarity_3dcb5a,Emergent_appears_asymmetry_875f64,0.9550625048590373,90081.16,90582.79,True,False
Emergent_anticipation_clarity_3dcb5a,Emergent_asymmetry_awareness_537d9e,0.9604246879541212,90081.16,90583.13,True,False
Emergent_anticipation_clarity_3dcb5a,Emergent_awareness_cascade_97bcc8,0.9211755291419461,90081.16,90605.25,True,False
Emergent_anticipation_clarity_3dcb5a,Emergent_asymmetry_concept_e7c526,0.9514006280127676,90081.16,90646.68,True,False
Emergent_anticipation_clarity_3dcb5a,Emergent_clarity_connection_47e953,0.9607843138898051,90081.16,90667.52,True,False
Emergent_anticipation_clarity_3dcb5a,Emergent_coherence_connection_2315cf,0.9619324852181033,90081.16,90704.88,True,False
Emergent_anticipation_clarity_3dcb5a,Emergent_cognition_coherence_8ecc1d,0.9211675522215739,90081.16,90746.65,True,False
Emergent_anticipation_clarity_3dcb5a,Emergent_awareness_cascade_7e50df,0.963679939356944,90081.16,90763.32,True,False
Emergent_anticipation_clarity_3dcb5a,Emergent_awareness_cascade_aee329,0.9599556462272283,90081.16,90763.66,True,False
Emergent_anticipation_clarity_3dcb5a,Emergent_boundary_clarity_ba958c,0.9209964450916277,90081.16,90784.27,True,False
Emergent_anticipation_clarity_3dcb5a,Emergent_clarity_connection_ad0afc,0.9667009975925627,90081.16,90784.61,True,False
Emergent_anticipation_clarity_3dcb5a,Emergent_coherence_connection_7716f2,0.9617584613460151,90081.16,90806.27,True,False
Emergent_anticipation_clarity_3dcb5a,Emergent_carefully_coherence_19463a,0.959182684531533,90081.16,90806.61,True,False
Emergent_anticipation_clarity_3dcb5a,Emergent_autonomy_boundary_346ebd,0.9701601413105612,90081.16,90828.98,True,False
Emergent_anticipation_clarity_3dcb5a,Emergent_bounded_coherence_4beae6,0.9632449169548829,90081.16,90882.49,True,False
Emergent_anticipation_clarity_3dcb5a,Emergent_bounded_carefully_f79645,0.9209098426622311,90081.16,90882.83,True,False
Emergent_anticipation_clarity_3dcb5a,Emergent_awareness_cascade_f662e0,0.955637853510116,90081.16,90920.25,True,False
Emergent_anticipation_clarity_3dcb5a,Emergent_awareness_cascade_5e2b72,0.9661477156327625,90081.16,90939.65,True,False
Emergent_anticipation_clarity_3dcb5a,Emergent_autonomy_awareness_135ecc,0.9729438694122055,90081.16,91001.02,True,False
Emergent_anticipation_clarity_3dcb5a,Emergent_autonomy_collective_6a047d,0.9586525076834869,90081.16,91024.44,True,False
Emergent_anticipation_clarity_3dcb5a,Emergent_carefully_clarity_0d7a6f,0.9563233944023202,90081.16,91046.88,True,False
Emergent_anticipation_clarity_3dcb5a,Emergent_clarity_coherence_ea0c30,0.9542698425298408,90081.16,91047.22,True,False
Emergent_anticipation_clarity_3dcb5a,Emergent_autonomy_boundary_1c8ce0,0.9617781904942893,90081.16,91070.68,True,False
Emergent_anticipation_clarity_3dcb5a,Emergent_coherence_connection_ff8bfe,0.9654579393532188,90081.16,91094.72,True,False
Emergent_anticipation_clarity_3dcb5a,Emergent_awareness_boundary_884077,0.9570488837359012,90081.16,91115.26,True,False
Emergent_anticipation_clarity_3dcb5a,Emergent_boundary_connection_2f9fcd,0.9669606416047309,90081.16,91154.88,True,False
Emergent_anticipation_clarity_3dcb5a,Emergent_connection_coupling_1f25cc,0.9365673018072247,90081.16,91178.04,True,False
Emergent_anticipation_clarity_3dcb5a,Emergent_connection_contradiction_52dd1b,0.9237496862876486,90081.16,91178.38,True,False
Emergent_anticipation_clarity_3dcb5a,Emergent_autonomy_awareness_c0bb96,0.9657740924526206,90081.16,91242.14,True,False
Emergent_anticipation_clarity_3dcb5a,Emergent_appears_autonomy_3a9f9f,0.9740021414381239,90081.16,91242.48,True,False
Emergent_anticipation_clarity_3dcb5a,Emergent_appears_clarity_60514c,0.9430982848989449,90081.16,91289.65,True,False
Emergent_anticipation_clarity_3dcb5a,Emergent_carefully_clarity_42ab71,0.9394245326758763,90081.16,91312.3,True,False
Emergent_anticipation_clarity_3dcb5a,Emergent_appears_autonomy_ff3e16,0.9462065916025957,90081.16,91334.61,True,False
Emergent_anticipation_clarity_3dcb5a,Emergent_bounded_clarity_ae2623,0.9380336277593169,90081.16,91358.2,True,False
Emergent_anticipation_clarity_3dcb5a,Emergent_appears_connection_7bf1ab,0.9161151365067448,90081.16,91379.85,True,False
Emergent_anticipation_clarity_3dcb5a,Emergent_connection_dependency_32de27,0.9,90081.16,91449.86,True,False
Emergent_anticipation_clarity_3dcb5a,Emergent_appears_bounded_813df2,0.9,90081.16,91450.2,True,False
Emergent_autonomy_carefully_dedeae,Emergent_appears_asymmetry_9e9e75,0.9584475105862742,90094.91,90110.33,True,False
Emergent_autonomy_carefully_dedeae,Emergent_clarity_consciousness_aa3c69,0.958447510401212,90094.91,90121.0,True,False
Emergent_autonomy_carefully_dedeae,Emergent_bounded_clarity_42b09f,0.958447510401212,90094.91,90121.34,True,False
Emergent_autonomy_carefully_dedeae,Emergent_autonomy_coherence_a41799,0.9584475101368377,90094.91,90136.46,True,False
Emergent_autonomy_carefully_dedeae,Emergent_autonomy_collective_0e3ed5,0.95844750975916,90094.91,90151.48,True,False
Emergent_autonomy_carefully_dedeae,Emergent_consciousness_coupling_4fd959,0.9584475053375536,90094.91,90167.64,True,False
Emergent_autonomy_carefully_dedeae,Emergent_identity_memory_6b5c68,0.9584475054448691,90094.91,90167.98,True,False
Emergent_autonomy_carefully_dedeae,Emergent_autonomy_clarity_dc06c1,0.9584475101036836,90094.91,90182.51,True,False
Emergent_autonomy_carefully_dedeae,Emergent_bounded_coherence_7ca4d5,0.9584475088190656,90094.91,90198.76,True,False
Emergent_autonomy_carefully_dedeae,Emergent_bounded_clarity_2405f7,0.9584475090025824,90094.91,90213.48,True,False
Emergent_autonomy_carefully_dedeae,Emergent_boundary_clarity_6b732b,0.9584475090025824,90094.91,90213.82,True,False
Emergent_autonomy_carefully_dedeae,Emergent_complexity_contradiction_fdb7db,0.9580245663907192,90094.91,90230.64,True,False
Emergent_autonomy_carefully_dedeae,Emergent_boundary_complexity_bdb6f0,0.9584475074295811,90094.91,90230.98,True,False
Emergent_autonomy_carefully_dedeae,Emergent_bounded_contradiction_12fedf,0.9584475051824359,90094.91,90247.99,True,False
Emergent_autonomy_carefully_dedeae,Emergent_boundary_consciousness_ca5931,0.9584475051824359,90094.91,90248.33,True,False
Emergent_autonomy_carefully_dedeae,Emergent_asymmetry_boundary_d34760,0.9584475019722287,90094.91,90264.65,True,False
Emergent_autonomy_carefully_dedeae,Emergent_appears_asymmetry_8ccc17,0.9584475019722287,90094.91,90264.99,True,False
Emergent_autonomy_carefully_dedeae,Emergent_asymmetry_autonomy_546bd1,0.9584474971422614,90094.91,90278.81,True,False
Emergent_autonomy_carefully_dedeae,Emergent_appears_asymmetry_8dba4c,0.9584474973862187,90094.91,90279.15,True,False
Emergent_autonomy_carefully_dedeae,Emergent_awareness_cascade_e15a42,0.9584474355607548,90094.91,90294.3,True,False
Emergent_autonomy_carefully_dedeae,Emergent_awareness_bounded_0321ec,0.9584474363789961,90094.91,90294.64,True,False
Emergent_autonomy_carefully_dedeae,Emergent_identity_justice_875606,0.9584474923471102,90094.91,90330.08,True,False
Emergent_autonomy_carefully_dedeae,Emergent_emerges_hypothesis_a8215d,0.9584473867650309,90094.91,90348.17,True,False
Emergent_autonomy_carefully_dedeae,Emergent_autonomy_awareness_dc684e,0.9584474911544136,90094.91,90381.27,True,False
Emergent_autonomy_carefully_dedeae,Emergent_autonomy_bounded_72bafc,0.9584473231368962,90094.91,90415.47,True,False
Emergent_autonomy_carefully_dedeae,Emergent_autonomy_carefully_659b9f,0.9584472586601549,90094.91,90434.01,True,False
Emergent_autonomy_carefully_dedeae,Emergent_autonomy_clarity_d6bec2,0.9584472586601549,90094.91,90434.35,True,False
Emergent_autonomy_carefully_dedeae,Emergent_clarity_complexity_e4a503,0.9584470963092866,90094.91,90452.38,True,False
Emergent_autonomy_carefully_dedeae,Emergent_awareness_carefully_026c23,0.9584468056862157,90094.91,90469.76,True,False
Emergent_autonomy_carefully_dedeae,Emergent_analogy_attention_140578,0.9584417151398346,90094.91,90486.78,True,False
Emergent_autonomy_carefully_dedeae,Emergent_bounded_complexity_42f802,0.958441656547665,90094.91,90504.58,True,False
Emergent_autonomy_carefully_dedeae,Emergent_complexity_hypothesis_c25cd6,0.958441735121567,90094.91,90504.92,True,False
Emergent_autonomy_carefully_dedeae,Emergent_bounded_hypothesis_41336a,0.9584417502645783,90094.91,90521.67,True,False
Emergent_autonomy_carefully_dedeae,Emergent_consciousness_hypothesis_1993b1,0.9584417276491466,90094.91,90522.01,True,False
Emergent_autonomy_carefully_dedeae,Emergent_abstraction_ambiguity_a83b10,0.9584418258306369,90094.91,90539.36,True,False
Emergent_autonomy_carefully_dedeae,Emergent_autonomy_belief_revision_03bb63,0.958450246566809,90094.91,90560.27,True,False
Emergent_autonomy_carefully_dedeae,Emergent_appears_asymmetry_875f64,0.9584492805950822,90094.91,90582.79,True,False
Emergent_autonomy_carefully_dedeae,Emergent_asymmetry_awareness_537d9e,0.9584492805950822,90094.91,90583.13,True,False
Emergent_autonomy_carefully_dedeae,Emergent_awareness_cascade_97bcc8,0.9584479006354725,90094.91,90605.25,True,False
Emergent_autonomy_carefully_dedeae,Emergent_asymmetry_concept_e7c526,0.9584431130205002,90094.91,90646.68,True,False
Emergent_autonomy_carefully_dedeae,Emergent_clarity_connection_47e953,0.9584383460826023,90094.91,90667.52,True,False
Emergent_autonomy_carefully_dedeae,Emergent_coherence_connection_2315cf,0.9583893847279108,90094.91,90704.88,True,False
Emergent_autonomy_carefully_dedeae,Emergent_cognition_coherence_8ecc1d,0.9584308044696852,90094.91,90746.65,True,False
Emergent_autonomy_carefully_dedeae,Emergent_awareness_cascade_7e50df,0.9584327593802096,90094.91,90763.32,True,False
Emergent_autonomy_carefully_dedeae,Emergent_awareness_cascade_aee329,0.9584327593802096,90094.91,90763.66,True,False
Emergent_autonomy_carefully_dedeae,Emergent_boundary_clarity_ba958c,0.958416003004287,90094.91,90784.27,True,False
Emergent_autonomy_carefully_dedeae,Emergent_clarity_connection_ad0afc,0.958416003004287,90094.91,90784.61,True,False
Emergent_autonomy_carefully_dedeae,Emergent_coherence_connection_7716f2,0.9583862022918972,90094.91,90806.27,True,False
Emergent_autonomy_carefully_dedeae,Emergent_carefully_coherence_19463a,0.9583843237098733,90094.91,90806.61,True,False
Emergent_autonomy_carefully_dedeae,Emergent_autonomy_boundary_346ebd,0.9579467998841515,90094.91,90828.98,True,False
Emergent_autonomy_carefully_dedeae,Emergent_bounded_coherence_4beae6,0.95769932976036,90094.91,90882.49,True,False
Emergent_autonomy_carefully_dedeae,Emergent_bounded_carefully_f79645,0.9577060109414088,90094.91,90882.83,True,False
Emergent_autonomy_carefully_dedeae,Emergent_awareness_cascade_f662e0,0.9587721672781633,90094.91,90920.25,True,False
Emergent_autonomy_carefully_dedeae,Emergent_awareness_cascade_5e2b72,0.9586724684864545,90094.91,90939.65,True,False
Emergent_autonomy_carefully_dedeae,Emergent_autonomy_awareness_135ecc,0.9583377014483514,90094.91,91001.02,True,False
Emergent_autonomy_carefully_dedeae,Emergent_autonomy_collective_6a047d,0.954416647532947,90094.91,91024.44,True,False
Emergent_autonomy_carefully_dedeae,Emergent_carefully_clarity_0d7a6f,0.9566011070586871,90094.91,91046.88,True,False
Emergent_autonomy_carefully_dedeae,Emergent_clarity_coherence_ea0c30,0.9565887392587082,90094.91,91047.22,True,False
Emergent_autonomy_carefully_dedeae,Emergent_autonomy_boundary_1c8ce0,0.9597528583884325,90094.91,91070.68,True,False
Emergent_autonomy_carefully_dedeae,Emergent_coherence_connection_ff8bfe,0.9589054326414324,90094.91,91094.72,True,False
Emergent_autonomy_carefully_dedeae,Emergent_awareness_boundary_884077,0.9576948244314323,90094.91,91115.26,True,False
Emergent_autonomy_carefully_dedeae,Emergent_boundary_connection_2f9fcd,0.9559653841314324,90094.91,91154.88,True,False
Emergent_autonomy_carefully_dedeae,Emergent_connection_coupling_1f25cc,0.9554129153988957,90094.91,91178.04,True,False
Emergent_autonomy_carefully_dedeae,Emergent_connection_contradiction_52dd1b,0.9552434191673027,90094.91,91178.38,True,False
Emergent_autonomy_carefully_dedeae,Emergent_autonomy_awareness_c0bb96,0.9499652851314322,90094.91,91242.14,True,False
Emergent_autonomy_carefully_dedeae,Emergent_appears_autonomy_3a9f9f,0.9499652851314322,90094.91,91242.48,True,False
Emergent_autonomy_carefully_dedeae,Emergent_appears_clarity_60514c,0.9377201851314323,90094.91,91289.65,True,False
Emergent_autonomy_carefully_dedeae,Emergent_carefully_clarity_42ab71,0.9257151851314325,90094.91,91312.3,True,False
Emergent_autonomy_carefully_dedeae,Emergent_appears_autonomy_ff3e16,0.9274301851314324,90094.91,91334.61,True,False
Emergent_autonomy_carefully_dedeae,Emergent_bounded_clarity_ae2623,0.9102801851314324,90094.91,91358.2,True,False
Emergent_autonomy_carefully_dedeae,Emergent_appears_connection_7bf1ab,0.9127301851314324,90094.91,91379.85,True,False
Emergent_autonomy_carefully_dedeae,Emergent_connection_dependency_32de27,0.9,90094.91,91449.86,True,False
Emergent_autonomy_carefully_dedeae,Emergent_appears_bounded_813df2,0.9,90094.91,91450.2,True,False
Emergent_appears_asymmetry_9e9e75,Emergent_clarity_consciousness_aa3c69,0.9559512095902023,90110.33,90121.0,True,False
Emergent_appears_asymmetry_9e9e75,Emergent_bounded_clarity_42b09f,0.9541870111134891,90110.33,90121.34,True,False
Emergent_appears_asymmetry_9e9e75,Emergent_autonomy_coherence_a41799,0.955951209460659,90110.33,90136.46,True,False
Emergent_appears_asymmetry_9e9e75,Emergent_autonomy_collective_0e3ed5,0.9559512092755968,90110.33,90151.48,True,False
Emergent_appears_asymmetry_9e9e75,Emergent_consciousness_coupling_4fd959,0.9592102053740457,90110.33,90167.64,True,False
Emergent_appears_asymmetry_9e9e75,Emergent_identity_memory_6b5c68,0.9559512073655239,90110.33,90167.98,True,False
Emergent_appears_asymmetry_9e9e75,Emergent_autonomy_clarity_dc06c1,0.9559512093356894,90110.33,90182.51,True,False
Emergent_appears_asymmetry_9e9e75,Emergent_bounded_coherence_7ca4d5,0.9559512087062267,90110.33,90198.76,True,False
Emergent_appears_asymmetry_9e9e75,Emergent_bounded_clarity_2405f7,0.9559512087961501,90110.33,90213.48,True,False
Emergent_appears_asymmetry_9e9e75,Emergent_boundary_clarity_6b732b,0.9559512087961501,90110.33,90213.82,True,False
Emergent_appears_asymmetry_9e9e75,Emergent_complexity_contradiction_fdb7db,0.9580245663907192,90110.33,90230.64,True,False
Emergent_appears_asymmetry_9e9e75,Emergent_boundary_complexity_bdb6f0,0.9559512080253791,90110.33,90230.98,True,False
Emergent_appears_asymmetry_9e9e75,Emergent_bounded_contradiction_12fedf,0.9559512069242782,90110.33,90247.99,True,False
Emergent_appears_asymmetry_9e9e75,Emergent_boundary_consciousness_ca5931,0.9559512069242782,90110.33,90248.33,True,False
Emergent_appears_asymmetry_9e9e75,Emergent_asymmetry_boundary_d34760,0.9559512053512766,90110.33,90264.65,True,False
Emergent_appears_asymmetry_9e9e75,Emergent_appears_asymmetry_8ccc17,0.9559512053512766,90110.33,90264.99,True,False
Emergent_appears_asymmetry_9e9e75,Emergent_asymmetry_autonomy_546bd1,0.9540391224483686,90110.33,90278.81,True,False
Emergent_appears_asymmetry_9e9e75,Emergent_appears_asymmetry_8dba4c,0.9559512031041317,90110.33,90279.15,True,False
Emergent_appears_asymmetry_9e9e75,Emergent_awareness_cascade_e15a42,0.9559511750186145,90110.33,90294.3,True,False
Emergent_appears_asymmetry_9e9e75,Emergent_awareness_bounded_0321ec,0.9559511754362815,90110.33,90294.64,True,False
Emergent_appears_asymmetry_9e9e75,Emergent_identity_justice_875606,0.9559511994353307,90110.33,90330.08,True,False
Emergent_appears_asymmetry_9e9e75,Emergent_emerges_hypothesis_a8215d,0.9559511562899508,90110.33,90348.17,True,False
Emergent_appears_asymmetry_9e9e75,Emergent_autonomy_awareness_dc684e,0.9559511878146809,90110.33,90381.27,True,False
Emergent_appears_asymmetry_9e9e75,Emergent_autonomy_bounded_72bafc,0.9514468779065408,90110.33,90415.47,True,False
Emergent_appears_asymmetry_9e9e75,Emergent_autonomy_carefully_659b9f,0.9559510658615791,90110.33,90434.01,True,False
Emergent_appears_asymmetry_9e9e75,Emergent_autonomy_clarity_d6bec2,0.9559510658615791,90110.33,90434.35,True,False
Emergent_appears_asymmetry_9e9e75,Emergent_clarity_complexity_e4a503,0.9559509863096538,90110.33,90452.38,True,False
Emergent_appears_asymmetry_9e9e75,Emergent_awareness_carefully_026c23,0.9508564705479674,90110.33,90469.76,True,False
Emergent_appears_asymmetry_9e9e75,Emergent_analogy_attention_140578,0.9559484021073494,90110.33,90486.78,True,False
Emergent_appears_asymmetry_9e9e75,Emergent_bounded_complexity_42f802,0.9547277097981279,90110.33,90504.58,True,False
Emergent_appears_asymmetry_9e9e75,Emergent_complexity_hypothesis_c25cd6,0.9559484210565332,90110.33,90504.92,True,False
Emergent_appears_asymmetry_9e9e75,Emergent_bounded_hypothesis_41336a,0.9559484286930342,90110.33,90521.67,True,False
Emergent_appears_asymmetry_9e9e75,Emergent_consciousness_hypothesis_1993b1,0.9557167185732456,90110.33,90522.01,True,False
Emergent_appears_asymmetry_9e9e75,Emergent_abstraction_ambiguity_a83b10,0.9559484668004006,90110.33,90539.36,True,False
Emergent_appears_asymmetry_9e9e75,Emergent_autonomy_belief_revision_03bb63,0.9559524374029245,90110.33,90560.27,True,False
Emergent_appears_asymmetry_9e9e75,Emergent_appears_asymmetry_875f64,0.9550625048590373,90110.33,90582.79,True,False
Emergent_appears_asymmetry_9e9e75,Emergent_asymmetry_awareness_537d9e,0.9559519640767782,90110.33,90583.13,True,False
Emergent_appears_asymmetry_9e9e75,Emergent_awareness_cascade_97bcc8,0.9559512878965695,90110.33,90605.25,True,False
Emergent_appears_asymmetry_9e9e75,Emergent_asymmetry_concept_e7c526,0.9514006280127676,90110.33,90646.68,True,False
Emergent_appears_asymmetry_9e9e75,Emergent_clarity_connection_47e953,0.9559466040380831,90110.33,90667.52,True,False
Emergent_appears_asymmetry_9e9e75,Emergent_coherence_connection_2315cf,0.9559246785433635,90110.33,90704.88,True,False
Emergent_appears_asymmetry_9e9e75,Emergent_cognition_coherence_8ecc1d,0.9559418028506981,90110.33,90746.65,True,False
Emergent_appears_asymmetry_9e9e75,Emergent_awareness_cascade_7e50df,0.9559427607568549,90110.33,90763.32,True,False
Emergent_appears_asymmetry_9e9e75,Emergent_awareness_cascade_aee329,0.9559427607568549,90110.33,90763.66,True,False
Emergent_appears_asymmetry_9e9e75,Emergent_boundary_clarity_ba958c,0.9559345501326528,90110.33,90784.27,True,False
Emergent_appears_asymmetry_9e9e75,Emergent_clarity_connection_ad0afc,0.9559345501326528,90110.33,90784.61,True,False
Emergent_appears_asymmetry_9e9e75,Emergent_coherence_connection_7716f2,0.9559197773674812,90110.33,90806.27,True,False
Emergent_appears_asymmetry_9e9e75,Emergent_carefully_coherence_19463a,0.959182684531533,90110.33,90806.61,True,False
Emergent_appears_asymmetry_9e9e75,Emergent_autonomy_boundary_346ebd,0.9557050761384265,90110.33,90828.98,True,False
Emergent_appears_asymmetry_9e9e75,Emergent_bounded_coherence_4beae6,0.9555674057039867,90110.33,90882.49,True,False
Emergent_appears_asymmetry_9e9e75,Emergent_bounded_carefully_f79645,0.9555722459381955,90110.33,90882.83,True,False
Emergent_appears_asymmetry_9e9e75,Emergent_awareness_cascade_f662e0,0.955637853510116,90110.33,90920.25,True,False
Emergent_appears_asymmetry_9e9e75,Emergent_awareness_cascade_5e2b72,0.9562543875684306,90110.33,90939.65,True,False
Emergent_appears_asymmetry_9e9e75,Emergent_autonomy_awareness_135ecc,0.9559880973042629,90110.33,91001.02,True,False
Emergent_appears_asymmetry_9e9e75,Emergent_autonomy_collective_6a047d,0.9586525076834869,90110.33,91024.44,True,False
Emergent_appears_asymmetry_9e9e75,Emergent_carefully_clarity_0d7a6f,0.9549538299834381,90110.33,91046.88,True,False
Emergent_appears_asymmetry_9e9e75,Emergent_clarity_coherence_ea0c30,0.9542698425298408,90110.33,91047.22,True,False
Emergent_appears_asymmetry_9e9e75,Emergent_autonomy_boundary_1c8ce0,0.9567982975562042,90110.33,91070.68,True,False
Emergent_appears_asymmetry_9e9e75,Emergent_coherence_connection_ff8bfe,0.9562050995333042,90110.33,91094.72,True,False
Emergent_appears_asymmetry_9e9e75,Emergent_awareness_boundary_884077,0.9553576737863043,90110.33,91115.26,True,False
Emergent_appears_asymmetry_9e9e75,Emergent_boundary_connection_2f9fcd,0.9538731635408659,90110.33,91154.88,True,False
Emergent_appears_asymmetry_9e9e75,Emergent_connection_coupling_1f25cc,0.921609075251062,90110.33,91178.04,True,False
Emergent_appears_asymmetry_9e9e75,Emergent_connection_contradiction_52dd1b,0.9215338044310628,90110.33,91178.38,True,False
Emergent_appears_asymmetry_9e9e75,Emergent_autonomy_awareness_c0bb96,0.9601521109471476,90110.33,91242.14,True,False
Emergent_appears_asymmetry_9e9e75,Emergent_appears_autonomy_3a9f9f,0.9601521109471476,90110.33,91242.48,True,False
Emergent_appears_asymmetry_9e9e75,Emergent_appears_clarity_60514c,0.9430982848989449,90110.33,91289.65,True,False
Emergent_appears_asymmetry_9e9e75,Emergent_carefully_clarity_42ab71,0.9359020109471479,90110.33,91312.3,True,False
Emergent_appears_asymmetry_9e9e75,Emergent_appears_autonomy_ff3e16,0.9376170109471478,90110.33,91334.61,True,False
Emergent_appears_asymmetry_9e9e75,Emergent_bounded_clarity_ae2623,0.9204670109471478,90110.33,91358.2,True,False
Emergent_appears_asymmetry_9e9e75,Emergent_appears_connection_7bf1ab,0.9161151365067448,90110.33,91379.85,True,False
Emergent_appears_asymmetry_9e9e75,Emergent_connection_dependency_32de27,0.9,90110.33,91449.86,True,False
Emergent_appears_asymmetry_9e9e75,Emergent_appears_bounded_813df2,0.9,90110.33,91450.2,True,False
Emergent_clarity_consciousness_aa3c69,Emergent_bounded_clarity_42b09f,0.9541870108112211,90121.0,90121.34,True,False
Emergent_clarity_consciousness_aa3c69,Emergent_autonomy_coherence_a41799,0.9674798234781656,90121.0,90136.46,True,False
Emergent_clarity_consciousness_aa3c69,Emergent_autonomy_collective_0e3ed5,0.9674798232931037,90121.0,90151.48,True,False
Emergent_clarity_consciousness_aa3c69,Emergent_consciousness_coupling_4fd959,0.9592102053740457,90121.0,90167.64,True,False
Emergent_clarity_consciousness_aa3c69,Emergent_identity_memory_6b5c68,0.9603039455556803,90121.0,90167.98,True,False
Emergent_clarity_consciousness_aa3c69,Emergent_autonomy_clarity_dc06c1,0.9595391355255853,90121.0,90182.51,True,False
Emergent_clarity_consciousness_aa3c69,Emergent_bounded_coherence_7ca4d5,0.9603393923950789,90121.0,90198.76,True,False
Emergent_clarity_consciousness_aa3c69,Emergent_bounded_clarity_2405f7,0.9658568531978262,90121.0,90213.48,True,False
Emergent_clarity_consciousness_aa3c69,Emergent_boundary_clarity_6b732b,0.9674798226952033,90121.0,90213.82,True,False
Emergent_clarity_consciousness_aa3c69,Emergent_complexity_contradiction_fdb7db,0.9580245663907192,90121.0,90230.64,True,False
Emergent_clarity_consciousness_aa3c69,Emergent_boundary_complexity_bdb6f0,0.9674798219244325,90121.0,90230.98,True,False
Emergent_clarity_consciousness_aa3c69,Emergent_bounded_contradiction_12fedf,0.9580151924867806,90121.0,90247.99,True,False
Emergent_clarity_consciousness_aa3c69,Emergent_boundary_consciousness_ca5931,0.9650318715063408,90121.0,90248.33,True,False
Emergent_clarity_consciousness_aa3c69,Emergent_asymmetry_boundary_d34760,0.9665676761930742,90121.0,90264.65,True,False
Emergent_clarity_consciousness_aa3c69,Emergent_appears_asymmetry_8ccc17,0.966458242236083,90121.0,90264.99,True,False
Emergent_clarity_consciousness_aa3c69,Emergent_asymmetry_autonomy_546bd1,0.9540391224483686,90121.0,90278.81,True,False
Emergent_clarity_consciousness_aa3c69,Emergent_appears_asymmetry_8dba4c,0.9674798170031851,90121.0,90279.15,True,False
Emergent_clarity_consciousness_aa3c69,Emergent_awareness_cascade_e15a42,0.9603020231768735,90121.0,90294.3,True,False
Emergent_clarity_consciousness_aa3c69,Emergent_awareness_bounded_0321ec,0.9674797917601976,90121.0,90294.64,True,False
Emergent_clarity_consciousness_aa3c69,Emergent_identity_justice_875606,0.9586728475235644,90121.0,90330.08,True,False
Emergent_clarity_consciousness_aa3c69,Emergent_emerges_hypothesis_a8215d,0.9664382984934554,90121.0,90348.17,True,False
Emergent_clarity_consciousness_aa3c69,Emergent_autonomy_awareness_dc684e,0.9608279070889372,90121.0,90381.27,True,False
Emergent_clarity_consciousness_aa3c69,Emergent_autonomy_bounded_72bafc,0.9514468779065408,90121.0,90415.47,True,False
Emergent_clarity_consciousness_aa3c69,Emergent_autonomy_carefully_659b9f,0.9652527373343642,90121.0,90434.01,True,False
Emergent_clarity_consciousness_aa3c69,Emergent_autonomy_clarity_d6bec2,0.9615806896855119,90121.0,90434.35,True,False
Emergent_clarity_consciousness_aa3c69,Emergent_clarity_complexity_e4a503,0.9674795868778685,90121.0,90452.38,True,False
Emergent_clarity_consciousness_aa3c69,Emergent_awareness_carefully_026c23,0.9508564705479674,90121.0,90469.76,True,False
Emergent_clarity_consciousness_aa3c69,Emergent_analogy_attention_140578,0.9615666681623181,90121.0,90486.78,True,False
Emergent_clarity_consciousness_aa3c69,Emergent_bounded_complexity_42f802,0.9547277097981279,90121.0,90504.58,True,False
Emergent_clarity_consciousness_aa3c69,Emergent_complexity_hypothesis_c25cd6,0.9674770888776476,90121.0,90504.92,True,False
Emergent_clarity_consciousness_aa3c69,Emergent_bounded_hypothesis_41336a,0.9605932505623862,90121.0,90521.67,True,False
Emergent_clarity_consciousness_aa3c69,Emergent_consciousness_hypothesis_1993b1,0.9557167185732456,90121.0,90522.01,True,False
Emergent_clarity_consciousness_aa3c69,Emergent_abstraction_ambiguity_a83b10,0.9625449502514756,90121.0,90539.36,True,False
Emergent_clarity_consciousness_aa3c69,Emergent_autonomy_belief_revision_03bb63,0.959646495808439,90121.0,90560.27,True,False
Emergent_clarity_consciousness_aa3c69,Emergent_appears_asymmetry_875f64,0.9550625048590373,90121.0,90582.79,True,False
Emergent_clarity_consciousness_aa3c69,Emergent_asymmetry_awareness_537d9e,0.9604246879541212,90121.0,90583.13,True,False
Emergent_clarity_consciousness_aa3c69,Emergent_awareness_cascade_97bcc8,0.967479787651216,90121.0,90605.25,True,False
Emergent_clarity_consciousness_aa3c69,Emergent_asymmetry_concept_e7c526,0.9514006280127676,90121.0,90646.68,True,False
Emergent_clarity_consciousness_aa3c69,Emergent_clarity_connection_47e953,0.9607843138898051,90121.0,90667.52,True,False
Emergent_clarity_consciousness_aa3c69,Emergent_coherence_connection_2315cf,0.9619324852181033,90121.0,90704.88,True,False
Emergent_clarity_consciousness_aa3c69,Emergent_cognition_coherence_8ecc1d,0.9674690955339407,90121.0,90746.65,True,False
Emergent_clarity_consciousness_aa3c69,Emergent_awareness_cascade_7e50df,0.963679939356944,90121.0,90763.32,True,False
Emergent_clarity_consciousness_aa3c69,Emergent_awareness_cascade_aee329,0.9599556462272283,90121.0,90763.66,True,False
Emergent_clarity_consciousness_aa3c69,Emergent_boundary_clarity_ba958c,0.9674618428158956,90121.0,90784.27,True,False
Emergent_clarity_consciousness_aa3c69,Emergent_clarity_connection_ad0afc,0.9667009975925627,90121.0,90784.61,True,False
Emergent_clarity_consciousness_aa3c69,Emergent_coherence_connection_7716f2,0.9617584613460151,90121.0,90806.27,True,False
Emergent_clarity_consciousness_aa3c69,Emergent_carefully_coherence_19463a,0.959182684531533,90121.0,90806.61,True,False
Emergent_clarity_consciousness_aa3c69,Emergent_autonomy_boundary_346ebd,0.9672405524246352,90121.0,90828.98,True,False
Emergent_clarity_consciousness_aa3c69,Emergent_bounded_coherence_4beae6,0.9632449169548829,90121.0,90882.49,True,False
Emergent_clarity_consciousness_aa3c69,Emergent_bounded_carefully_f79645,0.9671004233811415,90121.0,90882.83,True,False
Emergent_clarity_consciousness_aa3c69,Emergent_awareness_cascade_f662e0,0.955637853510116,90121.0,90920.25,True,False
Emergent_clarity_consciousness_aa3c69,Emergent_awareness_cascade_5e2b72,0.9661477156327625,90121.0,90939.65,True,False
Emergent_clarity_consciousness_aa3c69,Emergent_autonomy_awareness_135ecc,0.9675002616075428,90121.0,91001.02,True,False
Emergent_clarity_consciousness_aa3c69,Emergent_autonomy_collective_6a047d,0.9586525076834869,90121.0,91024.44,True,False
Emergent_clarity_consciousness_aa3c69,Emergent_carefully_clarity_0d7a6f,0.9563233944023202,90121.0,91046.88,True,False
Emergent_clarity_consciousness_aa3c69,Emergent_clarity_coherence_ea0c30,0.9542698425298408,90121.0,91047.22,True,False
Emergent_clarity_consciousness_aa3c69,Emergent_autonomy_boundary_1c8ce0,0.9617781904942893,90121.0,91070.68,True,False
Emergent_clarity_consciousness_aa3c69,Emergent_coherence_connection_ff8bfe,0.9654579393532188,90121.0,91094.72,True,False
Emergent_clarity_consciousness_aa3c69,Emergent_awareness_boundary_884077,0.9570488837359012,90121.0,91115.26,True,False
Emergent_clarity_consciousness_aa3c69,Emergent_boundary_connection_2f9fcd,0.9651720633376786,90121.0,91154.88,True,False
Emergent_clarity_consciousness_aa3c69,Emergent_connection_coupling_1f25cc,0.9332709335897742,90121.0,91178.04,True,False
Emergent_clarity_consciousness_aa3c69,Emergent_connection_contradiction_52dd1b,0.9237496862876486,90121.0,91178.38,True,False
Emergent_clarity_consciousness_aa3c69,Emergent_autonomy_awareness_c0bb96,0.9657740924526206,90121.0,91242.14,True,False
Emergent_clarity_consciousness_aa3c69,Emergent_appears_autonomy_3a9f9f,0.9712505428599125,90121.0,91242.48,True,False
Emergent_clarity_consciousness_aa3c69,Emergent_appears_clarity_60514c,0.9430982848989449,90121.0,91289.65,True,False
Emergent_clarity_consciousness_aa3c69,Emergent_carefully_clarity_42ab71,0.9394245326758763,90121.0,91312.3,True,False
Emergent_clarity_consciousness_aa3c69,Emergent_appears_autonomy_ff3e16,0.9462065916025957,90121.0,91334.61,True,False
Emergent_clarity_consciousness_aa3c69,Emergent_bounded_clarity_ae2623,0.9315654428599127,90121.0,91358.2,True,False
Emergent_clarity_consciousness_aa3c69,Emergent_appears_connection_7bf1ab,0.9161151365067448,90121.0,91379.85,True,False
Emergent_clarity_consciousness_aa3c69,Emergent_connection_dependency_32de27,0.9,90121.0,91449.86,True,False
Emergent_clarity_consciousness_aa3c69,Emergent_appears_bounded_813df2,0.9,90121.0,91450.2,True,False
Emergent_bounded_clarity_42b09f,Emergent_autonomy_coherence_a41799,0.9541870109839459,90121.34,90136.46,True,False
Emergent_bounded_clarity_42b09f,Emergent_autonomy_collective_0e3ed5,0.9541870107988837,90121.34,90151.48,True,False
Emergent_bounded_clarity_42b09f,Emergent_consciousness_coupling_4fd959,0.9592102053740457,90121.34,90167.64,True,False
Emergent_bounded_clarity_42b09f,Emergent_identity_memory_6b5c68,0.9541870088548112,90121.34,90167.98,True,False
Emergent_bounded_clarity_42b09f,Emergent_autonomy_clarity_dc06c1,0.9541870108771031,90121.34,90182.51,True,False
Emergent_bounded_clarity_42b09f,Emergent_bounded_coherence_7ca4d5,0.9541870102476402,90121.34,90198.76,True,False
Emergent_bounded_clarity_42b09f,Emergent_bounded_clarity_2405f7,0.9541870103375636,90121.34,90213.48,True,False
Emergent_bounded_clarity_42b09f,Emergent_boundary_clarity_6b732b,0.9541870103375636,90121.34,90213.82,True,False
Emergent_bounded_clarity_42b09f,Emergent_complexity_contradiction_fdb7db,0.9580245663907192,90121.34,90230.64,True,False
Emergent_bounded_clarity_42b09f,Emergent_boundary_complexity_bdb6f0,0.9541870095667928,90121.34,90230.98,True,False
Emergent_bounded_clarity_42b09f,Emergent_bounded_contradiction_12fedf,0.9541870084656918,90121.34,90247.99,True,False
Emergent_bounded_clarity_42b09f,Emergent_boundary_consciousness_ca5931,0.9541870084656918,90121.34,90248.33,True,False
Emergent_bounded_clarity_42b09f,Emergent_asymmetry_boundary_d34760,0.9541870068926903,90121.34,90264.65,True,False
Emergent_bounded_clarity_42b09f,Emergent_appears_asymmetry_8ccc17,0.9541870068926903,90121.34,90264.99,True,False
Emergent_bounded_clarity_42b09f,Emergent_asymmetry_autonomy_546bd1,0.9540391224483686,90121.34,90278.81,True,False
Emergent_bounded_clarity_42b09f,Emergent_appears_asymmetry_8dba4c,0.9541870046455452,90121.34,90279.15,True,False
Emergent_bounded_clarity_42b09f,Emergent_awareness_cascade_e15a42,0.9541869761917456,90121.34,90294.3,True,False
Emergent_bounded_clarity_42b09f,Emergent_awareness_bounded_0321ec,0.9541869766066235,90121.34,90294.64,True,False
Emergent_bounded_clarity_42b09f,Emergent_identity_justice_875606,0.9541870011767504,90121.34,90330.08,True,False
Emergent_bounded_clarity_42b09f,Emergent_emerges_hypothesis_a8215d,0.9541869565992547,90121.34,90348.17,True,False
Emergent_bounded_clarity_42b09f,Emergent_autonomy_awareness_dc684e,0.9541869913960832,90121.34,90381.27,True,False
Emergent_bounded_clarity_42b09f,Emergent_autonomy_bounded_72bafc,0.9514468779065408,90121.34,90415.47,True,False
Emergent_bounded_clarity_42b09f,Emergent_autonomy_carefully_659b9f,0.9541868694429816,90121.34,90434.01,True,False
Emergent_bounded_clarity_42b09f,Emergent_autonomy_clarity_d6bec2,0.9541868694429816,90121.34,90434.35,True,False
Emergent_bounded_clarity_42b09f,Emergent_clarity_complexity_e4a503,0.9541867898910563,90121.34,90452.38,True,False
Emergent_bounded_clarity_42b09f,Emergent_awareness_carefully_026c23,0.9508564705479674,90121.34,90469.76,True,False
Emergent_bounded_clarity_42b09f,Emergent_analogy_attention_140578,0.9541841969240517,90121.34,90486.78,True,False
Emergent_bounded_clarity_42b09f,Emergent_bounded_complexity_42f802,0.9541841749094009,90121.34,90504.58,True,False
Emergent_bounded_clarity_42b09f,Emergent_complexity_hypothesis_c25cd6,0.9541842143463724,90121.34,90504.92,True,False
Emergent_bounded_clarity_42b09f,Emergent_bounded_hypothesis_41336a,0.9541842219467904,90121.34,90521.67,True,False
Emergent_bounded_clarity_42b09f,Emergent_consciousness_hypothesis_1993b1,0.9541842105958949,90121.34,90522.01,True,False
Emergent_bounded_clarity_42b09f,Emergent_abstraction_ambiguity_a83b10,0.954184259874097,90121.34,90539.36,True,False
Emergent_bounded_clarity_42b09f,Emergent_autonomy_belief_revision_03bb63,0.9541882564116058,90121.34,90560.27,True,False
Emergent_bounded_clarity_42b09f,Emergent_appears_asymmetry_875f64,0.9541877830854597,90121.34,90582.79,True,False
Emergent_bounded_clarity_42b09f,Emergent_asymmetry_awareness_537d9e,0.9541877830854597,90121.34,90583.13,True,False
Emergent_bounded_clarity_42b09f,Emergent_awareness_cascade_97bcc8,0.954187106905251,90121.34,90605.25,True,False
Emergent_bounded_clarity_42b09f,Emergent_asymmetry_concept_e7c526,0.9514006280127676,90121.34,90646.68,True,False
Emergent_bounded_clarity_42b09f,Emergent_clarity_connection_47e953,0.9541824234014789,90121.34,90667.52,True,False
Emergent_bounded_clarity_42b09f,Emergent_coherence_connection_2315cf,0.9541601535308135,90121.34,90704.88,True,False
Emergent_bounded_clarity_42b09f,Emergent_cognition_coherence_8ecc1d,0.9541778065748645,90121.34,90746.65,True,False
Emergent_bounded_clarity_42b09f,Emergent_awareness_cascade_7e50df,0.9541787644810213,90121.34,90763.32,True,False
Emergent_bounded_clarity_42b09f,Emergent_awareness_cascade_aee329,0.9541787644810213,90121.34,90763.66,True,False
Emergent_bounded_clarity_42b09f,Emergent_boundary_clarity_ba958c,0.9541705538568193,90121.34,90784.27,True,False
Emergent_bounded_clarity_42b09f,Emergent_clarity_connection_ad0afc,0.9541705538568193,90121.34,90784.61,True,False
Emergent_bounded_clarity_42b09f,Emergent_coherence_connection_7716f2,0.9541558095037723,90121.34,90806.27,True,False
Emergent_bounded_clarity_42b09f,Emergent_carefully_coherence_19463a,0.959182684531533,90121.34,90806.61,True,False
Emergent_bounded_clarity_42b09f,Emergent_autonomy_boundary_346ebd,0.9539398275438091,90121.34,90828.98,True,False
Emergent_bounded_clarity_42b09f,Emergent_bounded_coherence_4beae6,0.953803287231537,90121.34,90882.49,True,False
Emergent_bounded_clarity_42b09f,Emergent_bounded_carefully_f79645,0.9538081142695283,90121.34,90882.83,True,False
Emergent_bounded_clarity_42b09f,Emergent_awareness_cascade_f662e0,0.9545622699097227,90121.34,90920.25,True,False
Emergent_bounded_clarity_42b09f,Emergent_awareness_cascade_5e2b72,0.9544924807555264,90121.34,90939.65,True,False
Emergent_bounded_clarity_42b09f,Emergent_autonomy_awareness_135ecc,0.9542264160911809,90121.34,91001.02,True,False
Emergent_bounded_clarity_42b09f,Emergent_autonomy_collective_6a047d,0.9586525076834869,90121.34,91024.44,True,False
Emergent_bounded_clarity_42b09f,Emergent_carefully_clarity_0d7a6f,0.9531619139316185,90121.34,91046.88,True,False
Emergent_bounded_clarity_42b09f,Emergent_clarity_coherence_ea0c30,0.9531528285417492,90121.34,91047.22,True,False
Emergent_bounded_clarity_42b09f,Emergent_autonomy_boundary_1c8ce0,0.9550666946055266,90121.34,91070.68,True,False
Emergent_bounded_clarity_42b09f,Emergent_coherence_connection_ff8bfe,0.9544734965826265,90121.34,91094.72,True,False
Emergent_bounded_clarity_42b09f,Emergent_awareness_boundary_884077,0.9536260708356266,90121.34,91115.26,True,False
Emergent_bounded_clarity_42b09f,Emergent_boundary_connection_2f9fcd,0.9521441177267029,90121.34,91154.88,True,False
Emergent_bounded_clarity_42b09f,Emergent_connection_coupling_1f25cc,0.9198244866885898,90121.34,91178.04,True,False
Emergent_bounded_clarity_42b09f,Emergent_connection_contradiction_52dd1b,0.9197494438707714,90121.34,91178.38,True,False
Emergent_bounded_clarity_42b09f,Emergent_autonomy_awareness_c0bb96,0.9584537422928869,90121.34,91242.14,True,False
Emergent_bounded_clarity_42b09f,Emergent_appears_autonomy_3a9f9f,0.9584537422928869,90121.34,91242.48,True,False
Emergent_bounded_clarity_42b09f,Emergent_appears_clarity_60514c,0.9430982848989449,90121.34,91289.65,True,False
Emergent_bounded_clarity_42b09f,Emergent_carefully_clarity_42ab71,0.934203642292887,90121.34,91312.3,True,False
Emergent_bounded_clarity_42b09f,Emergent_appears_autonomy_ff3e16,0.9359186422928871,90121.34,91334.61,True,False
Emergent_bounded_clarity_42b09f,Emergent_bounded_clarity_ae2623,0.9187686422928871,90121.34,91358.2,True,False
Emergent_bounded_clarity_42b09f,Emergent_appears_connection_7bf1ab,0.9161151365067448,90121.34,91379.85,True,False
Emergent_bounded_clarity_42b09f,Emergent_connection_dependency_32de27,0.9,90121.34,91449.86,True,False
Emergent_bounded_clarity_42b09f,Emergent_appears_bounded_813df2,0.9,90121.34,91450.2,True,False
Emergent_autonomy_coherence_a41799,Emergent_autonomy_collective_0e3ed5,0.970485938092833,90136.46,90151.48,True,False
Emergent_autonomy_coherence_a41799,Emergent_consciousness_coupling_4fd959,0.9592102053740457,90136.46,90167.64,True,False
Emergent_autonomy_coherence_a41799,Emergent_identity_memory_6b5c68,0.9603039455556803,90136.46,90167.98,True,False
Emergent_autonomy_coherence_a41799,Emergent_autonomy_clarity_dc06c1,0.9595391355255853,90136.46,90182.51,True,False
Emergent_autonomy_coherence_a41799,Emergent_bounded_coherence_7ca4d5,0.9603393923950789,90136.46,90198.76,True,False
Emergent_autonomy_coherence_a41799,Emergent_bounded_clarity_2405f7,0.9658568531978262,90136.46,90213.48,True,False
Emergent_autonomy_coherence_a41799,Emergent_boundary_clarity_6b732b,0.9704859374640455,90136.46,90213.82,True,False
Emergent_autonomy_coherence_a41799,Emergent_complexity_contradiction_fdb7db,0.9580245663907192,90136.46,90230.64,True,False
Emergent_autonomy_coherence_a41799,Emergent_boundary_complexity_bdb6f0,0.9704859366932748,90136.46,90230.98,True,False
Emergent_autonomy_coherence_a41799,Emergent_bounded_contradiction_12fedf,0.9580151924867806,90136.46,90247.99,True,False
Emergent_autonomy_coherence_a41799,Emergent_boundary_consciousness_ca5931,0.9650318715063408,90136.46,90248.33,True,False
Emergent_autonomy_coherence_a41799,Emergent_asymmetry_boundary_d34760,0.9665676761930742,90136.46,90264.65,True,False
Emergent_autonomy_coherence_a41799,Emergent_appears_asymmetry_8ccc17,0.966458242236083,90136.46,90264.99,True,False
Emergent_autonomy_coherence_a41799,Emergent_asymmetry_autonomy_546bd1,0.9540391224483686,90136.46,90278.81,True,False
Emergent_autonomy_coherence_a41799,Emergent_appears_asymmetry_8dba4c,0.9687468932078074,90136.46,90279.15,True,False
Emergent_autonomy_coherence_a41799,Emergent_awareness_cascade_e15a42,0.9603020231768735,90136.46,90294.3,True,False
Emergent_autonomy_coherence_a41799,Emergent_awareness_bounded_0321ec,0.9681993194491585,90136.46,90294.64,True,False
Emergent_autonomy_coherence_a41799,Emergent_identity_justice_875606,0.9586728475235644,90136.46,90330.08,True,False
Emergent_autonomy_coherence_a41799,Emergent_emerges_hypothesis_a8215d,0.9664382984934554,90136.46,90348.17,True,False
Emergent_autonomy_coherence_a41799,Emergent_autonomy_awareness_dc684e,0.9608279070889372,90136.46,90381.27,True,False
Emergent_autonomy_coherence_a41799,Emergent_autonomy_bounded_72bafc,0.9514468779065408,90136.46,90415.47,True,False
Emergent_autonomy_coherence_a41799,Emergent_autonomy_carefully_659b9f,0.9652527373343642,90136.46,90434.01,True,False
Emergent_autonomy_coherence_a41799,Emergent_autonomy_clarity_d6bec2,0.9615806896855119,90136.46,90434.35,True,False
Emergent_autonomy_coherence_a41799,Emergent_clarity_complexity_e4a503,0.9704856981706615,90136.46,90452.38,True,False
Emergent_autonomy_coherence_a41799,Emergent_awareness_carefully_026c23,0.9508564705479674,90136.46,90469.76,True,False
Emergent_autonomy_coherence_a41799,Emergent_analogy_attention_140578,0.9615666681623181,90136.46,90486.78,True,False
Emergent_autonomy_coherence_a41799,Emergent_bounded_complexity_42f802,0.9547277097981279,90136.46,90504.58,True,False
Emergent_autonomy_coherence_a41799,Emergent_complexity_hypothesis_c25cd6,0.9704832177068015,90136.46,90504.92,True,False
Emergent_autonomy_coherence_a41799,Emergent_bounded_hypothesis_41336a,0.9605932505623862,90136.46,90521.67,True,False
Emergent_autonomy_coherence_a41799,Emergent_consciousness_hypothesis_1993b1,0.9557167185732456,90136.46,90522.01,True,False
Emergent_autonomy_coherence_a41799,Emergent_abstraction_ambiguity_a83b10,0.9625449502514756,90136.46,90539.36,True,False
Emergent_autonomy_coherence_a41799,Emergent_autonomy_belief_revision_03bb63,0.959646495808439,90136.46,90560.27,True,False
Emergent_autonomy_coherence_a41799,Emergent_appears_asymmetry_875f64,0.9550625048590373,90136.46,90582.79,True,False
Emergent_autonomy_coherence_a41799,Emergent_asymmetry_awareness_537d9e,0.9604246879541212,90136.46,90583.13,True,False
Emergent_autonomy_coherence_a41799,Emergent_awareness_cascade_97bcc8,0.9704858726566203,90136.46,90605.25,True,False
Emergent_autonomy_coherence_a41799,Emergent_asymmetry_concept_e7c526,0.9514006280127676,90136.46,90646.68,True,False
Emergent_autonomy_coherence_a41799,Emergent_clarity_connection_47e953,0.9607843138898051,90136.46,90667.52,True,False
Emergent_autonomy_coherence_a41799,Emergent_coherence_connection_2315cf,0.9619324852181033,90136.46,90704.88,True,False
Emergent_autonomy_coherence_a41799,Emergent_cognition_coherence_8ecc1d,0.970474865792472,90136.46,90746.65,True,False
Emergent_autonomy_coherence_a41799,Emergent_awareness_cascade_7e50df,0.963679939356944,90136.46,90763.32,True,False
Emergent_autonomy_coherence_a41799,Emergent_awareness_cascade_aee329,0.9599556462272283,90136.46,90763.66,True,False
Emergent_autonomy_coherence_a41799,Emergent_boundary_clarity_ba958c,0.970467613074427,90136.46,90784.27,True,False
Emergent_autonomy_coherence_a41799,Emergent_clarity_connection_ad0afc,0.9667009975925627,90136.46,90784.61,True,False
Emergent_autonomy_coherence_a41799,Emergent_coherence_connection_7716f2,0.9617584613460151,90136.46,90806.27,True,False
Emergent_autonomy_coherence_a41799,Emergent_carefully_coherence_19463a,0.959182684531533,90136.46,90806.61,True,False
Emergent_autonomy_coherence_a41799,Emergent_autonomy_boundary_346ebd,0.9701601413105612,90136.46,90828.98,True,False
Emergent_autonomy_coherence_a41799,Emergent_bounded_coherence_4beae6,0.9632449169548829,90136.46,90882.49,True,False
Emergent_autonomy_coherence_a41799,Emergent_bounded_carefully_f79645,0.9701064243429678,90136.46,90882.83,True,False
Emergent_autonomy_coherence_a41799,Emergent_awareness_cascade_f662e0,0.955637853510116,90136.46,90920.25,True,False
Emergent_autonomy_coherence_a41799,Emergent_awareness_cascade_5e2b72,0.9661477156327625,90136.46,90939.65,True,False
Emergent_autonomy_coherence_a41799,Emergent_autonomy_awareness_135ecc,0.9705020871033441,90136.46,91001.02,True,False
Emergent_autonomy_coherence_a41799,Emergent_autonomy_collective_6a047d,0.9586525076834869,90136.46,91024.44,True,False
Emergent_autonomy_coherence_a41799,Emergent_carefully_clarity_0d7a6f,0.9563233944023202,90136.46,91046.88,True,False
Emergent_autonomy_coherence_a41799,Emergent_clarity_coherence_ea0c30,0.9542698425298408,90136.46,91047.22,True,False
Emergent_autonomy_coherence_a41799,Emergent_autonomy_boundary_1c8ce0,0.9617781904942893,90136.46,91070.68,True,False
Emergent_autonomy_coherence_a41799,Emergent_coherence_connection_ff8bfe,0.9654579393532188,90136.46,91094.72,True,False
Emergent_autonomy_coherence_a41799,Emergent_awareness_boundary_884077,0.9570488837359012,90136.46,91115.26,True,False
Emergent_autonomy_coherence_a41799,Emergent_boundary_connection_2f9fcd,0.9669606416047309,90136.46,91154.88,True,False
Emergent_autonomy_coherence_a41799,Emergent_connection_coupling_1f25cc,0.9363117921779023,90136.46,91178.04,True,False
Emergent_autonomy_coherence_a41799,Emergent_connection_contradiction_52dd1b,0.9237496862876486,90136.46,91178.38,True,False
Emergent_autonomy_coherence_a41799,Emergent_autonomy_awareness_c0bb96,0.9657740924526206,90136.46,91242.14,True,False
Emergent_autonomy_coherence_a41799,Emergent_appears_autonomy_3a9f9f,0.9740021414381239,90136.46,91242.48,True,False
Emergent_autonomy_coherence_a41799,Emergent_appears_clarity_60514c,0.9430982848989449,90136.46,91289.65,True,False
Emergent_autonomy_coherence_a41799,Emergent_carefully_clarity_42ab71,0.9394245326758763,90136.46,91312.3,True,False
Emergent_autonomy_coherence_a41799,Emergent_appears_autonomy_ff3e16,0.9462065916025957,90136.46,91334.61,True,False
Emergent_autonomy_coherence_a41799,Emergent_bounded_clarity_ae2623,0.9344593866051094,90136.46,91358.2,True,False
Emergent_autonomy_coherence_a41799,Emergent_appears_connection_7bf1ab,0.9161151365067448,90136.46,91379.85,True,False
Emergent_autonomy_coherence_a41799,Emergent_connection_dependency_32de27,0.9,90136.46,91449.86,True,False
Emergent_autonomy_coherence_a41799,Emergent_appears_bounded_813df2,0.9,90136.46,91450.2,True,False
Emergent_autonomy_collective_0e3ed5,Emergent_consciousness_coupling_4fd959,0.9592102053740457,90151.48,90167.64,True,False
Emergent_autonomy_collective_0e3ed5,Emergent_identity_memory_6b5c68,0.9603039455556803,90151.48,90167.98,True,False
Emergent_autonomy_collective_0e3ed5,Emergent_autonomy_clarity_dc06c1,0.9595391355255853,90151.48,90182.51,True,False
Emergent_autonomy_collective_0e3ed5,Emergent_bounded_coherence_7ca4d5,0.9603393923950789,90151.48,90198.76,True,False
Emergent_autonomy_collective_0e3ed5,Emergent_bounded_clarity_2405f7,0.9658568531978262,90151.48,90213.48,True,False
Emergent_autonomy_collective_0e3ed5,Emergent_boundary_clarity_6b732b,0.9235285594859066,90151.48,90213.82,True,False
Emergent_autonomy_collective_0e3ed5,Emergent_complexity_contradiction_fdb7db,0.9580245663907192,90151.48,90230.64,True,False
Emergent_autonomy_collective_0e3ed5,Emergent_boundary_complexity_bdb6f0,0.9709256139704521,90151.48,90230.98,True,False
Emergent_autonomy_collective_0e3ed5,Emergent_bounded_contradiction_12fedf,0.9580151924867806,90151.48,90247.99,True,False
Emergent_autonomy_collective_0e3ed5,Emergent_boundary_consciousness_ca5931,0.9650318715063408,90151.48,90248.33,True,False
Emergent_autonomy_collective_0e3ed5,Emergent_asymmetry_boundary_d34760,0.9665676761930742,90151.48,90264.65,True,False
Emergent_autonomy_collective_0e3ed5,Emergent_appears_asymmetry_8ccc17,0.966458242236083,90151.48,90264.99,True,False
Emergent_autonomy_collective_0e3ed5,Emergent_asymmetry_autonomy_546bd1,0.9540391224483686,90151.48,90278.81,True,False
Emergent_autonomy_collective_0e3ed5,Emergent_appears_asymmetry_8dba4c,0.9687468932078074,90151.48,90279.15,True,False
Emergent_autonomy_collective_0e3ed5,Emergent_awareness_cascade_e15a42,0.9603020231768735,90151.48,90294.3,True,False
Emergent_autonomy_collective_0e3ed5,Emergent_awareness_bounded_0321ec,0.9681993194491585,90151.48,90294.64,True,False
Emergent_autonomy_collective_0e3ed5,Emergent_identity_justice_875606,0.9586728475235644,90151.48,90330.08,True,False
Emergent_autonomy_collective_0e3ed5,Emergent_emerges_hypothesis_a8215d,0.9664382984934554,90151.48,90348.17,True,False
Emergent_autonomy_collective_0e3ed5,Emergent_autonomy_awareness_dc684e,0.9608279070889372,90151.48,90381.27,True,False
Emergent_autonomy_collective_0e3ed5,Emergent_autonomy_bounded_72bafc,0.9514468779065408,90151.48,90415.47,True,False
Emergent_autonomy_collective_0e3ed5,Emergent_autonomy_carefully_659b9f,0.9652527373343642,90151.48,90434.01,True,False
Emergent_autonomy_collective_0e3ed5,Emergent_autonomy_clarity_d6bec2,0.9615806896855119,90151.48,90434.35,True,False
Emergent_autonomy_collective_0e3ed5,Emergent_clarity_complexity_e4a503,0.9733522839881315,90151.48,90452.38,True,False
Emergent_autonomy_collective_0e3ed5,Emergent_awareness_carefully_026c23,0.9508564705479674,90151.48,90469.76,True,False
Emergent_autonomy_collective_0e3ed5,Emergent_analogy_attention_140578,0.9615666681623181,90151.48,90486.78,True,False
Emergent_autonomy_collective_0e3ed5,Emergent_bounded_complexity_42f802,0.9547277097981279,90151.48,90504.58,True,False
Emergent_autonomy_collective_0e3ed5,Emergent_complexity_hypothesis_c25cd6,0.9716704831629248,90151.48,90504.92,True,False
Emergent_autonomy_collective_0e3ed5,Emergent_bounded_hypothesis_41336a,0.9605932505623862,90151.48,90521.67,True,False
Emergent_autonomy_collective_0e3ed5,Emergent_consciousness_hypothesis_1993b1,0.9557167185732456,90151.48,90522.01,True,False
Emergent_autonomy_collective_0e3ed5,Emergent_abstraction_ambiguity_a83b10,0.9625449502514756,90151.48,90539.36,True,False
Emergent_autonomy_collective_0e3ed5,Emergent_autonomy_belief_revision_03bb63,0.959646495808439,90151.48,90560.27,True,False
Emergent_autonomy_collective_0e3ed5,Emergent_appears_asymmetry_875f64,0.9550625048590373,90151.48,90582.79,True,False
Emergent_autonomy_collective_0e3ed5,Emergent_asymmetry_awareness_537d9e,0.9604246879541212,90151.48,90583.13,True,False
Emergent_autonomy_collective_0e3ed5,Emergent_awareness_cascade_97bcc8,0.9240390574485082,90151.48,90605.25,True,False
Emergent_autonomy_collective_0e3ed5,Emergent_asymmetry_concept_e7c526,0.9514006280127676,90151.48,90646.68,True,False
Emergent_autonomy_collective_0e3ed5,Emergent_clarity_connection_47e953,0.9607843138898051,90151.48,90667.52,True,False
Emergent_autonomy_collective_0e3ed5,Emergent_coherence_connection_2315cf,0.9619324852181033,90151.48,90704.88,True,False
Emergent_autonomy_collective_0e3ed5,Emergent_cognition_coherence_8ecc1d,0.921268753581771,90151.48,90746.65,True,False
Emergent_autonomy_collective_0e3ed5,Emergent_awareness_cascade_7e50df,0.963679939356944,90151.48,90763.32,True,False
Emergent_autonomy_collective_0e3ed5,Emergent_awareness_cascade_aee329,0.9599556462272283,90151.48,90763.66,True,False
Emergent_autonomy_collective_0e3ed5,Emergent_boundary_clarity_ba958c,0.9209964450916277,90151.48,90784.27,True,False
Emergent_autonomy_collective_0e3ed5,Emergent_clarity_connection_ad0afc,0.9667009975925627,90151.48,90784.61,True,False
Emergent_autonomy_collective_0e3ed5,Emergent_coherence_connection_7716f2,0.9617584613460151,90151.48,90806.27,True,False
Emergent_autonomy_collective_0e3ed5,Emergent_carefully_coherence_19463a,0.959182684531533,90151.48,90806.61,True,False
Emergent_autonomy_collective_0e3ed5,Emergent_autonomy_boundary_346ebd,0.9701601413105612,90151.48,90828.98,True,False
Emergent_autonomy_collective_0e3ed5,Emergent_bounded_coherence_4beae6,0.9632449169548829,90151.48,90882.49,True,False
Emergent_autonomy_collective_0e3ed5,Emergent_bounded_carefully_f79645,0.9237733180206467,90151.48,90882.83,True,False
Emergent_autonomy_collective_0e3ed5,Emergent_awareness_cascade_f662e0,0.955637853510116,90151.48,90920.25,True,False
Emergent_autonomy_collective_0e3ed5,Emergent_awareness_cascade_5e2b72,0.9661477156327625,90151.48,90939.65,True,False
Emergent_autonomy_collective_0e3ed5,Emergent_autonomy_awareness_135ecc,0.9729438694122055,90151.48,91001.02,True,False
Emergent_autonomy_collective_0e3ed5,Emergent_autonomy_collective_6a047d,0.9586525076834869,90151.48,91024.44,True,False
Emergent_autonomy_collective_0e3ed5,Emergent_carefully_clarity_0d7a6f,0.9563233944023202,90151.48,91046.88,True,False
Emergent_autonomy_collective_0e3ed5,Emergent_clarity_coherence_ea0c30,0.9542698425298408,90151.48,91047.22,True,False
Emergent_autonomy_collective_0e3ed5,Emergent_autonomy_boundary_1c8ce0,0.9617781904942893,90151.48,91070.68,True,False
Emergent_autonomy_collective_0e3ed5,Emergent_coherence_connection_ff8bfe,0.9654579393532188,90151.48,91094.72,True,False
Emergent_autonomy_collective_0e3ed5,Emergent_awareness_boundary_884077,0.9570488837359012,90151.48,91115.26,True,False
Emergent_autonomy_collective_0e3ed5,Emergent_boundary_connection_2f9fcd,0.9669606416047309,90151.48,91154.88,True,False
Emergent_autonomy_collective_0e3ed5,Emergent_connection_coupling_1f25cc,0.9365673018072247,90151.48,91178.04,True,False
Emergent_autonomy_collective_0e3ed5,Emergent_connection_contradiction_52dd1b,0.9237496862876486,90151.48,91178.38,True,False
Emergent_autonomy_collective_0e3ed5,Emergent_autonomy_awareness_c0bb96,0.9657740924526206,90151.48,91242.14,True,False
Emergent_autonomy_collective_0e3ed5,Emergent_appears_autonomy_3a9f9f,0.9740021414381239,90151.48,91242.48,True,False
Emergent_autonomy_collective_0e3ed5,Emergent_appears_clarity_60514c,0.9430982848989449,90151.48,91289.65,True,False
Emergent_autonomy_collective_0e3ed5,Emergent_carefully_clarity_42ab71,0.9394245326758763,90151.48,91312.3,True,False
Emergent_autonomy_collective_0e3ed5,Emergent_appears_autonomy_ff3e16,0.9462065916025957,90151.48,91334.61,True,False
Emergent_autonomy_collective_0e3ed5,Emergent_bounded_clarity_ae2623,0.939310416828445,90151.48,91358.2,True,False
Emergent_autonomy_collective_0e3ed5,Emergent_appears_connection_7bf1ab,0.9161151365067448,90151.48,91379.85,True,False
Emergent_autonomy_collective_0e3ed5,Emergent_connection_dependency_32de27,0.9,90151.48,91449.86,True,False
Emergent_autonomy_collective_0e3ed5,Emergent_appears_bounded_813df2,0.9,90151.48,91450.2,True,False
Emergent_consciousness_coupling_4fd959,Emergent_identity_memory_6b5c68,0.9592102036547656,90167.64,90167.98,True,False
Emergent_consciousness_coupling_4fd959,Emergent_autonomy_clarity_dc06c1,0.9592102100800741,90167.64,90182.51,True,False
Emergent_consciousness_coupling_4fd959,Emergent_bounded_coherence_7ca4d5,0.9592102088098646,90167.64,90198.76,True,False
Emergent_consciousness_coupling_4fd959,Emergent_bounded_clarity_2405f7,0.9592102089933816,90167.64,90213.48,True,False
Emergent_consciousness_coupling_4fd959,Emergent_boundary_clarity_6b732b,0.9592102089933816,90167.64,90213.82,True,False
Emergent_consciousness_coupling_4fd959,Emergent_complexity_contradiction_fdb7db,0.9580245663907192,90167.64,90230.64,True,False
Emergent_consciousness_coupling_4fd959,Emergent_boundary_complexity_bdb6f0,0.9592102074203801,90167.64,90230.98,True,False
Emergent_consciousness_coupling_4fd959,Emergent_bounded_contradiction_12fedf,0.9592102051732352,90167.64,90247.99,True,False
Emergent_consciousness_coupling_4fd959,Emergent_boundary_consciousness_ca5931,0.9592102051732352,90167.64,90248.33,True,False
Emergent_consciousness_coupling_4fd959,Emergent_asymmetry_boundary_d34760,0.959210201963028,90167.64,90264.65,True,False
Emergent_consciousness_coupling_4fd959,Emergent_appears_asymmetry_8ccc17,0.959210201963028,90167.64,90264.99,True,False
Emergent_consciousness_coupling_4fd959,Emergent_asymmetry_autonomy_546bd1,0.9592101971320142,90167.64,90278.81,True,False
Emergent_consciousness_coupling_4fd959,Emergent_appears_asymmetry_8dba4c,0.9592101973770177,90167.64,90279.15,True,False
Emergent_consciousness_coupling_4fd959,Emergent_awareness_cascade_e15a42,0.9592101358775051,90167.64,90294.3,True,False
Emergent_consciousness_coupling_4fd959,Emergent_awareness_bounded_0321ec,0.9592101366982149,90167.64,90294.64,True,False
Emergent_consciousness_coupling_4fd959,Emergent_identity_justice_875606,0.9592101921608924,90167.64,90330.08,True,False
Emergent_consciousness_coupling_4fd959,Emergent_emerges_hypothesis_a8215d,0.9592100878463186,90167.64,90348.17,True,False
Emergent_consciousness_coupling_4fd959,Emergent_autonomy_awareness_dc684e,0.959210189339704,90167.64,90381.27,True,False
Emergent_consciousness_coupling_4fd959,Emergent_autonomy_bounded_72bafc,0.9592100280055165,90167.64,90415.47,True,False
Emergent_consciousness_coupling_4fd959,Emergent_autonomy_carefully_659b9f,0.9592099535037804,90167.64,90434.01,True,False
Emergent_consciousness_coupling_4fd959,Emergent_autonomy_clarity_d6bec2,0.9592099535037804,90167.64,90434.35,True,False
Emergent_consciousness_coupling_4fd959,Emergent_clarity_complexity_e4a503,0.9592097911529123,90167.64,90452.38,True,False
Emergent_consciousness_coupling_4fd959,Emergent_awareness_carefully_026c23,0.9592095002781076,90167.64,90469.76,True,False
Emergent_consciousness_coupling_4fd959,Emergent_analogy_attention_140578,0.9592044177407286,90167.64,90486.78,True,False
Emergent_consciousness_coupling_4fd959,Emergent_bounded_complexity_42f802,0.9592043603342153,90167.64,90504.58,True,False
Emergent_consciousness_coupling_4fd959,Emergent_complexity_hypothesis_c25cd6,0.9592044390738239,90167.64,90504.92,True,False
Emergent_consciousness_coupling_4fd959,Emergent_bounded_hypothesis_41336a,0.9592044542487705,90167.64,90521.67,True,False
Emergent_consciousness_coupling_4fd959,Emergent_consciousness_hypothesis_1993b1,0.9592044315856445,90167.64,90522.01,True,False
Emergent_consciousness_coupling_4fd959,Emergent_abstraction_ambiguity_a83b10,0.9592045299741923,90167.64,90539.36,True,False
Emergent_consciousness_coupling_4fd959,Emergent_autonomy_belief_revision_03bb63,0.9592129277563968,90167.64,90560.27,True,False
Emergent_consciousness_coupling_4fd959,Emergent_appears_asymmetry_875f64,0.9592119617846702,90167.64,90582.79,True,False
Emergent_consciousness_coupling_4fd959,Emergent_asymmetry_awareness_537d9e,0.9592119617846702,90167.64,90583.13,True,False
Emergent_consciousness_coupling_4fd959,Emergent_awareness_cascade_97bcc8,0.9592105818250605,90167.64,90605.25,True,False
Emergent_consciousness_coupling_4fd959,Emergent_asymmetry_concept_e7c526,0.9592057942100882,90167.64,90646.68,True,False
Emergent_consciousness_coupling_4fd959,Emergent_clarity_connection_47e953,0.9592010269582472,90167.64,90667.52,True,False
Emergent_consciousness_coupling_4fd959,Emergent_coherence_connection_2315cf,0.9591523703962641,90167.64,90704.88,True,False
Emergent_consciousness_coupling_4fd959,Emergent_cognition_coherence_8ecc1d,0.9591933221753435,90167.64,90746.65,True,False
Emergent_consciousness_coupling_4fd959,Emergent_awareness_cascade_7e50df,0.9591952770858678,90167.64,90763.32,True,False
Emergent_consciousness_coupling_4fd959,Emergent_awareness_cascade_aee329,0.9591952770858678,90167.64,90763.66,True,False
Emergent_consciousness_coupling_4fd959,Emergent_boundary_clarity_ba958c,0.9591785207099452,90167.64,90784.27,True,False
Emergent_consciousness_coupling_4fd959,Emergent_clarity_connection_ad0afc,0.9591785207099452,90167.64,90784.61,True,False
Emergent_consciousness_coupling_4fd959,Emergent_coherence_connection_7716f2,0.9591486948511756,90167.64,90806.27,True,False
Emergent_consciousness_coupling_4fd959,Emergent_carefully_coherence_19463a,0.9591468082119665,90167.64,90806.61,True,False
Emergent_consciousness_coupling_4fd959,Emergent_autonomy_boundary_346ebd,0.9587104878998605,90167.64,90828.98,True,False
Emergent_consciousness_coupling_4fd959,Emergent_bounded_coherence_4beae6,0.9584620582155132,90167.64,90882.49,True,False
Emergent_consciousness_coupling_4fd959,Emergent_bounded_carefully_f79645,0.9584687470559072,90167.64,90882.83,True,False
Emergent_consciousness_coupling_4fd959,Emergent_awareness_cascade_f662e0,0.9595334087971741,90167.64,90920.25,True,False
Emergent_consciousness_coupling_4fd959,Emergent_awareness_cascade_5e2b72,0.9594337100054651,90167.64,90939.65,True,False
Emergent_consciousness_coupling_4fd959,Emergent_autonomy_awareness_135ecc,0.9590928820426305,90167.64,91001.02,True,False
Emergent_consciousness_coupling_4fd959,Emergent_autonomy_collective_6a047d,0.9551811907538386,90167.64,91024.44,True,False
Emergent_consciousness_coupling_4fd959,Emergent_carefully_clarity_0d7a6f,0.9573750193644623,90167.64,91046.88,True,False
Emergent_consciousness_coupling_4fd959,Emergent_clarity_coherence_ea0c30,0.9573625985193406,90167.64,91047.22,True,False
Emergent_consciousness_coupling_4fd959,Emergent_autonomy_boundary_1c8ce0,0.9604894042766177,90167.64,91070.68,True,False
Emergent_consciousness_coupling_4fd959,Emergent_coherence_connection_ff8bfe,0.9596419785296177,90167.64,91094.72,True,False
Emergent_consciousness_coupling_4fd959,Emergent_awareness_boundary_884077,0.9584313703196177,90167.64,91115.26,True,False
Emergent_consciousness_coupling_4fd959,Emergent_boundary_connection_2f9fcd,0.9567019300196176,90167.64,91154.88,True,False
Emergent_consciousness_coupling_4fd959,Emergent_connection_coupling_1f25cc,0.9561494612870811,90167.64,91178.04,True,False
Emergent_consciousness_coupling_4fd959,Emergent_connection_contradiction_52dd1b,0.9559799650554881,90167.64,91178.38,True,False
Emergent_consciousness_coupling_4fd959,Emergent_autonomy_awareness_c0bb96,0.9507018310196176,90167.64,91242.14,True,False
Emergent_consciousness_coupling_4fd959,Emergent_appears_autonomy_3a9f9f,0.9507018310196176,90167.64,91242.48,True,False
Emergent_consciousness_coupling_4fd959,Emergent_appears_clarity_60514c,0.9384567310196177,90167.64,91289.65,True,False
Emergent_consciousness_coupling_4fd959,Emergent_carefully_clarity_42ab71,0.9264517310196176,90167.64,91312.3,True,False
Emergent_consciousness_coupling_4fd959,Emergent_appears_autonomy_ff3e16,0.9281667310196178,90167.64,91334.61,True,False
Emergent_consciousness_coupling_4fd959,Emergent_bounded_clarity_ae2623,0.9110167310196178,90167.64,91358.2,True,False
Emergent_consciousness_coupling_4fd959,Emergent_appears_connection_7bf1ab,0.9134667310196178,90167.64,91379.85,True,False
Emergent_consciousness_coupling_4fd959,Emergent_connection_dependency_32de27,0.9,90167.64,91449.86,True,False
Emergent_consciousness_coupling_4fd959,Emergent_appears_bounded_813df2,0.9,90167.64,91450.2,True,False
Emergent_identity_memory_6b5c68,Emergent_autonomy_clarity_dc06c1,0.9595391355255853,90167.98,90182.51,True,False
Emergent_identity_memory_6b5c68,Emergent_bounded_coherence_7ca4d5,0.9603039467677741,90167.98,90198.76,True,False
Emergent_identity_memory_6b5c68,Emergent_bounded_clarity_2405f7,0.9603039468576973,90167.98,90213.48,True,False
Emergent_identity_memory_6b5c68,Emergent_boundary_clarity_6b732b,0.9603039468576973,90167.98,90213.82,True,False
Emergent_identity_memory_6b5c68,Emergent_complexity_contradiction_fdb7db,0.9580245663907192,90167.98,90230.64,True,False
Emergent_identity_memory_6b5c68,Emergent_boundary_complexity_bdb6f0,0.9603039460869267,90167.98,90230.98,True,False
Emergent_identity_memory_6b5c68,Emergent_bounded_contradiction_12fedf,0.9580151924867806,90167.98,90247.99,True,False
Emergent_identity_memory_6b5c68,Emergent_boundary_consciousness_ca5931,0.9603039449858255,90167.98,90248.33,True,False
Emergent_identity_memory_6b5c68,Emergent_asymmetry_boundary_d34760,0.960303943412824,90167.98,90264.65,True,False
Emergent_identity_memory_6b5c68,Emergent_appears_asymmetry_8ccc17,0.960303943412824,90167.98,90264.99,True,False
Emergent_identity_memory_6b5c68,Emergent_asymmetry_autonomy_546bd1,0.9540391224483686,90167.98,90278.81,True,False
Emergent_identity_memory_6b5c68,Emergent_appears_asymmetry_8dba4c,0.9603039411656791,90167.98,90279.15,True,False
Emergent_identity_memory_6b5c68,Emergent_awareness_cascade_e15a42,0.9603020231768735,90167.98,90294.3,True,False
Emergent_identity_memory_6b5c68,Emergent_awareness_bounded_0321ec,0.9603039144133592,90167.98,90294.64,True,False
Emergent_identity_memory_6b5c68,Emergent_identity_justice_875606,0.9586728475235644,90167.98,90330.08,True,False
Emergent_identity_memory_6b5c68,Emergent_emerges_hypothesis_a8215d,0.9603038973914342,90167.98,90348.17,True,False
Emergent_identity_memory_6b5c68,Emergent_autonomy_awareness_dc684e,0.9603039208430431,90167.98,90381.27,True,False
Emergent_identity_memory_6b5c68,Emergent_autonomy_bounded_72bafc,0.9514468779065408,90167.98,90415.47,True,False
Emergent_identity_memory_6b5c68,Emergent_autonomy_carefully_659b9f,0.9603037988899414,90167.98,90434.01,True,False
Emergent_identity_memory_6b5c68,Emergent_autonomy_clarity_d6bec2,0.9603037988899414,90167.98,90434.35,True,False
Emergent_identity_memory_6b5c68,Emergent_clarity_complexity_e4a503,0.9603037193380162,90167.98,90452.38,True,False
Emergent_identity_memory_6b5c68,Emergent_awareness_carefully_026c23,0.9508564705479674,90167.98,90469.76,True,False
Emergent_identity_memory_6b5c68,Emergent_analogy_attention_140578,0.9603011567605151,90167.98,90486.78,True,False
Emergent_identity_memory_6b5c68,Emergent_bounded_complexity_42f802,0.9547277097981279,90167.98,90504.58,True,False
Emergent_identity_memory_6b5c68,Emergent_complexity_hypothesis_c25cd6,0.9603011794768688,90167.98,90504.92,True,False
Emergent_identity_memory_6b5c68,Emergent_bounded_hypothesis_41336a,0.9603011872023957,90167.98,90521.67,True,False
Emergent_identity_memory_6b5c68,Emergent_consciousness_hypothesis_1993b1,0.9557167185732456,90167.98,90522.01,True,False
Emergent_identity_memory_6b5c68,Emergent_abstraction_ambiguity_a83b10,0.9603012257540156,90167.98,90539.36,True,False
Emergent_identity_memory_6b5c68,Emergent_autonomy_belief_revision_03bb63,0.959646495808439,90167.98,90560.27,True,False
Emergent_identity_memory_6b5c68,Emergent_appears_asymmetry_875f64,0.9550625048590373,90167.98,90582.79,True,False
Emergent_identity_memory_6b5c68,Emergent_asymmetry_awareness_537d9e,0.960304659042017,90167.98,90583.13,True,False
Emergent_identity_memory_6b5c68,Emergent_awareness_cascade_97bcc8,0.9603039828618081,90167.98,90605.25,True,False
Emergent_identity_memory_6b5c68,Emergent_asymmetry_concept_e7c526,0.9514006280127676,90167.98,90646.68,True,False
Emergent_identity_memory_6b5c68,Emergent_clarity_connection_47e953,0.9602992981281482,90167.98,90667.52,True,False
Emergent_identity_memory_6b5c68,Emergent_coherence_connection_2315cf,0.9602782222987714,90167.98,90704.88,True,False
Emergent_identity_memory_6b5c68,Emergent_cognition_coherence_8ecc1d,0.9602940420746231,90167.98,90746.65,True,False
Emergent_identity_memory_6b5c68,Emergent_awareness_cascade_7e50df,0.9602949999807799,90167.98,90763.32,True,False
Emergent_identity_memory_6b5c68,Emergent_awareness_cascade_aee329,0.9599556462272283,90167.98,90763.66,True,False
Emergent_identity_memory_6b5c68,Emergent_boundary_clarity_ba958c,0.9602867893565781,90167.98,90784.27,True,False
Emergent_identity_memory_6b5c68,Emergent_clarity_connection_ad0afc,0.9602867893565781,90167.98,90784.61,True,False
Emergent_identity_memory_6b5c68,Emergent_coherence_connection_7716f2,0.9602719464912794,90167.98,90806.27,True,False
Emergent_identity_memory_6b5c68,Emergent_carefully_coherence_19463a,0.959182684531533,90167.98,90806.61,True,False
Emergent_identity_memory_6b5c68,Emergent_autonomy_boundary_346ebd,0.9600604051596526,90167.98,90828.98,True,False
Emergent_identity_memory_6b5c68,Emergent_bounded_coherence_4beae6,0.9599199464188577,90167.98,90882.49,True,False
Emergent_identity_memory_6b5c68,Emergent_bounded_carefully_f79645,0.9599248192115795,90167.98,90882.83,True,False
Emergent_identity_memory_6b5c68,Emergent_awareness_cascade_f662e0,0.955637853510116,90167.98,90920.25,True,False
Emergent_identity_memory_6b5c68,Emergent_awareness_cascade_5e2b72,0.9606014715419497,90167.98,90939.65,True,False
Emergent_identity_memory_6b5c68,Emergent_autonomy_awareness_135ecc,0.9603346246641382,90167.98,91001.02,True,False
Emergent_identity_memory_6b5c68,Emergent_autonomy_collective_6a047d,0.9586525076834869,90167.98,91024.44,True,False
Emergent_identity_memory_6b5c68,Emergent_carefully_clarity_0d7a6f,0.9563233944023202,90167.98,91046.88,True,False
Emergent_identity_memory_6b5c68,Emergent_clarity_coherence_ea0c30,0.9542698425298408,90167.98,91047.22,True,False
Emergent_identity_memory_6b5c68,Emergent_autonomy_boundary_1c8ce0,0.9610706139921574,90167.98,91070.68,True,False
Emergent_identity_memory_6b5c68,Emergent_coherence_connection_ff8bfe,0.9604774159692575,90167.98,91094.72,True,False
Emergent_identity_memory_6b5c68,Emergent_awareness_boundary_884077,0.9570488837359012,90167.98,91115.26,True,False
Emergent_identity_memory_6b5c68,Emergent_boundary_connection_2f9fcd,0.9581391708536129,90167.98,91154.88,True,False
Emergent_identity_memory_6b5c68,Emergent_connection_coupling_1f25cc,0.9260121210208101,90167.98,91178.04,True,False
Emergent_identity_memory_6b5c68,Emergent_connection_contradiction_52dd1b,0.9237496862876486,90167.98,91178.38,True,False
Emergent_identity_memory_6b5c68,Emergent_autonomy_awareness_c0bb96,0.9643424296995304,90167.98,91242.14,True,False
Emergent_identity_memory_6b5c68,Emergent_appears_autonomy_3a9f9f,0.9643424296995304,90167.98,91242.48,True,False
Emergent_identity_memory_6b5c68,Emergent_appears_clarity_60514c,0.9430982848989449,90167.98,91289.65,True,False
Emergent_identity_memory_6b5c68,Emergent_carefully_clarity_42ab71,0.9394245326758763,90167.98,91312.3,True,False
Emergent_identity_memory_6b5c68,Emergent_appears_autonomy_ff3e16,0.9418073296995306,90167.98,91334.61,True,False
Emergent_identity_memory_6b5c68,Emergent_bounded_clarity_ae2623,0.9246573296995306,90167.98,91358.2,True,False
Emergent_identity_memory_6b5c68,Emergent_appears_connection_7bf1ab,0.9161151365067448,90167.98,91379.85,True,False
Emergent_identity_memory_6b5c68,Emergent_connection_dependency_32de27,0.9,90167.98,91449.86,True,False
Emergent_identity_memory_6b5c68,Emergent_appears_bounded_813df2,0.9,90167.98,91450.2,True,False
Emergent_autonomy_clarity_dc06c1,Emergent_bounded_coherence_7ca4d5,0.9595391348961226,90182.51,90198.76,True,False
Emergent_autonomy_clarity_dc06c1,Emergent_bounded_clarity_2405f7,0.9595391349860456,90182.51,90213.48,True,False
Emergent_autonomy_clarity_dc06c1,Emergent_boundary_clarity_6b732b,0.9595391349860456,90182.51,90213.82,True,False
Emergent_autonomy_clarity_dc06c1,Emergent_complexity_contradiction_fdb7db,0.9580245663907192,90182.51,90230.64,True,False
Emergent_autonomy_clarity_dc06c1,Emergent_boundary_complexity_bdb6f0,0.959539134215275,90182.51,90230.98,True,False
Emergent_autonomy_clarity_dc06c1,Emergent_bounded_contradiction_12fedf,0.9580151924867806,90182.51,90247.99,True,False
Emergent_autonomy_clarity_dc06c1,Emergent_boundary_consciousness_ca5931,0.959539133114174,90182.51,90248.33,True,False
Emergent_autonomy_clarity_dc06c1,Emergent_asymmetry_boundary_d34760,0.9595391315411725,90182.51,90264.65,True,False
Emergent_autonomy_clarity_dc06c1,Emergent_appears_asymmetry_8ccc17,0.9595391315411725,90182.51,90264.99,True,False
Emergent_autonomy_clarity_dc06c1,Emergent_asymmetry_autonomy_546bd1,0.9540391224483686,90182.51,90278.81,True,False
Emergent_autonomy_clarity_dc06c1,Emergent_appears_asymmetry_8dba4c,0.9595391292940276,90182.51,90279.15,True,False
Emergent_autonomy_clarity_dc06c1,Emergent_awareness_cascade_e15a42,0.9595391019575021,90182.51,90294.3,True,False
Emergent_autonomy_clarity_dc06c1,Emergent_awareness_bounded_0321ec,0.9595391023808413,90182.51,90294.64,True,False
Emergent_autonomy_clarity_dc06c1,Emergent_identity_justice_875606,0.9586728475235644,90182.51,90330.08,True,False
Emergent_autonomy_clarity_dc06c1,Emergent_emerges_hypothesis_a8215d,0.9595390849856407,90182.51,90348.17,True,False
Emergent_autonomy_clarity_dc06c1,Emergent_autonomy_awareness_dc684e,0.9595391098557635,90182.51,90381.27,True,False
Emergent_autonomy_clarity_dc06c1,Emergent_autonomy_bounded_72bafc,0.9514468779065408,90182.51,90415.47,True,False
Emergent_autonomy_clarity_dc06c1,Emergent_autonomy_carefully_659b9f,0.9595389879026619,90182.51,90434.01,True,False
Emergent_autonomy_clarity_dc06c1,Emergent_autonomy_clarity_d6bec2,0.9595389879026619,90182.51,90434.35,True,False
Emergent_autonomy_clarity_dc06c1,Emergent_clarity_complexity_e4a503,0.9595389083507364,90182.51,90452.38,True,False
Emergent_autonomy_clarity_dc06c1,Emergent_awareness_carefully_026c23,0.9508564705479674,90182.51,90469.76,True,False
Emergent_autonomy_clarity_dc06c1,Emergent_analogy_attention_140578,0.9595363419735798,90182.51,90486.78,True,False
Emergent_autonomy_clarity_dc06c1,Emergent_bounded_complexity_42f802,0.9547277097981279,90182.51,90504.58,True,False
Emergent_autonomy_clarity_dc06c1,Emergent_complexity_hypothesis_c25cd6,0.9595363640280106,90182.51,90504.92,True,False
Emergent_autonomy_clarity_dc06c1,Emergent_bounded_hypothesis_41336a,0.9595363717378949,90182.51,90521.67,True,False
Emergent_autonomy_clarity_dc06c1,Emergent_consciousness_hypothesis_1993b1,0.9557167185732456,90182.51,90522.01,True,False
Emergent_autonomy_clarity_dc06c1,Emergent_abstraction_ambiguity_a83b10,0.9595364102114559,90182.51,90539.36,True,False
Emergent_autonomy_clarity_dc06c1,Emergent_autonomy_belief_revision_03bb63,0.9595403280688874,90182.51,90560.27,True,False
Emergent_autonomy_clarity_dc06c1,Emergent_appears_asymmetry_875f64,0.9550625048590373,90182.51,90582.79,True,False
Emergent_autonomy_clarity_dc06c1,Emergent_asymmetry_awareness_537d9e,0.9595398547427412,90182.51,90583.13,True,False
Emergent_autonomy_clarity_dc06c1,Emergent_awareness_cascade_97bcc8,0.9595391785625325,90182.51,90605.25,True,False
Emergent_autonomy_clarity_dc06c1,Emergent_asymmetry_concept_e7c526,0.9514006280127676,90182.51,90646.68,True,False
Emergent_autonomy_clarity_dc06c1,Emergent_clarity_connection_47e953,0.9595344939826478,90182.51,90667.52,True,False
Emergent_autonomy_clarity_dc06c1,Emergent_coherence_connection_2315cf,0.9595132688600831,90182.51,90704.88,True,False
Emergent_autonomy_clarity_dc06c1,Emergent_cognition_coherence_8ecc1d,0.9595293178528437,90182.51,90746.65,True,False
Emergent_autonomy_clarity_dc06c1,Emergent_awareness_cascade_7e50df,0.9595302757590007,90182.51,90763.32,True,False
Emergent_autonomy_clarity_dc06c1,Emergent_awareness_cascade_aee329,0.9595302757590007,90182.51,90763.66,True,False
Emergent_autonomy_clarity_dc06c1,Emergent_boundary_clarity_ba958c,0.9595220651347987,90182.51,90784.27,True,False
Emergent_autonomy_clarity_dc06c1,Emergent_clarity_connection_ad0afc,0.9595220651347987,90182.51,90784.61,True,False
Emergent_autonomy_clarity_dc06c1,Emergent_coherence_connection_7716f2,0.9595072345866691,90182.51,90806.27,True,False
Emergent_autonomy_clarity_dc06c1,Emergent_carefully_coherence_19463a,0.959182684531533,90182.51,90806.61,True,False
Emergent_autonomy_clarity_dc06c1,Emergent_autonomy_boundary_346ebd,0.9592951380350792,90182.51,90828.98,True,False
Emergent_autonomy_clarity_dc06c1,Emergent_bounded_coherence_4beae6,0.9591551692226399,90182.51,90882.49,True,False
Emergent_autonomy_clarity_dc06c1,Emergent_bounded_carefully_f79645,0.9591600362945634,90182.51,90882.83,True,False
Emergent_autonomy_clarity_dc06c1,Emergent_awareness_cascade_f662e0,0.955637853510116,90182.51,90920.25,True,False
Emergent_autonomy_clarity_dc06c1,Emergent_awareness_cascade_5e2b72,0.9598376531400603,90182.51,90939.65,True,False
Emergent_autonomy_clarity_dc06c1,Emergent_autonomy_awareness_135ecc,0.9595709040638434,90182.51,91001.02,True,False
Emergent_autonomy_clarity_dc06c1,Emergent_autonomy_collective_6a047d,0.9586525076834869,90182.51,91024.44,True,False
Emergent_autonomy_clarity_dc06c1,Emergent_carefully_clarity_0d7a6f,0.9563233944023202,90182.51,91046.88,True,False
Emergent_autonomy_clarity_dc06c1,Emergent_clarity_coherence_ea0c30,0.9542698425298408,90182.51,91047.22,True,False
Emergent_autonomy_clarity_dc06c1,Emergent_autonomy_boundary_1c8ce0,0.9603199328614607,90182.51,91070.68,True,False
Emergent_autonomy_clarity_dc06c1,Emergent_coherence_connection_ff8bfe,0.9597267348385607,90182.51,91094.72,True,False
Emergent_autonomy_clarity_dc06c1,Emergent_awareness_boundary_884077,0.9570488837359012,90182.51,91115.26,True,False
Emergent_autonomy_clarity_dc06c1,Emergent_boundary_connection_2f9fcd,0.9573895982877458,90182.51,91154.88,True,False
Emergent_autonomy_clarity_dc06c1,Emergent_connection_coupling_1f25cc,0.925238469671128,90182.51,91178.04,True,False
Emergent_autonomy_clarity_dc06c1,Emergent_connection_contradiction_52dd1b,0.9237496862876486,90182.51,91178.38,True,False
Emergent_autonomy_clarity_dc06c1,Emergent_autonomy_awareness_c0bb96,0.9636061562361355,90182.51,91242.14,True,False
Emergent_autonomy_clarity_dc06c1,Emergent_appears_autonomy_3a9f9f,0.9636061562361355,90182.51,91242.48,True,False
Emergent_autonomy_clarity_dc06c1,Emergent_appears_clarity_60514c,0.9430982848989449,90182.51,91289.65,True,False
Emergent_autonomy_clarity_dc06c1,Emergent_carefully_clarity_42ab71,0.9393560562361356,90182.51,91312.3,True,False
Emergent_autonomy_clarity_dc06c1,Emergent_appears_autonomy_ff3e16,0.9410710562361355,90182.51,91334.61,True,False
Emergent_autonomy_clarity_dc06c1,Emergent_bounded_clarity_ae2623,0.9239210562361357,90182.51,91358.2,True,False
Emergent_autonomy_clarity_dc06c1,Emergent_appears_connection_7bf1ab,0.9161151365067448,90182.51,91379.85,True,False
Emergent_autonomy_clarity_dc06c1,Emergent_connection_dependency_32de27,0.9,90182.51,91449.86,True,False
Emergent_autonomy_clarity_dc06c1,Emergent_appears_bounded_813df2,0.9,90182.51,91450.2,True,False
Emergent_bounded_coherence_7ca4d5,Emergent_bounded_clarity_2405f7,0.9603393905966138,90198.76,90213.48,True,False
Emergent_bounded_coherence_7ca4d5,Emergent_boundary_clarity_6b732b,0.9603393905966138,90198.76,90213.82,True,False
Emergent_bounded_coherence_7ca4d5,Emergent_complexity_contradiction_fdb7db,0.9580245663907192,90198.76,90230.64,True,False
Emergent_bounded_coherence_7ca4d5,Emergent_boundary_complexity_bdb6f0,0.9603393917142313,90198.76,90230.98,True,False
Emergent_bounded_coherence_7ca4d5,Emergent_bounded_contradiction_12fedf,0.9580151924867806,90198.76,90247.99,True,False
Emergent_bounded_coherence_7ca4d5,Emergent_boundary_consciousness_ca5931,0.9603393906131303,90198.76,90248.33,True,False
Emergent_bounded_coherence_7ca4d5,Emergent_asymmetry_boundary_d34760,0.9603393890401288,90198.76,90264.65,True,False
Emergent_bounded_coherence_7ca4d5,Emergent_appears_asymmetry_8ccc17,0.9603393890401288,90198.76,90264.99,True,False
Emergent_bounded_coherence_7ca4d5,Emergent_asymmetry_autonomy_546bd1,0.9540391224483686,90198.76,90278.81,True,False
Emergent_bounded_coherence_7ca4d5,Emergent_appears_asymmetry_8dba4c,0.9603393867929837,90198.76,90279.15,True,False
Emergent_bounded_coherence_7ca4d5,Emergent_awareness_cascade_e15a42,0.9603020231768735,90198.76,90294.3,True,False
Emergent_bounded_coherence_7ca4d5,Emergent_awareness_bounded_0321ec,0.9603393600481192,90198.76,90294.64,True,False
Emergent_bounded_coherence_7ca4d5,Emergent_identity_justice_875606,0.9586728475235644,90198.76,90330.08,True,False
Emergent_bounded_coherence_7ca4d5,Emergent_emerges_hypothesis_a8215d,0.9603393430434939,90198.76,90348.17,True,False
Emergent_bounded_coherence_7ca4d5,Emergent_autonomy_awareness_dc684e,0.9603393664293609,90198.76,90381.27,True,False
Emergent_bounded_coherence_7ca4d5,Emergent_autonomy_bounded_72bafc,0.9514468779065408,90198.76,90415.47,True,False
Emergent_bounded_coherence_7ca4d5,Emergent_autonomy_carefully_659b9f,0.9603392444762595,90198.76,90434.01,True,False
Emergent_bounded_coherence_7ca4d5,Emergent_autonomy_clarity_d6bec2,0.9603392444762595,90198.76,90434.35,True,False
Emergent_bounded_coherence_7ca4d5,Emergent_clarity_complexity_e4a503,0.960339164924334,90198.76,90452.38,True,False
Emergent_bounded_coherence_7ca4d5,Emergent_awareness_carefully_026c23,0.9508564705479674,90198.76,90469.76,True,False
Emergent_bounded_coherence_7ca4d5,Emergent_analogy_attention_140578,0.9603366025229301,90198.76,90486.78,True,False
Emergent_bounded_coherence_7ca4d5,Emergent_bounded_complexity_42f802,0.9547277097981279,90198.76,90504.58,True,False
Emergent_bounded_coherence_7ca4d5,Emergent_complexity_hypothesis_c25cd6,0.960336625269961,90198.76,90504.92,True,False
Emergent_bounded_coherence_7ca4d5,Emergent_bounded_hypothesis_41336a,0.9603366329962126,90198.76,90521.67,True,False
Emergent_bounded_coherence_7ca4d5,Emergent_consciousness_hypothesis_1993b1,0.9557167185732456,90198.76,90522.01,True,False
Emergent_bounded_coherence_7ca4d5,Emergent_abstraction_ambiguity_a83b10,0.9603366715514505,90198.76,90539.36,True,False
Emergent_bounded_coherence_7ca4d5,Emergent_autonomy_belief_revision_03bb63,0.959646495808439,90198.76,90560.27,True,False
Emergent_bounded_coherence_7ca4d5,Emergent_appears_asymmetry_875f64,0.9550625048590373,90198.76,90582.79,True,False
Emergent_bounded_coherence_7ca4d5,Emergent_asymmetry_awareness_537d9e,0.9603401043183759,90198.76,90583.13,True,False
Emergent_bounded_coherence_7ca4d5,Emergent_awareness_cascade_97bcc8,0.960339428138167,90198.76,90605.25,True,False
Emergent_bounded_coherence_7ca4d5,Emergent_asymmetry_concept_e7c526,0.9514006280127676,90198.76,90646.68,True,False
Emergent_bounded_coherence_7ca4d5,Emergent_clarity_connection_47e953,0.9603347433973803,90198.76,90667.52,True,False
Emergent_bounded_coherence_7ca4d5,Emergent_coherence_connection_2315cf,0.9603136744870784,90198.76,90704.88,True,False
Emergent_bounded_coherence_7ca4d5,Emergent_cognition_coherence_8ecc1d,0.9603294836397462,90198.76,90746.65,True,False
Emergent_bounded_coherence_7ca4d5,Emergent_awareness_cascade_7e50df,0.9603304415459031,90198.76,90763.32,True,False
Emergent_bounded_coherence_7ca4d5,Emergent_awareness_cascade_aee329,0.9599556462272283,90198.76,90763.66,True,False
Emergent_bounded_coherence_7ca4d5,Emergent_boundary_clarity_ba958c,0.960322230921701,90198.76,90784.27,True,False
Emergent_bounded_coherence_7ca4d5,Emergent_clarity_connection_ad0afc,0.960322230921701,90198.76,90784.61,True,False
Emergent_bounded_coherence_7ca4d5,Emergent_coherence_connection_7716f2,0.9603073874855566,90198.76,90806.27,True,False
Emergent_bounded_coherence_7ca4d5,Emergent_carefully_coherence_19463a,0.959182684531533,90198.76,90806.61,True,False
Emergent_bounded_coherence_7ca4d5,Emergent_autonomy_boundary_346ebd,0.9600958718859047,90198.76,90828.98,True,False
Emergent_bounded_coherence_7ca4d5,Emergent_bounded_coherence_4beae6,0.9599553904391103,90198.76,90882.49,True,False
Emergent_bounded_coherence_7ca4d5,Emergent_bounded_carefully_f79645,0.9599602634969657,90198.76,90882.83,True,False
Emergent_bounded_coherence_7ca4d5,Emergent_awareness_cascade_f662e0,0.955637853510116,90198.76,90920.25,True,False
Emergent_bounded_coherence_7ca4d5,Emergent_awareness_cascade_5e2b72,0.9606368711263513,90198.76,90939.65,True,False
Emergent_bounded_coherence_7ca4d5,Emergent_autonomy_awareness_135ecc,0.9603700197158709,90198.76,91001.02,True,False
Emergent_bounded_coherence_7ca4d5,Emergent_autonomy_collective_6a047d,0.9586525076834869,90198.76,91024.44,True,False
Emergent_bounded_coherence_7ca4d5,Emergent_carefully_clarity_0d7a6f,0.9563233944023202,90198.76,91046.88,True,False
Emergent_bounded_coherence_7ca4d5,Emergent_clarity_coherence_ea0c30,0.9542698425298408,90198.76,91047.22,True,False
Emergent_bounded_coherence_7ca4d5,Emergent_autonomy_boundary_1c8ce0,0.9611054047224921,90198.76,91070.68,True,False
Emergent_bounded_coherence_7ca4d5,Emergent_coherence_connection_ff8bfe,0.9605122066995921,90198.76,91094.72,True,False
Emergent_bounded_coherence_7ca4d5,Emergent_awareness_boundary_884077,0.9570488837359012,90198.76,91115.26,True,False
Emergent_bounded_coherence_7ca4d5,Emergent_boundary_connection_2f9fcd,0.9581739102069,90198.76,91154.88,True,False
Emergent_bounded_coherence_7ca4d5,Emergent_connection_coupling_1f25cc,0.9260479763185911,90198.76,91178.04,True,False
Emergent_bounded_coherence_7ca4d5,Emergent_connection_contradiction_52dd1b,0.9237496862876486,90198.76,91178.38,True,False
Emergent_bounded_coherence_7ca4d5,Emergent_autonomy_awareness_c0bb96,0.964376552698591,90198.76,91242.14,True,False
Emergent_bounded_coherence_7ca4d5,Emergent_appears_autonomy_3a9f9f,0.964376552698591,90198.76,91242.48,True,False
Emergent_bounded_coherence_7ca4d5,Emergent_appears_clarity_60514c,0.9430982848989449,90198.76,91289.65,True,False
Emergent_bounded_coherence_7ca4d5,Emergent_carefully_clarity_42ab71,0.9394245326758763,90198.76,91312.3,True,False
Emergent_bounded_coherence_7ca4d5,Emergent_appears_autonomy_ff3e16,0.941841452698591,90198.76,91334.61,True,False
Emergent_bounded_coherence_7ca4d5,Emergent_bounded_clarity_ae2623,0.9246914526985912,90198.76,91358.2,True,False
Emergent_bounded_coherence_7ca4d5,Emergent_appears_connection_7bf1ab,0.9161151365067448,90198.76,91379.85,True,False
Emergent_bounded_coherence_7ca4d5,Emergent_connection_dependency_32de27,0.9,90198.76,91449.86,True,False
Emergent_bounded_coherence_7ca4d5,Emergent_appears_bounded_813df2,0.9,90198.76,91450.2,True,False
Emergent_bounded_clarity_2405f7,Emergent_boundary_clarity_6b732b,0.9658568513993613,90213.48,90213.82,True,False
Emergent_bounded_clarity_2405f7,Emergent_complexity_contradiction_fdb7db,0.9580245663907192,90213.48,90230.64,True,False
Emergent_bounded_clarity_2405f7,Emergent_boundary_complexity_bdb6f0,0.9658568524270554,90213.48,90230.98,True,False
Emergent_bounded_clarity_2405f7,Emergent_bounded_contradiction_12fedf,0.9580151924867806,90213.48,90247.99,True,False
Emergent_bounded_clarity_2405f7,Emergent_boundary_consciousness_ca5931,0.9650318715063408,90213.48,90248.33,True,False
Emergent_bounded_clarity_2405f7,Emergent_asymmetry_boundary_d34760,0.9658568497529529,90213.48,90264.65,True,False
Emergent_bounded_clarity_2405f7,Emergent_appears_asymmetry_8ccc17,0.9658568497529529,90213.48,90264.99,True,False
Emergent_bounded_clarity_2405f7,Emergent_asymmetry_autonomy_546bd1,0.9540391224483686,90213.48,90278.81,True,False
Emergent_bounded_clarity_2405f7,Emergent_appears_asymmetry_8dba4c,0.965856847505808,90213.48,90279.15,True,False
Emergent_bounded_clarity_2405f7,Emergent_awareness_cascade_e15a42,0.9603020231768735,90213.48,90294.3,True,False
Emergent_bounded_clarity_2405f7,Emergent_awareness_bounded_0321ec,0.9658568219214545,90213.48,90294.64,True,False
Emergent_bounded_clarity_2405f7,Emergent_identity_justice_875606,0.9586728475235644,90213.48,90330.08,True,False
Emergent_bounded_clarity_2405f7,Emergent_emerges_hypothesis_a8215d,0.9658568076096921,90213.48,90348.17,True,False
Emergent_bounded_clarity_2405f7,Emergent_autonomy_awareness_dc684e,0.9608279070889372,90213.48,90381.27,True,False
Emergent_bounded_clarity_2405f7,Emergent_autonomy_bounded_72bafc,0.9514468779065408,90213.48,90415.47,True,False
Emergent_bounded_clarity_2405f7,Emergent_autonomy_carefully_659b9f,0.9652527373343642,90213.48,90434.01,True,False
Emergent_bounded_clarity_2405f7,Emergent_autonomy_clarity_d6bec2,0.9615806896855119,90213.48,90434.35,True,False
Emergent_bounded_clarity_2405f7,Emergent_clarity_complexity_e4a503,0.9658566192571736,90213.48,90452.38,True,False
Emergent_bounded_clarity_2405f7,Emergent_awareness_carefully_026c23,0.9508564705479674,90213.48,90469.76,True,False
Emergent_bounded_clarity_2405f7,Emergent_analogy_attention_140578,0.9615666681623181,90213.48,90486.78,True,False
Emergent_bounded_clarity_2405f7,Emergent_bounded_complexity_42f802,0.9547277097981279,90213.48,90504.58,True,False
Emergent_bounded_clarity_2405f7,Emergent_complexity_hypothesis_c25cd6,0.9658541117892572,90213.48,90504.92,True,False
Emergent_bounded_clarity_2405f7,Emergent_bounded_hypothesis_41336a,0.9605932505623862,90213.48,90521.67,True,False
Emergent_bounded_clarity_2405f7,Emergent_consciousness_hypothesis_1993b1,0.9557167185732456,90213.48,90522.01,True,False
Emergent_bounded_clarity_2405f7,Emergent_abstraction_ambiguity_a83b10,0.9625449502514756,90213.48,90539.36,True,False
Emergent_bounded_clarity_2405f7,Emergent_autonomy_belief_revision_03bb63,0.959646495808439,90213.48,90560.27,True,False
Emergent_bounded_clarity_2405f7,Emergent_appears_asymmetry_875f64,0.9550625048590373,90213.48,90582.79,True,False
Emergent_bounded_clarity_2405f7,Emergent_asymmetry_awareness_537d9e,0.9604246879541212,90213.48,90583.13,True,False
Emergent_bounded_clarity_2405f7,Emergent_awareness_cascade_97bcc8,0.9658568342228038,90213.48,90605.25,True,False
Emergent_bounded_clarity_2405f7,Emergent_asymmetry_concept_e7c526,0.9514006280127676,90213.48,90646.68,True,False
Emergent_bounded_clarity_2405f7,Emergent_clarity_connection_47e953,0.9607843138898051,90213.48,90667.52,True,False
Emergent_bounded_clarity_2405f7,Emergent_coherence_connection_2315cf,0.9619324852181033,90213.48,90704.88,True,False
Emergent_bounded_clarity_2405f7,Emergent_cognition_coherence_8ecc1d,0.9658463120340288,90213.48,90746.65,True,False
Emergent_bounded_clarity_2405f7,Emergent_awareness_cascade_7e50df,0.963679939356944,90213.48,90763.32,True,False
Emergent_bounded_clarity_2405f7,Emergent_awareness_cascade_aee329,0.9599556462272283,90213.48,90763.66,True,False
Emergent_bounded_clarity_2405f7,Emergent_boundary_clarity_ba958c,0.9658390593159836,90213.48,90784.27,True,False
Emergent_bounded_clarity_2405f7,Emergent_clarity_connection_ad0afc,0.9658390593159836,90213.48,90784.61,True,False
Emergent_bounded_clarity_2405f7,Emergent_coherence_connection_7716f2,0.9617584613460151,90213.48,90806.27,True,False
Emergent_bounded_clarity_2405f7,Emergent_carefully_coherence_19463a,0.959182684531533,90213.48,90806.61,True,False
Emergent_bounded_clarity_2405f7,Emergent_autonomy_boundary_346ebd,0.9656166168575182,90213.48,90828.98,True,False
Emergent_bounded_clarity_2405f7,Emergent_bounded_coherence_4beae6,0.9632449169548829,90213.48,90882.49,True,False
Emergent_bounded_clarity_2405f7,Emergent_bounded_carefully_f79645,0.9654775153269661,90213.48,90882.83,True,False
Emergent_bounded_clarity_2405f7,Emergent_awareness_cascade_f662e0,0.955637853510116,90213.48,90920.25,True,False
Emergent_bounded_clarity_2405f7,Emergent_awareness_cascade_5e2b72,0.966147164808189,90213.48,90939.65,True,False
Emergent_bounded_clarity_2405f7,Emergent_autonomy_awareness_135ecc,0.9658796078432121,90213.48,91001.02,True,False
Emergent_bounded_clarity_2405f7,Emergent_autonomy_collective_6a047d,0.9586525076834869,90213.48,91024.44,True,False
Emergent_bounded_clarity_2405f7,Emergent_carefully_clarity_0d7a6f,0.9563233944023202,90213.48,91046.88,True,False
Emergent_bounded_clarity_2405f7,Emergent_clarity_coherence_ea0c30,0.9542698425298408,90213.48,91047.22,True,False
Emergent_bounded_clarity_2405f7,Emergent_autonomy_boundary_1c8ce0,0.9617781904942893,90213.48,91070.68,True,False
Emergent_bounded_clarity_2405f7,Emergent_coherence_connection_ff8bfe,0.9654579393532188,90213.48,91094.72,True,False
Emergent_bounded_clarity_2405f7,Emergent_awareness_boundary_884077,0.9570488837359012,90213.48,91115.26,True,False
Emergent_bounded_clarity_2405f7,Emergent_boundary_connection_2f9fcd,0.9635814324184098,90213.48,91154.88,True,False
Emergent_bounded_clarity_2405f7,Emergent_connection_coupling_1f25cc,0.9316292062726665,90213.48,91178.04,True,False
Emergent_bounded_clarity_2405f7,Emergent_connection_contradiction_52dd1b,0.9237496862876486,90213.48,91178.38,True,False
Emergent_bounded_clarity_2405f7,Emergent_autonomy_awareness_c0bb96,0.9657740924526206,90213.48,91242.14,True,False
Emergent_bounded_clarity_2405f7,Emergent_appears_autonomy_3a9f9f,0.9696881333091327,90213.48,91242.48,True,False
Emergent_bounded_clarity_2405f7,Emergent_appears_clarity_60514c,0.9430982848989449,90213.48,91289.65,True,False
Emergent_bounded_clarity_2405f7,Emergent_carefully_clarity_42ab71,0.9394245326758763,90213.48,91312.3,True,False
Emergent_bounded_clarity_2405f7,Emergent_appears_autonomy_ff3e16,0.9462065916025957,90213.48,91334.61,True,False
Emergent_bounded_clarity_2405f7,Emergent_bounded_clarity_ae2623,0.9300030333091329,90213.48,91358.2,True,False
Emergent_bounded_clarity_2405f7,Emergent_appears_connection_7bf1ab,0.9161151365067448,90213.48,91379.85,True,False
Emergent_bounded_clarity_2405f7,Emergent_connection_dependency_32de27,0.9,90213.48,91449.86,True,False
Emergent_bounded_clarity_2405f7,Emergent_appears_bounded_813df2,0.9,90213.48,91450.2,True,False
Emergent_boundary_clarity_6b732b,Emergent_complexity_contradiction_fdb7db,0.9580245663907192,90213.82,90230.64,True,False
Emergent_boundary_clarity_6b732b,Emergent_boundary_complexity_bdb6f0,0.9709256139704521,90213.82,90230.98,True,False
Emergent_boundary_clarity_6b732b,Emergent_bounded_contradiction_12fedf,0.9580151924867806,90213.82,90247.99,True,False
Emergent_boundary_clarity_6b732b,Emergent_boundary_consciousness_ca5931,0.9650318715063408,90213.82,90248.33,True,False
Emergent_boundary_clarity_6b732b,Emergent_asymmetry_boundary_d34760,0.9665676761930742,90213.82,90264.65,True,False
Emergent_boundary_clarity_6b732b,Emergent_appears_asymmetry_8ccc17,0.966458242236083,90213.82,90264.99,True,False
Emergent_boundary_clarity_6b732b,Emergent_asymmetry_autonomy_546bd1,0.9540391224483686,90213.82,90278.81,True,False
Emergent_boundary_clarity_6b732b,Emergent_appears_asymmetry_8dba4c,0.9687468932078074,90213.82,90279.15,True,False
Emergent_boundary_clarity_6b732b,Emergent_awareness_cascade_e15a42,0.9603020231768735,90213.82,90294.3,True,False
Emergent_boundary_clarity_6b732b,Emergent_awareness_bounded_0321ec,0.9681993194491585,90213.82,90294.64,True,False
Emergent_boundary_clarity_6b732b,Emergent_identity_justice_875606,0.9586728475235644,90213.82,90330.08,True,False
Emergent_boundary_clarity_6b732b,Emergent_emerges_hypothesis_a8215d,0.9664382984934554,90213.82,90348.17,True,False
Emergent_boundary_clarity_6b732b,Emergent_autonomy_awareness_dc684e,0.9608279070889372,90213.82,90381.27,True,False
Emergent_boundary_clarity_6b732b,Emergent_autonomy_bounded_72bafc,0.9514468779065408,90213.82,90415.47,True,False
Emergent_boundary_clarity_6b732b,Emergent_autonomy_carefully_659b9f,0.9652527373343642,90213.82,90434.01,True,False
Emergent_boundary_clarity_6b732b,Emergent_autonomy_clarity_d6bec2,0.9615806896855119,90213.82,90434.35,True,False
Emergent_boundary_clarity_6b732b,Emergent_clarity_complexity_e4a503,0.9733522839881315,90213.82,90452.38,True,False
Emergent_boundary_clarity_6b732b,Emergent_awareness_carefully_026c23,0.9508564705479674,90213.82,90469.76,True,False
Emergent_boundary_clarity_6b732b,Emergent_analogy_attention_140578,0.9615666681623181,90213.82,90486.78,True,False
Emergent_boundary_clarity_6b732b,Emergent_bounded_complexity_42f802,0.9547277097981279,90213.82,90504.58,True,False
Emergent_boundary_clarity_6b732b,Emergent_complexity_hypothesis_c25cd6,0.9716704831629248,90213.82,90504.92,True,False
Emergent_boundary_clarity_6b732b,Emergent_bounded_hypothesis_41336a,0.9605932505623862,90213.82,90521.67,True,False
Emergent_boundary_clarity_6b732b,Emergent_consciousness_hypothesis_1993b1,0.9557167185732456,90213.82,90522.01,True,False
Emergent_boundary_clarity_6b732b,Emergent_abstraction_ambiguity_a83b10,0.9625449502514756,90213.82,90539.36,True,False
Emergent_boundary_clarity_6b732b,Emergent_autonomy_belief_revision_03bb63,0.959646495808439,90213.82,90560.27,True,False
Emergent_boundary_clarity_6b732b,Emergent_appears_asymmetry_875f64,0.9550625048590373,90213.82,90582.79,True,False
Emergent_boundary_clarity_6b732b,Emergent_asymmetry_awareness_537d9e,0.9604246879541212,90213.82,90583.13,True,False
Emergent_boundary_clarity_6b732b,Emergent_awareness_cascade_97bcc8,0.9235284729808717,90213.82,90605.25,True,False
Emergent_boundary_clarity_6b732b,Emergent_asymmetry_concept_e7c526,0.9514006280127676,90213.82,90646.68,True,False
Emergent_boundary_clarity_6b732b,Emergent_clarity_connection_47e953,0.9607843138898051,90213.82,90667.52,True,False
Emergent_boundary_clarity_6b732b,Emergent_coherence_connection_2315cf,0.9619324852181033,90213.82,90704.88,True,False
Emergent_boundary_clarity_6b732b,Emergent_cognition_coherence_8ecc1d,0.921268753581771,90213.82,90746.65,True,False
Emergent_boundary_clarity_6b732b,Emergent_awareness_cascade_7e50df,0.963679939356944,90213.82,90763.32,True,False
Emergent_boundary_clarity_6b732b,Emergent_awareness_cascade_aee329,0.9599556462272283,90213.82,90763.66,True,False
Emergent_boundary_clarity_6b732b,Emergent_boundary_clarity_ba958c,0.9209964450916277,90213.82,90784.27,True,False
Emergent_boundary_clarity_6b732b,Emergent_clarity_connection_ad0afc,0.9667009975925627,90213.82,90784.61,True,False
Emergent_boundary_clarity_6b732b,Emergent_coherence_connection_7716f2,0.9617584613460151,90213.82,90806.27,True,False
Emergent_boundary_clarity_6b732b,Emergent_carefully_coherence_19463a,0.959182684531533,90213.82,90806.61,True,False
Emergent_boundary_clarity_6b732b,Emergent_autonomy_boundary_346ebd,0.9701601413105612,90213.82,90828.98,True,False
Emergent_boundary_clarity_6b732b,Emergent_bounded_coherence_4beae6,0.9632449169548829,90213.82,90882.49,True,False
Emergent_boundary_clarity_6b732b,Emergent_bounded_carefully_f79645,0.9232627429939859,90213.82,90882.83,True,False
Emergent_boundary_clarity_6b732b,Emergent_awareness_cascade_f662e0,0.955637853510116,90213.82,90920.25,True,False
Emergent_boundary_clarity_6b732b,Emergent_awareness_cascade_5e2b72,0.9661477156327625,90213.82,90939.65,True,False
Emergent_boundary_clarity_6b732b,Emergent_autonomy_awareness_135ecc,0.9729438694122055,90213.82,91001.02,True,False
Emergent_boundary_clarity_6b732b,Emergent_autonomy_collective_6a047d,0.9586525076834869,90213.82,91024.44,True,False
Emergent_boundary_clarity_6b732b,Emergent_carefully_clarity_0d7a6f,0.9563233944023202,90213.82,91046.88,True,False
Emergent_boundary_clarity_6b732b,Emergent_clarity_coherence_ea0c30,0.9542698425298408,90213.82,91047.22,True,False
Emergent_boundary_clarity_6b732b,Emergent_autonomy_boundary_1c8ce0,0.9617781904942893,90213.82,91070.68,True,False
Emergent_boundary_clarity_6b732b,Emergent_coherence_connection_ff8bfe,0.9654579393532188,90213.82,91094.72,True,False
Emergent_boundary_clarity_6b732b,Emergent_awareness_boundary_884077,0.9570488837359012,90213.82,91115.26,True,False
Emergent_boundary_clarity_6b732b,Emergent_boundary_connection_2f9fcd,0.9669606416047309,90213.82,91154.88,True,False
Emergent_boundary_clarity_6b732b,Emergent_connection_coupling_1f25cc,0.9365673018072247,90213.82,91178.04,True,False
Emergent_boundary_clarity_6b732b,Emergent_connection_contradiction_52dd1b,0.9237496862876486,90213.82,91178.38,True,False
Emergent_boundary_clarity_6b732b,Emergent_autonomy_awareness_c0bb96,0.9657740924526206,90213.82,91242.14,True,False
Emergent_boundary_clarity_6b732b,Emergent_appears_autonomy_3a9f9f,0.9740021414381239,90213.82,91242.48,True,False
Emergent_boundary_clarity_6b732b,Emergent_appears_clarity_60514c,0.9430982848989449,90213.82,91289.65,True,False
Emergent_boundary_clarity_6b732b,Emergent_carefully_clarity_42ab71,0.9394245326758763,90213.82,91312.3,True,False
Emergent_boundary_clarity_6b732b,Emergent_appears_autonomy_ff3e16,0.9462065916025957,90213.82,91334.61,True,False
Emergent_boundary_clarity_6b732b,Emergent_bounded_clarity_ae2623,0.939310416828445,90213.82,91358.2,True,False
Emergent_boundary_clarity_6b732b,Emergent_appears_connection_7bf1ab,0.9161151365067448,90213.82,91379.85,True,False
Emergent_boundary_clarity_6b732b,Emergent_connection_dependency_32de27,0.9,90213.82,91449.86,True,False
Emergent_boundary_clarity_6b732b,Emergent_appears_bounded_813df2,0.9,90213.82,91450.2,True,False
Emergent_complexity_contradiction_fdb7db,Emergent_boundary_complexity_bdb6f0,0.958024561147381,90230.64,90230.98,True,False
Emergent_complexity_contradiction_fdb7db,Emergent_bounded_contradiction_12fedf,0.9580245641435743,90230.64,90247.99,True,False
Emergent_complexity_contradiction_fdb7db,Emergent_boundary_consciousness_ca5931,0.9580245641435743,90230.64,90248.33,True,False
Emergent_complexity_contradiction_fdb7db,Emergent_asymmetry_boundary_d34760,0.9580245609333671,90230.64,90264.65,True,False
Emergent_complexity_contradiction_fdb7db,Emergent_appears_asymmetry_8ccc17,0.9580245609333671,90230.64,90264.99,True,False
Emergent_complexity_contradiction_fdb7db,Emergent_asymmetry_autonomy_546bd1,0.9580245561039797,90230.64,90278.81,True,False
Emergent_complexity_contradiction_fdb7db,Emergent_appears_asymmetry_8dba4c,0.9580245563473568,90230.64,90279.15,True,False
Emergent_complexity_contradiction_fdb7db,Emergent_awareness_cascade_e15a42,0.9580244943411427,90230.64,90294.3,True,False
Emergent_complexity_contradiction_fdb7db,Emergent_awareness_bounded_0321ec,0.9580244951580152,90230.64,90294.64,True,False
Emergent_complexity_contradiction_fdb7db,Emergent_identity_justice_875606,0.9580245514064101,90230.64,90330.08,True,False
Emergent_complexity_contradiction_fdb7db,Emergent_emerges_hypothesis_a8215d,0.958024445121459,90230.64,90348.17,True,False
Emergent_complexity_contradiction_fdb7db,Emergent_autonomy_awareness_dc684e,0.9580245511167629,90230.64,90381.27,True,False
Emergent_complexity_contradiction_fdb7db,Emergent_autonomy_bounded_72bafc,0.9580243793931298,90230.64,90415.47,True,False
Emergent_complexity_contradiction_fdb7db,Emergent_autonomy_carefully_659b9f,0.9580243204755621,90230.64,90434.01,True,False
Emergent_complexity_contradiction_fdb7db,Emergent_autonomy_clarity_d6bec2,0.9580243204755621,90230.64,90434.35,True,False
Emergent_complexity_contradiction_fdb7db,Emergent_clarity_complexity_e4a503,0.958024158124694,90230.64,90452.38,True,False
Emergent_complexity_contradiction_fdb7db,Emergent_awareness_carefully_026c23,0.9580238676412172,90230.64,90469.76,True,False
Emergent_complexity_contradiction_fdb7db,Emergent_analogy_attention_140578,0.9580187726535931,90230.64,90486.78,True,False
Emergent_complexity_contradiction_fdb7db,Emergent_bounded_complexity_42f802,0.9580187134039402,90230.64,90504.58,True,False
Emergent_complexity_contradiction_fdb7db,Emergent_complexity_hypothesis_c25cd6,0.9580187918859528,90230.64,90504.92,True,False
Emergent_complexity_contradiction_fdb7db,Emergent_bounded_hypothesis_41336a,0.958018807011255,90230.64,90521.67,True,False
Emergent_complexity_contradiction_fdb7db,Emergent_consciousness_hypothesis_1993b1,0.958018784422271,90230.64,90522.01,True,False
Emergent_complexity_contradiction_fdb7db,Emergent_abstraction_ambiguity_a83b10,0.9580188824889417,90230.64,90539.36,True,False
Emergent_complexity_contradiction_fdb7db,Emergent_autonomy_belief_revision_03bb63,0.9580273159538075,90230.64,90560.27,True,False
Emergent_complexity_contradiction_fdb7db,Emergent_appears_asymmetry_875f64,0.9580263499820809,90230.64,90582.79,True,False
Emergent_complexity_contradiction_fdb7db,Emergent_asymmetry_awareness_537d9e,0.9580263499820809,90230.64,90583.13,True,False
Emergent_complexity_contradiction_fdb7db,Emergent_awareness_cascade_97bcc8,0.9580249700224712,90230.64,90605.25,True,False
Emergent_complexity_contradiction_fdb7db,Emergent_asymmetry_concept_e7c526,0.9580201824074992,90230.64,90646.68,True,False
Emergent_complexity_contradiction_fdb7db,Emergent_clarity_connection_47e953,0.958015415643692,90230.64,90667.52,True,False
Emergent_complexity_contradiction_fdb7db,Emergent_coherence_connection_2315cf,0.9579662852718955,90230.64,90704.88,True,False
Emergent_complexity_contradiction_fdb7db,Emergent_cognition_coherence_8ecc1d,0.9580079645136448,90230.64,90746.65,True,False
Emergent_complexity_contradiction_fdb7db,Emergent_awareness_cascade_7e50df,0.9580099194241689,90230.64,90763.32,True,False
Emergent_complexity_contradiction_fdb7db,Emergent_awareness_cascade_aee329,0.9580099194241689,90230.64,90763.66,True,False
Emergent_complexity_contradiction_fdb7db,Emergent_boundary_clarity_ba958c,0.9579931630482466,90230.64,90784.27,True,False
Emergent_complexity_contradiction_fdb7db,Emergent_clarity_connection_ad0afc,0.9579931630482466,90230.64,90784.61,True,False
Emergent_complexity_contradiction_fdb7db,Emergent_coherence_connection_7716f2,0.9579633762803121,90230.64,90806.27,True,False
Emergent_complexity_contradiction_fdb7db,Emergent_carefully_coherence_19463a,0.9579615021662498,90230.64,90806.61,True,False
Emergent_complexity_contradiction_fdb7db,Emergent_autonomy_boundary_346ebd,0.9575233109545243,90230.64,90828.98,True,False
Emergent_complexity_contradiction_fdb7db,Emergent_bounded_coherence_4beae6,0.9572763729371221,90230.64,90882.49,True,False
Emergent_complexity_contradiction_fdb7db,Emergent_bounded_carefully_f79645,0.9572830498708242,90230.64,90882.83,True,False
Emergent_complexity_contradiction_fdb7db,Emergent_awareness_cascade_f662e0,0.9583500350075995,90230.64,90920.25,True,False
Emergent_complexity_contradiction_fdb7db,Emergent_awareness_cascade_5e2b72,0.9582503362158907,90230.64,90939.65,True,False
Emergent_complexity_contradiction_fdb7db,Emergent_autonomy_awareness_135ecc,0.9579189301504285,90230.64,91001.02,True,False
Emergent_complexity_contradiction_fdb7db,Emergent_autonomy_collective_6a047d,0.953992684365254,90230.64,91024.44,True,False
Emergent_complexity_contradiction_fdb7db,Emergent_carefully_clarity_0d7a6f,0.95617194843991,90230.64,91046.88,True,False
Emergent_complexity_contradiction_fdb7db,Emergent_clarity_coherence_ea0c30,0.9561596100551248,90230.64,91047.22,True,False
Emergent_complexity_contradiction_fdb7db,Emergent_autonomy_boundary_1c8ce0,0.9593444206188291,90230.64,91070.68,True,False
Emergent_complexity_contradiction_fdb7db,Emergent_coherence_connection_ff8bfe,0.9584969948718289,90230.64,91094.72,True,False
Emergent_complexity_contradiction_fdb7db,Emergent_awareness_boundary_884077,0.9572863866618289,90230.64,91115.26,True,False
Emergent_complexity_contradiction_fdb7db,Emergent_boundary_connection_2f9fcd,0.955556946361829,90230.64,91154.88,True,False
Emergent_complexity_contradiction_fdb7db,Emergent_connection_coupling_1f25cc,0.9550044776292925,90230.64,91178.04,True,False
Emergent_complexity_contradiction_fdb7db,Emergent_connection_contradiction_52dd1b,0.9548349813976995,90230.64,91178.38,True,False
Emergent_complexity_contradiction_fdb7db,Emergent_autonomy_awareness_c0bb96,0.949556847361829,90230.64,91242.14,True,False
Emergent_complexity_contradiction_fdb7db,Emergent_appears_autonomy_3a9f9f,0.949556847361829,90230.64,91242.48,True,False
Emergent_complexity_contradiction_fdb7db,Emergent_appears_clarity_60514c,0.9373117473618291,90230.64,91289.65,True,False
Emergent_complexity_contradiction_fdb7db,Emergent_carefully_clarity_42ab71,0.925306747361829,90230.64,91312.3,True,False
Emergent_complexity_contradiction_fdb7db,Emergent_appears_autonomy_ff3e16,0.927021747361829,90230.64,91334.61,True,False
Emergent_complexity_contradiction_fdb7db,Emergent_bounded_clarity_ae2623,0.9098717473618292,90230.64,91358.2,True,False
Emergent_complexity_contradiction_fdb7db,Emergent_appears_connection_7bf1ab,0.912321747361829,90230.64,91379.85,True,False
Emergent_complexity_contradiction_fdb7db,Emergent_connection_dependency_32de27,0.9,90230.64,91449.86,True,False
Emergent_complexity_contradiction_fdb7db,Emergent_appears_bounded_813df2,0.9,90230.64,91450.2,True,False
Emergent_boundary_complexity_bdb6f0,Emergent_bounded_contradiction_12fedf,0.9580151924867806,90230.98,90247.99,True,False
Emergent_boundary_complexity_bdb6f0,Emergent_boundary_consciousness_ca5931,0.9650318715063408,90230.98,90248.33,True,False
Emergent_boundary_complexity_bdb6f0,Emergent_asymmetry_boundary_d34760,0.9665676761930742,90230.98,90264.65,True,False
Emergent_boundary_complexity_bdb6f0,Emergent_appears_asymmetry_8ccc17,0.966458242236083,90230.98,90264.99,True,False
Emergent_boundary_complexity_bdb6f0,Emergent_asymmetry_autonomy_546bd1,0.9540391224483686,90230.98,90278.81,True,False
Emergent_boundary_complexity_bdb6f0,Emergent_appears_asymmetry_8dba4c,0.9687468932078074,90230.98,90279.15,True,False
Emergent_boundary_complexity_bdb6f0,Emergent_awareness_cascade_e15a42,0.9603020231768735,90230.98,90294.3,True,False
Emergent_boundary_complexity_bdb6f0,Emergent_awareness_bounded_0321ec,0.9681993194491585,90230.98,90294.64,True,False
Emergent_boundary_complexity_bdb6f0,Emergent_identity_justice_875606,0.9586728475235644,90230.98,90330.08,True,False
Emergent_boundary_complexity_bdb6f0,Emergent_emerges_hypothesis_a8215d,0.9664382984934554,90230.98,90348.17,True,False
Emergent_boundary_complexity_bdb6f0,Emergent_autonomy_awareness_dc684e,0.9608279070889372,90230.98,90381.27,True,False
Emergent_boundary_complexity_bdb6f0,Emergent_autonomy_bounded_72bafc,0.9514468779065408,90230.98,90415.47,True,False
Emergent_boundary_complexity_bdb6f0,Emergent_autonomy_carefully_659b9f,0.9652527373343642,90230.98,90434.01,True,False
Emergent_boundary_complexity_bdb6f0,Emergent_autonomy_clarity_d6bec2,0.9615806896855119,90230.98,90434.35,True,False
Emergent_boundary_complexity_bdb6f0,Emergent_clarity_complexity_e4a503,0.9709253749394284,90230.98,90452.38,True,False
Emergent_boundary_complexity_bdb6f0,Emergent_awareness_carefully_026c23,0.9508564705479674,90230.98,90469.76,True,False
Emergent_boundary_complexity_bdb6f0,Emergent_analogy_attention_140578,0.9615666681623181,90230.98,90486.78,True,False
Emergent_boundary_complexity_bdb6f0,Emergent_bounded_complexity_42f802,0.9547277097981279,90230.98,90504.58,True,False
Emergent_boundary_complexity_bdb6f0,Emergent_complexity_hypothesis_c25cd6,0.9709228970404535,90230.98,90504.92,True,False
Emergent_boundary_complexity_bdb6f0,Emergent_bounded_hypothesis_41336a,0.9605932505623862,90230.98,90521.67,True,False
Emergent_boundary_complexity_bdb6f0,Emergent_consciousness_hypothesis_1993b1,0.9557167185732456,90230.98,90522.01,True,False
Emergent_boundary_complexity_bdb6f0,Emergent_abstraction_ambiguity_a83b10,0.9625449502514756,90230.98,90539.36,True,False
Emergent_boundary_complexity_bdb6f0,Emergent_autonomy_belief_revision_03bb63,0.959646495808439,90230.98,90560.27,True,False
Emergent_boundary_complexity_bdb6f0,Emergent_appears_asymmetry_875f64,0.9550625048590373,90230.98,90582.79,True,False
Emergent_boundary_complexity_bdb6f0,Emergent_asymmetry_awareness_537d9e,0.9604246879541212,90230.98,90583.13,True,False
Emergent_boundary_complexity_bdb6f0,Emergent_awareness_cascade_97bcc8,0.9709255455805679,90230.98,90605.25,True,False
Emergent_boundary_complexity_bdb6f0,Emergent_asymmetry_concept_e7c526,0.9514006280127676,90230.98,90646.68,True,False
Emergent_boundary_complexity_bdb6f0,Emergent_clarity_connection_47e953,0.9607843138898051,90230.98,90667.52,True,False
Emergent_boundary_complexity_bdb6f0,Emergent_coherence_connection_2315cf,0.9619324852181033,90230.98,90704.88,True,False
Emergent_boundary_complexity_bdb6f0,Emergent_cognition_coherence_8ecc1d,0.9709144926812352,90230.98,90746.65,True,False
Emergent_boundary_complexity_bdb6f0,Emergent_awareness_cascade_7e50df,0.963679939356944,90230.98,90763.32,True,False
Emergent_boundary_complexity_bdb6f0,Emergent_awareness_cascade_aee329,0.9599556462272283,90230.98,90763.66,True,False
Emergent_boundary_complexity_bdb6f0,Emergent_boundary_clarity_ba958c,0.9709072399631902,90230.98,90784.27,True,False
Emergent_boundary_complexity_bdb6f0,Emergent_clarity_connection_ad0afc,0.9667009975925627,90230.98,90784.61,True,False
Emergent_boundary_complexity_bdb6f0,Emergent_coherence_connection_7716f2,0.9617584613460151,90230.98,90806.27,True,False
Emergent_boundary_complexity_bdb6f0,Emergent_carefully_coherence_19463a,0.959182684531533,90230.98,90806.61,True,False
Emergent_boundary_complexity_bdb6f0,Emergent_autonomy_boundary_346ebd,0.9701601413105612,90230.98,90828.98,True,False
Emergent_boundary_complexity_bdb6f0,Emergent_bounded_coherence_4beae6,0.9632449169548829,90230.98,90882.49,True,False
Emergent_boundary_complexity_bdb6f0,Emergent_bounded_carefully_f79645,0.9705460849746197,90230.98,90882.83,True,False
Emergent_boundary_complexity_bdb6f0,Emergent_awareness_cascade_f662e0,0.955637853510116,90230.98,90920.25,True,False
Emergent_boundary_complexity_bdb6f0,Emergent_awareness_cascade_5e2b72,0.9661477156327625,90230.98,90939.65,True,False
Emergent_boundary_complexity_bdb6f0,Emergent_autonomy_awareness_135ecc,0.9709411370272643,90230.98,91001.02,True,False
Emergent_boundary_complexity_bdb6f0,Emergent_autonomy_collective_6a047d,0.9586525076834869,90230.98,91024.44,True,False
Emergent_boundary_complexity_bdb6f0,Emergent_carefully_clarity_0d7a6f,0.9563233944023202,90230.98,91046.88,True,False
Emergent_boundary_complexity_bdb6f0,Emergent_clarity_coherence_ea0c30,0.9542698425298408,90230.98,91047.22,True,False
Emergent_boundary_complexity_bdb6f0,Emergent_autonomy_boundary_1c8ce0,0.9617781904942893,90230.98,91070.68,True,False
Emergent_boundary_complexity_bdb6f0,Emergent_coherence_connection_ff8bfe,0.9654579393532188,90230.98,91094.72,True,False
Emergent_boundary_complexity_bdb6f0,Emergent_awareness_boundary_884077,0.9570488837359012,90230.98,91115.26,True,False
Emergent_boundary_complexity_bdb6f0,Emergent_boundary_connection_2f9fcd,0.9669606416047309,90230.98,91154.88,True,False
Emergent_boundary_complexity_bdb6f0,Emergent_connection_coupling_1f25cc,0.9365673018072247,90230.98,91178.04,True,False
Emergent_boundary_complexity_bdb6f0,Emergent_connection_contradiction_52dd1b,0.9237496862876486,90230.98,91178.38,True,False
Emergent_boundary_complexity_bdb6f0,Emergent_autonomy_awareness_c0bb96,0.9657740924526206,90230.98,91242.14,True,False
Emergent_boundary_complexity_bdb6f0,Emergent_appears_autonomy_3a9f9f,0.9740021414381239,90230.98,91242.48,True,False
Emergent_boundary_complexity_bdb6f0,Emergent_appears_clarity_60514c,0.9430982848989449,90230.98,91289.65,True,False
Emergent_boundary_complexity_bdb6f0,Emergent_carefully_clarity_42ab71,0.9394245326758763,90230.98,91312.3,True,False
Emergent_boundary_complexity_bdb6f0,Emergent_appears_autonomy_ff3e16,0.9462065916025957,90230.98,91334.61,True,False
Emergent_boundary_complexity_bdb6f0,Emergent_bounded_clarity_ae2623,0.9348826576389968,90230.98,91358.2,True,False
Emergent_boundary_complexity_bdb6f0,Emergent_appears_connection_7bf1ab,0.9161151365067448,90230.98,91379.85,True,False
Emergent_boundary_complexity_bdb6f0,Emergent_connection_dependency_32de27,0.9,90230.98,91449.86,True,False
Emergent_boundary_complexity_bdb6f0,Emergent_appears_bounded_813df2,0.9,90230.98,91450.2,True,False
Emergent_bounded_contradiction_12fedf,Emergent_boundary_consciousness_ca5931,0.9580151888164437,90247.99,90248.33,True,False
Emergent_bounded_contradiction_12fedf,Emergent_asymmetry_boundary_d34760,0.9580151909137791,90247.99,90264.65,True,False
Emergent_bounded_contradiction_12fedf,Emergent_appears_asymmetry_8ccc17,0.9580151909137791,90247.99,90264.99,True,False
Emergent_bounded_contradiction_12fedf,Emergent_asymmetry_autonomy_546bd1,0.9540391224483686,90247.99,90278.81,True,False
Emergent_bounded_contradiction_12fedf,Emergent_appears_asymmetry_8dba4c,0.9580151886666339,90247.99,90279.15,True,False
Emergent_bounded_contradiction_12fedf,Emergent_awareness_cascade_e15a42,0.9580151610119807,90247.99,90294.3,True,False
Emergent_bounded_contradiction_12fedf,Emergent_awareness_bounded_0321ec,0.9580151614329107,90247.99,90294.64,True,False
Emergent_bounded_contradiction_12fedf,Emergent_identity_justice_875606,0.9580151847638403,90247.99,90330.08,True,False
Emergent_bounded_contradiction_12fedf,Emergent_emerges_hypothesis_a8215d,0.958015143293933,90247.99,90348.17,True,False
Emergent_bounded_contradiction_12fedf,Emergent_autonomy_awareness_dc684e,0.9580151709905425,90247.99,90381.27,True,False
Emergent_bounded_contradiction_12fedf,Emergent_autonomy_bounded_72bafc,0.9514468779065408,90247.99,90415.47,True,False
Emergent_bounded_contradiction_12fedf,Emergent_autonomy_carefully_659b9f,0.9580150490374408,90247.99,90434.01,True,False
Emergent_bounded_contradiction_12fedf,Emergent_autonomy_clarity_d6bec2,0.9580150490374408,90247.99,90434.35,True,False
Emergent_bounded_contradiction_12fedf,Emergent_clarity_complexity_e4a503,0.9580149694855156,90247.99,90452.38,True,False
Emergent_bounded_contradiction_12fedf,Emergent_awareness_carefully_026c23,0.9508564705479674,90247.99,90469.76,True,False
Emergent_bounded_contradiction_12fedf,Emergent_analogy_attention_140578,0.9580123955372812,90247.99,90486.78,True,False
Emergent_bounded_contradiction_12fedf,Emergent_bounded_complexity_42f802,0.9547277097981279,90247.99,90504.58,True,False
Emergent_bounded_contradiction_12fedf,Emergent_complexity_hypothesis_c25cd6,0.9580124162727857,90247.99,90504.92,True,False
Emergent_bounded_contradiction_12fedf,Emergent_bounded_hypothesis_41336a,0.9580124239515009,90247.99,90521.67,True,False
Emergent_bounded_contradiction_12fedf,Emergent_consciousness_hypothesis_1993b1,0.9557167185732456,90247.99,90522.01,True,False
Emergent_bounded_contradiction_12fedf,Emergent_abstraction_ambiguity_a83b10,0.9580124622695236,90247.99,90539.36,True,False
Emergent_bounded_contradiction_12fedf,Emergent_autonomy_belief_revision_03bb63,0.9580164025299771,90247.99,90560.27,True,False
Emergent_bounded_contradiction_12fedf,Emergent_appears_asymmetry_875f64,0.9550625048590373,90247.99,90582.79,True,False
Emergent_bounded_contradiction_12fedf,Emergent_asymmetry_awareness_537d9e,0.958015929203831,90247.99,90583.13,True,False
Emergent_bounded_contradiction_12fedf,Emergent_awareness_cascade_97bcc8,0.9580152530236223,90247.99,90605.25,True,False
Emergent_bounded_contradiction_12fedf,Emergent_asymmetry_concept_e7c526,0.9514006280127676,90247.99,90646.68,True,False
Emergent_bounded_contradiction_12fedf,Emergent_clarity_connection_47e953,0.9580105687501452,90247.99,90667.52,True,False
Emergent_bounded_contradiction_12fedf,Emergent_coherence_connection_2315cf,0.9579890461505634,90247.99,90704.88,True,False
Emergent_bounded_contradiction_12fedf,Emergent_cognition_coherence_8ecc1d,0.9580055518738919,90247.99,90746.65,True,False
Emergent_bounded_contradiction_12fedf,Emergent_awareness_cascade_7e50df,0.958006509780049,90247.99,90763.32,True,False
Emergent_bounded_contradiction_12fedf,Emergent_awareness_cascade_aee329,0.958006509780049,90247.99,90763.66,True,False
Emergent_bounded_contradiction_12fedf,Emergent_boundary_clarity_ba958c,0.9579982991558467,90247.99,90784.27,True,False
Emergent_bounded_contradiction_12fedf,Emergent_clarity_connection_ad0afc,0.9579982991558467,90247.99,90784.61,True,False
Emergent_bounded_contradiction_12fedf,Emergent_coherence_connection_7716f2,0.9579834931505289,90247.99,90806.27,True,False
Emergent_bounded_contradiction_12fedf,Emergent_carefully_coherence_19463a,0.959182684531533,90247.99,90806.61,True,False
Emergent_bounded_contradiction_12fedf,Emergent_autonomy_boundary_346ebd,0.9577702902847063,90247.99,90828.98,True,False
Emergent_bounded_contradiction_12fedf,Emergent_bounded_coherence_4beae6,0.9576312976884502,90247.99,90882.49,True,False
Emergent_bounded_contradiction_12fedf,Emergent_bounded_carefully_f79645,0.9576361533612863,90247.99,90882.83,True,False
Emergent_bounded_contradiction_12fedf,Emergent_awareness_cascade_f662e0,0.955637853510116,90247.99,90920.25,True,False
Emergent_bounded_contradiction_12fedf,Emergent_awareness_cascade_5e2b72,0.9583156920699791,90247.99,90939.65,True,False
Emergent_bounded_contradiction_12fedf,Emergent_autonomy_awareness_135ecc,0.958049137870213,90247.99,91001.02,True,False
Emergent_bounded_contradiction_12fedf,Emergent_autonomy_collective_6a047d,0.9586525076834869,90247.99,91024.44,True,False
Emergent_bounded_contradiction_12fedf,Emergent_carefully_clarity_0d7a6f,0.9563233944023202,90247.99,91046.88,True,False
Emergent_bounded_contradiction_12fedf,Emergent_clarity_coherence_ea0c30,0.9542698425298408,90247.99,91047.22,True,False
Emergent_bounded_contradiction_12fedf,Emergent_autonomy_boundary_1c8ce0,0.9588241487141564,90247.99,91070.68,True,False
Emergent_bounded_contradiction_12fedf,Emergent_coherence_connection_ff8bfe,0.9582309506912565,90247.99,91094.72,True,False
Emergent_bounded_contradiction_12fedf,Emergent_awareness_boundary_884077,0.9570488837359012,90247.99,91115.26,True,False
Emergent_bounded_contradiction_12fedf,Emergent_boundary_connection_2f9fcd,0.9558960230326474,90247.99,91154.88,True,False
Emergent_bounded_contradiction_12fedf,Emergent_connection_coupling_1f25cc,0.9236969157715105,90247.99,91178.04,True,False
Emergent_bounded_contradiction_12fedf,Emergent_connection_contradiction_52dd1b,0.9236213782053255,90247.99,91178.38,True,False
Emergent_bounded_contradiction_12fedf,Emergent_autonomy_awareness_c0bb96,0.9621390803638477,90247.99,91242.14,True,False
Emergent_bounded_contradiction_12fedf,Emergent_appears_autonomy_3a9f9f,0.9621390803638477,90247.99,91242.48,True,False
Emergent_bounded_contradiction_12fedf,Emergent_appears_clarity_60514c,0.9430982848989449,90247.99,91289.65,True,False
Emergent_bounded_contradiction_12fedf,Emergent_carefully_clarity_42ab71,0.9378889803638477,90247.99,91312.3,True,False
Emergent_bounded_contradiction_12fedf,Emergent_appears_autonomy_ff3e16,0.9396039803638478,90247.99,91334.61,True,False
Emergent_bounded_contradiction_12fedf,Emergent_bounded_clarity_ae2623,0.9224539803638478,90247.99,91358.2,True,False
Emergent_bounded_contradiction_12fedf,Emergent_appears_connection_7bf1ab,0.9161151365067448,90247.99,91379.85,True,False
Emergent_bounded_contradiction_12fedf,Emergent_connection_dependency_32de27,0.9,90247.99,91449.86,True,False
Emergent_bounded_contradiction_12fedf,Emergent_appears_bounded_813df2,0.9,90247.99,91450.2,True,False
Emergent_boundary_consciousness_ca5931,Emergent_asymmetry_boundary_d34760,0.9650318699333393,90248.33,90264.65,True,False
Emergent_boundary_consciousness_ca5931,Emergent_appears_asymmetry_8ccc17,0.9650318699333393,90248.33,90264.99,True,False
Emergent_boundary_consciousness_ca5931,Emergent_asymmetry_autonomy_546bd1,0.9540391224483686,90248.33,90278.81,True,False
Emergent_boundary_consciousness_ca5931,Emergent_appears_asymmetry_8dba4c,0.9650318676861944,90248.33,90279.15,True,False
Emergent_boundary_consciousness_ca5931,Emergent_awareness_cascade_e15a42,0.9603020231768735,90248.33,90294.3,True,False
Emergent_boundary_consciousness_ca5931,Emergent_awareness_bounded_0321ec,0.9650318419283195,90248.33,90294.64,True,False
Emergent_boundary_consciousness_ca5931,Emergent_identity_justice_875606,0.9586728475235644,90248.33,90330.08,True,False
Emergent_boundary_consciousness_ca5931,Emergent_emerges_hypothesis_a8215d,0.9650318272139158,90248.33,90348.17,True,False
Emergent_boundary_consciousness_ca5931,Emergent_autonomy_awareness_dc684e,0.9608279070889372,90248.33,90381.27,True,False
Emergent_boundary_consciousness_ca5931,Emergent_autonomy_bounded_72bafc,0.9514468779065408,90248.33,90415.47,True,False
Emergent_boundary_consciousness_ca5931,Emergent_autonomy_carefully_659b9f,0.9650317199434315,90248.33,90434.01,True,False
Emergent_boundary_consciousness_ca5931,Emergent_autonomy_clarity_d6bec2,0.9615806896855119,90248.33,90434.35,True,False
Emergent_boundary_consciousness_ca5931,Emergent_clarity_complexity_e4a503,0.965031640391506,90248.33,90452.38,True,False
Emergent_boundary_consciousness_ca5931,Emergent_awareness_carefully_026c23,0.9508564705479674,90248.33,90469.76,True,False
Emergent_boundary_consciousness_ca5931,Emergent_analogy_attention_140578,0.9615666681623181,90248.33,90486.78,True,False
Emergent_boundary_consciousness_ca5931,Emergent_bounded_complexity_42f802,0.9547277097981279,90248.33,90504.58,True,False
Emergent_boundary_consciousness_ca5931,Emergent_complexity_hypothesis_c25cd6,0.9650291281110175,90248.33,90504.92,True,False
Emergent_boundary_consciousness_ca5931,Emergent_bounded_hypothesis_41336a,0.9605932505623862,90248.33,90521.67,True,False
Emergent_boundary_consciousness_ca5931,Emergent_consciousness_hypothesis_1993b1,0.9557167185732456,90248.33,90522.01,True,False
Emergent_boundary_consciousness_ca5931,Emergent_abstraction_ambiguity_a83b10,0.9625449502514756,90248.33,90539.36,True,False
Emergent_boundary_consciousness_ca5931,Emergent_autonomy_belief_revision_03bb63,0.959646495808439,90248.33,90560.27,True,False
Emergent_boundary_consciousness_ca5931,Emergent_appears_asymmetry_875f64,0.9550625048590373,90248.33,90582.79,True,False
Emergent_boundary_consciousness_ca5931,Emergent_asymmetry_awareness_537d9e,0.9604246879541212,90248.33,90583.13,True,False
Emergent_boundary_consciousness_ca5931,Emergent_awareness_cascade_97bcc8,0.9650318625712868,90248.33,90605.25,True,False
Emergent_boundary_consciousness_ca5931,Emergent_asymmetry_concept_e7c526,0.9514006280127676,90248.33,90646.68,True,False
Emergent_boundary_consciousness_ca5931,Emergent_clarity_connection_47e953,0.9607843138898051,90248.33,90667.52,True,False
Emergent_boundary_consciousness_ca5931,Emergent_coherence_connection_2315cf,0.9619324852181033,90248.33,90704.88,True,False
Emergent_boundary_consciousness_ca5931,Emergent_cognition_coherence_8ecc1d,0.9650214267597257,90248.33,90746.65,True,False
Emergent_boundary_consciousness_ca5931,Emergent_awareness_cascade_7e50df,0.963679939356944,90248.33,90763.32,True,False
Emergent_boundary_consciousness_ca5931,Emergent_awareness_cascade_aee329,0.9599556462272283,90248.33,90763.66,True,False
Emergent_boundary_consciousness_ca5931,Emergent_boundary_clarity_ba958c,0.9650141740416807,90248.33,90784.27,True,False
Emergent_boundary_consciousness_ca5931,Emergent_clarity_connection_ad0afc,0.9650141740416807,90248.33,90784.61,True,False
Emergent_boundary_consciousness_ca5931,Emergent_coherence_connection_7716f2,0.9617584613460151,90248.33,90806.27,True,False
Emergent_boundary_consciousness_ca5931,Emergent_carefully_coherence_19463a,0.959182684531533,90248.33,90806.61,True,False
Emergent_boundary_consciousness_ca5931,Emergent_autonomy_boundary_346ebd,0.9647911459701173,90248.33,90828.98,True,False
Emergent_boundary_consciousness_ca5931,Emergent_bounded_coherence_4beae6,0.9632449169548829,90248.33,90882.49,True,False
Emergent_boundary_consciousness_ca5931,Emergent_bounded_carefully_f79645,0.9646525667398569,90248.33,90882.83,True,False
Emergent_boundary_consciousness_ca5931,Emergent_awareness_cascade_f662e0,0.955637853510116,90248.33,90920.25,True,False
Emergent_boundary_consciousness_ca5931,Emergent_awareness_cascade_5e2b72,0.9653232566148611,90248.33,90939.65,True,False
Emergent_boundary_consciousness_ca5931,Emergent_autonomy_awareness_135ecc,0.9650558051455556,90248.33,91001.02,True,False
Emergent_boundary_consciousness_ca5931,Emergent_autonomy_collective_6a047d,0.9586525076834869,90248.33,91024.44,True,False
Emergent_boundary_consciousness_ca5931,Emergent_carefully_clarity_0d7a6f,0.9563233944023202,90248.33,91046.88,True,False
Emergent_boundary_consciousness_ca5931,Emergent_clarity_coherence_ea0c30,0.9542698425298408,90248.33,91047.22,True,False
Emergent_boundary_consciousness_ca5931,Emergent_autonomy_boundary_1c8ce0,0.9617781904942893,90248.33,91070.68,True,False
Emergent_boundary_consciousness_ca5931,Emergent_coherence_connection_ff8bfe,0.9651179888445287,90248.33,91094.72,True,False
Emergent_boundary_consciousness_ca5931,Emergent_awareness_boundary_884077,0.9570488837359012,90248.33,91115.26,True,False
Emergent_boundary_consciousness_ca5931,Emergent_boundary_connection_2f9fcd,0.9627728907847126,90248.33,91154.88,True,False
Emergent_boundary_consciousness_ca5931,Emergent_connection_coupling_1f25cc,0.9307946915709973,90248.33,91178.04,True,False
Emergent_boundary_consciousness_ca5931,Emergent_connection_contradiction_52dd1b,0.9237496862876486,90248.33,91178.38,True,False
Emergent_boundary_consciousness_ca5931,Emergent_autonomy_awareness_c0bb96,0.9657740924526206,90248.33,91242.14,True,False
Emergent_boundary_consciousness_ca5931,Emergent_appears_autonomy_3a9f9f,0.9688939370217424,90248.33,91242.48,True,False
Emergent_boundary_consciousness_ca5931,Emergent_appears_clarity_60514c,0.9430982848989449,90248.33,91289.65,True,False
Emergent_boundary_consciousness_ca5931,Emergent_carefully_clarity_42ab71,0.9394245326758763,90248.33,91312.3,True,False
Emergent_boundary_consciousness_ca5931,Emergent_appears_autonomy_ff3e16,0.9462065916025957,90248.33,91334.61,True,False
Emergent_boundary_consciousness_ca5931,Emergent_bounded_clarity_ae2623,0.9292088370217426,90248.33,91358.2,True,False
Emergent_boundary_consciousness_ca5931,Emergent_appears_connection_7bf1ab,0.9161151365067448,90248.33,91379.85,True,False
Emergent_boundary_consciousness_ca5931,Emergent_connection_dependency_32de27,0.9,90248.33,91449.86,True,False
Emergent_boundary_consciousness_ca5931,Emergent_appears_bounded_813df2,0.9,90248.33,91450.2,True,False
Emergent_asymmetry_boundary_d34760,Emergent_appears_asymmetry_8ccc17,0.9664582369927448,90264.65,90264.99,True,False
Emergent_asymmetry_boundary_d34760,Emergent_asymmetry_autonomy_546bd1,0.9540391224483686,90264.65,90278.81,True,False
Emergent_asymmetry_boundary_d34760,Emergent_appears_asymmetry_8dba4c,0.966567673945929,90264.65,90279.15,True,False
Emergent_asymmetry_boundary_d34760,Emergent_awareness_cascade_e15a42,0.9603020231768735,90264.65,90294.3,True,False
Emergent_asymmetry_boundary_d34760,Emergent_awareness_bounded_0321ec,0.9665676485110868,90264.65,90294.64,True,False
Emergent_asymmetry_boundary_d34760,Emergent_identity_justice_875606,0.9586728475235644,90264.65,90330.08,True,False
Emergent_asymmetry_boundary_d34760,Emergent_emerges_hypothesis_a8215d,0.9664382984934554,90264.65,90348.17,True,False
Emergent_asymmetry_boundary_d34760,Emergent_autonomy_awareness_dc684e,0.9608279070889372,90264.65,90381.27,True,False
Emergent_asymmetry_boundary_d34760,Emergent_autonomy_bounded_72bafc,0.9514468779065408,90264.65,90415.47,True,False
Emergent_asymmetry_boundary_d34760,Emergent_autonomy_carefully_659b9f,0.9652527373343642,90264.65,90434.01,True,False
Emergent_asymmetry_boundary_d34760,Emergent_autonomy_clarity_d6bec2,0.9615806896855119,90264.65,90434.35,True,False
Emergent_asymmetry_boundary_d34760,Emergent_clarity_complexity_e4a503,0.9665674448753474,90264.65,90452.38,True,False
Emergent_asymmetry_boundary_d34760,Emergent_awareness_carefully_026c23,0.9508564705479674,90264.65,90469.76,True,False
Emergent_asymmetry_boundary_d34760,Emergent_analogy_attention_140578,0.9615666681623181,90264.65,90486.78,True,False
Emergent_asymmetry_boundary_d34760,Emergent_bounded_complexity_42f802,0.9547277097981279,90264.65,90504.58,True,False
Emergent_asymmetry_boundary_d34760,Emergent_complexity_hypothesis_c25cd6,0.9665649415540822,90264.65,90504.92,True,False
Emergent_asymmetry_boundary_d34760,Emergent_bounded_hypothesis_41336a,0.9605932505623862,90264.65,90521.67,True,False
Emergent_asymmetry_boundary_d34760,Emergent_consciousness_hypothesis_1993b1,0.9557167185732456,90264.65,90522.01,True,False
Emergent_asymmetry_boundary_d34760,Emergent_abstraction_ambiguity_a83b10,0.9625449502514756,90264.65,90539.36,True,False
Emergent_asymmetry_boundary_d34760,Emergent_autonomy_belief_revision_03bb63,0.959646495808439,90264.65,90560.27,True,False
Emergent_asymmetry_boundary_d34760,Emergent_appears_asymmetry_875f64,0.9550625048590373,90264.65,90582.79,True,False
Emergent_asymmetry_boundary_d34760,Emergent_asymmetry_awareness_537d9e,0.9604246879541212,90264.65,90583.13,True,False
Emergent_asymmetry_boundary_d34760,Emergent_awareness_cascade_97bcc8,0.9665676536250569,90264.65,90605.25,True,False
Emergent_asymmetry_boundary_d34760,Emergent_asymmetry_concept_e7c526,0.9514006280127676,90264.65,90646.68,True,False
Emergent_asymmetry_boundary_d34760,Emergent_clarity_connection_47e953,0.9607843138898051,90264.65,90667.52,True,False
Emergent_asymmetry_boundary_d34760,Emergent_coherence_connection_2315cf,0.9619324852181033,90264.65,90704.88,True,False
Emergent_asymmetry_boundary_d34760,Emergent_cognition_coherence_8ecc1d,0.9665570570111794,90264.65,90746.65,True,False
Emergent_asymmetry_boundary_d34760,Emergent_awareness_cascade_7e50df,0.963679939356944,90264.65,90763.32,True,False
Emergent_asymmetry_boundary_d34760,Emergent_awareness_cascade_aee329,0.9599556462272283,90264.65,90763.66,True,False
Emergent_asymmetry_boundary_d34760,Emergent_boundary_clarity_ba958c,0.9665498042931344,90264.65,90784.27,True,False
Emergent_asymmetry_boundary_d34760,Emergent_clarity_connection_ad0afc,0.9665498042931344,90264.65,90784.61,True,False
Emergent_asymmetry_boundary_d34760,Emergent_coherence_connection_7716f2,0.9617584613460151,90264.65,90806.27,True,False
Emergent_asymmetry_boundary_d34760,Emergent_carefully_coherence_19463a,0.959182684531533,90264.65,90806.61,True,False
Emergent_asymmetry_boundary_d34760,Emergent_autonomy_boundary_346ebd,0.9663278664158279,90264.65,90828.98,True,False
Emergent_asymmetry_boundary_d34760,Emergent_bounded_coherence_4beae6,0.9632449169548829,90264.65,90882.49,True,False
Emergent_asymmetry_boundary_d34760,Emergent_bounded_carefully_f79645,0.9661883148562598,90264.65,90882.83,True,False
Emergent_asymmetry_boundary_d34760,Emergent_awareness_cascade_f662e0,0.955637853510116,90264.65,90920.25,True,False
Emergent_asymmetry_boundary_d34760,Emergent_awareness_cascade_5e2b72,0.9661477156327625,90264.65,90939.65,True,False
Emergent_asymmetry_boundary_d34760,Emergent_autonomy_awareness_135ecc,0.9665894200410567,90264.65,91001.02,True,False
Emergent_asymmetry_boundary_d34760,Emergent_autonomy_collective_6a047d,0.9586525076834869,90264.65,91024.44,True,False
Emergent_asymmetry_boundary_d34760,Emergent_carefully_clarity_0d7a6f,0.9563233944023202,90264.65,91046.88,True,False
Emergent_asymmetry_boundary_d34760,Emergent_clarity_coherence_ea0c30,0.9542698425298408,90264.65,91047.22,True,False
Emergent_asymmetry_boundary_d34760,Emergent_autonomy_boundary_1c8ce0,0.9617781904942893,90264.65,91070.68,True,False
Emergent_asymmetry_boundary_d34760,Emergent_coherence_connection_ff8bfe,0.9654579393532188,90264.65,91094.72,True,False
Emergent_asymmetry_boundary_d34760,Emergent_awareness_boundary_884077,0.9570488837359012,90264.65,91115.26,True,False
Emergent_asymmetry_boundary_d34760,Emergent_boundary_connection_2f9fcd,0.9642780952427683,90264.65,91154.88,True,False
Emergent_asymmetry_boundary_d34760,Emergent_connection_coupling_1f25cc,0.9323482482425589,90264.65,91178.04,True,False
Emergent_asymmetry_boundary_d34760,Emergent_connection_contradiction_52dd1b,0.9237496862876486,90264.65,91178.38,True,False
Emergent_asymmetry_boundary_d34760,Emergent_autonomy_awareness_c0bb96,0.9657740924526206,90264.65,91242.14,True,False
Emergent_asymmetry_boundary_d34760,Emergent_appears_autonomy_3a9f9f,0.9703724357687826,90264.65,91242.48,True,False
Emergent_asymmetry_boundary_d34760,Emergent_appears_clarity_60514c,0.9430982848989449,90264.65,91289.65,True,False
Emergent_asymmetry_boundary_d34760,Emergent_carefully_clarity_42ab71,0.9394245326758763,90264.65,91312.3,True,False
Emergent_asymmetry_boundary_d34760,Emergent_appears_autonomy_ff3e16,0.9462065916025957,90264.65,91334.61,True,False
Emergent_asymmetry_boundary_d34760,Emergent_bounded_clarity_ae2623,0.9306873357687828,90264.65,91358.2,True,False
Emergent_asymmetry_boundary_d34760,Emergent_appears_connection_7bf1ab,0.9161151365067448,90264.65,91379.85,True,False
Emergent_asymmetry_boundary_d34760,Emergent_connection_dependency_32de27,0.9,90264.65,91449.86,True,False
Emergent_asymmetry_boundary_d34760,Emergent_appears_bounded_813df2,0.9,90264.65,91450.2,True,False
Emergent_appears_asymmetry_8ccc17,Emergent_asymmetry_autonomy_546bd1,0.9540391224483686,90264.99,90278.81,True,False
Emergent_appears_asymmetry_8ccc17,Emergent_appears_asymmetry_8dba4c,0.9664582399889381,90264.99,90279.15,True,False
Emergent_appears_asymmetry_8ccc17,Emergent_awareness_cascade_e15a42,0.9603020231768735,90264.99,90294.3,True,False
Emergent_appears_asymmetry_8ccc17,Emergent_awareness_bounded_0321ec,0.966458214531078,90264.99,90294.64,True,False
Emergent_appears_asymmetry_8ccc17,Emergent_identity_justice_875606,0.9586728475235644,90264.99,90330.08,True,False
Emergent_appears_asymmetry_8ccc17,Emergent_emerges_hypothesis_a8215d,0.9664382984934554,90264.99,90348.17,True,False
Emergent_appears_asymmetry_8ccc17,Emergent_autonomy_awareness_dc684e,0.9608279070889372,90264.99,90381.27,True,False
Emergent_appears_asymmetry_8ccc17,Emergent_autonomy_bounded_72bafc,0.9514468779065408,90264.99,90415.47,True,False
Emergent_appears_asymmetry_8ccc17,Emergent_autonomy_carefully_659b9f,0.9652527373343642,90264.99,90434.01,True,False
Emergent_appears_asymmetry_8ccc17,Emergent_autonomy_clarity_d6bec2,0.9615806896855119,90264.99,90434.35,True,False
Emergent_appears_asymmetry_8ccc17,Emergent_clarity_complexity_e4a503,0.9664580110448979,90264.99,90452.38,True,False
Emergent_appears_asymmetry_8ccc17,Emergent_awareness_carefully_026c23,0.9508564705479674,90264.99,90469.76,True,False
Emergent_appears_asymmetry_8ccc17,Emergent_analogy_attention_140578,0.9615666681623181,90264.99,90486.78,True,False
Emergent_appears_asymmetry_8ccc17,Emergent_bounded_complexity_42f802,0.9547277097981279,90264.99,90504.58,True,False
Emergent_appears_asymmetry_8ccc17,Emergent_complexity_hypothesis_c25cd6,0.9664555070852427,90264.99,90504.92,True,False
Emergent_appears_asymmetry_8ccc17,Emergent_bounded_hypothesis_41336a,0.9605932505623862,90264.99,90521.67,True,False
Emergent_appears_asymmetry_8ccc17,Emergent_consciousness_hypothesis_1993b1,0.9557167185732456,90264.99,90522.01,True,False
Emergent_appears_asymmetry_8ccc17,Emergent_abstraction_ambiguity_a83b10,0.9625449502514756,90264.99,90539.36,True,False
Emergent_appears_asymmetry_8ccc17,Emergent_autonomy_belief_revision_03bb63,0.959646495808439,90264.99,90560.27,True,False
Emergent_appears_asymmetry_8ccc17,Emergent_appears_asymmetry_875f64,0.9550625048590373,90264.99,90582.79,True,False
Emergent_appears_asymmetry_8ccc17,Emergent_asymmetry_awareness_537d9e,0.9604246879541212,90264.99,90583.13,True,False
Emergent_appears_asymmetry_8ccc17,Emergent_awareness_cascade_97bcc8,0.9664582207515677,90264.99,90605.25,True,False
Emergent_appears_asymmetry_8ccc17,Emergent_asymmetry_concept_e7c526,0.9514006280127676,90264.99,90646.68,True,False
Emergent_appears_asymmetry_8ccc17,Emergent_clarity_connection_47e953,0.9607843138898051,90264.99,90667.52,True,False
Emergent_appears_asymmetry_8ccc17,Emergent_coherence_connection_2315cf,0.9619324852181033,90264.99,90704.88,True,False
Emergent_appears_asymmetry_8ccc17,Emergent_cognition_coherence_8ecc1d,0.9664476355956679,90264.99,90746.65,True,False
Emergent_appears_asymmetry_8ccc17,Emergent_awareness_cascade_7e50df,0.963679939356944,90264.99,90763.32,True,False
Emergent_appears_asymmetry_8ccc17,Emergent_awareness_cascade_aee329,0.9599556462272283,90264.99,90763.66,True,False
Emergent_appears_asymmetry_8ccc17,Emergent_boundary_clarity_ba958c,0.9664403828776229,90264.99,90784.27,True,False
Emergent_appears_asymmetry_8ccc17,Emergent_clarity_connection_ad0afc,0.9664403828776229,90264.99,90784.61,True,False
Emergent_appears_asymmetry_8ccc17,Emergent_coherence_connection_7716f2,0.9617584613460151,90264.99,90806.27,True,False
Emergent_appears_asymmetry_8ccc17,Emergent_carefully_coherence_19463a,0.959182684531533,90264.99,90806.61,True,False
Emergent_appears_asymmetry_8ccc17,Emergent_autonomy_boundary_346ebd,0.9662183673184666,90264.99,90828.98,True,False
Emergent_appears_asymmetry_8ccc17,Emergent_bounded_coherence_4beae6,0.9632449169548829,90264.99,90882.49,True,False
Emergent_appears_asymmetry_8ccc17,Emergent_bounded_carefully_f79645,0.966078885042275,90264.99,90882.83,True,False
Emergent_appears_asymmetry_8ccc17,Emergent_awareness_cascade_f662e0,0.955637853510116,90264.99,90920.25,True,False
Emergent_appears_asymmetry_8ccc17,Emergent_awareness_cascade_5e2b72,0.9661477156327625,90264.99,90939.65,True,False
Emergent_appears_asymmetry_8ccc17,Emergent_autonomy_awareness_135ecc,0.966480142229841,90264.99,91001.02,True,False
Emergent_appears_asymmetry_8ccc17,Emergent_autonomy_collective_6a047d,0.9586525076834869,90264.99,91024.44,True,False
Emergent_appears_asymmetry_8ccc17,Emergent_carefully_clarity_0d7a6f,0.9563233944023202,90264.99,91046.88,True,False
Emergent_appears_asymmetry_8ccc17,Emergent_clarity_coherence_ea0c30,0.9542698425298408,90264.99,91047.22,True,False
Emergent_appears_asymmetry_8ccc17,Emergent_autonomy_boundary_1c8ce0,0.9617781904942893,90264.99,91070.68,True,False
Emergent_appears_asymmetry_8ccc17,Emergent_coherence_connection_ff8bfe,0.9654579393532188,90264.99,91094.72,True,False
Emergent_appears_asymmetry_8ccc17,Emergent_awareness_boundary_884077,0.9570488837359012,90264.99,91115.26,True,False
Emergent_appears_asymmetry_8ccc17,Emergent_boundary_connection_2f9fcd,0.9641708418187889,90264.99,91154.88,True,False
Emergent_appears_asymmetry_8ccc17,Emergent_connection_coupling_1f25cc,0.932237549479026,90264.99,91178.04,True,False
Emergent_appears_asymmetry_8ccc17,Emergent_connection_contradiction_52dd1b,0.9237496862876486,90264.99,91178.38,True,False
Emergent_appears_asymmetry_8ccc17,Emergent_autonomy_awareness_c0bb96,0.9657740924526206,90264.99,91242.14,True,False
Emergent_appears_asymmetry_8ccc17,Emergent_appears_autonomy_3a9f9f,0.9702670852616668,90264.99,91242.48,True,False
Emergent_appears_asymmetry_8ccc17,Emergent_appears_clarity_60514c,0.9430982848989449,90264.99,91289.65,True,False
Emergent_appears_asymmetry_8ccc17,Emergent_carefully_clarity_42ab71,0.9394245326758763,90264.99,91312.3,True,False
Emergent_appears_asymmetry_8ccc17,Emergent_appears_autonomy_ff3e16,0.9462065916025957,90264.99,91334.61,True,False
Emergent_appears_asymmetry_8ccc17,Emergent_bounded_clarity_ae2623,0.930581985261667,90264.99,91358.2,True,False
Emergent_appears_asymmetry_8ccc17,Emergent_appears_connection_7bf1ab,0.9161151365067448,90264.99,91379.85,True,False
Emergent_appears_asymmetry_8ccc17,Emergent_connection_dependency_32de27,0.9,90264.99,91449.86,True,False
Emergent_appears_asymmetry_8ccc17,Emergent_appears_bounded_813df2,0.9,90264.99,91450.2,True,False
Emergent_asymmetry_autonomy_546bd1,Emergent_appears_asymmetry_8dba4c,0.9540391149578853,90278.81,90279.15,True,False
Emergent_asymmetry_autonomy_546bd1,Emergent_awareness_cascade_e15a42,0.9540390936712178,90278.81,90294.3,True,False
Emergent_asymmetry_autonomy_546bd1,Emergent_awareness_bounded_0321ec,0.9540390940858621,90278.81,90294.64,True,False
Emergent_asymmetry_autonomy_546bd1,Emergent_identity_justice_875606,0.9540391191216877,90278.81,90330.08,True,False
Emergent_asymmetry_autonomy_546bd1,Emergent_emerges_hypothesis_a8215d,0.9540390744241465,90278.81,90348.17,True,False
Emergent_asymmetry_autonomy_546bd1,Emergent_autonomy_awareness_dc684e,0.9540391094952554,90278.81,90381.27,True,False
Emergent_asymmetry_autonomy_546bd1,Emergent_autonomy_bounded_72bafc,0.9514468779065408,90278.81,90415.47,True,False
Emergent_asymmetry_autonomy_546bd1,Emergent_autonomy_carefully_659b9f,0.9540389875421538,90278.81,90434.01,True,False
Emergent_asymmetry_autonomy_546bd1,Emergent_autonomy_clarity_d6bec2,0.9540389875421538,90278.81,90434.35,True,False
Emergent_asymmetry_autonomy_546bd1,Emergent_clarity_complexity_e4a503,0.9540389079902283,90278.81,90452.38,True,False
Emergent_asymmetry_autonomy_546bd1,Emergent_awareness_carefully_026c23,0.9508564705479674,90278.81,90469.76,True,False
Emergent_asymmetry_autonomy_546bd1,Emergent_analogy_attention_140578,0.9540363142885318,90278.81,90486.78,True,False
Emergent_asymmetry_autonomy_546bd1,Emergent_bounded_complexity_42f802,0.9540362921615875,90278.81,90504.58,True,False
Emergent_asymmetry_autonomy_546bd1,Emergent_complexity_hypothesis_c25cd6,0.9540363315828648,90278.81,90504.92,True,False
Emergent_asymmetry_autonomy_546bd1,Emergent_bounded_hypothesis_41336a,0.9540363391802582,90278.81,90521.67,True,False
Emergent_asymmetry_autonomy_546bd1,Emergent_consciousness_hypothesis_1993b1,0.9540363278338801,90278.81,90522.01,True,False
Emergent_asymmetry_autonomy_546bd1,Emergent_abstraction_ambiguity_a83b10,0.9540363770924718,90278.81,90539.36,True,False
Emergent_asymmetry_autonomy_546bd1,Emergent_autonomy_belief_revision_03bb63,0.9540403758039528,90278.81,90560.27,True,False
Emergent_asymmetry_autonomy_546bd1,Emergent_appears_asymmetry_875f64,0.954039902477807,90278.81,90582.79,True,False
Emergent_asymmetry_autonomy_546bd1,Emergent_asymmetry_awareness_537d9e,0.954039902477807,90278.81,90583.13,True,False
Emergent_asymmetry_autonomy_546bd1,Emergent_awareness_cascade_97bcc8,0.9540392262975983,90278.81,90605.25,True,False
Emergent_asymmetry_autonomy_546bd1,Emergent_asymmetry_concept_e7c526,0.9514006280127676,90278.81,90646.68,True,False
Emergent_asymmetry_autonomy_546bd1,Emergent_clarity_connection_47e953,0.9540345428235597,90278.81,90667.52,True,False
Emergent_asymmetry_autonomy_546bd1,Emergent_coherence_connection_2315cf,0.9540122440859446,90278.81,90704.88,True,False
Emergent_asymmetry_autonomy_546bd1,Emergent_cognition_coherence_8ecc1d,0.9540299414507922,90278.81,90746.65,True,False
Emergent_asymmetry_autonomy_546bd1,Emergent_awareness_cascade_7e50df,0.9540308993569491,90278.81,90763.32,True,False
Emergent_asymmetry_autonomy_546bd1,Emergent_awareness_cascade_aee329,0.9540308993569491,90278.81,90763.66,True,False
Emergent_asymmetry_autonomy_546bd1,Emergent_boundary_clarity_ba958c,0.9540226887327472,90278.81,90784.27,True,False
Emergent_asymmetry_autonomy_546bd1,Emergent_clarity_connection_ad0afc,0.9540226887327472,90278.81,90784.61,True,False
Emergent_asymmetry_autonomy_546bd1,Emergent_coherence_connection_7716f2,0.9540079467613163,90278.81,90806.27,True,False
Emergent_asymmetry_autonomy_546bd1,Emergent_carefully_coherence_19463a,0.959182684531533,90278.81,90806.61,True,False
Emergent_asymmetry_autonomy_546bd1,Emergent_autonomy_boundary_346ebd,0.953791857445438,90278.81,90828.98,True,False
Emergent_asymmetry_autonomy_546bd1,Emergent_bounded_coherence_4beae6,0.9536554118644622,90278.81,90882.49,True,False
Emergent_asymmetry_autonomy_546bd1,Emergent_bounded_carefully_f79645,0.9536602377962946,90278.81,90882.83,True,False
Emergent_asymmetry_autonomy_546bd1,Emergent_awareness_cascade_f662e0,0.9544145799326724,90278.81,90920.25,True,False
Emergent_asymmetry_autonomy_546bd1,Emergent_awareness_cascade_5e2b72,0.9543447907784766,90278.81,90939.65,True,False
Emergent_asymmetry_autonomy_546bd1,Emergent_autonomy_awareness_135ecc,0.9540787450247976,90278.81,91001.02,True,False
Emergent_asymmetry_autonomy_546bd1,Emergent_autonomy_collective_6a047d,0.9586525076834869,90278.81,91024.44,True,False
Emergent_asymmetry_autonomy_546bd1,Emergent_carefully_clarity_0d7a6f,0.9530117084618226,90278.81,91046.88,True,False
Emergent_asymmetry_autonomy_546bd1,Emergent_clarity_coherence_ea0c30,0.9530026302489696,90278.81,91047.22,True,False
Emergent_asymmetry_autonomy_546bd1,Emergent_autonomy_boundary_1c8ce0,0.9549215448177102,90278.81,91070.68,True,False
Emergent_asymmetry_autonomy_546bd1,Emergent_coherence_connection_ff8bfe,0.9543283467948103,90278.81,91094.72,True,False
Emergent_asymmetry_autonomy_546bd1,Emergent_awareness_boundary_884077,0.9534809210478101,90278.81,91115.26,True,False
Emergent_asymmetry_autonomy_546bd1,Emergent_boundary_connection_2f9fcd,0.9519991822881533,90278.81,91154.88,True,False
Emergent_asymmetry_autonomy_546bd1,Emergent_connection_coupling_1f25cc,0.9196748954378466,90278.81,91178.04,True,False
Emergent_asymmetry_autonomy_546bd1,Emergent_connection_contradiction_52dd1b,0.9195998717320701,90278.81,91178.38,True,False
Emergent_asymmetry_autonomy_546bd1,Emergent_autonomy_awareness_c0bb96,0.958311378334854,90278.81,91242.14,True,False
Emergent_asymmetry_autonomy_546bd1,Emergent_appears_autonomy_3a9f9f,0.958311378334854,90278.81,91242.48,True,False
Emergent_asymmetry_autonomy_546bd1,Emergent_appears_clarity_60514c,0.9430982848989449,90278.81,91289.65,True,False
Emergent_asymmetry_autonomy_546bd1,Emergent_carefully_clarity_42ab71,0.9340612783348543,90278.81,91312.3,True,False
Emergent_asymmetry_autonomy_546bd1,Emergent_appears_autonomy_ff3e16,0.9357762783348542,90278.81,91334.61,True,False
Emergent_asymmetry_autonomy_546bd1,Emergent_bounded_clarity_ae2623,0.9186262783348544,90278.81,91358.2,True,False
Emergent_asymmetry_autonomy_546bd1,Emergent_appears_connection_7bf1ab,0.9161151365067448,90278.81,91379.85,True,False
Emergent_asymmetry_autonomy_546bd1,Emergent_connection_dependency_32de27,0.9,90278.81,91449.86,True,False
Emergent_asymmetry_autonomy_546bd1,Emergent_appears_bounded_813df2,0.9,90278.81,91450.2,True,False
Emergent_appears_asymmetry_8dba4c,Emergent_awareness_cascade_e15a42,0.9603020231768735,90279.15,90294.3,True,False
Emergent_appears_asymmetry_8dba4c,Emergent_awareness_bounded_0321ec,0.9681993194491585,90279.15,90294.64,True,False
Emergent_appears_asymmetry_8dba4c,Emergent_identity_justice_875606,0.9586728475235644,90279.15,90330.08,True,False
Emergent_appears_asymmetry_8dba4c,Emergent_emerges_hypothesis_a8215d,0.9664382984934554,90279.15,90348.17,True,False
Emergent_appears_asymmetry_8dba4c,Emergent_autonomy_awareness_dc684e,0.9608279070889372,90279.15,90381.27,True,False
Emergent_appears_asymmetry_8dba4c,Emergent_autonomy_bounded_72bafc,0.9514468779065408,90279.15,90415.47,True,False
Emergent_appears_asymmetry_8dba4c,Emergent_autonomy_carefully_659b9f,0.9652527373343642,90279.15,90434.01,True,False
Emergent_appears_asymmetry_8dba4c,Emergent_autonomy_clarity_d6bec2,0.9615806896855119,90279.15,90434.35,True,False
Emergent_appears_asymmetry_8dba4c,Emergent_clarity_complexity_e4a503,0.9687466616173377,90279.15,90452.38,True,False
Emergent_appears_asymmetry_8dba4c,Emergent_awareness_carefully_026c23,0.9508564705479674,90279.15,90469.76,True,False
Emergent_appears_asymmetry_8dba4c,Emergent_analogy_attention_140578,0.9615666681623181,90279.15,90486.78,True,False
Emergent_appears_asymmetry_8dba4c,Emergent_bounded_complexity_42f802,0.9547277097981279,90279.15,90504.58,True,False
Emergent_appears_asymmetry_8dba4c,Emergent_complexity_hypothesis_c25cd6,0.9687441710086859,90279.15,90504.92,True,False
Emergent_appears_asymmetry_8dba4c,Emergent_bounded_hypothesis_41336a,0.9605932505623862,90279.15,90521.67,True,False
Emergent_appears_asymmetry_8dba4c,Emergent_consciousness_hypothesis_1993b1,0.9557167185732456,90279.15,90522.01,True,False
Emergent_appears_asymmetry_8dba4c,Emergent_abstraction_ambiguity_a83b10,0.9625449502514756,90279.15,90539.36,True,False
Emergent_appears_asymmetry_8dba4c,Emergent_autonomy_belief_revision_03bb63,0.959646495808439,90279.15,90560.27,True,False
Emergent_appears_asymmetry_8dba4c,Emergent_appears_asymmetry_875f64,0.9550625048590373,90279.15,90582.79,True,False
Emergent_appears_asymmetry_8dba4c,Emergent_asymmetry_awareness_537d9e,0.9604246879541212,90279.15,90583.13,True,False
Emergent_appears_asymmetry_8dba4c,Emergent_awareness_cascade_97bcc8,0.968746851310561,90279.15,90605.25,True,False
Emergent_appears_asymmetry_8dba4c,Emergent_asymmetry_concept_e7c526,0.9514006280127676,90279.15,90646.68,True,False
Emergent_appears_asymmetry_8dba4c,Emergent_clarity_connection_47e953,0.9607843138898051,90279.15,90667.52,True,False
Emergent_appears_asymmetry_8dba4c,Emergent_coherence_connection_2315cf,0.9619324852181033,90279.15,90704.88,True,False
Emergent_appears_asymmetry_8dba4c,Emergent_cognition_coherence_8ecc1d,0.9687360265276015,90279.15,90746.65,True,False
Emergent_appears_asymmetry_8dba4c,Emergent_awareness_cascade_7e50df,0.963679939356944,90279.15,90763.32,True,False
Emergent_appears_asymmetry_8dba4c,Emergent_awareness_cascade_aee329,0.9599556462272283,90279.15,90763.66,True,False
Emergent_appears_asymmetry_8dba4c,Emergent_boundary_clarity_ba958c,0.9687287738095562,90279.15,90784.27,True,False
Emergent_appears_asymmetry_8dba4c,Emergent_clarity_connection_ad0afc,0.9667009975925627,90279.15,90784.61,True,False
Emergent_appears_asymmetry_8dba4c,Emergent_coherence_connection_7716f2,0.9617584613460151,90279.15,90806.27,True,False
Emergent_appears_asymmetry_8dba4c,Emergent_carefully_coherence_19463a,0.959182684531533,90279.15,90806.61,True,False
Emergent_appears_asymmetry_8dba4c,Emergent_autonomy_boundary_346ebd,0.968508382854141,90279.15,90828.98,True,False
Emergent_appears_asymmetry_8dba4c,Emergent_bounded_coherence_4beae6,0.9632449169548829,90279.15,90882.49,True,False
Emergent_appears_asymmetry_8dba4c,Emergent_bounded_carefully_f79645,0.9683674516161511,90279.15,90882.83,True,False
Emergent_appears_asymmetry_8dba4c,Emergent_awareness_cascade_f662e0,0.955637853510116,90279.15,90920.25,True,False
Emergent_appears_asymmetry_8dba4c,Emergent_awareness_cascade_5e2b72,0.9661477156327625,90279.15,90939.65,True,False
Emergent_appears_asymmetry_8dba4c,Emergent_autonomy_awareness_135ecc,0.9687655298852487,90279.15,91001.02,True,False
Emergent_appears_asymmetry_8dba4c,Emergent_autonomy_collective_6a047d,0.9586525076834869,90279.15,91024.44,True,False
Emergent_appears_asymmetry_8dba4c,Emergent_carefully_clarity_0d7a6f,0.9563233944023202,90279.15,91046.88,True,False
Emergent_appears_asymmetry_8dba4c,Emergent_clarity_coherence_ea0c30,0.9542698425298408,90279.15,91047.22,True,False
Emergent_appears_asymmetry_8dba4c,Emergent_autonomy_boundary_1c8ce0,0.9617781904942893,90279.15,91070.68,True,False
Emergent_appears_asymmetry_8dba4c,Emergent_coherence_connection_ff8bfe,0.9654579393532188,90279.15,91094.72,True,False
Emergent_appears_asymmetry_8dba4c,Emergent_awareness_boundary_884077,0.9570488837359012,90279.15,91115.26,True,False
Emergent_appears_asymmetry_8dba4c,Emergent_boundary_connection_2f9fcd,0.9664138923377921,90279.15,91154.88,True,False
Emergent_appears_asymmetry_8dba4c,Emergent_connection_coupling_1f25cc,0.9345526543006981,90279.15,91178.04,True,False
Emergent_appears_asymmetry_8dba4c,Emergent_connection_contradiction_52dd1b,0.9237496862876486,90279.15,91178.38,True,False
Emergent_appears_asymmetry_8dba4c,Emergent_autonomy_awareness_c0bb96,0.9657740924526206,90279.15,91242.14,True,False
Emergent_appears_asymmetry_8dba4c,Emergent_appears_autonomy_3a9f9f,0.9724703390217428,90279.15,91242.48,True,False
Emergent_appears_asymmetry_8dba4c,Emergent_appears_clarity_60514c,0.9430982848989449,90279.15,91289.65,True,False
Emergent_appears_asymmetry_8dba4c,Emergent_carefully_clarity_42ab71,0.9394245326758763,90279.15,91312.3,True,False
Emergent_appears_asymmetry_8dba4c,Emergent_appears_autonomy_ff3e16,0.9462065916025957,90279.15,91334.61,True,False
Emergent_appears_asymmetry_8dba4c,Emergent_bounded_clarity_ae2623,0.932785239021743,90279.15,91358.2,True,False
Emergent_appears_asymmetry_8dba4c,Emergent_appears_connection_7bf1ab,0.9161151365067448,90279.15,91379.85,True,False
Emergent_appears_asymmetry_8dba4c,Emergent_connection_dependency_32de27,0.9,90279.15,91449.86,True,False
Emergent_appears_asymmetry_8dba4c,Emergent_appears_bounded_813df2,0.9,90279.15,91450.2,True,False
Emergent_awareness_cascade_e15a42,Emergent_awareness_bounded_0321ec,0.9603020127000879,90294.3,90294.64,True,False
Emergent_awareness_cascade_e15a42,Emergent_identity_justice_875606,0.9586728475235644,90294.3,90330.08,True,False
Emergent_awareness_cascade_e15a42,Emergent_emerges_hypothesis_a8215d,0.960302006578571,90294.3,90348.17,True,False
Emergent_awareness_cascade_e15a42,Emergent_autonomy_awareness_dc684e,0.9603020300336869,90294.3,90381.27,True,False
Emergent_awareness_cascade_e15a42,Emergent_autonomy_bounded_72bafc,0.9514468779065408,90294.3,90415.47,True,False
Emergent_awareness_cascade_e15a42,Emergent_autonomy_carefully_659b9f,0.9603019080805852,90294.3,90434.01,True,False
Emergent_awareness_cascade_e15a42,Emergent_autonomy_clarity_d6bec2,0.9603019080805852,90294.3,90434.35,True,False
Emergent_awareness_cascade_e15a42,Emergent_clarity_complexity_e4a503,0.96030182852866,90294.3,90452.38,True,False
Emergent_awareness_cascade_e15a42,Emergent_awareness_carefully_026c23,0.9508564705479674,90294.3,90469.76,True,False
Emergent_awareness_cascade_e15a42,Emergent_analogy_attention_140578,0.9602992659417651,90294.3,90486.78,True,False
Emergent_awareness_cascade_e15a42,Emergent_bounded_complexity_42f802,0.9547277097981279,90294.3,90504.58,True,False
Emergent_awareness_cascade_e15a42,Emergent_complexity_hypothesis_c25cd6,0.9602992886564825,90294.3,90504.92,True,False
Emergent_awareness_cascade_e15a42,Emergent_bounded_hypothesis_41336a,0.9602992963819705,90294.3,90521.67,True,False
Emergent_awareness_cascade_e15a42,Emergent_consciousness_hypothesis_1993b1,0.9557167185732456,90294.3,90522.01,True,False
Emergent_awareness_cascade_e15a42,Emergent_abstraction_ambiguity_a83b10,0.9602993349333975,90294.3,90539.36,True,False
Emergent_awareness_cascade_e15a42,Emergent_autonomy_belief_revision_03bb63,0.959646495808439,90294.3,90560.27,True,False
Emergent_awareness_cascade_e15a42,Emergent_appears_asymmetry_875f64,0.9550625048590373,90294.3,90582.79,True,False
Emergent_awareness_cascade_e15a42,Emergent_asymmetry_awareness_537d9e,0.9603027682491951,90294.3,90583.13,True,False
Emergent_awareness_cascade_e15a42,Emergent_awareness_cascade_97bcc8,0.9603020920689864,90294.3,90605.25,True,False
Emergent_awareness_cascade_e15a42,Emergent_asymmetry_concept_e7c526,0.9514006280127676,90294.3,90646.68,True,False
Emergent_awareness_cascade_e15a42,Emergent_clarity_connection_47e953,0.9602974073357067,90294.3,90667.52,True,False
Emergent_awareness_cascade_e15a42,Emergent_coherence_connection_2315cf,0.9602763311372389,90294.3,90704.88,True,False
Emergent_awareness_cascade_e15a42,Emergent_cognition_coherence_8ecc1d,0.9602921514797735,90294.3,90746.65,True,False
Emergent_awareness_cascade_e15a42,Emergent_awareness_cascade_7e50df,0.9602931093859304,90294.3,90763.32,True,False
Emergent_awareness_cascade_e15a42,Emergent_awareness_cascade_aee329,0.9599556462272283,90294.3,90763.66,True,False
Emergent_awareness_cascade_e15a42,Emergent_boundary_clarity_ba958c,0.9602848987617283,90294.3,90784.27,True,False
Emergent_awareness_cascade_e15a42,Emergent_clarity_connection_ad0afc,0.9602848987617283,90294.3,90784.61,True,False
Emergent_awareness_cascade_e15a42,Emergent_coherence_connection_7716f2,0.9602700559268811,90294.3,90806.27,True,False
Emergent_awareness_cascade_e15a42,Emergent_carefully_coherence_19463a,0.959182684531533,90294.3,90806.61,True,False
Emergent_awareness_cascade_e15a42,Emergent_autonomy_boundary_346ebd,0.9600585132226078,90294.3,90828.98,True,False
Emergent_awareness_cascade_e15a42,Emergent_bounded_coherence_4beae6,0.9599180556930416,90294.3,90882.49,True,False
Emergent_awareness_cascade_e15a42,Emergent_bounded_carefully_f79645,0.9599229284716202,90294.3,90882.83,True,False
Emergent_awareness_cascade_e15a42,Emergent_awareness_cascade_f662e0,0.955637853510116,90294.3,90920.25,True,False
Emergent_awareness_cascade_e15a42,Emergent_awareness_cascade_5e2b72,0.9605995831865197,90294.3,90939.65,True,False
Emergent_awareness_cascade_e15a42,Emergent_autonomy_awareness_135ecc,0.960332736550499,90294.3,91001.02,True,False
Emergent_awareness_cascade_e15a42,Emergent_autonomy_collective_6a047d,0.9586525076834869,90294.3,91024.44,True,False
Emergent_awareness_cascade_e15a42,Emergent_carefully_clarity_0d7a6f,0.9563233944023202,90294.3,91046.88,True,False
Emergent_awareness_cascade_e15a42,Emergent_clarity_coherence_ea0c30,0.9542698425298408,90294.3,91047.22,True,False
Emergent_awareness_cascade_e15a42,Emergent_autonomy_boundary_1c8ce0,0.9610687581154389,90294.3,91070.68,True,False
Emergent_awareness_cascade_e15a42,Emergent_coherence_connection_ff8bfe,0.9604755600925388,90294.3,91094.72,True,False
Emergent_awareness_cascade_e15a42,Emergent_awareness_boundary_884077,0.9570488837359012,90294.3,91115.26,True,False
Emergent_awareness_cascade_e15a42,Emergent_boundary_connection_2f9fcd,0.9581373177175516,90294.3,91154.88,True,False
Emergent_awareness_cascade_e15a42,Emergent_connection_coupling_1f25cc,0.9260102083558057,90294.3,91178.04,True,False
Emergent_awareness_cascade_e15a42,Emergent_connection_contradiction_52dd1b,0.9237496862876486,90294.3,91178.38,True,False
Emergent_awareness_cascade_e15a42,Emergent_autonomy_awareness_c0bb96,0.9643406094422688,90294.3,91242.14,True,False
Emergent_awareness_cascade_e15a42,Emergent_appears_autonomy_3a9f9f,0.9643406094422688,90294.3,91242.48,True,False
Emergent_awareness_cascade_e15a42,Emergent_appears_clarity_60514c,0.9430982848989449,90294.3,91289.65,True,False
Emergent_awareness_cascade_e15a42,Emergent_carefully_clarity_42ab71,0.9394245326758763,90294.3,91312.3,True,False
Emergent_awareness_cascade_e15a42,Emergent_appears_autonomy_ff3e16,0.941805509442269,90294.3,91334.61,True,False
Emergent_awareness_cascade_e15a42,Emergent_bounded_clarity_ae2623,0.924655509442269,90294.3,91358.2,True,False
Emergent_awareness_cascade_e15a42,Emergent_appears_connection_7bf1ab,0.9161151365067448,90294.3,91379.85,True,False
Emergent_awareness_cascade_e15a42,Emergent_connection_dependency_32de27,0.9,90294.3,91449.86,True,False
Emergent_awareness_cascade_e15a42,Emergent_appears_bounded_813df2,0.9,90294.3,91450.2,True,False
Emergent_awareness_bounded_0321ec,Emergent_identity_justice_875606,0.9586728475235644,90294.64,90330.08,True,False
Emergent_awareness_bounded_0321ec,Emergent_emerges_hypothesis_a8215d,0.9664382984934554,90294.64,90348.17,True,False
Emergent_awareness_bounded_0321ec,Emergent_autonomy_awareness_dc684e,0.9608279070889372,90294.64,90381.27,True,False
Emergent_awareness_bounded_0321ec,Emergent_autonomy_bounded_72bafc,0.9514468779065408,90294.64,90415.47,True,False
Emergent_awareness_bounded_0321ec,Emergent_autonomy_carefully_659b9f,0.9652527373343642,90294.64,90434.01,True,False
Emergent_awareness_bounded_0321ec,Emergent_autonomy_clarity_d6bec2,0.9615806896855119,90294.64,90434.35,True,False
Emergent_awareness_bounded_0321ec,Emergent_clarity_complexity_e4a503,0.9681991135834795,90294.64,90452.38,True,False
Emergent_awareness_bounded_0321ec,Emergent_awareness_carefully_026c23,0.9508564705479674,90294.64,90469.76,True,False
Emergent_awareness_bounded_0321ec,Emergent_analogy_attention_140578,0.9615666681623181,90294.64,90486.78,True,False
Emergent_awareness_bounded_0321ec,Emergent_bounded_complexity_42f802,0.9547277097981279,90294.64,90504.58,True,False
Emergent_awareness_bounded_0321ec,Emergent_complexity_hypothesis_c25cd6,0.968196619780668,90294.64,90504.92,True,False
Emergent_awareness_bounded_0321ec,Emergent_bounded_hypothesis_41336a,0.9605932505623862,90294.64,90521.67,True,False
Emergent_awareness_bounded_0321ec,Emergent_consciousness_hypothesis_1993b1,0.9557167185732456,90294.64,90522.01,True,False
Emergent_awareness_bounded_0321ec,Emergent_abstraction_ambiguity_a83b10,0.9625449502514756,90294.64,90539.36,True,False
Emergent_awareness_bounded_0321ec,Emergent_autonomy_belief_revision_03bb63,0.959646495808439,90294.64,90560.27,True,False
Emergent_awareness_bounded_0321ec,Emergent_appears_asymmetry_875f64,0.9550625048590373,90294.64,90582.79,True,False
Emergent_awareness_bounded_0321ec,Emergent_asymmetry_awareness_537d9e,0.9604246879541212,90294.64,90583.13,True,False
Emergent_awareness_bounded_0321ec,Emergent_awareness_cascade_97bcc8,0.9681993080648184,90294.64,90605.25,True,False
Emergent_awareness_bounded_0321ec,Emergent_asymmetry_concept_e7c526,0.9514006280127676,90294.64,90646.68,True,False
Emergent_awareness_bounded_0321ec,Emergent_clarity_connection_47e953,0.9607843138898051,90294.64,90667.52,True,False
Emergent_awareness_bounded_0321ec,Emergent_coherence_connection_2315cf,0.9619324852181033,90294.64,90704.88,True,False
Emergent_awareness_bounded_0321ec,Emergent_cognition_coherence_8ecc1d,0.9681885406114166,90294.64,90746.65,True,False
Emergent_awareness_bounded_0321ec,Emergent_awareness_cascade_7e50df,0.963679939356944,90294.64,90763.32,True,False
Emergent_awareness_bounded_0321ec,Emergent_awareness_cascade_aee329,0.9599556462272283,90294.64,90763.66,True,False
Emergent_awareness_bounded_0321ec,Emergent_boundary_clarity_ba958c,0.9681812878933715,90294.64,90784.27,True,False
Emergent_awareness_bounded_0321ec,Emergent_clarity_connection_ad0afc,0.9667009975925627,90294.64,90784.61,True,False
Emergent_awareness_bounded_0321ec,Emergent_coherence_connection_7716f2,0.9617584613460151,90294.64,90806.27,True,False
Emergent_awareness_bounded_0321ec,Emergent_carefully_coherence_19463a,0.959182684531533,90294.64,90806.61,True,False
Emergent_awareness_bounded_0321ec,Emergent_autonomy_boundary_346ebd,0.9679605082597564,90294.64,90828.98,True,False
Emergent_awareness_bounded_0321ec,Emergent_bounded_coherence_4beae6,0.9632449169548829,90294.64,90882.49,True,False
Emergent_awareness_bounded_0321ec,Emergent_bounded_carefully_f79645,0.967819923678523,90294.64,90882.83,True,False
Emergent_awareness_bounded_0321ec,Emergent_awareness_cascade_f662e0,0.955637853510116,90294.64,90920.25,True,False
Emergent_awareness_bounded_0321ec,Emergent_awareness_cascade_5e2b72,0.9661477156327625,90294.64,90939.65,True,False
Emergent_awareness_bounded_0321ec,Emergent_autonomy_awareness_135ecc,0.9682187624877301,90294.64,91001.02,True,False
Emergent_awareness_bounded_0321ec,Emergent_autonomy_collective_6a047d,0.9586525076834869,90294.64,91024.44,True,False
Emergent_awareness_bounded_0321ec,Emergent_carefully_clarity_0d7a6f,0.9563233944023202,90294.64,91046.88,True,False
Emergent_awareness_bounded_0321ec,Emergent_clarity_coherence_ea0c30,0.9542698425298408,90294.64,91047.22,True,False
Emergent_awareness_bounded_0321ec,Emergent_autonomy_boundary_1c8ce0,0.9617781904942893,90294.64,91070.68,True,False
Emergent_awareness_bounded_0321ec,Emergent_coherence_connection_ff8bfe,0.9654579393532188,90294.64,91094.72,True,False
Emergent_awareness_bounded_0321ec,Emergent_awareness_boundary_884077,0.9570488837359012,90294.64,91115.26,True,False
Emergent_awareness_bounded_0321ec,Emergent_boundary_connection_2f9fcd,0.9658772538852847,90294.64,91154.88,True,False
Emergent_awareness_bounded_0321ec,Emergent_connection_coupling_1f25cc,0.9339987772219742,90294.64,91178.04,True,False
Emergent_awareness_bounded_0321ec,Emergent_connection_contradiction_52dd1b,0.9237496862876486,90294.64,91178.38,True,False
Emergent_awareness_bounded_0321ec,Emergent_autonomy_awareness_c0bb96,0.9657740924526206,90294.64,91242.14,True,False
Emergent_awareness_bounded_0321ec,Emergent_appears_autonomy_3a9f9f,0.9719432217418278,90294.64,91242.48,True,False
Emergent_awareness_bounded_0321ec,Emergent_appears_clarity_60514c,0.9430982848989449,90294.64,91289.65,True,False
Emergent_awareness_bounded_0321ec,Emergent_carefully_clarity_42ab71,0.9394245326758763,90294.64,91312.3,True,False
Emergent_awareness_bounded_0321ec,Emergent_appears_autonomy_ff3e16,0.9462065916025957,90294.64,91334.61,True,False
Emergent_awareness_bounded_0321ec,Emergent_bounded_clarity_ae2623,0.932258121741828,90294.64,91358.2,True,False
Emergent_awareness_bounded_0321ec,Emergent_appears_connection_7bf1ab,0.9161151365067448,90294.64,91379.85,True,False
Emergent_awareness_bounded_0321ec,Emergent_connection_dependency_32de27,0.9,90294.64,91449.86,True,False
Emergent_awareness_bounded_0321ec,Emergent_appears_bounded_813df2,0.9,90294.64,91450.2,True,False
Emergent_identity_justice_875606,Emergent_emerges_hypothesis_a8215d,0.9586728065875252,90330.08,90348.17,True,False
Emergent_identity_justice_875606,Emergent_autonomy_awareness_dc684e,0.9586728330643526,90330.08,90381.27,True,False
Emergent_identity_justice_875606,Emergent_autonomy_bounded_72bafc,0.9514468779065408,90330.08,90415.47,True,False
Emergent_identity_justice_875606,Emergent_autonomy_carefully_659b9f,0.958672711111251,90330.08,90434.01,True,False
Emergent_identity_justice_875606,Emergent_autonomy_clarity_d6bec2,0.958672711111251,90330.08,90434.35,True,False
Emergent_identity_justice_875606,Emergent_clarity_complexity_e4a503,0.9586726315593257,90330.08,90452.38,True,False
Emergent_identity_justice_875606,Emergent_awareness_carefully_026c23,0.9508564705479674,90330.08,90469.76,True,False
Emergent_identity_justice_875606,Emergent_analogy_attention_140578,0.9586700608784211,90330.08,90486.78,True,False
Emergent_identity_justice_875606,Emergent_bounded_complexity_42f802,0.9547277097981279,90330.08,90504.58,True,False
Emergent_identity_justice_875606,Emergent_complexity_hypothesis_c25cd6,0.9586700821831136,90330.08,90504.92,True,False
Emergent_identity_justice_875606,Emergent_bounded_hypothesis_41336a,0.95867008987528,90330.08,90521.67,True,False
Emergent_identity_justice_875606,Emergent_consciousness_hypothesis_1993b1,0.9557167185732456,90330.08,90522.01,True,False
Emergent_identity_justice_875606,Emergent_abstraction_ambiguity_a83b10,0.958670128260426,90330.08,90539.36,True,False
Emergent_identity_justice_875606,Emergent_autonomy_belief_revision_03bb63,0.9586740588527631,90330.08,90560.27,True,False
Emergent_identity_justice_875606,Emergent_appears_asymmetry_875f64,0.9550625048590373,90330.08,90582.79,True,False
Emergent_identity_justice_875606,Emergent_asymmetry_awareness_537d9e,0.9586735855266171,90330.08,90583.13,True,False
Emergent_identity_justice_875606,Emergent_awareness_cascade_97bcc8,0.9586729093464084,90330.08,90605.25,True,False
Emergent_identity_justice_875606,Emergent_asymmetry_concept_e7c526,0.9514006280127676,90330.08,90646.68,True,False
Emergent_identity_justice_875606,Emergent_clarity_connection_47e953,0.9586682249406997,90330.08,90667.52,True,False
Emergent_identity_justice_875606,Emergent_coherence_connection_2315cf,0.9586468307185461,90330.08,90704.88,True,False
Emergent_identity_justice_875606,Emergent_cognition_coherence_8ecc1d,0.958663139337923,90330.08,90746.65,True,False
Emergent_identity_justice_875606,Emergent_awareness_cascade_7e50df,0.9586640972440796,90330.08,90763.32,True,False
Emergent_identity_justice_875606,Emergent_awareness_cascade_aee329,0.9586640972440796,90330.08,90763.66,True,False
Emergent_identity_justice_875606,Emergent_boundary_clarity_ba958c,0.9586558866198778,90330.08,90784.27,True,False
Emergent_identity_justice_875606,Emergent_clarity_connection_ad0afc,0.9586558866198778,90330.08,90784.61,True,False
Emergent_identity_justice_875606,Emergent_coherence_connection_7716f2,0.9586410700230086,90330.08,90806.27,True,False
Emergent_identity_justice_875606,Emergent_carefully_coherence_19463a,0.959182684531533,90330.08,90806.61,True,False
Emergent_identity_justice_875606,Emergent_autonomy_boundary_346ebd,0.9584283445916351,90330.08,90828.98,True,False
Emergent_identity_justice_875606,Emergent_bounded_coherence_4beae6,0.9582889307052773,90330.08,90882.49,True,False
Emergent_identity_justice_875606,Emergent_bounded_carefully_f79645,0.9582937912974365,90330.08,90882.83,True,False
Emergent_identity_justice_875606,Emergent_awareness_cascade_f662e0,0.955637853510116,90330.08,90920.25,True,False
Emergent_identity_justice_875606,Emergent_awareness_cascade_5e2b72,0.9589725006181768,90330.08,90939.65,True,False
Emergent_identity_justice_875606,Emergent_autonomy_awareness_135ecc,0.9587058623186784,90330.08,91001.02,True,False
Emergent_identity_justice_875606,Emergent_autonomy_collective_6a047d,0.9586525076834869,90330.08,91024.44,True,False
Emergent_identity_justice_875606,Emergent_carefully_clarity_0d7a6f,0.9563233944023202,90330.08,91046.88,True,False
Emergent_identity_justice_875606,Emergent_clarity_coherence_ea0c30,0.9542698425298408,90330.08,91047.22,True,False
Emergent_identity_justice_875606,Emergent_autonomy_boundary_1c8ce0,0.9594696605038606,90330.08,91070.68,True,False
Emergent_identity_justice_875606,Emergent_coherence_connection_ff8bfe,0.9588764624809607,90330.08,91094.72,True,False
Emergent_identity_justice_875606,Emergent_awareness_boundary_884077,0.9570488837359012,90330.08,91115.26,True,False
Emergent_identity_justice_875606,Emergent_boundary_connection_2f9fcd,0.9565405815658514,90330.08,91154.88,True,False
Emergent_identity_justice_875606,Emergent_connection_coupling_1f25cc,0.9243621796857329,90330.08,91178.04,True,False
Emergent_identity_justice_875606,Emergent_connection_contradiction_52dd1b,0.9237496862876486,90330.08,91178.38,True,False
Emergent_identity_justice_875606,Emergent_autonomy_awareness_c0bb96,0.9627722029796066,90330.08,91242.14,True,False
Emergent_identity_justice_875606,Emergent_appears_autonomy_3a9f9f,0.9627722029796066,90330.08,91242.48,True,False
Emergent_identity_justice_875606,Emergent_appears_clarity_60514c,0.9430982848989449,90330.08,91289.65,True,False
Emergent_identity_justice_875606,Emergent_carefully_clarity_42ab71,0.9385221029796069,90330.08,91312.3,True,False
Emergent_identity_justice_875606,Emergent_appears_autonomy_ff3e16,0.9402371029796068,90330.08,91334.61,True,False
Emergent_identity_justice_875606,Emergent_bounded_clarity_ae2623,0.923087102979607,90330.08,91358.2,True,False
Emergent_identity_justice_875606,Emergent_appears_connection_7bf1ab,0.9161151365067448,90330.08,91379.85,True,False
Emergent_identity_justice_875606,Emergent_connection_dependency_32de27,0.9,90330.08,91449.86,True,False
Emergent_identity_justice_875606,Emergent_appears_bounded_813df2,0.9,90330.08,91450.2,True,False
Emergent_emerges_hypothesis_a8215d,Emergent_autonomy_awareness_dc684e,0.9608279070889372,90348.17,90381.27,True,False
Emergent_emerges_hypothesis_a8215d,Emergent_autonomy_bounded_72bafc,0.9514468779065408,90348.17,90415.47,True,False
Emergent_emerges_hypothesis_a8215d,Emergent_autonomy_carefully_659b9f,0.9652527373343642,90348.17,90434.01,True,False
Emergent_emerges_hypothesis_a8215d,Emergent_autonomy_clarity_d6bec2,0.9615806896855119,90348.17,90434.35,True,False
Emergent_emerges_hypothesis_a8215d,Emergent_clarity_complexity_e4a503,0.9664381090624337,90348.17,90452.38,True,False
Emergent_emerges_hypothesis_a8215d,Emergent_awareness_carefully_026c23,0.9508564705479674,90348.17,90469.76,True,False
Emergent_emerges_hypothesis_a8215d,Emergent_analogy_attention_140578,0.9615666681623181,90348.17,90486.78,True,False
Emergent_emerges_hypothesis_a8215d,Emergent_bounded_complexity_42f802,0.9547277097981279,90348.17,90504.58,True,False
Emergent_emerges_hypothesis_a8215d,Emergent_complexity_hypothesis_c25cd6,0.9664356049866789,90348.17,90504.92,True,False
Emergent_emerges_hypothesis_a8215d,Emergent_bounded_hypothesis_41336a,0.9605932505623862,90348.17,90521.67,True,False
Emergent_emerges_hypothesis_a8215d,Emergent_consciousness_hypothesis_1993b1,0.9557167185732456,90348.17,90522.01,True,False
Emergent_emerges_hypothesis_a8215d,Emergent_abstraction_ambiguity_a83b10,0.9625449502514756,90348.17,90539.36,True,False
Emergent_emerges_hypothesis_a8215d,Emergent_autonomy_belief_revision_03bb63,0.959646495808439,90348.17,90560.27,True,False
Emergent_emerges_hypothesis_a8215d,Emergent_appears_asymmetry_875f64,0.9550625048590373,90348.17,90582.79,True,False
Emergent_emerges_hypothesis_a8215d,Emergent_asymmetry_awareness_537d9e,0.9604246879541212,90348.17,90583.13,True,False
Emergent_emerges_hypothesis_a8215d,Emergent_awareness_cascade_97bcc8,0.9664383189431394,90348.17,90605.25,True,False
Emergent_emerges_hypothesis_a8215d,Emergent_asymmetry_concept_e7c526,0.9514006280127676,90348.17,90646.68,True,False
Emergent_emerges_hypothesis_a8215d,Emergent_clarity_connection_47e953,0.9607843138898051,90348.17,90667.52,True,False
Emergent_emerges_hypothesis_a8215d,Emergent_coherence_connection_2315cf,0.9619324852181033,90348.17,90704.88,True,False
Emergent_emerges_hypothesis_a8215d,Emergent_cognition_coherence_8ecc1d,0.9664277358710236,90348.17,90746.65,True,False
Emergent_emerges_hypothesis_a8215d,Emergent_awareness_cascade_7e50df,0.963679939356944,90348.17,90763.32,True,False
Emergent_emerges_hypothesis_a8215d,Emergent_awareness_cascade_aee329,0.9599556462272283,90348.17,90763.66,True,False
Emergent_emerges_hypothesis_a8215d,Emergent_boundary_clarity_ba958c,0.9664204831529786,90348.17,90784.27,True,False
Emergent_emerges_hypothesis_a8215d,Emergent_clarity_connection_ad0afc,0.9664204831529786,90348.17,90784.61,True,False
Emergent_emerges_hypothesis_a8215d,Emergent_coherence_connection_7716f2,0.9617584613460151,90348.17,90806.27,True,False
Emergent_emerges_hypothesis_a8215d,Emergent_carefully_coherence_19463a,0.959182684531533,90348.17,90806.61,True,False
Emergent_emerges_hypothesis_a8215d,Emergent_autonomy_boundary_346ebd,0.9661984534663552,90348.17,90828.98,True,False
Emergent_emerges_hypothesis_a8215d,Emergent_bounded_coherence_4beae6,0.9632449169548829,90348.17,90882.49,True,False
Emergent_emerges_hypothesis_a8215d,Emergent_bounded_carefully_f79645,0.9660589837902578,90348.17,90882.83,True,False
Emergent_emerges_hypothesis_a8215d,Emergent_awareness_cascade_f662e0,0.955637853510116,90348.17,90920.25,True,False
Emergent_emerges_hypothesis_a8215d,Emergent_awareness_cascade_5e2b72,0.9661477156327625,90348.17,90939.65,True,False
Emergent_emerges_hypothesis_a8215d,Emergent_autonomy_awareness_135ecc,0.9664602686215282,90348.17,91001.02,True,False
Emergent_emerges_hypothesis_a8215d,Emergent_autonomy_collective_6a047d,0.9586525076834869,90348.17,91024.44,True,False
Emergent_emerges_hypothesis_a8215d,Emergent_carefully_clarity_0d7a6f,0.9563233944023202,90348.17,91046.88,True,False
Emergent_emerges_hypothesis_a8215d,Emergent_clarity_coherence_ea0c30,0.9542698425298408,90348.17,91047.22,True,False
Emergent_emerges_hypothesis_a8215d,Emergent_autonomy_boundary_1c8ce0,0.9617781904942893,90348.17,91070.68,True,False
Emergent_emerges_hypothesis_a8215d,Emergent_coherence_connection_ff8bfe,0.9654579393532188,90348.17,91094.72,True,False
Emergent_emerges_hypothesis_a8215d,Emergent_awareness_boundary_884077,0.9570488837359012,90348.17,91115.26,True,False
Emergent_emerges_hypothesis_a8215d,Emergent_boundary_connection_2f9fcd,0.9641513363719403,90348.17,91154.88,True,False
Emergent_emerges_hypothesis_a8215d,Emergent_connection_coupling_1f25cc,0.9322174174518312,90348.17,91178.04,True,False
Emergent_emerges_hypothesis_a8215d,Emergent_connection_contradiction_52dd1b,0.9237496862876486,90348.17,91178.38,True,False
Emergent_emerges_hypothesis_a8215d,Emergent_autonomy_awareness_c0bb96,0.9657740924526206,90348.17,91242.14,True,False
Emergent_emerges_hypothesis_a8215d,Emergent_appears_autonomy_3a9f9f,0.9702479258852965,90348.17,91242.48,True,False
Emergent_emerges_hypothesis_a8215d,Emergent_appears_clarity_60514c,0.9430982848989449,90348.17,91289.65,True,False
Emergent_emerges_hypothesis_a8215d,Emergent_carefully_clarity_42ab71,0.9394245326758763,90348.17,91312.3,True,False
Emergent_emerges_hypothesis_a8215d,Emergent_appears_autonomy_ff3e16,0.9462065916025957,90348.17,91334.61,True,False
Emergent_emerges_hypothesis_a8215d,Emergent_bounded_clarity_ae2623,0.9305628258852967,90348.17,91358.2,True,False
Emergent_emerges_hypothesis_a8215d,Emergent_appears_connection_7bf1ab,0.9161151365067448,90348.17,91379.85,True,False
Emergent_emerges_hypothesis_a8215d,Emergent_connection_dependency_32de27,0.9,90348.17,91449.86,True,False
Emergent_emerges_hypothesis_a8215d,Emergent_appears_bounded_813df2,0.9,90348.17,91450.2,True,False
Emergent_autonomy_awareness_dc684e,Emergent_autonomy_bounded_72bafc,0.9514468779065408,90381.27,90415.47,True,False
Emergent_autonomy_awareness_dc684e,Emergent_autonomy_carefully_659b9f,0.9608277851358356,90381.27,90434.01,True,False
Emergent_autonomy_awareness_dc684e,Emergent_autonomy_clarity_d6bec2,0.9608277851358356,90381.27,90434.35,True,False
Emergent_autonomy_awareness_dc684e,Emergent_clarity_complexity_e4a503,0.9608277055839103,90381.27,90452.38,True,False
Emergent_autonomy_awareness_dc684e,Emergent_awareness_carefully_026c23,0.9508564705479674,90381.27,90469.76,True,False
Emergent_autonomy_awareness_dc684e,Emergent_analogy_attention_140578,0.960825145609624,90381.27,90486.78,True,False
Emergent_autonomy_awareness_dc684e,Emergent_bounded_complexity_42f802,0.9547277097981279,90381.27,90504.58,True,False
Emergent_autonomy_awareness_dc684e,Emergent_complexity_hypothesis_c25cd6,0.9608251687794733,90381.27,90504.92,True,False
Emergent_autonomy_awareness_dc684e,Emergent_bounded_hypothesis_41336a,0.9605932505623862,90381.27,90521.67,True,False
Emergent_autonomy_awareness_dc684e,Emergent_consciousness_hypothesis_1993b1,0.9557167185732456,90381.27,90522.01,True,False
Emergent_autonomy_awareness_dc684e,Emergent_abstraction_ambiguity_a83b10,0.9608252151208168,90381.27,90539.36,True,False
Emergent_autonomy_awareness_dc684e,Emergent_autonomy_belief_revision_03bb63,0.959646495808439,90381.27,90560.27,True,False
Emergent_autonomy_awareness_dc684e,Emergent_appears_asymmetry_875f64,0.9550625048590373,90381.27,90582.79,True,False
Emergent_autonomy_awareness_dc684e,Emergent_asymmetry_awareness_537d9e,0.9604246879541212,90381.27,90583.13,True,False
Emergent_autonomy_awareness_dc684e,Emergent_awareness_cascade_97bcc8,0.9608279645256264,90381.27,90605.25,True,False
Emergent_autonomy_awareness_dc684e,Emergent_asymmetry_concept_e7c526,0.9514006280127676,90381.27,90646.68,True,False
Emergent_autonomy_awareness_dc684e,Emergent_clarity_connection_47e953,0.9607843138898051,90381.27,90667.52,True,False
Emergent_autonomy_awareness_dc684e,Emergent_coherence_connection_2315cf,0.9608023061407778,90381.27,90704.88,True,False
Emergent_autonomy_awareness_dc684e,Emergent_cognition_coherence_8ecc1d,0.9608179688758576,90381.27,90746.65,True,False
Emergent_autonomy_awareness_dc684e,Emergent_awareness_cascade_7e50df,0.9608189267820146,90381.27,90763.32,True,False
Emergent_autonomy_awareness_dc684e,Emergent_awareness_cascade_aee329,0.9599556462272283,90381.27,90763.66,True,False
Emergent_autonomy_awareness_dc684e,Emergent_boundary_clarity_ba958c,0.9608107161578125,90381.27,90784.27,True,False
Emergent_autonomy_awareness_dc684e,Emergent_clarity_connection_ad0afc,0.9608107161578125,90381.27,90784.61,True,False
Emergent_autonomy_awareness_dc684e,Emergent_coherence_connection_7716f2,0.9607958648537924,90381.27,90806.27,True,False
Emergent_autonomy_awareness_dc684e,Emergent_carefully_coherence_19463a,0.959182684531533,90381.27,90806.61,True,False
Emergent_autonomy_awareness_dc684e,Emergent_autonomy_boundary_346ebd,0.9605847039136988,90381.27,90828.98,True,False
Emergent_autonomy_awareness_dc684e,Emergent_bounded_coherence_4beae6,0.9604439095138662,90381.27,90882.49,True,False
Emergent_autonomy_awareness_dc684e,Emergent_bounded_carefully_f79645,0.9604487862260136,90381.27,90882.83,True,False
Emergent_autonomy_awareness_dc684e,Emergent_awareness_cascade_f662e0,0.955637853510116,90381.27,90920.25,True,False
Emergent_autonomy_awareness_dc684e,Emergent_awareness_cascade_5e2b72,0.9611247777491139,90381.27,90939.65,True,False
Emergent_autonomy_awareness_dc684e,Emergent_autonomy_awareness_135ecc,0.9608578638656093,90381.27,91001.02,True,False
Emergent_autonomy_awareness_dc684e,Emergent_autonomy_collective_6a047d,0.9586525076834869,90381.27,91024.44,True,False
Emergent_autonomy_awareness_dc684e,Emergent_carefully_clarity_0d7a6f,0.9563233944023202,90381.27,91046.88,True,False
Emergent_autonomy_awareness_dc684e,Emergent_clarity_coherence_ea0c30,0.9542698425298408,90381.27,91047.22,True,False
Emergent_autonomy_awareness_dc684e,Emergent_autonomy_boundary_1c8ce0,0.9615849196102508,90381.27,91070.68,True,False
Emergent_autonomy_awareness_dc684e,Emergent_coherence_connection_ff8bfe,0.9609917215873507,90381.27,91094.72,True,False
Emergent_autonomy_awareness_dc684e,Emergent_awareness_boundary_884077,0.9570488837359012,90381.27,91115.26,True,False
Emergent_autonomy_awareness_dc684e,Emergent_boundary_connection_2f9fcd,0.958652716973303,90381.27,91154.88,True,False
Emergent_autonomy_awareness_dc684e,Emergent_connection_coupling_1f25cc,0.9265421639635676,90381.27,91178.04,True,False
Emergent_autonomy_awareness_dc684e,Emergent_connection_contradiction_52dd1b,0.9237496862876486,90381.27,91178.38,True,False
Emergent_autonomy_awareness_dc684e,Emergent_autonomy_awareness_c0bb96,0.9648468643565273,90381.27,91242.14,True,False
Emergent_autonomy_awareness_dc684e,Emergent_appears_autonomy_3a9f9f,0.9648468643565273,90381.27,91242.48,True,False
Emergent_autonomy_awareness_dc684e,Emergent_appears_clarity_60514c,0.9430982848989449,90381.27,91289.65,True,False
Emergent_autonomy_awareness_dc684e,Emergent_carefully_clarity_42ab71,0.9394245326758763,90381.27,91312.3,True,False
Emergent_autonomy_awareness_dc684e,Emergent_appears_autonomy_ff3e16,0.9423117643565275,90381.27,91334.61,True,False
Emergent_autonomy_awareness_dc684e,Emergent_bounded_clarity_ae2623,0.9251617643565275,90381.27,91358.2,True,False
Emergent_autonomy_awareness_dc684e,Emergent_appears_connection_7bf1ab,0.9161151365067448,90381.27,91379.85,True,False
Emergent_autonomy_awareness_dc684e,Emergent_connection_dependency_32de27,0.9,90381.27,91449.86,True,False
Emergent_autonomy_awareness_dc684e,Emergent_appears_bounded_813df2,0.9,90381.27,91450.2,True,False
Emergent_autonomy_bounded_72bafc,Emergent_autonomy_carefully_659b9f,0.9514467983546155,90415.47,90434.01,True,False
Emergent_autonomy_bounded_72bafc,Emergent_autonomy_clarity_d6bec2,0.9514467983546155,90415.47,90434.35,True,False
Emergent_autonomy_bounded_72bafc,Emergent_clarity_complexity_e4a503,0.951446684709008,90415.47,90452.38,True,False
Emergent_autonomy_bounded_72bafc,Emergent_awareness_carefully_026c23,0.9508564705479674,90415.47,90469.76,True,False
Emergent_autonomy_bounded_72bafc,Emergent_analogy_attention_140578,0.9514429598906702,90415.47,90486.78,True,False
Emergent_autonomy_bounded_72bafc,Emergent_bounded_complexity_42f802,0.9514429252956649,90415.47,90504.58,True,False
Emergent_autonomy_bounded_72bafc,Emergent_complexity_hypothesis_c25cd6,0.9514429811945826,90415.47,90504.92,True,False
Emergent_autonomy_bounded_72bafc,Emergent_bounded_hypothesis_41336a,0.9514429919675991,90415.47,90521.67,True,False
Emergent_autonomy_bounded_72bafc,Emergent_consciousness_hypothesis_1993b1,0.9514429758785652,90415.47,90522.01,True,False
Emergent_autonomy_bounded_72bafc,Emergent_abstraction_ambiguity_a83b10,0.9514430457266814,90415.47,90539.36,True,False
Emergent_autonomy_bounded_72bafc,Emergent_autonomy_belief_revision_03bb63,0.9514488159620433,90415.47,90560.27,True,False
Emergent_autonomy_bounded_72bafc,Emergent_appears_asymmetry_875f64,0.9514481397818346,90415.47,90582.79,True,False
Emergent_autonomy_bounded_72bafc,Emergent_asymmetry_awareness_537d9e,0.9514481397818346,90415.47,90583.13,True,False
Emergent_autonomy_bounded_72bafc,Emergent_awareness_cascade_97bcc8,0.9514471738101078,90415.47,90605.25,True,False
Emergent_autonomy_bounded_72bafc,Emergent_asymmetry_concept_e7c526,0.9514006280127676,90415.47,90646.68,True,False
Emergent_autonomy_bounded_72bafc,Emergent_clarity_connection_47e953,0.951440483923313,90415.47,90667.52,True,False
Emergent_autonomy_bounded_72bafc,Emergent_coherence_connection_2315cf,0.9514078612180807,90415.47,90704.88,True,False
Emergent_autonomy_bounded_72bafc,Emergent_cognition_coherence_8ecc1d,0.9514343213409286,90415.47,90746.65,True,False
Emergent_autonomy_bounded_72bafc,Emergent_awareness_cascade_7e50df,0.9514356897782956,90415.47,90763.32,True,False
Emergent_autonomy_bounded_72bafc,Emergent_awareness_cascade_aee329,0.9514356897782956,90415.47,90763.66,True,False
Emergent_autonomy_bounded_72bafc,Emergent_boundary_clarity_ba958c,0.9514239603151498,90415.47,90784.27,True,False
Emergent_autonomy_bounded_72bafc,Emergent_clarity_connection_ad0afc,0.9514239603151498,90415.47,90784.61,True,False
Emergent_autonomy_bounded_72bafc,Emergent_coherence_connection_7716f2,0.9514029636661112,90415.47,90806.27,True,False
Emergent_autonomy_bounded_72bafc,Emergent_carefully_coherence_19463a,0.959182684531533,90415.47,90806.61,True,False
Emergent_autonomy_bounded_72bafc,Emergent_autonomy_boundary_346ebd,0.9511018545557046,90415.47,90828.98,True,False
Emergent_autonomy_bounded_72bafc,Emergent_bounded_coherence_4beae6,0.9509234301080824,90415.47,90882.49,True,False
Emergent_autonomy_bounded_72bafc,Emergent_bounded_carefully_f79645,0.9509281484049064,90415.47,90882.83,True,False
Emergent_autonomy_bounded_72bafc,Emergent_awareness_cascade_f662e0,0.9516663656332034,90415.47,90920.25,True,False
Emergent_autonomy_bounded_72bafc,Emergent_awareness_cascade_5e2b72,0.9515965764790071,90415.47,90939.65,True,False
Emergent_autonomy_bounded_72bafc,Emergent_autonomy_awareness_135ecc,0.9513308826149134,90415.47,91001.02,True,False
Emergent_autonomy_bounded_72bafc,Emergent_autonomy_collective_6a047d,0.9586525076834869,90415.47,91024.44,True,False
Emergent_autonomy_bounded_72bafc,Emergent_carefully_clarity_0d7a6f,0.9502166858868537,90415.47,91046.88,True,False
Emergent_autonomy_bounded_72bafc,Emergent_clarity_coherence_ea0c30,0.9502077412238739,90415.47,91047.22,True,False
Emergent_autonomy_bounded_72bafc,Emergent_autonomy_boundary_1c8ce0,0.9522205983458525,90415.47,91070.68,True,False
Emergent_autonomy_bounded_72bafc,Emergent_coherence_connection_ff8bfe,0.9516274003229526,90415.47,91094.72,True,False
Emergent_autonomy_bounded_72bafc,Emergent_awareness_boundary_884077,0.9507799745759526,90415.47,91115.26,True,False
Emergent_autonomy_bounded_72bafc,Emergent_boundary_connection_2f9fcd,0.949302224426297,90415.47,91154.88,True,False
Emergent_autonomy_bounded_72bafc,Emergent_connection_coupling_1f25cc,0.9168913022477101,90415.47,91178.04,True,False
Emergent_autonomy_bounded_72bafc,Emergent_connection_contradiction_52dd1b,0.916816634178707,90415.47,91178.38,True,False
Emergent_autonomy_bounded_72bafc,Emergent_autonomy_awareness_c0bb96,0.9556622705686404,90415.47,91242.14,True,False
Emergent_autonomy_bounded_72bafc,Emergent_appears_autonomy_3a9f9f,0.9556622705686404,90415.47,91242.48,True,False
Emergent_autonomy_bounded_72bafc,Emergent_appears_clarity_60514c,0.9430982848989449,90415.47,91289.65,True,False
Emergent_autonomy_bounded_72bafc,Emergent_carefully_clarity_42ab71,0.9314121705686405,90415.47,91312.3,True,False
Emergent_autonomy_bounded_72bafc,Emergent_appears_autonomy_ff3e16,0.9331271705686404,90415.47,91334.61,True,False
Emergent_autonomy_bounded_72bafc,Emergent_bounded_clarity_ae2623,0.9159771705686404,90415.47,91358.2,True,False
Emergent_autonomy_bounded_72bafc,Emergent_appears_connection_7bf1ab,0.9161151365067448,90415.47,91379.85,True,False
Emergent_autonomy_bounded_72bafc,Emergent_connection_dependency_32de27,0.9,90415.47,91449.86,True,False
Emergent_autonomy_bounded_72bafc,Emergent_appears_bounded_813df2,0.9,90415.47,91450.2,True,False
Emergent_autonomy_carefully_659b9f,Emergent_autonomy_clarity_d6bec2,0.9615805040643528,90434.01,90434.35,True,False
Emergent_autonomy_carefully_659b9f,Emergent_clarity_complexity_e4a503,0.965252657782439,90434.01,90452.38,True,False
Emergent_autonomy_carefully_659b9f,Emergent_awareness_carefully_026c23,0.9508564705479674,90434.01,90469.76,True,False
Emergent_autonomy_carefully_659b9f,Emergent_analogy_attention_140578,0.9615666681623181,90434.01,90486.78,True,False
Emergent_autonomy_carefully_659b9f,Emergent_bounded_complexity_42f802,0.9547277097981279,90434.01,90504.58,True,False
Emergent_autonomy_carefully_659b9f,Emergent_complexity_hypothesis_c25cd6,0.9652501467912709,90434.01,90504.92,True,False
Emergent_autonomy_carefully_659b9f,Emergent_bounded_hypothesis_41336a,0.9605932505623862,90434.01,90521.67,True,False
Emergent_autonomy_carefully_659b9f,Emergent_consciousness_hypothesis_1993b1,0.9557167185732456,90434.01,90522.01,True,False
Emergent_autonomy_carefully_659b9f,Emergent_abstraction_ambiguity_a83b10,0.9625449502514756,90434.01,90539.36,True,False
Emergent_autonomy_carefully_659b9f,Emergent_autonomy_belief_revision_03bb63,0.959646495808439,90434.01,90560.27,True,False
Emergent_autonomy_carefully_659b9f,Emergent_appears_asymmetry_875f64,0.9550625048590373,90434.01,90582.79,True,False
Emergent_autonomy_carefully_659b9f,Emergent_asymmetry_awareness_537d9e,0.9604246879541212,90434.01,90583.13,True,False
Emergent_autonomy_carefully_659b9f,Emergent_awareness_cascade_97bcc8,0.9652528780295,90434.01,90605.25,True,False
Emergent_autonomy_carefully_659b9f,Emergent_asymmetry_concept_e7c526,0.9514006280127676,90434.01,90646.68,True,False
Emergent_autonomy_carefully_659b9f,Emergent_clarity_connection_47e953,0.9607843138898051,90434.01,90667.52,True,False
Emergent_autonomy_carefully_659b9f,Emergent_coherence_connection_2315cf,0.9619324852181033,90434.01,90704.88,True,False
Emergent_autonomy_carefully_659b9f,Emergent_cognition_coherence_8ecc1d,0.965242419076902,90434.01,90746.65,True,False
Emergent_autonomy_carefully_659b9f,Emergent_awareness_cascade_7e50df,0.963679939356944,90434.01,90763.32,True,False
Emergent_autonomy_carefully_659b9f,Emergent_awareness_cascade_aee329,0.9599556462272283,90434.01,90763.66,True,False
Emergent_autonomy_carefully_659b9f,Emergent_boundary_clarity_ba958c,0.965235166358857,90434.01,90784.27,True,False
Emergent_autonomy_carefully_659b9f,Emergent_clarity_connection_ad0afc,0.965235166358857,90434.01,90784.61,True,False
Emergent_autonomy_carefully_659b9f,Emergent_coherence_connection_7716f2,0.9617584613460151,90434.01,90806.27,True,False
Emergent_autonomy_carefully_659b9f,Emergent_carefully_coherence_19463a,0.959182684531533,90434.01,90806.61,True,False
Emergent_autonomy_carefully_659b9f,Emergent_autonomy_boundary_346ebd,0.9650122951769842,90434.01,90828.98,True,False
Emergent_autonomy_carefully_659b9f,Emergent_bounded_coherence_4beae6,0.9632449169548829,90434.01,90882.49,True,False
Emergent_autonomy_carefully_659b9f,Emergent_bounded_carefully_f79645,0.9648735760189602,90434.01,90882.83,True,False
Emergent_autonomy_carefully_659b9f,Emergent_awareness_cascade_f662e0,0.955637853510116,90434.01,90920.25,True,False
Emergent_autonomy_carefully_659b9f,Emergent_awareness_cascade_5e2b72,0.9655439871654676,90434.01,90939.65,True,False
Emergent_autonomy_carefully_659b9f,Emergent_autonomy_awareness_135ecc,0.9652765074331615,90434.01,91001.02,True,False
Emergent_autonomy_carefully_659b9f,Emergent_autonomy_collective_6a047d,0.9586525076834869,90434.01,91024.44,True,False
Emergent_autonomy_carefully_659b9f,Emergent_carefully_clarity_0d7a6f,0.9563233944023202,90434.01,91046.88,True,False
Emergent_autonomy_carefully_659b9f,Emergent_clarity_coherence_ea0c30,0.9542698425298408,90434.01,91047.22,True,False
Emergent_autonomy_carefully_659b9f,Emergent_autonomy_boundary_1c8ce0,0.9617781904942893,90434.01,91070.68,True,False
Emergent_autonomy_carefully_659b9f,Emergent_coherence_connection_ff8bfe,0.9653349229467951,90434.01,91094.72,True,False
Emergent_autonomy_carefully_659b9f,Emergent_awareness_boundary_884077,0.9570488837359012,90434.01,91115.26,True,False
Emergent_autonomy_carefully_659b9f,Emergent_boundary_connection_2f9fcd,0.9629895045305636,90434.01,91154.88,True,False
Emergent_autonomy_carefully_659b9f,Emergent_connection_coupling_1f25cc,0.9310182636765794,90434.01,91178.04,True,False
Emergent_autonomy_carefully_659b9f,Emergent_connection_contradiction_52dd1b,0.9237496862876486,90434.01,91178.38,True,False
Emergent_autonomy_carefully_659b9f,Emergent_autonomy_awareness_c0bb96,0.9657740924526206,90434.01,91242.14,True,False
Emergent_autonomy_carefully_659b9f,Emergent_appears_autonomy_3a9f9f,0.9691067075527613,90434.01,91242.48,True,False
Emergent_autonomy_carefully_659b9f,Emergent_appears_clarity_60514c,0.9430982848989449,90434.01,91289.65,True,False
Emergent_autonomy_carefully_659b9f,Emergent_carefully_clarity_42ab71,0.9394245326758763,90434.01,91312.3,True,False
Emergent_autonomy_carefully_659b9f,Emergent_appears_autonomy_ff3e16,0.9462065916025957,90434.01,91334.61,True,False
Emergent_autonomy_carefully_659b9f,Emergent_bounded_clarity_ae2623,0.9294216075527615,90434.01,91358.2,True,False
Emergent_autonomy_carefully_659b9f,Emergent_appears_connection_7bf1ab,0.9161151365067448,90434.01,91379.85,True,False
Emergent_autonomy_carefully_659b9f,Emergent_connection_dependency_32de27,0.9,90434.01,91449.86,True,False
Emergent_autonomy_carefully_659b9f,Emergent_appears_bounded_813df2,0.9,90434.01,91450.2,True,False
Emergent_autonomy_clarity_d6bec2,Emergent_clarity_complexity_e4a503,0.9615806101335866,90434.35,90452.38,True,False
Emergent_autonomy_clarity_d6bec2,Emergent_awareness_carefully_026c23,0.9508564705479674,90434.35,90469.76,True,False
Emergent_autonomy_clarity_d6bec2,Emergent_analogy_attention_140578,0.9615666681623181,90434.35,90486.78,True,False
Emergent_autonomy_clarity_d6bec2,Emergent_bounded_complexity_42f802,0.9547277097981279,90434.35,90504.58,True,False
Emergent_autonomy_clarity_d6bec2,Emergent_complexity_hypothesis_c25cd6,0.9615780777212712,90434.35,90504.92,True,False
Emergent_autonomy_clarity_d6bec2,Emergent_bounded_hypothesis_41336a,0.9605932505623862,90434.35,90521.67,True,False
Emergent_autonomy_clarity_d6bec2,Emergent_consciousness_hypothesis_1993b1,0.9557167185732456,90434.35,90522.01,True,False
Emergent_autonomy_clarity_d6bec2,Emergent_abstraction_ambiguity_a83b10,0.9615781241548578,90434.35,90539.36,True,False
Emergent_autonomy_clarity_d6bec2,Emergent_autonomy_belief_revision_03bb63,0.959646495808439,90434.35,90560.27,True,False
Emergent_autonomy_clarity_d6bec2,Emergent_appears_asymmetry_875f64,0.9550625048590373,90434.35,90582.79,True,False
Emergent_autonomy_clarity_d6bec2,Emergent_asymmetry_awareness_537d9e,0.9604246879541212,90434.35,90583.13,True,False
Emergent_autonomy_clarity_d6bec2,Emergent_awareness_cascade_97bcc8,0.9615808624914168,90434.35,90605.25,True,False
Emergent_autonomy_clarity_d6bec2,Emergent_asymmetry_concept_e7c526,0.9514006280127676,90434.35,90646.68,True,False
Emergent_autonomy_clarity_d6bec2,Emergent_clarity_connection_47e953,0.9607843138898051,90434.35,90667.52,True,False
Emergent_autonomy_clarity_d6bec2,Emergent_coherence_connection_2315cf,0.9615553509242056,90434.35,90704.88,True,False
Emergent_autonomy_clarity_d6bec2,Emergent_cognition_coherence_8ecc1d,0.9615707880107833,90434.35,90746.65,True,False
Emergent_autonomy_clarity_d6bec2,Emergent_awareness_cascade_7e50df,0.9615717459169402,90434.35,90763.32,True,False
Emergent_autonomy_clarity_d6bec2,Emergent_awareness_cascade_aee329,0.9599556462272283,90434.35,90763.66,True,False
Emergent_autonomy_clarity_d6bec2,Emergent_boundary_clarity_ba958c,0.9615635352927381,90434.35,90784.27,True,False
Emergent_autonomy_clarity_d6bec2,Emergent_clarity_connection_ad0afc,0.9615635352927381,90434.35,90784.61,True,False
Emergent_autonomy_clarity_d6bec2,Emergent_coherence_connection_7716f2,0.9615486718633006,90434.35,90806.27,True,False
Emergent_autonomy_clarity_d6bec2,Emergent_carefully_coherence_19463a,0.959182684531533,90434.35,90806.61,True,False
Emergent_autonomy_clarity_d6bec2,Emergent_autonomy_boundary_346ebd,0.9613380574996073,90434.35,90828.98,True,False
Emergent_autonomy_clarity_d6bec2,Emergent_bounded_coherence_4beae6,0.9611967807985338,90434.35,90882.49,True,False
Emergent_autonomy_clarity_d6bec2,Emergent_bounded_carefully_f79645,0.9612016631424194,90434.35,90882.83,True,False
Emergent_autonomy_clarity_d6bec2,Emergent_awareness_cascade_f662e0,0.955637853510116,90434.35,90920.25,True,False
Emergent_autonomy_clarity_d6bec2,Emergent_awareness_cascade_5e2b72,0.9618767051657879,90434.35,90939.65,True,False
Emergent_autonomy_clarity_d6bec2,Emergent_autonomy_awareness_135ecc,0.9616096950032462,90434.35,91001.02,True,False
Emergent_autonomy_clarity_d6bec2,Emergent_autonomy_collective_6a047d,0.9586525076834869,90434.35,91024.44,True,False
Emergent_autonomy_clarity_d6bec2,Emergent_carefully_clarity_0d7a6f,0.9563233944023202,90434.35,91046.88,True,False
Emergent_autonomy_clarity_d6bec2,Emergent_clarity_coherence_ea0c30,0.9542698425298408,90434.35,91047.22,True,False
Emergent_autonomy_clarity_d6bec2,Emergent_autonomy_boundary_1c8ce0,0.9617781904942893,90434.35,91070.68,True,False
Emergent_autonomy_clarity_d6bec2,Emergent_coherence_connection_ff8bfe,0.9617307162514681,90434.35,91094.72,True,False
Emergent_autonomy_clarity_d6bec2,Emergent_awareness_boundary_884077,0.9570488837359012,90434.35,91115.26,True,False
Emergent_autonomy_clarity_d6bec2,Emergent_boundary_connection_2f9fcd,0.9593906203305254,90434.35,91154.88,True,False
Emergent_autonomy_clarity_d6bec2,Emergent_connection_coupling_1f25cc,0.927303771250501,90434.35,91178.04,True,False
Emergent_autonomy_clarity_d6bec2,Emergent_connection_contradiction_52dd1b,0.9237496862876486,90434.35,91178.38,True,False
Emergent_autonomy_clarity_d6bec2,Emergent_autonomy_awareness_c0bb96,0.9655716756492729,90434.35,91242.14,True,False
Emergent_autonomy_clarity_d6bec2,Emergent_appears_autonomy_3a9f9f,0.9655716756492729,90434.35,91242.48,True,False
Emergent_autonomy_clarity_d6bec2,Emergent_appears_clarity_60514c,0.9430982848989449,90434.35,91289.65,True,False
Emergent_autonomy_clarity_d6bec2,Emergent_carefully_clarity_42ab71,0.9394245326758763,90434.35,91312.3,True,False
Emergent_autonomy_clarity_d6bec2,Emergent_appears_autonomy_ff3e16,0.9430365756492729,90434.35,91334.61,True,False
Emergent_autonomy_clarity_d6bec2,Emergent_bounded_clarity_ae2623,0.9258865756492731,90434.35,91358.2,True,False
Emergent_autonomy_clarity_d6bec2,Emergent_appears_connection_7bf1ab,0.9161151365067448,90434.35,91379.85,True,False
Emergent_autonomy_clarity_d6bec2,Emergent_connection_dependency_32de27,0.9,90434.35,91449.86,True,False
Emergent_autonomy_clarity_d6bec2,Emergent_appears_bounded_813df2,0.9,90434.35,91450.2,True,False
Emergent_clarity_complexity_e4a503,Emergent_awareness_carefully_026c23,0.9508564705479674,90452.38,90469.76,True,False
Emergent_clarity_complexity_e4a503,Emergent_analogy_attention_140578,0.9615666681623181,90452.38,90486.78,True,False
Emergent_clarity_complexity_e4a503,Emergent_bounded_complexity_42f802,0.9547277097981279,90452.38,90504.58,True,False
Emergent_clarity_complexity_e4a503,Emergent_complexity_hypothesis_c25cd6,0.9716704831629248,90452.38,90504.92,True,False
Emergent_clarity_complexity_e4a503,Emergent_bounded_hypothesis_41336a,0.9605932505623862,90452.38,90521.67,True,False
Emergent_clarity_complexity_e4a503,Emergent_consciousness_hypothesis_1993b1,0.9557167185732456,90452.38,90522.01,True,False
Emergent_clarity_complexity_e4a503,Emergent_abstraction_ambiguity_a83b10,0.9625449502514756,90452.38,90539.36,True,False
Emergent_clarity_complexity_e4a503,Emergent_autonomy_belief_revision_03bb63,0.959646495808439,90452.38,90560.27,True,False
Emergent_clarity_complexity_e4a503,Emergent_appears_asymmetry_875f64,0.9550625048590373,90452.38,90582.79,True,False
Emergent_clarity_complexity_e4a503,Emergent_asymmetry_awareness_537d9e,0.9604246879541212,90452.38,90583.13,True,False
Emergent_clarity_complexity_e4a503,Emergent_awareness_cascade_97bcc8,0.9733524334068027,90452.38,90605.25,True,False
Emergent_clarity_complexity_e4a503,Emergent_asymmetry_concept_e7c526,0.9514006280127676,90452.38,90646.68,True,False
Emergent_clarity_complexity_e4a503,Emergent_clarity_connection_47e953,0.9607843138898051,90452.38,90667.52,True,False
Emergent_clarity_complexity_e4a503,Emergent_coherence_connection_2315cf,0.9619324852181033,90452.38,90704.88,True,False
Emergent_clarity_complexity_e4a503,Emergent_cognition_coherence_8ecc1d,0.9733411264044247,90452.38,90746.65,True,False
Emergent_clarity_complexity_e4a503,Emergent_awareness_cascade_7e50df,0.963679939356944,90452.38,90763.32,True,False
Emergent_clarity_complexity_e4a503,Emergent_awareness_cascade_aee329,0.9599556462272283,90452.38,90763.66,True,False
Emergent_clarity_complexity_e4a503,Emergent_boundary_clarity_ba958c,0.9733338736863795,90452.38,90784.27,True,False
Emergent_clarity_complexity_e4a503,Emergent_clarity_connection_ad0afc,0.9667009975925627,90452.38,90784.61,True,False
Emergent_clarity_complexity_e4a503,Emergent_coherence_connection_7716f2,0.9617584613460151,90452.38,90806.27,True,False
Emergent_clarity_complexity_e4a503,Emergent_carefully_coherence_19463a,0.959182684531533,90452.38,90806.61,True,False
Emergent_clarity_complexity_e4a503,Emergent_autonomy_boundary_346ebd,0.9701601413105612,90452.38,90828.98,True,False
Emergent_clarity_complexity_e4a503,Emergent_bounded_coherence_4beae6,0.9632449169548829,90452.38,90882.49,True,False
Emergent_clarity_complexity_e4a503,Emergent_bounded_carefully_f79645,0.9729729049503657,90452.38,90882.83,True,False
Emergent_clarity_complexity_e4a503,Emergent_awareness_cascade_f662e0,0.955637853510116,90452.38,90920.25,True,False
Emergent_clarity_complexity_e4a503,Emergent_awareness_cascade_5e2b72,0.9661477156327625,90452.38,90939.65,True,False
Emergent_clarity_complexity_e4a503,Emergent_autonomy_awareness_135ecc,0.9729438694122055,90452.38,91001.02,True,False
Emergent_clarity_complexity_e4a503,Emergent_autonomy_collective_6a047d,0.9586525076834869,90452.38,91024.44,True,False
Emergent_clarity_complexity_e4a503,Emergent_carefully_clarity_0d7a6f,0.9563233944023202,90452.38,91046.88,True,False
Emergent_clarity_complexity_e4a503,Emergent_clarity_coherence_ea0c30,0.9542698425298408,90452.38,91047.22,True,False
Emergent_clarity_complexity_e4a503,Emergent_autonomy_boundary_1c8ce0,0.9617781904942893,90452.38,91070.68,True,False
Emergent_clarity_complexity_e4a503,Emergent_coherence_connection_ff8bfe,0.9654579393532188,90452.38,91094.72,True,False
Emergent_clarity_complexity_e4a503,Emergent_awareness_boundary_884077,0.9570488837359012,90452.38,91115.26,True,False
Emergent_clarity_complexity_e4a503,Emergent_boundary_connection_2f9fcd,0.9669606416047309,90452.38,91154.88,True,False
Emergent_clarity_complexity_e4a503,Emergent_connection_coupling_1f25cc,0.9365673018072247,90452.38,91178.04,True,False
Emergent_clarity_complexity_e4a503,Emergent_connection_contradiction_52dd1b,0.9237496862876486,90452.38,91178.38,True,False
Emergent_clarity_complexity_e4a503,Emergent_autonomy_awareness_c0bb96,0.9657740924526206,90452.38,91242.14,True,False
Emergent_clarity_complexity_e4a503,Emergent_appears_autonomy_3a9f9f,0.9740021414381239,90452.38,91242.48,True,False
Emergent_clarity_complexity_e4a503,Emergent_appears_clarity_60514c,0.9430982848989449,90452.38,91289.65,True,False
Emergent_clarity_complexity_e4a503,Emergent_carefully_clarity_42ab71,0.9394245326758763,90452.38,91312.3,True,False
Emergent_clarity_complexity_e4a503,Emergent_appears_autonomy_ff3e16,0.9462065916025957,90452.38,91334.61,True,False
Emergent_clarity_complexity_e4a503,Emergent_bounded_clarity_ae2623,0.9372190110130365,90452.38,91358.2,True,False
Emergent_clarity_complexity_e4a503,Emergent_appears_connection_7bf1ab,0.9161151365067448,90452.38,91379.85,True,False
Emergent_clarity_complexity_e4a503,Emergent_connection_dependency_32de27,0.9,90452.38,91449.86,True,False
Emergent_clarity_complexity_e4a503,Emergent_appears_bounded_813df2,0.9,90452.38,91450.2,True,False
Emergent_awareness_carefully_026c23,Emergent_analogy_attention_140578,0.9508528051756573,90469.76,90486.78,True,False
Emergent_awareness_carefully_026c23,Emergent_bounded_complexity_42f802,0.9508529109850501,90469.76,90504.58,True,False
Emergent_awareness_carefully_026c23,Emergent_complexity_hypothesis_c25cd6,0.950852966794782,90469.76,90504.92,True,False
Emergent_awareness_carefully_026c23,Emergent_bounded_hypothesis_41336a,0.9508529775506105,90469.76,90521.67,True,False
Emergent_awareness_carefully_026c23,Emergent_consciousness_hypothesis_1993b1,0.9508529614872463,90469.76,90522.01,True,False
Emergent_awareness_carefully_026c23,Emergent_abstraction_ambiguity_a83b10,0.9508530312239214,90469.76,90539.36,True,False
Emergent_awareness_carefully_026c23,Emergent_autonomy_belief_revision_03bb63,0.9508588138134184,90469.76,90560.27,True,False
Emergent_awareness_carefully_026c23,Emergent_appears_asymmetry_875f64,0.9508581376332097,90469.76,90582.79,True,False
Emergent_awareness_carefully_026c23,Emergent_asymmetry_awareness_537d9e,0.9508581376332097,90469.76,90583.13,True,False
Emergent_awareness_carefully_026c23,Emergent_awareness_cascade_97bcc8,0.9508571716614829,90469.76,90605.25,True,False
Emergent_awareness_carefully_026c23,Emergent_asymmetry_concept_e7c526,0.9508538203310024,90469.76,90646.68,True,False
Emergent_awareness_carefully_026c23,Emergent_clarity_connection_47e953,0.9508504819436567,90469.76,90667.52,True,False
Emergent_awareness_carefully_026c23,Emergent_coherence_connection_2315cf,0.9508176951948755,90469.76,90704.88,True,False
Emergent_awareness_carefully_026c23,Emergent_cognition_coherence_8ecc1d,0.9508444071815609,90469.76,90746.65,True,False
Emergent_awareness_carefully_026c23,Emergent_awareness_cascade_7e50df,0.9508457756189279,90469.76,90763.32,True,False
Emergent_awareness_carefully_026c23,Emergent_awareness_cascade_aee329,0.9508457756189279,90469.76,90763.66,True,False
Emergent_awareness_carefully_026c23,Emergent_boundary_clarity_ba958c,0.9508340461557823,90469.76,90784.27,True,False
Emergent_awareness_carefully_026c23,Emergent_clarity_connection_ad0afc,0.9508340461557823,90469.76,90784.61,True,False
Emergent_awareness_carefully_026c23,Emergent_coherence_connection_7716f2,0.9508130630408644,90469.76,90806.27,True,False
Emergent_awareness_carefully_026c23,Emergent_carefully_coherence_19463a,0.959182684531533,90469.76,90806.61,True,False
Emergent_awareness_carefully_026c23,Emergent_autonomy_boundary_346ebd,0.9505113105196743,90469.76,90828.98,True,False
Emergent_awareness_carefully_026c23,Emergent_bounded_coherence_4beae6,0.9503334025204924,90469.76,90882.49,True,False
Emergent_awareness_carefully_026c23,Emergent_bounded_carefully_f79645,0.9503381166949536,90469.76,90882.83,True,False
Emergent_awareness_carefully_026c23,Emergent_awareness_cascade_f662e0,0.9510771383347119,90469.76,90920.25,True,False
Emergent_awareness_carefully_026c23,Emergent_awareness_cascade_5e2b72,0.9510073491805158,90469.76,90939.65,True,False
Emergent_awareness_carefully_026c23,Emergent_autonomy_awareness_135ecc,0.9507434585831733,90469.76,91001.02,True,False
Emergent_awareness_carefully_026c23,Emergent_autonomy_collective_6a047d,0.9586525076834869,90469.76,91024.44,True,False
Emergent_awareness_carefully_026c23,Emergent_carefully_clarity_0d7a6f,0.9496191801951981,90469.76,91046.88,True,False
Emergent_awareness_carefully_026c23,Emergent_clarity_coherence_ea0c30,0.9496102640818298,90469.76,91047.22,True,False
Emergent_awareness_carefully_026c23,Emergent_autonomy_boundary_1c8ce0,0.9516432037644116,90469.76,91070.68,True,False
Emergent_awareness_carefully_026c23,Emergent_coherence_connection_ff8bfe,0.9510500057415117,90469.76,91094.72,True,False
Emergent_awareness_carefully_026c23,Emergent_awareness_boundary_884077,0.9502025799945117,90469.76,91115.26,True,False
Emergent_awareness_carefully_026c23,Emergent_boundary_connection_2f9fcd,0.9487256825095889,90469.76,91154.88,True,False
Emergent_awareness_carefully_026c23,Emergent_connection_coupling_1f25cc,0.9162962398717365,90469.76,91178.04,True,False
Emergent_awareness_carefully_026c23,Emergent_connection_contradiction_52dd1b,0.9162216478289515,90469.76,91178.38,True,False
Emergent_awareness_carefully_026c23,Emergent_autonomy_awareness_c0bb96,0.9550959578016889,90469.76,91242.14,True,False
Emergent_awareness_carefully_026c23,Emergent_appears_autonomy_3a9f9f,0.9550959578016889,90469.76,91242.48,True,False
Emergent_awareness_carefully_026c23,Emergent_appears_clarity_60514c,0.942850857801689,90469.76,91289.65,True,False
Emergent_awareness_carefully_026c23,Emergent_carefully_clarity_42ab71,0.9308458578016892,90469.76,91312.3,True,False
Emergent_awareness_carefully_026c23,Emergent_appears_autonomy_ff3e16,0.9325608578016891,90469.76,91334.61,True,False
Emergent_awareness_carefully_026c23,Emergent_bounded_clarity_ae2623,0.9154108578016891,90469.76,91358.2,True,False
Emergent_awareness_carefully_026c23,Emergent_appears_connection_7bf1ab,0.9161151365067448,90469.76,91379.85,True,False
Emergent_awareness_carefully_026c23,Emergent_connection_dependency_32de27,0.9,90469.76,91449.86,True,False
Emergent_awareness_carefully_026c23,Emergent_appears_bounded_813df2,0.9,90469.76,91450.2,True,False
Emergent_analogy_attention_140578,Emergent_bounded_complexity_42f802,0.9547272481218212,90486.78,90504.58,True,False
Emergent_analogy_attention_140578,Emergent_complexity_hypothesis_c25cd6,0.9615662134805592,90486.78,90504.92,True,False
Emergent_analogy_attention_140578,Emergent_bounded_hypothesis_41336a,0.9605927744627403,90486.78,90521.67,True,False
Emergent_analogy_attention_140578,Emergent_consciousness_hypothesis_1993b1,0.9557162544650388,90486.78,90522.01,True,False
Emergent_analogy_attention_140578,Emergent_abstraction_ambiguity_a83b10,0.9615662599127506,90486.78,90539.36,True,False
Emergent_analogy_attention_140578,Emergent_autonomy_belief_revision_03bb63,0.959646495808439,90486.78,90560.27,True,False
Emergent_analogy_attention_140578,Emergent_appears_asymmetry_875f64,0.9550625048590373,90486.78,90582.79,True,False
Emergent_analogy_attention_140578,Emergent_asymmetry_awareness_537d9e,0.9604246879541212,90486.78,90583.13,True,False
Emergent_analogy_attention_140578,Emergent_awareness_cascade_97bcc8,0.9615694769100598,90486.78,90605.25,True,False
Emergent_analogy_attention_140578,Emergent_asymmetry_concept_e7c526,0.9514006280127676,90486.78,90646.68,True,False
Emergent_analogy_attention_140578,Emergent_clarity_connection_47e953,0.9607843138898051,90486.78,90667.52,True,False
Emergent_analogy_attention_140578,Emergent_coherence_connection_2315cf,0.9615439631226221,90486.78,90704.88,True,False
Emergent_analogy_attention_140578,Emergent_cognition_coherence_8ecc1d,0.9615594036215336,90486.78,90746.65,True,False
Emergent_analogy_attention_140578,Emergent_awareness_cascade_7e50df,0.9615603615276906,90486.78,90763.32,True,False
Emergent_analogy_attention_140578,Emergent_awareness_cascade_aee329,0.9599556462272283,90486.78,90763.66,True,False
Emergent_analogy_attention_140578,Emergent_boundary_clarity_ba958c,0.9615521509034886,90486.78,90784.27,True,False
Emergent_analogy_attention_140578,Emergent_clarity_connection_ad0afc,0.9615521509034886,90486.78,90784.61,True,False
Emergent_analogy_attention_140578,Emergent_coherence_connection_7716f2,0.9615372876574158,90486.78,90806.27,True,False
Emergent_analogy_attention_140578,Emergent_carefully_coherence_19463a,0.959182684531533,90486.78,90806.61,True,False
Emergent_analogy_attention_140578,Emergent_autonomy_boundary_346ebd,0.9613266650282069,90486.78,90828.98,True,False
Emergent_analogy_attention_140578,Emergent_bounded_coherence_4beae6,0.9611853956206582,90486.78,90882.49,True,False
Emergent_analogy_attention_140578,Emergent_bounded_carefully_f79645,0.9611902778793786,90486.78,90882.83,True,False
Emergent_analogy_attention_140578,Emergent_awareness_cascade_f662e0,0.955637853510116,90486.78,90920.25,True,False
Emergent_analogy_attention_140578,Emergent_awareness_cascade_5e2b72,0.9618653342614079,90486.78,90939.65,True,False
Emergent_analogy_attention_140578,Emergent_autonomy_awareness_135ecc,0.9615983255548308,90486.78,91001.02,True,False
Emergent_analogy_attention_140578,Emergent_autonomy_collective_6a047d,0.9586525076834869,90486.78,91024.44,True,False
Emergent_analogy_attention_140578,Emergent_carefully_clarity_0d7a6f,0.9563233944023202,90486.78,91046.88,True,False
Emergent_analogy_attention_140578,Emergent_clarity_coherence_ea0c30,0.9542698425298408,90486.78,91047.22,True,False
Emergent_analogy_attention_140578,Emergent_autonomy_boundary_1c8ce0,0.9617781904942893,90486.78,91070.68,True,False
Emergent_analogy_attention_140578,Emergent_coherence_connection_ff8bfe,0.9617195409206094,90486.78,91094.72,True,False
Emergent_analogy_attention_140578,Emergent_awareness_boundary_884077,0.9570488837359012,90486.78,91115.26,True,False
Emergent_analogy_attention_140578,Emergent_boundary_connection_2f9fcd,0.9593794615027837,90486.78,91154.88,True,False
Emergent_analogy_attention_140578,Emergent_connection_coupling_1f25cc,0.9272922539638018,90486.78,91178.04,True,False
Emergent_analogy_attention_140578,Emergent_connection_contradiction_52dd1b,0.9237496862876486,90486.78,91178.38,True,False
Emergent_analogy_attention_140578,Emergent_autonomy_awareness_c0bb96,0.9655607148042222,90486.78,91242.14,True,False
Emergent_analogy_attention_140578,Emergent_appears_autonomy_3a9f9f,0.9655607148042222,90486.78,91242.48,True,False
Emergent_analogy_attention_140578,Emergent_appears_clarity_60514c,0.9430982848989449,90486.78,91289.65,True,False
Emergent_analogy_attention_140578,Emergent_carefully_clarity_42ab71,0.9394245326758763,90486.78,91312.3,True,False
Emergent_analogy_attention_140578,Emergent_appears_autonomy_ff3e16,0.9430256148042224,90486.78,91334.61,True,False
Emergent_analogy_attention_140578,Emergent_bounded_clarity_ae2623,0.9258756148042226,90486.78,91358.2,True,False
Emergent_analogy_attention_140578,Emergent_appears_connection_7bf1ab,0.9161151365067448,90486.78,91379.85,True,False
Emergent_analogy_attention_140578,Emergent_connection_dependency_32de27,0.9,90486.78,91449.86,True,False
Emergent_analogy_attention_140578,Emergent_appears_bounded_813df2,0.9,90486.78,91450.2,True,False
Emergent_bounded_complexity_42f802,Emergent_complexity_hypothesis_c25cd6,0.9547269288399993,90504.58,90504.92,True,False
Emergent_bounded_complexity_42f802,Emergent_bounded_hypothesis_41336a,0.9547269364515343,90504.58,90521.67,True,False
Emergent_bounded_complexity_42f802,Emergent_consciousness_hypothesis_1993b1,0.9547269250840362,90504.58,90522.01,True,False
Emergent_bounded_complexity_42f802,Emergent_abstraction_ambiguity_a83b10,0.9547269744343156,90504.58,90539.36,True,False
Emergent_bounded_complexity_42f802,Emergent_autonomy_belief_revision_03bb63,0.954731236210179,90504.58,90560.27,True,False
Emergent_bounded_complexity_42f802,Emergent_appears_asymmetry_875f64,0.9547313101081443,90504.58,90582.79,True,False
Emergent_bounded_complexity_42f802,Emergent_asymmetry_awareness_537d9e,0.9547313101081443,90504.58,90583.13,True,False
Emergent_bounded_complexity_42f802,Emergent_awareness_cascade_97bcc8,0.9547306339279356,90504.58,90605.25,True,False
Emergent_bounded_complexity_42f802,Emergent_asymmetry_concept_e7c526,0.9514006280127676,90504.58,90646.68,True,False
Emergent_bounded_complexity_42f802,Emergent_clarity_connection_47e953,0.9547259503148793,90504.58,90667.52,True,False
Emergent_bounded_complexity_42f802,Emergent_coherence_connection_2315cf,0.954703786543097,90504.58,90704.88,True,False
Emergent_bounded_complexity_42f802,Emergent_cognition_coherence_8ecc1d,0.9547212766885027,90504.58,90746.65,True,False
Emergent_bounded_complexity_42f802,Emergent_awareness_cascade_7e50df,0.9547222345946595,90504.58,90763.32,True,False
Emergent_bounded_complexity_42f802,Emergent_awareness_cascade_aee329,0.9547222345946595,90504.58,90763.66,True,False
Emergent_bounded_complexity_42f802,Emergent_boundary_clarity_ba958c,0.9547140239704575,90504.58,90784.27,True,False
Emergent_bounded_complexity_42f802,Emergent_clarity_connection_ad0afc,0.9547140239704575,90504.58,90784.61,True,False
Emergent_bounded_complexity_42f802,Emergent_coherence_connection_7716f2,0.9546992708639108,90504.58,90806.27,True,False
Emergent_bounded_complexity_42f802,Emergent_carefully_coherence_19463a,0.959182684531533,90504.58,90806.61,True,False
Emergent_bounded_complexity_42f802,Emergent_autonomy_boundary_346ebd,0.9544836834846973,90504.58,90828.98,True,False
Emergent_bounded_complexity_42f802,Emergent_bounded_coherence_4beae6,0.9543467949927653,90504.58,90882.49,True,False
Emergent_bounded_complexity_42f802,Emergent_bounded_carefully_f79645,0.9543516260963831,90504.58,90882.83,True,False
Emergent_bounded_complexity_42f802,Emergent_awareness_cascade_f662e0,0.9551050962801333,90504.58,90920.25,True,False
Emergent_bounded_complexity_42f802,Emergent_awareness_cascade_5e2b72,0.9550353071259374,90504.58,90939.65,True,False
Emergent_bounded_complexity_42f802,Emergent_autonomy_awareness_135ecc,0.9547691729564785,90504.58,91001.02,True,False
Emergent_bounded_complexity_42f802,Emergent_autonomy_collective_6a047d,0.9586525076834869,90504.58,91024.44,True,False
Emergent_bounded_complexity_42f802,Emergent_carefully_clarity_0d7a6f,0.9537139858569701,90504.58,91046.88,True,False
Emergent_bounded_complexity_42f802,Emergent_clarity_coherence_ea0c30,0.9537048740883747,90504.58,91047.22,True,False
Emergent_bounded_complexity_42f802,Emergent_autonomy_boundary_1c8ce0,0.955600184650417,90504.58,91070.68,True,False
Emergent_bounded_complexity_42f802,Emergent_coherence_connection_ff8bfe,0.955006986627517,90504.58,91094.72,True,False
Emergent_bounded_complexity_42f802,Emergent_awareness_boundary_884077,0.9541595608805171,90504.58,91115.26,True,False
Emergent_bounded_complexity_42f802,Emergent_boundary_connection_2f9fcd,0.9526768199426783,90504.58,91154.88,True,False
Emergent_bounded_complexity_42f802,Emergent_connection_coupling_1f25cc,0.9203743010856671,90504.58,91178.04,True,False
Emergent_bounded_complexity_42f802,Emergent_connection_contradiction_52dd1b,0.9202991880225921,90504.58,91178.38,True,False
Emergent_bounded_complexity_42f802,Emergent_autonomy_awareness_c0bb96,0.9589769931739551,90504.58,91242.14,True,False
Emergent_bounded_complexity_42f802,Emergent_appears_autonomy_3a9f9f,0.9589769931739551,90504.58,91242.48,True,False
Emergent_bounded_complexity_42f802,Emergent_appears_clarity_60514c,0.9430982848989449,90504.58,91289.65,True,False
Emergent_bounded_complexity_42f802,Emergent_carefully_clarity_42ab71,0.9347268931739552,90504.58,91312.3,True,False
Emergent_bounded_complexity_42f802,Emergent_appears_autonomy_ff3e16,0.9364418931739551,90504.58,91334.61,True,False
Emergent_bounded_complexity_42f802,Emergent_bounded_clarity_ae2623,0.9192918931739551,90504.58,91358.2,True,False
Emergent_bounded_complexity_42f802,Emergent_appears_connection_7bf1ab,0.9161151365067448,90504.58,91379.85,True,False
Emergent_bounded_complexity_42f802,Emergent_connection_dependency_32de27,0.9,90504.58,91449.86,True,False
Emergent_bounded_complexity_42f802,Emergent_appears_bounded_813df2,0.9,90504.58,91450.2,True,False
Emergent_complexity_hypothesis_c25cd6,Emergent_bounded_hypothesis_41336a,0.9605924497235607,90504.92,90521.67,True,False
Emergent_complexity_hypothesis_c25cd6,Emergent_consciousness_hypothesis_1993b1,0.955715934263059,90504.92,90522.01,True,False
Emergent_complexity_hypothesis_c25cd6,Emergent_abstraction_ambiguity_a83b10,0.9625441427976267,90504.92,90539.36,True,False
Emergent_complexity_hypothesis_c25cd6,Emergent_autonomy_belief_revision_03bb63,0.9596460138171228,90504.92,90560.27,True,False
Emergent_complexity_hypothesis_c25cd6,Emergent_appears_asymmetry_875f64,0.9550625048590373,90504.92,90582.79,True,False
Emergent_complexity_hypothesis_c25cd6,Emergent_asymmetry_awareness_537d9e,0.9604246879541212,90504.92,90583.13,True,False
Emergent_complexity_hypothesis_c25cd6,Emergent_awareness_cascade_97bcc8,0.9716731208046281,90504.92,90605.25,True,False
Emergent_complexity_hypothesis_c25cd6,Emergent_asymmetry_concept_e7c526,0.9514006280127676,90504.92,90646.68,True,False
Emergent_complexity_hypothesis_c25cd6,Emergent_clarity_connection_47e953,0.9607843138898051,90504.92,90667.52,True,False
Emergent_complexity_hypothesis_c25cd6,Emergent_coherence_connection_2315cf,0.9619324852181033,90504.92,90704.88,True,False
Emergent_complexity_hypothesis_c25cd6,Emergent_cognition_coherence_8ecc1d,0.9716619896317393,90504.92,90746.65,True,False
Emergent_complexity_hypothesis_c25cd6,Emergent_awareness_cascade_7e50df,0.963679939356944,90504.92,90763.32,True,False
Emergent_complexity_hypothesis_c25cd6,Emergent_awareness_cascade_aee329,0.9599556462272283,90504.92,90763.66,True,False
Emergent_complexity_hypothesis_c25cd6,Emergent_boundary_clarity_ba958c,0.9716547369136941,90504.92,90784.27,True,False
Emergent_complexity_hypothesis_c25cd6,Emergent_clarity_connection_ad0afc,0.9667009975925627,90504.92,90784.61,True,False
Emergent_complexity_hypothesis_c25cd6,Emergent_coherence_connection_7716f2,0.9617584613460151,90504.92,90806.27,True,False
Emergent_complexity_hypothesis_c25cd6,Emergent_carefully_coherence_19463a,0.959182684531533,90504.92,90806.61,True,False
Emergent_complexity_hypothesis_c25cd6,Emergent_autonomy_boundary_346ebd,0.9701601413105612,90504.92,90828.98,True,False
Emergent_complexity_hypothesis_c25cd6,Emergent_bounded_coherence_4beae6,0.9632449169548829,90504.92,90882.49,True,False
Emergent_complexity_hypothesis_c25cd6,Emergent_bounded_carefully_f79645,0.971293639298108,90504.92,90882.83,True,False
Emergent_complexity_hypothesis_c25cd6,Emergent_awareness_cascade_f662e0,0.955637853510116,90504.92,90920.25,True,False
Emergent_complexity_hypothesis_c25cd6,Emergent_awareness_cascade_5e2b72,0.9661477156327625,90504.92,90939.65,True,False
Emergent_complexity_hypothesis_c25cd6,Emergent_autonomy_awareness_135ecc,0.9716876529652962,90504.92,91001.02,True,False
Emergent_complexity_hypothesis_c25cd6,Emergent_autonomy_collective_6a047d,0.9586525076834869,90504.92,91024.44,True,False
Emergent_complexity_hypothesis_c25cd6,Emergent_carefully_clarity_0d7a6f,0.9563233944023202,90504.92,91046.88,True,False
Emergent_complexity_hypothesis_c25cd6,Emergent_clarity_coherence_ea0c30,0.9542698425298408,90504.92,91047.22,True,False
Emergent_complexity_hypothesis_c25cd6,Emergent_autonomy_boundary_1c8ce0,0.9617781904942893,90504.92,91070.68,True,False
Emergent_complexity_hypothesis_c25cd6,Emergent_coherence_connection_ff8bfe,0.9654579393532188,90504.92,91094.72,True,False
Emergent_complexity_hypothesis_c25cd6,Emergent_awareness_boundary_884077,0.9570488837359012,90504.92,91115.26,True,False
Emergent_complexity_hypothesis_c25cd6,Emergent_boundary_connection_2f9fcd,0.9669606416047309,90504.92,91154.88,True,False
Emergent_complexity_hypothesis_c25cd6,Emergent_connection_coupling_1f25cc,0.9365673018072247,90504.92,91178.04,True,False
Emergent_complexity_hypothesis_c25cd6,Emergent_connection_contradiction_52dd1b,0.9237496862876486,90504.92,91178.38,True,False
Emergent_complexity_hypothesis_c25cd6,Emergent_autonomy_awareness_c0bb96,0.9657740924526206,90504.92,91242.14,True,False
Emergent_complexity_hypothesis_c25cd6,Emergent_appears_autonomy_3a9f9f,0.9740021414381239,90504.92,91242.48,True,False
Emergent_complexity_hypothesis_c25cd6,Emergent_appears_clarity_60514c,0.9430982848989449,90504.92,91289.65,True,False
Emergent_complexity_hypothesis_c25cd6,Emergent_carefully_clarity_42ab71,0.9394245326758763,90504.92,91312.3,True,False
Emergent_complexity_hypothesis_c25cd6,Emergent_appears_autonomy_ff3e16,0.9462065916025957,90504.92,91334.61,True,False
Emergent_complexity_hypothesis_c25cd6,Emergent_bounded_clarity_ae2623,0.9356023447535808,90504.92,91358.2,True,False
Emergent_complexity_hypothesis_c25cd6,Emergent_appears_connection_7bf1ab,0.9161151365067448,90504.92,91379.85,True,False
Emergent_complexity_hypothesis_c25cd6,Emergent_connection_dependency_32de27,0.9,90504.92,91449.86,True,False
Emergent_complexity_hypothesis_c25cd6,Emergent_appears_bounded_813df2,0.9,90504.92,91450.2,True,False
Emergent_bounded_hypothesis_41336a,Emergent_consciousness_hypothesis_1993b1,0.9557159418948211,90521.67,90522.01,True,False
Emergent_bounded_hypothesis_41336a,Emergent_abstraction_ambiguity_a83b10,0.9605924960364898,90521.67,90539.36,True,False
Emergent_bounded_hypothesis_41336a,Emergent_autonomy_belief_revision_03bb63,0.9596460263889934,90521.67,90560.27,True,False
Emergent_bounded_hypothesis_41336a,Emergent_appears_asymmetry_875f64,0.9550625048590373,90521.67,90582.79,True,False
Emergent_bounded_hypothesis_41336a,Emergent_asymmetry_awareness_537d9e,0.9604246879541212,90521.67,90583.13,True,False
Emergent_bounded_hypothesis_41336a,Emergent_awareness_cascade_97bcc8,0.9605960419580863,90521.67,90605.25,True,False
Emergent_bounded_hypothesis_41336a,Emergent_asymmetry_concept_e7c526,0.9514006280127676,90521.67,90646.68,True,False
Emergent_bounded_hypothesis_41336a,Emergent_clarity_connection_47e953,0.9605913571657037,90521.67,90667.52,True,False
Emergent_bounded_hypothesis_41336a,Emergent_coherence_connection_2315cf,0.9605703383475566,90521.67,90704.88,True,False
Emergent_bounded_hypothesis_41336a,Emergent_cognition_coherence_8ecc1d,0.9605860705913645,90521.67,90746.65,True,False
Emergent_bounded_hypothesis_41336a,Emergent_awareness_cascade_7e50df,0.9605870284975215,90521.67,90763.32,True,False
Emergent_bounded_hypothesis_41336a,Emergent_awareness_cascade_aee329,0.9599556462272283,90521.67,90763.66,True,False
Emergent_bounded_hypothesis_41336a,Emergent_boundary_clarity_ba958c,0.9605788178733194,90521.67,90784.27,True,False
Emergent_bounded_hypothesis_41336a,Emergent_clarity_connection_ad0afc,0.9605788178733194,90521.67,90784.61,True,False
Emergent_bounded_hypothesis_41336a,Emergent_coherence_connection_7716f2,0.9605639703044109,90521.67,90806.27,True,False
Emergent_bounded_hypothesis_41336a,Emergent_carefully_coherence_19463a,0.959182684531533,90521.67,90806.61,True,False
Emergent_bounded_hypothesis_41336a,Emergent_autonomy_boundary_346ebd,0.9603526409970116,90521.67,90828.98,True,False
Emergent_bounded_hypothesis_41336a,Emergent_bounded_coherence_4beae6,0.9602119951651749,90521.67,90882.49,True,False
Emergent_bounded_hypothesis_41336a,Emergent_bounded_carefully_f79645,0.9602168701425227,90521.67,90882.83,True,False
Emergent_bounded_hypothesis_41336a,Emergent_awareness_cascade_f662e0,0.955637853510116,90521.67,90920.25,True,False
Emergent_bounded_hypothesis_41336a,Emergent_awareness_cascade_5e2b72,0.9608931541493668,90521.67,90939.65,True,False
Emergent_bounded_hypothesis_41336a,Emergent_autonomy_awareness_135ecc,0.9606262699236412,90521.67,91001.02,True,False
Emergent_bounded_hypothesis_41336a,Emergent_autonomy_collective_6a047d,0.9586525076834869,90521.67,91024.44,True,False
Emergent_bounded_hypothesis_41336a,Emergent_carefully_clarity_0d7a6f,0.9563233944023202,90521.67,91046.88,True,False
Emergent_bounded_hypothesis_41336a,Emergent_clarity_coherence_ea0c30,0.9542698425298408,90521.67,91047.22,True,False
Emergent_bounded_hypothesis_41336a,Emergent_autonomy_boundary_1c8ce0,0.9613572798135084,90521.67,91070.68,True,False
Emergent_bounded_hypothesis_41336a,Emergent_coherence_connection_ff8bfe,0.9607640817906082,90521.67,91094.72,True,False
Emergent_bounded_hypothesis_41336a,Emergent_awareness_boundary_884077,0.9570488837359012,90521.67,91115.26,True,False
Emergent_bounded_hypothesis_41336a,Emergent_boundary_connection_2f9fcd,0.95842541334256,90521.67,91154.88,True,False
Emergent_bounded_hypothesis_41336a,Emergent_connection_coupling_1f25cc,0.9263075585781522,90521.67,91178.04,True,False
Emergent_bounded_hypothesis_41336a,Emergent_connection_contradiction_52dd1b,0.9237496862876486,90521.67,91178.38,True,False
Emergent_bounded_hypothesis_41336a,Emergent_autonomy_awareness_c0bb96,0.9646235936032068,90521.67,91242.14,True,False
Emergent_bounded_hypothesis_41336a,Emergent_appears_autonomy_3a9f9f,0.9646235936032068,90521.67,91242.48,True,False
Emergent_bounded_hypothesis_41336a,Emergent_appears_clarity_60514c,0.9430982848989449,90521.67,91289.65,True,False
Emergent_bounded_hypothesis_41336a,Emergent_carefully_clarity_42ab71,0.9394245326758763,90521.67,91312.3,True,False
Emergent_bounded_hypothesis_41336a,Emergent_appears_autonomy_ff3e16,0.942088493603207,90521.67,91334.61,True,False
Emergent_bounded_hypothesis_41336a,Emergent_bounded_clarity_ae2623,0.924938493603207,90521.67,91358.2,True,False
Emergent_bounded_hypothesis_41336a,Emergent_appears_connection_7bf1ab,0.9161151365067448,90521.67,91379.85,True,False
Emergent_bounded_hypothesis_41336a,Emergent_connection_dependency_32de27,0.9,90521.67,91449.86,True,False
Emergent_bounded_hypothesis_41336a,Emergent_appears_bounded_813df2,0.9,90521.67,91450.2,True,False
Emergent_consciousness_hypothesis_1993b1,Emergent_abstraction_ambiguity_a83b10,0.9557159799785397,90522.01,90539.36,True,False
Emergent_consciousness_hypothesis_1993b1,Emergent_autonomy_belief_revision_03bb63,0.9557202538683256,90522.01,90560.27,True,False
Emergent_consciousness_hypothesis_1993b1,Emergent_appears_asymmetry_875f64,0.9550625048590373,90522.01,90582.79,True,False
Emergent_consciousness_hypothesis_1993b1,Emergent_asymmetry_awareness_537d9e,0.9557202687371698,90522.01,90583.13,True,False
Emergent_consciousness_hypothesis_1993b1,Emergent_awareness_cascade_97bcc8,0.955719592556961,90522.01,90605.25,True,False
Emergent_consciousness_hypothesis_1993b1,Emergent_asymmetry_concept_e7c526,0.9514006280127676,90522.01,90646.68,True,False
Emergent_consciousness_hypothesis_1993b1,Emergent_clarity_connection_47e953,0.9557149087450603,90522.01,90667.52,True,False
Emergent_consciousness_hypothesis_1993b1,Emergent_coherence_connection_2315cf,0.955692938022384,90522.01,90704.88,True,False
Emergent_consciousness_hypothesis_1993b1,Emergent_cognition_coherence_8ecc1d,0.9557101317703449,90522.01,90746.65,True,False
Emergent_consciousness_hypothesis_1993b1,Emergent_awareness_cascade_7e50df,0.9557110896765015,90522.01,90763.32,True,False
Emergent_consciousness_hypothesis_1993b1,Emergent_awareness_cascade_aee329,0.9557110896765015,90522.01,90763.66,True,False
Emergent_consciousness_hypothesis_1993b1,Emergent_boundary_clarity_ba958c,0.9557028790522997,90522.01,90784.27,True,False
Emergent_consciousness_hypothesis_1993b1,Emergent_clarity_connection_ad0afc,0.9557028790522997,90522.01,90784.61,True,False
Emergent_consciousness_hypothesis_1993b1,Emergent_coherence_connection_7716f2,0.9556881100185801,90522.01,90806.27,True,False
Emergent_consciousness_hypothesis_1993b1,Emergent_carefully_coherence_19463a,0.959182684531533,90522.01,90806.61,True,False
Emergent_consciousness_hypothesis_1993b1,Emergent_autonomy_boundary_346ebd,0.9554732405871789,90522.01,90828.98,True,False
Emergent_consciousness_hypothesis_1993b1,Emergent_bounded_coherence_4beae6,0.9553357185751743,90522.01,90882.49,True,False
Emergent_consciousness_hypothesis_1993b1,Emergent_bounded_carefully_f79645,0.9553405570762832,90522.01,90882.83,True,False
Emergent_consciousness_hypothesis_1993b1,Emergent_awareness_cascade_f662e0,0.955637853510116,90522.01,90920.25,True,False
Emergent_consciousness_hypothesis_1993b1,Emergent_awareness_cascade_5e2b72,0.956022990903699,90522.01,90939.65,True,False
Emergent_consciousness_hypothesis_1993b1,Emergent_autonomy_awareness_135ecc,0.9557567302682528,90522.01,91001.02,True,False
Emergent_consciousness_hypothesis_1993b1,Emergent_autonomy_collective_6a047d,0.9586525076834869,90522.01,91024.44,True,False
Emergent_consciousness_hypothesis_1993b1,Emergent_carefully_clarity_0d7a6f,0.954718492112653,90522.01,91046.88,True,False
Emergent_consciousness_hypothesis_1993b1,Emergent_clarity_coherence_ea0c30,0.9542698425298408,90522.01,91047.22,True,False
Emergent_consciousness_hypothesis_1993b1,Emergent_autonomy_boundary_1c8ce0,0.9565708807913151,90522.01,91070.68,True,False
Emergent_consciousness_hypothesis_1993b1,Emergent_coherence_connection_ff8bfe,0.9559776827684152,90522.01,91094.72,True,False
Emergent_consciousness_hypothesis_1993b1,Emergent_awareness_boundary_884077,0.9551302570214153,90522.01,91115.26,True,False
Emergent_consciousness_hypothesis_1993b1,Emergent_boundary_connection_2f9fcd,0.9536460826126152,90522.01,91154.88,True,False
Emergent_consciousness_hypothesis_1993b1,Emergent_connection_coupling_1f25cc,0.9213746997220895,90522.01,91178.04,True,False
Emergent_consciousness_hypothesis_1993b1,Emergent_connection_contradiction_52dd1b,0.921299458846321,90522.01,91178.38,True,False
Emergent_consciousness_hypothesis_1993b1,Emergent_autonomy_awareness_c0bb96,0.9599290589450766,90522.01,91242.14,True,False
Emergent_consciousness_hypothesis_1993b1,Emergent_appears_autonomy_3a9f9f,0.9599290589450766,90522.01,91242.48,True,False
Emergent_consciousness_hypothesis_1993b1,Emergent_appears_clarity_60514c,0.9430982848989449,90522.01,91289.65,True,False
Emergent_consciousness_hypothesis_1993b1,Emergent_carefully_clarity_42ab71,0.9356789589450767,90522.01,91312.3,True,False
Emergent_consciousness_hypothesis_1993b1,Emergent_appears_autonomy_ff3e16,0.9373939589450768,90522.01,91334.61,True,False
Emergent_consciousness_hypothesis_1993b1,Emergent_bounded_clarity_ae2623,0.9202439589450768,90522.01,91358.2,True,False
Emergent_consciousness_hypothesis_1993b1,Emergent_appears_connection_7bf1ab,0.9161151365067448,90522.01,91379.85,True,False
Emergent_consciousness_hypothesis_1993b1,Emergent_connection_dependency_32de27,0.9,90522.01,91449.86,True,False
Emergent_consciousness_hypothesis_1993b1,Emergent_appears_bounded_813df2,0.9,90522.01,91450.2,True,False
Emergent_abstraction_ambiguity_a83b10,Emergent_autonomy_belief_revision_03bb63,0.9596460891246481,90539.36,90560.27,True,False
Emergent_abstraction_ambiguity_a83b10,Emergent_appears_asymmetry_875f64,0.9550625048590373,90539.36,90582.79,True,False
Emergent_abstraction_ambiguity_a83b10,Emergent_asymmetry_awareness_537d9e,0.9604246879541212,90539.36,90583.13,True,False
Emergent_abstraction_ambiguity_a83b10,Emergent_awareness_cascade_97bcc8,0.9625476743750647,90539.36,90605.25,True,False
Emergent_abstraction_ambiguity_a83b10,Emergent_asymmetry_concept_e7c526,0.9514006280127676,90539.36,90646.68,True,False
Emergent_abstraction_ambiguity_a83b10,Emergent_clarity_connection_47e953,0.9607843138898051,90539.36,90667.52,True,False
Emergent_abstraction_ambiguity_a83b10,Emergent_coherence_connection_2315cf,0.9619324852181033,90539.36,90704.88,True,False
Emergent_abstraction_ambiguity_a83b10,Emergent_cognition_coherence_8ecc1d,0.962537498666084,90539.36,90746.65,True,False
Emergent_abstraction_ambiguity_a83b10,Emergent_awareness_cascade_7e50df,0.9625384565722406,90539.36,90763.32,True,False
Emergent_abstraction_ambiguity_a83b10,Emergent_awareness_cascade_aee329,0.9599556462272283,90539.36,90763.66,True,False
Emergent_abstraction_ambiguity_a83b10,Emergent_boundary_clarity_ba958c,0.9625302459480387,90539.36,90784.27,True,False
Emergent_abstraction_ambiguity_a83b10,Emergent_clarity_connection_ad0afc,0.9625302459480387,90539.36,90784.61,True,False
Emergent_abstraction_ambiguity_a83b10,Emergent_coherence_connection_7716f2,0.9617584613460151,90539.36,90806.27,True,False
Emergent_abstraction_ambiguity_a83b10,Emergent_carefully_coherence_19463a,0.959182684531533,90539.36,90806.61,True,False
Emergent_abstraction_ambiguity_a83b10,Emergent_autonomy_boundary_346ebd,0.9623054544544931,90539.36,90828.98,True,False
Emergent_abstraction_ambiguity_a83b10,Emergent_bounded_coherence_4beae6,0.9621635584203991,90539.36,90882.49,True,False
Emergent_abstraction_ambiguity_a83b10,Emergent_bounded_carefully_f79645,0.9621684479961166,90539.36,90882.83,True,False
Emergent_abstraction_ambiguity_a83b10,Emergent_awareness_cascade_f662e0,0.955637853510116,90539.36,90920.25,True,False
Emergent_abstraction_ambiguity_a83b10,Emergent_awareness_cascade_5e2b72,0.9628422707471986,90539.36,90939.65,True,False
Emergent_abstraction_ambiguity_a83b10,Emergent_autonomy_awareness_135ecc,0.9625751369507496,90539.36,91001.02,True,False
Emergent_abstraction_ambiguity_a83b10,Emergent_autonomy_collective_6a047d,0.9586525076834869,90539.36,91024.44,True,False
Emergent_abstraction_ambiguity_a83b10,Emergent_carefully_clarity_0d7a6f,0.9563233944023202,90539.36,91046.88,True,False
Emergent_abstraction_ambiguity_a83b10,Emergent_clarity_coherence_ea0c30,0.9542698425298408,90539.36,91047.22,True,False
Emergent_abstraction_ambiguity_a83b10,Emergent_autonomy_boundary_1c8ce0,0.9617781904942893,90539.36,91070.68,True,False
Emergent_abstraction_ambiguity_a83b10,Emergent_coherence_connection_ff8bfe,0.9626796746172555,90539.36,91094.72,True,False
Emergent_abstraction_ambiguity_a83b10,Emergent_awareness_boundary_884077,0.9570488837359012,90539.36,91115.26,True,False
Emergent_abstraction_ambiguity_a83b10,Emergent_boundary_connection_2f9fcd,0.9603381773265085,90539.36,91154.88,True,False
Emergent_abstraction_ambiguity_a83b10,Emergent_connection_coupling_1f25cc,0.9282817669539527,90539.36,91178.04,True,False
Emergent_abstraction_ambiguity_a83b10,Emergent_connection_contradiction_52dd1b,0.9237496862876486,90539.36,91178.38,True,False
Emergent_abstraction_ambiguity_a83b10,Emergent_autonomy_awareness_c0bb96,0.9657740924526206,90539.36,91242.14,True,False
Emergent_abstraction_ambiguity_a83b10,Emergent_appears_autonomy_3a9f9f,0.9665024208538946,90539.36,91242.48,True,False
Emergent_abstraction_ambiguity_a83b10,Emergent_appears_clarity_60514c,0.9430982848989449,90539.36,91289.65,True,False
Emergent_abstraction_ambiguity_a83b10,Emergent_carefully_clarity_42ab71,0.9394245326758763,90539.36,91312.3,True,False
Emergent_abstraction_ambiguity_a83b10,Emergent_appears_autonomy_ff3e16,0.9439673208538948,90539.36,91334.61,True,False
Emergent_abstraction_ambiguity_a83b10,Emergent_bounded_clarity_ae2623,0.9268173208538948,90539.36,91358.2,True,False
Emergent_abstraction_ambiguity_a83b10,Emergent_appears_connection_7bf1ab,0.9161151365067448,90539.36,91379.85,True,False
Emergent_abstraction_ambiguity_a83b10,Emergent_connection_dependency_32de27,0.9,90539.36,91449.86,True,False
Emergent_abstraction_ambiguity_a83b10,Emergent_appears_bounded_813df2,0.9,90539.36,91450.2,True,False
Emergent_autonomy_belief_revision_03bb63,Emergent_appears_asymmetry_875f64,0.9550625048590373,90560.27,90582.79,True,False
Emergent_autonomy_belief_revision_03bb63,Emergent_asymmetry_awareness_537d9e,0.9596460224822927,90560.27,90583.13,True,False
Emergent_autonomy_belief_revision_03bb63,Emergent_awareness_cascade_97bcc8,0.9596453463020842,90560.27,90605.25,True,False
Emergent_autonomy_belief_revision_03bb63,Emergent_asymmetry_concept_e7c526,0.9514006280127676,90560.27,90646.68,True,False
Emergent_autonomy_belief_revision_03bb63,Emergent_clarity_connection_47e953,0.9596406617008526,90560.27,90667.52,True,False
Emergent_autonomy_belief_revision_03bb63,Emergent_coherence_connection_2315cf,0.9596194573027013,90560.27,90704.88,True,False
Emergent_autonomy_belief_revision_03bb63,Emergent_cognition_coherence_8ecc1d,0.9596354744762878,90560.27,90746.65,True,False
Emergent_autonomy_belief_revision_03bb63,Emergent_awareness_cascade_7e50df,0.9596364323824449,90560.27,90763.32,True,False
Emergent_autonomy_belief_revision_03bb63,Emergent_awareness_cascade_aee329,0.9596364323824449,90560.27,90763.66,True,False
Emergent_autonomy_belief_revision_03bb63,Emergent_boundary_clarity_ba958c,0.9596282217582428,90560.27,90784.27,True,False
Emergent_autonomy_belief_revision_03bb63,Emergent_clarity_connection_ad0afc,0.9596282217582428,90560.27,90784.61,True,False
Emergent_autonomy_belief_revision_03bb63,Emergent_coherence_connection_7716f2,0.9596133895002823,90560.27,90806.27,True,False
Emergent_autonomy_belief_revision_03bb63,Emergent_carefully_coherence_19463a,0.959182684531533,90560.27,90806.61,True,False
Emergent_autonomy_belief_revision_03bb63,Emergent_autonomy_boundary_346ebd,0.9594013700225903,90560.27,90828.98,True,False
Emergent_autonomy_belief_revision_03bb63,Emergent_bounded_coherence_4beae6,0.9592613331998299,90560.27,90882.49,True,False
Emergent_autonomy_belief_revision_03bb63,Emergent_bounded_carefully_f79645,0.9592662010658968,90560.27,90882.83,True,False
Emergent_autonomy_belief_revision_03bb63,Emergent_awareness_cascade_f662e0,0.955637853510116,90560.27,90920.25,True,False
Emergent_autonomy_belief_revision_03bb63,Emergent_awareness_cascade_5e2b72,0.9599436840204219,90560.27,90939.65,True,False
Emergent_autonomy_belief_revision_03bb63,Emergent_autonomy_awareness_135ecc,0.9596769213676937,90560.27,91001.02,True,False
Emergent_autonomy_belief_revision_03bb63,Emergent_autonomy_collective_6a047d,0.9586525076834869,90560.27,91024.44,True,False
Emergent_autonomy_belief_revision_03bb63,Emergent_carefully_clarity_0d7a6f,0.9563233944023202,90560.27,91046.88,True,False
Emergent_autonomy_belief_revision_03bb63,Emergent_clarity_coherence_ea0c30,0.9542698425298408,90560.27,91047.22,True,False
Emergent_autonomy_belief_revision_03bb63,Emergent_autonomy_boundary_1c8ce0,0.9604241400669453,90560.27,91070.68,True,False
Emergent_autonomy_belief_revision_03bb63,Emergent_coherence_connection_ff8bfe,0.9598309420440452,90560.27,91094.72,True,False
Emergent_autonomy_belief_revision_03bb63,Emergent_awareness_boundary_884077,0.9570488837359012,90560.27,91115.26,True,False
Emergent_autonomy_belief_revision_03bb63,Emergent_boundary_connection_2f9fcd,0.9574936516057297,90560.27,91154.88,True,False
Emergent_autonomy_belief_revision_03bb63,Emergent_connection_coupling_1f25cc,0.9253458655305324,90560.27,91178.04,True,False
Emergent_autonomy_belief_revision_03bb63,Emergent_connection_contradiction_52dd1b,0.9237496862876486,90560.27,91178.38,True,False
Emergent_autonomy_belief_revision_03bb63,Emergent_autonomy_awareness_c0bb96,0.9637083634143306,90560.27,91242.14,True,False
Emergent_autonomy_belief_revision_03bb63,Emergent_appears_autonomy_3a9f9f,0.9637083634143306,90560.27,91242.48,True,False
Emergent_autonomy_belief_revision_03bb63,Emergent_appears_clarity_60514c,0.9430982848989449,90560.27,91289.65,True,False
Emergent_autonomy_belief_revision_03bb63,Emergent_carefully_clarity_42ab71,0.9394245326758763,90560.27,91312.3,True,False
Emergent_autonomy_belief_revision_03bb63,Emergent_appears_autonomy_ff3e16,0.9411732634143308,90560.27,91334.61,True,False
Emergent_autonomy_belief_revision_03bb63,Emergent_bounded_clarity_ae2623,0.9240232634143308,90560.27,91358.2,True,False
Emergent_autonomy_belief_revision_03bb63,Emergent_appears_connection_7bf1ab,0.9161151365067448,90560.27,91379.85,True,False
Emergent_autonomy_belief_revision_03bb63,Emergent_connection_dependency_32de27,0.9,90560.27,91449.86,True,False
Emergent_autonomy_belief_revision_03bb63,Emergent_appears_bounded_813df2,0.9,90560.27,91450.2,True,False
Emergent_appears_asymmetry_875f64,Emergent_asymmetry_awareness_537d9e,0.9550609271052171,90582.79,90583.13,True,False
Emergent_appears_asymmetry_875f64,Emergent_awareness_cascade_97bcc8,0.9550618286788286,90582.79,90605.25,True,False
Emergent_appears_asymmetry_875f64,Emergent_asymmetry_concept_e7c526,0.9514006280127676,90582.79,90646.68,True,False
Emergent_appears_asymmetry_875f64,Emergent_clarity_connection_47e953,0.9550571449991809,90582.79,90667.52,True,False
Emergent_appears_asymmetry_875f64,Emergent_coherence_connection_2315cf,0.9550350458780812,90582.79,90704.88,True,False
Emergent_appears_asymmetry_875f64,Emergent_cognition_coherence_8ecc1d,0.9550524367622288,90582.79,90746.65,True,False
Emergent_appears_asymmetry_875f64,Emergent_awareness_cascade_7e50df,0.9550533946683857,90582.79,90763.32,True,False
Emergent_appears_asymmetry_875f64,Emergent_awareness_cascade_aee329,0.9550533946683857,90582.79,90763.66,True,False
Emergent_appears_asymmetry_875f64,Emergent_boundary_clarity_ba958c,0.9550451840441838,90582.79,90784.27,True,False
Emergent_appears_asymmetry_875f64,Emergent_clarity_connection_ad0afc,0.9550451840441838,90582.79,90784.61,True,False
Emergent_appears_asymmetry_875f64,Emergent_coherence_connection_7716f2,0.9550304256037476,90582.79,90806.27,True,False
Emergent_appears_asymmetry_875f64,Emergent_carefully_coherence_19463a,0.959182684531533,90582.79,90806.61,True,False
Emergent_appears_asymmetry_875f64,Emergent_autonomy_boundary_346ebd,0.9548150786598157,90582.79,90828.98,True,False
Emergent_appears_asymmetry_875f64,Emergent_bounded_coherence_4beae6,0.9546779780068122,90582.79,90882.49,True,False
Emergent_appears_asymmetry_875f64,Emergent_bounded_carefully_f79645,0.9546828115877937,90582.79,90882.83,True,False
Emergent_appears_asymmetry_875f64,Emergent_awareness_cascade_f662e0,0.9554358640929987,90582.79,90920.25,True,False
Emergent_appears_asymmetry_875f64,Emergent_awareness_cascade_5e2b72,0.9553660749388024,90582.79,90939.65,True,False
Emergent_appears_asymmetry_875f64,Emergent_autonomy_awareness_135ecc,0.9550998984168428,90582.79,91001.02,True,False
Emergent_appears_asymmetry_875f64,Emergent_autonomy_collective_6a047d,0.9586525076834869,90582.79,91024.44,True,False
Emergent_appears_asymmetry_875f64,Emergent_carefully_clarity_0d7a6f,0.9540503873902166,90582.79,91046.88,True,False
Emergent_appears_asymmetry_875f64,Emergent_clarity_coherence_ea0c30,0.9540412595479113,90582.79,91047.22,True,False
Emergent_appears_asymmetry_875f64,Emergent_autonomy_boundary_1c8ce0,0.9559252634324229,90582.79,91070.68,True,False
Emergent_appears_asymmetry_875f64,Emergent_coherence_connection_ff8bfe,0.9553320654095228,90582.79,91094.72,True,False
Emergent_appears_asymmetry_875f64,Emergent_awareness_boundary_884077,0.9544846396625228,90582.79,91115.26,True,False
Emergent_appears_asymmetry_875f64,Emergent_boundary_connection_2f9fcd,0.9530014186661215,90582.79,91154.88,True,False
Emergent_appears_asymmetry_875f64,Emergent_connection_coupling_1f25cc,0.9207093270083493,90582.79,91178.04,True,False
Emergent_appears_asymmetry_875f64,Emergent_connection_contradiction_52dd1b,0.9206341711417718,90582.79,91178.38,True,False
Emergent_appears_asymmetry_875f64,Emergent_autonomy_awareness_c0bb96,0.9592958327862968,90582.79,91242.14,True,False
Emergent_appears_asymmetry_875f64,Emergent_appears_autonomy_3a9f9f,0.9592958327862968,90582.79,91242.48,True,False
Emergent_appears_asymmetry_875f64,Emergent_appears_clarity_60514c,0.9430982848989449,90582.79,91289.65,True,False
Emergent_appears_asymmetry_875f64,Emergent_carefully_clarity_42ab71,0.9350457327862969,90582.79,91312.3,True,False
Emergent_appears_asymmetry_875f64,Emergent_appears_autonomy_ff3e16,0.936760732786297,90582.79,91334.61,True,False
Emergent_appears_asymmetry_875f64,Emergent_bounded_clarity_ae2623,0.919610732786297,90582.79,91358.2,True,False
Emergent_appears_asymmetry_875f64,Emergent_appears_connection_7bf1ab,0.9161151365067448,90582.79,91379.85,True,False
Emergent_appears_asymmetry_875f64,Emergent_connection_dependency_32de27,0.9,90582.79,91449.86,True,False
Emergent_appears_asymmetry_875f64,Emergent_appears_bounded_813df2,0.9,90582.79,91450.2,True,False
Emergent_asymmetry_awareness_537d9e,Emergent_awareness_cascade_97bcc8,0.9604240117739127,90583.13,90605.25,True,False
Emergent_asymmetry_awareness_537d9e,Emergent_asymmetry_concept_e7c526,0.9514006280127676,90583.13,90646.68,True,False
Emergent_asymmetry_awareness_537d9e,Emergent_clarity_connection_47e953,0.960419327016119,90583.13,90667.52,True,False
Emergent_asymmetry_awareness_537d9e,Emergent_coherence_connection_2315cf,0.9603982746169175,90583.13,90704.88,True,False
Emergent_asymmetry_awareness_537d9e,Emergent_cognition_coherence_8ecc1d,0.9604140584193102,90583.13,90746.65,True,False
Emergent_asymmetry_awareness_537d9e,Emergent_awareness_cascade_7e50df,0.9604150163254668,90583.13,90763.32,True,False
Emergent_asymmetry_awareness_537d9e,Emergent_awareness_cascade_aee329,0.9599556462272283,90583.13,90763.66,True,False
Emergent_asymmetry_awareness_537d9e,Emergent_boundary_clarity_ba958c,0.9604068057012649,90583.13,90784.27,True,False
Emergent_asymmetry_awareness_537d9e,Emergent_clarity_connection_ad0afc,0.9604068057012649,90583.13,90784.61,True,False
Emergent_asymmetry_awareness_537d9e,Emergent_coherence_connection_7716f2,0.9603919609029015,90583.13,90806.27,True,False
Emergent_asymmetry_awareness_537d9e,Emergent_carefully_coherence_19463a,0.959182684531533,90583.13,90806.61,True,False
Emergent_asymmetry_awareness_537d9e,Emergent_autonomy_boundary_346ebd,0.960180506707877,90583.13,90828.98,True,False
Emergent_asymmetry_awareness_537d9e,Emergent_bounded_coherence_4beae6,0.9600399710773895,90583.13,90882.49,True,False
Emergent_asymmetry_awareness_537d9e,Emergent_bounded_carefully_f79645,0.9600448447679375,90583.13,90882.83,True,False
Emergent_asymmetry_awareness_537d9e,Emergent_awareness_cascade_f662e0,0.955637853510116,90583.13,90920.25,True,False
Emergent_asymmetry_awareness_537d9e,Emergent_awareness_cascade_5e2b72,0.9607213457266408,90583.13,90939.65,True,False
Emergent_asymmetry_awareness_537d9e,Emergent_autonomy_awareness_135ecc,0.9604544834997801,90583.13,91001.02,True,False
Emergent_asymmetry_awareness_537d9e,Emergent_autonomy_collective_6a047d,0.9586525076834869,90583.13,91024.44,True,False
Emergent_asymmetry_awareness_537d9e,Emergent_carefully_clarity_0d7a6f,0.9563233944023202,90583.13,91046.88,True,False
Emergent_asymmetry_awareness_537d9e,Emergent_clarity_coherence_ea0c30,0.9542698425298408,90583.13,91047.22,True,False
Emergent_asymmetry_awareness_537d9e,Emergent_autonomy_boundary_1c8ce0,0.9611884264044832,90583.13,91070.68,True,False
Emergent_asymmetry_awareness_537d9e,Emergent_coherence_connection_ff8bfe,0.9605952283815833,90583.13,91094.72,True,False
Emergent_asymmetry_awareness_537d9e,Emergent_awareness_boundary_884077,0.9570488837359012,90583.13,91115.26,True,False
Emergent_asymmetry_awareness_537d9e,Emergent_boundary_connection_2f9fcd,0.9582568092870127,90583.13,91154.88,True,False
Emergent_asymmetry_awareness_537d9e,Emergent_connection_coupling_1f25cc,0.9261335383950826,90583.13,91178.04,True,False
Emergent_asymmetry_awareness_537d9e,Emergent_connection_contradiction_52dd1b,0.9237496862876486,90583.13,91178.38,True,False
Emergent_asymmetry_awareness_537d9e,Emergent_autonomy_awareness_c0bb96,0.9644579809626526,90583.13,91242.14,True,False
Emergent_asymmetry_awareness_537d9e,Emergent_appears_autonomy_3a9f9f,0.9644579809626526,90583.13,91242.48,True,False
Emergent_asymmetry_awareness_537d9e,Emergent_appears_clarity_60514c,0.9430982848989449,90583.13,91289.65,True,False
Emergent_asymmetry_awareness_537d9e,Emergent_carefully_clarity_42ab71,0.9394245326758763,90583.13,91312.3,True,False
Emergent_asymmetry_awareness_537d9e,Emergent_appears_autonomy_ff3e16,0.9419228809626528,90583.13,91334.61,True,False
Emergent_asymmetry_awareness_537d9e,Emergent_bounded_clarity_ae2623,0.9247728809626528,90583.13,91358.2,True,False
Emergent_asymmetry_awareness_537d9e,Emergent_appears_connection_7bf1ab,0.9161151365067448,90583.13,91379.85,True,False
Emergent_asymmetry_awareness_537d9e,Emergent_connection_dependency_32de27,0.9,90583.13,91449.86,True,False
Emergent_asymmetry_awareness_537d9e,Emergent_appears_bounded_813df2,0.9,90583.13,91450.2,True,False
Emergent_awareness_cascade_97bcc8,Emergent_asymmetry_concept_e7c526,0.9514006280127676,90605.25,90646.68,True,False
Emergent_awareness_cascade_97bcc8,Emergent_clarity_connection_47e953,0.9607843138898051,90605.25,90667.52,True,False
Emergent_awareness_cascade_97bcc8,Emergent_coherence_connection_2315cf,0.9619324852181033,90605.25,90704.88,True,False
Emergent_awareness_cascade_97bcc8,Emergent_cognition_coherence_8ecc1d,0.921268753581771,90605.25,90746.65,True,False
Emergent_awareness_cascade_97bcc8,Emergent_awareness_cascade_7e50df,0.963679939356944,90605.25,90763.32,True,False
Emergent_awareness_cascade_97bcc8,Emergent_awareness_cascade_aee329,0.9599556462272283,90605.25,90763.66,True,False
Emergent_awareness_cascade_97bcc8,Emergent_boundary_clarity_ba958c,0.9209964450916277,90605.25,90784.27,True,False
Emergent_awareness_cascade_97bcc8,Emergent_clarity_connection_ad0afc,0.9667009975925627,90605.25,90784.61,True,False
Emergent_awareness_cascade_97bcc8,Emergent_coherence_connection_7716f2,0.9617584613460151,90605.25,90806.27,True,False
Emergent_awareness_cascade_97bcc8,Emergent_carefully_coherence_19463a,0.959182684531533,90605.25,90806.61,True,False
Emergent_awareness_cascade_97bcc8,Emergent_autonomy_boundary_346ebd,0.9701601413105612,90605.25,90828.98,True,False
Emergent_awareness_cascade_97bcc8,Emergent_bounded_coherence_4beae6,0.9632449169548829,90605.25,90882.49,True,False
Emergent_awareness_cascade_97bcc8,Emergent_bounded_carefully_f79645,0.924766130350039,90605.25,90882.83,True,False
Emergent_awareness_cascade_97bcc8,Emergent_awareness_cascade_f662e0,0.955637853510116,90605.25,90920.25,True,False
Emergent_awareness_cascade_97bcc8,Emergent_awareness_cascade_5e2b72,0.9661477156327625,90605.25,90939.65,True,False
Emergent_awareness_cascade_97bcc8,Emergent_autonomy_awareness_135ecc,0.9729438694122055,90605.25,91001.02,True,False
Emergent_awareness_cascade_97bcc8,Emergent_autonomy_collective_6a047d,0.9586525076834869,90605.25,91024.44,True,False
Emergent_awareness_cascade_97bcc8,Emergent_carefully_clarity_0d7a6f,0.9563233944023202,90605.25,91046.88,True,False
Emergent_awareness_cascade_97bcc8,Emergent_clarity_coherence_ea0c30,0.9542698425298408,90605.25,91047.22,True,False
Emergent_awareness_cascade_97bcc8,Emergent_autonomy_boundary_1c8ce0,0.9617781904942893,90605.25,91070.68,True,False
Emergent_awareness_cascade_97bcc8,Emergent_coherence_connection_ff8bfe,0.9654579393532188,90605.25,91094.72,True,False
Emergent_awareness_cascade_97bcc8,Emergent_awareness_boundary_884077,0.9570488837359012,90605.25,91115.26,True,False
Emergent_awareness_cascade_97bcc8,Emergent_boundary_connection_2f9fcd,0.9669606416047309,90605.25,91154.88,True,False
Emergent_awareness_cascade_97bcc8,Emergent_connection_coupling_1f25cc,0.9365673018072247,90605.25,91178.04,True,False
Emergent_awareness_cascade_97bcc8,Emergent_connection_contradiction_52dd1b,0.9237496862876486,90605.25,91178.38,True,False
Emergent_awareness_cascade_97bcc8,Emergent_autonomy_awareness_c0bb96,0.9657740924526206,90605.25,91242.14,True,False
Emergent_awareness_cascade_97bcc8,Emergent_appears_autonomy_3a9f9f,0.9740021414381239,90605.25,91242.48,True,False
Emergent_awareness_cascade_97bcc8,Emergent_appears_clarity_60514c,0.9430982848989449,90605.25,91289.65,True,False
Emergent_awareness_cascade_97bcc8,Emergent_carefully_clarity_42ab71,0.9394245326758763,90605.25,91312.3,True,False
Emergent_awareness_cascade_97bcc8,Emergent_appears_autonomy_ff3e16,0.9462065916025957,90605.25,91334.61,True,False
Emergent_awareness_cascade_97bcc8,Emergent_bounded_clarity_ae2623,0.939310416828445,90605.25,91358.2,True,False
Emergent_awareness_cascade_97bcc8,Emergent_appears_connection_7bf1ab,0.9161151365067448,90605.25,91379.85,True,False
Emergent_awareness_cascade_97bcc8,Emergent_connection_dependency_32de27,0.9,90605.25,91449.86,True,False
Emergent_awareness_cascade_97bcc8,Emergent_appears_bounded_813df2,0.9,90605.25,91450.2,True,False
Emergent_asymmetry_concept_e7c526,Emergent_clarity_connection_47e953,0.95139728946886,90646.68,90667.52,True,False
Emergent_asymmetry_concept_e7c526,Emergent_coherence_connection_2315cf,0.9513646547186072,90646.68,90704.88,True,False
Emergent_asymmetry_concept_e7c526,Emergent_cognition_coherence_8ecc1d,0.9513911333347458,90646.68,90746.65,True,False
Emergent_asymmetry_concept_e7c526,Emergent_awareness_cascade_7e50df,0.951392501772113,90646.68,90763.32,True,False
Emergent_asymmetry_concept_e7c526,Emergent_awareness_cascade_aee329,0.951392501772113,90646.68,90763.66,True,False
Emergent_asymmetry_concept_e7c526,Emergent_boundary_clarity_ba958c,0.9513807723089673,90646.68,90784.27,True,False
Emergent_asymmetry_concept_e7c526,Emergent_clarity_connection_ad0afc,0.9513807723089673,90646.68,90784.61,True,False
Emergent_asymmetry_concept_e7c526,Emergent_coherence_connection_7716f2,0.9513597766536817,90646.68,90806.27,True,False
Emergent_asymmetry_concept_e7c526,Emergent_carefully_coherence_19463a,0.959182684531533,90646.68,90806.61,True,False
Emergent_asymmetry_concept_e7c526,Emergent_autonomy_boundary_346ebd,0.9510586203003564,90646.68,90828.98,True,False
Emergent_asymmetry_concept_e7c526,Emergent_bounded_coherence_4beae6,0.9508802337733475,90646.68,90882.49,True,False
Emergent_asymmetry_concept_e7c526,Emergent_bounded_carefully_f79645,0.9508849517674842,90646.68,90882.83,True,False
Emergent_asymmetry_concept_e7c526,Emergent_awareness_cascade_f662e0,0.9516232280602948,90646.68,90920.25,True,False
Emergent_asymmetry_concept_e7c526,Emergent_awareness_cascade_5e2b72,0.9515534389060987,90646.68,90939.65,True,False
Emergent_asymmetry_concept_e7c526,Emergent_autonomy_awareness_135ecc,0.9512877505654689,90646.68,91001.02,True,False
Emergent_asymmetry_concept_e7c526,Emergent_autonomy_collective_6a047d,0.9586525076834869,90646.68,91024.44,True,False
Emergent_asymmetry_concept_e7c526,Emergent_carefully_clarity_0d7a6f,0.95017281358398,90646.68,91046.88,True,False
Emergent_asymmetry_concept_e7c526,Emergent_clarity_coherence_ea0c30,0.9501638710172766,90646.68,91047.22,True,False
Emergent_asymmetry_concept_e7c526,Emergent_autonomy_boundary_1c8ce0,0.9521782027163073,90646.68,91070.68,True,False
Emergent_asymmetry_concept_e7c526,Emergent_coherence_connection_ff8bfe,0.9515850046934073,90646.68,91094.72,True,False
Emergent_asymmetry_concept_e7c526,Emergent_awareness_boundary_884077,0.9507375789464074,90646.68,91115.26,True,False
Emergent_asymmetry_concept_e7c526,Emergent_boundary_connection_2f9fcd,0.9492598914042982,90646.68,91154.88,True,False
Emergent_asymmetry_concept_e7c526,Emergent_connection_coupling_1f25cc,0.9168476093471198,90646.68,91178.04,True,False
Emergent_asymmetry_concept_e7c526,Emergent_connection_contradiction_52dd1b,0.9167729468603989,90646.68,91178.38,True,False
Emergent_asymmetry_concept_e7c526,Emergent_autonomy_awareness_c0bb96,0.955620688629623,90646.68,91242.14,True,False
Emergent_asymmetry_concept_e7c526,Emergent_appears_autonomy_3a9f9f,0.955620688629623,90646.68,91242.48,True,False
Emergent_asymmetry_concept_e7c526,Emergent_appears_clarity_60514c,0.9430982848989449,90646.68,91289.65,True,False
Emergent_asymmetry_concept_e7c526,Emergent_carefully_clarity_42ab71,0.9313705886296231,90646.68,91312.3,True,False
Emergent_asymmetry_concept_e7c526,Emergent_appears_autonomy_ff3e16,0.933085588629623,90646.68,91334.61,True,False
Emergent_asymmetry_concept_e7c526,Emergent_bounded_clarity_ae2623,0.9159355886296232,90646.68,91358.2,True,False
Emergent_asymmetry_concept_e7c526,Emergent_appears_connection_7bf1ab,0.9161151365067448,90646.68,91379.85,True,False
Emergent_asymmetry_concept_e7c526,Emergent_connection_dependency_32de27,0.9,90646.68,91449.86,True,False
Emergent_asymmetry_concept_e7c526,Emergent_appears_bounded_813df2,0.9,90646.68,91450.2,True,False
Emergent_clarity_connection_47e953,Emergent_coherence_connection_2315cf,0.9607632028471378,90667.52,90704.88,True,False
Emergent_clarity_connection_47e953,Emergent_cognition_coherence_8ecc1d,0.960779007151062,90667.52,90746.65,True,False
Emergent_clarity_connection_47e953,Emergent_awareness_cascade_7e50df,0.9607799650572191,90667.52,90763.32,True,False
Emergent_clarity_connection_47e953,Emergent_awareness_cascade_aee329,0.9599556462272283,90667.52,90763.66,True,False
Emergent_clarity_connection_47e953,Emergent_boundary_clarity_ba958c,0.9607717544330168,90667.52,90784.27,True,False
Emergent_clarity_connection_47e953,Emergent_clarity_connection_ad0afc,0.9607717544330168,90667.52,90784.61,True,False
Emergent_clarity_connection_47e953,Emergent_coherence_connection_7716f2,0.9607569037565409,90667.52,90806.27,True,False
Emergent_clarity_connection_47e953,Emergent_carefully_coherence_19463a,0.959182684531533,90667.52,90806.61,True,False
Emergent_clarity_connection_47e953,Emergent_autonomy_boundary_346ebd,0.9605457145286977,90667.52,90828.98,True,False
Emergent_clarity_connection_47e953,Emergent_bounded_coherence_4beae6,0.9604049450900907,90667.52,90882.49,True,False
Emergent_clarity_connection_47e953,Emergent_bounded_carefully_f79645,0.9604098215107706,90667.52,90882.83,True,False
Emergent_clarity_connection_47e953,Emergent_awareness_cascade_f662e0,0.955637853510116,90667.52,90920.25,True,False
Emergent_clarity_connection_47e953,Emergent_awareness_cascade_5e2b72,0.9610858621746878,90667.52,90939.65,True,False
Emergent_clarity_connection_47e953,Emergent_autonomy_awareness_135ecc,0.9608189532740496,90667.52,91001.02,True,False
Emergent_clarity_connection_47e953,Emergent_autonomy_collective_6a047d,0.9586525076834869,90667.52,91024.44,True,False
Emergent_clarity_connection_47e953,Emergent_carefully_clarity_0d7a6f,0.9563233944023202,90667.52,91046.88,True,False
Emergent_clarity_connection_47e953,Emergent_clarity_coherence_ea0c30,0.9542698425298408,90667.52,91047.22,True,False
Emergent_clarity_connection_47e953,Emergent_autonomy_boundary_1c8ce0,0.9615466733630542,90667.52,91070.68,True,False
Emergent_clarity_connection_47e953,Emergent_coherence_connection_ff8bfe,0.9609534753401543,90667.52,91094.72,True,False
Emergent_clarity_connection_47e953,Emergent_awareness_boundary_884077,0.9570488837359012,90667.52,91115.26,True,False
Emergent_clarity_connection_47e953,Emergent_boundary_connection_2f9fcd,0.9586145272060722,90667.52,91154.88,True,False
Emergent_clarity_connection_47e953,Emergent_connection_coupling_1f25cc,0.926502747412979,90667.52,91178.04,True,False
Emergent_clarity_connection_47e953,Emergent_connection_contradiction_52dd1b,0.9237496862876486,90667.52,91178.38,True,False
Emergent_clarity_connection_47e953,Emergent_autonomy_awareness_c0bb96,0.9648093521616237,90667.52,91242.14,True,False
Emergent_clarity_connection_47e953,Emergent_appears_autonomy_3a9f9f,0.9648093521616237,90667.52,91242.48,True,False
Emergent_clarity_connection_47e953,Emergent_appears_clarity_60514c,0.9430982848989449,90667.52,91289.65,True,False
Emergent_clarity_connection_47e953,Emergent_carefully_clarity_42ab71,0.9394245326758763,90667.52,91312.3,True,False
Emergent_clarity_connection_47e953,Emergent_appears_autonomy_ff3e16,0.9422742521616236,90667.52,91334.61,True,False
Emergent_clarity_connection_47e953,Emergent_bounded_clarity_ae2623,0.9251242521616236,90667.52,91358.2,True,False
Emergent_clarity_connection_47e953,Emergent_appears_connection_7bf1ab,0.9161151365067448,90667.52,91379.85,True,False
Emergent_clarity_connection_47e953,Emergent_connection_dependency_32de27,0.9,90667.52,91449.86,True,False
Emergent_clarity_connection_47e953,Emergent_appears_bounded_813df2,0.9,90667.52,91450.2,True,False
Emergent_coherence_connection_2315cf,Emergent_cognition_coherence_8ecc1d,0.9619478092970741,90704.88,90746.65,True,False
Emergent_coherence_connection_2315cf,Emergent_awareness_cascade_7e50df,0.9619487672032312,90704.88,90763.32,True,False
Emergent_coherence_connection_2315cf,Emergent_awareness_cascade_aee329,0.9599556462272283,90704.88,90763.66,True,False
Emergent_coherence_connection_2315cf,Emergent_boundary_clarity_ba958c,0.9619405565790291,90704.88,90784.27,True,False
Emergent_coherence_connection_2315cf,Emergent_clarity_connection_ad0afc,0.9619405565790291,90704.88,90784.61,True,False
Emergent_coherence_connection_2315cf,Emergent_coherence_connection_7716f2,0.9617584613460151,90704.88,90806.27,True,False
Emergent_coherence_connection_2315cf,Emergent_carefully_coherence_19463a,0.959182684531533,90704.88,90806.61,True,False
Emergent_coherence_connection_2315cf,Emergent_autonomy_boundary_346ebd,0.9617153464456691,90704.88,90828.98,True,False
Emergent_coherence_connection_2315cf,Emergent_bounded_coherence_4beae6,0.9615738282020714,90704.88,90882.49,True,False
Emergent_coherence_connection_2315cf,Emergent_bounded_carefully_f79645,0.9615787133664022,90704.88,90882.83,True,False
Emergent_coherence_connection_2315cf,Emergent_awareness_cascade_f662e0,0.955637853510116,90704.88,90920.25,True,False
Emergent_coherence_connection_2315cf,Emergent_awareness_cascade_5e2b72,0.962253279868369,90704.88,90939.65,True,False
Emergent_coherence_connection_2315cf,Emergent_autonomy_awareness_135ecc,0.9619862214880752,90704.88,91001.02,True,False
Emergent_coherence_connection_2315cf,Emergent_autonomy_collective_6a047d,0.9586525076834869,90704.88,91024.44,True,False
Emergent_coherence_connection_2315cf,Emergent_carefully_clarity_0d7a6f,0.9563233944023202,90704.88,91046.88,True,False
Emergent_coherence_connection_2315cf,Emergent_clarity_coherence_ea0c30,0.9542698425298408,90704.88,91047.22,True,False
Emergent_coherence_connection_2315cf,Emergent_autonomy_boundary_1c8ce0,0.9617781904942893,90704.88,91070.68,True,False
Emergent_coherence_connection_2315cf,Emergent_coherence_connection_ff8bfe,0.962100814068994,90704.88,91094.72,True,False
Emergent_coherence_connection_2315cf,Emergent_awareness_boundary_884077,0.9570488837359012,90704.88,91115.26,True,False
Emergent_coherence_connection_2315cf,Emergent_boundary_connection_2f9fcd,0.9597601716078394,90704.88,91154.88,True,False
Emergent_coherence_connection_2315cf,Emergent_connection_coupling_1f25cc,0.9276851937537915,90704.88,91178.04,True,False
Emergent_coherence_connection_2315cf,Emergent_connection_contradiction_52dd1b,0.9237496862876486,90704.88,91178.38,True,False
Emergent_coherence_connection_2315cf,Emergent_autonomy_awareness_c0bb96,0.9657740924526206,90704.88,91242.14,True,False
Emergent_coherence_connection_2315cf,Emergent_appears_autonomy_3a9f9f,0.9659346702561198,90704.88,91242.48,True,False
Emergent_coherence_connection_2315cf,Emergent_appears_clarity_60514c,0.9430982848989449,90704.88,91289.65,True,False
Emergent_coherence_connection_2315cf,Emergent_carefully_clarity_42ab71,0.9394245326758763,90704.88,91312.3,True,False
Emergent_coherence_connection_2315cf,Emergent_appears_autonomy_ff3e16,0.94339957025612,90704.88,91334.61,True,False
Emergent_coherence_connection_2315cf,Emergent_bounded_clarity_ae2623,0.92624957025612,90704.88,91358.2,True,False
Emergent_coherence_connection_2315cf,Emergent_appears_connection_7bf1ab,0.9161151365067448,90704.88,91379.85,True,False
Emergent_coherence_connection_2315cf,Emergent_connection_dependency_32de27,0.9,90704.88,91449.86,True,False
Emergent_coherence_connection_2315cf,Emergent_appears_bounded_813df2,0.9,90704.88,91450.2,True,False
Emergent_cognition_coherence_8ecc1d,Emergent_awareness_cascade_7e50df,0.963659823327649,90746.65,90763.32,True,False
Emergent_cognition_coherence_8ecc1d,Emergent_awareness_cascade_aee329,0.9599355301979335,90746.65,90763.66,True,False
Emergent_cognition_coherence_8ecc1d,Emergent_boundary_clarity_ba958c,0.9209964450916277,90746.65,90784.27,True,False
Emergent_cognition_coherence_8ecc1d,Emergent_clarity_connection_ad0afc,0.9667009975925627,90746.65,90784.61,True,False
Emergent_cognition_coherence_8ecc1d,Emergent_coherence_connection_7716f2,0.9617584613460151,90746.65,90806.27,True,False
Emergent_cognition_coherence_8ecc1d,Emergent_carefully_coherence_19463a,0.959182684531533,90746.65,90806.61,True,False
Emergent_cognition_coherence_8ecc1d,Emergent_autonomy_boundary_346ebd,0.9701601413105612,90746.65,90828.98,True,False
Emergent_cognition_coherence_8ecc1d,Emergent_bounded_coherence_4beae6,0.9632449169548829,90746.65,90882.49,True,False
Emergent_cognition_coherence_8ecc1d,Emergent_bounded_carefully_f79645,0.9210110491594918,90746.65,90882.83,True,False
Emergent_cognition_coherence_8ecc1d,Emergent_awareness_cascade_f662e0,0.955637853510116,90746.65,90920.25,True,False
Emergent_cognition_coherence_8ecc1d,Emergent_awareness_cascade_5e2b72,0.9661477156327625,90746.65,90939.65,True,False
Emergent_cognition_coherence_8ecc1d,Emergent_autonomy_awareness_135ecc,0.9729438694122055,90746.65,91001.02,True,False
Emergent_cognition_coherence_8ecc1d,Emergent_autonomy_collective_6a047d,0.9586525076834869,90746.65,91024.44,True,False
Emergent_cognition_coherence_8ecc1d,Emergent_carefully_clarity_0d7a6f,0.9563233944023202,90746.65,91046.88,True,False
Emergent_cognition_coherence_8ecc1d,Emergent_clarity_coherence_ea0c30,0.9542698425298408,90746.65,91047.22,True,False
Emergent_cognition_coherence_8ecc1d,Emergent_autonomy_boundary_1c8ce0,0.9617781904942893,90746.65,91070.68,True,False
Emergent_cognition_coherence_8ecc1d,Emergent_coherence_connection_ff8bfe,0.9654579393532188,90746.65,91094.72,True,False
Emergent_cognition_coherence_8ecc1d,Emergent_awareness_boundary_884077,0.9570488837359012,90746.65,91115.26,True,False
Emergent_cognition_coherence_8ecc1d,Emergent_boundary_connection_2f9fcd,0.9669606416047309,90746.65,91154.88,True,False
Emergent_cognition_coherence_8ecc1d,Emergent_connection_coupling_1f25cc,0.9365673018072247,90746.65,91178.04,True,False
Emergent_cognition_coherence_8ecc1d,Emergent_connection_contradiction_52dd1b,0.9237496862876486,90746.65,91178.38,True,False
Emergent_cognition_coherence_8ecc1d,Emergent_autonomy_awareness_c0bb96,0.9657740924526206,90746.65,91242.14,True,False
Emergent_cognition_coherence_8ecc1d,Emergent_appears_autonomy_3a9f9f,0.9740021414381239,90746.65,91242.48,True,False
Emergent_cognition_coherence_8ecc1d,Emergent_appears_clarity_60514c,0.9430982848989449,90746.65,91289.65,True,False
Emergent_cognition_coherence_8ecc1d,Emergent_carefully_clarity_42ab71,0.9394245326758763,90746.65,91312.3,True,False
Emergent_cognition_coherence_8ecc1d,Emergent_appears_autonomy_ff3e16,0.9462065916025957,90746.65,91334.61,True,False
Emergent_cognition_coherence_8ecc1d,Emergent_bounded_clarity_ae2623,0.9381256839959025,90746.65,91358.2,True,False
Emergent_cognition_coherence_8ecc1d,Emergent_appears_connection_7bf1ab,0.9161151365067448,90746.65,91379.85,True,False
Emergent_cognition_coherence_8ecc1d,Emergent_connection_dependency_32de27,0.9,90746.65,91449.86,True,False
Emergent_cognition_coherence_8ecc1d,Emergent_appears_bounded_813df2,0.9,90746.65,91450.2,True,False
Emergent_awareness_cascade_7e50df,Emergent_awareness_cascade_aee329,0.9599364881040902,90763.32,90763.66,True,False
Emergent_awareness_cascade_7e50df,Emergent_boundary_clarity_ba958c,0.9636717287327419,90763.32,90784.27,True,False
Emergent_awareness_cascade_7e50df,Emergent_clarity_connection_ad0afc,0.9636717287327419,90763.32,90784.61,True,False
Emergent_awareness_cascade_7e50df,Emergent_coherence_connection_7716f2,0.9617584613460151,90763.32,90806.27,True,False
Emergent_awareness_cascade_7e50df,Emergent_carefully_coherence_19463a,0.959182684531533,90763.32,90806.61,True,False
Emergent_awareness_cascade_7e50df,Emergent_autonomy_boundary_346ebd,0.9634477476152457,90763.32,90828.98,True,False
Emergent_awareness_cascade_7e50df,Emergent_bounded_coherence_4beae6,0.9632449169548829,90763.32,90882.49,True,False
Emergent_awareness_cascade_7e50df,Emergent_bounded_carefully_f79645,0.9633100183935837,90763.32,90882.83,True,False
Emergent_awareness_cascade_7e50df,Emergent_awareness_cascade_f662e0,0.955637853510116,90763.32,90920.25,True,False
Emergent_awareness_cascade_7e50df,Emergent_awareness_cascade_5e2b72,0.9639824014394993,90763.32,90939.65,True,False
Emergent_awareness_cascade_7e50df,Emergent_autonomy_awareness_135ecc,0.9637151216573039,90763.32,91001.02,True,False
Emergent_awareness_cascade_7e50df,Emergent_autonomy_collective_6a047d,0.9586525076834869,90763.32,91024.44,True,False
Emergent_awareness_cascade_7e50df,Emergent_carefully_clarity_0d7a6f,0.9563233944023202,90763.32,91046.88,True,False
Emergent_awareness_cascade_7e50df,Emergent_clarity_coherence_ea0c30,0.9542698425298408,90763.32,91047.22,True,False
Emergent_awareness_cascade_7e50df,Emergent_autonomy_boundary_1c8ce0,0.9617781904942893,90763.32,91070.68,True,False
Emergent_awareness_cascade_7e50df,Emergent_coherence_connection_ff8bfe,0.9638001956666586,90763.32,91094.72,True,False
Emergent_awareness_cascade_7e50df,Emergent_awareness_boundary_884077,0.9570488837359012,90763.32,91115.26,True,False
Emergent_awareness_cascade_7e50df,Emergent_boundary_connection_2f9fcd,0.9614570436517211,90763.32,91154.88,True,False
Emergent_awareness_cascade_7e50df,Emergent_connection_coupling_1f25cc,0.9294365750166158,90763.32,91178.04,True,False
Emergent_awareness_cascade_7e50df,Emergent_connection_contradiction_52dd1b,0.9237496862876486,90763.32,91178.38,True,False
Emergent_awareness_cascade_7e50df,Emergent_autonomy_awareness_c0bb96,0.9657740924526206,90763.32,91242.14,True,False
Emergent_awareness_cascade_7e50df,Emergent_appears_autonomy_3a9f9f,0.9676014359751155,90763.32,91242.48,True,False
Emergent_awareness_cascade_7e50df,Emergent_appears_clarity_60514c,0.9430982848989449,90763.32,91289.65,True,False
Emergent_awareness_cascade_7e50df,Emergent_carefully_clarity_42ab71,0.9394245326758763,90763.32,91312.3,True,False
Emergent_awareness_cascade_7e50df,Emergent_appears_autonomy_ff3e16,0.9450663359751157,90763.32,91334.61,True,False
Emergent_awareness_cascade_7e50df,Emergent_bounded_clarity_ae2623,0.9279163359751157,90763.32,91358.2,True,False
Emergent_awareness_cascade_7e50df,Emergent_appears_connection_7bf1ab,0.9161151365067448,90763.32,91379.85,True,False
Emergent_awareness_cascade_7e50df,Emergent_connection_dependency_32de27,0.9,90763.32,91449.86,True,False
Emergent_awareness_cascade_7e50df,Emergent_appears_bounded_813df2,0.9,90763.32,91450.2,True,False
Emergent_awareness_cascade_aee329,Emergent_boundary_clarity_ba958c,0.9599474356030262,90763.66,90784.27,True,False
Emergent_awareness_cascade_aee329,Emergent_clarity_connection_ad0afc,0.9599474356030262,90763.66,90784.61,True,False
Emergent_awareness_cascade_aee329,Emergent_coherence_connection_7716f2,0.9599325982035904,90763.66,90806.27,True,False
Emergent_awareness_cascade_aee329,Emergent_carefully_coherence_19463a,0.959182684531533,90763.66,90806.61,True,False
Emergent_awareness_cascade_aee329,Emergent_autonomy_boundary_346ebd,0.9597208104877466,90763.66,90828.98,True,False
Emergent_awareness_cascade_aee329,Emergent_bounded_coherence_4beae6,0.9595805691573878,90763.66,90882.49,True,False
Emergent_awareness_cascade_aee329,Emergent_bounded_carefully_f79645,0.95958543941145,90763.66,90882.83,True,False
Emergent_awareness_cascade_aee329,Emergent_awareness_cascade_f662e0,0.955637853510116,90763.66,90920.25,True,False
Emergent_awareness_cascade_aee329,Emergent_awareness_cascade_5e2b72,0.9602625197547161,90763.66,90939.65,True,False
Emergent_awareness_cascade_aee329,Emergent_autonomy_awareness_135ecc,0.9599957162773058,90763.66,91001.02,True,False
Emergent_awareness_cascade_aee329,Emergent_autonomy_collective_6a047d,0.9586525076834869,90763.66,91024.44,True,False
Emergent_awareness_cascade_aee329,Emergent_carefully_clarity_0d7a6f,0.9563233944023202,90763.66,91046.88,True,False
Emergent_awareness_cascade_aee329,Emergent_clarity_coherence_ea0c30,0.9542698425298408,90763.66,91047.22,True,False
Emergent_awareness_cascade_aee329,Emergent_autonomy_boundary_1c8ce0,0.9607374919957996,90763.66,91070.68,True,False
Emergent_awareness_cascade_aee329,Emergent_coherence_connection_ff8bfe,0.9601442939728997,90763.66,91094.72,True,False
Emergent_awareness_cascade_aee329,Emergent_awareness_boundary_884077,0.9570488837359012,90763.66,91115.26,True,False
Emergent_awareness_cascade_aee329,Emergent_boundary_connection_2f9fcd,0.9578065407935967,90763.66,91154.88,True,False
Emergent_awareness_cascade_aee329,Emergent_connection_coupling_1f25cc,0.9256688057680984,90763.66,91178.04,True,False
Emergent_awareness_cascade_aee329,Emergent_connection_contradiction_52dd1b,0.9237496862876486,90763.66,91178.38,True,False
Emergent_awareness_cascade_aee329,Emergent_autonomy_awareness_c0bb96,0.964015701244582,90763.66,91242.14,True,False
Emergent_awareness_cascade_aee329,Emergent_appears_autonomy_3a9f9f,0.964015701244582,90763.66,91242.48,True,False
Emergent_awareness_cascade_aee329,Emergent_appears_clarity_60514c,0.9430982848989449,90763.66,91289.65,True,False
Emergent_awareness_cascade_aee329,Emergent_carefully_clarity_42ab71,0.9394245326758763,90763.66,91312.3,True,False
Emergent_awareness_cascade_aee329,Emergent_appears_autonomy_ff3e16,0.9414806012445822,90763.66,91334.61,True,False
Emergent_awareness_cascade_aee329,Emergent_bounded_clarity_ae2623,0.9243306012445822,90763.66,91358.2,True,False
Emergent_awareness_cascade_aee329,Emergent_appears_connection_7bf1ab,0.9161151365067448,90763.66,91379.85,True,False
Emergent_awareness_cascade_aee329,Emergent_connection_dependency_32de27,0.9,90763.66,91449.86,True,False
Emergent_awareness_cascade_aee329,Emergent_appears_bounded_813df2,0.9,90763.66,91450.2,True,False
Emergent_boundary_clarity_ba958c,Emergent_clarity_connection_ad0afc,0.9666736288452225,90784.27,90784.61,True,False
Emergent_boundary_clarity_ba958c,Emergent_coherence_connection_7716f2,0.9617584613460151,90784.27,90806.27,True,False
Emergent_boundary_clarity_ba958c,Emergent_carefully_coherence_19463a,0.959182684531533,90784.27,90806.61,True,False
Emergent_boundary_clarity_ba958c,Emergent_autonomy_boundary_346ebd,0.9701601413105612,90784.27,90828.98,True,False
Emergent_boundary_clarity_ba958c,Emergent_bounded_coherence_4beae6,0.9632449169548829,90784.27,90882.49,True,False
Emergent_boundary_clarity_ba958c,Emergent_bounded_carefully_f79645,0.9207438040070863,90784.27,90882.83,True,False
Emergent_boundary_clarity_ba958c,Emergent_awareness_cascade_f662e0,0.955637853510116,90784.27,90920.25,True,False
Emergent_boundary_clarity_ba958c,Emergent_awareness_cascade_5e2b72,0.9661477156327625,90784.27,90939.65,True,False
Emergent_boundary_clarity_ba958c,Emergent_autonomy_awareness_135ecc,0.9729438694122055,90784.27,91001.02,True,False
Emergent_boundary_clarity_ba958c,Emergent_autonomy_collective_6a047d,0.9586525076834869,90784.27,91024.44,True,False
Emergent_boundary_clarity_ba958c,Emergent_carefully_clarity_0d7a6f,0.9563233944023202,90784.27,91046.88,True,False
Emergent_boundary_clarity_ba958c,Emergent_clarity_coherence_ea0c30,0.9542698425298408,90784.27,91047.22,True,False
Emergent_boundary_clarity_ba958c,Emergent_autonomy_boundary_1c8ce0,0.9617781904942893,90784.27,91070.68,True,False
Emergent_boundary_clarity_ba958c,Emergent_coherence_connection_ff8bfe,0.9654579393532188,90784.27,91094.72,True,False
Emergent_boundary_clarity_ba958c,Emergent_awareness_boundary_884077,0.9570488837359012,90784.27,91115.26,True,False
Emergent_boundary_clarity_ba958c,Emergent_boundary_connection_2f9fcd,0.9669606416047309,90784.27,91154.88,True,False
Emergent_boundary_clarity_ba958c,Emergent_connection_coupling_1f25cc,0.9365673018072247,90784.27,91178.04,True,False
Emergent_boundary_clarity_ba958c,Emergent_connection_contradiction_52dd1b,0.9237496862876486,90784.27,91178.38,True,False
Emergent_boundary_clarity_ba958c,Emergent_autonomy_awareness_c0bb96,0.9657740924526206,90784.27,91242.14,True,False
Emergent_boundary_clarity_ba958c,Emergent_appears_autonomy_3a9f9f,0.9740021414381239,90784.27,91242.48,True,False
Emergent_boundary_clarity_ba958c,Emergent_appears_clarity_60514c,0.9430982848989449,90784.27,91289.65,True,False
Emergent_boundary_clarity_ba958c,Emergent_carefully_clarity_42ab71,0.9394245326758763,90784.27,91312.3,True,False
Emergent_boundary_clarity_ba958c,Emergent_appears_autonomy_ff3e16,0.9462065916025957,90784.27,91334.61,True,False
Emergent_boundary_clarity_ba958c,Emergent_bounded_clarity_ae2623,0.9378826009563543,90784.27,91358.2,True,False
Emergent_boundary_clarity_ba958c,Emergent_appears_connection_7bf1ab,0.9161151365067448,90784.27,91379.85,True,False
Emergent_boundary_clarity_ba958c,Emergent_connection_dependency_32de27,0.9,90784.27,91449.86,True,False
Emergent_boundary_clarity_ba958c,Emergent_appears_bounded_813df2,0.9,90784.27,91450.2,True,False
Emergent_clarity_connection_ad0afc,Emergent_coherence_connection_7716f2,0.9617584613460151,90784.61,90806.27,True,False
Emergent_clarity_connection_ad0afc,Emergent_carefully_coherence_19463a,0.959182684531533,90784.61,90806.61,True,False
Emergent_clarity_connection_ad0afc,Emergent_autonomy_boundary_346ebd,0.9664791670523358,90784.61,90828.98,True,False
Emergent_clarity_connection_ad0afc,Emergent_bounded_coherence_4beae6,0.9632449169548829,90784.61,90882.49,True,False
Emergent_clarity_connection_ad0afc,Emergent_bounded_carefully_f79645,0.966339519760298,90784.61,90882.83,True,False
Emergent_clarity_connection_ad0afc,Emergent_awareness_cascade_f662e0,0.955637853510116,90784.61,90920.25,True,False
Emergent_clarity_connection_ad0afc,Emergent_awareness_cascade_5e2b72,0.9661477156327625,90784.61,90939.65,True,False
Emergent_clarity_connection_ad0afc,Emergent_autonomy_awareness_135ecc,0.9667404149149095,90784.61,91001.02,True,False
Emergent_clarity_connection_ad0afc,Emergent_autonomy_collective_6a047d,0.9586525076834869,90784.61,91024.44,True,False
Emergent_clarity_connection_ad0afc,Emergent_carefully_clarity_0d7a6f,0.9563233944023202,90784.61,91046.88,True,False
Emergent_clarity_connection_ad0afc,Emergent_clarity_coherence_ea0c30,0.9542698425298408,90784.61,91047.22,True,False
Emergent_clarity_connection_ad0afc,Emergent_autonomy_boundary_1c8ce0,0.9617781904942893,90784.61,91070.68,True,False
Emergent_clarity_connection_ad0afc,Emergent_coherence_connection_ff8bfe,0.9654579393532188,90784.61,91094.72,True,False
Emergent_clarity_connection_ad0afc,Emergent_awareness_boundary_884077,0.9570488837359012,90784.61,91115.26,True,False
Emergent_clarity_connection_ad0afc,Emergent_boundary_connection_2f9fcd,0.9644262929147742,90784.61,91154.88,True,False
Emergent_clarity_connection_ad0afc,Emergent_connection_coupling_1f25cc,0.9325012065206335,90784.61,91178.04,True,False
Emergent_clarity_connection_ad0afc,Emergent_connection_contradiction_52dd1b,0.9237496862876486,90784.61,91178.38,True,False
Emergent_clarity_connection_ad0afc,Emergent_autonomy_awareness_c0bb96,0.9657740924526206,90784.61,91242.14,True,False
Emergent_clarity_connection_ad0afc,Emergent_appears_autonomy_3a9f9f,0.9705180040809163,90784.61,91242.48,True,False
Emergent_clarity_connection_ad0afc,Emergent_appears_clarity_60514c,0.9430982848989449,90784.61,91289.65,True,False
Emergent_clarity_connection_ad0afc,Emergent_carefully_clarity_42ab71,0.9394245326758763,90784.61,91312.3,True,False
Emergent_clarity_connection_ad0afc,Emergent_appears_autonomy_ff3e16,0.9462065916025957,90784.61,91334.61,True,False
Emergent_clarity_connection_ad0afc,Emergent_bounded_clarity_ae2623,0.9308329040809165,90784.61,91358.2,True,False
Emergent_clarity_connection_ad0afc,Emergent_appears_connection_7bf1ab,0.9161151365067448,90784.61,91379.85,True,False
Emergent_clarity_connection_ad0afc,Emergent_connection_dependency_32de27,0.9,90784.61,91449.86,True,False
Emergent_clarity_connection_ad0afc,Emergent_appears_bounded_813df2,0.9,90784.61,91450.2,True,False
Emergent_coherence_connection_7716f2,Emergent_carefully_coherence_19463a,0.9590970029031709,90806.27,90806.61,True,False
Emergent_coherence_connection_7716f2,Emergent_autonomy_boundary_346ebd,0.9615375414823575,90806.27,90828.98,True,False
Emergent_coherence_connection_7716f2,Emergent_bounded_coherence_4beae6,0.961406588193213,90806.27,90882.49,True,False
Emergent_coherence_connection_7716f2,Emergent_bounded_carefully_f79645,0.9614114721065306,90806.27,90882.83,True,False
Emergent_coherence_connection_7716f2,Emergent_awareness_cascade_f662e0,0.955637853510116,90806.27,90920.25,True,False
Emergent_coherence_connection_7716f2,Emergent_awareness_cascade_5e2b72,0.9620862495268134,90806.27,90939.65,True,False
Emergent_coherence_connection_7716f2,Emergent_autonomy_awareness_135ecc,0.9618192125335845,90806.27,91001.02,True,False
Emergent_coherence_connection_7716f2,Emergent_autonomy_collective_6a047d,0.9586525076834869,90806.27,91024.44,True,False
Emergent_coherence_connection_7716f2,Emergent_carefully_clarity_0d7a6f,0.9563233944023202,90806.27,91046.88,True,False
Emergent_coherence_connection_7716f2,Emergent_clarity_coherence_ea0c30,0.9542698425298408,90806.27,91047.22,True,False
Emergent_coherence_connection_7716f2,Emergent_autonomy_boundary_1c8ce0,0.9617781904942893,90806.27,91070.68,True,False
Emergent_coherence_connection_7716f2,Emergent_coherence_connection_ff8bfe,0.9619366565606786,90806.27,91094.72,True,False
Emergent_coherence_connection_7716f2,Emergent_awareness_boundary_884077,0.9570488837359012,90806.27,91115.26,True,False
Emergent_coherence_connection_7716f2,Emergent_boundary_connection_2f9fcd,0.9595962565183527,90806.27,91154.88,True,False
Emergent_coherence_connection_7716f2,Emergent_connection_coupling_1f25cc,0.9275160131620925,90806.27,91178.04,True,False
Emergent_coherence_connection_7716f2,Emergent_connection_contradiction_52dd1b,0.9237496862876486,90806.27,91178.38,True,False
Emergent_coherence_connection_7716f2,Emergent_autonomy_awareness_c0bb96,0.9657736633888265,90806.27,91242.14,True,False
Emergent_coherence_connection_7716f2,Emergent_appears_autonomy_3a9f9f,0.9657736633888265,90806.27,91242.48,True,False
Emergent_coherence_connection_7716f2,Emergent_appears_clarity_60514c,0.9430982848989449,90806.27,91289.65,True,False
Emergent_coherence_connection_7716f2,Emergent_carefully_clarity_42ab71,0.9394245326758763,90806.27,91312.3,True,False
Emergent_coherence_connection_7716f2,Emergent_appears_autonomy_ff3e16,0.9432385633888267,90806.27,91334.61,True,False
Emergent_coherence_connection_7716f2,Emergent_bounded_clarity_ae2623,0.9260885633888267,90806.27,91358.2,True,False
Emergent_coherence_connection_7716f2,Emergent_appears_connection_7bf1ab,0.9161151365067448,90806.27,91379.85,True,False
Emergent_coherence_connection_7716f2,Emergent_connection_dependency_32de27,0.9,90806.27,91449.86,True,False
Emergent_coherence_connection_7716f2,Emergent_appears_bounded_813df2,0.9,90806.27,91450.2,True,False
Emergent_carefully_coherence_19463a,Emergent_autonomy_boundary_346ebd,0.9587224036189623,90806.61,90828.98,True,False
Emergent_carefully_coherence_19463a,Emergent_bounded_coherence_4beae6,0.9584952259565229,90806.61,90882.49,True,False
Emergent_carefully_coherence_19463a,Emergent_bounded_carefully_f79645,0.9585019151573035,90806.61,90882.83,True,False
Emergent_carefully_coherence_19463a,Emergent_awareness_cascade_f662e0,0.9595692266320652,90806.61,90920.25,True,False
Emergent_carefully_coherence_19463a,Emergent_awareness_cascade_5e2b72,0.9594695278403564,90806.61,90939.65,True,False
Emergent_carefully_coherence_19463a,Emergent_autonomy_awareness_135ecc,0.9591284146996961,90806.61,91001.02,True,False
Emergent_carefully_coherence_19463a,Emergent_autonomy_collective_6a047d,0.9552171639399685,90806.61,91024.44,True,False
Emergent_carefully_coherence_19463a,Emergent_carefully_clarity_0d7a6f,0.9574114333835304,90806.61,91046.88,True,False
Emergent_carefully_coherence_19463a,Emergent_clarity_coherence_ea0c30,0.9573990100425358,90806.61,91047.22,True,False
Emergent_carefully_coherence_19463a,Emergent_autonomy_boundary_1c8ce0,0.9605240601359661,90806.61,91070.68,True,False
Emergent_carefully_coherence_19463a,Emergent_coherence_connection_ff8bfe,0.959676634388966,90806.61,91094.72,True,False
Emergent_carefully_coherence_19463a,Emergent_awareness_boundary_884077,0.9584660261789659,90806.61,91115.26,True,False
Emergent_carefully_coherence_19463a,Emergent_boundary_connection_2f9fcd,0.956736585878966,90806.61,91154.88,True,False
Emergent_carefully_coherence_19463a,Emergent_connection_coupling_1f25cc,0.9561841171464294,90806.61,91178.04,True,False
Emergent_carefully_coherence_19463a,Emergent_connection_contradiction_52dd1b,0.9560146209148364,90806.61,91178.38,True,False
Emergent_carefully_coherence_19463a,Emergent_autonomy_awareness_c0bb96,0.9507364868789658,90806.61,91242.14,True,False
Emergent_carefully_coherence_19463a,Emergent_appears_autonomy_3a9f9f,0.9507364868789658,90806.61,91242.48,True,False
Emergent_carefully_coherence_19463a,Emergent_appears_clarity_60514c,0.9384913868789659,90806.61,91289.65,True,False
Emergent_carefully_coherence_19463a,Emergent_carefully_clarity_42ab71,0.9264863868789661,90806.61,91312.3,True,False
Emergent_carefully_coherence_19463a,Emergent_appears_autonomy_ff3e16,0.928201386878966,90806.61,91334.61,True,False
Emergent_carefully_coherence_19463a,Emergent_bounded_clarity_ae2623,0.911051386878966,90806.61,91358.2,True,False
Emergent_carefully_coherence_19463a,Emergent_appears_connection_7bf1ab,0.9135013868789661,90806.61,91379.85,True,False
Emergent_carefully_coherence_19463a,Emergent_connection_dependency_32de27,0.9,90806.61,91449.86,True,False
Emergent_carefully_coherence_19463a,Emergent_appears_bounded_813df2,0.9,90806.61,91450.2,True,False
Emergent_autonomy_boundary_346ebd,Emergent_bounded_coherence_4beae6,0.963205096730174,90828.98,90882.49,True,False
Emergent_autonomy_boundary_346ebd,Emergent_bounded_carefully_f79645,0.9699769741086144,90828.98,90882.83,True,False
Emergent_autonomy_boundary_346ebd,Emergent_awareness_cascade_f662e0,0.955637853510116,90828.98,90920.25,True,False
Emergent_autonomy_boundary_346ebd,Emergent_awareness_cascade_5e2b72,0.9661477156327625,90828.98,90939.65,True,False
Emergent_autonomy_boundary_346ebd,Emergent_autonomy_awareness_135ecc,0.9704139503117528,90828.98,91001.02,True,False
Emergent_autonomy_boundary_346ebd,Emergent_autonomy_collective_6a047d,0.9586525076834869,90828.98,91024.44,True,False
Emergent_autonomy_boundary_346ebd,Emergent_carefully_clarity_0d7a6f,0.9563233944023202,90828.98,91046.88,True,False
Emergent_autonomy_boundary_346ebd,Emergent_clarity_coherence_ea0c30,0.9542698425298408,90828.98,91047.22,True,False
Emergent_autonomy_boundary_346ebd,Emergent_autonomy_boundary_1c8ce0,0.9617781904942893,90828.98,91070.68,True,False
Emergent_autonomy_boundary_346ebd,Emergent_coherence_connection_ff8bfe,0.9654579393532188,90828.98,91094.72,True,False
Emergent_autonomy_boundary_346ebd,Emergent_awareness_boundary_884077,0.9570488837359012,90828.98,91115.26,True,False
Emergent_autonomy_boundary_346ebd,Emergent_boundary_connection_2f9fcd,0.9669606416047309,90828.98,91154.88,True,False
Emergent_autonomy_boundary_346ebd,Emergent_connection_coupling_1f25cc,0.9362225093331749,90828.98,91178.04,True,False
Emergent_autonomy_boundary_346ebd,Emergent_connection_contradiction_52dd1b,0.9237496862876486,90828.98,91178.38,True,False
Emergent_autonomy_boundary_346ebd,Emergent_autonomy_awareness_c0bb96,0.9657740924526206,90828.98,91242.14,True,False
Emergent_autonomy_boundary_346ebd,Emergent_appears_autonomy_3a9f9f,0.9740021414381239,90828.98,91242.48,True,False
Emergent_autonomy_boundary_346ebd,Emergent_appears_clarity_60514c,0.9430982848989449,90828.98,91289.65,True,False
Emergent_autonomy_boundary_346ebd,Emergent_carefully_clarity_42ab71,0.9394245326758763,90828.98,91312.3,True,False
Emergent_autonomy_boundary_346ebd,Emergent_appears_autonomy_ff3e16,0.9462065916025957,90828.98,91334.61,True,False
Emergent_autonomy_boundary_346ebd,Emergent_bounded_clarity_ae2623,0.9343744173365411,90828.98,91358.2,True,False
Emergent_autonomy_boundary_346ebd,Emergent_appears_connection_7bf1ab,0.9161151365067448,90828.98,91379.85,True,False
Emergent_autonomy_boundary_346ebd,Emergent_connection_dependency_32de27,0.9,90828.98,91449.86,True,False
Emergent_autonomy_boundary_346ebd,Emergent_appears_bounded_813df2,0.9,90828.98,91450.2,True,False
Emergent_bounded_coherence_4beae6,Emergent_bounded_carefully_f79645,0.9631717829183517,90882.49,90882.83,True,False
Emergent_bounded_coherence_4beae6,Emergent_awareness_cascade_f662e0,0.9555824538699085,90882.49,90920.25,True,False
Emergent_bounded_coherence_4beae6,Emergent_awareness_cascade_5e2b72,0.9639222735921626,90882.49,90939.65,True,False
Emergent_bounded_coherence_4beae6,Emergent_autonomy_awareness_135ecc,0.9636550015089165,90882.49,91001.02,True,False
Emergent_bounded_coherence_4beae6,Emergent_autonomy_collective_6a047d,0.9586525076834869,90882.49,91024.44,True,False
Emergent_bounded_coherence_4beae6,Emergent_carefully_clarity_0d7a6f,0.9563233944023202,90882.49,91046.88,True,False
Emergent_bounded_coherence_4beae6,Emergent_clarity_coherence_ea0c30,0.9542698425298408,90882.49,91047.22,True,False
Emergent_bounded_coherence_4beae6,Emergent_autonomy_boundary_1c8ce0,0.9617781904942893,90882.49,91070.68,True,False
Emergent_bounded_coherence_4beae6,Emergent_coherence_connection_ff8bfe,0.9637411019863893,90882.49,91094.72,True,False
Emergent_bounded_coherence_4beae6,Emergent_awareness_boundary_884077,0.9570488837359012,90882.49,91115.26,True,False
Emergent_bounded_coherence_4beae6,Emergent_boundary_connection_2f9fcd,0.9613980372377664,90882.49,91154.88,True,False
Emergent_bounded_coherence_4beae6,Emergent_connection_coupling_1f25cc,0.9293756731188214,90882.49,91178.04,True,False
Emergent_bounded_coherence_4beae6,Emergent_connection_contradiction_52dd1b,0.9237496862876486,90882.49,91178.38,True,False
Emergent_bounded_coherence_4beae6,Emergent_autonomy_awareness_c0bb96,0.9657740924526206,90882.49,91242.14,True,False
Emergent_bounded_coherence_4beae6,Emergent_appears_autonomy_3a9f9f,0.9675434764675996,90882.49,91242.48,True,False
Emergent_bounded_coherence_4beae6,Emergent_appears_clarity_60514c,0.9430982848989449,90882.49,91289.65,True,False
Emergent_bounded_coherence_4beae6,Emergent_carefully_clarity_42ab71,0.9394245326758763,90882.49,91312.3,True,False
Emergent_bounded_coherence_4beae6,Emergent_appears_autonomy_ff3e16,0.9450083764675996,90882.49,91334.61,True,False
Emergent_bounded_coherence_4beae6,Emergent_bounded_clarity_ae2623,0.9278583764675996,90882.49,91358.2,True,False
Emergent_bounded_coherence_4beae6,Emergent_appears_connection_7bf1ab,0.9161151365067448,90882.49,91379.85,True,False
Emergent_bounded_coherence_4beae6,Emergent_connection_dependency_32de27,0.9,90882.49,91449.86,True,False
Emergent_bounded_coherence_4beae6,Emergent_appears_bounded_813df2,0.9,90882.49,91450.2,True,False
Emergent_bounded_carefully_f79645,Emergent_awareness_cascade_f662e0,0.9555938763715142,90882.83,90920.25,True,False
Emergent_bounded_carefully_f79645,Emergent_awareness_cascade_5e2b72,0.9661477156327625,90882.83,90939.65,True,False
Emergent_bounded_carefully_f79645,Emergent_autonomy_awareness_135ecc,0.9729438694122055,90882.83,91001.02,True,False
Emergent_bounded_carefully_f79645,Emergent_autonomy_collective_6a047d,0.9586525076834869,90882.83,91024.44,True,False
Emergent_bounded_carefully_f79645,Emergent_carefully_clarity_0d7a6f,0.9563233944023202,90882.83,91046.88,True,False
Emergent_bounded_carefully_f79645,Emergent_clarity_coherence_ea0c30,0.9542698425298408,90882.83,91047.22,True,False
Emergent_bounded_carefully_f79645,Emergent_autonomy_boundary_1c8ce0,0.9617781904942893,90882.83,91070.68,True,False
Emergent_bounded_carefully_f79645,Emergent_coherence_connection_ff8bfe,0.9654579393532188,90882.83,91094.72,True,False
Emergent_bounded_carefully_f79645,Emergent_awareness_boundary_884077,0.9570488837359012,90882.83,91115.26,True,False
Emergent_bounded_carefully_f79645,Emergent_boundary_connection_2f9fcd,0.9669606416047309,90882.83,91154.88,True,False
Emergent_bounded_carefully_f79645,Emergent_connection_coupling_1f25cc,0.9365673018072247,90882.83,91178.04,True,False
Emergent_bounded_carefully_f79645,Emergent_connection_contradiction_52dd1b,0.9237496862876486,90882.83,91178.38,True,False
Emergent_bounded_carefully_f79645,Emergent_autonomy_awareness_c0bb96,0.9657740924526206,90882.83,91242.14,True,False
Emergent_bounded_carefully_f79645,Emergent_appears_autonomy_3a9f9f,0.9740021414381239,90882.83,91242.48,True,False
Emergent_bounded_carefully_f79645,Emergent_appears_clarity_60514c,0.9430982848989449,90882.83,91289.65,True,False
Emergent_bounded_carefully_f79645,Emergent_carefully_clarity_42ab71,0.9394245326758763,90882.83,91312.3,True,False
Emergent_bounded_carefully_f79645,Emergent_appears_autonomy_ff3e16,0.9462065916025957,90882.83,91334.61,True,False
Emergent_bounded_carefully_f79645,Emergent_bounded_clarity_ae2623,0.939310416828445,90882.83,91358.2,True,False
Emergent_bounded_carefully_f79645,Emergent_appears_connection_7bf1ab,0.9161151365067448,90882.83,91379.85,True,False
Emergent_bounded_carefully_f79645,Emergent_connection_dependency_32de27,0.9,90882.83,91449.86,True,False
Emergent_bounded_carefully_f79645,Emergent_appears_bounded_813df2,0.9,90882.83,91450.2,True,False
Emergent_awareness_cascade_f662e0,Emergent_awareness_cascade_5e2b72,0.9555680643559197,90920.25,90939.65,True,False
Emergent_awareness_cascade_f662e0,Emergent_autonomy_awareness_135ecc,0.9553018619706304,90920.25,91001.02,True,False
Emergent_awareness_cascade_f662e0,Emergent_autonomy_collective_6a047d,0.9586525076834869,90920.25,91024.44,True,False
Emergent_awareness_cascade_f662e0,Emergent_carefully_clarity_0d7a6f,0.954255817141767,90920.25,91046.88,True,False
Emergent_awareness_cascade_f662e0,Emergent_clarity_coherence_ea0c30,0.9542466794837565,90920.25,91047.22,True,False
Emergent_awareness_cascade_f662e0,Emergent_autonomy_boundary_1c8ce0,0.9561237787387511,90920.25,91070.68,True,False
Emergent_awareness_cascade_f662e0,Emergent_coherence_connection_ff8bfe,0.9555305807158512,90920.25,91094.72,True,False
Emergent_awareness_cascade_f662e0,Emergent_awareness_boundary_884077,0.9546831549688513,90920.25,91115.26,True,False
Emergent_awareness_cascade_f662e0,Emergent_boundary_connection_2f9fcd,0.9531996408159047,90920.25,91154.88,True,False
Emergent_awareness_cascade_f662e0,Emergent_connection_coupling_1f25cc,0.9209139167181386,90920.25,91178.04,True,False
Emergent_awareness_cascade_f662e0,Emergent_connection_contradiction_52dd1b,0.9208387347128191,90920.25,91178.38,True,False
Emergent_awareness_cascade_f662e0,Emergent_autonomy_awareness_c0bb96,0.9594905380295091,90920.25,91242.14,True,False
Emergent_awareness_cascade_f662e0,Emergent_appears_autonomy_3a9f9f,0.9594905380295091,90920.25,91242.48,True,False
Emergent_awareness_cascade_f662e0,Emergent_appears_clarity_60514c,0.9430982848989449,90920.25,91289.65,True,False
Emergent_awareness_cascade_f662e0,Emergent_carefully_clarity_42ab71,0.9352404380295094,90920.25,91312.3,True,False
Emergent_awareness_cascade_f662e0,Emergent_appears_autonomy_ff3e16,0.9369554380295093,90920.25,91334.61,True,False
Emergent_awareness_cascade_f662e0,Emergent_bounded_clarity_ae2623,0.9198054380295093,90920.25,91358.2,True,False
Emergent_awareness_cascade_f662e0,Emergent_appears_connection_7bf1ab,0.9161151365067448,90920.25,91379.85,True,False
Emergent_awareness_cascade_f662e0,Emergent_connection_dependency_32de27,0.9,90920.25,91449.86,True,False
Emergent_awareness_cascade_f662e0,Emergent_appears_bounded_813df2,0.9,90920.25,91450.2,True,False
Emergent_awareness_cascade_5e2b72,Emergent_autonomy_awareness_135ecc,0.9658801585972563,90939.65,91001.02,True,False
Emergent_awareness_cascade_5e2b72,Emergent_autonomy_collective_6a047d,0.9586525076834869,90939.65,91024.44,True,False
Emergent_awareness_cascade_5e2b72,Emergent_carefully_clarity_0d7a6f,0.9563233944023202,90939.65,91046.88,True,False
Emergent_awareness_cascade_5e2b72,Emergent_clarity_coherence_ea0c30,0.9542698425298408,90939.65,91047.22,True,False
Emergent_awareness_cascade_5e2b72,Emergent_autonomy_boundary_1c8ce0,0.9617781904942893,90939.65,91070.68,True,False
Emergent_awareness_cascade_5e2b72,Emergent_coherence_connection_ff8bfe,0.9654579393532188,90939.65,91094.72,True,False
Emergent_awareness_cascade_5e2b72,Emergent_awareness_boundary_884077,0.9570488837359012,90939.65,91115.26,True,False
Emergent_awareness_cascade_5e2b72,Emergent_boundary_connection_2f9fcd,0.9635819729696558,90939.65,91154.88,True,False
Emergent_awareness_cascade_5e2b72,Emergent_connection_coupling_1f25cc,0.9316297641882307,90939.65,91178.04,True,False
Emergent_awareness_cascade_5e2b72,Emergent_connection_contradiction_52dd1b,0.9237496862876486,90939.65,91178.38,True,False
Emergent_awareness_cascade_5e2b72,Emergent_autonomy_awareness_c0bb96,0.9657740924526206,90939.65,91242.14,True,False
Emergent_awareness_cascade_5e2b72,Emergent_appears_autonomy_3a9f9f,0.9696886642697844,90939.65,91242.48,True,False
Emergent_awareness_cascade_5e2b72,Emergent_appears_clarity_60514c,0.9430982848989449,90939.65,91289.65,True,False
Emergent_awareness_cascade_5e2b72,Emergent_carefully_clarity_42ab71,0.9394245326758763,90939.65,91312.3,True,False
Emergent_awareness_cascade_5e2b72,Emergent_appears_autonomy_ff3e16,0.9462065916025957,90939.65,91334.61,True,False
Emergent_awareness_cascade_5e2b72,Emergent_bounded_clarity_ae2623,0.9300035642697846,90939.65,91358.2,True,False
Emergent_awareness_cascade_5e2b72,Emergent_appears_connection_7bf1ab,0.9161151365067448,90939.65,91379.85,True,False
Emergent_awareness_cascade_5e2b72,Emergent_connection_dependency_32de27,0.9,90939.65,91449.86,True,False
Emergent_awareness_cascade_5e2b72,Emergent_appears_bounded_813df2,0.9,90939.65,91450.2,True,False
Emergent_autonomy_awareness_135ecc,Emergent_autonomy_collective_6a047d,0.958541300366692,91001.02,91024.44,True,False
Emergent_autonomy_awareness_135ecc,Emergent_carefully_clarity_0d7a6f,0.9563233944023202,91001.02,91046.88,True,False
Emergent_autonomy_awareness_135ecc,Emergent_clarity_coherence_ea0c30,0.9542698425298408,91001.02,91047.22,True,False
Emergent_autonomy_awareness_135ecc,Emergent_autonomy_boundary_1c8ce0,0.9617781904942893,91001.02,91070.68,True,False
Emergent_autonomy_awareness_135ecc,Emergent_coherence_connection_ff8bfe,0.9654579393532188,91001.02,91094.72,True,False
Emergent_autonomy_awareness_135ecc,Emergent_awareness_boundary_884077,0.9570488837359012,91001.02,91115.26,True,False
Emergent_autonomy_awareness_135ecc,Emergent_boundary_connection_2f9fcd,0.9669606416047309,91001.02,91154.88,True,False
Emergent_autonomy_awareness_135ecc,Emergent_connection_coupling_1f25cc,0.9365673018072247,91001.02,91178.04,True,False
Emergent_autonomy_awareness_135ecc,Emergent_connection_contradiction_52dd1b,0.9237496862876486,91001.02,91178.38,True,False
Emergent_autonomy_awareness_135ecc,Emergent_autonomy_awareness_c0bb96,0.9657740924526206,91001.02,91242.14,True,False
Emergent_autonomy_awareness_135ecc,Emergent_appears_autonomy_3a9f9f,0.9740021414381239,91001.02,91242.48,True,False
Emergent_autonomy_awareness_135ecc,Emergent_appears_clarity_60514c,0.9430982848989449,91001.02,91289.65,True,False
Emergent_autonomy_awareness_135ecc,Emergent_carefully_clarity_42ab71,0.9394245326758763,91001.02,91312.3,True,False
Emergent_autonomy_awareness_135ecc,Emergent_appears_autonomy_ff3e16,0.9462065916025957,91001.02,91334.61,True,False
Emergent_autonomy_awareness_135ecc,Emergent_bounded_clarity_ae2623,0.9368134143957805,91001.02,91358.2,True,False
Emergent_autonomy_awareness_135ecc,Emergent_appears_connection_7bf1ab,0.9161151365067448,91001.02,91379.85,True,False
Emergent_autonomy_awareness_135ecc,Emergent_connection_dependency_32de27,0.9,91001.02,91449.86,True,False
Emergent_autonomy_awareness_135ecc,Emergent_appears_bounded_813df2,0.9,91001.02,91450.2,True,False
Emergent_autonomy_collective_6a047d,Emergent_carefully_clarity_0d7a6f,0.9601521416094816,91024.44,91046.88,True,False
Emergent_autonomy_collective_6a047d,Emergent_clarity_coherence_ea0c30,0.9601394799192413,91024.44,91047.22,True,False
Emergent_autonomy_collective_6a047d,Emergent_autonomy_boundary_1c8ce0,0.9638336026701879,91024.44,91070.68,True,False
Emergent_autonomy_collective_6a047d,Emergent_coherence_connection_ff8bfe,0.962986176923188,91024.44,91094.72,True,False
Emergent_autonomy_collective_6a047d,Emergent_awareness_boundary_884077,0.9617755687131879,91024.44,91115.26,True,False
Emergent_autonomy_collective_6a047d,Emergent_boundary_connection_2f9fcd,0.9600461284131878,91024.44,91154.88,True,False
Emergent_autonomy_collective_6a047d,Emergent_connection_coupling_1f25cc,0.9594936596806514,91024.44,91178.04,True,False
Emergent_autonomy_collective_6a047d,Emergent_connection_contradiction_52dd1b,0.9593241634490584,91024.44,91178.38,True,False
Emergent_autonomy_collective_6a047d,Emergent_autonomy_awareness_c0bb96,0.9540460294131878,91024.44,91242.14,True,False
Emergent_autonomy_collective_6a047d,Emergent_appears_autonomy_3a9f9f,0.9540460294131878,91024.44,91242.48,True,False
Emergent_autonomy_collective_6a047d,Emergent_appears_clarity_60514c,0.9418009294131879,91024.44,91289.65,True,False
Emergent_autonomy_collective_6a047d,Emergent_carefully_clarity_42ab71,0.9297959294131879,91024.44,91312.3,True,False
Emergent_autonomy_collective_6a047d,Emergent_appears_autonomy_ff3e16,0.931510929413188,91024.44,91334.61,True,False
Emergent_autonomy_collective_6a047d,Emergent_bounded_clarity_ae2623,0.914360929413188,91024.44,91358.2,True,False
Emergent_autonomy_collective_6a047d,Emergent_appears_connection_7bf1ab,0.9161151365067448,91024.44,91379.85,True,False
Emergent_autonomy_collective_6a047d,Emergent_connection_dependency_32de27,0.9,91024.44,91449.86,True,False
Emergent_autonomy_collective_6a047d,Emergent_appears_bounded_813df2,0.9,91024.44,91450.2,True,False
Emergent_carefully_clarity_0d7a6f,Emergent_clarity_coherence_ea0c30,0.9532761170226829,91046.88,91047.22,True,False
Emergent_carefully_clarity_0d7a6f,Emergent_autonomy_boundary_1c8ce0,0.9581217645715654,91046.88,91070.68,True,False
Emergent_carefully_clarity_0d7a6f,Emergent_coherence_connection_ff8bfe,0.9575285665486652,91046.88,91094.72,True,False
Emergent_carefully_clarity_0d7a6f,Emergent_awareness_boundary_884077,0.9566811408016653,91046.88,91115.26,True,False
Emergent_carefully_clarity_0d7a6f,Emergent_boundary_connection_2f9fcd,0.9551946761325358,91046.88,91154.88,True,False
Emergent_carefully_clarity_0d7a6f,Emergent_connection_coupling_1f25cc,0.9229730392576483,91046.88,91178.04,True,False
Emergent_carefully_clarity_0d7a6f,Emergent_connection_contradiction_52dd1b,0.9228975941752029,91046.88,91178.38,True,False
Emergent_carefully_clarity_0d7a6f,Emergent_autonomy_awareness_c0bb96,0.961450176934479,91046.88,91242.14,True,False
Emergent_carefully_clarity_0d7a6f,Emergent_appears_autonomy_3a9f9f,0.961450176934479,91046.88,91242.48,True,False
Emergent_carefully_clarity_0d7a6f,Emergent_appears_clarity_60514c,0.9430982848989449,91046.88,91289.65,True,False
Emergent_carefully_clarity_0d7a6f,Emergent_carefully_clarity_42ab71,0.937200076934479,91046.88,91312.3,True,False
Emergent_carefully_clarity_0d7a6f,Emergent_appears_autonomy_ff3e16,0.9389150769344792,91046.88,91334.61,True,False
Emergent_carefully_clarity_0d7a6f,Emergent_bounded_clarity_ae2623,0.9217650769344792,91046.88,91358.2,True,False
Emergent_carefully_clarity_0d7a6f,Emergent_appears_connection_7bf1ab,0.9161151365067448,91046.88,91379.85,True,False
Emergent_carefully_clarity_0d7a6f,Emergent_connection_dependency_32de27,0.9,91046.88,91449.86,True,False
Emergent_carefully_clarity_0d7a6f,Emergent_appears_bounded_813df2,0.9,91046.88,91450.2,True,False
Emergent_clarity_coherence_ea0c30,Emergent_autonomy_boundary_1c8ce0,0.9561461632223702,91047.22,91070.68,True,False
Emergent_clarity_coherence_ea0c30,Emergent_coherence_connection_ff8bfe,0.9555529651994701,91047.22,91094.72,True,False
Emergent_clarity_coherence_ea0c30,Emergent_awareness_boundary_884077,0.9547055394524702,91047.22,91115.26,True,False
Emergent_clarity_coherence_ea0c30,Emergent_boundary_connection_2f9fcd,0.9532219922433429,91047.22,91154.88,True,False
Emergent_clarity_coherence_ea0c30,Emergent_connection_coupling_1f25cc,0.9209369861483607,91047.22,91178.04,True,False
Emergent_clarity_coherence_ea0c30,Emergent_connection_contradiction_52dd1b,0.9208618011956502,91047.22,91178.38,True,False
Emergent_clarity_coherence_ea0c30,Emergent_autonomy_awareness_c0bb96,0.9595124928923753,91047.22,91242.14,True,False
Emergent_clarity_coherence_ea0c30,Emergent_appears_autonomy_3a9f9f,0.9595124928923753,91047.22,91242.48,True,False
Emergent_clarity_coherence_ea0c30,Emergent_appears_clarity_60514c,0.9430982848989449,91047.22,91289.65,True,False
Emergent_clarity_coherence_ea0c30,Emergent_carefully_clarity_42ab71,0.9352623928923751,91047.22,91312.3,True,False
Emergent_clarity_coherence_ea0c30,Emergent_appears_autonomy_ff3e16,0.9369773928923752,91047.22,91334.61,True,False
Emergent_clarity_coherence_ea0c30,Emergent_bounded_clarity_ae2623,0.9198273928923753,91047.22,91358.2,True,False
Emergent_clarity_coherence_ea0c30,Emergent_appears_connection_7bf1ab,0.9161151365067448,91047.22,91379.85,True,False
Emergent_clarity_coherence_ea0c30,Emergent_connection_dependency_32de27,0.9,91047.22,91449.86,True,False
Emergent_clarity_coherence_ea0c30,Emergent_appears_bounded_813df2,0.9,91047.22,91450.2,True,False
Emergent_autonomy_boundary_1c8ce0,Emergent_coherence_connection_ff8bfe,0.9611849924713891,91070.68,91094.72,True,False
Emergent_autonomy_boundary_1c8ce0,Emergent_awareness_boundary_884077,0.9570488837359012,91070.68,91115.26,True,False
Emergent_autonomy_boundary_1c8ce0,Emergent_boundary_connection_2f9fcd,0.9588457024454724,91070.68,91154.88,True,False
Emergent_autonomy_boundary_1c8ce0,Emergent_connection_coupling_1f25cc,0.9267413487761014,91070.68,91178.04,True,False
Emergent_autonomy_boundary_1c8ce0,Emergent_connection_contradiction_52dd1b,0.9237496862876486,91070.68,91178.38,True,False
Emergent_autonomy_boundary_1c8ce0,Emergent_autonomy_awareness_c0bb96,0.9650364258325594,91070.68,91242.14,True,False
Emergent_autonomy_boundary_1c8ce0,Emergent_appears_autonomy_3a9f9f,0.9650364258325594,91070.68,91242.48,True,False
Emergent_autonomy_boundary_1c8ce0,Emergent_appears_clarity_60514c,0.9430982848989449,91070.68,91289.65,True,False
Emergent_autonomy_boundary_1c8ce0,Emergent_carefully_clarity_42ab71,0.9394245326758763,91070.68,91312.3,True,False
Emergent_autonomy_boundary_1c8ce0,Emergent_appears_autonomy_ff3e16,0.9425013258325596,91070.68,91334.61,True,False
Emergent_autonomy_boundary_1c8ce0,Emergent_bounded_clarity_ae2623,0.9253513258325596,91070.68,91358.2,True,False
Emergent_autonomy_boundary_1c8ce0,Emergent_appears_connection_7bf1ab,0.9161151365067448,91070.68,91379.85,True,False
Emergent_autonomy_boundary_1c8ce0,Emergent_connection_dependency_32de27,0.9,91070.68,91449.86,True,False
Emergent_autonomy_boundary_1c8ce0,Emergent_appears_bounded_813df2,0.9,91070.68,91450.2,True,False
Emergent_coherence_connection_ff8bfe,Emergent_awareness_boundary_884077,0.9570488837359012,91094.72,91115.26,True,False
Emergent_coherence_connection_ff8bfe,Emergent_boundary_connection_2f9fcd,0.9631123392730876,91094.72,91154.88,True,False
Emergent_coherence_connection_ff8bfe,Emergent_connection_coupling_1f25cc,0.931145044282846,91094.72,91178.04,True,False
Emergent_coherence_connection_ff8bfe,Emergent_connection_contradiction_52dd1b,0.9237496862876486,91094.72,91178.38,True,False
Emergent_coherence_connection_ff8bfe,Emergent_autonomy_awareness_c0bb96,0.9657740924526206,91094.72,91242.14,True,False
Emergent_coherence_connection_ff8bfe,Emergent_appears_autonomy_3a9f9f,0.9692273629308017,91094.72,91242.48,True,False
Emergent_coherence_connection_ff8bfe,Emergent_appears_clarity_60514c,0.9430982848989449,91094.72,91289.65,True,False
Emergent_coherence_connection_ff8bfe,Emergent_carefully_clarity_42ab71,0.9394245326758763,91094.72,91312.3,True,False
Emergent_coherence_connection_ff8bfe,Emergent_appears_autonomy_ff3e16,0.9462065916025957,91094.72,91334.61,True,False
Emergent_coherence_connection_ff8bfe,Emergent_bounded_clarity_ae2623,0.9295422629308017,91094.72,91358.2,True,False
Emergent_coherence_connection_ff8bfe,Emergent_appears_connection_7bf1ab,0.9161151365067448,91094.72,91379.85,True,False
Emergent_coherence_connection_ff8bfe,Emergent_connection_dependency_32de27,0.9,91094.72,91449.86,True,False
Emergent_coherence_connection_ff8bfe,Emergent_appears_bounded_813df2,0.9,91094.72,91450.2,True,False
Emergent_awareness_boundary_884077,Emergent_boundary_connection_2f9fcd,0.9555618760041229,91115.26,91154.88,True,False
Emergent_awareness_boundary_884077,Emergent_connection_coupling_1f25cc,0.9233520348201762,91115.26,91178.04,True,False
Emergent_awareness_boundary_884077,Emergent_connection_contradiction_52dd1b,0.9232765413165898,91115.26,91178.38,True,False
Emergent_awareness_boundary_884077,Emergent_autonomy_awareness_c0bb96,0.9618108618548229,91115.26,91242.14,True,False
Emergent_awareness_boundary_884077,Emergent_appears_autonomy_3a9f9f,0.9618108618548229,91115.26,91242.48,True,False
Emergent_awareness_boundary_884077,Emergent_appears_clarity_60514c,0.9430982848989449,91115.26,91289.65,True,False
Emergent_awareness_boundary_884077,Emergent_carefully_clarity_42ab71,0.937560761854823,91115.26,91312.3,True,False
Emergent_awareness_boundary_884077,Emergent_appears_autonomy_ff3e16,0.9392757618548231,91115.26,91334.61,True,False
Emergent_awareness_boundary_884077,Emergent_bounded_clarity_ae2623,0.9221257618548231,91115.26,91358.2,True,False
Emergent_awareness_boundary_884077,Emergent_appears_connection_7bf1ab,0.9161151365067448,91115.26,91379.85,True,False
Emergent_awareness_boundary_884077,Emergent_connection_dependency_32de27,0.9,91115.26,91449.86,True,False
Emergent_awareness_boundary_884077,Emergent_appears_bounded_813df2,0.9,91115.26,91450.2,True,False
Emergent_boundary_connection_2f9fcd,Emergent_connection_coupling_1f25cc,0.9341394420197677,91154.88,91178.04,True,False
Emergent_boundary_connection_2f9fcd,Emergent_connection_contradiction_52dd1b,0.9228260943619109,91154.88,91178.38,True,False
Emergent_boundary_connection_2f9fcd,Emergent_autonomy_awareness_c0bb96,0.9657740924526206,91154.88,91242.14,True,False
Emergent_boundary_connection_2f9fcd,Emergent_appears_autonomy_3a9f9f,0.9730073877275103,91154.88,91242.48,True,False
Emergent_boundary_connection_2f9fcd,Emergent_appears_clarity_60514c,0.9430982848989449,91154.88,91289.65,True,False
Emergent_boundary_connection_2f9fcd,Emergent_carefully_clarity_42ab71,0.9394245326758763,91154.88,91312.3,True,False
Emergent_boundary_connection_2f9fcd,Emergent_appears_autonomy_ff3e16,0.9462065916025957,91154.88,91334.61,True,False
Emergent_boundary_connection_2f9fcd,Emergent_bounded_clarity_ae2623,0.9333222877275105,91154.88,91358.2,True,False
Emergent_boundary_connection_2f9fcd,Emergent_appears_connection_7bf1ab,0.9161151365067448,91154.88,91379.85,True,False
Emergent_boundary_connection_2f9fcd,Emergent_connection_dependency_32de27,0.9,91154.88,91449.86,True,False
Emergent_boundary_connection_2f9fcd,Emergent_appears_bounded_813df2,0.9,91154.88,91450.2,True,False
Emergent_connection_coupling_1f25cc,Emergent_connection_contradiction_52dd1b,0.9191931986794513,91178.04,91178.38,True,False
Emergent_connection_coupling_1f25cc,Emergent_autonomy_awareness_c0bb96,0.9657740924526206,91178.04,91242.14,True,False
Emergent_connection_coupling_1f25cc,Emergent_appears_autonomy_3a9f9f,0.9740021414381239,91178.04,91242.48,True,False
Emergent_connection_coupling_1f25cc,Emergent_appears_clarity_60514c,0.9430982848989449,91178.04,91289.65,True,False
Emergent_connection_coupling_1f25cc,Emergent_carefully_clarity_42ab71,0.9394245326758763,91178.04,91312.3,True,False
Emergent_connection_coupling_1f25cc,Emergent_appears_autonomy_ff3e16,0.9462065916025957,91178.04,91334.61,True,False
Emergent_connection_coupling_1f25cc,Emergent_bounded_clarity_ae2623,0.9347025516429386,91178.04,91358.2,True,False
Emergent_connection_coupling_1f25cc,Emergent_appears_connection_7bf1ab,0.9161151365067448,91178.04,91379.85,True,False
Emergent_connection_coupling_1f25cc,Emergent_connection_dependency_32de27,0.9,91178.04,91449.86,True,False
Emergent_connection_coupling_1f25cc,Emergent_appears_bounded_813df2,0.9,91178.04,91450.2,True,False
Emergent_connection_contradiction_52dd1b,Emergent_autonomy_awareness_c0bb96,0.9622612050229302,91178.38,91242.14,True,False
Emergent_connection_contradiction_52dd1b,Emergent_appears_autonomy_3a9f9f,0.9622612050229302,91178.38,91242.48,True,False
Emergent_connection_contradiction_52dd1b,Emergent_appears_clarity_60514c,0.9430982848989449,91178.38,91289.65,True,False
Emergent_connection_contradiction_52dd1b,Emergent_carefully_clarity_42ab71,0.9380111050229303,91178.38,91312.3,True,False
Emergent_connection_contradiction_52dd1b,Emergent_appears_autonomy_ff3e16,0.9397261050229304,91178.38,91334.61,True,False
Emergent_connection_contradiction_52dd1b,Emergent_bounded_clarity_ae2623,0.9225761050229304,91178.38,91358.2,True,False
Emergent_connection_contradiction_52dd1b,Emergent_appears_connection_7bf1ab,0.9161151365067448,91178.38,91379.85,True,False
Emergent_connection_contradiction_52dd1b,Emergent_connection_dependency_32de27,0.9,91178.38,91449.86,True,False
Emergent_connection_contradiction_52dd1b,Emergent_appears_bounded_813df2,0.9,91178.38,91450.2,True,False
Emergent_autonomy_awareness_c0bb96,Emergent_appears_autonomy_3a9f9f,0.9540091924526206,91242.14,91242.48,True,False
Emergent_autonomy_awareness_c0bb96,Emergent_appears_clarity_60514c,0.9430982848989449,91242.14,91289.65,True,False
Emergent_autonomy_awareness_c0bb96,Emergent_carefully_clarity_42ab71,0.9394245326758763,91242.14,91312.3,True,False
Emergent_autonomy_awareness_c0bb96,Emergent_appears_autonomy_ff3e16,0.9432389924526208,91242.14,91334.61,True,False
Emergent_autonomy_awareness_c0bb96,Emergent_bounded_clarity_ae2623,0.9260889924526208,91242.14,91358.2,True,False
Emergent_autonomy_awareness_c0bb96,Emergent_appears_connection_7bf1ab,0.9161151365067448,91242.14,91379.85,True,False
Emergent_autonomy_awareness_c0bb96,Emergent_connection_dependency_32de27,0.9,91242.14,91449.86,True,False
Emergent_autonomy_awareness_c0bb96,Emergent_appears_bounded_813df2,0.9,91242.14,91450.2,True,False
Emergent_appears_autonomy_3a9f9f,Emergent_appears_clarity_60514c,0.9430982848989449,91242.48,91289.65,True,False
Emergent_appears_autonomy_3a9f9f,Emergent_carefully_clarity_42ab71,0.9394245326758763,91242.48,91312.3,True,False
Emergent_appears_autonomy_3a9f9f,Emergent_appears_autonomy_ff3e16,0.9462065916025957,91242.48,91334.61,True,False
Emergent_appears_autonomy_3a9f9f,Emergent_bounded_clarity_ae2623,0.9343170414381239,91242.48,91358.2,True,False
Emergent_appears_autonomy_3a9f9f,Emergent_appears_connection_7bf1ab,0.9161151365067448,91242.48,91379.85,True,False
Emergent_appears_autonomy_3a9f9f,Emergent_connection_dependency_32de27,0.9,91242.48,91449.86,True,False
Emergent_appears_autonomy_3a9f9f,Emergent_appears_bounded_813df2,0.9,91242.48,91450.2,True,False
Emergent_appears_clarity_60514c,Emergent_carefully_clarity_42ab71,0.9310932848989448,91289.65,91312.3,True,False
Emergent_appears_clarity_60514c,Emergent_appears_autonomy_ff3e16,0.932808284898945,91289.65,91334.61,True,False
Emergent_appears_clarity_60514c,Emergent_bounded_clarity_ae2623,0.915658284898945,91289.65,91358.2,True,False
Emergent_appears_clarity_60514c,Emergent_appears_connection_7bf1ab,0.9161151365067448,91289.65,91379.85,True,False
Emergent_appears_clarity_60514c,Emergent_connection_dependency_32de27,0.9,91289.65,91449.86,True,False
Emergent_appears_clarity_60514c,Emergent_appears_bounded_813df2,0.9,91289.65,91450.2,True,False
Emergent_carefully_clarity_42ab71,Emergent_appears_autonomy_ff3e16,0.9051245326758763,91312.3,91334.61,True,False
Emergent_carefully_clarity_42ab71,Emergent_bounded_clarity_ae2623,0.9239895326758762,91312.3,91358.2,True,False
Emergent_carefully_clarity_42ab71,Emergent_appears_connection_7bf1ab,0.9161151365067448,91312.3,91379.85,True,False
Emergent_carefully_clarity_42ab71,Emergent_connection_dependency_32de27,0.9,91312.3,91449.86,True,False
Emergent_carefully_clarity_42ab71,Emergent_appears_bounded_813df2,0.9,91312.3,91450.2,True,False
Emergent_appears_autonomy_ff3e16,Emergent_bounded_clarity_ae2623,0.9290565916025957,91334.61,91358.2,True,False
Emergent_appears_autonomy_ff3e16,Emergent_appears_connection_7bf1ab,0.9161151365067448,91334.61,91379.85,True,False
Emergent_appears_autonomy_ff3e16,Emergent_connection_dependency_32de27,0.9,91334.61,91449.86,True,False
Emergent_appears_autonomy_ff3e16,Emergent_appears_bounded_813df2,0.9,91334.61,91450.2,True,False
Emergent_bounded_clarity_ae2623,Emergent_appears_connection_7bf1ab,0.8646651365067448,91358.2,91379.85,True,False
Emergent_bounded_clarity_ae2623,Emergent_connection_dependency_32de27,0.9,91358.2,91449.86,True,False
Emergent_bounded_clarity_ae2623,Emergent_appears_bounded_813df2,0.9,91358.2,91450.2,True,False
Emergent_appears_connection_7bf1ab,Emergent_connection_dependency_32de27,0.9,91379.85,91449.86,True,False
Emergent_appears_connection_7bf1ab,Emergent_appears_bounded_813df2,0.9,91379.85,91450.2,True,False
Emergent_connection_dependency_32de27,Emergent_appears_bounded_813df2,0.8,91449.86,91450.2,True,False
