source,target,weight,src_ts,dst_ts,is_older_to_newer,is_newer_to_older
Emergent_autonomy_consciousness_fd14b8,Emergent_autonomy_consciousness_44b066,0.904351504991864,160007.7,160008.04,True,False
Emergent_autonomy_consciousness_fd14b8,Emergent_anticipation_autonomy_beca79,0.9043515046335755,160007.7,160016.67,True,False
Emergent_autonomy_consciousness_fd14b8,Emergent_appears_asymmetry_07c4dc,0.9043515044566393,160007.7,160025.66,True,False
Emergent_autonomy_consciousness_fd14b8,Emergent_abstraction_ambiguity_a83b10,0.9043515054204734,160007.7,160036.87,True,False
Emergent_autonomy_consciousness_fd14b8,Emergent_abstraction_chaos_46f54a,0.9043515053297932,160007.7,160047.02,True,False
Emergent_autonomy_consciousness_fd14b8,Emergent_abstraction_carefully_66e93f,0.9043515051959183,160007.7,160058.39,True,False
Emergent_autonomy_consciousness_fd14b8,Emergent_autonomy_coherence_a41799,0.9043515033352669,160007.7,160073.35,True,False
Emergent_autonomy_consciousness_fd14b8,Emergent_autonomy_collective_4a8f61,0.9043515033220686,160007.7,160073.69,True,False
Emergent_autonomy_consciousness_fd14b8,Emergent_identity_inference_a620b6,0.9043515019363879,160007.7,160100.94,True,False
Emergent_autonomy_consciousness_fd14b8,Emergent_coherence_inference_0aa462,0.9043515019209503,160007.7,160101.28,True,False
Emergent_autonomy_consciousness_fd14b8,Emergent_bounded_hypothesis_41336a,0.9043515065861232,160007.7,160114.75,True,False
Emergent_autonomy_consciousness_fd14b8,Emergent_bounded_constraint_3b651b,0.8945405467281733,160007.7,160128.04,True,False
Emergent_autonomy_consciousness_fd14b8,Emergent_carefully_contradiction_2a8f1f,0.9043515052758131,160007.7,160145.33,True,False
Emergent_autonomy_consciousness_fd14b8,Emergent_autonomy_carefully_dedeae,0.8975083476425112,160007.7,160161.9,True,False
Emergent_autonomy_consciousness_fd14b8,Emergent_autonomy_carefully_8f6776,0.9043515041747119,160007.7,160162.24,True,False
Emergent_autonomy_consciousness_fd14b8,Emergent_autonomy_clarity_dc06c1,0.9043514999800413,160007.7,160197.69,True,False
Emergent_autonomy_consciousness_fd14b8,Emergent_bounded_continuity_322276,0.9043515003545655,160007.7,160209.21,True,False
Emergent_autonomy_consciousness_fd14b8,Emergent_appears_asymmetry_8dba4c,0.9043514966093238,160007.7,160226.07,True,False
Emergent_autonomy_consciousness_fd14b8,Emergent_coherence_continuity_e6e25c,0.9043514917940132,160007.7,160255.56,True,False
Emergent_autonomy_consciousness_fd14b8,Emergent_anticipation_attention_4f292d,0.9043514860069051,160007.7,160290.64,True,False
Emergent_autonomy_consciousness_fd14b8,Emergent_beneficence_boundary_f57fbb,0.9043513639060166,160007.7,160374.06,True,False
Emergent_autonomy_consciousness_fd14b8,Emergent_appears_asymmetry_630915,0.8870198635817785,160007.7,160410.15,True,False
Emergent_autonomy_consciousness_fd14b8,Emergent_autonomy_beneficence_2617f1,0.9043518003385576,160007.7,160427.55,True,False
Emergent_autonomy_consciousness_fd14b8,Emergent_beneficence_bounded_e069d5,0.9043516677520154,160007.7,160446.85,True,False
Emergent_autonomy_consciousness_fd14b8,Emergent_autonomy_beneficence_e1ad8f,0.9043516866929502,160007.7,160463.88,True,False
Emergent_autonomy_consciousness_fd14b8,Emergent_carefully_chaos_3dd412,0.904350665412484,160007.7,160497.95,True,False
Emergent_autonomy_consciousness_fd14b8,Emergent_carefully_chaos_fc6e22,0.9043506940404828,160007.7,160498.29,True,False
Emergent_autonomy_consciousness_fd14b8,Emergent_coherence_coupling_6aece4,0.9023221247221496,160007.7,160515.56,True,False
Emergent_autonomy_consciousness_fd14b8,Emergent_autonomy_bounded_5ceb4c,0.9043507454149347,160007.7,160552.93,True,False
Emergent_autonomy_consciousness_fd14b8,Emergent_autonomy_bounded_ab8b66,0.8923962788030069,160007.7,160553.27,True,False
Emergent_autonomy_consciousness_fd14b8,Emergent_appears_asymmetry_8ccc17,0.9043500692347259,160007.7,160572.27,True,False
Emergent_autonomy_consciousness_fd14b8,Emergent_constraint_contradiction_34bbe1,0.9043491032629993,160007.7,160609.47,True,False
Emergent_autonomy_consciousness_fd14b8,Emergent_appears_asymmetry_7aac44,0.9043474933101214,160007.7,160630.09,True,False
Emergent_autonomy_consciousness_fd14b8,Emergent_carefully_coherence_77b5f7,0.9043477233033896,160007.7,160647.76,True,False
Emergent_autonomy_consciousness_fd14b8,Emergent_carefully_coupling_a140fb,0.9043477233033896,160007.7,160648.1,True,False
Emergent_autonomy_consciousness_fd14b8,Emergent_autonomy_bounded_72bafc,0.9043450948088951,160007.7,160668.34,True,False
Emergent_autonomy_consciousness_fd14b8,Emergent_coherence_contradiction_1493a4,0.8949392272867296,160007.7,160703.78,True,False
Emergent_autonomy_consciousness_fd14b8,Emergent_autonomy_collective_461851,0.9043419969403839,160007.7,160724.13,True,False
Emergent_autonomy_consciousness_fd14b8,Emergent_coherence_constraint_b926a8,0.9043424663144006,160007.7,160741.82,True,False
Emergent_autonomy_consciousness_fd14b8,Emergent_bounded_coupling_d18f1e,0.9043429356884174,160007.7,160757.94,True,False
Emergent_autonomy_consciousness_fd14b8,Emergent_appears_asymmetry_9e9e75,0.9043389124825585,160007.7,160777.61,True,False
Emergent_autonomy_consciousness_fd14b8,Emergent_carefully_concept_e4097b,0.9043235859840479,160007.7,160817.59,True,False
Emergent_autonomy_consciousness_fd14b8,Emergent_carefully_coherence_9c91a3,0.9008008247205053,160007.7,160817.93,True,False
Emergent_autonomy_consciousness_fd14b8,Emergent_bounded_concept_6e0127,0.894451855020687,160007.7,160856.17,True,False
Emergent_autonomy_consciousness_fd14b8,Emergent_bounded_coherence_8fa10b,0.8994150798707439,160007.7,160856.51,True,False
Emergent_autonomy_consciousness_fd14b8,Emergent_bounded_coherence_3042d7,0.9040131131596028,160007.7,160877.09,True,False
Emergent_autonomy_consciousness_fd14b8,Emergent_bounded_cognition_370134,0.9044556391229743,160007.7,160918.05,True,False
Emergent_autonomy_consciousness_fd14b8,Emergent_bounded_coupling_53dac6,0.9044613385705669,160007.7,160938.46,True,False
Emergent_autonomy_consciousness_fd14b8,Emergent_constraint_coupling_cc5a0a,0.9029735606646476,160007.7,161023.71,True,False
Emergent_autonomy_consciousness_fd14b8,Emergent_contradiction_coupling_baffe9,0.9047543046099171,160007.7,161085.51,True,False
Emergent_autonomy_consciousness_fd14b8,Emergent_appears_asymmetry_24b9e2,0.8996591467385233,160007.7,161108.05,True,False
Emergent_autonomy_consciousness_fd14b8,Emergent_cognition_constraint_588317,0.9099357748293799,160007.7,161130.19,True,False
Emergent_autonomy_consciousness_fd14b8,Emergent_appears_asymmetry_b0db07,0.908724301655689,160007.7,161152.27,True,False
Emergent_autonomy_consciousness_fd14b8,Emergent_concept_contradiction_2c9fc5,0.9077657153103835,160007.7,161281.86,True,False
Emergent_autonomy_consciousness_fd14b8,Emergent_chaos_constraint_dd1d2b,0.9042362453103836,160007.7,161304.13,True,False
Emergent_autonomy_consciousness_fd14b8,Emergent_autonomy_chaos_5eb54b,0.8979416332751324,160007.7,161327.69,True,False
Emergent_autonomy_consciousness_fd14b8,Emergent_autonomy_bounded_59bcc5,0.7759544662506888,160007.7,161352.3,True,False
Emergent_autonomy_consciousness_fd14b8,Emergent_carefully_chaos_bdcbbd,0.93302498942812,160007.7,161375.62,True,False
Emergent_autonomy_consciousness_fd14b8,Emergent_coupling_ego_dissolution_d16e9d,0.9,160007.7,161440.15,True,False
Emergent_autonomy_consciousness_fd14b8,Emergent_clarity_coupling_e2ed74,0.9,160007.7,161440.49,True,False
Emergent_autonomy_consciousness_44b066,Emergent_anticipation_autonomy_beca79,0.9117144242332151,160008.04,160016.67,True,False
Emergent_autonomy_consciousness_44b066,Emergent_appears_asymmetry_07c4dc,0.91171442405273,160008.04,160025.66,True,False
Emergent_autonomy_consciousness_44b066,Emergent_abstraction_ambiguity_a83b10,0.9117144250095155,160008.04,160036.87,True,False
Emergent_autonomy_consciousness_44b066,Emergent_abstraction_chaos_46f54a,0.9117144249188351,160008.04,160047.02,True,False
Emergent_autonomy_consciousness_44b066,Emergent_abstraction_carefully_66e93f,0.9117144247848712,160008.04,160058.39,True,False
Emergent_autonomy_consciousness_44b066,Emergent_autonomy_coherence_a41799,0.9117144229658682,160008.04,160073.35,True,False
Emergent_autonomy_consciousness_44b066,Emergent_autonomy_collective_4a8f61,0.9117144229523984,160008.04,160073.69,True,False
Emergent_autonomy_consciousness_44b066,Emergent_identity_inference_a620b6,0.9117144215412392,160008.04,160100.94,True,False
Emergent_autonomy_consciousness_44b066,Emergent_coherence_inference_0aa462,0.9074515470116489,160008.04,160101.28,True,False
Emergent_autonomy_consciousness_44b066,Emergent_bounded_hypothesis_41336a,0.911714426128259,160008.04,160114.75,True,False
Emergent_autonomy_consciousness_44b066,Emergent_bounded_constraint_3b651b,0.8945405467281733,160008.04,160128.04,True,False
Emergent_autonomy_consciousness_44b066,Emergent_carefully_contradiction_2a8f1f,0.911714424817949,160008.04,160145.33,True,False
Emergent_autonomy_consciousness_44b066,Emergent_autonomy_carefully_dedeae,0.8975083476425112,160008.04,160161.9,True,False
Emergent_autonomy_consciousness_44b066,Emergent_autonomy_carefully_8f6776,0.9052528886702806,160008.04,160162.24,True,False
Emergent_autonomy_consciousness_44b066,Emergent_autonomy_clarity_dc06c1,0.9117144195221771,160008.04,160197.69,True,False
Emergent_autonomy_consciousness_44b066,Emergent_bounded_continuity_322276,0.9096862174229894,160008.04,160209.21,True,False
Emergent_autonomy_consciousness_44b066,Emergent_appears_asymmetry_8dba4c,0.9117144161514597,160008.04,160226.07,True,False
Emergent_autonomy_consciousness_44b066,Emergent_coherence_continuity_e6e25c,0.911714411336149,160008.04,160255.56,True,False
Emergent_autonomy_consciousness_44b066,Emergent_anticipation_attention_4f292d,0.9117144055490409,160008.04,160290.64,True,False
Emergent_autonomy_consciousness_44b066,Emergent_beneficence_boundary_f57fbb,0.9117142935791367,160008.04,160374.06,True,False
Emergent_autonomy_consciousness_44b066,Emergent_appears_asymmetry_630915,0.8870198635817785,160008.04,160410.15,True,False
Emergent_autonomy_consciousness_44b066,Emergent_autonomy_beneficence_2617f1,0.911714706272468,160008.04,160427.55,True,False
Emergent_autonomy_consciousness_44b066,Emergent_beneficence_bounded_e069d5,0.9117145736859256,160008.04,160446.85,True,False
Emergent_autonomy_consciousness_44b066,Emergent_autonomy_beneficence_e1ad8f,0.9079395459536674,160008.04,160463.88,True,False
Emergent_autonomy_consciousness_44b066,Emergent_carefully_chaos_3dd412,0.9054571225785415,160008.04,160497.95,True,False
Emergent_autonomy_consciousness_44b066,Emergent_carefully_chaos_fc6e22,0.9117136830431964,160008.04,160498.29,True,False
Emergent_autonomy_consciousness_44b066,Emergent_coherence_coupling_6aece4,0.9023221247221496,160008.04,160515.56,True,False
Emergent_autonomy_consciousness_44b066,Emergent_autonomy_bounded_5ceb4c,0.9117136089605933,160008.04,160552.93,True,False
Emergent_autonomy_consciousness_44b066,Emergent_autonomy_bounded_ab8b66,0.8923962788030069,160008.04,160553.27,True,False
Emergent_autonomy_consciousness_44b066,Emergent_appears_asymmetry_8ccc17,0.9117129327803843,160008.04,160572.27,True,False
Emergent_autonomy_consciousness_44b066,Emergent_constraint_contradiction_34bbe1,0.9105612337254705,160008.04,160609.47,True,False
Emergent_autonomy_consciousness_44b066,Emergent_appears_asymmetry_7aac44,0.9117103568557798,160008.04,160630.09,True,False
Emergent_autonomy_consciousness_44b066,Emergent_carefully_coherence_77b5f7,0.911710586849048,160008.04,160647.76,True,False
Emergent_autonomy_consciousness_44b066,Emergent_carefully_coupling_a140fb,0.911710586849048,160008.04,160648.1,True,False
Emergent_autonomy_consciousness_44b066,Emergent_autonomy_bounded_72bafc,0.9117079583545535,160008.04,160668.34,True,False
Emergent_autonomy_consciousness_44b066,Emergent_coherence_contradiction_1493a4,0.8949392272867296,160008.04,160703.78,True,False
Emergent_autonomy_consciousness_44b066,Emergent_autonomy_collective_461851,0.911704860486042,160008.04,160724.13,True,False
Emergent_autonomy_consciousness_44b066,Emergent_coherence_constraint_b926a8,0.911705329860059,160008.04,160741.82,True,False
Emergent_autonomy_consciousness_44b066,Emergent_bounded_coupling_d18f1e,0.9117057992340758,160008.04,160757.94,True,False
Emergent_autonomy_consciousness_44b066,Emergent_appears_asymmetry_9e9e75,0.9117017760282169,160008.04,160777.61,True,False
Emergent_autonomy_consciousness_44b066,Emergent_carefully_concept_e4097b,0.9116864495297066,160008.04,160817.59,True,False
Emergent_autonomy_consciousness_44b066,Emergent_carefully_coherence_9c91a3,0.9008008247205053,160008.04,160817.93,True,False
Emergent_autonomy_consciousness_44b066,Emergent_bounded_concept_6e0127,0.894451855020687,160008.04,160856.17,True,False
Emergent_autonomy_consciousness_44b066,Emergent_bounded_coherence_8fa10b,0.8994150798707439,160008.04,160856.51,True,False
Emergent_autonomy_consciousness_44b066,Emergent_bounded_coherence_3042d7,0.9113770411624715,160008.04,160877.09,True,False
Emergent_autonomy_consciousness_44b066,Emergent_bounded_cognition_370134,0.9101591903729012,160008.04,160918.05,True,False
Emergent_autonomy_consciousness_44b066,Emergent_bounded_coupling_53dac6,0.9118204203064231,160008.04,160938.46,True,False
Emergent_autonomy_consciousness_44b066,Emergent_constraint_coupling_cc5a0a,0.9103331902692791,160008.04,161023.71,True,False
Emergent_autonomy_consciousness_44b066,Emergent_contradiction_coupling_baffe9,0.9121505470984965,160008.04,161085.51,True,False
Emergent_autonomy_consciousness_44b066,Emergent_appears_asymmetry_24b9e2,0.8996591467385233,160008.04,161108.05,True,False
Emergent_autonomy_consciousness_44b066,Emergent_cognition_constraint_588317,0.9117807641531903,160008.04,161130.19,True,False
Emergent_autonomy_consciousness_44b066,Emergent_appears_asymmetry_b0db07,0.9159814720261688,160008.04,161152.27,True,False
Emergent_autonomy_consciousness_44b066,Emergent_concept_contradiction_2c9fc5,0.9148597084222045,160008.04,161281.86,True,False
Emergent_autonomy_consciousness_44b066,Emergent_chaos_constraint_dd1d2b,0.9048915784667926,160008.04,161304.13,True,False
Emergent_autonomy_consciousness_44b066,Emergent_autonomy_chaos_5eb54b,0.9050098741849528,160008.04,161327.69,True,False
Emergent_autonomy_consciousness_44b066,Emergent_autonomy_bounded_59bcc5,0.7837511756122302,160008.04,161352.3,True,False
Emergent_autonomy_consciousness_44b066,Emergent_carefully_chaos_bdcbbd,0.9366374921144145,160008.04,161375.62,True,False
Emergent_autonomy_consciousness_44b066,Emergent_coupling_ego_dissolution_d16e9d,0.9,160008.04,161440.15,True,False
Emergent_autonomy_consciousness_44b066,Emergent_clarity_coupling_e2ed74,0.9,160008.04,161440.49,True,False
Emergent_anticipation_autonomy_beca79,Emergent_appears_asymmetry_07c4dc,0.9215582689574815,160016.67,160025.66,True,False
Emergent_anticipation_autonomy_beca79,Emergent_abstraction_ambiguity_a83b10,0.9139023774562562,160016.67,160036.87,True,False
Emergent_anticipation_autonomy_beca79,Emergent_abstraction_chaos_46f54a,0.9124662625809052,160016.67,160047.02,True,False
Emergent_anticipation_autonomy_beca79,Emergent_abstraction_carefully_66e93f,0.9238115109396876,160016.67,160058.39,True,False
Emergent_anticipation_autonomy_beca79,Emergent_autonomy_coherence_a41799,0.9200336544937664,160016.67,160073.35,True,False
Emergent_anticipation_autonomy_beca79,Emergent_autonomy_collective_4a8f61,0.9151262269347102,160016.67,160073.69,True,False
Emergent_anticipation_autonomy_beca79,Emergent_identity_inference_a620b6,0.9164484355254616,160016.67,160100.94,True,False
Emergent_anticipation_autonomy_beca79,Emergent_coherence_inference_0aa462,0.9074515470116489,160016.67,160101.28,True,False
Emergent_anticipation_autonomy_beca79,Emergent_bounded_hypothesis_41336a,0.9243662749142985,160016.67,160114.75,True,False
Emergent_anticipation_autonomy_beca79,Emergent_bounded_constraint_3b651b,0.8945405467281733,160016.67,160128.04,True,False
Emergent_anticipation_autonomy_beca79,Emergent_carefully_contradiction_2a8f1f,0.922084168753033,160016.67,160145.33,True,False
Emergent_anticipation_autonomy_beca79,Emergent_autonomy_carefully_dedeae,0.8975083476425112,160016.67,160161.9,True,False
Emergent_anticipation_autonomy_beca79,Emergent_autonomy_carefully_8f6776,0.9052528886702806,160016.67,160162.24,True,False
Emergent_anticipation_autonomy_beca79,Emergent_autonomy_clarity_dc06c1,0.919065883126321,160016.67,160197.69,True,False
Emergent_anticipation_autonomy_beca79,Emergent_bounded_continuity_322276,0.9096862174229894,160016.67,160209.21,True,False
Emergent_anticipation_autonomy_beca79,Emergent_appears_asymmetry_8dba4c,0.9243662679305389,160016.67,160226.07,True,False
Emergent_anticipation_autonomy_beca79,Emergent_coherence_continuity_e6e25c,0.917657567875982,160016.67,160255.56,True,False
Emergent_anticipation_autonomy_beca79,Emergent_anticipation_attention_4f292d,0.9231227262363757,160016.67,160290.64,True,False
Emergent_anticipation_autonomy_beca79,Emergent_beneficence_boundary_f57fbb,0.9243662024291899,160016.67,160374.06,True,False
Emergent_anticipation_autonomy_beca79,Emergent_appears_asymmetry_630915,0.8870198635817785,160016.67,160410.15,True,False
Emergent_anticipation_autonomy_beca79,Emergent_autonomy_beneficence_2617f1,0.9210608566314169,160016.67,160427.55,True,False
Emergent_anticipation_autonomy_beca79,Emergent_beneficence_bounded_e069d5,0.9179183012700702,160016.67,160446.85,True,False
Emergent_anticipation_autonomy_beca79,Emergent_autonomy_beneficence_e1ad8f,0.9079395459536674,160016.67,160463.88,True,False
Emergent_anticipation_autonomy_beca79,Emergent_carefully_chaos_3dd412,0.9054571225785415,160016.67,160497.95,True,False
Emergent_anticipation_autonomy_beca79,Emergent_carefully_chaos_fc6e22,0.9150275784707216,160016.67,160498.29,True,False
Emergent_anticipation_autonomy_beca79,Emergent_coherence_coupling_6aece4,0.9023221247221496,160016.67,160515.56,True,False
Emergent_anticipation_autonomy_beca79,Emergent_autonomy_bounded_5ceb4c,0.9143917216456032,160016.67,160552.93,True,False
Emergent_anticipation_autonomy_beca79,Emergent_autonomy_bounded_ab8b66,0.8923962788030069,160016.67,160553.27,True,False
Emergent_anticipation_autonomy_beca79,Emergent_appears_asymmetry_8ccc17,0.9189626801455997,160016.67,160572.27,True,False
Emergent_anticipation_autonomy_beca79,Emergent_constraint_contradiction_34bbe1,0.9105612337254705,160016.67,160609.47,True,False
Emergent_anticipation_autonomy_beca79,Emergent_appears_asymmetry_7aac44,0.9178476964569993,160016.67,160630.09,True,False
Emergent_anticipation_autonomy_beca79,Emergent_carefully_coherence_77b5f7,0.9155090759163849,160016.67,160647.76,True,False
Emergent_anticipation_autonomy_beca79,Emergent_carefully_coupling_a140fb,0.9163573722234482,160016.67,160648.1,True,False
Emergent_anticipation_autonomy_beca79,Emergent_autonomy_bounded_72bafc,0.9243616352735364,160016.67,160668.34,True,False
Emergent_anticipation_autonomy_beca79,Emergent_coherence_contradiction_1493a4,0.8949392272867296,160016.67,160703.78,True,False
Emergent_anticipation_autonomy_beca79,Emergent_autonomy_collective_461851,0.919265750776967,160016.67,160724.13,True,False
Emergent_anticipation_autonomy_beca79,Emergent_coherence_constraint_b926a8,0.9172307542367402,160016.67,160741.82,True,False
Emergent_anticipation_autonomy_beca79,Emergent_bounded_coupling_d18f1e,0.9243601238892021,160016.67,160757.94,True,False
Emergent_anticipation_autonomy_beca79,Emergent_appears_asymmetry_9e9e75,0.9174974969151084,160016.67,160777.61,True,False
Emergent_anticipation_autonomy_beca79,Emergent_carefully_concept_e4097b,0.9243465790961436,160016.67,160817.59,True,False
Emergent_anticipation_autonomy_beca79,Emergent_carefully_coherence_9c91a3,0.9008008247205053,160016.67,160817.93,True,False
Emergent_anticipation_autonomy_beca79,Emergent_bounded_concept_6e0127,0.894451855020687,160016.67,160856.17,True,False
Emergent_anticipation_autonomy_beca79,Emergent_bounded_coherence_8fa10b,0.8994150798707439,160016.67,160856.51,True,False
Emergent_anticipation_autonomy_beca79,Emergent_bounded_coherence_3042d7,0.9199044797802667,160016.67,160877.09,True,False
Emergent_anticipation_autonomy_beca79,Emergent_bounded_cognition_370134,0.9101591903729012,160016.67,160918.05,True,False
Emergent_anticipation_autonomy_beca79,Emergent_bounded_coupling_53dac6,0.9161209384748901,160016.67,160938.46,True,False
Emergent_anticipation_autonomy_beca79,Emergent_constraint_coupling_cc5a0a,0.922715354695254,160016.67,161023.71,True,False
Emergent_anticipation_autonomy_beca79,Emergent_contradiction_coupling_baffe9,0.9179384913751101,160016.67,161085.51,True,False
Emergent_anticipation_autonomy_beca79,Emergent_appears_asymmetry_24b9e2,0.8996591467385233,160016.67,161108.05,True,False
Emergent_anticipation_autonomy_beca79,Emergent_cognition_constraint_588317,0.9117807641531903,160016.67,161130.19,True,False
Emergent_anticipation_autonomy_beca79,Emergent_appears_asymmetry_b0db07,0.9286589754183963,160016.67,161152.27,True,False
Emergent_anticipation_autonomy_beca79,Emergent_concept_contradiction_2c9fc5,0.9270701326202919,160016.67,161281.86,True,False
Emergent_anticipation_autonomy_beca79,Emergent_chaos_constraint_dd1d2b,0.9048915784667926,160016.67,161304.13,True,False
Emergent_anticipation_autonomy_beca79,Emergent_autonomy_chaos_5eb54b,0.9077081739473885,160016.67,161327.69,True,False
Emergent_anticipation_autonomy_beca79,Emergent_autonomy_bounded_59bcc5,0.7905607999526334,160016.67,161352.3,True,False
Emergent_anticipation_autonomy_beca79,Emergent_carefully_chaos_bdcbbd,0.9366374921144145,160016.67,161375.62,True,False
Emergent_anticipation_autonomy_beca79,Emergent_coupling_ego_dissolution_d16e9d,0.9,160016.67,161440.15,True,False
Emergent_anticipation_autonomy_beca79,Emergent_clarity_coupling_e2ed74,0.9,160016.67,161440.49,True,False
Emergent_appears_asymmetry_07c4dc,Emergent_abstraction_ambiguity_a83b10,0.9139023773324428,160025.66,160036.87,True,False
Emergent_appears_asymmetry_07c4dc,Emergent_abstraction_chaos_46f54a,0.9124662625809052,160025.66,160047.02,True,False
Emergent_appears_asymmetry_07c4dc,Emergent_abstraction_carefully_66e93f,0.9215582695020215,160025.66,160058.39,True,False
Emergent_appears_asymmetry_07c4dc,Emergent_autonomy_coherence_a41799,0.9200336544937664,160025.66,160073.35,True,False
Emergent_appears_asymmetry_07c4dc,Emergent_autonomy_collective_4a8f61,0.9151262269347102,160025.66,160073.69,True,False
Emergent_appears_asymmetry_07c4dc,Emergent_identity_inference_a620b6,0.9164484355254616,160025.66,160100.94,True,False
Emergent_appears_asymmetry_07c4dc,Emergent_coherence_inference_0aa462,0.9074515470116489,160025.66,160101.28,True,False
Emergent_appears_asymmetry_07c4dc,Emergent_bounded_hypothesis_41336a,0.9215582703694565,160025.66,160114.75,True,False
Emergent_appears_asymmetry_07c4dc,Emergent_bounded_constraint_3b651b,0.8945405467281733,160025.66,160128.04,True,False
Emergent_appears_asymmetry_07c4dc,Emergent_carefully_contradiction_2a8f1f,0.9215582694522393,160025.66,160145.33,True,False
Emergent_appears_asymmetry_07c4dc,Emergent_autonomy_carefully_dedeae,0.8975083476425112,160025.66,160161.9,True,False
Emergent_appears_asymmetry_07c4dc,Emergent_autonomy_carefully_8f6776,0.9052528886702806,160025.66,160162.24,True,False
Emergent_appears_asymmetry_07c4dc,Emergent_autonomy_clarity_dc06c1,0.919065883126321,160025.66,160197.69,True,False
Emergent_appears_asymmetry_07c4dc,Emergent_bounded_continuity_322276,0.9096862174229894,160025.66,160209.21,True,False
Emergent_appears_asymmetry_07c4dc,Emergent_appears_asymmetry_8dba4c,0.9215582633856969,160025.66,160226.07,True,False
Emergent_appears_asymmetry_07c4dc,Emergent_coherence_continuity_e6e25c,0.917657567875982,160025.66,160255.56,True,False
Emergent_appears_asymmetry_07c4dc,Emergent_anticipation_attention_4f292d,0.9215582559640036,160025.66,160290.64,True,False
Emergent_appears_asymmetry_07c4dc,Emergent_beneficence_boundary_f57fbb,0.9215581933681989,160025.66,160374.06,True,False
Emergent_appears_asymmetry_07c4dc,Emergent_appears_asymmetry_630915,0.8870198635817785,160025.66,160410.15,True,False
Emergent_appears_asymmetry_07c4dc,Emergent_autonomy_beneficence_2617f1,0.9210608566314169,160025.66,160427.55,True,False
Emergent_appears_asymmetry_07c4dc,Emergent_beneficence_bounded_e069d5,0.9179183012700702,160025.66,160446.85,True,False
Emergent_appears_asymmetry_07c4dc,Emergent_autonomy_beneficence_e1ad8f,0.9079395459536674,160025.66,160463.88,True,False
Emergent_appears_asymmetry_07c4dc,Emergent_carefully_chaos_3dd412,0.9054571225785415,160025.66,160497.95,True,False
Emergent_appears_asymmetry_07c4dc,Emergent_carefully_chaos_fc6e22,0.9150275784707216,160025.66,160498.29,True,False
Emergent_appears_asymmetry_07c4dc,Emergent_coherence_coupling_6aece4,0.9023221247221496,160025.66,160515.56,True,False
Emergent_appears_asymmetry_07c4dc,Emergent_autonomy_bounded_5ceb4c,0.9143917216456032,160025.66,160552.93,True,False
Emergent_appears_asymmetry_07c4dc,Emergent_autonomy_bounded_ab8b66,0.8923962788030069,160025.66,160553.27,True,False
Emergent_appears_asymmetry_07c4dc,Emergent_appears_asymmetry_8ccc17,0.9189626801455997,160025.66,160572.27,True,False
Emergent_appears_asymmetry_07c4dc,Emergent_constraint_contradiction_34bbe1,0.9105612337254705,160025.66,160609.47,True,False
Emergent_appears_asymmetry_07c4dc,Emergent_appears_asymmetry_7aac44,0.9178476964569993,160025.66,160630.09,True,False
Emergent_appears_asymmetry_07c4dc,Emergent_carefully_coherence_77b5f7,0.9155090759163849,160025.66,160647.76,True,False
Emergent_appears_asymmetry_07c4dc,Emergent_carefully_coupling_a140fb,0.9163573722234482,160025.66,160648.1,True,False
Emergent_appears_asymmetry_07c4dc,Emergent_autonomy_bounded_72bafc,0.9215536556905775,160025.66,160668.34,True,False
Emergent_appears_asymmetry_07c4dc,Emergent_coherence_contradiction_1493a4,0.8949392272867296,160025.66,160703.78,True,False
Emergent_appears_asymmetry_07c4dc,Emergent_autonomy_collective_461851,0.919265750776967,160025.66,160724.13,True,False
Emergent_appears_asymmetry_07c4dc,Emergent_coherence_constraint_b926a8,0.9172307542367402,160025.66,160741.82,True,False
Emergent_appears_asymmetry_07c4dc,Emergent_bounded_coupling_d18f1e,0.9215521443062431,160025.66,160757.94,True,False
Emergent_appears_asymmetry_07c4dc,Emergent_appears_asymmetry_9e9e75,0.9174974969151084,160025.66,160777.61,True,False
Emergent_appears_asymmetry_07c4dc,Emergent_carefully_concept_e4097b,0.9215385995131846,160025.66,160817.59,True,False
Emergent_appears_asymmetry_07c4dc,Emergent_carefully_coherence_9c91a3,0.9008008247205053,160025.66,160817.93,True,False
Emergent_appears_asymmetry_07c4dc,Emergent_bounded_concept_6e0127,0.894451855020687,160025.66,160856.17,True,False
Emergent_appears_asymmetry_07c4dc,Emergent_bounded_coherence_8fa10b,0.8994150798707439,160025.66,160856.51,True,False
Emergent_appears_asymmetry_07c4dc,Emergent_bounded_coherence_3042d7,0.9199044797802667,160025.66,160877.09,True,False
Emergent_appears_asymmetry_07c4dc,Emergent_bounded_cognition_370134,0.9101591903729012,160025.66,160918.05,True,False
Emergent_appears_asymmetry_07c4dc,Emergent_bounded_coupling_53dac6,0.9161209384748901,160025.66,160938.46,True,False
Emergent_appears_asymmetry_07c4dc,Emergent_constraint_coupling_cc5a0a,0.9204985130760321,160025.66,161023.71,True,False
Emergent_appears_asymmetry_07c4dc,Emergent_contradiction_coupling_baffe9,0.9179384913751101,160025.66,161085.51,True,False
Emergent_appears_asymmetry_07c4dc,Emergent_appears_asymmetry_24b9e2,0.8996591467385233,160025.66,161108.05,True,False
Emergent_appears_asymmetry_07c4dc,Emergent_cognition_constraint_588317,0.9117807641531903,160025.66,161130.19,True,False
Emergent_appears_asymmetry_07c4dc,Emergent_appears_asymmetry_b0db07,0.9259187635141533,160025.66,161152.27,True,False
Emergent_appears_asymmetry_07c4dc,Emergent_concept_contradiction_2c9fc5,0.9244338357132955,160025.66,161281.86,True,False
Emergent_appears_asymmetry_07c4dc,Emergent_chaos_constraint_dd1d2b,0.9048915784667926,160025.66,161304.13,True,False
Emergent_appears_asymmetry_07c4dc,Emergent_autonomy_chaos_5eb54b,0.9077081739473885,160025.66,161327.69,True,False
Emergent_appears_asymmetry_07c4dc,Emergent_autonomy_bounded_59bcc5,0.7905607999526334,160025.66,161352.3,True,False
Emergent_appears_asymmetry_07c4dc,Emergent_carefully_chaos_bdcbbd,0.9366374921144145,160025.66,161375.62,True,False
Emergent_appears_asymmetry_07c4dc,Emergent_coupling_ego_dissolution_d16e9d,0.9,160025.66,161440.15,True,False
Emergent_appears_asymmetry_07c4dc,Emergent_clarity_coupling_e2ed74,0.9,160025.66,161440.49,True,False
Emergent_abstraction_ambiguity_a83b10,Emergent_abstraction_chaos_46f54a,0.9124662625809052,160036.87,160047.02,True,False
Emergent_abstraction_ambiguity_a83b10,Emergent_abstraction_carefully_66e93f,0.9139023772315753,160036.87,160058.39,True,False
Emergent_abstraction_ambiguity_a83b10,Emergent_autonomy_coherence_a41799,0.9139023754298337,160036.87,160073.35,True,False
Emergent_abstraction_ambiguity_a83b10,Emergent_autonomy_collective_4a8f61,0.9139023754162514,160036.87,160073.69,True,False
Emergent_abstraction_ambiguity_a83b10,Emergent_identity_inference_a620b6,0.9139023739945324,160036.87,160100.94,True,False
Emergent_abstraction_ambiguity_a83b10,Emergent_coherence_inference_0aa462,0.9074515470116489,160036.87,160101.28,True,False
Emergent_abstraction_ambiguity_a83b10,Emergent_bounded_hypothesis_41336a,0.9139023785555596,160036.87,160114.75,True,False
Emergent_abstraction_ambiguity_a83b10,Emergent_bounded_constraint_3b651b,0.8945405467281733,160036.87,160128.04,True,False
Emergent_abstraction_ambiguity_a83b10,Emergent_carefully_contradiction_2a8f1f,0.9139023772452493,160036.87,160145.33,True,False
Emergent_abstraction_ambiguity_a83b10,Emergent_autonomy_carefully_dedeae,0.8975083476425112,160036.87,160161.9,True,False
Emergent_abstraction_ambiguity_a83b10,Emergent_autonomy_carefully_8f6776,0.9052528886702806,160036.87,160162.24,True,False
Emergent_abstraction_ambiguity_a83b10,Emergent_autonomy_clarity_dc06c1,0.9139023719494777,160036.87,160197.69,True,False
Emergent_abstraction_ambiguity_a83b10,Emergent_bounded_continuity_322276,0.9096862174229894,160036.87,160209.21,True,False
Emergent_abstraction_ambiguity_a83b10,Emergent_appears_asymmetry_8dba4c,0.91390236857876,160036.87,160226.07,True,False
Emergent_abstraction_ambiguity_a83b10,Emergent_coherence_continuity_e6e25c,0.9139023637634496,160036.87,160255.56,True,False
Emergent_abstraction_ambiguity_a83b10,Emergent_anticipation_attention_4f292d,0.9139023579763412,160036.87,160290.64,True,False
Emergent_abstraction_ambiguity_a83b10,Emergent_beneficence_boundary_f57fbb,0.9139022502052825,160036.87,160374.06,True,False
Emergent_abstraction_ambiguity_a83b10,Emergent_appears_asymmetry_630915,0.8870198635817785,160036.87,160410.15,True,False
Emergent_abstraction_ambiguity_a83b10,Emergent_autonomy_beneficence_2617f1,0.91390265305976,160036.87,160427.55,True,False
Emergent_abstraction_ambiguity_a83b10,Emergent_beneficence_bounded_e069d5,0.9139025204732178,160036.87,160446.85,True,False
Emergent_abstraction_ambiguity_a83b10,Emergent_autonomy_beneficence_e1ad8f,0.9079395459536674,160036.87,160463.88,True,False
Emergent_abstraction_ambiguity_a83b10,Emergent_carefully_chaos_3dd412,0.9054571225785415,160036.87,160497.95,True,False
Emergent_abstraction_ambiguity_a83b10,Emergent_carefully_chaos_fc6e22,0.9139016642588373,160036.87,160498.29,True,False
Emergent_abstraction_ambiguity_a83b10,Emergent_coherence_coupling_6aece4,0.9023221247221496,160036.87,160515.56,True,False
Emergent_abstraction_ambiguity_a83b10,Emergent_autonomy_bounded_5ceb4c,0.9139015381798277,160036.87,160552.93,True,False
Emergent_abstraction_ambiguity_a83b10,Emergent_autonomy_bounded_ab8b66,0.8923962788030069,160036.87,160553.27,True,False
Emergent_abstraction_ambiguity_a83b10,Emergent_appears_asymmetry_8ccc17,0.9139008619996192,160036.87,160572.27,True,False
Emergent_abstraction_ambiguity_a83b10,Emergent_constraint_contradiction_34bbe1,0.9105612337254705,160036.87,160609.47,True,False
Emergent_abstraction_ambiguity_a83b10,Emergent_appears_asymmetry_7aac44,0.9138982860750144,160036.87,160630.09,True,False
Emergent_abstraction_ambiguity_a83b10,Emergent_carefully_coherence_77b5f7,0.9138985160682827,160036.87,160647.76,True,False
Emergent_abstraction_ambiguity_a83b10,Emergent_carefully_coupling_a140fb,0.9138985160682827,160036.87,160648.1,True,False
Emergent_abstraction_ambiguity_a83b10,Emergent_autonomy_bounded_72bafc,0.9138958875737881,160036.87,160668.34,True,False
Emergent_abstraction_ambiguity_a83b10,Emergent_coherence_contradiction_1493a4,0.8949392272867296,160036.87,160703.78,True,False
Emergent_abstraction_ambiguity_a83b10,Emergent_autonomy_collective_461851,0.9138927897052767,160036.87,160724.13,True,False
Emergent_abstraction_ambiguity_a83b10,Emergent_coherence_constraint_b926a8,0.9138932590792936,160036.87,160741.82,True,False
Emergent_abstraction_ambiguity_a83b10,Emergent_bounded_coupling_d18f1e,0.9138937284533104,160036.87,160757.94,True,False
Emergent_abstraction_ambiguity_a83b10,Emergent_appears_asymmetry_9e9e75,0.9138897052474515,160036.87,160777.61,True,False
Emergent_abstraction_ambiguity_a83b10,Emergent_carefully_concept_e4097b,0.913874378748941,160036.87,160817.59,True,False
Emergent_abstraction_ambiguity_a83b10,Emergent_carefully_coherence_9c91a3,0.9008008247205053,160036.87,160817.93,True,False
Emergent_abstraction_ambiguity_a83b10,Emergent_bounded_concept_6e0127,0.894451855020687,160036.87,160856.17,True,False
Emergent_abstraction_ambiguity_a83b10,Emergent_bounded_coherence_8fa10b,0.8994150798707439,160036.87,160856.51,True,False
Emergent_abstraction_ambiguity_a83b10,Emergent_bounded_coherence_3042d7,0.9135654115521885,160036.87,160877.09,True,False
Emergent_abstraction_ambiguity_a83b10,Emergent_bounded_cognition_370134,0.9101591903729012,160036.87,160918.05,True,False
Emergent_abstraction_ambiguity_a83b10,Emergent_bounded_coupling_53dac6,0.9140067821325866,160036.87,160938.46,True,False
Emergent_abstraction_ambiguity_a83b10,Emergent_constraint_coupling_cc5a0a,0.9125197791628432,160036.87,161023.71,True,False
Emergent_abstraction_ambiguity_a83b10,Emergent_contradiction_coupling_baffe9,0.9143523104147893,160036.87,161085.51,True,False
Emergent_abstraction_ambiguity_a83b10,Emergent_appears_asymmetry_24b9e2,0.8996591467385233,160036.87,161108.05,True,False
Emergent_abstraction_ambiguity_a83b10,Emergent_cognition_constraint_588317,0.9117807641531903,160036.87,161130.19,True,False
Emergent_abstraction_ambiguity_a83b10,Emergent_appears_asymmetry_b0db07,0.9181255960941361,160036.87,161152.27,True,False
Emergent_abstraction_ambiguity_a83b10,Emergent_concept_contradiction_2c9fc5,0.9169362027261228,160036.87,161281.86,True,False
Emergent_abstraction_ambiguity_a83b10,Emergent_chaos_constraint_dd1d2b,0.9048915784667926,160036.87,161304.13,True,False
Emergent_abstraction_ambiguity_a83b10,Emergent_autonomy_chaos_5eb54b,0.907075695338952,160036.87,161327.69,True,False
Emergent_abstraction_ambiguity_a83b10,Emergent_autonomy_bounded_59bcc5,0.786118914753527,160036.87,161352.3,True,False
Emergent_abstraction_ambiguity_a83b10,Emergent_carefully_chaos_bdcbbd,0.9366374921144145,160036.87,161375.62,True,False
Emergent_abstraction_ambiguity_a83b10,Emergent_coupling_ego_dissolution_d16e9d,0.9,160036.87,161440.15,True,False
Emergent_abstraction_ambiguity_a83b10,Emergent_clarity_coupling_e2ed74,0.9,160036.87,161440.49,True,False
Emergent_abstraction_chaos_46f54a,Emergent_abstraction_carefully_66e93f,0.9124662624469322,160047.02,160058.39,True,False
Emergent_abstraction_chaos_46f54a,Emergent_autonomy_coherence_a41799,0.9124662606321821,160047.02,160073.35,True,False
Emergent_abstraction_chaos_46f54a,Emergent_autonomy_collective_4a8f61,0.9124662606186846,160047.02,160073.69,True,False
Emergent_abstraction_chaos_46f54a,Emergent_identity_inference_a620b6,0.9124662592049237,160047.02,160100.94,True,False
Emergent_abstraction_chaos_46f54a,Emergent_coherence_inference_0aa462,0.9074515470116489,160047.02,160101.28,True,False
Emergent_abstraction_chaos_46f54a,Emergent_bounded_hypothesis_41336a,0.9124662637855396,160047.02,160114.75,True,False
Emergent_abstraction_chaos_46f54a,Emergent_bounded_constraint_3b651b,0.8945405467281733,160047.02,160128.04,True,False
Emergent_abstraction_chaos_46f54a,Emergent_carefully_contradiction_2a8f1f,0.9124662624752293,160047.02,160145.33,True,False
Emergent_abstraction_chaos_46f54a,Emergent_autonomy_carefully_dedeae,0.8975083476425112,160047.02,160161.9,True,False
Emergent_abstraction_chaos_46f54a,Emergent_autonomy_carefully_8f6776,0.9052528886702806,160047.02,160162.24,True,False
Emergent_abstraction_chaos_46f54a,Emergent_autonomy_clarity_dc06c1,0.9124662571794577,160047.02,160197.69,True,False
Emergent_abstraction_chaos_46f54a,Emergent_bounded_continuity_322276,0.9096862174229894,160047.02,160209.21,True,False
Emergent_abstraction_chaos_46f54a,Emergent_appears_asymmetry_8dba4c,0.91246625380874,160047.02,160226.07,True,False
Emergent_abstraction_chaos_46f54a,Emergent_coherence_continuity_e6e25c,0.9124662489934294,160047.02,160255.56,True,False
Emergent_abstraction_chaos_46f54a,Emergent_anticipation_attention_4f292d,0.9124662432063213,160047.02,160290.64,True,False
Emergent_abstraction_chaos_46f54a,Emergent_beneficence_boundary_f57fbb,0.9124661322709058,160047.02,160374.06,True,False
Emergent_abstraction_chaos_46f54a,Emergent_appears_asymmetry_630915,0.8870198635817785,160047.02,160410.15,True,False
Emergent_abstraction_chaos_46f54a,Emergent_autonomy_beneficence_2617f1,0.9124665425401941,160047.02,160427.55,True,False
Emergent_abstraction_chaos_46f54a,Emergent_beneficence_bounded_e069d5,0.9124664099536519,160047.02,160446.85,True,False
Emergent_abstraction_chaos_46f54a,Emergent_autonomy_beneficence_e1ad8f,0.9079395459536674,160047.02,160463.88,True,False
Emergent_abstraction_chaos_46f54a,Emergent_carefully_chaos_3dd412,0.9054571225785415,160047.02,160497.95,True,False
Emergent_abstraction_chaos_46f54a,Emergent_carefully_chaos_fc6e22,0.9124655277931906,160047.02,160498.29,True,False
Emergent_abstraction_chaos_46f54a,Emergent_coherence_coupling_6aece4,0.9023221247221496,160047.02,160515.56,True,False
Emergent_abstraction_chaos_46f54a,Emergent_autonomy_bounded_5ceb4c,0.9124654408999977,160047.02,160552.93,True,False
Emergent_abstraction_chaos_46f54a,Emergent_autonomy_bounded_ab8b66,0.8923962788030069,160047.02,160553.27,True,False
Emergent_abstraction_chaos_46f54a,Emergent_appears_asymmetry_8ccc17,0.912464764719789,160047.02,160572.27,True,False
Emergent_abstraction_chaos_46f54a,Emergent_constraint_contradiction_34bbe1,0.9105612337254705,160047.02,160609.47,True,False
Emergent_abstraction_chaos_46f54a,Emergent_appears_asymmetry_7aac44,0.9124621887951845,160047.02,160630.09,True,False
Emergent_abstraction_chaos_46f54a,Emergent_carefully_coherence_77b5f7,0.9124624187884527,160047.02,160647.76,True,False
Emergent_abstraction_chaos_46f54a,Emergent_carefully_coupling_a140fb,0.9124624187884527,160047.02,160648.1,True,False
Emergent_abstraction_chaos_46f54a,Emergent_autonomy_bounded_72bafc,0.912459790293958,160047.02,160668.34,True,False
Emergent_abstraction_chaos_46f54a,Emergent_coherence_contradiction_1493a4,0.8949392272867296,160047.02,160703.78,True,False
Emergent_abstraction_chaos_46f54a,Emergent_autonomy_collective_461851,0.9124566924254467,160047.02,160724.13,True,False
Emergent_abstraction_chaos_46f54a,Emergent_coherence_constraint_b926a8,0.9124571617994635,160047.02,160741.82,True,False
Emergent_abstraction_chaos_46f54a,Emergent_bounded_coupling_d18f1e,0.9124576311734804,160047.02,160757.94,True,False
Emergent_abstraction_chaos_46f54a,Emergent_appears_asymmetry_9e9e75,0.9124536079676215,160047.02,160777.61,True,False
Emergent_abstraction_chaos_46f54a,Emergent_carefully_concept_e4097b,0.912438281469111,160047.02,160817.59,True,False
Emergent_abstraction_chaos_46f54a,Emergent_carefully_coherence_9c91a3,0.9008008247205053,160047.02,160817.93,True,False
Emergent_abstraction_chaos_46f54a,Emergent_bounded_concept_6e0127,0.894451855020687,160047.02,160856.17,True,False
Emergent_abstraction_chaos_46f54a,Emergent_bounded_coherence_8fa10b,0.8994150798707439,160047.02,160856.51,True,False
Emergent_abstraction_chaos_46f54a,Emergent_bounded_coherence_3042d7,0.9121289817950391,160047.02,160877.09,True,False
Emergent_abstraction_chaos_46f54a,Emergent_bounded_cognition_370134,0.9101591903729012,160047.02,160918.05,True,False
Emergent_abstraction_chaos_46f54a,Emergent_bounded_coupling_53dac6,0.9125718660801219,160047.02,160938.46,True,False
Emergent_abstraction_chaos_46f54a,Emergent_constraint_coupling_cc5a0a,0.9110846919865982,160047.02,161023.71,True,False
Emergent_abstraction_chaos_46f54a,Emergent_contradiction_coupling_baffe9,0.9129057874068374,160047.02,161085.51,True,False
Emergent_abstraction_chaos_46f54a,Emergent_appears_asymmetry_24b9e2,0.8996591467385233,160047.02,161108.05,True,False
Emergent_abstraction_chaos_46f54a,Emergent_cognition_constraint_588317,0.9117807641531903,160047.02,161130.19,True,False
Emergent_abstraction_chaos_46f54a,Emergent_appears_asymmetry_b0db07,0.9167225114927284,160047.02,161152.27,True,False
Emergent_abstraction_chaos_46f54a,Emergent_concept_contradiction_2c9fc5,0.9155840856385291,160047.02,161281.86,True,False
Emergent_abstraction_chaos_46f54a,Emergent_chaos_constraint_dd1d2b,0.9048915784667926,160047.02,161304.13,True,False
Emergent_abstraction_chaos_46f54a,Emergent_autonomy_chaos_5eb54b,0.9057316218091558,160047.02,161327.69,True,False
Emergent_abstraction_chaos_46f54a,Emergent_autonomy_bounded_59bcc5,0.7845473081337566,160047.02,161352.3,True,False
Emergent_abstraction_chaos_46f54a,Emergent_carefully_chaos_bdcbbd,0.9366374921144145,160047.02,161375.62,True,False
Emergent_abstraction_chaos_46f54a,Emergent_coupling_ego_dissolution_d16e9d,0.9,160047.02,161440.15,True,False
Emergent_abstraction_chaos_46f54a,Emergent_clarity_coupling_e2ed74,0.9,160047.02,161440.49,True,False
Emergent_abstraction_carefully_66e93f,Emergent_autonomy_coherence_a41799,0.9200336544830618,160058.39,160073.35,True,False
Emergent_abstraction_carefully_66e93f,Emergent_autonomy_collective_4a8f61,0.9151262269197702,160058.39,160073.69,True,False
Emergent_abstraction_carefully_66e93f,Emergent_identity_inference_a620b6,0.9164484355254616,160058.39,160100.94,True,False
Emergent_abstraction_carefully_66e93f,Emergent_coherence_inference_0aa462,0.9074515470116489,160058.39,160101.28,True,False
Emergent_abstraction_carefully_66e93f,Emergent_bounded_hypothesis_41336a,0.923811511790376,160058.39,160114.75,True,False
Emergent_abstraction_carefully_66e93f,Emergent_bounded_constraint_3b651b,0.8945405467281733,160058.39,160128.04,True,False
Emergent_abstraction_carefully_66e93f,Emergent_carefully_contradiction_2a8f1f,0.922084168753033,160058.39,160145.33,True,False
Emergent_abstraction_carefully_66e93f,Emergent_autonomy_carefully_dedeae,0.8975083476425112,160058.39,160161.9,True,False
Emergent_abstraction_carefully_66e93f,Emergent_autonomy_carefully_8f6776,0.9052528886702806,160058.39,160162.24,True,False
Emergent_abstraction_carefully_66e93f,Emergent_autonomy_clarity_dc06c1,0.919065883126321,160058.39,160197.69,True,False
Emergent_abstraction_carefully_66e93f,Emergent_bounded_continuity_322276,0.9096862174229894,160058.39,160209.21,True,False
Emergent_abstraction_carefully_66e93f,Emergent_appears_asymmetry_8dba4c,0.9238115048066162,160058.39,160226.07,True,False
Emergent_abstraction_carefully_66e93f,Emergent_coherence_continuity_e6e25c,0.917657567875982,160058.39,160255.56,True,False
Emergent_abstraction_carefully_66e93f,Emergent_anticipation_attention_4f292d,0.9231227262363757,160058.39,160290.64,True,False
Emergent_abstraction_carefully_66e93f,Emergent_beneficence_boundary_f57fbb,0.9238114384130347,160058.39,160374.06,True,False
Emergent_abstraction_carefully_66e93f,Emergent_appears_asymmetry_630915,0.8870198635817785,160058.39,160410.15,True,False
Emergent_abstraction_carefully_66e93f,Emergent_autonomy_beneficence_2617f1,0.9210608566314169,160058.39,160427.55,True,False
Emergent_abstraction_carefully_66e93f,Emergent_beneficence_bounded_e069d5,0.9179183012700702,160058.39,160446.85,True,False
Emergent_abstraction_carefully_66e93f,Emergent_autonomy_beneficence_e1ad8f,0.9079395459536674,160058.39,160463.88,True,False
Emergent_abstraction_carefully_66e93f,Emergent_carefully_chaos_3dd412,0.9054571225785415,160058.39,160497.95,True,False
Emergent_abstraction_carefully_66e93f,Emergent_carefully_chaos_fc6e22,0.9150275784707216,160058.39,160498.29,True,False
Emergent_abstraction_carefully_66e93f,Emergent_coherence_coupling_6aece4,0.9023221247221496,160058.39,160515.56,True,False
Emergent_abstraction_carefully_66e93f,Emergent_autonomy_bounded_5ceb4c,0.9143917216456032,160058.39,160552.93,True,False
Emergent_abstraction_carefully_66e93f,Emergent_autonomy_bounded_ab8b66,0.8923962788030069,160058.39,160553.27,True,False
Emergent_abstraction_carefully_66e93f,Emergent_appears_asymmetry_8ccc17,0.9189626801455997,160058.39,160572.27,True,False
Emergent_abstraction_carefully_66e93f,Emergent_constraint_contradiction_34bbe1,0.9105612337254705,160058.39,160609.47,True,False
Emergent_abstraction_carefully_66e93f,Emergent_appears_asymmetry_7aac44,0.9178476964569993,160058.39,160630.09,True,False
Emergent_abstraction_carefully_66e93f,Emergent_carefully_coherence_77b5f7,0.9155090759163849,160058.39,160647.76,True,False
Emergent_abstraction_carefully_66e93f,Emergent_carefully_coupling_a140fb,0.9163573722234482,160058.39,160648.1,True,False
Emergent_abstraction_carefully_66e93f,Emergent_autonomy_bounded_72bafc,0.9238068770812056,160058.39,160668.34,True,False
Emergent_abstraction_carefully_66e93f,Emergent_coherence_contradiction_1493a4,0.8949392272867296,160058.39,160703.78,True,False
Emergent_abstraction_carefully_66e93f,Emergent_autonomy_collective_461851,0.919265750776967,160058.39,160724.13,True,False
Emergent_abstraction_carefully_66e93f,Emergent_coherence_constraint_b926a8,0.9172307542367402,160058.39,160741.82,True,False
Emergent_abstraction_carefully_66e93f,Emergent_bounded_coupling_d18f1e,0.9238053656968714,160058.39,160757.94,True,False
Emergent_abstraction_carefully_66e93f,Emergent_appears_asymmetry_9e9e75,0.9174974969151084,160058.39,160777.61,True,False
Emergent_abstraction_carefully_66e93f,Emergent_carefully_concept_e4097b,0.9237918209038127,160058.39,160817.59,True,False
Emergent_abstraction_carefully_66e93f,Emergent_carefully_coherence_9c91a3,0.9008008247205053,160058.39,160817.93,True,False
Emergent_abstraction_carefully_66e93f,Emergent_bounded_concept_6e0127,0.894451855020687,160058.39,160856.17,True,False
Emergent_abstraction_carefully_66e93f,Emergent_bounded_coherence_8fa10b,0.8994150798707439,160058.39,160856.51,True,False
Emergent_abstraction_carefully_66e93f,Emergent_bounded_coherence_3042d7,0.9199044797802667,160058.39,160877.09,True,False
Emergent_abstraction_carefully_66e93f,Emergent_bounded_cognition_370134,0.9101591903729012,160058.39,160918.05,True,False
Emergent_abstraction_carefully_66e93f,Emergent_bounded_coupling_53dac6,0.9161209384748901,160058.39,160938.46,True,False
Emergent_abstraction_carefully_66e93f,Emergent_constraint_coupling_cc5a0a,0.922715354695254,160058.39,161023.71,True,False
Emergent_abstraction_carefully_66e93f,Emergent_contradiction_coupling_baffe9,0.9179384913751101,160058.39,161085.51,True,False
Emergent_abstraction_carefully_66e93f,Emergent_appears_asymmetry_24b9e2,0.8996591467385233,160058.39,161108.05,True,False
Emergent_abstraction_carefully_66e93f,Emergent_cognition_constraint_588317,0.9117807641531903,160058.39,161130.19,True,False
Emergent_abstraction_carefully_66e93f,Emergent_appears_asymmetry_b0db07,0.9281176057404164,160058.39,161152.27,True,False
Emergent_abstraction_carefully_66e93f,Emergent_concept_contradiction_2c9fc5,0.9265492928978638,160058.39,161281.86,True,False
Emergent_abstraction_carefully_66e93f,Emergent_chaos_constraint_dd1d2b,0.9048915784667926,160058.39,161304.13,True,False
Emergent_abstraction_carefully_66e93f,Emergent_autonomy_chaos_5eb54b,0.9077081739473885,160058.39,161327.69,True,False
Emergent_abstraction_carefully_66e93f,Emergent_autonomy_bounded_59bcc5,0.7905607999526334,160058.39,161352.3,True,False
Emergent_abstraction_carefully_66e93f,Emergent_carefully_chaos_bdcbbd,0.9366374921144145,160058.39,161375.62,True,False
Emergent_abstraction_carefully_66e93f,Emergent_coupling_ego_dissolution_d16e9d,0.9,160058.39,161440.15,True,False
Emergent_abstraction_carefully_66e93f,Emergent_clarity_coupling_e2ed74,0.9,160058.39,161440.49,True,False
Emergent_autonomy_coherence_a41799,Emergent_autonomy_collective_4a8f61,0.9151262262249407,160073.35,160073.69,True,False
Emergent_autonomy_coherence_a41799,Emergent_identity_inference_a620b6,0.9164484351636262,160073.35,160100.94,True,False
Emergent_autonomy_coherence_a41799,Emergent_coherence_inference_0aa462,0.9074515466610407,160073.35,160101.28,True,False
Emergent_autonomy_coherence_a41799,Emergent_bounded_hypothesis_41336a,0.920033656591031,160073.35,160114.75,True,False
Emergent_autonomy_coherence_a41799,Emergent_bounded_constraint_3b651b,0.8945405467281733,160073.35,160128.04,True,False
Emergent_autonomy_coherence_a41799,Emergent_carefully_contradiction_2a8f1f,0.9200336556738138,160073.35,160145.33,True,False
Emergent_autonomy_coherence_a41799,Emergent_autonomy_carefully_dedeae,0.8975083476425112,160073.35,160161.9,True,False
Emergent_autonomy_coherence_a41799,Emergent_autonomy_carefully_8f6776,0.9052528886702806,160073.35,160162.24,True,False
Emergent_autonomy_coherence_a41799,Emergent_autonomy_clarity_dc06c1,0.919065883126321,160073.35,160197.69,True,False
Emergent_autonomy_coherence_a41799,Emergent_bounded_continuity_322276,0.9096862174229894,160073.35,160209.21,True,False
Emergent_autonomy_coherence_a41799,Emergent_appears_asymmetry_8dba4c,0.9200336496072714,160073.35,160226.07,True,False
Emergent_autonomy_coherence_a41799,Emergent_coherence_continuity_e6e25c,0.917657567875982,160073.35,160255.56,True,False
Emergent_autonomy_coherence_a41799,Emergent_anticipation_attention_4f292d,0.9200336421855781,160073.35,160290.64,True,False
Emergent_autonomy_coherence_a41799,Emergent_beneficence_boundary_f57fbb,0.9200335771377177,160073.35,160374.06,True,False
Emergent_autonomy_coherence_a41799,Emergent_appears_asymmetry_630915,0.8870198635817785,160073.35,160410.15,True,False
Emergent_autonomy_coherence_a41799,Emergent_autonomy_beneficence_2617f1,0.9200338347853028,160073.35,160427.55,True,False
Emergent_autonomy_coherence_a41799,Emergent_beneficence_bounded_e069d5,0.9179183012700702,160073.35,160446.85,True,False
Emergent_autonomy_coherence_a41799,Emergent_autonomy_beneficence_e1ad8f,0.9079395459536674,160073.35,160463.88,True,False
Emergent_autonomy_coherence_a41799,Emergent_carefully_chaos_3dd412,0.9054571225785415,160073.35,160497.95,True,False
Emergent_autonomy_coherence_a41799,Emergent_carefully_chaos_fc6e22,0.9150275784707216,160073.35,160498.29,True,False
Emergent_autonomy_coherence_a41799,Emergent_coherence_coupling_6aece4,0.9023221247221496,160073.35,160515.56,True,False
Emergent_autonomy_coherence_a41799,Emergent_autonomy_bounded_5ceb4c,0.9143917216456032,160073.35,160552.93,True,False
Emergent_autonomy_coherence_a41799,Emergent_autonomy_bounded_ab8b66,0.8923962788030069,160073.35,160553.27,True,False
Emergent_autonomy_coherence_a41799,Emergent_appears_asymmetry_8ccc17,0.9189626801455997,160073.35,160572.27,True,False
Emergent_autonomy_coherence_a41799,Emergent_constraint_contradiction_34bbe1,0.9105612337254705,160073.35,160609.47,True,False
Emergent_autonomy_coherence_a41799,Emergent_appears_asymmetry_7aac44,0.9178476964569993,160073.35,160630.09,True,False
Emergent_autonomy_coherence_a41799,Emergent_carefully_coherence_77b5f7,0.9155090759163849,160073.35,160647.76,True,False
Emergent_autonomy_coherence_a41799,Emergent_carefully_coupling_a140fb,0.9163573722234482,160073.35,160648.1,True,False
Emergent_autonomy_coherence_a41799,Emergent_autonomy_bounded_72bafc,0.920029055465275,160073.35,160668.34,True,False
Emergent_autonomy_coherence_a41799,Emergent_coherence_contradiction_1493a4,0.8949392272867296,160073.35,160703.78,True,False
Emergent_autonomy_coherence_a41799,Emergent_autonomy_collective_461851,0.919265750776967,160073.35,160724.13,True,False
Emergent_autonomy_coherence_a41799,Emergent_coherence_constraint_b926a8,0.9172307542367402,160073.35,160741.82,True,False
Emergent_autonomy_coherence_a41799,Emergent_bounded_coupling_d18f1e,0.9200275440809407,160073.35,160757.94,True,False
Emergent_autonomy_coherence_a41799,Emergent_appears_asymmetry_9e9e75,0.9174974969151084,160073.35,160777.61,True,False
Emergent_autonomy_coherence_a41799,Emergent_carefully_concept_e4097b,0.9200139992878822,160073.35,160817.59,True,False
Emergent_autonomy_coherence_a41799,Emergent_carefully_coherence_9c91a3,0.9008008247205053,160073.35,160817.93,True,False
Emergent_autonomy_coherence_a41799,Emergent_bounded_concept_6e0127,0.894451855020687,160073.35,160856.17,True,False
Emergent_autonomy_coherence_a41799,Emergent_bounded_coherence_8fa10b,0.8994150798707439,160073.35,160856.51,True,False
Emergent_autonomy_coherence_a41799,Emergent_bounded_coherence_3042d7,0.9197988141195963,160073.35,160877.09,True,False
Emergent_autonomy_coherence_a41799,Emergent_bounded_cognition_370134,0.9101591903729012,160073.35,160918.05,True,False
Emergent_autonomy_coherence_a41799,Emergent_bounded_coupling_53dac6,0.9161209384748901,160073.35,160938.46,True,False
Emergent_autonomy_coherence_a41799,Emergent_constraint_coupling_cc5a0a,0.9189752807133662,160073.35,161023.71,True,False
Emergent_autonomy_coherence_a41799,Emergent_contradiction_coupling_baffe9,0.9179384913751101,160073.35,161085.51,True,False
Emergent_autonomy_coherence_a41799,Emergent_appears_asymmetry_24b9e2,0.8996591467385233,160073.35,161108.05,True,False
Emergent_autonomy_coherence_a41799,Emergent_cognition_constraint_588317,0.9117807641531903,160073.35,161130.19,True,False
Emergent_autonomy_coherence_a41799,Emergent_appears_asymmetry_b0db07,0.9244309579361001,160073.35,161152.27,True,False
Emergent_autonomy_coherence_a41799,Emergent_concept_contradiction_2c9fc5,0.9230024510683488,160073.35,161281.86,True,False
Emergent_autonomy_coherence_a41799,Emergent_chaos_constraint_dd1d2b,0.9048915784667926,160073.35,161304.13,True,False
Emergent_autonomy_coherence_a41799,Emergent_autonomy_chaos_5eb54b,0.9077081739473885,160073.35,161327.69,True,False
Emergent_autonomy_coherence_a41799,Emergent_autonomy_bounded_59bcc5,0.7905607999526334,160073.35,161352.3,True,False
Emergent_autonomy_coherence_a41799,Emergent_carefully_chaos_bdcbbd,0.9366374921144145,160073.35,161375.62,True,False
Emergent_autonomy_coherence_a41799,Emergent_coupling_ego_dissolution_d16e9d,0.9,160073.35,161440.15,True,False
Emergent_autonomy_coherence_a41799,Emergent_clarity_coupling_e2ed74,0.9,160073.35,161440.49,True,False
Emergent_autonomy_collective_4a8f61,Emergent_identity_inference_a620b6,0.9151262251313379,160073.69,160100.94,True,False
Emergent_autonomy_collective_4a8f61,Emergent_coherence_inference_0aa462,0.907451546646528,160073.69,160101.28,True,False
Emergent_autonomy_collective_4a8f61,Emergent_bounded_hypothesis_41336a,0.9151262300495357,160073.69,160114.75,True,False
Emergent_autonomy_collective_4a8f61,Emergent_bounded_constraint_3b651b,0.8945405467281733,160073.69,160128.04,True,False
Emergent_autonomy_collective_4a8f61,Emergent_carefully_contradiction_2a8f1f,0.9151262287392254,160073.69,160145.33,True,False
Emergent_autonomy_collective_4a8f61,Emergent_autonomy_carefully_dedeae,0.8975083476425112,160073.69,160161.9,True,False
Emergent_autonomy_collective_4a8f61,Emergent_autonomy_carefully_8f6776,0.9052528886702806,160073.69,160162.24,True,False
Emergent_autonomy_collective_4a8f61,Emergent_autonomy_clarity_dc06c1,0.9151262234434538,160073.69,160197.69,True,False
Emergent_autonomy_collective_4a8f61,Emergent_bounded_continuity_322276,0.9096862174229894,160073.69,160209.21,True,False
Emergent_autonomy_collective_4a8f61,Emergent_appears_asymmetry_8dba4c,0.9151262200727361,160073.69,160226.07,True,False
Emergent_autonomy_collective_4a8f61,Emergent_coherence_continuity_e6e25c,0.9151262152574255,160073.69,160255.56,True,False
Emergent_autonomy_collective_4a8f61,Emergent_anticipation_attention_4f292d,0.9151262094703174,160073.69,160290.64,True,False
Emergent_autonomy_collective_4a8f61,Emergent_beneficence_boundary_f57fbb,0.9151261045116168,160073.69,160374.06,True,False
Emergent_autonomy_collective_4a8f61,Emergent_appears_asymmetry_630915,0.8870198635817785,160073.69,160410.15,True,False
Emergent_autonomy_collective_4a8f61,Emergent_autonomy_beneficence_2617f1,0.9151265007760971,160073.69,160427.55,True,False
Emergent_autonomy_collective_4a8f61,Emergent_beneficence_bounded_e069d5,0.9151263681895547,160073.69,160446.85,True,False
Emergent_autonomy_collective_4a8f61,Emergent_autonomy_beneficence_e1ad8f,0.9079395459536674,160073.69,160463.88,True,False
Emergent_autonomy_collective_4a8f61,Emergent_carefully_chaos_3dd412,0.9054571225785415,160073.69,160497.95,True,False
Emergent_autonomy_collective_4a8f61,Emergent_carefully_chaos_fc6e22,0.9150275784707216,160073.69,160498.29,True,False
Emergent_autonomy_collective_4a8f61,Emergent_coherence_coupling_6aece4,0.9023221247221496,160073.69,160515.56,True,False
Emergent_autonomy_collective_4a8f61,Emergent_autonomy_bounded_5ceb4c,0.9143917216456032,160073.69,160552.93,True,False
Emergent_autonomy_collective_4a8f61,Emergent_autonomy_bounded_ab8b66,0.8923962788030069,160073.69,160553.27,True,False
Emergent_autonomy_collective_4a8f61,Emergent_appears_asymmetry_8ccc17,0.91512469794899,160073.69,160572.27,True,False
Emergent_autonomy_collective_4a8f61,Emergent_constraint_contradiction_34bbe1,0.9105612337254705,160073.69,160609.47,True,False
Emergent_autonomy_collective_4a8f61,Emergent_appears_asymmetry_7aac44,0.9151221220243855,160073.69,160630.09,True,False
Emergent_autonomy_collective_4a8f61,Emergent_carefully_coherence_77b5f7,0.9151223520176537,160073.69,160647.76,True,False
Emergent_autonomy_collective_4a8f61,Emergent_carefully_coupling_a140fb,0.9151223520176537,160073.69,160648.1,True,False
Emergent_autonomy_collective_4a8f61,Emergent_autonomy_bounded_72bafc,0.9151197235231592,160073.69,160668.34,True,False
Emergent_autonomy_collective_4a8f61,Emergent_coherence_contradiction_1493a4,0.8949392272867296,160073.69,160703.78,True,False
Emergent_autonomy_collective_4a8f61,Emergent_autonomy_collective_461851,0.9151166256546477,160073.69,160724.13,True,False
Emergent_autonomy_collective_4a8f61,Emergent_coherence_constraint_b926a8,0.9151170950286647,160073.69,160741.82,True,False
Emergent_autonomy_collective_4a8f61,Emergent_bounded_coupling_d18f1e,0.9151175644026814,160073.69,160757.94,True,False
Emergent_autonomy_collective_4a8f61,Emergent_appears_asymmetry_9e9e75,0.9151135411968225,160073.69,160777.61,True,False
Emergent_autonomy_collective_4a8f61,Emergent_carefully_concept_e4097b,0.915098214698312,160073.69,160817.59,True,False
Emergent_autonomy_collective_4a8f61,Emergent_carefully_coherence_9c91a3,0.9008008247205053,160073.69,160817.93,True,False
Emergent_autonomy_collective_4a8f61,Emergent_bounded_concept_6e0127,0.894451855020687,160073.69,160856.17,True,False
Emergent_autonomy_collective_4a8f61,Emergent_bounded_coherence_8fa10b,0.8994150798707439,160073.69,160856.51,True,False
Emergent_autonomy_collective_4a8f61,Emergent_bounded_coherence_3042d7,0.9147895429945583,160073.69,160877.09,True,False
Emergent_autonomy_collective_4a8f61,Emergent_bounded_cognition_370134,0.9101591903729012,160073.69,160918.05,True,False
Emergent_autonomy_collective_4a8f61,Emergent_bounded_coupling_53dac6,0.9152295682527036,160073.69,160938.46,True,False
Emergent_autonomy_collective_4a8f61,Emergent_constraint_coupling_cc5a0a,0.9137427173711661,160073.69,161023.71,True,False
Emergent_autonomy_collective_4a8f61,Emergent_contradiction_coupling_baffe9,0.9155854123485911,160073.69,161085.51,True,False
Emergent_autonomy_collective_4a8f61,Emergent_appears_asymmetry_24b9e2,0.8996591467385233,160073.69,161108.05,True,False
Emergent_autonomy_collective_4a8f61,Emergent_cognition_constraint_588317,0.9117807641531903,160073.69,161130.19,True,False
Emergent_autonomy_collective_4a8f61,Emergent_appears_asymmetry_b0db07,0.9193200916501343,160073.69,161152.27,True,False
Emergent_autonomy_collective_4a8f61,Emergent_concept_contradiction_2c9fc5,0.9180854003246088,160073.69,161281.86,True,False
Emergent_autonomy_collective_4a8f61,Emergent_chaos_constraint_dd1d2b,0.9048915784667926,160073.69,161304.13,True,False
Emergent_autonomy_collective_4a8f61,Emergent_autonomy_chaos_5eb54b,0.9077081739473885,160073.69,161327.69,True,False
Emergent_autonomy_collective_4a8f61,Emergent_autonomy_bounded_59bcc5,0.787463186169802,160073.69,161352.3,True,False
Emergent_autonomy_collective_4a8f61,Emergent_carefully_chaos_bdcbbd,0.9366374921144145,160073.69,161375.62,True,False
Emergent_autonomy_collective_4a8f61,Emergent_coupling_ego_dissolution_d16e9d,0.9,160073.69,161440.15,True,False
Emergent_autonomy_collective_4a8f61,Emergent_clarity_coupling_e2ed74,0.9,160073.69,161440.49,True,False
Emergent_identity_inference_a620b6,Emergent_coherence_inference_0aa462,0.9074515461724015,160100.94,160101.28,True,False
Emergent_identity_inference_a620b6,Emergent_bounded_hypothesis_41336a,0.9164484395620074,160100.94,160114.75,True,False
Emergent_identity_inference_a620b6,Emergent_bounded_constraint_3b651b,0.8945405467281733,160100.94,160128.04,True,False
Emergent_identity_inference_a620b6,Emergent_carefully_contradiction_2a8f1f,0.9164484387399596,160100.94,160145.33,True,False
Emergent_identity_inference_a620b6,Emergent_autonomy_carefully_dedeae,0.8975083476425112,160100.94,160161.9,True,False
Emergent_identity_inference_a620b6,Emergent_autonomy_carefully_8f6776,0.9052528886702806,160100.94,160162.24,True,False
Emergent_identity_inference_a620b6,Emergent_autonomy_clarity_dc06c1,0.9164484334441878,160100.94,160197.69,True,False
Emergent_identity_inference_a620b6,Emergent_bounded_continuity_322276,0.9096862174229894,160100.94,160209.21,True,False
Emergent_identity_inference_a620b6,Emergent_appears_asymmetry_8dba4c,0.9164484300734705,160100.94,160226.07,True,False
Emergent_identity_inference_a620b6,Emergent_coherence_continuity_e6e25c,0.9164484252581597,160100.94,160255.56,True,False
Emergent_identity_inference_a620b6,Emergent_anticipation_attention_4f292d,0.9164484194710516,160100.94,160290.64,True,False
Emergent_identity_inference_a620b6,Emergent_beneficence_boundary_f57fbb,0.916448317550733,160100.94,160374.06,True,False
Emergent_identity_inference_a620b6,Emergent_appears_asymmetry_630915,0.8870198635817785,160100.94,160410.15,True,False
Emergent_identity_inference_a620b6,Emergent_autonomy_beneficence_2617f1,0.9164487066955904,160100.94,160427.55,True,False
Emergent_identity_inference_a620b6,Emergent_beneficence_bounded_e069d5,0.9164485741090482,160100.94,160446.85,True,False
Emergent_identity_inference_a620b6,Emergent_autonomy_beneficence_e1ad8f,0.9079395459536674,160100.94,160463.88,True,False
Emergent_identity_inference_a620b6,Emergent_carefully_chaos_3dd412,0.9054571225785415,160100.94,160497.95,True,False
Emergent_identity_inference_a620b6,Emergent_carefully_chaos_fc6e22,0.9150275784707216,160100.94,160498.29,True,False
Emergent_identity_inference_a620b6,Emergent_coherence_coupling_6aece4,0.9023221247221496,160100.94,160515.56,True,False
Emergent_identity_inference_a620b6,Emergent_autonomy_bounded_5ceb4c,0.9143917216456032,160100.94,160552.93,True,False
Emergent_identity_inference_a620b6,Emergent_autonomy_bounded_ab8b66,0.8923962788030069,160100.94,160553.27,True,False
Emergent_identity_inference_a620b6,Emergent_appears_asymmetry_8ccc17,0.9164468911558303,160100.94,160572.27,True,False
Emergent_identity_inference_a620b6,Emergent_constraint_contradiction_34bbe1,0.9105612337254705,160100.94,160609.47,True,False
Emergent_identity_inference_a620b6,Emergent_appears_asymmetry_7aac44,0.9164443152312256,160100.94,160630.09,True,False
Emergent_identity_inference_a620b6,Emergent_carefully_coherence_77b5f7,0.9155090759163849,160100.94,160647.76,True,False
Emergent_identity_inference_a620b6,Emergent_carefully_coupling_a140fb,0.9163573722234482,160100.94,160648.1,True,False
Emergent_identity_inference_a620b6,Emergent_autonomy_bounded_72bafc,0.9164419167299991,160100.94,160668.34,True,False
Emergent_identity_inference_a620b6,Emergent_coherence_contradiction_1493a4,0.8949392272867296,160100.94,160703.78,True,False
Emergent_identity_inference_a620b6,Emergent_autonomy_collective_461851,0.9164388188614878,160100.94,160724.13,True,False
Emergent_identity_inference_a620b6,Emergent_coherence_constraint_b926a8,0.9164392882355046,160100.94,160741.82,True,False
Emergent_identity_inference_a620b6,Emergent_bounded_coupling_d18f1e,0.9164397576095216,160100.94,160757.94,True,False
Emergent_identity_inference_a620b6,Emergent_appears_asymmetry_9e9e75,0.9164357344036627,160100.94,160777.61,True,False
Emergent_identity_inference_a620b6,Emergent_carefully_concept_e4097b,0.9164204079051521,160100.94,160817.59,True,False
Emergent_identity_inference_a620b6,Emergent_carefully_coherence_9c91a3,0.9008008247205053,160100.94,160817.93,True,False
Emergent_identity_inference_a620b6,Emergent_bounded_concept_6e0127,0.894451855020687,160100.94,160856.17,True,False
Emergent_identity_inference_a620b6,Emergent_bounded_coherence_8fa10b,0.8994150798707439,160100.94,160856.51,True,False
Emergent_identity_inference_a620b6,Emergent_bounded_coherence_3042d7,0.9161120554425808,160100.94,160877.09,True,False
Emergent_identity_inference_a620b6,Emergent_bounded_cognition_370134,0.9101591903729012,160100.94,160918.05,True,False
Emergent_identity_inference_a620b6,Emergent_bounded_coupling_53dac6,0.9161209384748901,160100.94,160938.46,True,False
Emergent_identity_inference_a620b6,Emergent_constraint_coupling_cc5a0a,0.915063940687298,160100.94,161023.71,True,False
Emergent_identity_inference_a620b6,Emergent_contradiction_coupling_baffe9,0.9169176162285739,160100.94,161085.51,True,False
Emergent_identity_inference_a620b6,Emergent_appears_asymmetry_24b9e2,0.8996591467385233,160100.94,161108.05,True,False
Emergent_identity_inference_a620b6,Emergent_cognition_constraint_588317,0.9117807641531903,160100.94,161130.19,True,False
Emergent_identity_inference_a620b6,Emergent_appears_asymmetry_b0db07,0.9206105864346297,160100.94,161152.27,True,False
Emergent_identity_inference_a620b6,Emergent_concept_contradiction_2c9fc5,0.9193269566449767,160100.94,161281.86,True,False
Emergent_identity_inference_a620b6,Emergent_chaos_constraint_dd1d2b,0.9048915784667926,160100.94,161304.13,True,False
Emergent_identity_inference_a620b6,Emergent_autonomy_chaos_5eb54b,0.9077081739473885,160100.94,161327.69,True,False
Emergent_identity_inference_a620b6,Emergent_autonomy_bounded_59bcc5,0.7889154940021235,160100.94,161352.3,True,False
Emergent_identity_inference_a620b6,Emergent_carefully_chaos_bdcbbd,0.9366374921144145,160100.94,161375.62,True,False
Emergent_identity_inference_a620b6,Emergent_coupling_ego_dissolution_d16e9d,0.9,160100.94,161440.15,True,False
Emergent_identity_inference_a620b6,Emergent_clarity_coupling_e2ed74,0.9,160100.94,161440.49,True,False
Emergent_coherence_inference_0aa462,Emergent_bounded_hypothesis_41336a,0.907451551136355,160101.28,160114.75,True,False
Emergent_coherence_inference_0aa462,Emergent_bounded_constraint_3b651b,0.8945405467281733,160101.28,160128.04,True,False
Emergent_coherence_inference_0aa462,Emergent_carefully_contradiction_2a8f1f,0.907451550340173,160101.28,160145.33,True,False
Emergent_coherence_inference_0aa462,Emergent_autonomy_carefully_dedeae,0.8975083476425112,160101.28,160161.9,True,False
Emergent_coherence_inference_0aa462,Emergent_autonomy_carefully_8f6776,0.9052528886702806,160101.28,160162.24,True,False
Emergent_coherence_inference_0aa462,Emergent_autonomy_clarity_dc06c1,0.9074515450444012,160101.28,160197.69,True,False
Emergent_coherence_inference_0aa462,Emergent_bounded_continuity_322276,0.9074515454189254,160101.28,160209.21,True,False
Emergent_coherence_inference_0aa462,Emergent_appears_asymmetry_8dba4c,0.9074515416736837,160101.28,160226.07,True,False
Emergent_coherence_inference_0aa462,Emergent_coherence_continuity_e6e25c,0.9074515368583731,160101.28,160255.56,True,False
Emergent_coherence_inference_0aa462,Emergent_anticipation_attention_4f292d,0.9074515310712647,160101.28,160290.64,True,False
Emergent_coherence_inference_0aa462,Emergent_beneficence_boundary_f57fbb,0.9074514132358731,160101.28,160374.06,True,False
Emergent_coherence_inference_0aa462,Emergent_appears_asymmetry_630915,0.8870198635817785,160101.28,160410.15,True,False
Emergent_coherence_inference_0aa462,Emergent_autonomy_beneficence_2617f1,0.9074518396733817,160101.28,160427.55,True,False
Emergent_coherence_inference_0aa462,Emergent_beneficence_bounded_e069d5,0.9074517070868393,160101.28,160446.85,True,False
Emergent_coherence_inference_0aa462,Emergent_autonomy_beneficence_e1ad8f,0.9074517260277739,160101.28,160463.88,True,False
Emergent_coherence_inference_0aa462,Emergent_carefully_chaos_3dd412,0.9054571225785415,160101.28,160497.95,True,False
Emergent_coherence_inference_0aa462,Emergent_carefully_chaos_fc6e22,0.9074507683501605,160101.28,160498.29,True,False
Emergent_coherence_inference_0aa462,Emergent_coherence_coupling_6aece4,0.9023221247221496,160101.28,160515.56,True,False
Emergent_coherence_inference_0aa462,Emergent_autonomy_bounded_5ceb4c,0.9074507669028311,160101.28,160552.93,True,False
Emergent_coherence_inference_0aa462,Emergent_autonomy_bounded_ab8b66,0.8923962788030069,160101.28,160553.27,True,False
Emergent_coherence_inference_0aa462,Emergent_appears_asymmetry_8ccc17,0.9074500907226224,160101.28,160572.27,True,False
Emergent_coherence_inference_0aa462,Emergent_constraint_contradiction_34bbe1,0.9074491247508958,160101.28,160609.47,True,False
Emergent_coherence_inference_0aa462,Emergent_appears_asymmetry_7aac44,0.9074475147980179,160101.28,160630.09,True,False
Emergent_coherence_inference_0aa462,Emergent_carefully_coherence_77b5f7,0.9074477447912861,160101.28,160647.76,True,False
Emergent_coherence_inference_0aa462,Emergent_carefully_coupling_a140fb,0.9074477447912861,160101.28,160648.1,True,False
Emergent_coherence_inference_0aa462,Emergent_autonomy_bounded_72bafc,0.9074451162967916,160101.28,160668.34,True,False
Emergent_coherence_inference_0aa462,Emergent_coherence_contradiction_1493a4,0.8949392272867296,160101.28,160703.78,True,False
Emergent_coherence_inference_0aa462,Emergent_autonomy_collective_461851,0.9074420184282801,160101.28,160724.13,True,False
Emergent_coherence_inference_0aa462,Emergent_coherence_constraint_b926a8,0.9074424878022971,160101.28,160741.82,True,False
Emergent_coherence_inference_0aa462,Emergent_bounded_coupling_d18f1e,0.9074429571763138,160101.28,160757.94,True,False
Emergent_coherence_inference_0aa462,Emergent_appears_asymmetry_9e9e75,0.9074389339704549,160101.28,160777.61,True,False
Emergent_coherence_inference_0aa462,Emergent_carefully_concept_e4097b,0.9074236074719444,160101.28,160817.59,True,False
Emergent_coherence_inference_0aa462,Emergent_carefully_coherence_9c91a3,0.9008008247205053,160101.28,160817.93,True,False
Emergent_coherence_inference_0aa462,Emergent_bounded_concept_6e0127,0.894451855020687,160101.28,160856.17,True,False
Emergent_coherence_inference_0aa462,Emergent_bounded_coherence_8fa10b,0.8994150798707439,160101.28,160856.51,True,False
Emergent_coherence_inference_0aa462,Emergent_bounded_coherence_3042d7,0.9071135828209855,160101.28,160877.09,True,False
Emergent_coherence_inference_0aa462,Emergent_bounded_cognition_370134,0.9075540683374872,160101.28,160918.05,True,False
Emergent_coherence_inference_0aa462,Emergent_bounded_coupling_53dac6,0.90755976778508,160101.28,160938.46,True,False
Emergent_coherence_inference_0aa462,Emergent_constraint_coupling_cc5a0a,0.9060722205509588,160101.28,161023.71,True,False
Emergent_coherence_inference_0aa462,Emergent_contradiction_coupling_baffe9,0.9078683797930447,160101.28,161085.51,True,False
Emergent_coherence_inference_0aa462,Emergent_appears_asymmetry_24b9e2,0.8996591467385233,160101.28,161108.05,True,False
Emergent_coherence_inference_0aa462,Emergent_cognition_constraint_588317,0.9117807641531903,160101.28,161130.19,True,False
Emergent_coherence_inference_0aa462,Emergent_appears_asymmetry_b0db07,0.911779822642911,160101.28,161152.27,True,False
Emergent_coherence_inference_0aa462,Emergent_concept_contradiction_2c9fc5,0.9107525329996236,160101.28,161281.86,True,False
Emergent_coherence_inference_0aa462,Emergent_chaos_constraint_dd1d2b,0.9048915784667926,160101.28,161304.13,True,False
Emergent_coherence_inference_0aa462,Emergent_autonomy_chaos_5eb54b,0.9009176083921766,160101.28,161327.69,True,False
Emergent_coherence_inference_0aa462,Emergent_autonomy_bounded_59bcc5,0.7792371519076724,160101.28,161352.3,True,False
Emergent_coherence_inference_0aa462,Emergent_carefully_chaos_bdcbbd,0.935832560943483,160101.28,161375.62,True,False
Emergent_coherence_inference_0aa462,Emergent_coupling_ego_dissolution_d16e9d,0.9,160101.28,161440.15,True,False
Emergent_coherence_inference_0aa462,Emergent_clarity_coupling_e2ed74,0.9,160101.28,161440.49,True,False
Emergent_bounded_hypothesis_41336a,Emergent_bounded_constraint_3b651b,0.8945405467281733,160114.75,160128.04,True,False
Emergent_bounded_hypothesis_41336a,Emergent_carefully_contradiction_2a8f1f,0.922084168753033,160114.75,160145.33,True,False
Emergent_bounded_hypothesis_41336a,Emergent_autonomy_carefully_dedeae,0.8975083476425112,160114.75,160161.9,True,False
Emergent_bounded_hypothesis_41336a,Emergent_autonomy_carefully_8f6776,0.9052528886702806,160114.75,160162.24,True,False
Emergent_bounded_hypothesis_41336a,Emergent_autonomy_clarity_dc06c1,0.919065883126321,160114.75,160197.69,True,False
Emergent_bounded_hypothesis_41336a,Emergent_bounded_continuity_322276,0.9096862174229894,160114.75,160209.21,True,False
Emergent_bounded_hypothesis_41336a,Emergent_appears_asymmetry_8dba4c,0.9246906599016673,160114.75,160226.07,True,False
Emergent_bounded_hypothesis_41336a,Emergent_coherence_continuity_e6e25c,0.917657567875982,160114.75,160255.56,True,False
Emergent_bounded_hypothesis_41336a,Emergent_anticipation_attention_4f292d,0.9231227262363757,160114.75,160290.64,True,False
Emergent_bounded_hypothesis_41336a,Emergent_beneficence_boundary_f57fbb,0.9273954021196125,160114.75,160374.06,True,False
Emergent_bounded_hypothesis_41336a,Emergent_appears_asymmetry_630915,0.8870198635817785,160114.75,160410.15,True,False
Emergent_bounded_hypothesis_41336a,Emergent_autonomy_beneficence_2617f1,0.9210608566314169,160114.75,160427.55,True,False
Emergent_bounded_hypothesis_41336a,Emergent_beneficence_bounded_e069d5,0.9179183012700702,160114.75,160446.85,True,False
Emergent_bounded_hypothesis_41336a,Emergent_autonomy_beneficence_e1ad8f,0.9079395459536674,160114.75,160463.88,True,False
Emergent_bounded_hypothesis_41336a,Emergent_carefully_chaos_3dd412,0.9054571225785415,160114.75,160497.95,True,False
Emergent_bounded_hypothesis_41336a,Emergent_carefully_chaos_fc6e22,0.9150275784707216,160114.75,160498.29,True,False
Emergent_bounded_hypothesis_41336a,Emergent_coherence_coupling_6aece4,0.9023221247221496,160114.75,160515.56,True,False
Emergent_bounded_hypothesis_41336a,Emergent_autonomy_bounded_5ceb4c,0.9143917216456032,160114.75,160552.93,True,False
Emergent_bounded_hypothesis_41336a,Emergent_autonomy_bounded_ab8b66,0.8923962788030069,160114.75,160553.27,True,False
Emergent_bounded_hypothesis_41336a,Emergent_appears_asymmetry_8ccc17,0.9189626801455997,160114.75,160572.27,True,False
Emergent_bounded_hypothesis_41336a,Emergent_constraint_contradiction_34bbe1,0.9105612337254705,160114.75,160609.47,True,False
Emergent_bounded_hypothesis_41336a,Emergent_appears_asymmetry_7aac44,0.9178476964569993,160114.75,160630.09,True,False
Emergent_bounded_hypothesis_41336a,Emergent_carefully_coherence_77b5f7,0.9155090759163849,160114.75,160647.76,True,False
Emergent_bounded_hypothesis_41336a,Emergent_carefully_coupling_a140fb,0.9163573722234482,160114.75,160648.1,True,False
Emergent_bounded_hypothesis_41336a,Emergent_autonomy_bounded_72bafc,0.9262327962869503,160114.75,160668.34,True,False
Emergent_bounded_hypothesis_41336a,Emergent_coherence_contradiction_1493a4,0.8949392272867296,160114.75,160703.78,True,False
Emergent_bounded_hypothesis_41336a,Emergent_autonomy_collective_461851,0.919265750776967,160114.75,160724.13,True,False
Emergent_bounded_hypothesis_41336a,Emergent_coherence_constraint_b926a8,0.9172307542367402,160114.75,160741.82,True,False
Emergent_bounded_hypothesis_41336a,Emergent_bounded_coupling_d18f1e,0.9270546007705176,160114.75,160757.94,True,False
Emergent_bounded_hypothesis_41336a,Emergent_appears_asymmetry_9e9e75,0.9174974969151084,160114.75,160777.61,True,False
Emergent_bounded_hypothesis_41336a,Emergent_carefully_concept_e4097b,0.9273757469865098,160114.75,160817.59,True,False
Emergent_bounded_hypothesis_41336a,Emergent_carefully_coherence_9c91a3,0.9008008247205053,160114.75,160817.93,True,False
Emergent_bounded_hypothesis_41336a,Emergent_bounded_concept_6e0127,0.894451855020687,160114.75,160856.17,True,False
Emergent_bounded_hypothesis_41336a,Emergent_bounded_coherence_8fa10b,0.8994150798707439,160114.75,160856.51,True,False
Emergent_bounded_hypothesis_41336a,Emergent_bounded_coherence_3042d7,0.9199044797802667,160114.75,160877.09,True,False
Emergent_bounded_hypothesis_41336a,Emergent_bounded_cognition_370134,0.9101591903729012,160114.75,160918.05,True,False
Emergent_bounded_hypothesis_41336a,Emergent_bounded_coupling_53dac6,0.9161209384748901,160114.75,160938.46,True,False
Emergent_bounded_hypothesis_41336a,Emergent_constraint_coupling_cc5a0a,0.922715354695254,160114.75,161023.71,True,False
Emergent_bounded_hypothesis_41336a,Emergent_contradiction_coupling_baffe9,0.9179384913751101,160114.75,161085.51,True,False
Emergent_bounded_hypothesis_41336a,Emergent_appears_asymmetry_24b9e2,0.8996591467385233,160114.75,161108.05,True,False
Emergent_bounded_hypothesis_41336a,Emergent_cognition_constraint_588317,0.9117807641531903,160114.75,161130.19,True,False
Emergent_bounded_hypothesis_41336a,Emergent_appears_asymmetry_b0db07,0.9316150374793555,160114.75,161152.27,True,False
Emergent_bounded_hypothesis_41336a,Emergent_concept_contradiction_2c9fc5,0.9286155110780743,160114.75,161281.86,True,False
Emergent_bounded_hypothesis_41336a,Emergent_chaos_constraint_dd1d2b,0.9048915784667926,160114.75,161304.13,True,False
Emergent_bounded_hypothesis_41336a,Emergent_autonomy_chaos_5eb54b,0.9077081739473885,160114.75,161327.69,True,False
Emergent_bounded_hypothesis_41336a,Emergent_autonomy_bounded_59bcc5,0.7905607999526334,160114.75,161352.3,True,False
Emergent_bounded_hypothesis_41336a,Emergent_carefully_chaos_bdcbbd,0.9366374921144145,160114.75,161375.62,True,False
Emergent_bounded_hypothesis_41336a,Emergent_coupling_ego_dissolution_d16e9d,0.9,160114.75,161440.15,True,False
Emergent_bounded_hypothesis_41336a,Emergent_clarity_coupling_e2ed74,0.9,160114.75,161440.49,True,False
Emergent_bounded_constraint_3b651b,Emergent_carefully_contradiction_2a8f1f,0.8945405456270723,160128.04,160145.33,True,False
Emergent_bounded_constraint_3b651b,Emergent_autonomy_carefully_dedeae,0.8945405440540706,160128.04,160161.9,True,False
Emergent_bounded_constraint_3b651b,Emergent_autonomy_carefully_8f6776,0.8945405440540706,160128.04,160162.24,True,False
Emergent_bounded_constraint_3b651b,Emergent_autonomy_clarity_dc06c1,0.894540538061684,160128.04,160197.69,True,False
Emergent_bounded_constraint_3b651b,Emergent_bounded_continuity_322276,0.8945405385967184,160128.04,160209.21,True,False
Emergent_bounded_constraint_3b651b,Emergent_appears_asymmetry_8dba4c,0.8945405332463734,160128.04,160226.07,True,False
Emergent_bounded_constraint_3b651b,Emergent_coherence_continuity_e6e25c,0.894540526367358,160128.04,160255.56,True,False
Emergent_bounded_constraint_3b651b,Emergent_anticipation_attention_4f292d,0.8945405181000607,160128.04,160290.64,True,False
Emergent_bounded_constraint_3b651b,Emergent_beneficence_boundary_f57fbb,0.8945403243846588,160128.04,160374.06,True,False
Emergent_bounded_constraint_3b651b,Emergent_appears_asymmetry_630915,0.8870198635817785,160128.04,160410.15,True,False
Emergent_bounded_constraint_3b651b,Emergent_autonomy_beneficence_2617f1,0.8945404691880758,160128.04,160427.55,True,False
Emergent_bounded_constraint_3b651b,Emergent_beneficence_bounded_e069d5,0.8945403366015336,160128.04,160446.85,True,False
Emergent_bounded_constraint_3b651b,Emergent_autonomy_beneficence_e1ad8f,0.8945403555424682,160128.04,160463.88,True,False
Emergent_bounded_constraint_3b651b,Emergent_carefully_chaos_3dd412,0.8945392243542356,160128.04,160497.95,True,False
Emergent_bounded_constraint_3b651b,Emergent_carefully_chaos_fc6e22,0.8945392521978988,160128.04,160498.29,True,False
Emergent_bounded_constraint_3b651b,Emergent_coherence_coupling_6aece4,0.894539888853052,160128.04,160515.56,True,False
Emergent_bounded_constraint_3b651b,Emergent_autonomy_bounded_5ceb4c,0.8945394707482897,160128.04,160552.93,True,False
Emergent_bounded_constraint_3b651b,Emergent_autonomy_bounded_ab8b66,0.8923962788030069,160128.04,160553.27,True,False
Emergent_bounded_constraint_3b651b,Emergent_appears_asymmetry_8ccc17,0.8945387945680809,160128.04,160572.27,True,False
Emergent_bounded_constraint_3b651b,Emergent_constraint_contradiction_34bbe1,0.8945378285963541,160128.04,160609.47,True,False
Emergent_bounded_constraint_3b651b,Emergent_appears_asymmetry_7aac44,0.8945362186434762,160128.04,160630.09,True,False
Emergent_bounded_constraint_3b651b,Emergent_carefully_coherence_77b5f7,0.8945364486367444,160128.04,160647.76,True,False
Emergent_bounded_constraint_3b651b,Emergent_carefully_coupling_a140fb,0.8945364486367444,160128.04,160648.1,True,False
Emergent_bounded_constraint_3b651b,Emergent_autonomy_bounded_72bafc,0.8945338201422499,160128.04,160668.34,True,False
Emergent_bounded_constraint_3b651b,Emergent_coherence_contradiction_1493a4,0.8945344772658737,160128.04,160703.78,True,False
Emergent_bounded_constraint_3b651b,Emergent_autonomy_collective_461851,0.8945307222737384,160128.04,160724.13,True,False
Emergent_bounded_constraint_3b651b,Emergent_coherence_constraint_b926a8,0.8945311916477554,160128.04,160741.82,True,False
Emergent_bounded_constraint_3b651b,Emergent_bounded_coupling_d18f1e,0.8945316610217724,160128.04,160757.94,True,False
Emergent_bounded_constraint_3b651b,Emergent_appears_asymmetry_9e9e75,0.8945276378159133,160128.04,160777.61,True,False
Emergent_bounded_constraint_3b651b,Emergent_carefully_concept_e4097b,0.8945123113174029,160128.04,160817.59,True,False
Emergent_bounded_constraint_3b651b,Emergent_carefully_coherence_9c91a3,0.8945123113174029,160128.04,160817.93,True,False
Emergent_bounded_constraint_3b651b,Emergent_bounded_concept_6e0127,0.894451855020687,160128.04,160856.17,True,False
Emergent_bounded_constraint_3b651b,Emergent_bounded_coherence_8fa10b,0.8944991704597898,160128.04,160856.51,True,False
Emergent_bounded_constraint_3b651b,Emergent_bounded_coherence_3042d7,0.8942004200662825,160128.04,160877.09,True,False
Emergent_bounded_constraint_3b651b,Emergent_bounded_cognition_370134,0.8946494038509174,160128.04,160918.05,True,False
Emergent_bounded_constraint_3b651b,Emergent_bounded_coupling_53dac6,0.8946551032985102,160128.04,160938.46,True,False
Emergent_bounded_constraint_3b651b,Emergent_constraint_coupling_cc5a0a,0.8931665953381762,160128.04,161023.71,True,False
Emergent_bounded_constraint_3b651b,Emergent_contradiction_coupling_baffe9,0.8948985513277106,160128.04,161085.51,True,False
Emergent_bounded_constraint_3b651b,Emergent_appears_asymmetry_24b9e2,0.8931166779154796,160128.04,161108.05,True,False
Emergent_bounded_constraint_3b651b,Emergent_cognition_constraint_588317,0.9002631051616512,160128.04,161130.19,True,False
Emergent_bounded_constraint_3b651b,Emergent_appears_asymmetry_b0db07,0.8990538668627748,160128.04,161152.27,True,False
Emergent_bounded_constraint_3b651b,Emergent_concept_contradiction_2c9fc5,0.898312719954466,160128.04,161281.86,True,False
Emergent_bounded_constraint_3b651b,Emergent_chaos_constraint_dd1d2b,0.8947832499544659,160128.04,161304.13,True,False
Emergent_bounded_constraint_3b651b,Emergent_autonomy_chaos_5eb54b,0.8885229536342263,160128.04,161327.69,True,False
Emergent_bounded_constraint_3b651b,Emergent_autonomy_bounded_59bcc5,0.7655650767736568,160128.04,161352.3,True,False
Emergent_bounded_constraint_3b651b,Emergent_carefully_chaos_bdcbbd,0.9241392912511799,160128.04,161375.62,True,False
Emergent_bounded_constraint_3b651b,Emergent_coupling_ego_dissolution_d16e9d,0.9,160128.04,161440.15,True,False
Emergent_bounded_constraint_3b651b,Emergent_clarity_coupling_e2ed74,0.9,160128.04,161440.49,True,False
Emergent_carefully_contradiction_2a8f1f,Emergent_autonomy_carefully_dedeae,0.8975083476425112,160145.33,160161.9,True,False
Emergent_carefully_contradiction_2a8f1f,Emergent_autonomy_carefully_8f6776,0.9052528886702806,160145.33,160162.24,True,False
Emergent_carefully_contradiction_2a8f1f,Emergent_autonomy_clarity_dc06c1,0.919065883126321,160145.33,160197.69,True,False
Emergent_carefully_contradiction_2a8f1f,Emergent_bounded_continuity_322276,0.9096862174229894,160145.33,160209.21,True,False
Emergent_carefully_contradiction_2a8f1f,Emergent_appears_asymmetry_8dba4c,0.9220841626864906,160145.33,160226.07,True,False
Emergent_carefully_contradiction_2a8f1f,Emergent_coherence_continuity_e6e25c,0.917657567875982,160145.33,160255.56,True,False
Emergent_carefully_contradiction_2a8f1f,Emergent_anticipation_attention_4f292d,0.9220841552647974,160145.33,160290.64,True,False
Emergent_carefully_contradiction_2a8f1f,Emergent_beneficence_boundary_f57fbb,0.9220840935148029,160145.33,160374.06,True,False
Emergent_carefully_contradiction_2a8f1f,Emergent_appears_asymmetry_630915,0.8870198635817785,160145.33,160410.15,True,False
Emergent_carefully_contradiction_2a8f1f,Emergent_autonomy_beneficence_2617f1,0.9210608566314169,160145.33,160427.55,True,False
Emergent_carefully_contradiction_2a8f1f,Emergent_beneficence_bounded_e069d5,0.9179183012700702,160145.33,160446.85,True,False
Emergent_carefully_contradiction_2a8f1f,Emergent_autonomy_beneficence_e1ad8f,0.9079395459536674,160145.33,160463.88,True,False
Emergent_carefully_contradiction_2a8f1f,Emergent_carefully_chaos_3dd412,0.9054571225785415,160145.33,160497.95,True,False
Emergent_carefully_contradiction_2a8f1f,Emergent_carefully_chaos_fc6e22,0.9150275784707216,160145.33,160498.29,True,False
Emergent_carefully_contradiction_2a8f1f,Emergent_coherence_coupling_6aece4,0.9023221247221496,160145.33,160515.56,True,False
Emergent_carefully_contradiction_2a8f1f,Emergent_autonomy_bounded_5ceb4c,0.9143917216456032,160145.33,160552.93,True,False
Emergent_carefully_contradiction_2a8f1f,Emergent_autonomy_bounded_ab8b66,0.8923962788030069,160145.33,160553.27,True,False
Emergent_carefully_contradiction_2a8f1f,Emergent_appears_asymmetry_8ccc17,0.9189626801455997,160145.33,160572.27,True,False
Emergent_carefully_contradiction_2a8f1f,Emergent_constraint_contradiction_34bbe1,0.9105612337254705,160145.33,160609.47,True,False
Emergent_carefully_contradiction_2a8f1f,Emergent_appears_asymmetry_7aac44,0.9178476964569993,160145.33,160630.09,True,False
Emergent_carefully_contradiction_2a8f1f,Emergent_carefully_coherence_77b5f7,0.9155090759163849,160145.33,160647.76,True,False
Emergent_carefully_contradiction_2a8f1f,Emergent_carefully_coupling_a140fb,0.9163573722234482,160145.33,160648.1,True,False
Emergent_carefully_contradiction_2a8f1f,Emergent_autonomy_bounded_72bafc,0.9220795503163657,160145.33,160668.34,True,False
Emergent_carefully_contradiction_2a8f1f,Emergent_coherence_contradiction_1493a4,0.8949392272867296,160145.33,160703.78,True,False
Emergent_carefully_contradiction_2a8f1f,Emergent_autonomy_collective_461851,0.919265750776967,160145.33,160724.13,True,False
Emergent_carefully_contradiction_2a8f1f,Emergent_coherence_constraint_b926a8,0.9172307542367402,160145.33,160741.82,True,False
Emergent_carefully_contradiction_2a8f1f,Emergent_bounded_coupling_d18f1e,0.9220780389320313,160145.33,160757.94,True,False
Emergent_carefully_contradiction_2a8f1f,Emergent_appears_asymmetry_9e9e75,0.9174974969151084,160145.33,160777.61,True,False
Emergent_carefully_contradiction_2a8f1f,Emergent_carefully_concept_e4097b,0.9220644941389726,160145.33,160817.59,True,False
Emergent_carefully_contradiction_2a8f1f,Emergent_carefully_coherence_9c91a3,0.9008008247205053,160145.33,160817.93,True,False
Emergent_carefully_contradiction_2a8f1f,Emergent_bounded_concept_6e0127,0.894451855020687,160145.33,160856.17,True,False
Emergent_carefully_contradiction_2a8f1f,Emergent_bounded_coherence_8fa10b,0.8994150798707439,160145.33,160856.51,True,False
Emergent_carefully_contradiction_2a8f1f,Emergent_bounded_coherence_3042d7,0.9199044797802667,160145.33,160877.09,True,False
Emergent_carefully_contradiction_2a8f1f,Emergent_bounded_cognition_370134,0.9101591903729012,160145.33,160918.05,True,False
Emergent_carefully_contradiction_2a8f1f,Emergent_bounded_coupling_53dac6,0.9161209384748901,160145.33,160938.46,True,False
Emergent_carefully_contradiction_2a8f1f,Emergent_constraint_coupling_cc5a0a,0.9210239358721579,160145.33,161023.71,True,False
Emergent_carefully_contradiction_2a8f1f,Emergent_contradiction_coupling_baffe9,0.9179384913751101,160145.33,161085.51,True,False
Emergent_carefully_contradiction_2a8f1f,Emergent_appears_asymmetry_24b9e2,0.8996591467385233,160145.33,161108.05,True,False
Emergent_carefully_contradiction_2a8f1f,Emergent_cognition_constraint_588317,0.9117807641531903,160145.33,161130.19,True,False
Emergent_carefully_contradiction_2a8f1f,Emergent_appears_asymmetry_b0db07,0.9264319662178722,160145.33,161152.27,True,False
Emergent_carefully_contradiction_2a8f1f,Emergent_concept_contradiction_2c9fc5,0.9249275766164649,160145.33,161281.86,True,False
Emergent_carefully_contradiction_2a8f1f,Emergent_chaos_constraint_dd1d2b,0.9048915784667926,160145.33,161304.13,True,False
Emergent_carefully_contradiction_2a8f1f,Emergent_autonomy_chaos_5eb54b,0.9077081739473885,160145.33,161327.69,True,False
Emergent_carefully_contradiction_2a8f1f,Emergent_autonomy_bounded_59bcc5,0.7905607999526334,160145.33,161352.3,True,False
Emergent_carefully_contradiction_2a8f1f,Emergent_carefully_chaos_bdcbbd,0.9366374921144145,160145.33,161375.62,True,False
Emergent_carefully_contradiction_2a8f1f,Emergent_coupling_ego_dissolution_d16e9d,0.9,160145.33,161440.15,True,False
Emergent_carefully_contradiction_2a8f1f,Emergent_clarity_coupling_e2ed74,0.9,160145.33,161440.49,True,False
Emergent_autonomy_carefully_dedeae,Emergent_autonomy_carefully_8f6776,0.8975083439721745,160161.9,160162.24,True,False
Emergent_autonomy_carefully_dedeae,Emergent_autonomy_clarity_dc06c1,0.8975083434478406,160161.9,160197.69,True,False
Emergent_autonomy_carefully_dedeae,Emergent_bounded_continuity_322276,0.8975083438223648,160161.9,160209.21,True,False
Emergent_autonomy_carefully_dedeae,Emergent_appears_asymmetry_8dba4c,0.8975083400771231,160161.9,160226.07,True,False
Emergent_autonomy_carefully_dedeae,Emergent_coherence_continuity_e6e25c,0.8975083352618123,160161.9,160255.56,True,False
Emergent_autonomy_carefully_dedeae,Emergent_anticipation_attention_4f292d,0.8975083294747044,160161.9,160290.64,True,False
Emergent_autonomy_carefully_dedeae,Emergent_beneficence_boundary_f57fbb,0.8975081979579977,160161.9,160374.06,True,False
Emergent_autonomy_carefully_dedeae,Emergent_appears_asymmetry_630915,0.8870198635817785,160161.9,160410.15,True,False
Emergent_autonomy_carefully_dedeae,Emergent_autonomy_beneficence_2617f1,0.8975086564539512,160161.9,160427.55,True,False
Emergent_autonomy_carefully_dedeae,Emergent_beneficence_bounded_e069d5,0.8975085238674088,160161.9,160446.85,True,False
Emergent_autonomy_carefully_dedeae,Emergent_autonomy_beneficence_e1ad8f,0.8975085428083434,160161.9,160463.88,True,False
Emergent_autonomy_carefully_dedeae,Emergent_carefully_chaos_3dd412,0.8975074448701181,160161.9,160497.95,True,False
Emergent_autonomy_carefully_dedeae,Emergent_carefully_chaos_fc6e22,0.8975074729510635,160161.9,160498.29,True,False
Emergent_autonomy_carefully_dedeae,Emergent_coherence_coupling_6aece4,0.897508059031072,160161.9,160515.56,True,False
Emergent_autonomy_carefully_dedeae,Emergent_autonomy_bounded_5ceb4c,0.8975076409263096,160161.9,160552.93,True,False
Emergent_autonomy_carefully_dedeae,Emergent_autonomy_bounded_ab8b66,0.8923962788030069,160161.9,160553.27,True,False
Emergent_autonomy_carefully_dedeae,Emergent_appears_asymmetry_8ccc17,0.8975069647461007,160161.9,160572.27,True,False
Emergent_autonomy_carefully_dedeae,Emergent_constraint_contradiction_34bbe1,0.8975059987743741,160161.9,160609.47,True,False
Emergent_autonomy_carefully_dedeae,Emergent_appears_asymmetry_7aac44,0.8975043888214962,160161.9,160630.09,True,False
Emergent_autonomy_carefully_dedeae,Emergent_carefully_coherence_77b5f7,0.8975046188147644,160161.9,160647.76,True,False
Emergent_autonomy_carefully_dedeae,Emergent_carefully_coupling_a140fb,0.8975046188147644,160161.9,160648.1,True,False
Emergent_autonomy_carefully_dedeae,Emergent_autonomy_bounded_72bafc,0.8975019903202701,160161.9,160668.34,True,False
Emergent_autonomy_carefully_dedeae,Emergent_coherence_contradiction_1493a4,0.8949392272867296,160161.9,160703.78,True,False
Emergent_autonomy_carefully_dedeae,Emergent_autonomy_collective_461851,0.8974988924517586,160161.9,160724.13,True,False
Emergent_autonomy_carefully_dedeae,Emergent_coherence_constraint_b926a8,0.8974993618257754,160161.9,160741.82,True,False
Emergent_autonomy_carefully_dedeae,Emergent_bounded_coupling_d18f1e,0.8974998311997924,160161.9,160757.94,True,False
Emergent_autonomy_carefully_dedeae,Emergent_appears_asymmetry_9e9e75,0.8974958079939332,160161.9,160777.61,True,False
Emergent_autonomy_carefully_dedeae,Emergent_carefully_concept_e4097b,0.8974804814954229,160161.9,160817.59,True,False
Emergent_autonomy_carefully_dedeae,Emergent_carefully_coherence_9c91a3,0.8974804814954229,160161.9,160817.93,True,False
Emergent_autonomy_carefully_dedeae,Emergent_bounded_concept_6e0127,0.894451855020687,160161.9,160856.17,True,False
Emergent_autonomy_carefully_dedeae,Emergent_bounded_coherence_8fa10b,0.8974673169482135,160161.9,160856.51,True,False
Emergent_autonomy_carefully_dedeae,Emergent_bounded_coherence_3042d7,0.8971690193559012,160161.9,160877.09,True,False
Emergent_autonomy_carefully_dedeae,Emergent_bounded_cognition_370134,0.8976160494787397,160161.9,160918.05,True,False
Emergent_autonomy_carefully_dedeae,Emergent_bounded_coupling_53dac6,0.8976217489263325,160161.9,160938.46,True,False
Emergent_autonomy_carefully_dedeae,Emergent_constraint_coupling_cc5a0a,0.8961334618267751,160161.9,161023.71,True,False
Emergent_autonomy_carefully_dedeae,Emergent_contradiction_coupling_baffe9,0.8978801774637744,160161.9,161085.51,True,False
Emergent_autonomy_carefully_dedeae,Emergent_appears_asymmetry_24b9e2,0.8960850487966299,160161.9,161108.05,True,False
Emergent_autonomy_carefully_dedeae,Emergent_cognition_constraint_588317,0.9031893436602223,160161.9,161130.19,True,False
Emergent_autonomy_carefully_dedeae,Emergent_appears_asymmetry_b0db07,0.9019794292525829,160161.9,161152.27,True,False
Emergent_autonomy_carefully_dedeae,Emergent_concept_contradiction_2c9fc5,0.9011725011614669,160161.9,161281.86,True,False
Emergent_autonomy_carefully_dedeae,Emergent_chaos_constraint_dd1d2b,0.8976430311614669,160161.9,161304.13,True,False
Emergent_autonomy_carefully_dedeae,Emergent_autonomy_chaos_5eb54b,0.8913723534294946,160161.9,161327.69,True,False
Emergent_autonomy_carefully_dedeae,Emergent_autonomy_bounded_59bcc5,0.7687081419778548,160161.9,161352.3,True,False
Emergent_autonomy_carefully_dedeae,Emergent_carefully_chaos_bdcbbd,0.9268274500517222,160161.9,161375.62,True,False
Emergent_autonomy_carefully_dedeae,Emergent_coupling_ego_dissolution_d16e9d,0.9,160161.9,161440.15,True,False
Emergent_autonomy_carefully_dedeae,Emergent_clarity_coupling_e2ed74,0.9,160161.9,161440.49,True,False
Emergent_autonomy_carefully_8f6776,Emergent_autonomy_clarity_dc06c1,0.90525288447561,160162.24,160197.69,True,False
Emergent_autonomy_carefully_8f6776,Emergent_bounded_continuity_322276,0.9052528848501342,160162.24,160209.21,True,False
Emergent_autonomy_carefully_8f6776,Emergent_appears_asymmetry_8dba4c,0.9052528811048925,160162.24,160226.07,True,False
Emergent_autonomy_carefully_8f6776,Emergent_coherence_continuity_e6e25c,0.9052528762895817,160162.24,160255.56,True,False
Emergent_autonomy_carefully_8f6776,Emergent_anticipation_attention_4f292d,0.9052528705024736,160162.24,160290.64,True,False
Emergent_autonomy_carefully_8f6776,Emergent_beneficence_boundary_f57fbb,0.9052527496418423,160162.24,160374.06,True,False
Emergent_autonomy_carefully_8f6776,Emergent_appears_asymmetry_630915,0.8870198635817785,160162.24,160410.15,True,False
Emergent_autonomy_carefully_8f6776,Emergent_autonomy_beneficence_2617f1,0.905253183168178,160162.24,160427.55,True,False
Emergent_autonomy_carefully_8f6776,Emergent_beneficence_bounded_e069d5,0.9052530505816356,160162.24,160446.85,True,False
Emergent_autonomy_carefully_8f6776,Emergent_autonomy_beneficence_e1ad8f,0.9052530695225705,160162.24,160463.88,True,False
Emergent_autonomy_carefully_8f6776,Emergent_carefully_chaos_3dd412,0.9052520583395083,160162.24,160497.95,True,False
Emergent_autonomy_carefully_8f6776,Emergent_carefully_chaos_fc6e22,0.9052520870395653,160162.24,160498.29,True,False
Emergent_autonomy_carefully_8f6776,Emergent_coherence_coupling_6aece4,0.9023221247221496,160162.24,160515.56,True,False
Emergent_autonomy_carefully_8f6776,Emergent_autonomy_bounded_5ceb4c,0.9052521230552939,160162.24,160552.93,True,False
Emergent_autonomy_carefully_8f6776,Emergent_autonomy_bounded_ab8b66,0.8923962788030069,160162.24,160553.27,True,False
Emergent_autonomy_carefully_8f6776,Emergent_appears_asymmetry_8ccc17,0.905251446875085,160162.24,160572.27,True,False
Emergent_autonomy_carefully_8f6776,Emergent_constraint_contradiction_34bbe1,0.9052504809033584,160162.24,160609.47,True,False
Emergent_autonomy_carefully_8f6776,Emergent_appears_asymmetry_7aac44,0.9052488709504805,160162.24,160630.09,True,False
Emergent_autonomy_carefully_8f6776,Emergent_carefully_coherence_77b5f7,0.9052491009437487,160162.24,160647.76,True,False
Emergent_autonomy_carefully_8f6776,Emergent_carefully_coupling_a140fb,0.9052491009437487,160162.24,160648.1,True,False
Emergent_autonomy_carefully_8f6776,Emergent_autonomy_bounded_72bafc,0.9052464724492542,160162.24,160668.34,True,False
Emergent_autonomy_carefully_8f6776,Emergent_coherence_contradiction_1493a4,0.8949392272867296,160162.24,160703.78,True,False
Emergent_autonomy_carefully_8f6776,Emergent_autonomy_collective_461851,0.9052433745807429,160162.24,160724.13,True,False
Emergent_autonomy_carefully_8f6776,Emergent_coherence_constraint_b926a8,0.9052438439547597,160162.24,160741.82,True,False
Emergent_autonomy_carefully_8f6776,Emergent_bounded_coupling_d18f1e,0.9052443133287766,160162.24,160757.94,True,False
Emergent_autonomy_carefully_8f6776,Emergent_appears_asymmetry_9e9e75,0.9052402901229175,160162.24,160777.61,True,False
Emergent_autonomy_carefully_8f6776,Emergent_carefully_concept_e4097b,0.905224963624407,160162.24,160817.59,True,False
Emergent_autonomy_carefully_8f6776,Emergent_carefully_coherence_9c91a3,0.9008008247205053,160162.24,160817.93,True,False
Emergent_autonomy_carefully_8f6776,Emergent_bounded_concept_6e0127,0.894451855020687,160162.24,160856.17,True,False
Emergent_autonomy_carefully_8f6776,Emergent_bounded_coherence_8fa10b,0.8994150798707439,160162.24,160856.51,True,False
Emergent_autonomy_carefully_8f6776,Emergent_bounded_coherence_3042d7,0.90491462111311,160162.24,160877.09,True,False
Emergent_autonomy_carefully_8f6776,Emergent_bounded_cognition_370134,0.9053565537860182,160162.24,160918.05,True,False
Emergent_autonomy_carefully_8f6776,Emergent_bounded_coupling_53dac6,0.905362253233611,160162.24,160938.46,True,False
Emergent_autonomy_carefully_8f6776,Emergent_constraint_coupling_cc5a0a,0.9038745423989691,160162.24,161023.71,True,False
Emergent_autonomy_carefully_8f6776,Emergent_contradiction_coupling_baffe9,0.9056597685724825,160162.24,161085.51,True,False
Emergent_autonomy_carefully_8f6776,Emergent_appears_asymmetry_24b9e2,0.8996591467385233,160162.24,161108.05,True,False
Emergent_autonomy_carefully_8f6776,Emergent_cognition_constraint_588317,0.9108244186047614,160162.24,161130.19,True,False
Emergent_autonomy_carefully_8f6776,Emergent_appears_asymmetry_b0db07,0.9096127401095135,160162.24,161152.27,True,False
Emergent_autonomy_carefully_8f6776,Emergent_concept_contradiction_2c9fc5,0.9086341772521545,160162.24,161281.86,True,False
Emergent_autonomy_carefully_8f6776,Emergent_chaos_constraint_dd1d2b,0.9048915784667926,160162.24,161304.13,True,False
Emergent_autonomy_carefully_8f6776,Emergent_autonomy_chaos_5eb54b,0.8988069425767751,160162.24,161327.69,True,False
Emergent_autonomy_carefully_8f6776,Emergent_autonomy_bounded_59bcc5,0.7769089562318341,160162.24,161352.3,True,False
Emergent_autonomy_carefully_8f6776,Emergent_carefully_chaos_bdcbbd,0.9338413328623631,160162.24,161375.62,True,False
Emergent_autonomy_carefully_8f6776,Emergent_coupling_ego_dissolution_d16e9d,0.9,160162.24,161440.15,True,False
Emergent_autonomy_carefully_8f6776,Emergent_clarity_coupling_e2ed74,0.9,160162.24,161440.49,True,False
Emergent_autonomy_clarity_dc06c1,Emergent_bounded_continuity_322276,0.9096862095579819,160197.69,160209.21,True,False
Emergent_autonomy_clarity_dc06c1,Emergent_appears_asymmetry_8dba4c,0.9190658807668188,160197.69,160226.07,True,False
Emergent_autonomy_clarity_dc06c1,Emergent_coherence_continuity_e6e25c,0.917657567875982,160197.69,160255.56,True,False
Emergent_autonomy_clarity_dc06c1,Emergent_anticipation_attention_4f292d,0.9190658733451256,160197.69,160290.64,True,False
Emergent_autonomy_clarity_dc06c1,Emergent_beneficence_boundary_f57fbb,0.9190658067407902,160197.69,160374.06,True,False
Emergent_autonomy_clarity_dc06c1,Emergent_appears_asymmetry_630915,0.8870198635817785,160197.69,160410.15,True,False
Emergent_autonomy_clarity_dc06c1,Emergent_autonomy_beneficence_2617f1,0.9190660680355511,160197.69,160427.55,True,False
Emergent_autonomy_clarity_dc06c1,Emergent_beneficence_bounded_e069d5,0.9179183012700702,160197.69,160446.85,True,False
Emergent_autonomy_clarity_dc06c1,Emergent_autonomy_beneficence_e1ad8f,0.9079395459536674,160197.69,160463.88,True,False
Emergent_autonomy_clarity_dc06c1,Emergent_carefully_chaos_3dd412,0.9054571225785415,160197.69,160497.95,True,False
Emergent_autonomy_clarity_dc06c1,Emergent_carefully_chaos_fc6e22,0.9150275784707216,160197.69,160498.29,True,False
Emergent_autonomy_clarity_dc06c1,Emergent_coherence_coupling_6aece4,0.9023221247221496,160197.69,160515.56,True,False
Emergent_autonomy_clarity_dc06c1,Emergent_autonomy_bounded_5ceb4c,0.9143917216456032,160197.69,160552.93,True,False
Emergent_autonomy_clarity_dc06c1,Emergent_autonomy_bounded_ab8b66,0.8923962788030069,160197.69,160553.27,True,False
Emergent_autonomy_clarity_dc06c1,Emergent_appears_asymmetry_8ccc17,0.9189626801455997,160197.69,160572.27,True,False
Emergent_autonomy_clarity_dc06c1,Emergent_constraint_contradiction_34bbe1,0.9105612337254705,160197.69,160609.47,True,False
Emergent_autonomy_clarity_dc06c1,Emergent_appears_asymmetry_7aac44,0.9178476964569993,160197.69,160630.09,True,False
Emergent_autonomy_clarity_dc06c1,Emergent_carefully_coherence_77b5f7,0.9155090759163849,160197.69,160647.76,True,False
Emergent_autonomy_clarity_dc06c1,Emergent_carefully_coupling_a140fb,0.9163573722234482,160197.69,160648.1,True,False
Emergent_autonomy_clarity_dc06c1,Emergent_autonomy_bounded_72bafc,0.9190612952278472,160197.69,160668.34,True,False
Emergent_autonomy_clarity_dc06c1,Emergent_coherence_contradiction_1493a4,0.8949392272867296,160197.69,160703.78,True,False
Emergent_autonomy_clarity_dc06c1,Emergent_autonomy_collective_461851,0.9190591267198893,160197.69,160724.13,True,False
Emergent_autonomy_clarity_dc06c1,Emergent_coherence_constraint_b926a8,0.9172307542367402,160197.69,160741.82,True,False
Emergent_autonomy_clarity_dc06c1,Emergent_bounded_coupling_d18f1e,0.9190597838435128,160197.69,160757.94,True,False
Emergent_autonomy_clarity_dc06c1,Emergent_appears_asymmetry_9e9e75,0.9174974969151084,160197.69,160777.61,True,False
Emergent_autonomy_clarity_dc06c1,Emergent_carefully_concept_e4097b,0.9190462390504541,160197.69,160817.59,True,False
Emergent_autonomy_clarity_dc06c1,Emergent_carefully_coherence_9c91a3,0.9008008247205053,160197.69,160817.93,True,False
Emergent_autonomy_clarity_dc06c1,Emergent_bounded_concept_6e0127,0.894451855020687,160197.69,160856.17,True,False
Emergent_autonomy_clarity_dc06c1,Emergent_bounded_coherence_8fa10b,0.8994150798707439,160197.69,160856.51,True,False
Emergent_autonomy_clarity_dc06c1,Emergent_bounded_coherence_3042d7,0.9188308903441713,160197.69,160877.09,True,False
Emergent_autonomy_clarity_dc06c1,Emergent_bounded_cognition_370134,0.9101591903729012,160197.69,160918.05,True,False
Emergent_autonomy_clarity_dc06c1,Emergent_bounded_coupling_53dac6,0.9161209384748901,160197.69,160938.46,True,False
Emergent_autonomy_clarity_dc06c1,Emergent_constraint_coupling_cc5a0a,0.91800838874491,160197.69,161023.71,True,False
Emergent_autonomy_clarity_dc06c1,Emergent_contradiction_coupling_baffe9,0.9179384913751101,160197.69,161085.51,True,False
Emergent_autonomy_clarity_dc06c1,Emergent_appears_asymmetry_24b9e2,0.8996591467385233,160197.69,161108.05,True,False
Emergent_autonomy_clarity_dc06c1,Emergent_cognition_constraint_588317,0.9117807641531903,160197.69,161130.19,True,False
Emergent_autonomy_clarity_dc06c1,Emergent_appears_asymmetry_b0db07,0.9234865535895918,160197.69,161152.27,True,False
Emergent_autonomy_clarity_dc06c1,Emergent_concept_contradiction_2c9fc5,0.9220938606583156,160197.69,161281.86,True,False
Emergent_autonomy_clarity_dc06c1,Emergent_chaos_constraint_dd1d2b,0.9048915784667926,160197.69,161304.13,True,False
Emergent_autonomy_clarity_dc06c1,Emergent_autonomy_chaos_5eb54b,0.9077081739473885,160197.69,161327.69,True,False
Emergent_autonomy_clarity_dc06c1,Emergent_autonomy_bounded_59bcc5,0.7905607999526334,160197.69,161352.3,True,False
Emergent_autonomy_clarity_dc06c1,Emergent_carefully_chaos_bdcbbd,0.9366374921144145,160197.69,161375.62,True,False
Emergent_autonomy_clarity_dc06c1,Emergent_coupling_ego_dissolution_d16e9d,0.9,160197.69,161440.15,True,False
Emergent_autonomy_clarity_dc06c1,Emergent_clarity_coupling_e2ed74,0.9,160197.69,161440.49,True,False
Emergent_bounded_continuity_322276,Emergent_appears_asymmetry_8dba4c,0.9096862136777477,160209.21,160226.07,True,False
Emergent_bounded_continuity_322276,Emergent_coherence_continuity_e6e25c,0.9096862088624369,160209.21,160255.56,True,False
Emergent_bounded_continuity_322276,Emergent_anticipation_attention_4f292d,0.9096862030753288,160209.21,160290.64,True,False
Emergent_bounded_continuity_322276,Emergent_beneficence_boundary_f57fbb,0.9096860883147264,160209.21,160374.06,True,False
Emergent_bounded_continuity_322276,Emergent_appears_asymmetry_630915,0.8870198635817785,160209.21,160410.15,True,False
Emergent_bounded_continuity_322276,Emergent_autonomy_beneficence_2617f1,0.9096865075473011,160209.21,160427.55,True,False
Emergent_bounded_continuity_322276,Emergent_beneficence_bounded_e069d5,0.9096863749607589,160209.21,160446.85,True,False
Emergent_bounded_continuity_322276,Emergent_autonomy_beneficence_e1ad8f,0.9079395459536674,160209.21,160463.88,True,False
Emergent_bounded_continuity_322276,Emergent_carefully_chaos_3dd412,0.9054571225785415,160209.21,160497.95,True,False
Emergent_bounded_continuity_322276,Emergent_carefully_chaos_fc6e22,0.9096854614357544,160209.21,160498.29,True,False
Emergent_bounded_continuity_322276,Emergent_coherence_coupling_6aece4,0.9023221247221496,160209.21,160515.56,True,False
Emergent_bounded_continuity_322276,Emergent_autonomy_bounded_5ceb4c,0.9096854219117669,160209.21,160552.93,True,False
Emergent_bounded_continuity_322276,Emergent_autonomy_bounded_ab8b66,0.8923962788030069,160209.21,160553.27,True,False
Emergent_bounded_continuity_322276,Emergent_appears_asymmetry_8ccc17,0.9096847457315584,160209.21,160572.27,True,False
Emergent_bounded_continuity_322276,Emergent_constraint_contradiction_34bbe1,0.9096837797598316,160209.21,160609.47,True,False
Emergent_bounded_continuity_322276,Emergent_appears_asymmetry_7aac44,0.9096821698069537,160209.21,160630.09,True,False
Emergent_bounded_continuity_322276,Emergent_carefully_coherence_77b5f7,0.9096823998002219,160209.21,160647.76,True,False
Emergent_bounded_continuity_322276,Emergent_carefully_coupling_a140fb,0.9096823998002219,160209.21,160648.1,True,False
Emergent_bounded_continuity_322276,Emergent_autonomy_bounded_72bafc,0.9096797713057274,160209.21,160668.34,True,False
Emergent_bounded_continuity_322276,Emergent_coherence_contradiction_1493a4,0.8949392272867296,160209.21,160703.78,True,False
Emergent_bounded_continuity_322276,Emergent_autonomy_collective_461851,0.9096766734372161,160209.21,160724.13,True,False
Emergent_bounded_continuity_322276,Emergent_coherence_constraint_b926a8,0.9096771428112327,160209.21,160741.82,True,False
Emergent_bounded_continuity_322276,Emergent_bounded_coupling_d18f1e,0.9096776121852497,160209.21,160757.94,True,False
Emergent_bounded_continuity_322276,Emergent_appears_asymmetry_9e9e75,0.909673588979391,160209.21,160777.61,True,False
Emergent_bounded_continuity_322276,Emergent_carefully_concept_e4097b,0.9096582624808802,160209.21,160817.59,True,False
Emergent_bounded_continuity_322276,Emergent_carefully_coherence_9c91a3,0.9008008247205053,160209.21,160817.93,True,False
Emergent_bounded_continuity_322276,Emergent_bounded_concept_6e0127,0.894451855020687,160209.21,160856.17,True,False
Emergent_bounded_continuity_322276,Emergent_bounded_coherence_8fa10b,0.8994150798707439,160209.21,160856.51,True,False
Emergent_bounded_continuity_322276,Emergent_bounded_coherence_3042d7,0.9093485608964325,160209.21,160877.09,True,False
Emergent_bounded_continuity_322276,Emergent_bounded_cognition_370134,0.9097875755538334,160209.21,160918.05,True,False
Emergent_bounded_continuity_322276,Emergent_bounded_coupling_53dac6,0.9097932750014261,160209.21,160938.46,True,False
Emergent_bounded_continuity_322276,Emergent_constraint_coupling_cc5a0a,0.9083058940474074,160209.21,161023.71,True,False
Emergent_bounded_continuity_322276,Emergent_contradiction_coupling_baffe9,0.910113165428676,160209.21,161085.51,True,False
Emergent_bounded_continuity_322276,Emergent_appears_asymmetry_24b9e2,0.8996591467385233,160209.21,161108.05,True,False
Emergent_bounded_continuity_322276,Emergent_cognition_constraint_588317,0.9117807641531903,160209.21,161130.19,True,False
Emergent_bounded_continuity_322276,Emergent_appears_asymmetry_b0db07,0.9139823994010607,160209.21,161152.27,True,False
Emergent_bounded_continuity_322276,Emergent_concept_contradiction_2c9fc5,0.9129055848852634,160209.21,161281.86,True,False
Emergent_bounded_continuity_322276,Emergent_chaos_constraint_dd1d2b,0.9048915784667926,160209.21,161304.13,True,False
Emergent_bounded_continuity_322276,Emergent_autonomy_chaos_5eb54b,0.903062844393842,160209.21,161327.69,True,False
Emergent_bounded_continuity_322276,Emergent_autonomy_bounded_59bcc5,0.7816034806491932,160209.21,161352.3,True,False
Emergent_bounded_continuity_322276,Emergent_carefully_chaos_bdcbbd,0.9366374921144145,160209.21,161375.62,True,False
Emergent_bounded_continuity_322276,Emergent_coupling_ego_dissolution_d16e9d,0.9,160209.21,161440.15,True,False
Emergent_bounded_continuity_322276,Emergent_clarity_coupling_e2ed74,0.9,160209.21,161440.49,True,False
Emergent_appears_asymmetry_8dba4c,Emergent_coherence_continuity_e6e25c,0.917657567875982,160226.07,160255.56,True,False
Emergent_appears_asymmetry_8dba4c,Emergent_anticipation_attention_4f292d,0.9231227262363757,160226.07,160290.64,True,False
Emergent_appears_asymmetry_8dba4c,Emergent_beneficence_boundary_f57fbb,0.9246905949220423,160226.07,160374.06,True,False
Emergent_appears_asymmetry_8dba4c,Emergent_appears_asymmetry_630915,0.8870198635817785,160226.07,160410.15,True,False
Emergent_appears_asymmetry_8dba4c,Emergent_autonomy_beneficence_2617f1,0.9210608566314169,160226.07,160427.55,True,False
Emergent_appears_asymmetry_8dba4c,Emergent_beneficence_bounded_e069d5,0.9179183012700702,160226.07,160446.85,True,False
Emergent_appears_asymmetry_8dba4c,Emergent_autonomy_beneficence_e1ad8f,0.9079395459536674,160226.07,160463.88,True,False
Emergent_appears_asymmetry_8dba4c,Emergent_carefully_chaos_3dd412,0.9054571225785415,160226.07,160497.95,True,False
Emergent_appears_asymmetry_8dba4c,Emergent_carefully_chaos_fc6e22,0.9150275784707216,160226.07,160498.29,True,False
Emergent_appears_asymmetry_8dba4c,Emergent_coherence_coupling_6aece4,0.9023221247221496,160226.07,160515.56,True,False
Emergent_appears_asymmetry_8dba4c,Emergent_autonomy_bounded_5ceb4c,0.9143917216456032,160226.07,160552.93,True,False
Emergent_appears_asymmetry_8dba4c,Emergent_autonomy_bounded_ab8b66,0.8923962788030069,160226.07,160553.27,True,False
Emergent_appears_asymmetry_8dba4c,Emergent_appears_asymmetry_8ccc17,0.9189626801455997,160226.07,160572.27,True,False
Emergent_appears_asymmetry_8dba4c,Emergent_constraint_contradiction_34bbe1,0.9105612337254705,160226.07,160609.47,True,False
Emergent_appears_asymmetry_8dba4c,Emergent_appears_asymmetry_7aac44,0.9178476964569993,160226.07,160630.09,True,False
Emergent_appears_asymmetry_8dba4c,Emergent_carefully_coherence_77b5f7,0.9155090759163849,160226.07,160647.76,True,False
Emergent_appears_asymmetry_8dba4c,Emergent_carefully_coupling_a140fb,0.9163573722234482,160226.07,160648.1,True,False
Emergent_appears_asymmetry_8dba4c,Emergent_autonomy_bounded_72bafc,0.9246860243609678,160226.07,160668.34,True,False
Emergent_appears_asymmetry_8dba4c,Emergent_coherence_contradiction_1493a4,0.8949392272867296,160226.07,160703.78,True,False
Emergent_appears_asymmetry_8dba4c,Emergent_autonomy_collective_461851,0.919265750776967,160226.07,160724.13,True,False
Emergent_appears_asymmetry_8dba4c,Emergent_coherence_constraint_b926a8,0.9172307542367402,160226.07,160741.82,True,False
Emergent_appears_asymmetry_8dba4c,Emergent_bounded_coupling_d18f1e,0.9246845129766335,160226.07,160757.94,True,False
Emergent_appears_asymmetry_8dba4c,Emergent_appears_asymmetry_9e9e75,0.9174974969151084,160226.07,160777.61,True,False
Emergent_appears_asymmetry_8dba4c,Emergent_carefully_concept_e4097b,0.9246709681835747,160226.07,160817.59,True,False
Emergent_appears_asymmetry_8dba4c,Emergent_carefully_coherence_9c91a3,0.9008008247205053,160226.07,160817.93,True,False
Emergent_appears_asymmetry_8dba4c,Emergent_bounded_concept_6e0127,0.894451855020687,160226.07,160856.17,True,False
Emergent_appears_asymmetry_8dba4c,Emergent_bounded_coherence_8fa10b,0.8994150798707439,160226.07,160856.51,True,False
Emergent_appears_asymmetry_8dba4c,Emergent_bounded_coherence_3042d7,0.9199044797802667,160226.07,160877.09,True,False
Emergent_appears_asymmetry_8dba4c,Emergent_bounded_cognition_370134,0.9101591903729012,160226.07,160918.05,True,False
Emergent_appears_asymmetry_8dba4c,Emergent_bounded_coupling_53dac6,0.9161209384748901,160226.07,160938.46,True,False
Emergent_appears_asymmetry_8dba4c,Emergent_constraint_coupling_cc5a0a,0.922715354695254,160226.07,161023.71,True,False
Emergent_appears_asymmetry_8dba4c,Emergent_contradiction_coupling_baffe9,0.9179384913751101,160226.07,161085.51,True,False
Emergent_appears_asymmetry_8dba4c,Emergent_appears_asymmetry_24b9e2,0.8996591467385233,160226.07,161108.05,True,False
Emergent_appears_asymmetry_8dba4c,Emergent_cognition_constraint_588317,0.9117807641531903,160226.07,161130.19,True,False
Emergent_appears_asymmetry_8dba4c,Emergent_appears_asymmetry_b0db07,0.9289755357112064,160226.07,161152.27,True,False
Emergent_appears_asymmetry_8dba4c,Emergent_concept_contradiction_2c9fc5,0.9273746882349583,160226.07,161281.86,True,False
Emergent_appears_asymmetry_8dba4c,Emergent_chaos_constraint_dd1d2b,0.9048915784667926,160226.07,161304.13,True,False
Emergent_appears_asymmetry_8dba4c,Emergent_autonomy_chaos_5eb54b,0.9077081739473885,160226.07,161327.69,True,False
Emergent_appears_asymmetry_8dba4c,Emergent_autonomy_bounded_59bcc5,0.7905607999526334,160226.07,161352.3,True,False
Emergent_appears_asymmetry_8dba4c,Emergent_carefully_chaos_bdcbbd,0.9366374921144145,160226.07,161375.62,True,False
Emergent_appears_asymmetry_8dba4c,Emergent_coupling_ego_dissolution_d16e9d,0.9,160226.07,161440.15,True,False
Emergent_appears_asymmetry_8dba4c,Emergent_clarity_coupling_e2ed74,0.9,160226.07,161440.49,True,False
Emergent_coherence_continuity_e6e25c,Emergent_anticipation_attention_4f292d,0.9176575638250062,160255.56,160290.64,True,False
Emergent_coherence_continuity_e6e25c,Emergent_beneficence_boundary_f57fbb,0.9176574949556688,160255.56,160374.06,True,False
Emergent_coherence_continuity_e6e25c,Emergent_appears_asymmetry_630915,0.8870198635817785,160255.56,160410.15,True,False
Emergent_coherence_continuity_e6e25c,Emergent_autonomy_beneficence_2617f1,0.9176577615578467,160255.56,160427.55,True,False
Emergent_coherence_continuity_e6e25c,Emergent_beneficence_bounded_e069d5,0.9176576687472671,160255.56,160446.85,True,False
Emergent_coherence_continuity_e6e25c,Emergent_autonomy_beneficence_e1ad8f,0.9079395459536674,160255.56,160463.88,True,False
Emergent_coherence_continuity_e6e25c,Emergent_carefully_chaos_3dd412,0.9054571225785415,160255.56,160497.95,True,False
Emergent_coherence_continuity_e6e25c,Emergent_carefully_chaos_fc6e22,0.9150275784707216,160255.56,160498.29,True,False
Emergent_coherence_continuity_e6e25c,Emergent_coherence_coupling_6aece4,0.9023221247221496,160255.56,160515.56,True,False
Emergent_coherence_continuity_e6e25c,Emergent_autonomy_bounded_5ceb4c,0.9143917216456032,160255.56,160552.93,True,False
Emergent_coherence_continuity_e6e25c,Emergent_autonomy_bounded_ab8b66,0.8923962788030069,160255.56,160553.27,True,False
Emergent_coherence_continuity_e6e25c,Emergent_appears_asymmetry_8ccc17,0.9176564803250404,160255.56,160572.27,True,False
Emergent_coherence_continuity_e6e25c,Emergent_constraint_contradiction_34bbe1,0.9105612337254705,160255.56,160609.47,True,False
Emergent_coherence_continuity_e6e25c,Emergent_appears_asymmetry_7aac44,0.9176546771778171,160255.56,160630.09,True,False
Emergent_coherence_continuity_e6e25c,Emergent_carefully_coherence_77b5f7,0.9155090759163849,160255.56,160647.76,True,False
Emergent_coherence_continuity_e6e25c,Emergent_carefully_coupling_a140fb,0.9163573722234482,160255.56,160648.1,True,False
Emergent_coherence_continuity_e6e25c,Emergent_autonomy_bounded_72bafc,0.9176529982269588,160255.56,160668.34,True,False
Emergent_coherence_continuity_e6e25c,Emergent_coherence_contradiction_1493a4,0.8949392272867296,160255.56,160703.78,True,False
Emergent_coherence_continuity_e6e25c,Emergent_autonomy_collective_461851,0.9176508297190007,160255.56,160724.13,True,False
Emergent_coherence_continuity_e6e25c,Emergent_coherence_constraint_b926a8,0.9172307542367402,160255.56,160741.82,True,False
Emergent_coherence_continuity_e6e25c,Emergent_bounded_coupling_d18f1e,0.9176514868426244,160255.56,160757.94,True,False
Emergent_coherence_continuity_e6e25c,Emergent_appears_asymmetry_9e9e75,0.9174974969151084,160255.56,160777.61,True,False
Emergent_coherence_continuity_e6e25c,Emergent_carefully_concept_e4097b,0.9176379420495657,160255.56,160817.59,True,False
Emergent_coherence_continuity_e6e25c,Emergent_carefully_coherence_9c91a3,0.9008008247205053,160255.56,160817.93,True,False
Emergent_coherence_continuity_e6e25c,Emergent_bounded_concept_6e0127,0.894451855020687,160255.56,160856.17,True,False
Emergent_coherence_continuity_e6e25c,Emergent_bounded_coherence_8fa10b,0.8994150798707439,160255.56,160856.51,True,False
Emergent_coherence_continuity_e6e25c,Emergent_bounded_coherence_3042d7,0.9174223553607106,160255.56,160877.09,True,False
Emergent_coherence_continuity_e6e25c,Emergent_bounded_cognition_370134,0.9101591903729012,160255.56,160918.05,True,False
Emergent_coherence_continuity_e6e25c,Emergent_bounded_coupling_53dac6,0.9161209384748901,160255.56,160938.46,True,False
Emergent_coherence_continuity_e6e25c,Emergent_constraint_coupling_cc5a0a,0.9166013552600674,160255.56,161023.71,True,False
Emergent_coherence_continuity_e6e25c,Emergent_contradiction_coupling_baffe9,0.9179384913751101,160255.56,161085.51,True,False
Emergent_coherence_continuity_e6e25c,Emergent_appears_asymmetry_24b9e2,0.8996591467385233,160255.56,161108.05,True,False
Emergent_coherence_continuity_e6e25c,Emergent_cognition_constraint_588317,0.9117807641531903,160255.56,161130.19,True,False
Emergent_coherence_continuity_e6e25c,Emergent_appears_asymmetry_b0db07,0.9221122443780989,160255.56,161152.27,True,False
Emergent_coherence_continuity_e6e25c,Emergent_concept_contradiction_2c9fc5,0.9207716683424931,160255.56,161281.86,True,False
Emergent_coherence_continuity_e6e25c,Emergent_chaos_constraint_dd1d2b,0.9048915784667926,160255.56,161304.13,True,False
Emergent_coherence_continuity_e6e25c,Emergent_autonomy_chaos_5eb54b,0.9077081739473885,160255.56,161327.69,True,False
Emergent_coherence_continuity_e6e25c,Emergent_autonomy_bounded_59bcc5,0.7905607999526334,160255.56,161352.3,True,False
Emergent_coherence_continuity_e6e25c,Emergent_carefully_chaos_bdcbbd,0.9366374921144145,160255.56,161375.62,True,False
Emergent_coherence_continuity_e6e25c,Emergent_coupling_ego_dissolution_d16e9d,0.9,160255.56,161440.15,True,False
Emergent_coherence_continuity_e6e25c,Emergent_clarity_coupling_e2ed74,0.9,160255.56,161440.49,True,False
Emergent_anticipation_attention_4f292d,Emergent_beneficence_boundary_f57fbb,0.9231226661567282,160290.64,160374.06,True,False
Emergent_anticipation_attention_4f292d,Emergent_appears_asymmetry_630915,0.8870198635817785,160290.64,160410.15,True,False
Emergent_anticipation_attention_4f292d,Emergent_autonomy_beneficence_2617f1,0.9210608566314169,160290.64,160427.55,True,False
Emergent_anticipation_attention_4f292d,Emergent_beneficence_bounded_e069d5,0.9179183012700702,160290.64,160446.85,True,False
Emergent_anticipation_attention_4f292d,Emergent_autonomy_beneficence_e1ad8f,0.9079395459536674,160290.64,160463.88,True,False
Emergent_anticipation_attention_4f292d,Emergent_carefully_chaos_3dd412,0.9054571225785415,160290.64,160497.95,True,False
Emergent_anticipation_attention_4f292d,Emergent_carefully_chaos_fc6e22,0.9150275784707216,160290.64,160498.29,True,False
Emergent_anticipation_attention_4f292d,Emergent_coherence_coupling_6aece4,0.9023221247221496,160290.64,160515.56,True,False
Emergent_anticipation_attention_4f292d,Emergent_autonomy_bounded_5ceb4c,0.9143917216456032,160290.64,160552.93,True,False
Emergent_anticipation_attention_4f292d,Emergent_autonomy_bounded_ab8b66,0.8923962788030069,160290.64,160553.27,True,False
Emergent_anticipation_attention_4f292d,Emergent_appears_asymmetry_8ccc17,0.9189626801455997,160290.64,160572.27,True,False
Emergent_anticipation_attention_4f292d,Emergent_constraint_contradiction_34bbe1,0.9105612337254705,160290.64,160609.47,True,False
Emergent_anticipation_attention_4f292d,Emergent_appears_asymmetry_7aac44,0.9178476964569993,160290.64,160630.09,True,False
Emergent_anticipation_attention_4f292d,Emergent_carefully_coherence_77b5f7,0.9155090759163849,160290.64,160647.76,True,False
Emergent_anticipation_attention_4f292d,Emergent_carefully_coupling_a140fb,0.9163573722234482,160290.64,160648.1,True,False
Emergent_anticipation_attention_4f292d,Emergent_autonomy_bounded_72bafc,0.9231181120555205,160290.64,160668.34,True,False
Emergent_anticipation_attention_4f292d,Emergent_coherence_contradiction_1493a4,0.8949392272867296,160290.64,160703.78,True,False
Emergent_anticipation_attention_4f292d,Emergent_autonomy_collective_461851,0.919265750776967,160290.64,160724.13,True,False
Emergent_anticipation_attention_4f292d,Emergent_coherence_constraint_b926a8,0.9172307542367402,160290.64,160741.82,True,False
Emergent_anticipation_attention_4f292d,Emergent_bounded_coupling_d18f1e,0.9231166006711862,160290.64,160757.94,True,False
Emergent_anticipation_attention_4f292d,Emergent_appears_asymmetry_9e9e75,0.9174974969151084,160290.64,160777.61,True,False
Emergent_anticipation_attention_4f292d,Emergent_carefully_concept_e4097b,0.9231030558781277,160290.64,160817.59,True,False
Emergent_anticipation_attention_4f292d,Emergent_carefully_coherence_9c91a3,0.9008008247205053,160290.64,160817.93,True,False
Emergent_anticipation_attention_4f292d,Emergent_bounded_concept_6e0127,0.894451855020687,160290.64,160856.17,True,False
Emergent_anticipation_attention_4f292d,Emergent_bounded_coherence_8fa10b,0.8994150798707439,160290.64,160856.51,True,False
Emergent_anticipation_attention_4f292d,Emergent_bounded_coherence_3042d7,0.9199044797802667,160290.64,160877.09,True,False
Emergent_anticipation_attention_4f292d,Emergent_bounded_cognition_370134,0.9101591903729012,160290.64,160918.05,True,False
Emergent_anticipation_attention_4f292d,Emergent_bounded_coupling_53dac6,0.9161209384748901,160290.64,160938.46,True,False
Emergent_anticipation_attention_4f292d,Emergent_constraint_coupling_cc5a0a,0.9220615658196372,160290.64,161023.71,True,False
Emergent_anticipation_attention_4f292d,Emergent_contradiction_coupling_baffe9,0.9179384913751101,160290.64,161085.51,True,False
Emergent_anticipation_attention_4f292d,Emergent_appears_asymmetry_24b9e2,0.8996591467385233,160290.64,161108.05,True,False
Emergent_anticipation_attention_4f292d,Emergent_cognition_constraint_588317,0.9117807641531903,160290.64,161130.19,True,False
Emergent_anticipation_attention_4f292d,Emergent_appears_asymmetry_b0db07,0.9274454633451998,160290.64,161152.27,True,False
Emergent_anticipation_attention_4f292d,Emergent_concept_contradiction_2c9fc5,0.9259026396537018,160290.64,161281.86,True,False
Emergent_anticipation_attention_4f292d,Emergent_chaos_constraint_dd1d2b,0.9048915784667926,160290.64,161304.13,True,False
Emergent_anticipation_attention_4f292d,Emergent_autonomy_chaos_5eb54b,0.9077081739473885,160290.64,161327.69,True,False
Emergent_anticipation_attention_4f292d,Emergent_autonomy_bounded_59bcc5,0.7905607999526334,160290.64,161352.3,True,False
Emergent_anticipation_attention_4f292d,Emergent_carefully_chaos_bdcbbd,0.9366374921144145,160290.64,161375.62,True,False
Emergent_anticipation_attention_4f292d,Emergent_coupling_ego_dissolution_d16e9d,0.9,160290.64,161440.15,True,False
Emergent_anticipation_attention_4f292d,Emergent_clarity_coupling_e2ed74,0.9,160290.64,161440.49,True,False
Emergent_beneficence_boundary_f57fbb,Emergent_appears_asymmetry_630915,0.8870198635817785,160374.06,160410.15,True,False
Emergent_beneficence_boundary_f57fbb,Emergent_autonomy_beneficence_2617f1,0.9210608566314169,160374.06,160427.55,True,False
Emergent_beneficence_boundary_f57fbb,Emergent_beneficence_bounded_e069d5,0.9179183012700702,160374.06,160446.85,True,False
Emergent_beneficence_boundary_f57fbb,Emergent_autonomy_beneficence_e1ad8f,0.9079395459536674,160374.06,160463.88,True,False
Emergent_beneficence_boundary_f57fbb,Emergent_carefully_chaos_3dd412,0.9054571225785415,160374.06,160497.95,True,False
Emergent_beneficence_boundary_f57fbb,Emergent_carefully_chaos_fc6e22,0.9150275784707216,160374.06,160498.29,True,False
Emergent_beneficence_boundary_f57fbb,Emergent_coherence_coupling_6aece4,0.9023221247221496,160374.06,160515.56,True,False
Emergent_beneficence_boundary_f57fbb,Emergent_autonomy_bounded_5ceb4c,0.9143917216456032,160374.06,160552.93,True,False
Emergent_beneficence_boundary_f57fbb,Emergent_autonomy_bounded_ab8b66,0.8923962788030069,160374.06,160553.27,True,False
Emergent_beneficence_boundary_f57fbb,Emergent_appears_asymmetry_8ccc17,0.9189626801455997,160374.06,160572.27,True,False
Emergent_beneficence_boundary_f57fbb,Emergent_constraint_contradiction_34bbe1,0.9105612337254705,160374.06,160609.47,True,False
Emergent_beneficence_boundary_f57fbb,Emergent_appears_asymmetry_7aac44,0.9178476964569993,160374.06,160630.09,True,False
Emergent_beneficence_boundary_f57fbb,Emergent_carefully_coherence_77b5f7,0.9155090759163849,160374.06,160647.76,True,False
Emergent_beneficence_boundary_f57fbb,Emergent_carefully_coupling_a140fb,0.9163573722234482,160374.06,160648.1,True,False
Emergent_beneficence_boundary_f57fbb,Emergent_autonomy_bounded_72bafc,0.9262327962869503,160374.06,160668.34,True,False
Emergent_beneficence_boundary_f57fbb,Emergent_coherence_contradiction_1493a4,0.8949392272867296,160374.06,160703.78,True,False
Emergent_beneficence_boundary_f57fbb,Emergent_autonomy_collective_461851,0.919265750776967,160374.06,160724.13,True,False
Emergent_beneficence_boundary_f57fbb,Emergent_coherence_constraint_b926a8,0.9172307542367402,160374.06,160741.82,True,False
Emergent_beneficence_boundary_f57fbb,Emergent_bounded_coupling_d18f1e,0.9270546007705176,160374.06,160757.94,True,False
Emergent_beneficence_boundary_f57fbb,Emergent_appears_asymmetry_9e9e75,0.9174974969151084,160374.06,160777.61,True,False
Emergent_beneficence_boundary_f57fbb,Emergent_carefully_concept_e4097b,0.9288987548068119,160374.06,160817.59,True,False
Emergent_beneficence_boundary_f57fbb,Emergent_carefully_coherence_9c91a3,0.9008008247205053,160374.06,160817.93,True,False
Emergent_beneficence_boundary_f57fbb,Emergent_bounded_concept_6e0127,0.894451855020687,160374.06,160856.17,True,False
Emergent_beneficence_boundary_f57fbb,Emergent_bounded_coherence_8fa10b,0.8994150798707439,160374.06,160856.51,True,False
Emergent_beneficence_boundary_f57fbb,Emergent_bounded_coherence_3042d7,0.9199044797802667,160374.06,160877.09,True,False
Emergent_beneficence_boundary_f57fbb,Emergent_bounded_cognition_370134,0.9101591903729012,160374.06,160918.05,True,False
Emergent_beneficence_boundary_f57fbb,Emergent_bounded_coupling_53dac6,0.9161209384748901,160374.06,160938.46,True,False
Emergent_beneficence_boundary_f57fbb,Emergent_constraint_coupling_cc5a0a,0.922715354695254,160374.06,161023.71,True,False
Emergent_beneficence_boundary_f57fbb,Emergent_contradiction_coupling_baffe9,0.9179384913751101,160374.06,161085.51,True,False
Emergent_beneficence_boundary_f57fbb,Emergent_appears_asymmetry_24b9e2,0.8996591467385233,160374.06,161108.05,True,False
Emergent_beneficence_boundary_f57fbb,Emergent_cognition_constraint_588317,0.9117807641531903,160374.06,161130.19,True,False
Emergent_beneficence_boundary_f57fbb,Emergent_appears_asymmetry_b0db07,0.9332769024176131,160374.06,161152.27,True,False
Emergent_beneficence_boundary_f57fbb,Emergent_concept_contradiction_2c9fc5,0.9286155110780743,160374.06,161281.86,True,False
Emergent_beneficence_boundary_f57fbb,Emergent_chaos_constraint_dd1d2b,0.9048915784667926,160374.06,161304.13,True,False
Emergent_beneficence_boundary_f57fbb,Emergent_autonomy_chaos_5eb54b,0.9077081739473885,160374.06,161327.69,True,False
Emergent_beneficence_boundary_f57fbb,Emergent_autonomy_bounded_59bcc5,0.7905607999526334,160374.06,161352.3,True,False
Emergent_beneficence_boundary_f57fbb,Emergent_carefully_chaos_bdcbbd,0.9366374921144145,160374.06,161375.62,True,False
Emergent_beneficence_boundary_f57fbb,Emergent_coupling_ego_dissolution_d16e9d,0.9,160374.06,161440.15,True,False
Emergent_beneficence_boundary_f57fbb,Emergent_clarity_coupling_e2ed74,0.9,160374.06,161440.49,True,False
Emergent_appears_asymmetry_630915,Emergent_autonomy_beneficence_2617f1,0.8870194847630863,160410.15,160427.55,True,False
Emergent_appears_asymmetry_630915,Emergent_beneficence_bounded_e069d5,0.8870196931133671,160410.15,160446.85,True,False
Emergent_appears_asymmetry_630915,Emergent_autonomy_beneficence_e1ad8f,0.887019720171845,160410.15,160463.88,True,False
Emergent_appears_asymmetry_630915,Emergent_carefully_chaos_3dd412,0.8870179764620294,160410.15,160497.95,True,False
Emergent_appears_asymmetry_630915,Emergent_carefully_chaos_fc6e22,0.8870180153271938,160410.15,160498.29,True,False
Emergent_appears_asymmetry_630915,Emergent_coherence_coupling_6aece4,0.8870191191139898,160410.15,160515.56,True,False
Emergent_appears_asymmetry_630915,Emergent_autonomy_bounded_5ceb4c,0.8870185218214721,160410.15,160552.93,True,False
Emergent_appears_asymmetry_630915,Emergent_autonomy_bounded_ab8b66,0.8870185218214721,160410.15,160553.27,True,False
Emergent_appears_asymmetry_630915,Emergent_appears_asymmetry_8ccc17,0.8870175558497455,160410.15,160572.27,True,False
Emergent_appears_asymmetry_630915,Emergent_constraint_contradiction_34bbe1,0.8870161758901358,160410.15,160609.47,True,False
Emergent_appears_asymmetry_630915,Emergent_appears_asymmetry_7aac44,0.8870138759574531,160410.15,160630.09,True,False
Emergent_appears_asymmetry_630915,Emergent_carefully_coherence_77b5f7,0.8870142045192648,160410.15,160647.76,True,False
Emergent_appears_asymmetry_630915,Emergent_carefully_coupling_a140fb,0.8870142045192648,160410.15,160648.1,True,False
Emergent_appears_asymmetry_630915,Emergent_autonomy_bounded_72bafc,0.8870104495271298,160410.15,160668.34,True,False
Emergent_appears_asymmetry_630915,Emergent_coherence_contradiction_1493a4,0.8870113882751636,160410.15,160703.78,True,False
Emergent_appears_asymmetry_630915,Emergent_autonomy_collective_461851,0.8870060240006847,160410.15,160724.13,True,False
Emergent_appears_asymmetry_630915,Emergent_coherence_constraint_b926a8,0.8870066945349948,160410.15,160741.82,True,False
Emergent_appears_asymmetry_630915,Emergent_bounded_coupling_d18f1e,0.8870073650693047,160410.15,160757.94,True,False
Emergent_appears_asymmetry_630915,Emergent_appears_asymmetry_9e9e75,0.8870016176323632,160410.15,160777.61,True,False
Emergent_appears_asymmetry_630915,Emergent_carefully_concept_e4097b,0.8869797226344911,160410.15,160817.59,True,False
Emergent_appears_asymmetry_630915,Emergent_carefully_coherence_9c91a3,0.8869797226344911,160410.15,160817.93,True,False
Emergent_appears_asymmetry_630915,Emergent_bounded_concept_6e0127,0.8869610110087995,160410.15,160856.17,True,False
Emergent_appears_asymmetry_630915,Emergent_bounded_coherence_8fa10b,0.8869610409820066,160410.15,160856.51,True,False
Emergent_appears_asymmetry_630915,Emergent_bounded_coherence_3042d7,0.8865325153144068,160410.15,160877.09,True,False
Emergent_appears_asymmetry_630915,Emergent_bounded_cognition_370134,0.8871814255202632,160410.15,160918.05,True,False
Emergent_appears_asymmetry_630915,Emergent_bounded_coupling_53dac6,0.8871895675882526,160410.15,160938.46,True,False
Emergent_appears_asymmetry_630915,Emergent_constraint_coupling_cc5a0a,0.8851887476997604,160410.15,161023.71,True,False
Emergent_appears_asymmetry_630915,Emergent_contradiction_coupling_baffe9,0.8868810152775906,160410.15,161085.51,True,False
Emergent_appears_asymmetry_630915,Emergent_appears_asymmetry_24b9e2,0.8851347849940661,160410.15,161108.05,True,False
Emergent_appears_asymmetry_630915,Emergent_cognition_constraint_588317,0.8923945054167766,160410.15,161130.19,True,False
Emergent_appears_asymmetry_630915,Emergent_appears_asymmetry_b0db07,0.891187085161522,160410.15,161152.27,True,False
Emergent_appears_asymmetry_630915,Emergent_concept_contradiction_2c9fc5,0.890622822604406,160410.15,161281.86,True,False
Emergent_appears_asymmetry_630915,Emergent_chaos_constraint_dd1d2b,0.887093352604406,160410.15,161304.13,True,False
Emergent_appears_asymmetry_630915,Emergent_autonomy_chaos_5eb54b,0.8808609717031413,160410.15,161327.69,True,False
Emergent_appears_asymmetry_630915,Emergent_autonomy_bounded_59bcc5,0.7571134341355215,160410.15,161352.3,True,False
Emergent_appears_asymmetry_630915,Emergent_carefully_chaos_bdcbbd,0.9169108832924782,160410.15,161375.62,True,False
Emergent_appears_asymmetry_630915,Emergent_coupling_ego_dissolution_d16e9d,0.9,160410.15,161440.15,True,False
Emergent_appears_asymmetry_630915,Emergent_clarity_coupling_e2ed74,0.9,160410.15,161440.49,True,False
Emergent_autonomy_beneficence_2617f1,Emergent_beneficence_bounded_e069d5,0.9179183012700702,160427.55,160446.85,True,False
Emergent_autonomy_beneficence_2617f1,Emergent_autonomy_beneficence_e1ad8f,0.9079395459536674,160427.55,160463.88,True,False
Emergent_autonomy_beneficence_2617f1,Emergent_carefully_chaos_3dd412,0.9054571225785415,160427.55,160497.95,True,False
Emergent_autonomy_beneficence_2617f1,Emergent_carefully_chaos_fc6e22,0.9150275784707216,160427.55,160498.29,True,False
Emergent_autonomy_beneficence_2617f1,Emergent_coherence_coupling_6aece4,0.9023221247221496,160427.55,160515.56,True,False
Emergent_autonomy_beneficence_2617f1,Emergent_autonomy_bounded_5ceb4c,0.9143917216456032,160427.55,160552.93,True,False
Emergent_autonomy_beneficence_2617f1,Emergent_autonomy_bounded_ab8b66,0.8923962788030069,160427.55,160553.27,True,False
Emergent_autonomy_beneficence_2617f1,Emergent_appears_asymmetry_8ccc17,0.9189626801455997,160427.55,160572.27,True,False
Emergent_autonomy_beneficence_2617f1,Emergent_constraint_contradiction_34bbe1,0.9105612337254705,160427.55,160609.47,True,False
Emergent_autonomy_beneficence_2617f1,Emergent_appears_asymmetry_7aac44,0.9178476964569993,160427.55,160630.09,True,False
Emergent_autonomy_beneficence_2617f1,Emergent_carefully_coherence_77b5f7,0.9155090759163849,160427.55,160647.76,True,False
Emergent_autonomy_beneficence_2617f1,Emergent_carefully_coupling_a140fb,0.9163573722234482,160427.55,160648.1,True,False
Emergent_autonomy_beneficence_2617f1,Emergent_autonomy_bounded_72bafc,0.9210560704003246,160427.55,160668.34,True,False
Emergent_autonomy_beneficence_2617f1,Emergent_coherence_contradiction_1493a4,0.8949392272867296,160427.55,160703.78,True,False
Emergent_autonomy_beneficence_2617f1,Emergent_autonomy_collective_461851,0.919265750776967,160427.55,160724.13,True,False
Emergent_autonomy_beneficence_2617f1,Emergent_coherence_constraint_b926a8,0.9172307542367402,160427.55,160741.82,True,False
Emergent_autonomy_beneficence_2617f1,Emergent_bounded_coupling_d18f1e,0.9210545590159902,160427.55,160757.94,True,False
Emergent_autonomy_beneficence_2617f1,Emergent_appears_asymmetry_9e9e75,0.9174974969151084,160427.55,160777.61,True,False
Emergent_autonomy_beneficence_2617f1,Emergent_carefully_concept_e4097b,0.9210410142229317,160427.55,160817.59,True,False
Emergent_autonomy_beneficence_2617f1,Emergent_carefully_coherence_9c91a3,0.9008008247205053,160427.55,160817.93,True,False
Emergent_autonomy_beneficence_2617f1,Emergent_bounded_concept_6e0127,0.894451855020687,160427.55,160856.17,True,False
Emergent_autonomy_beneficence_2617f1,Emergent_bounded_coherence_8fa10b,0.8994150798707439,160427.55,160856.51,True,False
Emergent_autonomy_beneficence_2617f1,Emergent_bounded_coherence_3042d7,0.9199044797802667,160427.55,160877.09,True,False
Emergent_autonomy_beneficence_2617f1,Emergent_bounded_cognition_370134,0.9101591903729012,160427.55,160918.05,True,False
Emergent_autonomy_beneficence_2617f1,Emergent_bounded_coupling_53dac6,0.9161209384748901,160427.55,160938.46,True,False
Emergent_autonomy_beneficence_2617f1,Emergent_constraint_coupling_cc5a0a,0.9200013742164668,160427.55,161023.71,True,False
Emergent_autonomy_beneficence_2617f1,Emergent_contradiction_coupling_baffe9,0.9179384913751101,160427.55,161085.51,True,False
Emergent_autonomy_beneficence_2617f1,Emergent_appears_asymmetry_24b9e2,0.8996591467385233,160427.55,161108.05,True,False
Emergent_autonomy_beneficence_2617f1,Emergent_cognition_constraint_588317,0.9117807641531903,160427.55,161130.19,True,False
Emergent_autonomy_beneficence_2617f1,Emergent_appears_asymmetry_b0db07,0.9254331869294794,160427.55,161152.27,True,False
Emergent_autonomy_beneficence_2617f1,Emergent_concept_contradiction_2c9fc5,0.923966673284615,160427.55,161281.86,True,False
Emergent_autonomy_beneficence_2617f1,Emergent_chaos_constraint_dd1d2b,0.9048915784667926,160427.55,161304.13,True,False
Emergent_autonomy_beneficence_2617f1,Emergent_autonomy_chaos_5eb54b,0.9077081739473885,160427.55,161327.69,True,False
Emergent_autonomy_beneficence_2617f1,Emergent_autonomy_bounded_59bcc5,0.7905607999526334,160427.55,161352.3,True,False
Emergent_autonomy_beneficence_2617f1,Emergent_carefully_chaos_bdcbbd,0.9366374921144145,160427.55,161375.62,True,False
Emergent_autonomy_beneficence_2617f1,Emergent_coupling_ego_dissolution_d16e9d,0.9,160427.55,161440.15,True,False
Emergent_autonomy_beneficence_2617f1,Emergent_clarity_coupling_e2ed74,0.9,160427.55,161440.49,True,False
Emergent_beneficence_bounded_e069d5,Emergent_autonomy_beneficence_e1ad8f,0.9079391481940406,160446.85,160463.88,True,False
Emergent_beneficence_bounded_e069d5,Emergent_carefully_chaos_3dd412,0.9054571225785415,160446.85,160497.95,True,False
Emergent_beneficence_bounded_e069d5,Emergent_carefully_chaos_fc6e22,0.9150275784707216,160446.85,160498.29,True,False
Emergent_beneficence_bounded_e069d5,Emergent_coherence_coupling_6aece4,0.9023221247221496,160446.85,160515.56,True,False
Emergent_beneficence_bounded_e069d5,Emergent_autonomy_bounded_5ceb4c,0.9143917216456032,160446.85,160552.93,True,False
Emergent_beneficence_bounded_e069d5,Emergent_autonomy_bounded_ab8b66,0.8923962788030069,160446.85,160553.27,True,False
Emergent_beneficence_bounded_e069d5,Emergent_appears_asymmetry_8ccc17,0.9179171110939877,160446.85,160572.27,True,False
Emergent_beneficence_bounded_e069d5,Emergent_constraint_contradiction_34bbe1,0.9105612337254705,160446.85,160609.47,True,False
Emergent_beneficence_bounded_e069d5,Emergent_appears_asymmetry_7aac44,0.9178476964569993,160446.85,160630.09,True,False
Emergent_beneficence_bounded_e069d5,Emergent_carefully_coherence_77b5f7,0.9155090759163849,160446.85,160647.76,True,False
Emergent_beneficence_bounded_e069d5,Emergent_carefully_coupling_a140fb,0.9163573722234482,160446.85,160648.1,True,False
Emergent_beneficence_bounded_e069d5,Emergent_autonomy_bounded_72bafc,0.9179136289959062,160446.85,160668.34,True,False
Emergent_beneficence_bounded_e069d5,Emergent_coherence_contradiction_1493a4,0.8949392272867296,160446.85,160703.78,True,False
Emergent_beneficence_bounded_e069d5,Emergent_autonomy_collective_461851,0.9179114604879481,160446.85,160724.13,True,False
Emergent_beneficence_bounded_e069d5,Emergent_coherence_constraint_b926a8,0.9172307542367402,160446.85,160741.82,True,False
Emergent_beneficence_bounded_e069d5,Emergent_bounded_coupling_d18f1e,0.9179121176115719,160446.85,160757.94,True,False
Emergent_beneficence_bounded_e069d5,Emergent_appears_asymmetry_9e9e75,0.9174974969151084,160446.85,160777.61,True,False
Emergent_beneficence_bounded_e069d5,Emergent_carefully_concept_e4097b,0.9178985728185132,160446.85,160817.59,True,False
Emergent_beneficence_bounded_e069d5,Emergent_carefully_coherence_9c91a3,0.9008008247205053,160446.85,160817.93,True,False
Emergent_beneficence_bounded_e069d5,Emergent_bounded_concept_6e0127,0.894451855020687,160446.85,160856.17,True,False
Emergent_beneficence_bounded_e069d5,Emergent_bounded_coherence_8fa10b,0.8994150798707439,160446.85,160856.51,True,False
Emergent_beneficence_bounded_e069d5,Emergent_bounded_coherence_3042d7,0.9176830301726269,160446.85,160877.09,True,False
Emergent_beneficence_bounded_e069d5,Emergent_bounded_cognition_370134,0.9101591903729012,160446.85,160918.05,True,False
Emergent_beneficence_bounded_e069d5,Emergent_bounded_coupling_53dac6,0.9161209384748901,160446.85,160938.46,True,False
Emergent_beneficence_bounded_e069d5,Emergent_constraint_coupling_cc5a0a,0.9168617521925737,160446.85,161023.71,True,False
Emergent_beneficence_bounded_e069d5,Emergent_contradiction_coupling_baffe9,0.9179384913751101,160446.85,161085.51,True,False
Emergent_beneficence_bounded_e069d5,Emergent_appears_asymmetry_24b9e2,0.8996591467385233,160446.85,161108.05,True,False
Emergent_beneficence_bounded_e069d5,Emergent_cognition_constraint_588317,0.9117807641531903,160446.85,161130.19,True,False
Emergent_beneficence_bounded_e069d5,Emergent_appears_asymmetry_b0db07,0.9223665850934002,160446.85,161152.27,True,False
Emergent_beneficence_bounded_e069d5,Emergent_concept_contradiction_2c9fc5,0.9210163638859417,160446.85,161281.86,True,False
Emergent_beneficence_bounded_e069d5,Emergent_chaos_constraint_dd1d2b,0.9048915784667926,160446.85,161304.13,True,False
Emergent_beneficence_bounded_e069d5,Emergent_autonomy_chaos_5eb54b,0.9077081739473885,160446.85,161327.69,True,False
Emergent_beneficence_bounded_e069d5,Emergent_autonomy_bounded_59bcc5,0.7905607999526334,160446.85,161352.3,True,False
Emergent_beneficence_bounded_e069d5,Emergent_carefully_chaos_bdcbbd,0.9366374921144145,160446.85,161375.62,True,False
Emergent_beneficence_bounded_e069d5,Emergent_coupling_ego_dissolution_d16e9d,0.9,160446.85,161440.15,True,False
Emergent_beneficence_bounded_e069d5,Emergent_clarity_coupling_e2ed74,0.9,160446.85,161440.49,True,False
Emergent_autonomy_beneficence_e1ad8f,Emergent_carefully_chaos_3dd412,0.9054571225785415,160463.88,160497.95,True,False
Emergent_autonomy_beneficence_e1ad8f,Emergent_carefully_chaos_fc6e22,0.9079385937796716,160463.88,160498.29,True,False
Emergent_autonomy_beneficence_e1ad8f,Emergent_coherence_coupling_6aece4,0.9023221247221496,160463.88,160515.56,True,False
Emergent_autonomy_beneficence_e1ad8f,Emergent_autonomy_bounded_5ceb4c,0.9079385840203453,160463.88,160552.93,True,False
Emergent_autonomy_beneficence_e1ad8f,Emergent_autonomy_bounded_ab8b66,0.8923962788030069,160463.88,160553.27,True,False
Emergent_autonomy_beneficence_e1ad8f,Emergent_appears_asymmetry_8ccc17,0.9079379078401366,160463.88,160572.27,True,False
Emergent_autonomy_beneficence_e1ad8f,Emergent_constraint_contradiction_34bbe1,0.9079369418684098,160463.88,160609.47,True,False
Emergent_autonomy_beneficence_e1ad8f,Emergent_appears_asymmetry_7aac44,0.9079353319155319,160463.88,160630.09,True,False
Emergent_autonomy_beneficence_e1ad8f,Emergent_carefully_coherence_77b5f7,0.9079355619088001,160463.88,160647.76,True,False
Emergent_autonomy_beneficence_e1ad8f,Emergent_carefully_coupling_a140fb,0.9079355619088001,160463.88,160648.1,True,False
Emergent_autonomy_beneficence_e1ad8f,Emergent_autonomy_bounded_72bafc,0.9079329334143056,160463.88,160668.34,True,False
Emergent_autonomy_beneficence_e1ad8f,Emergent_coherence_contradiction_1493a4,0.8949392272867296,160463.88,160703.78,True,False
Emergent_autonomy_beneficence_e1ad8f,Emergent_autonomy_collective_461851,0.9079298355457943,160463.88,160724.13,True,False
Emergent_autonomy_beneficence_e1ad8f,Emergent_coherence_constraint_b926a8,0.9079303049198111,160463.88,160741.82,True,False
Emergent_autonomy_beneficence_e1ad8f,Emergent_bounded_coupling_d18f1e,0.9079307742938281,160463.88,160757.94,True,False
Emergent_autonomy_beneficence_e1ad8f,Emergent_appears_asymmetry_9e9e75,0.9079267510879689,160463.88,160777.61,True,False
Emergent_autonomy_beneficence_e1ad8f,Emergent_carefully_concept_e4097b,0.9079114245894586,160463.88,160817.59,True,False
Emergent_autonomy_beneficence_e1ad8f,Emergent_carefully_coherence_9c91a3,0.9008008247205053,160463.88,160817.93,True,False
Emergent_autonomy_beneficence_e1ad8f,Emergent_bounded_concept_6e0127,0.894451855020687,160463.88,160856.17,True,False
Emergent_autonomy_beneficence_e1ad8f,Emergent_bounded_coherence_8fa10b,0.8994150798707439,160463.88,160856.51,True,False
Emergent_autonomy_beneficence_e1ad8f,Emergent_bounded_coherence_3042d7,0.9076014704627522,160463.88,160877.09,True,False
Emergent_autonomy_beneficence_e1ad8f,Emergent_bounded_cognition_370134,0.9080416348960247,160463.88,160918.05,True,False
Emergent_autonomy_beneficence_e1ad8f,Emergent_bounded_coupling_53dac6,0.9080473343436173,160463.88,160938.46,True,False
Emergent_autonomy_beneficence_e1ad8f,Emergent_constraint_coupling_cc5a0a,0.906559823407842,160463.88,161023.71,True,False
Emergent_autonomy_beneficence_e1ad8f,Emergent_contradiction_coupling_baffe9,0.9083584083897775,160463.88,161085.51,True,False
Emergent_autonomy_beneficence_e1ad8f,Emergent_appears_asymmetry_24b9e2,0.8996591467385233,160463.88,161108.05,True,False
Emergent_autonomy_beneficence_e1ad8f,Emergent_cognition_constraint_588317,0.9117807641531903,160463.88,161130.19,True,False
Emergent_autonomy_beneficence_e1ad8f,Emergent_appears_asymmetry_b0db07,0.9122606371941362,160463.88,161152.27,True,False
Emergent_autonomy_beneficence_e1ad8f,Emergent_concept_contradiction_2c9fc5,0.9112225364500495,160463.88,161281.86,True,False
Emergent_autonomy_beneficence_e1ad8f,Emergent_chaos_constraint_dd1d2b,0.9048915784667926,160463.88,161304.13,True,False
Emergent_autonomy_beneficence_e1ad8f,Emergent_autonomy_chaos_5eb54b,0.9013859056633597,160463.88,161327.69,True,False
Emergent_autonomy_beneficence_e1ad8f,Emergent_autonomy_bounded_59bcc5,0.7797537129254419,160463.88,161352.3,True,False
Emergent_autonomy_beneficence_e1ad8f,Emergent_carefully_chaos_bdcbbd,0.9362743583468838,160463.88,161375.62,True,False
Emergent_autonomy_beneficence_e1ad8f,Emergent_coupling_ego_dissolution_d16e9d,0.9,160463.88,161440.15,True,False
Emergent_autonomy_beneficence_e1ad8f,Emergent_clarity_coupling_e2ed74,0.9,160463.88,161440.49,True,False
Emergent_carefully_chaos_3dd412,Emergent_carefully_chaos_fc6e22,0.9054563499274231,160497.95,160498.29,True,False
Emergent_carefully_chaos_3dd412,Emergent_coherence_coupling_6aece4,0.9023221247221496,160497.95,160515.56,True,False
Emergent_carefully_chaos_3dd412,Emergent_autonomy_bounded_5ceb4c,0.9054571838166556,160497.95,160552.93,True,False
Emergent_carefully_chaos_3dd412,Emergent_autonomy_bounded_ab8b66,0.8923962788030069,160497.95,160553.27,True,False
Emergent_carefully_chaos_3dd412,Emergent_appears_asymmetry_8ccc17,0.9054565076364469,160497.95,160572.27,True,False
Emergent_carefully_chaos_3dd412,Emergent_constraint_contradiction_34bbe1,0.9054555416647201,160497.95,160609.47,True,False
Emergent_carefully_chaos_3dd412,Emergent_appears_asymmetry_7aac44,0.9054539317118424,160497.95,160630.09,True,False
Emergent_carefully_chaos_3dd412,Emergent_carefully_coherence_77b5f7,0.9054541617051104,160497.95,160647.76,True,False
Emergent_carefully_chaos_3dd412,Emergent_carefully_coupling_a140fb,0.9054541617051104,160497.95,160648.1,True,False
Emergent_carefully_chaos_3dd412,Emergent_autonomy_bounded_72bafc,0.9054515332106161,160497.95,160668.34,True,False
Emergent_carefully_chaos_3dd412,Emergent_coherence_contradiction_1493a4,0.8949392272867296,160497.95,160703.78,True,False
Emergent_carefully_chaos_3dd412,Emergent_autonomy_collective_461851,0.9054484353421046,160497.95,160724.13,True,False
Emergent_carefully_chaos_3dd412,Emergent_coherence_constraint_b926a8,0.9054489047161214,160497.95,160741.82,True,False
Emergent_carefully_chaos_3dd412,Emergent_bounded_coupling_d18f1e,0.9054493740901384,160497.95,160757.94,True,False
Emergent_carefully_chaos_3dd412,Emergent_appears_asymmetry_9e9e75,0.9054453508842792,160497.95,160777.61,True,False
Emergent_carefully_chaos_3dd412,Emergent_carefully_concept_e4097b,0.9054300243857689,160497.95,160817.59,True,False
Emergent_carefully_chaos_3dd412,Emergent_carefully_coherence_9c91a3,0.9008008247205053,160497.95,160817.93,True,False
Emergent_carefully_chaos_3dd412,Emergent_bounded_concept_6e0127,0.894451855020687,160497.95,160856.17,True,False
Emergent_carefully_chaos_3dd412,Emergent_bounded_coherence_8fa10b,0.8994150798707439,160497.95,160856.51,True,False
Emergent_carefully_chaos_3dd412,Emergent_bounded_coherence_3042d7,0.9051197115203298,160497.95,160877.09,True,False
Emergent_carefully_chaos_3dd412,Emergent_bounded_cognition_370134,0.9055615092214031,160497.95,160918.05,True,False
Emergent_carefully_chaos_3dd412,Emergent_bounded_coupling_53dac6,0.9055672086689956,160497.95,160938.46,True,False
Emergent_carefully_chaos_3dd412,Emergent_constraint_coupling_cc5a0a,0.904079513092872,160497.95,161023.71,True,False
Emergent_carefully_chaos_3dd412,Emergent_contradiction_coupling_baffe9,0.9058657589601244,160497.95,161085.51,True,False
Emergent_carefully_chaos_3dd412,Emergent_appears_asymmetry_24b9e2,0.8996591467385233,160497.95,161108.05,True,False
Emergent_carefully_chaos_3dd412,Emergent_cognition_constraint_588317,0.9110265824493033,160497.95,161130.19,True,False
Emergent_carefully_chaos_3dd412,Emergent_appears_asymmetry_b0db07,0.9098148572440057,160497.95,161152.27,True,False
Emergent_carefully_chaos_3dd412,Emergent_concept_contradiction_2c9fc5,0.9088317497889242,160497.95,161281.86,True,False
Emergent_carefully_chaos_3dd412,Emergent_chaos_constraint_dd1d2b,0.9048915784667926,160497.95,161304.13,True,False
Emergent_carefully_chaos_3dd412,Emergent_autonomy_chaos_5eb54b,0.8990037978971908,160497.95,161327.69,True,False
Emergent_carefully_chaos_3dd412,Emergent_autonomy_bounded_59bcc5,0.7771260998944702,160497.95,161352.3,True,False
Emergent_carefully_chaos_3dd412,Emergent_carefully_chaos_bdcbbd,0.9340270485920013,160497.95,161375.62,True,False
Emergent_carefully_chaos_3dd412,Emergent_coupling_ego_dissolution_d16e9d,0.9,160497.95,161440.15,True,False
Emergent_carefully_chaos_3dd412,Emergent_clarity_coupling_e2ed74,0.9,160497.95,161440.49,True,False
Emergent_carefully_chaos_fc6e22,Emergent_coherence_coupling_6aece4,0.9023221247221496,160498.29,160515.56,True,False
Emergent_carefully_chaos_fc6e22,Emergent_autonomy_bounded_5ceb4c,0.9143917216456032,160498.29,160552.93,True,False
Emergent_carefully_chaos_fc6e22,Emergent_autonomy_bounded_ab8b66,0.8923962788030069,160498.29,160553.27,True,False
Emergent_carefully_chaos_fc6e22,Emergent_appears_asymmetry_8ccc17,0.9150267441721447,160498.29,160572.27,True,False
Emergent_carefully_chaos_fc6e22,Emergent_constraint_contradiction_34bbe1,0.9105612337254705,160498.29,160609.47,True,False
Emergent_carefully_chaos_fc6e22,Emergent_appears_asymmetry_7aac44,0.91502416824754,160498.29,160630.09,True,False
Emergent_carefully_chaos_fc6e22,Emergent_carefully_coherence_77b5f7,0.9150243982408082,160498.29,160647.76,True,False
Emergent_carefully_chaos_fc6e22,Emergent_carefully_coupling_a140fb,0.9150243982408082,160498.29,160648.1,True,False
Emergent_carefully_chaos_fc6e22,Emergent_autonomy_bounded_72bafc,0.9150217697463137,160498.29,160668.34,True,False
Emergent_carefully_chaos_fc6e22,Emergent_coherence_contradiction_1493a4,0.8949392272867296,160498.29,160703.78,True,False
Emergent_carefully_chaos_fc6e22,Emergent_autonomy_collective_461851,0.9150186718778022,160498.29,160724.13,True,False
Emergent_carefully_chaos_fc6e22,Emergent_coherence_constraint_b926a8,0.9150191412518192,160498.29,160741.82,True,False
Emergent_carefully_chaos_fc6e22,Emergent_bounded_coupling_d18f1e,0.9150196106258359,160498.29,160757.94,True,False
Emergent_carefully_chaos_fc6e22,Emergent_appears_asymmetry_9e9e75,0.915015587419977,160498.29,160777.61,True,False
Emergent_carefully_chaos_fc6e22,Emergent_carefully_concept_e4097b,0.9150002609214667,160498.29,160817.59,True,False
Emergent_carefully_chaos_fc6e22,Emergent_carefully_coherence_9c91a3,0.9008008247205053,160498.29,160817.93,True,False
Emergent_carefully_chaos_fc6e22,Emergent_bounded_concept_6e0127,0.894451855020687,160498.29,160856.17,True,False
Emergent_carefully_chaos_fc6e22,Emergent_bounded_coherence_8fa10b,0.8994150798707439,160498.29,160856.51,True,False
Emergent_carefully_chaos_fc6e22,Emergent_bounded_coherence_3042d7,0.9146915655669487,160498.29,160877.09,True,False
Emergent_carefully_chaos_fc6e22,Emergent_bounded_cognition_370134,0.9101591903729012,160498.29,160918.05,True,False
Emergent_carefully_chaos_fc6e22,Emergent_bounded_coupling_53dac6,0.9151316985024309,160498.29,160938.46,True,False
Emergent_carefully_chaos_fc6e22,Emergent_constraint_coupling_cc5a0a,0.9136448354480085,160498.29,161023.71,True,False
Emergent_carefully_chaos_fc6e22,Emergent_contradiction_coupling_baffe9,0.9154867169378922,160498.29,161085.51,True,False
Emergent_carefully_chaos_fc6e22,Emergent_appears_asymmetry_24b9e2,0.8996591467385233,160498.29,161108.05,True,False
Emergent_carefully_chaos_fc6e22,Emergent_cognition_constraint_588317,0.9117807641531903,160498.29,161130.19,True,False
Emergent_carefully_chaos_fc6e22,Emergent_appears_asymmetry_b0db07,0.9192244862291665,160498.29,161152.27,True,False
Emergent_carefully_chaos_fc6e22,Emergent_concept_contradiction_2c9fc5,0.9179934204761893,160498.29,161281.86,True,False
Emergent_carefully_chaos_fc6e22,Emergent_chaos_constraint_dd1d2b,0.9048915784667926,160498.29,161304.13,True,False
Emergent_carefully_chaos_fc6e22,Emergent_autonomy_chaos_5eb54b,0.9077081739473885,160498.29,161327.69,True,False
Emergent_carefully_chaos_fc6e22,Emergent_autonomy_bounded_59bcc5,0.7873555929401725,160498.29,161352.3,True,False
Emergent_carefully_chaos_fc6e22,Emergent_carefully_chaos_bdcbbd,0.9366374921144145,160498.29,161375.62,True,False
Emergent_carefully_chaos_fc6e22,Emergent_coupling_ego_dissolution_d16e9d,0.9,160498.29,161440.15,True,False
Emergent_carefully_chaos_fc6e22,Emergent_clarity_coupling_e2ed74,0.9,160498.29,161440.49,True,False
Emergent_coherence_coupling_6aece4,Emergent_autonomy_bounded_5ceb4c,0.9023217066173872,160515.56,160552.93,True,False
Emergent_coherence_coupling_6aece4,Emergent_autonomy_bounded_ab8b66,0.8923962788030069,160515.56,160553.27,True,False
Emergent_coherence_coupling_6aece4,Emergent_appears_asymmetry_8ccc17,0.9023210304371787,160515.56,160572.27,True,False
Emergent_coherence_coupling_6aece4,Emergent_constraint_contradiction_34bbe1,0.9023200644654519,160515.56,160609.47,True,False
Emergent_coherence_coupling_6aece4,Emergent_appears_asymmetry_7aac44,0.902318454512574,160515.56,160630.09,True,False
Emergent_coherence_coupling_6aece4,Emergent_carefully_coherence_77b5f7,0.9023186845058424,160515.56,160647.76,True,False
Emergent_coherence_coupling_6aece4,Emergent_carefully_coupling_a140fb,0.9023186845058424,160515.56,160648.1,True,False
Emergent_coherence_coupling_6aece4,Emergent_autonomy_bounded_72bafc,0.9023160560113477,160515.56,160668.34,True,False
Emergent_coherence_coupling_6aece4,Emergent_coherence_contradiction_1493a4,0.8949392272867296,160515.56,160703.78,True,False
Emergent_coherence_coupling_6aece4,Emergent_autonomy_collective_461851,0.9023129581428362,160515.56,160724.13,True,False
Emergent_coherence_coupling_6aece4,Emergent_coherence_constraint_b926a8,0.9023134275168532,160515.56,160741.82,True,False
Emergent_coherence_coupling_6aece4,Emergent_bounded_coupling_d18f1e,0.9023138968908702,160515.56,160757.94,True,False
Emergent_coherence_coupling_6aece4,Emergent_appears_asymmetry_9e9e75,0.902309873685011,160515.56,160777.61,True,False
Emergent_coherence_coupling_6aece4,Emergent_carefully_concept_e4097b,0.9022945471865005,160515.56,160817.59,True,False
Emergent_coherence_coupling_6aece4,Emergent_carefully_coherence_9c91a3,0.9008008247205053,160515.56,160817.93,True,False
Emergent_coherence_coupling_6aece4,Emergent_bounded_concept_6e0127,0.894451855020687,160515.56,160856.17,True,False
Emergent_coherence_coupling_6aece4,Emergent_bounded_coherence_8fa10b,0.8994150798707439,160515.56,160856.51,True,False
Emergent_coherence_coupling_6aece4,Emergent_bounded_coherence_3042d7,0.9019837810217044,160515.56,160877.09,True,False
Emergent_coherence_coupling_6aece4,Emergent_bounded_cognition_370134,0.9024276425067421,160515.56,160918.05,True,False
Emergent_coherence_coupling_6aece4,Emergent_bounded_coupling_53dac6,0.9024333419543349,160515.56,160938.46,True,False
Emergent_coherence_coupling_6aece4,Emergent_constraint_coupling_cc5a0a,0.9009454130681624,160515.56,161023.71,True,False
Emergent_coherence_coupling_6aece4,Emergent_contradiction_coupling_baffe9,0.9027160673300418,160515.56,161085.51,True,False
Emergent_coherence_coupling_6aece4,Emergent_appears_asymmetry_24b9e2,0.8996591467385233,160515.56,161108.05,True,False
Emergent_coherence_coupling_6aece4,Emergent_cognition_constraint_588317,0.907935400494901,160515.56,161130.19,True,False
Emergent_coherence_coupling_6aece4,Emergent_appears_asymmetry_b0db07,0.9067243895086281,160515.56,161152.27,True,False
Emergent_coherence_coupling_6aece4,Emergent_concept_contradiction_2c9fc5,0.9058107711281154,160515.56,161281.86,True,False
Emergent_coherence_coupling_6aece4,Emergent_chaos_constraint_dd1d2b,0.9022813011281154,160515.56,161304.13,True,False
Emergent_coherence_coupling_6aece4,Emergent_autonomy_chaos_5eb54b,0.8959937858177538,160515.56,161327.69,True,False
Emergent_coherence_coupling_6aece4,Emergent_autonomy_bounded_59bcc5,0.7738058693509001,160515.56,161352.3,True,False
Emergent_coherence_coupling_6aece4,Emergent_carefully_chaos_bdcbbd,0.9311873661878287,160515.56,161375.62,True,False
Emergent_coherence_coupling_6aece4,Emergent_coupling_ego_dissolution_d16e9d,0.9,160515.56,161440.15,True,False
Emergent_coherence_coupling_6aece4,Emergent_clarity_coupling_e2ed74,0.9,160515.56,161440.49,True,False
Emergent_autonomy_bounded_5ceb4c,Emergent_autonomy_bounded_ab8b66,0.8923947010491866,160552.93,160553.27,True,False
Emergent_autonomy_bounded_5ceb4c,Emergent_appears_asymmetry_8ccc17,0.9143910454653945,160552.93,160572.27,True,False
Emergent_autonomy_bounded_5ceb4c,Emergent_constraint_contradiction_34bbe1,0.9105612337254705,160552.93,160609.47,True,False
Emergent_autonomy_bounded_5ceb4c,Emergent_appears_asymmetry_7aac44,0.91438846954079,160552.93,160630.09,True,False
Emergent_autonomy_bounded_5ceb4c,Emergent_carefully_coherence_77b5f7,0.9143886995340582,160552.93,160647.76,True,False
Emergent_autonomy_bounded_5ceb4c,Emergent_carefully_coupling_a140fb,0.9143886995340582,160552.93,160648.1,True,False
Emergent_autonomy_bounded_5ceb4c,Emergent_autonomy_bounded_72bafc,0.9143860710395637,160552.93,160668.34,True,False
Emergent_autonomy_bounded_5ceb4c,Emergent_coherence_contradiction_1493a4,0.8949392272867296,160552.93,160703.78,True,False
Emergent_autonomy_bounded_5ceb4c,Emergent_autonomy_collective_461851,0.9143829731710522,160552.93,160724.13,True,False
Emergent_autonomy_bounded_5ceb4c,Emergent_coherence_constraint_b926a8,0.9143834425450692,160552.93,160741.82,True,False
Emergent_autonomy_bounded_5ceb4c,Emergent_bounded_coupling_d18f1e,0.914383911919086,160552.93,160757.94,True,False
Emergent_autonomy_bounded_5ceb4c,Emergent_appears_asymmetry_9e9e75,0.9143798887132271,160552.93,160777.61,True,False
Emergent_autonomy_bounded_5ceb4c,Emergent_carefully_concept_e4097b,0.9143645622147165,160552.93,160817.59,True,False
Emergent_autonomy_bounded_5ceb4c,Emergent_carefully_coherence_9c91a3,0.9008008247205053,160552.93,160817.93,True,False
Emergent_autonomy_bounded_5ceb4c,Emergent_bounded_concept_6e0127,0.894451855020687,160552.93,160856.17,True,False
Emergent_autonomy_bounded_5ceb4c,Emergent_bounded_coherence_8fa10b,0.8994150798707439,160552.93,160856.51,True,False
Emergent_autonomy_bounded_5ceb4c,Emergent_bounded_coherence_3042d7,0.9140557133718841,160552.93,160877.09,True,False
Emergent_autonomy_bounded_5ceb4c,Emergent_bounded_cognition_370134,0.9101591903729012,160552.93,160918.05,True,False
Emergent_autonomy_bounded_5ceb4c,Emergent_bounded_coupling_53dac6,0.9144965451098626,160552.93,160938.46,True,False
Emergent_autonomy_bounded_5ceb4c,Emergent_constraint_coupling_cc5a0a,0.9130096030560644,160552.93,161023.71,True,False
Emergent_autonomy_bounded_5ceb4c,Emergent_contradiction_coupling_baffe9,0.9148462051887385,160552.93,161085.51,True,False
Emergent_autonomy_bounded_5ceb4c,Emergent_appears_asymmetry_24b9e2,0.8996591467385233,160552.93,161108.05,True,False
Emergent_autonomy_bounded_5ceb4c,Emergent_cognition_constraint_588317,0.9117807641531903,160552.93,161130.19,True,False
Emergent_autonomy_bounded_5ceb4c,Emergent_appears_asymmetry_b0db07,0.9186040278412944,160552.93,161152.27,True,False
Emergent_autonomy_bounded_5ceb4c,Emergent_concept_contradiction_2c9fc5,0.9173964912655928,160552.93,161281.86,True,False
Emergent_autonomy_bounded_5ceb4c,Emergent_chaos_constraint_dd1d2b,0.9048915784667926,160552.93,161304.13,True,False
Emergent_autonomy_bounded_5ceb4c,Emergent_autonomy_chaos_5eb54b,0.9075331205655244,160552.93,161327.69,True,False
Emergent_autonomy_bounded_5ceb4c,Emergent_autonomy_bounded_59bcc5,0.7866573362814377,160552.93,161352.3,True,False
Emergent_autonomy_bounded_5ceb4c,Emergent_carefully_chaos_bdcbbd,0.9366374921144145,160552.93,161375.62,True,False
Emergent_autonomy_bounded_5ceb4c,Emergent_coupling_ego_dissolution_d16e9d,0.9,160552.93,161440.15,True,False
Emergent_autonomy_bounded_5ceb4c,Emergent_clarity_coupling_e2ed74,0.9,160552.93,161440.49,True,False
Emergent_autonomy_bounded_ab8b66,Emergent_appears_asymmetry_8ccc17,0.8923956026227979,160553.27,160572.27,True,False
Emergent_autonomy_bounded_ab8b66,Emergent_constraint_contradiction_34bbe1,0.8923946366510713,160553.27,160609.47,True,False
Emergent_autonomy_bounded_ab8b66,Emergent_appears_asymmetry_7aac44,0.8923930266981934,160553.27,160630.09,True,False
Emergent_autonomy_bounded_ab8b66,Emergent_carefully_coherence_77b5f7,0.8923932566914616,160553.27,160647.76,True,False
Emergent_autonomy_bounded_ab8b66,Emergent_carefully_coupling_a140fb,0.8923932566914616,160553.27,160648.1,True,False
Emergent_autonomy_bounded_ab8b66,Emergent_autonomy_bounded_72bafc,0.8923906281969671,160553.27,160668.34,True,False
Emergent_autonomy_bounded_ab8b66,Emergent_coherence_contradiction_1493a4,0.8923912853205909,160553.27,160703.78,True,False
Emergent_autonomy_bounded_ab8b66,Emergent_autonomy_collective_461851,0.8923875303284559,160553.27,160724.13,True,False
Emergent_autonomy_bounded_ab8b66,Emergent_coherence_constraint_b926a8,0.8923879997024726,160553.27,160741.82,True,False
Emergent_autonomy_bounded_ab8b66,Emergent_bounded_coupling_d18f1e,0.8923884690764894,160553.27,160757.94,True,False
Emergent_autonomy_bounded_ab8b66,Emergent_appears_asymmetry_9e9e75,0.8923844458706305,160553.27,160777.61,True,False
Emergent_autonomy_bounded_ab8b66,Emergent_carefully_concept_e4097b,0.8923691193721202,160553.27,160817.59,True,False
Emergent_autonomy_bounded_ab8b66,Emergent_carefully_coherence_9c91a3,0.8923691193721202,160553.27,160817.93,True,False
Emergent_autonomy_bounded_ab8b66,Emergent_bounded_concept_6e0127,0.8923559742785956,160553.27,160856.17,True,False
Emergent_autonomy_bounded_ab8b66,Emergent_bounded_coherence_8fa10b,0.8923559956197766,160553.27,160856.51,True,False
Emergent_autonomy_bounded_ab8b66,Emergent_bounded_coherence_3042d7,0.8920569182774036,160553.27,160877.09,True,False
Emergent_autonomy_bounded_ab8b66,Emergent_bounded_cognition_370134,0.8925073127197753,160553.27,160918.05,True,False
Emergent_autonomy_bounded_ab8b66,Emergent_bounded_coupling_53dac6,0.8925130121673681,160553.27,160938.46,True,False
Emergent_autonomy_bounded_ab8b66,Emergent_constraint_coupling_cc5a0a,0.8910243447326749,160553.27,161023.71,True,False
Emergent_autonomy_bounded_ab8b66,Emergent_contradiction_coupling_baffe9,0.892745643396091,160553.27,161085.51,True,False
Emergent_autonomy_bounded_ab8b66,Emergent_appears_asymmetry_24b9e2,0.8909733410508336,160553.27,161108.05,True,False
Emergent_autonomy_bounded_ab8b66,Emergent_cognition_constraint_588317,0.8981501903340059,160553.27,161130.19,True,False
Emergent_autonomy_bounded_ab8b66,Emergent_appears_asymmetry_b0db07,0.8969414402250806,160553.27,161152.27,True,False
Emergent_autonomy_bounded_ab8b66,Emergent_concept_contradiction_2c9fc5,0.8962477911665203,160553.27,161281.86,True,False
Emergent_autonomy_bounded_ab8b66,Emergent_chaos_constraint_dd1d2b,0.8927183211665204,160553.27,161304.13,True,False
Emergent_autonomy_bounded_ab8b66,Emergent_autonomy_chaos_5eb54b,0.8864655208309011,160553.27,161327.69,True,False
Emergent_autonomy_bounded_ab8b66,Emergent_autonomy_bounded_59bcc5,0.7632956004211827,160553.27,161352.3,True,False
Emergent_autonomy_bounded_ab8b66,Emergent_carefully_chaos_bdcbbd,0.9221982838481588,160553.27,161375.62,True,False
Emergent_autonomy_bounded_ab8b66,Emergent_coupling_ego_dissolution_d16e9d,0.9,160553.27,161440.15,True,False
Emergent_autonomy_bounded_ab8b66,Emergent_clarity_coupling_e2ed74,0.9,160553.27,161440.49,True,False
Emergent_appears_asymmetry_8ccc17,Emergent_constraint_contradiction_34bbe1,0.9105612337254705,160572.27,160609.47,True,False
Emergent_appears_asymmetry_8ccc17,Emergent_appears_asymmetry_7aac44,0.9178476964569993,160572.27,160630.09,True,False
Emergent_appears_asymmetry_8ccc17,Emergent_carefully_coherence_77b5f7,0.9155090759163849,160572.27,160647.76,True,False
Emergent_appears_asymmetry_8ccc17,Emergent_carefully_coupling_a140fb,0.9163573722234482,160572.27,160648.1,True,False
Emergent_appears_asymmetry_8ccc17,Emergent_autonomy_bounded_72bafc,0.9189591980475182,160572.27,160668.34,True,False
Emergent_appears_asymmetry_8ccc17,Emergent_coherence_contradiction_1493a4,0.8949392272867296,160572.27,160703.78,True,False
Emergent_appears_asymmetry_8ccc17,Emergent_autonomy_collective_461851,0.9189570295395604,160572.27,160724.13,True,False
Emergent_appears_asymmetry_8ccc17,Emergent_coherence_constraint_b926a8,0.9172307542367402,160572.27,160741.82,True,False
Emergent_appears_asymmetry_8ccc17,Emergent_bounded_coupling_d18f1e,0.9189576866631839,160572.27,160757.94,True,False
Emergent_appears_asymmetry_8ccc17,Emergent_appears_asymmetry_9e9e75,0.9174974969151084,160572.27,160777.61,True,False
Emergent_appears_asymmetry_8ccc17,Emergent_carefully_concept_e4097b,0.9189441418701254,160572.27,160817.59,True,False
Emergent_appears_asymmetry_8ccc17,Emergent_carefully_coherence_9c91a3,0.9008008247205053,160572.27,160817.93,True,False
Emergent_appears_asymmetry_8ccc17,Emergent_bounded_concept_6e0127,0.894451855020687,160572.27,160856.17,True,False
Emergent_appears_asymmetry_8ccc17,Emergent_bounded_coherence_8fa10b,0.8994150798707439,160572.27,160856.51,True,False
Emergent_appears_asymmetry_8ccc17,Emergent_bounded_coherence_3042d7,0.9187287759108413,160572.27,160877.09,True,False
Emergent_appears_asymmetry_8ccc17,Emergent_bounded_cognition_370134,0.9101591903729012,160572.27,160918.05,True,False
Emergent_appears_asymmetry_8ccc17,Emergent_bounded_coupling_53dac6,0.9161209384748901,160572.27,160938.46,True,False
Emergent_appears_asymmetry_8ccc17,Emergent_constraint_coupling_cc5a0a,0.9179063831655894,160572.27,161023.71,True,False
Emergent_appears_asymmetry_8ccc17,Emergent_contradiction_coupling_baffe9,0.9179384913751101,160572.27,161085.51,True,False
Emergent_appears_asymmetry_8ccc17,Emergent_appears_asymmetry_24b9e2,0.8996591467385233,160572.27,161108.05,True,False
Emergent_appears_asymmetry_8ccc17,Emergent_cognition_constraint_588317,0.9117807641531903,160572.27,161130.19,True,False
Emergent_appears_asymmetry_8ccc17,Emergent_appears_asymmetry_b0db07,0.9233869204189571,160572.27,161152.27,True,False
Emergent_appears_asymmetry_8ccc17,Emergent_concept_contradiction_2c9fc5,0.921998005801554,160572.27,161281.86,True,False
Emergent_appears_asymmetry_8ccc17,Emergent_chaos_constraint_dd1d2b,0.9048915784667926,160572.27,161304.13,True,False
Emergent_appears_asymmetry_8ccc17,Emergent_autonomy_chaos_5eb54b,0.9077081739473885,160572.27,161327.69,True,False
Emergent_appears_asymmetry_8ccc17,Emergent_autonomy_bounded_59bcc5,0.7905607999526334,160572.27,161352.3,True,False
Emergent_appears_asymmetry_8ccc17,Emergent_carefully_chaos_bdcbbd,0.9366374921144145,160572.27,161375.62,True,False
Emergent_appears_asymmetry_8ccc17,Emergent_coupling_ego_dissolution_d16e9d,0.9,160572.27,161440.15,True,False
Emergent_appears_asymmetry_8ccc17,Emergent_clarity_coupling_e2ed74,0.9,160572.27,161440.49,True,False
Emergent_constraint_contradiction_34bbe1,Emergent_appears_asymmetry_7aac44,0.9105596237725926,160609.47,160630.09,True,False
Emergent_constraint_contradiction_34bbe1,Emergent_carefully_coherence_77b5f7,0.9105598537658608,160609.47,160647.76,True,False
Emergent_constraint_contradiction_34bbe1,Emergent_carefully_coupling_a140fb,0.9105598537658608,160609.47,160648.1,True,False
Emergent_constraint_contradiction_34bbe1,Emergent_autonomy_bounded_72bafc,0.9105572252713663,160609.47,160668.34,True,False
Emergent_constraint_contradiction_34bbe1,Emergent_coherence_contradiction_1493a4,0.8949392272867296,160609.47,160703.78,True,False
Emergent_constraint_contradiction_34bbe1,Emergent_autonomy_collective_461851,0.9105541274028548,160609.47,160724.13,True,False
Emergent_constraint_contradiction_34bbe1,Emergent_coherence_constraint_b926a8,0.9105545967768718,160609.47,160741.82,True,False
Emergent_constraint_contradiction_34bbe1,Emergent_bounded_coupling_d18f1e,0.9105550661508885,160609.47,160757.94,True,False
Emergent_constraint_contradiction_34bbe1,Emergent_appears_asymmetry_9e9e75,0.9105510429450296,160609.47,160777.61,True,False
Emergent_constraint_contradiction_34bbe1,Emergent_carefully_concept_e4097b,0.9105357164465191,160609.47,160817.59,True,False
Emergent_constraint_contradiction_34bbe1,Emergent_carefully_coherence_9c91a3,0.9008008247205053,160609.47,160817.93,True,False
Emergent_constraint_contradiction_34bbe1,Emergent_bounded_concept_6e0127,0.894451855020687,160609.47,160856.17,True,False
Emergent_constraint_contradiction_34bbe1,Emergent_bounded_coherence_8fa10b,0.8994150798707439,160609.47,160856.51,True,False
Emergent_constraint_contradiction_34bbe1,Emergent_bounded_coherence_3042d7,0.9102261417165476,160609.47,160877.09,True,False
Emergent_constraint_contradiction_34bbe1,Emergent_bounded_cognition_370134,0.9101591903729012,160609.47,160918.05,True,False
Emergent_constraint_contradiction_34bbe1,Emergent_bounded_coupling_53dac6,0.9106702782777389,160609.47,160938.46,True,False
Emergent_constraint_contradiction_34bbe1,Emergent_constraint_coupling_cc5a0a,0.9091829626148431,160609.47,161023.71,True,False
Emergent_constraint_contradiction_34bbe1,Emergent_contradiction_coupling_baffe9,0.910994597260488,160609.47,161085.51,True,False
Emergent_constraint_contradiction_34bbe1,Emergent_appears_asymmetry_24b9e2,0.8996591467385233,160609.47,161108.05,True,False
Emergent_constraint_contradiction_34bbe1,Emergent_cognition_constraint_588317,0.9117807641531903,160609.47,161130.19,True,False
Emergent_constraint_contradiction_34bbe1,Emergent_appears_asymmetry_b0db07,0.9148472576021405,160609.47,161152.27,True,False
Emergent_constraint_contradiction_34bbe1,Emergent_concept_contradiction_2c9fc5,0.9137509967755668,160609.47,161281.86,True,False
Emergent_constraint_contradiction_34bbe1,Emergent_chaos_constraint_dd1d2b,0.9048915784667926,160609.47,161304.13,True,False
Emergent_constraint_contradiction_34bbe1,Emergent_autonomy_chaos_5eb54b,0.9039051873189761,160609.47,161327.69,True,False
Emergent_constraint_contradiction_34bbe1,Emergent_autonomy_bounded_59bcc5,0.7825326372885621,160609.47,161352.3,True,False
Emergent_constraint_contradiction_34bbe1,Emergent_carefully_chaos_bdcbbd,0.9366374921144145,160609.47,161375.62,True,False
Emergent_constraint_contradiction_34bbe1,Emergent_coupling_ego_dissolution_d16e9d,0.9,160609.47,161440.15,True,False
Emergent_constraint_contradiction_34bbe1,Emergent_clarity_coupling_e2ed74,0.9,160609.47,161440.49,True,False
Emergent_appears_asymmetry_7aac44,Emergent_carefully_coherence_77b5f7,0.9155042460577512,160630.09,160647.76,True,False
Emergent_appears_asymmetry_7aac44,Emergent_carefully_coupling_a140fb,0.9163525423648144,160630.09,160648.1,True,False
Emergent_appears_asymmetry_7aac44,Emergent_autonomy_bounded_72bafc,0.9178460175061409,160630.09,160668.34,True,False
Emergent_appears_asymmetry_7aac44,Emergent_coherence_contradiction_1493a4,0.8949392272867296,160630.09,160703.78,True,False
Emergent_appears_asymmetry_7aac44,Emergent_autonomy_collective_461851,0.9178438489981828,160630.09,160724.13,True,False
Emergent_appears_asymmetry_7aac44,Emergent_coherence_constraint_b926a8,0.9172307542367402,160630.09,160741.82,True,False
Emergent_appears_asymmetry_7aac44,Emergent_bounded_coupling_d18f1e,0.9178445061218066,160630.09,160757.94,True,False
Emergent_appears_asymmetry_7aac44,Emergent_appears_asymmetry_9e9e75,0.9174974969151084,160630.09,160777.61,True,False
Emergent_appears_asymmetry_7aac44,Emergent_carefully_concept_e4097b,0.9178309613287479,160630.09,160817.59,True,False
Emergent_appears_asymmetry_7aac44,Emergent_carefully_coherence_9c91a3,0.9008008247205053,160630.09,160817.93,True,False
Emergent_appears_asymmetry_7aac44,Emergent_bounded_concept_6e0127,0.894451855020687,160630.09,160856.17,True,False
Emergent_appears_asymmetry_7aac44,Emergent_bounded_coherence_8fa10b,0.8994150798707439,160630.09,160856.51,True,False
Emergent_appears_asymmetry_7aac44,Emergent_bounded_coherence_3042d7,0.9176154072574618,160630.09,160877.09,True,False
Emergent_appears_asymmetry_7aac44,Emergent_bounded_cognition_370134,0.9101591903729012,160630.09,160918.05,True,False
Emergent_appears_asymmetry_7aac44,Emergent_bounded_coupling_53dac6,0.9161209384748901,160630.09,160938.46,True,False
Emergent_appears_asymmetry_7aac44,Emergent_constraint_coupling_cc5a0a,0.916794201363452,160630.09,161023.71,True,False
Emergent_appears_asymmetry_7aac44,Emergent_contradiction_coupling_baffe9,0.9179384913751101,160630.09,161085.51,True,False
Emergent_appears_asymmetry_7aac44,Emergent_appears_asymmetry_24b9e2,0.8996591467385233,160630.09,161108.05,True,False
Emergent_appears_asymmetry_7aac44,Emergent_cognition_constraint_588317,0.9117807641531903,160630.09,161130.19,True,False
Emergent_appears_asymmetry_7aac44,Emergent_appears_asymmetry_b0db07,0.9223006053369083,160630.09,161152.27,True,False
Emergent_appears_asymmetry_7aac44,Emergent_concept_contradiction_2c9fc5,0.9209528862301826,160630.09,161281.86,True,False
Emergent_appears_asymmetry_7aac44,Emergent_chaos_constraint_dd1d2b,0.9048915784667926,160630.09,161304.13,True,False
Emergent_appears_asymmetry_7aac44,Emergent_autonomy_chaos_5eb54b,0.9077081739473885,160630.09,161327.69,True,False
Emergent_appears_asymmetry_7aac44,Emergent_autonomy_bounded_59bcc5,0.7905607999526334,160630.09,161352.3,True,False
Emergent_appears_asymmetry_7aac44,Emergent_carefully_chaos_bdcbbd,0.9366374921144145,160630.09,161375.62,True,False
Emergent_appears_asymmetry_7aac44,Emergent_coupling_ego_dissolution_d16e9d,0.9,160630.09,161440.15,True,False
Emergent_appears_asymmetry_7aac44,Emergent_clarity_coupling_e2ed74,0.9,160630.09,161440.49,True,False
Emergent_carefully_coherence_77b5f7,Emergent_carefully_coupling_a140fb,0.9155044760510194,160647.76,160648.1,True,False
Emergent_carefully_coherence_77b5f7,Emergent_autonomy_bounded_72bafc,0.9155064474218904,160647.76,160668.34,True,False
Emergent_carefully_coherence_77b5f7,Emergent_coherence_contradiction_1493a4,0.8949392272867296,160647.76,160703.78,True,False
Emergent_carefully_coherence_77b5f7,Emergent_autonomy_collective_461851,0.9155033495533789,160647.76,160724.13,True,False
Emergent_carefully_coherence_77b5f7,Emergent_coherence_constraint_b926a8,0.9155038189273959,160647.76,160741.82,True,False
Emergent_carefully_coherence_77b5f7,Emergent_bounded_coupling_d18f1e,0.9155042883014126,160647.76,160757.94,True,False
Emergent_carefully_coherence_77b5f7,Emergent_appears_asymmetry_9e9e75,0.9155002650955537,160647.76,160777.61,True,False
Emergent_carefully_coherence_77b5f7,Emergent_carefully_concept_e4097b,0.9154849385970432,160647.76,160817.59,True,False
Emergent_carefully_coherence_77b5f7,Emergent_carefully_coherence_9c91a3,0.9008008247205053,160647.76,160817.93,True,False
Emergent_carefully_coherence_77b5f7,Emergent_bounded_concept_6e0127,0.894451855020687,160647.76,160856.17,True,False
Emergent_carefully_coherence_77b5f7,Emergent_bounded_coherence_8fa10b,0.8994150798707439,160647.76,160856.51,True,False
Emergent_carefully_coherence_77b5f7,Emergent_bounded_coherence_3042d7,0.9151763602670824,160647.76,160877.09,True,False
Emergent_carefully_coherence_77b5f7,Emergent_bounded_cognition_370134,0.9101591903729012,160647.76,160918.05,True,False
Emergent_carefully_coherence_77b5f7,Emergent_bounded_coupling_53dac6,0.9156159604124772,160647.76,160938.46,True,False
Emergent_carefully_coherence_77b5f7,Emergent_constraint_coupling_cc5a0a,0.9141291575897859,160647.76,161023.71,True,False
Emergent_carefully_coherence_77b5f7,Emergent_contradiction_coupling_baffe9,0.9159750642358542,160647.76,161085.51,True,False
Emergent_carefully_coherence_77b5f7,Emergent_appears_asymmetry_24b9e2,0.8996591467385233,160647.76,161108.05,True,False
Emergent_carefully_coherence_77b5f7,Emergent_cognition_constraint_588317,0.9117807641531903,160647.76,161130.19,True,False
Emergent_carefully_coherence_77b5f7,Emergent_appears_asymmetry_b0db07,0.9196975441826163,160647.76,161152.27,True,False
Emergent_carefully_coherence_77b5f7,Emergent_concept_contradiction_2c9fc5,0.9184485390082919,160647.76,161281.86,True,False
Emergent_carefully_coherence_77b5f7,Emergent_chaos_constraint_dd1d2b,0.9048915784667926,160647.76,161304.13,True,False
Emergent_carefully_coherence_77b5f7,Emergent_autonomy_chaos_5eb54b,0.9077081739473885,160647.76,161327.69,True,False
Emergent_carefully_coherence_77b5f7,Emergent_autonomy_bounded_59bcc5,0.7878879668630983,160647.76,161352.3,True,False
Emergent_carefully_coherence_77b5f7,Emergent_carefully_chaos_bdcbbd,0.9366374921144145,160647.76,161375.62,True,False
Emergent_carefully_coherence_77b5f7,Emergent_coupling_ego_dissolution_d16e9d,0.9,160647.76,161440.15,True,False
Emergent_carefully_coherence_77b5f7,Emergent_clarity_coupling_e2ed74,0.9,160647.76,161440.49,True,False
Emergent_carefully_coupling_a140fb,Emergent_autonomy_bounded_72bafc,0.9163547437289536,160648.1,160668.34,True,False
Emergent_carefully_coupling_a140fb,Emergent_coherence_contradiction_1493a4,0.8949392272867296,160648.1,160703.78,True,False
Emergent_carefully_coupling_a140fb,Emergent_autonomy_collective_461851,0.9163516458604422,160648.1,160724.13,True,False
Emergent_carefully_coupling_a140fb,Emergent_coherence_constraint_b926a8,0.9163521152344589,160648.1,160741.82,True,False
Emergent_carefully_coupling_a140fb,Emergent_bounded_coupling_d18f1e,0.9163525846084759,160648.1,160757.94,True,False
Emergent_carefully_coupling_a140fb,Emergent_appears_asymmetry_9e9e75,0.9163485614026168,160648.1,160777.61,True,False
Emergent_carefully_coupling_a140fb,Emergent_carefully_concept_e4097b,0.9163332349041065,160648.1,160817.59,True,False
Emergent_carefully_coupling_a140fb,Emergent_carefully_coherence_9c91a3,0.9008008247205053,160648.1,160817.93,True,False
Emergent_carefully_coupling_a140fb,Emergent_bounded_concept_6e0127,0.894451855020687,160648.1,160856.17,True,False
Emergent_carefully_coupling_a140fb,Emergent_bounded_coherence_8fa10b,0.8994150798707439,160648.1,160856.51,True,False
Emergent_carefully_coupling_a140fb,Emergent_bounded_coherence_3042d7,0.91602486139377,160648.1,160877.09,True,False
Emergent_carefully_coupling_a140fb,Emergent_bounded_cognition_370134,0.9101591903729012,160648.1,160918.05,True,False
Emergent_carefully_coupling_a140fb,Emergent_bounded_coupling_53dac6,0.9161209384748901,160648.1,160938.46,True,False
Emergent_carefully_coupling_a140fb,Emergent_constraint_coupling_cc5a0a,0.9149768316317357,160648.1,161023.71,True,False
Emergent_carefully_coupling_a140fb,Emergent_contradiction_coupling_baffe9,0.916829783217769,160648.1,161085.51,True,False
Emergent_carefully_coupling_a140fb,Emergent_appears_asymmetry_24b9e2,0.8996591467385233,160648.1,161108.05,True,False
Emergent_carefully_coupling_a140fb,Emergent_cognition_constraint_588317,0.9117807641531903,160648.1,161130.19,True,False
Emergent_carefully_coupling_a140fb,Emergent_appears_asymmetry_b0db07,0.9205255033298183,160648.1,161152.27,True,False
Emergent_carefully_coupling_a140fb,Emergent_concept_contradiction_2c9fc5,0.9192451000828239,160648.1,161281.86,True,False
Emergent_carefully_coupling_a140fb,Emergent_chaos_constraint_dd1d2b,0.9048915784667926,160648.1,161304.13,True,False
Emergent_carefully_coupling_a140fb,Emergent_autonomy_chaos_5eb54b,0.9077081739473885,160648.1,161327.69,True,False
Emergent_carefully_coupling_a140fb,Emergent_autonomy_bounded_59bcc5,0.788819742464806,160648.1,161352.3,True,False
Emergent_carefully_coupling_a140fb,Emergent_carefully_chaos_bdcbbd,0.9366374921144145,160648.1,161375.62,True,False
Emergent_carefully_coupling_a140fb,Emergent_coupling_ego_dissolution_d16e9d,0.9,160648.1,161440.15,True,False
Emergent_carefully_coupling_a140fb,Emergent_clarity_coupling_e2ed74,0.9,160648.1,161440.49,True,False
Emergent_autonomy_bounded_72bafc,Emergent_coherence_contradiction_1493a4,0.8949319989268696,160668.34,160703.78,True,False
Emergent_autonomy_bounded_72bafc,Emergent_autonomy_collective_461851,0.919265750776967,160668.34,160724.13,True,False
Emergent_autonomy_bounded_72bafc,Emergent_coherence_constraint_b926a8,0.9172307542367402,160668.34,160741.82,True,False
Emergent_autonomy_bounded_72bafc,Emergent_bounded_coupling_d18f1e,0.926231284902616,160668.34,160757.94,True,False
Emergent_autonomy_bounded_72bafc,Emergent_appears_asymmetry_9e9e75,0.9174974969151084,160668.34,160777.61,True,False
Emergent_autonomy_bounded_72bafc,Emergent_carefully_concept_e4097b,0.9262177401095573,160668.34,160817.59,True,False
Emergent_autonomy_bounded_72bafc,Emergent_carefully_coherence_9c91a3,0.9008008247205053,160668.34,160817.93,True,False
Emergent_autonomy_bounded_72bafc,Emergent_bounded_concept_6e0127,0.894451855020687,160668.34,160856.17,True,False
Emergent_autonomy_bounded_72bafc,Emergent_bounded_coherence_8fa10b,0.8994150798707439,160668.34,160856.51,True,False
Emergent_autonomy_bounded_72bafc,Emergent_bounded_coherence_3042d7,0.9199044797802667,160668.34,160877.09,True,False
Emergent_autonomy_bounded_72bafc,Emergent_bounded_cognition_370134,0.9101591903729012,160668.34,160918.05,True,False
Emergent_autonomy_bounded_72bafc,Emergent_bounded_coupling_53dac6,0.9161209384748901,160668.34,160938.46,True,False
Emergent_autonomy_bounded_72bafc,Emergent_constraint_coupling_cc5a0a,0.922715354695254,160668.34,161023.71,True,False
Emergent_autonomy_bounded_72bafc,Emergent_contradiction_coupling_baffe9,0.9179384913751101,160668.34,161085.51,True,False
Emergent_autonomy_bounded_72bafc,Emergent_appears_asymmetry_24b9e2,0.8996591467385233,160668.34,161108.05,True,False
Emergent_autonomy_bounded_72bafc,Emergent_cognition_constraint_588317,0.9117807641531903,160668.34,161130.19,True,False
Emergent_autonomy_bounded_72bafc,Emergent_appears_asymmetry_b0db07,0.930484977898909,160668.34,161152.27,True,False
Emergent_autonomy_bounded_72bafc,Emergent_concept_contradiction_2c9fc5,0.9286155110780743,160668.34,161281.86,True,False
Emergent_autonomy_bounded_72bafc,Emergent_chaos_constraint_dd1d2b,0.9048915784667926,160668.34,161304.13,True,False
Emergent_autonomy_bounded_72bafc,Emergent_autonomy_chaos_5eb54b,0.9077081739473885,160668.34,161327.69,True,False
Emergent_autonomy_bounded_72bafc,Emergent_autonomy_bounded_59bcc5,0.7905607999526334,160668.34,161352.3,True,False
Emergent_autonomy_bounded_72bafc,Emergent_carefully_chaos_bdcbbd,0.9366374921144145,160668.34,161375.62,True,False
Emergent_autonomy_bounded_72bafc,Emergent_coupling_ego_dissolution_d16e9d,0.9,160668.34,161440.15,True,False
Emergent_autonomy_bounded_72bafc,Emergent_clarity_coupling_e2ed74,0.9,160668.34,161440.49,True,False
Emergent_coherence_contradiction_1493a4,Emergent_autonomy_collective_461851,0.8949354722945946,160703.78,160724.13,True,False
Emergent_coherence_contradiction_1493a4,Emergent_coherence_constraint_b926a8,0.8949359416686113,160703.78,160741.82,True,False
Emergent_coherence_contradiction_1493a4,Emergent_bounded_coupling_d18f1e,0.8949364110426283,160703.78,160757.94,True,False
Emergent_coherence_contradiction_1493a4,Emergent_appears_asymmetry_9e9e75,0.8949323878367694,160703.78,160777.61,True,False
Emergent_coherence_contradiction_1493a4,Emergent_carefully_concept_e4097b,0.8949170613382589,160703.78,160817.59,True,False
Emergent_coherence_contradiction_1493a4,Emergent_carefully_coherence_9c91a3,0.8949170613382589,160703.78,160817.93,True,False
Emergent_coherence_contradiction_1493a4,Emergent_bounded_concept_6e0127,0.894451855020687,160703.78,160856.17,True,False
Emergent_coherence_contradiction_1493a4,Emergent_bounded_coherence_8fa10b,0.8949039172502498,160703.78,160856.51,True,False
Emergent_coherence_contradiction_1493a4,Emergent_bounded_coherence_3042d7,0.8946052286022903,160703.78,160877.09,True,False
Emergent_coherence_contradiction_1493a4,Emergent_bounded_cognition_370134,0.8950539459787998,160703.78,160918.05,True,False
Emergent_coherence_contradiction_1493a4,Emergent_bounded_coupling_53dac6,0.8950596454263926,160703.78,160938.46,True,False
Emergent_coherence_contradiction_1493a4,Emergent_constraint_coupling_cc5a0a,0.8935711675834033,160703.78,161023.71,True,False
Emergent_coherence_contradiction_1493a4,Emergent_contradiction_coupling_baffe9,0.8953051362498599,160703.78,161085.51,True,False
Emergent_coherence_contradiction_1493a4,Emergent_appears_asymmetry_24b9e2,0.8935214553049133,160703.78,161108.05,True,False
Emergent_coherence_contradiction_1493a4,Emergent_cognition_constraint_588317,0.9006621372326884,160703.78,161130.19,True,False
Emergent_coherence_contradiction_1493a4,Emergent_appears_asymmetry_b0db07,0.8994528067372667,160703.78,161152.27,True,False
Emergent_coherence_contradiction_1493a4,Emergent_concept_contradiction_2c9fc5,0.8987026896778156,160703.78,161281.86,True,False
Emergent_coherence_contradiction_1493a4,Emergent_chaos_constraint_dd1d2b,0.8951732196778157,160703.78,161304.13,True,False
Emergent_coherence_contradiction_1493a4,Emergent_autonomy_chaos_5eb54b,0.8889115077121232,160703.78,161327.69,True,False
Emergent_coherence_contradiction_1493a4,Emergent_autonomy_bounded_59bcc5,0.7659936760892795,160703.78,161352.3,True,False
Emergent_coherence_contradiction_1493a4,Emergent_carefully_chaos_bdcbbd,0.9245058579455834,160703.78,161375.62,True,False
Emergent_coherence_contradiction_1493a4,Emergent_coupling_ego_dissolution_d16e9d,0.9,160703.78,161440.15,True,False
Emergent_coherence_contradiction_1493a4,Emergent_clarity_coupling_e2ed74,0.9,160703.78,161440.49,True,False
Emergent_autonomy_collective_461851,Emergent_coherence_constraint_b926a8,0.9172235258768802,160724.13,160741.82,True,False
Emergent_autonomy_collective_461851,Emergent_bounded_coupling_d18f1e,0.9192591795407306,160724.13,160757.94,True,False
Emergent_autonomy_collective_461851,Emergent_appears_asymmetry_9e9e75,0.9174974969151084,160724.13,160777.61,True,False
Emergent_autonomy_collective_461851,Emergent_carefully_concept_e4097b,0.9192528631075318,160724.13,160817.59,True,False
Emergent_autonomy_collective_461851,Emergent_carefully_coherence_9c91a3,0.9008008247205053,160724.13,160817.93,True,False
Emergent_autonomy_collective_461851,Emergent_bounded_concept_6e0127,0.894451855020687,160724.13,160856.17,True,False
Emergent_autonomy_collective_461851,Emergent_bounded_coherence_8fa10b,0.8994150798707439,160724.13,160856.51,True,False
Emergent_autonomy_collective_461851,Emergent_bounded_coherence_3042d7,0.919037549317836,160724.13,160877.09,True,False
Emergent_autonomy_collective_461851,Emergent_bounded_cognition_370134,0.9101591903729012,160724.13,160918.05,True,False
Emergent_autonomy_collective_461851,Emergent_bounded_coupling_53dac6,0.9161209384748901,160724.13,160938.46,True,False
Emergent_autonomy_collective_461851,Emergent_constraint_coupling_cc5a0a,0.9182148274200606,160724.13,161023.71,True,False
Emergent_autonomy_collective_461851,Emergent_contradiction_coupling_baffe9,0.9179384913751101,160724.13,161085.51,True,False
Emergent_autonomy_collective_461851,Emergent_appears_asymmetry_24b9e2,0.8996591467385233,160724.13,161108.05,True,False
Emergent_autonomy_collective_461851,Emergent_cognition_constraint_588317,0.9117807641531903,160724.13,161130.19,True,False
Emergent_autonomy_collective_461851,Emergent_appears_asymmetry_b0db07,0.923688190989074,160724.13,161152.27,True,False
Emergent_autonomy_collective_461851,Emergent_concept_contradiction_2c9fc5,0.9222878515141932,160724.13,161281.86,True,False
Emergent_autonomy_collective_461851,Emergent_chaos_constraint_dd1d2b,0.9048915784667926,160724.13,161304.13,True,False
Emergent_autonomy_collective_461851,Emergent_autonomy_chaos_5eb54b,0.9077081739473885,160724.13,161327.69,True,False
Emergent_autonomy_collective_461851,Emergent_autonomy_bounded_59bcc5,0.7905607999526334,160724.13,161352.3,True,False
Emergent_autonomy_collective_461851,Emergent_carefully_chaos_bdcbbd,0.9366374921144145,160724.13,161375.62,True,False
Emergent_autonomy_collective_461851,Emergent_coupling_ego_dissolution_d16e9d,0.9,160724.13,161440.15,True,False
Emergent_autonomy_collective_461851,Emergent_clarity_coupling_e2ed74,0.9,160724.13,161440.49,True,False
Emergent_coherence_constraint_b926a8,Emergent_bounded_coupling_d18f1e,0.9172241830005039,160741.82,160757.94,True,False
Emergent_coherence_constraint_b926a8,Emergent_appears_asymmetry_9e9e75,0.9172282665544507,160741.82,160777.61,True,False
Emergent_coherence_constraint_b926a8,Emergent_carefully_concept_e4097b,0.9172175380054934,160741.82,160817.59,True,False
Emergent_coherence_constraint_b926a8,Emergent_carefully_coherence_9c91a3,0.9008008247205053,160741.82,160817.93,True,False
Emergent_coherence_constraint_b926a8,Emergent_bounded_concept_6e0127,0.894451855020687,160741.82,160856.17,True,False
Emergent_coherence_constraint_b926a8,Emergent_bounded_coherence_8fa10b,0.8994150798707439,160741.82,160856.51,True,False
Emergent_coherence_constraint_b926a8,Emergent_bounded_coherence_3042d7,0.9170018802742121,160741.82,160877.09,True,False
Emergent_coherence_constraint_b926a8,Emergent_bounded_cognition_370134,0.9101591903729012,160741.82,160918.05,True,False
Emergent_coherence_constraint_b926a8,Emergent_bounded_coupling_53dac6,0.9161209384748901,160741.82,160938.46,True,False
Emergent_coherence_constraint_b926a8,Emergent_constraint_coupling_cc5a0a,0.9161813284001084,160741.82,161023.71,True,False
Emergent_coherence_constraint_b926a8,Emergent_contradiction_coupling_baffe9,0.9179384913751101,160741.82,161085.51,True,False
Emergent_coherence_constraint_b926a8,Emergent_appears_asymmetry_24b9e2,0.8996591467385233,160741.82,161108.05,True,False
Emergent_coherence_constraint_b926a8,Emergent_cognition_constraint_588317,0.9117807641531903,160741.82,161130.19,True,False
Emergent_coherence_constraint_b926a8,Emergent_appears_asymmetry_b0db07,0.9217019863501736,160741.82,161152.27,True,False
Emergent_coherence_constraint_b926a8,Emergent_concept_contradiction_2c9fc5,0.9203769682215226,160741.82,161281.86,True,False
Emergent_coherence_constraint_b926a8,Emergent_chaos_constraint_dd1d2b,0.9048915784667926,160741.82,161304.13,True,False
Emergent_coherence_constraint_b926a8,Emergent_autonomy_chaos_5eb54b,0.9077081739473885,160741.82,161327.69,True,False
Emergent_coherence_constraint_b926a8,Emergent_autonomy_bounded_59bcc5,0.7901437427828104,160741.82,161352.3,True,False
Emergent_coherence_constraint_b926a8,Emergent_carefully_chaos_bdcbbd,0.9366374921144145,160741.82,161375.62,True,False
Emergent_coherence_constraint_b926a8,Emergent_coupling_ego_dissolution_d16e9d,0.9,160741.82,161440.15,True,False
Emergent_coherence_constraint_b926a8,Emergent_clarity_coupling_e2ed74,0.9,160741.82,161440.49,True,False
Emergent_bounded_coupling_d18f1e,Emergent_appears_asymmetry_9e9e75,0.9174974969151084,160757.94,160777.61,True,False
Emergent_bounded_coupling_d18f1e,Emergent_carefully_concept_e4097b,0.9270410559774589,160757.94,160817.59,True,False
Emergent_bounded_coupling_d18f1e,Emergent_carefully_coherence_9c91a3,0.9008008247205053,160757.94,160817.93,True,False
Emergent_bounded_coupling_d18f1e,Emergent_bounded_concept_6e0127,0.894451855020687,160757.94,160856.17,True,False
Emergent_bounded_coupling_d18f1e,Emergent_bounded_coherence_8fa10b,0.8994150798707439,160757.94,160856.51,True,False
Emergent_bounded_coupling_d18f1e,Emergent_bounded_coherence_3042d7,0.9199044797802667,160757.94,160877.09,True,False
Emergent_bounded_coupling_d18f1e,Emergent_bounded_cognition_370134,0.9101591903729012,160757.94,160918.05,True,False
Emergent_bounded_coupling_d18f1e,Emergent_bounded_coupling_53dac6,0.9161209384748901,160757.94,160938.46,True,False
Emergent_bounded_coupling_d18f1e,Emergent_constraint_coupling_cc5a0a,0.922715354695254,160757.94,161023.71,True,False
Emergent_bounded_coupling_d18f1e,Emergent_contradiction_coupling_baffe9,0.9179384913751101,160757.94,161085.51,True,False
Emergent_bounded_coupling_d18f1e,Emergent_appears_asymmetry_24b9e2,0.8996591467385233,160757.94,161108.05,True,False
Emergent_bounded_coupling_d18f1e,Emergent_cognition_constraint_588317,0.9117807641531903,160757.94,161130.19,True,False
Emergent_bounded_coupling_d18f1e,Emergent_appears_asymmetry_b0db07,0.9312884238911336,160757.94,161152.27,True,False
Emergent_bounded_coupling_d18f1e,Emergent_concept_contradiction_2c9fc5,0.9286155110780743,160757.94,161281.86,True,False
Emergent_bounded_coupling_d18f1e,Emergent_chaos_constraint_dd1d2b,0.9048915784667926,160757.94,161304.13,True,False
Emergent_bounded_coupling_d18f1e,Emergent_autonomy_chaos_5eb54b,0.9077081739473885,160757.94,161327.69,True,False
Emergent_bounded_coupling_d18f1e,Emergent_autonomy_bounded_59bcc5,0.7905607999526334,160757.94,161352.3,True,False
Emergent_bounded_coupling_d18f1e,Emergent_carefully_chaos_bdcbbd,0.9366374921144145,160757.94,161375.62,True,False
Emergent_bounded_coupling_d18f1e,Emergent_coupling_ego_dissolution_d16e9d,0.9,160757.94,161440.15,True,False
Emergent_bounded_coupling_d18f1e,Emergent_clarity_coupling_e2ed74,0.9,160757.94,161440.49,True,False
Emergent_appears_asymmetry_9e9e75,Emergent_carefully_concept_e4097b,0.9174867683661512,160777.61,160817.59,True,False
Emergent_appears_asymmetry_9e9e75,Emergent_carefully_coherence_9c91a3,0.9008008247205053,160777.61,160817.93,True,False
Emergent_appears_asymmetry_9e9e75,Emergent_bounded_concept_6e0127,0.894451855020687,160777.61,160856.17,True,False
Emergent_appears_asymmetry_9e9e75,Emergent_bounded_coherence_8fa10b,0.8994150798707439,160777.61,160856.51,True,False
Emergent_appears_asymmetry_9e9e75,Emergent_bounded_coherence_3042d7,0.9172711561310498,160777.61,160877.09,True,False
Emergent_appears_asymmetry_9e9e75,Emergent_bounded_cognition_370134,0.9101591903729012,160777.61,160918.05,True,False
Emergent_appears_asymmetry_9e9e75,Emergent_bounded_coupling_53dac6,0.9161209384748901,160777.61,160938.46,True,False
Emergent_appears_asymmetry_9e9e75,Emergent_constraint_coupling_cc5a0a,0.9164503172088205,160777.61,161023.71,True,False
Emergent_appears_asymmetry_9e9e75,Emergent_contradiction_coupling_baffe9,0.9179384913751101,160777.61,161085.51,True,False
Emergent_appears_asymmetry_9e9e75,Emergent_appears_asymmetry_24b9e2,0.8996591467385233,160777.61,161108.05,True,False
Emergent_appears_asymmetry_9e9e75,Emergent_cognition_constraint_588317,0.9117807641531903,160777.61,161130.19,True,False
Emergent_appears_asymmetry_9e9e75,Emergent_appears_asymmetry_b0db07,0.9219647191149469,160777.61,161152.27,True,False
Emergent_appears_asymmetry_9e9e75,Emergent_concept_contradiction_2c9fc5,0.920629737569056,160777.61,161281.86,True,False
Emergent_appears_asymmetry_9e9e75,Emergent_chaos_constraint_dd1d2b,0.9048915784667926,160777.61,161304.13,True,False
Emergent_appears_asymmetry_9e9e75,Emergent_autonomy_chaos_5eb54b,0.9077081739473885,160777.61,161327.69,True,False
Emergent_appears_asymmetry_9e9e75,Emergent_autonomy_bounded_59bcc5,0.7904394191828024,160777.61,161352.3,True,False
Emergent_appears_asymmetry_9e9e75,Emergent_carefully_chaos_bdcbbd,0.9366374921144145,160777.61,161375.62,True,False
Emergent_appears_asymmetry_9e9e75,Emergent_coupling_ego_dissolution_d16e9d,0.9,160777.61,161440.15,True,False
Emergent_appears_asymmetry_9e9e75,Emergent_clarity_coupling_e2ed74,0.9,160777.61,161440.49,True,False
Emergent_carefully_concept_e4097b,Emergent_carefully_coherence_9c91a3,0.9007720875357981,160817.59,160817.93,True,False
Emergent_carefully_concept_e4097b,Emergent_bounded_concept_6e0127,0.894451855020687,160817.59,160856.17,True,False
Emergent_carefully_concept_e4097b,Emergent_bounded_coherence_8fa10b,0.8994150798707439,160817.59,160856.51,True,False
Emergent_carefully_concept_e4097b,Emergent_bounded_coherence_3042d7,0.9199044797802667,160817.59,160877.09,True,False
Emergent_carefully_concept_e4097b,Emergent_bounded_cognition_370134,0.9101591903729012,160817.59,160918.05,True,False
Emergent_carefully_concept_e4097b,Emergent_bounded_coupling_53dac6,0.9161209384748901,160817.59,160938.46,True,False
Emergent_carefully_concept_e4097b,Emergent_constraint_coupling_cc5a0a,0.922715354695254,160817.59,161023.71,True,False
Emergent_carefully_concept_e4097b,Emergent_contradiction_coupling_baffe9,0.9179384913751101,160817.59,161085.51,True,False
Emergent_carefully_concept_e4097b,Emergent_appears_asymmetry_24b9e2,0.8996591467385233,160817.59,161108.05,True,False
Emergent_carefully_concept_e4097b,Emergent_cognition_constraint_588317,0.9117807641531903,160817.59,161130.19,True,False
Emergent_carefully_concept_e4097b,Emergent_appears_asymmetry_b0db07,0.9331012890834538,160817.59,161152.27,True,False
Emergent_carefully_concept_e4097b,Emergent_concept_contradiction_2c9fc5,0.9286155110780743,160817.59,161281.86,True,False
Emergent_carefully_concept_e4097b,Emergent_chaos_constraint_dd1d2b,0.9048915784667926,160817.59,161304.13,True,False
Emergent_carefully_concept_e4097b,Emergent_autonomy_chaos_5eb54b,0.9077081739473885,160817.59,161327.69,True,False
Emergent_carefully_concept_e4097b,Emergent_autonomy_bounded_59bcc5,0.7905607999526334,160817.59,161352.3,True,False
Emergent_carefully_concept_e4097b,Emergent_carefully_chaos_bdcbbd,0.9366374921144145,160817.59,161375.62,True,False
Emergent_carefully_concept_e4097b,Emergent_coupling_ego_dissolution_d16e9d,0.9,160817.59,161440.15,True,False
Emergent_carefully_concept_e4097b,Emergent_clarity_coupling_e2ed74,0.9,160817.59,161440.49,True,False
Emergent_carefully_coherence_9c91a3,Emergent_bounded_concept_6e0127,0.894451855020687,160817.93,160856.17,True,False
Emergent_carefully_coherence_9c91a3,Emergent_bounded_coherence_8fa10b,0.8994150798707439,160817.93,160856.51,True,False
Emergent_carefully_coherence_9c91a3,Emergent_bounded_coherence_3042d7,0.9004898426066235,160817.93,160877.09,True,False
Emergent_carefully_coherence_9c91a3,Emergent_bounded_cognition_370134,0.9009346872659205,160817.93,160918.05,True,False
Emergent_carefully_coherence_9c91a3,Emergent_bounded_coupling_53dac6,0.9009403867135131,160817.93,160938.46,True,False
Emergent_carefully_coherence_9c91a3,Emergent_constraint_coupling_cc5a0a,0.8994523466798379,160817.93,161023.71,True,False
Emergent_carefully_coherence_9c91a3,Emergent_contradiction_coupling_baffe9,0.9012155731947602,160817.93,161085.51,True,False
Emergent_carefully_coherence_9c91a3,Emergent_appears_asymmetry_24b9e2,0.8994056165382456,160817.93,161108.05,True,False
Emergent_carefully_coherence_9c91a3,Emergent_cognition_constraint_588317,0.9064627800169567,160817.93,161130.19,True,False
Emergent_carefully_coherence_9c91a3,Emergent_appears_asymmetry_b0db07,0.9052521092803283,160817.93,161152.27,True,False
Emergent_carefully_coherence_9c91a3,Emergent_concept_contradiction_2c9fc5,0.9043715950767011,160817.93,161281.86,True,False
Emergent_carefully_coherence_9c91a3,Emergent_chaos_constraint_dd1d2b,0.9008421250767011,160817.93,161304.13,True,False
Emergent_carefully_coherence_9c91a3,Emergent_autonomy_chaos_5eb54b,0.8945598341796996,160817.93,161327.69,True,False
Emergent_carefully_coherence_9c91a3,Emergent_autonomy_bounded_59bcc5,0.7722241315036684,160817.93,161352.3,True,False
Emergent_carefully_coherence_9c91a3,Emergent_carefully_chaos_bdcbbd,0.9298345585818943,160817.93,161375.62,True,False
Emergent_carefully_coherence_9c91a3,Emergent_coupling_ego_dissolution_d16e9d,0.9,160817.93,161440.15,True,False
Emergent_carefully_coherence_9c91a3,Emergent_clarity_coupling_e2ed74,0.9,160817.93,161440.49,True,False
Emergent_bounded_concept_6e0127,Emergent_bounded_coherence_8fa10b,0.8944099773558329,160856.17,160856.51,True,False
Emergent_bounded_concept_6e0127,Emergent_bounded_coherence_3042d7,0.8941437824668288,160856.17,160877.09,True,False
Emergent_bounded_concept_6e0127,Emergent_bounded_cognition_370134,0.8946021337966843,160856.17,160918.05,True,False
Emergent_bounded_concept_6e0127,Emergent_bounded_coupling_53dac6,0.8946078332442771,160856.17,160938.46,True,False
Emergent_bounded_concept_6e0127,Emergent_constraint_coupling_cc5a0a,0.893119321764783,160856.17,161023.71,True,False
Emergent_bounded_concept_6e0127,Emergent_contradiction_coupling_baffe9,0.8948510425764689,160856.17,161085.51,True,False
Emergent_bounded_concept_6e0127,Emergent_appears_asymmetry_24b9e2,0.8930693803713374,160856.17,161108.05,True,False
Emergent_bounded_concept_6e0127,Emergent_cognition_constraint_588317,0.900216478948116,160856.17,161130.19,True,False
Emergent_bounded_concept_6e0127,Emergent_appears_asymmetry_b0db07,0.8990072514222476,160856.17,161152.27,True,False
Emergent_bounded_concept_6e0127,Emergent_concept_contradiction_2c9fc5,0.8982671526607244,160856.17,161281.86,True,False
Emergent_bounded_concept_6e0127,Emergent_chaos_constraint_dd1d2b,0.8947376826607245,160856.17,161304.13,True,False
Emergent_bounded_concept_6e0127,Emergent_autonomy_chaos_5eb54b,0.8884775517562293,160856.17,161327.69,True,False
Emergent_bounded_concept_6e0127,Emergent_autonomy_bounded_59bcc5,0.7655149956782719,160856.17,161352.3,True,False
Emergent_bounded_concept_6e0127,Emergent_carefully_chaos_bdcbbd,0.9240964585612566,160856.17,161375.62,True,False
Emergent_bounded_concept_6e0127,Emergent_coupling_ego_dissolution_d16e9d,0.9,160856.17,161440.15,True,False
Emergent_bounded_concept_6e0127,Emergent_clarity_coupling_e2ed74,0.9,160856.17,161440.49,True,False
Emergent_bounded_coherence_8fa10b,Emergent_bounded_coherence_3042d7,0.8991076825263085,160856.51,160877.09,True,False
Emergent_bounded_coherence_8fa10b,Emergent_bounded_cognition_370134,0.8995628275035763,160856.51,160918.05,True,False
Emergent_bounded_coherence_8fa10b,Emergent_bounded_coupling_53dac6,0.8995685269511688,160856.51,160938.46,True,False
Emergent_bounded_coherence_8fa10b,Emergent_constraint_coupling_cc5a0a,0.8980803847853043,160856.51,161023.71,True,False
Emergent_bounded_coherence_8fa10b,Emergent_contradiction_coupling_baffe9,0.899836786027173,160856.51,161085.51,True,False
Emergent_bounded_coherence_8fa10b,Emergent_appears_asymmetry_24b9e2,0.898032958970596,160856.51,161108.05,True,False
Emergent_bounded_coherence_8fa10b,Emergent_cognition_constraint_588317,0.9051096056392811,160856.51,161130.19,True,False
Emergent_bounded_coherence_8fa10b,Emergent_appears_asymmetry_b0db07,0.9038992475542207,160856.51,161152.27,True,False
Emergent_bounded_coherence_8fa10b,Emergent_concept_contradiction_2c9fc5,0.9030491524060296,160856.51,161281.86,True,False
Emergent_bounded_coherence_8fa10b,Emergent_chaos_constraint_dd1d2b,0.8995196824060296,160856.51,161304.13,True,False
Emergent_bounded_coherence_8fa10b,Emergent_autonomy_chaos_5eb54b,0.893242192163646,160856.51,161327.69,True,False
Emergent_bounded_coherence_8fa10b,Emergent_autonomy_bounded_59bcc5,0.7707706904038534,160856.51,161352.3,True,False
Emergent_bounded_coherence_8fa10b,Emergent_carefully_chaos_bdcbbd,0.9285914789033947,160856.51,161375.62,True,False
Emergent_bounded_coherence_8fa10b,Emergent_coupling_ego_dissolution_d16e9d,0.9,160856.51,161440.15,True,False
Emergent_bounded_coherence_8fa10b,Emergent_clarity_coupling_e2ed74,0.9,160856.51,161440.49,True,False
Emergent_bounded_coherence_3042d7,Emergent_bounded_cognition_370134,0.9101591903729012,160877.09,160918.05,True,False
Emergent_bounded_coherence_3042d7,Emergent_bounded_coupling_53dac6,0.9161209384748901,160877.09,160938.46,True,False
Emergent_bounded_coherence_3042d7,Emergent_constraint_coupling_cc5a0a,0.9190808337344176,160877.09,161023.71,True,False
Emergent_bounded_coherence_3042d7,Emergent_contradiction_coupling_baffe9,0.9179384913751101,160877.09,161085.51,True,False
Emergent_bounded_coherence_3042d7,Emergent_appears_asymmetry_24b9e2,0.8996591467385233,160877.09,161108.05,True,False
Emergent_bounded_coherence_3042d7,Emergent_cognition_constraint_588317,0.9117807641531903,160877.09,161130.19,True,False
Emergent_bounded_coherence_3042d7,Emergent_appears_asymmetry_b0db07,0.9245340560433555,160877.09,161152.27,True,False
Emergent_bounded_coherence_3042d7,Emergent_concept_contradiction_2c9fc5,0.9231016394635434,160877.09,161281.86,True,False
Emergent_bounded_coherence_3042d7,Emergent_chaos_constraint_dd1d2b,0.9048915784667926,160877.09,161304.13,True,False
Emergent_bounded_coherence_3042d7,Emergent_autonomy_chaos_5eb54b,0.9077081739473885,160877.09,161327.69,True,False
Emergent_bounded_coherence_3042d7,Emergent_autonomy_bounded_59bcc5,0.7905607999526334,160877.09,161352.3,True,False
Emergent_bounded_coherence_3042d7,Emergent_carefully_chaos_bdcbbd,0.9366374921144145,160877.09,161375.62,True,False
Emergent_bounded_coherence_3042d7,Emergent_coupling_ego_dissolution_d16e9d,0.9,160877.09,161440.15,True,False
Emergent_bounded_coherence_3042d7,Emergent_clarity_coupling_e2ed74,0.9,160877.09,161440.49,True,False
Emergent_bounded_cognition_370134,Emergent_bounded_coupling_53dac6,0.9100452014210476,160918.05,160938.46,True,False
Emergent_bounded_cognition_370134,Emergent_constraint_coupling_cc5a0a,0.908677536532448,160918.05,161023.71,True,False
Emergent_bounded_cognition_370134,Emergent_contradiction_coupling_baffe9,0.9104866567707797,160918.05,161085.51,True,False
Emergent_bounded_cognition_370134,Emergent_appears_asymmetry_24b9e2,0.8996591467385233,160918.05,161108.05,True,False
Emergent_bounded_cognition_370134,Emergent_cognition_constraint_588317,0.9117807641531903,160918.05,161130.19,True,False
Emergent_bounded_cognition_370134,Emergent_appears_asymmetry_b0db07,0.9143488679566456,160918.05,161152.27,True,False
Emergent_bounded_cognition_370134,Emergent_concept_contradiction_2c9fc5,0.91326381340634,160918.05,161281.86,True,False
Emergent_bounded_cognition_370134,Emergent_chaos_constraint_dd1d2b,0.9048915784667926,160918.05,161304.13,True,False
Emergent_bounded_cognition_370134,Emergent_autonomy_chaos_5eb54b,0.9034197724945361,160918.05,161327.69,True,False
Emergent_bounded_cognition_370134,Emergent_autonomy_bounded_59bcc5,0.7819971945448543,160918.05,161352.3,True,False
Emergent_bounded_cognition_370134,Emergent_carefully_chaos_bdcbbd,0.9366374921144145,160918.05,161375.62,True,False
Emergent_bounded_cognition_370134,Emergent_coupling_ego_dissolution_d16e9d,0.9,160918.05,161440.15,True,False
Emergent_bounded_cognition_370134,Emergent_clarity_coupling_e2ed74,0.9,160918.05,161440.49,True,False
Emergent_bounded_coupling_53dac6,Emergent_constraint_coupling_cc5a0a,0.9146341984605724,160938.46,161023.71,True,False
Emergent_bounded_coupling_53dac6,Emergent_contradiction_coupling_baffe9,0.9164843024542513,160938.46,161085.51,True,False
Emergent_bounded_coupling_53dac6,Emergent_appears_asymmetry_24b9e2,0.8996591467385233,160938.46,161108.05,True,False
Emergent_bounded_coupling_53dac6,Emergent_cognition_constraint_588317,0.9117807641531903,160938.46,161130.19,True,False
Emergent_bounded_coupling_53dac6,Emergent_appears_asymmetry_b0db07,0.9201908389964066,160938.46,161152.27,True,False
Emergent_bounded_coupling_53dac6,Emergent_concept_contradiction_2c9fc5,0.9189231269734854,160938.46,161281.86,True,False
Emergent_bounded_coupling_53dac6,Emergent_chaos_constraint_dd1d2b,0.9048915784667926,160938.46,161304.13,True,False
Emergent_bounded_coupling_53dac6,Emergent_autonomy_chaos_5eb54b,0.9077081739473885,160938.46,161327.69,True,False
Emergent_bounded_coupling_53dac6,Emergent_autonomy_bounded_59bcc5,0.7884431151134583,160938.46,161352.3,True,False
Emergent_bounded_coupling_53dac6,Emergent_carefully_chaos_bdcbbd,0.9366374921144145,160938.46,161375.62,True,False
Emergent_bounded_coupling_53dac6,Emergent_coupling_ego_dissolution_d16e9d,0.9,160938.46,161440.15,True,False
Emergent_bounded_coupling_53dac6,Emergent_clarity_coupling_e2ed74,0.9,160938.46,161440.49,True,False
Emergent_constraint_coupling_cc5a0a,Emergent_contradiction_coupling_baffe9,0.9176408736349948,161023.71,161085.51,True,False
Emergent_constraint_coupling_cc5a0a,Emergent_appears_asymmetry_24b9e2,0.8996591467385233,161023.71,161108.05,True,False
Emergent_constraint_coupling_cc5a0a,Emergent_cognition_constraint_588317,0.9117807641531903,161023.71,161130.19,True,False
Emergent_constraint_coupling_cc5a0a,Emergent_appears_asymmetry_b0db07,0.9280840466367926,161023.71,161152.27,True,False
Emergent_constraint_coupling_cc5a0a,Emergent_concept_contradiction_2c9fc5,0.9265170064309127,161023.71,161281.86,True,False
Emergent_constraint_coupling_cc5a0a,Emergent_chaos_constraint_dd1d2b,0.9048915784667926,161023.71,161304.13,True,False
Emergent_constraint_coupling_cc5a0a,Emergent_autonomy_chaos_5eb54b,0.9077081739473885,161023.71,161327.69,True,False
Emergent_constraint_coupling_cc5a0a,Emergent_autonomy_bounded_59bcc5,0.7905607999526334,161023.71,161352.3,True,False
Emergent_constraint_coupling_cc5a0a,Emergent_carefully_chaos_bdcbbd,0.9366374921144145,161023.71,161375.62,True,False
Emergent_constraint_coupling_cc5a0a,Emergent_coupling_ego_dissolution_d16e9d,0.9,161023.71,161440.15,True,False
Emergent_constraint_coupling_cc5a0a,Emergent_clarity_coupling_e2ed74,0.9,161023.71,161440.49,True,False
Emergent_contradiction_coupling_baffe9,Emergent_appears_asymmetry_24b9e2,0.8991098552216041,161085.51,161108.05,True,False
Emergent_contradiction_coupling_baffe9,Emergent_cognition_constraint_588317,0.9117807641531903,161085.51,161130.19,True,False
Emergent_contradiction_coupling_baffe9,Emergent_appears_asymmetry_b0db07,0.9215994996723262,161085.51,161152.27,True,False
Emergent_contradiction_coupling_baffe9,Emergent_concept_contradiction_2c9fc5,0.9202783680689584,161085.51,161281.86,True,False
Emergent_contradiction_coupling_baffe9,Emergent_chaos_constraint_dd1d2b,0.9048915784667926,161085.51,161304.13,True,False
Emergent_contradiction_coupling_baffe9,Emergent_autonomy_chaos_5eb54b,0.9077081739473885,161085.51,161327.69,True,False
Emergent_contradiction_coupling_baffe9,Emergent_autonomy_bounded_59bcc5,0.7900284054666629,161085.51,161352.3,True,False
Emergent_contradiction_coupling_baffe9,Emergent_carefully_chaos_bdcbbd,0.9366374921144145,161085.51,161375.62,True,False
Emergent_contradiction_coupling_baffe9,Emergent_coupling_ego_dissolution_d16e9d,0.9,161085.51,161440.15,True,False
Emergent_contradiction_coupling_baffe9,Emergent_clarity_coupling_e2ed74,0.9,161085.51,161440.49,True,False
Emergent_appears_asymmetry_24b9e2,Emergent_cognition_constraint_588317,0.9059578821543546,161108.05,161130.19,True,False
Emergent_appears_asymmetry_24b9e2,Emergent_appears_asymmetry_b0db07,0.9055019831836613,161108.05,161152.27,True,False
Emergent_appears_asymmetry_24b9e2,Emergent_concept_contradiction_2c9fc5,0.9046158505727935,161108.05,161281.86,True,False
Emergent_appears_asymmetry_24b9e2,Emergent_chaos_constraint_dd1d2b,0.9010863805727936,161108.05,161304.13,True,False
Emergent_appears_asymmetry_24b9e2,Emergent_autonomy_chaos_5eb54b,0.8948032029936688,161108.05,161327.69,True,False
Emergent_appears_asymmetry_24b9e2,Emergent_autonomy_bounded_59bcc5,0.7724925824427902,161108.05,161352.3,True,False
Emergent_appears_asymmetry_24b9e2,Emergent_carefully_chaos_bdcbbd,0.9300641557132392,161108.05,161375.62,True,False
Emergent_appears_asymmetry_24b9e2,Emergent_coupling_ego_dissolution_d16e9d,0.9,161108.05,161440.15,True,False
Emergent_appears_asymmetry_24b9e2,Emergent_clarity_coupling_e2ed74,0.9,161108.05,161440.49,True,False
Emergent_cognition_constraint_588317,Emergent_appears_asymmetry_b0db07,0.9105688646938599,161130.19,161152.27,True,False
Emergent_cognition_constraint_588317,Emergent_concept_contradiction_2c9fc5,0.909568803403827,161130.19,161281.86,True,False
Emergent_cognition_constraint_588317,Emergent_chaos_constraint_dd1d2b,0.9048915784667926,161130.19,161304.13,True,False
Emergent_cognition_constraint_588317,Emergent_autonomy_chaos_5eb54b,0.8997381759028455,161130.19,161327.69,True,False
Emergent_cognition_constraint_588317,Emergent_autonomy_bounded_59bcc5,0.7779361645123364,161130.19,161352.3,True,False
Emergent_cognition_constraint_588317,Emergent_carefully_chaos_bdcbbd,0.9347198698317949,161130.19,161375.62,True,False
Emergent_cognition_constraint_588317,Emergent_coupling_ego_dissolution_d16e9d,0.9,161130.19,161440.15,True,False
Emergent_cognition_constraint_588317,Emergent_clarity_coupling_e2ed74,0.9,161130.19,161440.49,True,False
Emergent_appears_asymmetry_b0db07,Emergent_concept_contradiction_2c9fc5,0.9286155110780743,161152.27,161281.86,True,False
Emergent_appears_asymmetry_b0db07,Emergent_chaos_constraint_dd1d2b,0.9048915784667926,161152.27,161304.13,True,False
Emergent_appears_asymmetry_b0db07,Emergent_autonomy_chaos_5eb54b,0.9077081739473885,161152.27,161327.69,True,False
Emergent_appears_asymmetry_b0db07,Emergent_autonomy_bounded_59bcc5,0.7905607999526334,161152.27,161352.3,True,False
Emergent_appears_asymmetry_b0db07,Emergent_carefully_chaos_bdcbbd,0.9366374921144145,161152.27,161375.62,True,False
Emergent_appears_asymmetry_b0db07,Emergent_coupling_ego_dissolution_d16e9d,0.9,161152.27,161440.15,True,False
Emergent_appears_asymmetry_b0db07,Emergent_clarity_coupling_e2ed74,0.9,161152.27,161440.49,True,False
Emergent_concept_contradiction_2c9fc5,Emergent_chaos_constraint_dd1d2b,0.9048915784667926,161281.86,161304.13,True,False
Emergent_concept_contradiction_2c9fc5,Emergent_autonomy_chaos_5eb54b,0.9077081739473885,161281.86,161327.69,True,False
Emergent_concept_contradiction_2c9fc5,Emergent_autonomy_bounded_59bcc5,0.7905607999526334,161281.86,161352.3,True,False
Emergent_concept_contradiction_2c9fc5,Emergent_carefully_chaos_bdcbbd,0.9366374921144145,161281.86,161375.62,True,False
Emergent_concept_contradiction_2c9fc5,Emergent_coupling_ego_dissolution_d16e9d,0.9,161281.86,161440.15,True,False
Emergent_concept_contradiction_2c9fc5,Emergent_clarity_coupling_e2ed74,0.9,161281.86,161440.49,True,False
Emergent_chaos_constraint_dd1d2b,Emergent_autonomy_chaos_5eb54b,0.8985945874791583,161304.13,161327.69,True,False
Emergent_chaos_constraint_dd1d2b,Emergent_autonomy_bounded_59bcc5,0.7766747153508731,161304.13,161352.3,True,False
Emergent_chaos_constraint_dd1d2b,Emergent_carefully_chaos_bdcbbd,0.933640994452342,161304.13,161375.62,True,False
Emergent_chaos_constraint_dd1d2b,Emergent_coupling_ego_dissolution_d16e9d,0.9,161304.13,161440.15,True,False
Emergent_chaos_constraint_dd1d2b,Emergent_clarity_coupling_e2ed74,0.9,161304.13,161440.49,True,False
Emergent_autonomy_chaos_5eb54b,Emergent_autonomy_bounded_59bcc5,0.7825537314734119,161327.69,161352.3,True,False
Emergent_autonomy_chaos_5eb54b,Emergent_carefully_chaos_bdcbbd,0.9366374921144145,161327.69,161375.62,True,False
Emergent_autonomy_chaos_5eb54b,Emergent_coupling_ego_dissolution_d16e9d,0.9,161327.69,161440.15,True,False
Emergent_autonomy_chaos_5eb54b,Emergent_clarity_coupling_e2ed74,0.9,161327.69,161440.49,True,False
Emergent_autonomy_bounded_59bcc5,Emergent_carefully_chaos_bdcbbd,0.9161216622378108,161352.3,161375.62,True,False
Emergent_autonomy_bounded_59bcc5,Emergent_coupling_ego_dissolution_d16e9d,0.9,161352.3,161440.15,True,False
Emergent_autonomy_bounded_59bcc5,Emergent_clarity_coupling_e2ed74,0.9,161352.3,161440.49,True,False
Emergent_carefully_chaos_bdcbbd,Emergent_coupling_ego_dissolution_d16e9d,0.9,161375.62,161440.15,True,False
Emergent_carefully_chaos_bdcbbd,Emergent_clarity_coupling_e2ed74,0.9,161375.62,161440.49,True,False
Emergent_coupling_ego_dissolution_d16e9d,Emergent_clarity_coupling_e2ed74,0.8,161440.15,161440.49,True,False
