source,target,weight,src_ts,dst_ts,is_older_to_newer,is_newer_to_older
Emergent_ambiguity_attention_6ee88b,Emergent_ambiguity_attention_820db8,0.9241624505915158,140009.16,140009.5,True,False
Emergent_ambiguity_attention_6ee88b,Emergent_abstraction_ambiguity_a83b10,0.9234128738368708,140009.16,140022.4,True,False
Emergent_ambiguity_attention_6ee88b,Emergent_abstraction_analogy_a99238,0.9215339999977392,140009.16,140034.11,True,False
Emergent_ambiguity_attention_6ee88b,Emergent_autonomy_cascade_d60596,0.9281815054141935,140009.16,140045.06,True,False
Emergent_ambiguity_attention_6ee88b,Emergent_carefully_clarity_0d7a6f,0.9341740928772118,140009.16,140056.74,True,False
Emergent_ambiguity_attention_6ee88b,Emergent_abstraction_analogy_94d11e,0.9353963596421944,140009.16,140069.0,True,False
Emergent_ambiguity_attention_6ee88b,Emergent_abstraction_analogy_a89166,0.9340731624835616,140009.16,140069.34,True,False
Emergent_ambiguity_attention_6ee88b,Emergent_beneficence_connection_2d70cd,0.9353963594571324,140009.16,140082.75,True,False
Emergent_ambiguity_attention_6ee88b,Emergent_analogy_autonomy_2771b0,0.9353963590951031,140009.16,140096.28,True,False
Emergent_ambiguity_attention_6ee88b,Emergent_connection_contradiction_9a8d3a,0.928075085816987,140009.16,140107.08,True,False
Emergent_ambiguity_attention_6ee88b,Emergent_connection_contradiction_52dd1b,0.9353963591458776,140009.16,140107.42,True,False
Emergent_ambiguity_attention_6ee88b,Emergent_autonomy_clarity_d6bec2,0.9348383101974722,140009.16,140120.81,True,False
Emergent_ambiguity_attention_6ee88b,Emergent_abstraction_analogy_5aa231,0.93539635867114,140009.16,140133.3,True,False
Emergent_ambiguity_attention_6ee88b,Emergent_autonomy_bounded_72bafc,0.9353963587398839,140009.16,140148.57,True,False
Emergent_ambiguity_attention_6ee88b,Emergent_appears_asymmetry_8dba4c,0.9353963488267378,140009.16,140165.34,True,False
Emergent_ambiguity_attention_6ee88b,Emergent_appears_asymmetry_9e9e75,0.9290836597107315,140009.16,140178.49,True,False
Emergent_ambiguity_attention_6ee88b,Emergent_bounded_coherence_40a04d,0.9353963489466381,140009.16,140191.28,True,False
Emergent_ambiguity_attention_6ee88b,Emergent_anticipation_belief_revision_33c93c,0.9345599379586946,140009.16,140205.07,True,False
Emergent_ambiguity_attention_6ee88b,Emergent_appears_asymmetry_8ccc17,0.9353963616895051,140009.16,140219.39,True,False
Emergent_ambiguity_attention_6ee88b,Emergent_bounded_contradiction_ae6a76,0.9342843261662319,140009.16,140235.14,True,False
Emergent_ambiguity_attention_6ee88b,Emergent_belief_revision_constraint_06aa6f,0.932992998643525,140009.16,140251.07,True,False
Emergent_ambiguity_attention_6ee88b,Emergent_constraint_focused_4a6458,0.9340635373050599,140009.16,140251.41,True,False
Emergent_ambiguity_attention_6ee88b,Emergent_anticipation_autonomy_a66f28,0.9294031844488884,140009.16,140266.4,True,False
Emergent_ambiguity_attention_6ee88b,Emergent_autonomy_carefully_dedeae,0.9276239618585045,140009.16,140266.74,True,False
Emergent_ambiguity_attention_6ee88b,Emergent_bounded_coherence_a2e9f5,0.933331838548916,140009.16,140297.75,True,False
Emergent_ambiguity_attention_6ee88b,Emergent_constraint_contradiction_97fd6d,0.92565842247217,140009.16,140330.59,True,False
Emergent_ambiguity_attention_6ee88b,Emergent_constraint_contradiction_8d2c9c,0.9216965078120227,140009.16,140330.93,True,False
Emergent_ambiguity_attention_6ee88b,Emergent_anticipation_autonomy_beca79,0.9327417348938813,140009.16,140347.33,True,False
Emergent_ambiguity_attention_6ee88b,Emergent_clarity_constraint_2bef20,0.9252994841978925,140009.16,140364.62,True,False
Emergent_ambiguity_attention_6ee88b,Emergent_clarity_constraint_bf278c,0.9333725292604858,140009.16,140364.96,True,False
Emergent_ambiguity_attention_6ee88b,Emergent_clarity_collective_093fe2,0.9214058395713094,140009.16,140380.94,True,False
Emergent_ambiguity_attention_6ee88b,Emergent_autonomy_clarity_dc06c1,0.9317584716616809,140009.16,140381.28,True,False
Emergent_ambiguity_attention_6ee88b,Emergent_clarity_ethical_4e34b8,0.935396137256765,140009.16,140397.31,True,False
Emergent_ambiguity_attention_6ee88b,Emergent_anticipation_belief_revision_8334e7,0.9353961382502161,140009.16,140397.65,True,False
Emergent_ambiguity_attention_6ee88b,Emergent_autonomy_boundary_346ebd,0.9353965048379576,140009.16,140487.02,True,False
Emergent_ambiguity_attention_6ee88b,Emergent_appears_asymmetry_3bd743,0.9290496123530254,140009.16,140508.74,True,False
Emergent_ambiguity_attention_6ee88b,Emergent_abstraction_ambiguity_824c3b,0.9353963563410301,140009.16,140546.25,True,False
Emergent_ambiguity_attention_6ee88b,Emergent_analogy_attention_3c3dd6,0.9269271306741174,140009.16,140564.64,True,False
Emergent_ambiguity_attention_6ee88b,Emergent_appears_asymmetry_3bcc7d,0.9320915977254782,140009.16,140584.08,True,False
Emergent_ambiguity_attention_6ee88b,Emergent_appears_asymmetry_1f204a,0.9206330581893156,140009.16,140622.84,True,False
Emergent_ambiguity_attention_6ee88b,Emergent_autonomy_bounded_94d9e2,0.9347193048397828,140009.16,140643.22,True,False
Emergent_ambiguity_attention_6ee88b,Emergent_coherence_continuity_398b4b,0.9353931286243777,140009.16,140658.62,True,False
Emergent_ambiguity_attention_6ee88b,Emergent_anticipation_belief_revision_5bbdf5,0.9353915437519229,140009.16,140677.17,True,False
Emergent_ambiguity_attention_6ee88b,Emergent_boundary_contradiction_77a85f,0.9353975687211822,140009.16,140694.74,True,False
Emergent_ambiguity_attention_6ee88b,Emergent_boundary_contradiction_133a24,0.9340152315816121,140009.16,140695.08,True,False
Emergent_ambiguity_attention_6ee88b,Emergent_boundary_bounded_497fce,0.9348368091733201,140009.16,140714.67,True,False
Emergent_ambiguity_attention_6ee88b,Emergent_boundary_coherence_b7a0b8,0.9353906410271831,140009.16,140733.42,True,False
Emergent_ambiguity_attention_6ee88b,Emergent_boundary_carefully_576a67,0.9313728412554285,140009.16,140751.6,True,False
Emergent_ambiguity_attention_6ee88b,Emergent_anticipation_boundary_af2ea2,0.9132127062859661,140009.16,140751.94,True,False
Emergent_ambiguity_attention_6ee88b,Emergent_autonomy_belief_revision_3c3131,0.9353601997197349,140009.16,140770.5,True,False
Emergent_ambiguity_attention_6ee88b,Emergent_boundary_coherence_6b5325,0.934366960576007,140009.16,140788.25,True,False
Emergent_ambiguity_attention_6ee88b,Emergent_autonomy_boundary_625a34,0.9287759500299915,140009.16,140810.15,True,False
Emergent_ambiguity_attention_6ee88b,Emergent_bounded_coupling_df3c79,0.9353797880791286,140009.16,140873.38,True,False
Emergent_ambiguity_attention_6ee88b,Emergent_bounded_hypothesis_41336a,0.9353797880791286,140009.16,140873.72,True,False
Emergent_ambiguity_attention_6ee88b,Emergent_autonomy_collective_461851,0.935350323331767,140009.16,140893.96,True,False
Emergent_ambiguity_attention_6ee88b,Emergent_constraint_ego_dissolution_a6d82d,0.9276930777158794,140009.16,140949.99,True,False
Emergent_ambiguity_attention_6ee88b,Emergent_anticipation_belief_revision_946a18,0.9297314273193968,140009.16,140950.33,True,False
Emergent_ambiguity_attention_6ee88b,Emergent_appears_asymmetry_ecd8f7,0.9318004159893036,140009.16,141010.53,True,False
Emergent_ambiguity_attention_6ee88b,Emergent_anticipation_belief_revision_b7ed14,0.9352280205281425,140009.16,141029.87,True,False
Emergent_ambiguity_attention_6ee88b,Emergent_identity_observed_39cc84,0.935289859308462,140009.16,141030.21,True,False
Emergent_ambiguity_attention_6ee88b,Emergent_carefully_coherence_d9db0f,0.9300340553826028,140009.16,141071.79,True,False
Emergent_ambiguity_attention_6ee88b,Emergent_carefully_coherence_247f20,0.9269657449736299,140009.16,141114.56,True,False
Emergent_ambiguity_attention_6ee88b,Emergent_bounded_contradiction_d8e7d7,0.9206268996842772,140009.16,141157.73,True,False
Emergent_ambiguity_attention_6ee88b,Emergent_belief_revision_bounded_6b3318,0.9273001441641984,140009.16,141158.07,True,False
Emergent_ambiguity_attention_6ee88b,Emergent_bounded_coupling_53a5ef,0.9296677217627562,140009.16,141177.87,True,False
Emergent_ambiguity_attention_6ee88b,Emergent_carefully_coherence_6373e7,0.9316564686326643,140009.16,141200.46,True,False
Emergent_ambiguity_attention_6ee88b,Emergent_belief_revision_carefully_00c1f3,0.8968661011130539,140009.16,141223.53,True,False
Emergent_ambiguity_attention_6ee88b,Emergent_boundary_carefully_70bae7,0.8853248876838988,140009.16,141333.66,True,False
Emergent_ambiguity_attention_820db8,Emergent_abstraction_ambiguity_a83b10,0.9234128738357015,140009.5,140022.4,True,False
Emergent_ambiguity_attention_820db8,Emergent_abstraction_analogy_a99238,0.9215339999977392,140009.5,140034.11,True,False
Emergent_ambiguity_attention_820db8,Emergent_autonomy_cascade_d60596,0.924162450861856,140009.5,140045.06,True,False
Emergent_ambiguity_attention_820db8,Emergent_carefully_clarity_0d7a6f,0.9241624501030212,140009.5,140056.74,True,False
Emergent_ambiguity_attention_820db8,Emergent_abstraction_analogy_94d11e,0.9241624509351614,140009.5,140069.0,True,False
Emergent_ambiguity_attention_820db8,Emergent_abstraction_analogy_a89166,0.9241624509351614,140009.5,140069.34,True,False
Emergent_ambiguity_attention_820db8,Emergent_beneficence_connection_2d70cd,0.9241624507500992,140009.5,140082.75,True,False
Emergent_ambiguity_attention_820db8,Emergent_analogy_autonomy_2771b0,0.9241624499634513,140009.5,140096.28,True,False
Emergent_ambiguity_attention_820db8,Emergent_connection_contradiction_9a8d3a,0.9241624499273915,140009.5,140107.08,True,False
Emergent_ambiguity_attention_820db8,Emergent_connection_contradiction_52dd1b,0.9241624500100716,140009.5,140107.42,True,False
Emergent_ambiguity_attention_820db8,Emergent_autonomy_clarity_d6bec2,0.9241624501170385,140009.5,140120.81,True,False
Emergent_ambiguity_attention_820db8,Emergent_abstraction_analogy_5aa231,0.9241624501870376,140009.5,140133.3,True,False
Emergent_ambiguity_attention_820db8,Emergent_autonomy_bounded_72bafc,0.9241624502553072,140009.5,140148.57,True,False
Emergent_ambiguity_attention_820db8,Emergent_appears_asymmetry_8dba4c,0.9241624401857076,140009.5,140165.34,True,False
Emergent_ambiguity_attention_820db8,Emergent_appears_asymmetry_9e9e75,0.9241624401954112,140009.5,140178.49,True,False
Emergent_ambiguity_attention_820db8,Emergent_bounded_coherence_40a04d,0.9241624403007276,140009.5,140191.28,True,False
Emergent_ambiguity_attention_820db8,Emergent_anticipation_belief_revision_33c93c,0.9241624528826173,140009.5,140205.07,True,False
Emergent_ambiguity_attention_820db8,Emergent_appears_asymmetry_8ccc17,0.9241624530086696,140009.5,140219.39,True,False
Emergent_ambiguity_attention_820db8,Emergent_bounded_contradiction_ae6a76,0.924162452077929,140009.5,140235.14,True,False
Emergent_ambiguity_attention_820db8,Emergent_belief_revision_constraint_06aa6f,0.924162424962051,140009.5,140251.07,True,False
Emergent_ambiguity_attention_820db8,Emergent_constraint_focused_4a6458,0.9241624249772435,140009.5,140251.41,True,False
Emergent_ambiguity_attention_820db8,Emergent_anticipation_autonomy_a66f28,0.9241624586847683,140009.5,140266.4,True,False
Emergent_ambiguity_attention_820db8,Emergent_autonomy_carefully_dedeae,0.9241624586847683,140009.5,140266.74,True,False
Emergent_ambiguity_attention_820db8,Emergent_bounded_coherence_a2e9f5,0.9241624594338165,140009.5,140297.75,True,False
Emergent_ambiguity_attention_820db8,Emergent_constraint_contradiction_97fd6d,0.9241624565981337,140009.5,140330.59,True,False
Emergent_ambiguity_attention_820db8,Emergent_constraint_contradiction_8d2c9c,0.9216965078120227,140009.5,140330.93,True,False
Emergent_ambiguity_attention_820db8,Emergent_anticipation_autonomy_beca79,0.9241624520121234,140009.5,140347.33,True,False
Emergent_ambiguity_attention_820db8,Emergent_clarity_constraint_2bef20,0.9241624454606803,140009.5,140364.62,True,False
Emergent_ambiguity_attention_820db8,Emergent_clarity_constraint_bf278c,0.9241624454606803,140009.5,140364.96,True,False
Emergent_ambiguity_attention_820db8,Emergent_clarity_collective_093fe2,0.9214058395713094,140009.5,140380.94,True,False
Emergent_ambiguity_attention_820db8,Emergent_autonomy_clarity_dc06c1,0.9241624335491438,140009.5,140381.28,True,False
Emergent_ambiguity_attention_820db8,Emergent_clarity_ethical_4e34b8,0.9241622225160866,140009.5,140397.31,True,False
Emergent_ambiguity_attention_820db8,Emergent_anticipation_belief_revision_8334e7,0.9241622234566957,140009.5,140397.65,True,False
Emergent_ambiguity_attention_820db8,Emergent_autonomy_boundary_346ebd,0.9241626090092652,140009.5,140487.02,True,False
Emergent_ambiguity_attention_820db8,Emergent_appears_asymmetry_3bd743,0.9241625440418595,140009.5,140508.74,True,False
Emergent_ambiguity_attention_820db8,Emergent_abstraction_ambiguity_824c3b,0.9241624605123377,140009.5,140546.25,True,False
Emergent_ambiguity_attention_820db8,Emergent_analogy_attention_3c3dd6,0.9241624737709921,140009.5,140564.64,True,False
Emergent_ambiguity_attention_820db8,Emergent_appears_asymmetry_3bcc7d,0.9241623411844497,140009.5,140584.08,True,False
Emergent_ambiguity_attention_820db8,Emergent_appears_asymmetry_1f204a,0.9206330581893156,140009.5,140622.84,True,False
Emergent_ambiguity_attention_820db8,Emergent_autonomy_bounded_94d9e2,0.9241614279318078,140009.5,140643.22,True,False
Emergent_ambiguity_attention_820db8,Emergent_coherence_continuity_398b4b,0.9241592097200366,140009.5,140658.62,True,False
Emergent_ambiguity_attention_820db8,Emergent_anticipation_belief_revision_5bbdf5,0.9241577458414045,140009.5,140677.17,True,False
Emergent_ambiguity_attention_820db8,Emergent_boundary_contradiction_77a85f,0.924164393005461,140009.5,140694.74,True,False
Emergent_ambiguity_attention_820db8,Emergent_boundary_contradiction_133a24,0.924164393005461,140009.5,140695.08,True,False
Emergent_ambiguity_attention_820db8,Emergent_boundary_bounded_497fce,0.9241634270337342,140009.5,140714.67,True,False
Emergent_ambiguity_attention_820db8,Emergent_boundary_coherence_b7a0b8,0.9241555820860741,140009.5,140733.42,True,False
Emergent_ambiguity_attention_820db8,Emergent_boundary_carefully_576a67,0.9241298034435412,140009.5,140751.6,True,False
Emergent_ambiguity_attention_820db8,Emergent_anticipation_boundary_af2ea2,0.9132127062859661,140009.5,140751.94,True,False
Emergent_ambiguity_attention_820db8,Emergent_autonomy_belief_revision_3c3131,0.9241274287321093,140009.5,140770.5,True,False
Emergent_ambiguity_attention_820db8,Emergent_boundary_coherence_6b5325,0.9241911717117159,140009.5,140788.25,True,False
Emergent_ambiguity_attention_820db8,Emergent_autonomy_boundary_625a34,0.9241854242747745,140009.5,140810.15,True,False
Emergent_ambiguity_attention_820db8,Emergent_bounded_coupling_df3c79,0.9241487278115041,140009.5,140873.38,True,False
Emergent_ambiguity_attention_820db8,Emergent_bounded_hypothesis_41336a,0.9241487278115041,140009.5,140873.72,True,False
Emergent_ambiguity_attention_820db8,Emergent_autonomy_collective_461851,0.9241197152742282,140009.5,140893.96,True,False
Emergent_ambiguity_attention_820db8,Emergent_constraint_ego_dissolution_a6d82d,0.9235075252383251,140009.5,140949.99,True,False
Emergent_ambiguity_attention_820db8,Emergent_anticipation_belief_revision_946a18,0.9235099918222729,140009.5,140950.33,True,False
Emergent_ambiguity_attention_820db8,Emergent_appears_asymmetry_ecd8f7,0.9237359301758585,140009.5,141010.53,True,False
Emergent_ambiguity_attention_820db8,Emergent_anticipation_belief_revision_b7ed14,0.924278170546351,140009.5,141029.87,True,False
Emergent_ambiguity_attention_820db8,Emergent_identity_observed_39cc84,0.924279010509667,140009.5,141030.21,True,False
Emergent_ambiguity_attention_820db8,Emergent_carefully_coherence_d9db0f,0.9207813024766713,140009.5,141071.79,True,False
Emergent_ambiguity_attention_820db8,Emergent_carefully_coherence_247f20,0.9246816806395413,140009.5,141114.56,True,False
Emergent_ambiguity_attention_820db8,Emergent_bounded_contradiction_d8e7d7,0.9206268996842772,140009.5,141157.73,True,False
Emergent_ambiguity_attention_820db8,Emergent_belief_revision_bounded_6b3318,0.9224218786475411,140009.5,141158.07,True,False
Emergent_ambiguity_attention_820db8,Emergent_bounded_coupling_53a5ef,0.9226236466825413,140009.5,141177.87,True,False
Emergent_ambiguity_attention_820db8,Emergent_carefully_coherence_6373e7,0.9208942063825412,140009.5,141200.46,True,False
Emergent_ambiguity_attention_820db8,Emergent_belief_revision_carefully_00c1f3,0.8968661011130539,140009.5,141223.53,True,False
Emergent_ambiguity_attention_820db8,Emergent_boundary_carefully_70bae7,0.8653273819254101,140009.5,141333.66,True,False
Emergent_abstraction_ambiguity_a83b10,Emergent_abstraction_analogy_a99238,0.9215339998887775,140022.4,140034.11,True,False
Emergent_abstraction_ambiguity_a83b10,Emergent_autonomy_cascade_d60596,0.9234128745801196,140022.4,140045.06,True,False
Emergent_abstraction_ambiguity_a83b10,Emergent_carefully_clarity_0d7a6f,0.9234128738179439,140022.4,140056.74,True,False
Emergent_abstraction_ambiguity_a83b10,Emergent_abstraction_analogy_94d11e,0.9234128746552135,140022.4,140069.0,True,False
Emergent_abstraction_ambiguity_a83b10,Emergent_abstraction_analogy_a89166,0.9234128746552135,140022.4,140069.34,True,False
Emergent_abstraction_ambiguity_a83b10,Emergent_beneficence_connection_2d70cd,0.9234128744701515,140022.4,140082.75,True,False
Emergent_abstraction_ambiguity_a83b10,Emergent_analogy_autonomy_2771b0,0.9234128736696043,140022.4,140096.28,True,False
Emergent_abstraction_ambiguity_a83b10,Emergent_connection_contradiction_9a8d3a,0.9234128736336495,140022.4,140107.08,True,False
Emergent_abstraction_ambiguity_a83b10,Emergent_connection_contradiction_52dd1b,0.9234128737160887,140022.4,140107.42,True,False
Emergent_abstraction_ambiguity_a83b10,Emergent_autonomy_clarity_d6bec2,0.9234128738444087,140022.4,140120.81,True,False
Emergent_abstraction_ambiguity_a83b10,Emergent_abstraction_analogy_5aa231,0.9234128739143874,140022.4,140133.3,True,False
Emergent_abstraction_ambiguity_a83b10,Emergent_autonomy_bounded_72bafc,0.9234128739826415,140022.4,140148.57,True,False
Emergent_abstraction_ambiguity_a83b10,Emergent_appears_asymmetry_8dba4c,0.9234128639093644,140022.4,140165.34,True,False
Emergent_abstraction_ambiguity_a83b10,Emergent_appears_asymmetry_9e9e75,0.92341286391904,140022.4,140178.49,True,False
Emergent_abstraction_ambiguity_a83b10,Emergent_bounded_coherence_40a04d,0.9234128640240491,140022.4,140191.28,True,False
Emergent_abstraction_ambiguity_a83b10,Emergent_anticipation_belief_revision_33c93c,0.9234128765692391,140022.4,140205.07,True,False
Emergent_abstraction_ambiguity_a83b10,Emergent_appears_asymmetry_8ccc17,0.9234128766949234,140022.4,140219.39,True,False
Emergent_abstraction_ambiguity_a83b10,Emergent_bounded_contradiction_ae6a76,0.9234128758311331,140022.4,140235.14,True,False
Emergent_abstraction_ambiguity_a83b10,Emergent_belief_revision_constraint_06aa6f,0.9234128486930944,140022.4,140251.07,True,False
Emergent_abstraction_ambiguity_a83b10,Emergent_constraint_focused_4a6458,0.9234128487082696,140022.4,140251.41,True,False
Emergent_abstraction_ambiguity_a83b10,Emergent_anticipation_autonomy_a66f28,0.9234128824501635,140022.4,140266.4,True,False
Emergent_abstraction_ambiguity_a83b10,Emergent_autonomy_carefully_dedeae,0.9234128824501635,140022.4,140266.74,True,False
Emergent_abstraction_ambiguity_a83b10,Emergent_bounded_coherence_a2e9f5,0.9234128831992119,140022.4,140297.75,True,False
Emergent_abstraction_ambiguity_a83b10,Emergent_constraint_contradiction_97fd6d,0.9234128803635289,140022.4,140330.59,True,False
Emergent_abstraction_ambiguity_a83b10,Emergent_constraint_contradiction_8d2c9c,0.9216965078120227,140022.4,140330.93,True,False
Emergent_abstraction_ambiguity_a83b10,Emergent_anticipation_autonomy_beca79,0.9234128757775186,140022.4,140347.33,True,False
Emergent_abstraction_ambiguity_a83b10,Emergent_clarity_constraint_2bef20,0.9234128692260755,140022.4,140364.62,True,False
Emergent_abstraction_ambiguity_a83b10,Emergent_clarity_constraint_bf278c,0.9234128692260755,140022.4,140364.96,True,False
Emergent_abstraction_ambiguity_a83b10,Emergent_clarity_collective_093fe2,0.9214058395713094,140022.4,140380.94,True,False
Emergent_abstraction_ambiguity_a83b10,Emergent_autonomy_clarity_dc06c1,0.9234128573219837,140022.4,140381.28,True,False
Emergent_abstraction_ambiguity_a83b10,Emergent_clarity_ethical_4e34b8,0.9234126460559606,140022.4,140397.31,True,False
Emergent_abstraction_ambiguity_a83b10,Emergent_anticipation_belief_revision_8334e7,0.92341264699484,140022.4,140397.65,True,False
Emergent_abstraction_ambiguity_a83b10,Emergent_autonomy_boundary_346ebd,0.9234130331682073,140022.4,140487.02,True,False
Emergent_abstraction_ambiguity_a83b10,Emergent_appears_asymmetry_3bd743,0.9234129682008017,140022.4,140508.74,True,False
Emergent_abstraction_ambiguity_a83b10,Emergent_abstraction_ambiguity_824c3b,0.9234128846712799,140022.4,140546.25,True,False
Emergent_abstraction_ambiguity_a83b10,Emergent_analogy_attention_3c3dd6,0.9234128979299341,140022.4,140564.64,True,False
Emergent_abstraction_ambiguity_a83b10,Emergent_appears_asymmetry_3bcc7d,0.9234127653433919,140022.4,140584.08,True,False
Emergent_abstraction_ambiguity_a83b10,Emergent_appears_asymmetry_1f204a,0.9206330581893156,140022.4,140622.84,True,False
Emergent_abstraction_ambiguity_a83b10,Emergent_autonomy_bounded_94d9e2,0.9234118448651427,140022.4,140643.22,True,False
Emergent_abstraction_ambiguity_a83b10,Emergent_coherence_continuity_398b4b,0.9234096331236163,140022.4,140658.62,True,False
Emergent_abstraction_ambiguity_a83b10,Emergent_anticipation_belief_revision_5bbdf5,0.9234081732056165,140022.4,140677.17,True,False
Emergent_abstraction_ambiguity_a83b10,Emergent_boundary_contradiction_77a85f,0.9234148407367027,140022.4,140694.74,True,False
Emergent_abstraction_ambiguity_a83b10,Emergent_boundary_contradiction_133a24,0.9234148407367027,140022.4,140695.08,True,False
Emergent_abstraction_ambiguity_a83b10,Emergent_boundary_bounded_497fce,0.923413874764976,140022.4,140714.67,True,False
Emergent_abstraction_ambiguity_a83b10,Emergent_boundary_coherence_b7a0b8,0.9234059681714977,140022.4,140733.42,True,False
Emergent_abstraction_ambiguity_a83b10,Emergent_boundary_carefully_576a67,0.923380261624765,140022.4,140751.6,True,False
Emergent_abstraction_ambiguity_a83b10,Emergent_anticipation_boundary_af2ea2,0.9132127062859661,140022.4,140751.94,True,False
Emergent_abstraction_ambiguity_a83b10,Emergent_autonomy_belief_revision_3c3131,0.923377889711789,140022.4,140770.5,True,False
Emergent_abstraction_ambiguity_a83b10,Emergent_boundary_coherence_6b5325,0.9234416886903933,140022.4,140788.25,True,False
Emergent_abstraction_ambiguity_a83b10,Emergent_autonomy_boundary_625a34,0.9234359412534519,140022.4,140810.15,True,False
Emergent_abstraction_ambiguity_a83b10,Emergent_bounded_coupling_df3c79,0.9233992447901818,140022.4,140873.38,True,False
Emergent_abstraction_ambiguity_a83b10,Emergent_bounded_hypothesis_41336a,0.9233992447901818,140022.4,140873.72,True,False
Emergent_abstraction_ambiguity_a83b10,Emergent_autonomy_collective_461851,0.9233702470556271,140022.4,140893.96,True,False
Emergent_abstraction_ambiguity_a83b10,Emergent_constraint_ego_dissolution_a6d82d,0.9227576411112781,140022.4,140949.99,True,False
Emergent_abstraction_ambiguity_a83b10,Emergent_anticipation_belief_revision_946a18,0.9227601040361721,140022.4,140950.33,True,False
Emergent_abstraction_ambiguity_a83b10,Emergent_appears_asymmetry_ecd8f7,0.9229784242134027,140022.4,141010.53,True,False
Emergent_abstraction_ambiguity_a83b10,Emergent_anticipation_belief_revision_b7ed14,0.9235358984145432,140022.4,141029.87,True,False
Emergent_abstraction_ambiguity_a83b10,Emergent_identity_observed_39cc84,0.923536735927792,140022.4,141030.21,True,False
Emergent_abstraction_ambiguity_a83b10,Emergent_carefully_coherence_d9db0f,0.9200238981997266,140022.4,141071.79,True,False
Emergent_abstraction_ambiguity_a83b10,Emergent_carefully_coherence_247f20,0.9239475433317736,140022.4,141114.56,True,False
Emergent_abstraction_ambiguity_a83b10,Emergent_bounded_contradiction_d8e7d7,0.9206268996842772,140022.4,141157.73,True,False
Emergent_abstraction_ambiguity_a83b10,Emergent_belief_revision_bounded_6b3318,0.9216877413397737,140022.4,141158.07,True,False
Emergent_abstraction_ambiguity_a83b10,Emergent_bounded_coupling_53a5ef,0.9218895093747737,140022.4,141177.87,True,False
Emergent_abstraction_ambiguity_a83b10,Emergent_carefully_coherence_6373e7,0.9201600690747735,140022.4,141200.46,True,False
Emergent_abstraction_ambiguity_a83b10,Emergent_belief_revision_carefully_00c1f3,0.8968661011130539,140022.4,141223.53,True,False
Emergent_abstraction_ambiguity_a83b10,Emergent_boundary_carefully_70bae7,0.8642909365954272,140022.4,141333.66,True,False
Emergent_abstraction_analogy_a99238,Emergent_autonomy_cascade_d60596,0.9215340003035346,140034.11,140045.06,True,False
Emergent_abstraction_analogy_a99238,Emergent_carefully_clarity_0d7a6f,0.9215339995329839,140034.11,140056.74,True,False
Emergent_abstraction_analogy_a99238,Emergent_abstraction_analogy_94d11e,0.9215340003831125,140034.11,140069.0,True,False
Emergent_abstraction_analogy_a99238,Emergent_abstraction_analogy_a89166,0.9215340003831125,140034.11,140069.34,True,False
Emergent_abstraction_analogy_a99238,Emergent_beneficence_connection_2d70cd,0.9215340001980503,140034.11,140082.75,True,False
Emergent_abstraction_analogy_a99238,Emergent_analogy_autonomy_2771b0,0.9215339993626628,140034.11,140096.28,True,False
Emergent_abstraction_analogy_a99238,Emergent_connection_contradiction_9a8d3a,0.9215339993269718,140034.11,140107.08,True,False
Emergent_abstraction_analogy_a99238,Emergent_connection_contradiction_52dd1b,0.9215339994088063,140034.11,140107.42,True,False
Emergent_abstraction_analogy_a99238,Emergent_autonomy_clarity_d6bec2,0.9215339995906511,140034.11,140120.81,True,False
Emergent_abstraction_analogy_a99238,Emergent_abstraction_analogy_5aa231,0.9215339996605778,140034.11,140133.3,True,False
Emergent_abstraction_analogy_a99238,Emergent_autonomy_bounded_72bafc,0.9215339997287932,140034.11,140148.57,True,False
Emergent_abstraction_analogy_a99238,Emergent_appears_asymmetry_8dba4c,0.9215339896462984,140034.11,140165.34,True,False
Emergent_abstraction_analogy_a99238,Emergent_appears_asymmetry_9e9e75,0.9215339896559027,140034.11,140178.49,True,False
Emergent_abstraction_analogy_a99238,Emergent_bounded_coherence_40a04d,0.921533989760142,140034.11,140191.28,True,False
Emergent_abstraction_analogy_a99238,Emergent_anticipation_belief_revision_33c93c,0.9215340022133411,140034.11,140205.07,True,False
Emergent_abstraction_analogy_a99238,Emergent_appears_asymmetry_8ccc17,0.921534002338104,140034.11,140219.39,True,False
Emergent_abstraction_analogy_a99238,Emergent_bounded_contradiction_ae6a76,0.9215340016421301,140034.11,140235.14,True,False
Emergent_abstraction_analogy_a99238,Emergent_belief_revision_constraint_06aa6f,0.9215339744485438,140034.11,140251.07,True,False
Emergent_abstraction_analogy_a99238,Emergent_constraint_focused_4a6458,0.9215339744636746,140034.11,140251.41,True,False
Emergent_abstraction_analogy_a99238,Emergent_anticipation_autonomy_a66f28,0.9215340082917178,140034.11,140266.4,True,False
Emergent_abstraction_analogy_a99238,Emergent_autonomy_carefully_dedeae,0.9215340082917178,140034.11,140266.74,True,False
Emergent_abstraction_analogy_a99238,Emergent_bounded_coherence_a2e9f5,0.9215340090407662,140034.11,140297.75,True,False
Emergent_abstraction_analogy_a99238,Emergent_constraint_contradiction_97fd6d,0.9215340062050832,140034.11,140330.59,True,False
Emergent_abstraction_analogy_a99238,Emergent_constraint_contradiction_8d2c9c,0.9215340062050832,140034.11,140330.93,True,False
Emergent_abstraction_analogy_a99238,Emergent_anticipation_autonomy_beca79,0.9215340016190732,140034.11,140347.33,True,False
Emergent_abstraction_analogy_a99238,Emergent_clarity_constraint_2bef20,0.92153399506763,140034.11,140364.62,True,False
Emergent_abstraction_analogy_a99238,Emergent_clarity_constraint_bf278c,0.92153399506763,140034.11,140364.96,True,False
Emergent_abstraction_analogy_a99238,Emergent_clarity_collective_093fe2,0.9214058395713094,140034.11,140380.94,True,False
Emergent_abstraction_analogy_a99238,Emergent_autonomy_clarity_dc06c1,0.9215339831821994,140034.11,140381.28,True,False
Emergent_abstraction_analogy_a99238,Emergent_clarity_ethical_4e34b8,0.9215337713322276,140034.11,140397.31,True,False
Emergent_abstraction_analogy_a99238,Emergent_anticipation_belief_revision_8334e7,0.9215337722667716,140034.11,140397.65,True,False
Emergent_abstraction_analogy_a99238,Emergent_autonomy_boundary_346ebd,0.9215341599962195,140034.11,140487.02,True,False
Emergent_abstraction_analogy_a99238,Emergent_appears_asymmetry_3bd743,0.9215340950288138,140034.11,140508.74,True,False
Emergent_abstraction_analogy_a99238,Emergent_abstraction_ambiguity_824c3b,0.921534011499292,140034.11,140546.25,True,False
Emergent_abstraction_analogy_a99238,Emergent_analogy_attention_3c3dd6,0.9215340247579462,140034.11,140564.64,True,False
Emergent_abstraction_analogy_a99238,Emergent_appears_asymmetry_3bcc7d,0.921533892171404,140034.11,140584.08,True,False
Emergent_abstraction_analogy_a99238,Emergent_appears_asymmetry_1f204a,0.9206330581893156,140034.11,140622.84,True,False
Emergent_abstraction_analogy_a99238,Emergent_autonomy_bounded_94d9e2,0.921532953581579,140034.11,140643.22,True,False
Emergent_abstraction_analogy_a99238,Emergent_coherence_continuity_398b4b,0.9215307580582512,140034.11,140658.62,True,False
Emergent_abstraction_analogy_a99238,Emergent_anticipation_belief_revision_5bbdf5,0.9215293080679003,140034.11,140677.17,True,False
Emergent_abstraction_analogy_a99238,Emergent_boundary_contradiction_77a85f,0.9215360266506125,140034.11,140694.74,True,False
Emergent_abstraction_analogy_a99238,Emergent_boundary_contradiction_133a24,0.9215360266506125,140034.11,140695.08,True,False
Emergent_abstraction_analogy_a99238,Emergent_boundary_bounded_497fce,0.9215350606788859,140034.11,140714.67,True,False
Emergent_abstraction_analogy_a99238,Emergent_boundary_coherence_b7a0b8,0.9215269995651207,140034.11,140733.42,True,False
Emergent_abstraction_analogy_a99238,Emergent_boundary_carefully_576a67,0.9215014737324094,140034.11,140751.6,True,False
Emergent_abstraction_analogy_a99238,Emergent_anticipation_boundary_af2ea2,0.9132127062859661,140034.11,140751.94,True,False
Emergent_abstraction_analogy_a99238,Emergent_autonomy_belief_revision_3c3131,0.9214991088339926,140034.11,140770.5,True,False
Emergent_abstraction_analogy_a99238,Emergent_boundary_coherence_6b5325,0.9215630481786661,140034.11,140788.25,True,False
Emergent_abstraction_analogy_a99238,Emergent_autonomy_boundary_625a34,0.9215573007417248,140034.11,140810.15,True,False
Emergent_abstraction_analogy_a99238,Emergent_bounded_coupling_df3c79,0.9215206042784545,140034.11,140873.38,True,False
Emergent_abstraction_analogy_a99238,Emergent_bounded_hypothesis_41336a,0.9215206042784545,140034.11,140873.72,True,False
Emergent_abstraction_analogy_a99238,Emergent_autonomy_collective_461851,0.921491643648132,140034.11,140893.96,True,False
Emergent_abstraction_analogy_a99238,Emergent_constraint_ego_dissolution_a6d82d,0.9208779951952366,140034.11,140949.99,True,False
Emergent_abstraction_analogy_a99238,Emergent_anticipation_belief_revision_946a18,0.9208804489484121,140034.11,140950.33,True,False
Emergent_abstraction_analogy_a99238,Emergent_appears_asymmetry_ecd8f7,0.9210796735433298,140034.11,141010.53,True,False
Emergent_abstraction_analogy_a99238,Emergent_anticipation_belief_revision_b7ed14,0.9216753325873419,140034.11,141029.87,True,False
Emergent_abstraction_analogy_a99238,Emergent_identity_observed_39cc84,0.9216761639592961,140034.11,141030.21,True,False
Emergent_abstraction_analogy_a99238,Emergent_carefully_coherence_d9db0f,0.9181254024127068,140034.11,141071.79,True,False
Emergent_abstraction_analogy_a99238,Emergent_carefully_coherence_247f20,0.9221073681065779,140034.11,141114.56,True,False
Emergent_abstraction_analogy_a99238,Emergent_bounded_contradiction_d8e7d7,0.919847566114578,140034.11,141157.73,True,False
Emergent_abstraction_analogy_a99238,Emergent_belief_revision_bounded_6b3318,0.919847566114578,140034.11,141158.07,True,False
Emergent_abstraction_analogy_a99238,Emergent_bounded_coupling_53a5ef,0.9200493341495779,140034.11,141177.87,True,False
Emergent_abstraction_analogy_a99238,Emergent_carefully_coherence_6373e7,0.9183198938495778,140034.11,141200.46,True,False
Emergent_abstraction_analogy_a99238,Emergent_belief_revision_carefully_00c1f3,0.8968661011130539,140034.11,141223.53,True,False
Emergent_abstraction_analogy_a99238,Emergent_boundary_carefully_70bae7,0.861693001579287,140034.11,141333.66,True,False
Emergent_autonomy_cascade_d60596,Emergent_carefully_clarity_0d7a6f,0.9281815046811013,140045.06,140056.74,True,False
Emergent_autonomy_cascade_d60596,Emergent_abstraction_analogy_94d11e,0.928181505472607,140045.06,140069.0,True,False
Emergent_autonomy_cascade_d60596,Emergent_abstraction_analogy_a89166,0.928181505472607,140045.06,140069.34,True,False
Emergent_autonomy_cascade_d60596,Emergent_beneficence_connection_2d70cd,0.9281815052875451,140045.06,140082.75,True,False
Emergent_autonomy_cascade_d60596,Emergent_analogy_autonomy_2771b0,0.9281815046166062,140045.06,140096.28,True,False
Emergent_autonomy_cascade_d60596,Emergent_connection_contradiction_9a8d3a,0.928075085816987,140045.06,140107.08,True,False
Emergent_autonomy_cascade_d60596,Emergent_connection_contradiction_52dd1b,0.9281815046643589,140045.06,140107.42,True,False
Emergent_autonomy_cascade_d60596,Emergent_autonomy_clarity_d6bec2,0.9281815045935642,140045.06,140120.81,True,False
Emergent_autonomy_cascade_d60596,Emergent_abstraction_analogy_5aa231,0.9281815046637345,140045.06,140133.3,True,False
Emergent_autonomy_cascade_d60596,Emergent_autonomy_bounded_72bafc,0.9281815047321336,140045.06,140148.57,True,False
Emergent_autonomy_cascade_d60596,Emergent_appears_asymmetry_8dba4c,0.9281814946964027,140045.06,140165.34,True,False
Emergent_autonomy_cascade_d60596,Emergent_appears_asymmetry_9e9e75,0.9281814947063083,140045.06,140178.49,True,False
Emergent_autonomy_cascade_d60596,Emergent_bounded_coherence_40a04d,0.9281814948138194,140045.06,140191.28,True,False
Emergent_autonomy_cascade_d60596,Emergent_anticipation_belief_revision_33c93c,0.9281815076208779,140045.06,140205.07,True,False
Emergent_autonomy_cascade_d60596,Emergent_appears_asymmetry_8ccc17,0.9281815077493396,140045.06,140219.39,True,False
Emergent_autonomy_cascade_d60596,Emergent_bounded_contradiction_ae6a76,0.9281815063784646,140045.06,140235.14,True,False
Emergent_autonomy_cascade_d60596,Emergent_belief_revision_constraint_06aa6f,0.9281814794470673,140045.06,140251.07,True,False
Emergent_autonomy_cascade_d60596,Emergent_constraint_focused_4a6458,0.9281814794624064,140045.06,140251.41,True,False
Emergent_autonomy_cascade_d60596,Emergent_anticipation_autonomy_a66f28,0.9281815128838182,140045.06,140266.4,True,False
Emergent_autonomy_cascade_d60596,Emergent_autonomy_carefully_dedeae,0.9276239618585045,140045.06,140266.74,True,False
Emergent_autonomy_cascade_d60596,Emergent_bounded_coherence_a2e9f5,0.9281815136328664,140045.06,140297.75,True,False
Emergent_autonomy_cascade_d60596,Emergent_constraint_contradiction_97fd6d,0.92565842247217,140045.06,140330.59,True,False
Emergent_autonomy_cascade_d60596,Emergent_constraint_contradiction_8d2c9c,0.9216965078120227,140045.06,140330.93,True,False
Emergent_autonomy_cascade_d60596,Emergent_anticipation_autonomy_beca79,0.9281815062111733,140045.06,140347.33,True,False
Emergent_autonomy_cascade_d60596,Emergent_clarity_constraint_2bef20,0.9252994841978925,140045.06,140364.62,True,False
Emergent_autonomy_cascade_d60596,Emergent_clarity_constraint_bf278c,0.9281814996597302,140045.06,140364.96,True,False
Emergent_autonomy_cascade_d60596,Emergent_clarity_collective_093fe2,0.9214058395713094,140045.06,140380.94,True,False
Emergent_autonomy_cascade_d60596,Emergent_autonomy_clarity_dc06c1,0.9281814876862178,140045.06,140381.28,True,False
Emergent_autonomy_cascade_d60596,Emergent_clarity_ethical_4e34b8,0.9281812785925272,140045.06,140397.31,True,False
Emergent_autonomy_cascade_d60596,Emergent_anticipation_belief_revision_8334e7,0.9281812795475359,140045.06,140397.65,True,False
Emergent_autonomy_cascade_d60596,Emergent_autonomy_boundary_346ebd,0.9281816599321651,140045.06,140487.02,True,False
Emergent_autonomy_cascade_d60596,Emergent_appears_asymmetry_3bd743,0.9281815949647594,140045.06,140508.74,True,False
Emergent_autonomy_cascade_d60596,Emergent_abstraction_ambiguity_824c3b,0.9281815114352376,140045.06,140546.25,True,False
Emergent_autonomy_cascade_d60596,Emergent_analogy_attention_3c3dd6,0.9269271306741174,140045.06,140564.64,True,False
Emergent_autonomy_cascade_d60596,Emergent_appears_asymmetry_3bcc7d,0.9281813921073494,140045.06,140584.08,True,False
Emergent_autonomy_cascade_d60596,Emergent_appears_asymmetry_1f204a,0.9206330581893156,140045.06,140622.84,True,False
Emergent_autonomy_cascade_d60596,Emergent_autonomy_bounded_94d9e2,0.9281805390055351,140045.06,140643.22,True,False
Emergent_autonomy_cascade_d60596,Emergent_coherence_continuity_398b4b,0.9281782669310805,140045.06,140658.62,True,False
Emergent_autonomy_cascade_d60596,Emergent_anticipation_belief_revision_5bbdf5,0.9281767700814747,140045.06,140677.17,True,False
Emergent_autonomy_cascade_d60596,Emergent_boundary_contradiction_77a85f,0.9281832476966407,140045.06,140694.74,True,False
Emergent_autonomy_cascade_d60596,Emergent_boundary_contradiction_133a24,0.9281832476966407,140045.06,140695.08,True,False
Emergent_autonomy_cascade_d60596,Emergent_boundary_bounded_497fce,0.9281822817249139,140045.06,140714.67,True,False
Emergent_autonomy_cascade_d60596,Emergent_boundary_coherence_b7a0b8,0.928174949958618,140045.06,140733.42,True,False
Emergent_autonomy_cascade_d60596,Emergent_boundary_carefully_576a67,0.928148571142025,140045.06,140751.6,True,False
Emergent_autonomy_cascade_d60596,Emergent_anticipation_boundary_af2ea2,0.9132127062859661,140045.06,140751.94,True,False
Emergent_autonomy_cascade_d60596,Emergent_autonomy_belief_revision_3c3131,0.9281461731343574,140045.06,140770.5,True,False
Emergent_autonomy_cascade_d60596,Emergent_boundary_coherence_6b5325,0.9282094499405416,140045.06,140788.25,True,False
Emergent_autonomy_cascade_d60596,Emergent_autonomy_boundary_625a34,0.9282037025036001,140045.06,140810.15,True,False
Emergent_autonomy_cascade_d60596,Emergent_bounded_coupling_df3c79,0.92816700604033,140045.06,140873.38,True,False
Emergent_autonomy_cascade_d60596,Emergent_bounded_hypothesis_41336a,0.92816700604033,140045.06,140873.72,True,False
Emergent_autonomy_cascade_d60596,Emergent_autonomy_collective_461851,0.9281378702752181,140045.06,140893.96,True,False
Emergent_autonomy_cascade_d60596,Emergent_constraint_ego_dissolution_a6d82d,0.9275291425417038,140045.06,140949.99,True,False
Emergent_autonomy_cascade_d60596,Emergent_anticipation_belief_revision_946a18,0.9275316395860849,140045.06,140950.33,True,False
Emergent_autonomy_cascade_d60596,Emergent_appears_asymmetry_ecd8f7,0.9278209967773035,140045.06,141010.53,True,False
Emergent_autonomy_cascade_d60596,Emergent_anticipation_belief_revision_b7ed14,0.9282364204678739,140045.06,141029.87,True,False
Emergent_autonomy_cascade_d60596,Emergent_identity_observed_39cc84,0.9282372808272037,140045.06,141030.21,True,False
Emergent_autonomy_cascade_d60596,Emergent_carefully_coherence_d9db0f,0.924865522579345,140045.06,141071.79,True,False
Emergent_autonomy_cascade_d60596,Emergent_carefully_coherence_247f20,0.9269657449736299,140045.06,141114.56,True,False
Emergent_autonomy_cascade_d60596,Emergent_bounded_contradiction_d8e7d7,0.9206268996842772,140045.06,141157.73,True,False
Emergent_autonomy_cascade_d60596,Emergent_belief_revision_bounded_6b3318,0.9263124088076753,140045.06,141158.07,True,False
Emergent_autonomy_cascade_d60596,Emergent_bounded_coupling_53a5ef,0.9265141768426752,140045.06,141177.87,True,False
Emergent_autonomy_cascade_d60596,Emergent_carefully_coherence_6373e7,0.9247847365426751,140045.06,141200.46,True,False
Emergent_autonomy_cascade_d60596,Emergent_belief_revision_carefully_00c1f3,0.8968661011130539,140045.06,141223.53,True,False
Emergent_autonomy_cascade_d60596,Emergent_boundary_carefully_70bae7,0.8717345279372479,140045.06,141333.66,True,False
Emergent_carefully_clarity_0d7a6f,Emergent_abstraction_analogy_94d11e,0.9341740935719496,140056.74,140069.0,True,False
Emergent_carefully_clarity_0d7a6f,Emergent_abstraction_analogy_a89166,0.9340731624835616,140056.74,140069.34,True,False
Emergent_carefully_clarity_0d7a6f,Emergent_beneficence_connection_2d70cd,0.9341740933868874,140056.74,140082.75,True,False
Emergent_carefully_clarity_0d7a6f,Emergent_analogy_autonomy_2771b0,0.9341740929725257,140056.74,140096.28,True,False
Emergent_carefully_clarity_0d7a6f,Emergent_connection_contradiction_9a8d3a,0.928075085816987,140056.74,140107.08,True,False
Emergent_carefully_clarity_0d7a6f,Emergent_connection_contradiction_52dd1b,0.9341740930227884,140056.74,140107.42,True,False
Emergent_carefully_clarity_0d7a6f,Emergent_autonomy_clarity_d6bec2,0.9341740925578199,140056.74,140120.81,True,False
Emergent_carefully_clarity_0d7a6f,Emergent_abstraction_analogy_5aa231,0.9341740926283701,140056.74,140133.3,True,False
Emergent_carefully_clarity_0d7a6f,Emergent_autonomy_bounded_72bafc,0.9341740926970556,140056.74,140148.57,True,False
Emergent_carefully_clarity_0d7a6f,Emergent_appears_asymmetry_8dba4c,0.9341740827631426,140056.74,140165.34,True,False
Emergent_carefully_clarity_0d7a6f,Emergent_appears_asymmetry_9e9e75,0.9290836597107315,140056.74,140178.49,True,False
Emergent_carefully_clarity_0d7a6f,Emergent_bounded_coherence_40a04d,0.9341740828826219,140056.74,140191.28,True,False
Emergent_carefully_clarity_0d7a6f,Emergent_anticipation_belief_revision_33c93c,0.9341740955296645,140056.74,140205.07,True,False
Emergent_carefully_clarity_0d7a6f,Emergent_appears_asymmetry_8ccc17,0.9341740956581264,140056.74,140219.39,True,False
Emergent_carefully_clarity_0d7a6f,Emergent_bounded_contradiction_ae6a76,0.9341740942730701,140056.74,140235.14,True,False
Emergent_carefully_clarity_0d7a6f,Emergent_belief_revision_constraint_06aa6f,0.932992998643525,140056.74,140251.07,True,False
Emergent_carefully_clarity_0d7a6f,Emergent_constraint_focused_4a6458,0.9340635373050599,140056.74,140251.41,True,False
Emergent_carefully_clarity_0d7a6f,Emergent_anticipation_autonomy_a66f28,0.9294031844488884,140056.74,140266.4,True,False
Emergent_carefully_clarity_0d7a6f,Emergent_autonomy_carefully_dedeae,0.9276239618585045,140056.74,140266.74,True,False
Emergent_carefully_clarity_0d7a6f,Emergent_bounded_coherence_a2e9f5,0.933331838548916,140056.74,140297.75,True,False
Emergent_carefully_clarity_0d7a6f,Emergent_constraint_contradiction_97fd6d,0.92565842247217,140056.74,140330.59,True,False
Emergent_carefully_clarity_0d7a6f,Emergent_constraint_contradiction_8d2c9c,0.9216965078120227,140056.74,140330.93,True,False
Emergent_carefully_clarity_0d7a6f,Emergent_anticipation_autonomy_beca79,0.9327417348938813,140056.74,140347.33,True,False
Emergent_carefully_clarity_0d7a6f,Emergent_clarity_constraint_2bef20,0.9252994841978925,140056.74,140364.62,True,False
Emergent_carefully_clarity_0d7a6f,Emergent_clarity_constraint_bf278c,0.9333725292604858,140056.74,140364.96,True,False
Emergent_carefully_clarity_0d7a6f,Emergent_clarity_collective_093fe2,0.9214058395713094,140056.74,140380.94,True,False
Emergent_carefully_clarity_0d7a6f,Emergent_autonomy_clarity_dc06c1,0.9317584716616809,140056.74,140381.28,True,False
Emergent_carefully_clarity_0d7a6f,Emergent_clarity_ethical_4e34b8,0.9341738704250828,140056.74,140397.31,True,False
Emergent_carefully_clarity_0d7a6f,Emergent_anticipation_belief_revision_8334e7,0.9341738714120214,140056.74,140397.65,True,False
Emergent_carefully_clarity_0d7a6f,Emergent_autonomy_boundary_346ebd,0.934174240337089,140056.74,140487.02,True,False
Emergent_carefully_clarity_0d7a6f,Emergent_appears_asymmetry_3bd743,0.9290496123530254,140056.74,140508.74,True,False
Emergent_carefully_clarity_0d7a6f,Emergent_abstraction_ambiguity_824c3b,0.9341740918401618,140056.74,140546.25,True,False
Emergent_carefully_clarity_0d7a6f,Emergent_analogy_attention_3c3dd6,0.9269271306741174,140056.74,140564.64,True,False
Emergent_carefully_clarity_0d7a6f,Emergent_appears_asymmetry_3bcc7d,0.9320915977254782,140056.74,140584.08,True,False
Emergent_carefully_clarity_0d7a6f,Emergent_appears_asymmetry_1f204a,0.9206330581893156,140056.74,140622.84,True,False
Emergent_carefully_clarity_0d7a6f,Emergent_autonomy_bounded_94d9e2,0.9341732527908919,140056.74,140643.22,True,False
Emergent_carefully_clarity_0d7a6f,Emergent_coherence_continuity_398b4b,0.9341708612795436,140056.74,140658.62,True,False
Emergent_carefully_clarity_0d7a6f,Emergent_anticipation_belief_revision_5bbdf5,0.9341692913190107,140056.74,140677.17,True,False
Emergent_carefully_clarity_0d7a6f,Emergent_boundary_contradiction_77a85f,0.9341753929708638,140056.74,140694.74,True,False
Emergent_carefully_clarity_0d7a6f,Emergent_boundary_contradiction_133a24,0.9340152315816121,140056.74,140695.08,True,False
Emergent_carefully_clarity_0d7a6f,Emergent_boundary_bounded_497fce,0.9341744269991372,140056.74,140714.67,True,False
Emergent_carefully_clarity_0d7a6f,Emergent_boundary_coherence_b7a0b8,0.9341682331781576,140056.74,140733.42,True,False
Emergent_carefully_clarity_0d7a6f,Emergent_boundary_carefully_576a67,0.9313728412554285,140056.74,140751.6,True,False
Emergent_carefully_clarity_0d7a6f,Emergent_anticipation_boundary_af2ea2,0.9132127062859661,140056.74,140751.94,True,False
Emergent_carefully_clarity_0d7a6f,Emergent_autonomy_belief_revision_3c3131,0.9341380738502587,140056.74,140770.5,True,False
Emergent_carefully_clarity_0d7a6f,Emergent_boundary_coherence_6b5325,0.9342003169480901,140056.74,140788.25,True,False
Emergent_carefully_clarity_0d7a6f,Emergent_autonomy_boundary_625a34,0.9287759500299915,140056.74,140810.15,True,False
Emergent_carefully_clarity_0d7a6f,Emergent_bounded_coupling_df3c79,0.9341578730478783,140056.74,140873.38,True,False
Emergent_carefully_clarity_0d7a6f,Emergent_bounded_hypothesis_41336a,0.9341578730478783,140056.74,140873.72,True,False
Emergent_carefully_clarity_0d7a6f,Emergent_autonomy_collective_461851,0.9341284640332916,140056.74,140893.96,True,False
Emergent_carefully_clarity_0d7a6f,Emergent_constraint_ego_dissolution_a6d82d,0.9276930777158794,140056.74,140949.99,True,False
Emergent_carefully_clarity_0d7a6f,Emergent_anticipation_belief_revision_946a18,0.9297314273193968,140056.74,140950.33,True,False
Emergent_carefully_clarity_0d7a6f,Emergent_appears_asymmetry_ecd8f7,0.9318004159893036,140056.74,141010.53,True,False
Emergent_carefully_clarity_0d7a6f,Emergent_anticipation_belief_revision_b7ed14,0.9340941787230419,140056.74,141029.87,True,False
Emergent_carefully_clarity_0d7a6f,Emergent_identity_observed_39cc84,0.9340950843091671,140056.74,141030.21,True,False
Emergent_carefully_clarity_0d7a6f,Emergent_carefully_coherence_d9db0f,0.9300340553826028,140056.74,141071.79,True,False
Emergent_carefully_clarity_0d7a6f,Emergent_carefully_coherence_247f20,0.9269657449736299,140056.74,141114.56,True,False
Emergent_carefully_clarity_0d7a6f,Emergent_bounded_contradiction_d8e7d7,0.9206268996842772,140056.74,141157.73,True,False
Emergent_carefully_clarity_0d7a6f,Emergent_belief_revision_bounded_6b3318,0.9273001441641984,140056.74,141158.07,True,False
Emergent_carefully_clarity_0d7a6f,Emergent_bounded_coupling_53a5ef,0.9296677217627562,140056.74,141177.87,True,False
Emergent_carefully_clarity_0d7a6f,Emergent_carefully_coherence_6373e7,0.9304923307609922,140056.74,141200.46,True,False
Emergent_carefully_clarity_0d7a6f,Emergent_belief_revision_carefully_00c1f3,0.8968661011130539,140056.74,141223.53,True,False
Emergent_carefully_clarity_0d7a6f,Emergent_boundary_carefully_70bae7,0.8830225493122137,140056.74,141333.66,True,False
Emergent_abstraction_analogy_94d11e,Emergent_abstraction_analogy_a89166,0.9340731620517502,140069.0,140069.34,True,False
Emergent_abstraction_analogy_94d11e,Emergent_beneficence_connection_2d70cd,0.9354117331801239,140069.0,140082.75,True,False
Emergent_abstraction_analogy_94d11e,Emergent_analogy_autonomy_2771b0,0.935411732818753,140069.0,140096.28,True,False
Emergent_abstraction_analogy_94d11e,Emergent_connection_contradiction_9a8d3a,0.928075085816987,140069.0,140107.08,True,False
Emergent_abstraction_analogy_94d11e,Emergent_connection_contradiction_52dd1b,0.9354117328695339,140069.0,140107.42,True,False
Emergent_abstraction_analogy_94d11e,Emergent_autonomy_clarity_d6bec2,0.9348383101974722,140069.0,140120.81,True,False
Emergent_abstraction_analogy_94d11e,Emergent_abstraction_analogy_5aa231,0.9354117323937858,140069.0,140133.3,True,False
Emergent_abstraction_analogy_94d11e,Emergent_autonomy_bounded_72bafc,0.9354117324625308,140069.0,140148.57,True,False
Emergent_abstraction_analogy_94d11e,Emergent_appears_asymmetry_8dba4c,0.9354117225496459,140069.0,140165.34,True,False
Emergent_abstraction_analogy_94d11e,Emergent_appears_asymmetry_9e9e75,0.9290836597107315,140069.0,140178.49,True,False
Emergent_abstraction_analogy_94d11e,Emergent_bounded_coherence_40a04d,0.9354117226695515,140069.0,140191.28,True,False
Emergent_abstraction_analogy_94d11e,Emergent_anticipation_belief_revision_33c93c,0.9345599379586946,140069.0,140205.07,True,False
Emergent_abstraction_analogy_94d11e,Emergent_appears_asymmetry_8ccc17,0.9354117354120077,140069.0,140219.39,True,False
Emergent_abstraction_analogy_94d11e,Emergent_bounded_contradiction_ae6a76,0.9342843261662319,140069.0,140235.14,True,False
Emergent_abstraction_analogy_94d11e,Emergent_belief_revision_constraint_06aa6f,0.932992998643525,140069.0,140251.07,True,False
Emergent_abstraction_analogy_94d11e,Emergent_constraint_focused_4a6458,0.9340635373050599,140069.0,140251.41,True,False
Emergent_abstraction_analogy_94d11e,Emergent_anticipation_autonomy_a66f28,0.9294031844488884,140069.0,140266.4,True,False
Emergent_abstraction_analogy_94d11e,Emergent_autonomy_carefully_dedeae,0.9276239618585045,140069.0,140266.74,True,False
Emergent_abstraction_analogy_94d11e,Emergent_bounded_coherence_a2e9f5,0.933331838548916,140069.0,140297.75,True,False
Emergent_abstraction_analogy_94d11e,Emergent_constraint_contradiction_97fd6d,0.92565842247217,140069.0,140330.59,True,False
Emergent_abstraction_analogy_94d11e,Emergent_constraint_contradiction_8d2c9c,0.9216965078120227,140069.0,140330.93,True,False
Emergent_abstraction_analogy_94d11e,Emergent_anticipation_autonomy_beca79,0.9327417348938813,140069.0,140347.33,True,False
Emergent_abstraction_analogy_94d11e,Emergent_clarity_constraint_2bef20,0.9252994841978925,140069.0,140364.62,True,False
Emergent_abstraction_analogy_94d11e,Emergent_clarity_constraint_bf278c,0.9333725292604858,140069.0,140364.96,True,False
Emergent_abstraction_analogy_94d11e,Emergent_clarity_collective_093fe2,0.9214058395713094,140069.0,140380.94,True,False
Emergent_abstraction_analogy_94d11e,Emergent_autonomy_clarity_dc06c1,0.9317584716616809,140069.0,140381.28,True,False
Emergent_abstraction_analogy_94d11e,Emergent_clarity_ethical_4e34b8,0.935411510989334,140069.0,140397.31,True,False
Emergent_abstraction_analogy_94d11e,Emergent_anticipation_belief_revision_8334e7,0.9354115119828672,140069.0,140397.65,True,False
Emergent_abstraction_analogy_94d11e,Emergent_autonomy_boundary_346ebd,0.9354118785412096,140069.0,140487.02,True,False
Emergent_abstraction_analogy_94d11e,Emergent_appears_asymmetry_3bd743,0.9290496123530254,140069.0,140508.74,True,False
Emergent_abstraction_analogy_94d11e,Emergent_abstraction_ambiguity_824c3b,0.9354117300442824,140069.0,140546.25,True,False
Emergent_abstraction_analogy_94d11e,Emergent_analogy_attention_3c3dd6,0.9269271306741174,140069.0,140564.64,True,False
Emergent_abstraction_analogy_94d11e,Emergent_appears_asymmetry_3bcc7d,0.9320915977254782,140069.0,140584.08,True,False
Emergent_abstraction_analogy_94d11e,Emergent_appears_asymmetry_1f204a,0.9206330581893156,140069.0,140622.84,True,False
Emergent_abstraction_analogy_94d11e,Emergent_autonomy_bounded_94d9e2,0.9347193048397828,140069.0,140643.22,True,False
Emergent_abstraction_analogy_94d11e,Emergent_coherence_continuity_398b4b,0.9354085023634013,140069.0,140658.62,True,False
Emergent_abstraction_analogy_94d11e,Emergent_anticipation_belief_revision_5bbdf5,0.9354069173033837,140069.0,140677.17,True,False
Emergent_abstraction_analogy_94d11e,Emergent_boundary_contradiction_77a85f,0.9354129413081254,140069.0,140694.74,True,False
Emergent_abstraction_analogy_94d11e,Emergent_boundary_contradiction_133a24,0.9340152315816121,140069.0,140695.08,True,False
Emergent_abstraction_analogy_94d11e,Emergent_boundary_bounded_497fce,0.9348368091733201,140069.0,140714.67,True,False
Emergent_abstraction_analogy_94d11e,Emergent_boundary_coherence_b7a0b8,0.935406016533475,140069.0,140733.42,True,False
Emergent_abstraction_analogy_94d11e,Emergent_boundary_carefully_576a67,0.9313728412554285,140069.0,140751.6,True,False
Emergent_abstraction_analogy_94d11e,Emergent_anticipation_boundary_af2ea2,0.9132127062859661,140069.0,140751.94,True,False
Emergent_abstraction_analogy_94d11e,Emergent_autonomy_belief_revision_3c3131,0.9353755716792747,140069.0,140770.5,True,False
Emergent_abstraction_analogy_94d11e,Emergent_boundary_coherence_6b5325,0.934366960576007,140069.0,140788.25,True,False
Emergent_abstraction_analogy_94d11e,Emergent_autonomy_boundary_625a34,0.9287759500299915,140069.0,140810.15,True,False
Emergent_abstraction_analogy_94d11e,Emergent_bounded_coupling_df3c79,0.9353951573867345,140069.0,140873.38,True,False
Emergent_abstraction_analogy_94d11e,Emergent_bounded_hypothesis_41336a,0.9353951573867345,140069.0,140873.72,True,False
Emergent_abstraction_analogy_94d11e,Emergent_autonomy_collective_461851,0.935365691938363,140069.0,140893.96,True,False
Emergent_abstraction_analogy_94d11e,Emergent_constraint_ego_dissolution_a6d82d,0.9276930777158794,140069.0,140949.99,True,False
Emergent_abstraction_analogy_94d11e,Emergent_anticipation_belief_revision_946a18,0.9297314273193968,140069.0,140950.33,True,False
Emergent_abstraction_analogy_94d11e,Emergent_appears_asymmetry_ecd8f7,0.9318004159893036,140069.0,141010.53,True,False
Emergent_abstraction_analogy_94d11e,Emergent_anticipation_belief_revision_b7ed14,0.9352280205281425,140069.0,141029.87,True,False
Emergent_abstraction_analogy_94d11e,Emergent_identity_observed_39cc84,0.9353048872474057,140069.0,141030.21,True,False
Emergent_abstraction_analogy_94d11e,Emergent_carefully_coherence_d9db0f,0.9300340553826028,140069.0,141071.79,True,False
Emergent_abstraction_analogy_94d11e,Emergent_carefully_coherence_247f20,0.9269657449736299,140069.0,141114.56,True,False
Emergent_abstraction_analogy_94d11e,Emergent_bounded_contradiction_d8e7d7,0.9206268996842772,140069.0,141157.73,True,False
Emergent_abstraction_analogy_94d11e,Emergent_belief_revision_bounded_6b3318,0.9273001441641984,140069.0,141158.07,True,False
Emergent_abstraction_analogy_94d11e,Emergent_bounded_coupling_53a5ef,0.9296677217627562,140069.0,141177.87,True,False
Emergent_abstraction_analogy_94d11e,Emergent_carefully_coherence_6373e7,0.9316711112163036,140069.0,141200.46,True,False
Emergent_abstraction_analogy_94d11e,Emergent_belief_revision_carefully_00c1f3,0.8968661011130539,140069.0,141223.53,True,False
Emergent_abstraction_analogy_94d11e,Emergent_boundary_carefully_70bae7,0.8853538466096362,140069.0,141333.66,True,False
Emergent_abstraction_analogy_a89166,Emergent_beneficence_connection_2d70cd,0.9340731622984995,140069.34,140082.75,True,False
Emergent_abstraction_analogy_a89166,Emergent_analogy_autonomy_2771b0,0.9340731618798164,140069.34,140096.28,True,False
Emergent_abstraction_analogy_a89166,Emergent_connection_contradiction_9a8d3a,0.928075085816987,140069.34,140107.08,True,False
Emergent_abstraction_analogy_a89166,Emergent_connection_contradiction_52dd1b,0.9340731619300366,140069.34,140107.42,True,False
Emergent_abstraction_analogy_a89166,Emergent_autonomy_clarity_d6bec2,0.9340731614717073,140069.34,140120.81,True,False
Emergent_abstraction_analogy_a89166,Emergent_abstraction_analogy_5aa231,0.9340731615422508,140069.34,140133.3,True,False
Emergent_abstraction_analogy_a89166,Emergent_autonomy_bounded_72bafc,0.9340731616109317,140069.34,140148.57,True,False
Emergent_abstraction_analogy_a89166,Emergent_appears_asymmetry_8dba4c,0.9340731516753038,140069.34,140165.34,True,False
Emergent_abstraction_analogy_a89166,Emergent_appears_asymmetry_9e9e75,0.9290836597107315,140069.34,140178.49,True,False
Emergent_abstraction_analogy_a89166,Emergent_bounded_coherence_40a04d,0.9340731517947485,140069.34,140191.28,True,False
Emergent_abstraction_analogy_a89166,Emergent_anticipation_belief_revision_33c93c,0.934073164444486,140069.34,140205.07,True,False
Emergent_abstraction_analogy_a89166,Emergent_appears_asymmetry_8ccc17,0.9340731645729479,140069.34,140219.39,True,False
Emergent_abstraction_analogy_a89166,Emergent_bounded_contradiction_ae6a76,0.9340731631881305,140069.34,140235.14,True,False
Emergent_abstraction_analogy_a89166,Emergent_belief_revision_constraint_06aa6f,0.932992998643525,140069.34,140251.07,True,False
Emergent_abstraction_analogy_a89166,Emergent_constraint_focused_4a6458,0.9340635373050599,140069.34,140251.41,True,False
Emergent_abstraction_analogy_a89166,Emergent_anticipation_autonomy_a66f28,0.9294031844488884,140069.34,140266.4,True,False
Emergent_abstraction_analogy_a89166,Emergent_autonomy_carefully_dedeae,0.9276239618585045,140069.34,140266.74,True,False
Emergent_abstraction_analogy_a89166,Emergent_bounded_coherence_a2e9f5,0.933331838548916,140069.34,140297.75,True,False
Emergent_abstraction_analogy_a89166,Emergent_constraint_contradiction_97fd6d,0.92565842247217,140069.34,140330.59,True,False
Emergent_abstraction_analogy_a89166,Emergent_constraint_contradiction_8d2c9c,0.9216965078120227,140069.34,140330.93,True,False
Emergent_abstraction_analogy_a89166,Emergent_anticipation_autonomy_beca79,0.9327417348938813,140069.34,140347.33,True,False
Emergent_abstraction_analogy_a89166,Emergent_clarity_constraint_2bef20,0.9252994841978925,140069.34,140364.62,True,False
Emergent_abstraction_analogy_a89166,Emergent_clarity_constraint_bf278c,0.9333725292604858,140069.34,140364.96,True,False
Emergent_abstraction_analogy_a89166,Emergent_clarity_collective_093fe2,0.9214058395713094,140069.34,140380.94,True,False
Emergent_abstraction_analogy_a89166,Emergent_autonomy_clarity_dc06c1,0.9317584716616809,140069.34,140381.28,True,False
Emergent_abstraction_analogy_a89166,Emergent_clarity_ethical_4e34b8,0.9340729392738176,140069.34,140397.31,True,False
Emergent_abstraction_analogy_a89166,Emergent_anticipation_belief_revision_8334e7,0.9340729402602186,140069.34,140397.65,True,False
Emergent_abstraction_analogy_a89166,Emergent_autonomy_boundary_346ebd,0.9340733093782956,140069.34,140487.02,True,False
Emergent_abstraction_analogy_a89166,Emergent_appears_asymmetry_3bd743,0.9290496123530254,140069.34,140508.74,True,False
Emergent_abstraction_analogy_a89166,Emergent_abstraction_ambiguity_824c3b,0.9340731608813682,140069.34,140546.25,True,False
Emergent_abstraction_analogy_a89166,Emergent_analogy_attention_3c3dd6,0.9269271306741174,140069.34,140564.64,True,False
Emergent_abstraction_analogy_a89166,Emergent_appears_asymmetry_3bcc7d,0.9320915977254782,140069.34,140584.08,True,False
Emergent_abstraction_analogy_a89166,Emergent_appears_asymmetry_1f204a,0.9206330581893156,140069.34,140622.84,True,False
Emergent_abstraction_analogy_a89166,Emergent_autonomy_bounded_94d9e2,0.934072319585618,140069.34,140643.22,True,False
Emergent_abstraction_analogy_a89166,Emergent_coherence_continuity_398b4b,0.9340699300859039,140069.34,140658.62,True,False
Emergent_abstraction_analogy_a89166,Emergent_anticipation_belief_revision_5bbdf5,0.9340683613567529,140069.34,140677.17,True,False
Emergent_abstraction_analogy_a89166,Emergent_boundary_contradiction_77a85f,0.9340744693408265,140069.34,140694.74,True,False
Emergent_abstraction_analogy_a89166,Emergent_boundary_contradiction_133a24,0.9340152315816121,140069.34,140695.08,True,False
Emergent_abstraction_analogy_a89166,Emergent_boundary_bounded_497fce,0.9340735033690997,140069.34,140714.67,True,False
Emergent_abstraction_analogy_a89166,Emergent_boundary_coherence_b7a0b8,0.9340672903821008,140069.34,140733.42,True,False
Emergent_abstraction_analogy_a89166,Emergent_boundary_carefully_576a67,0.9313728412554285,140069.34,140751.6,True,False
Emergent_abstraction_analogy_a89166,Emergent_anticipation_boundary_af2ea2,0.9132127062859661,140069.34,140751.94,True,False
Emergent_abstraction_analogy_a89166,Emergent_autonomy_belief_revision_3c3131,0.9340371543392323,140069.34,140770.5,True,False
Emergent_abstraction_analogy_a89166,Emergent_boundary_coherence_6b5325,0.934099414847456,140069.34,140788.25,True,False
Emergent_abstraction_analogy_a89166,Emergent_autonomy_boundary_625a34,0.9287759500299915,140069.34,140810.15,True,False
Emergent_abstraction_analogy_a89166,Emergent_bounded_coupling_df3c79,0.9340569709472444,140069.34,140873.38,True,False
Emergent_abstraction_analogy_a89166,Emergent_bounded_hypothesis_41336a,0.9340569709472444,140069.34,140873.72,True,False
Emergent_abstraction_analogy_a89166,Emergent_autonomy_collective_461851,0.9340275665349038,140069.34,140893.96,True,False
Emergent_abstraction_analogy_a89166,Emergent_constraint_ego_dissolution_a6d82d,0.9276930777158794,140069.34,140949.99,True,False
Emergent_abstraction_analogy_a89166,Emergent_anticipation_belief_revision_946a18,0.9297314273193968,140069.34,140950.33,True,False
Emergent_abstraction_analogy_a89166,Emergent_appears_asymmetry_ecd8f7,0.9318004159893036,140069.34,141010.53,True,False
Emergent_abstraction_analogy_a89166,Emergent_anticipation_belief_revision_b7ed14,0.933995518527079,140069.34,141029.87,True,False
Emergent_abstraction_analogy_a89166,Emergent_identity_observed_39cc84,0.9339964233514648,140069.34,141030.21,True,False
Emergent_abstraction_analogy_a89166,Emergent_carefully_coherence_d9db0f,0.9300340553826028,140069.34,141071.79,True,False
Emergent_abstraction_analogy_a89166,Emergent_carefully_coherence_247f20,0.9269657449736299,140069.34,141114.56,True,False
Emergent_abstraction_analogy_a89166,Emergent_bounded_contradiction_d8e7d7,0.9206268996842772,140069.34,141157.73,True,False
Emergent_abstraction_analogy_a89166,Emergent_belief_revision_bounded_6b3318,0.9273001441641984,140069.34,141158.07,True,False
Emergent_abstraction_analogy_a89166,Emergent_bounded_coupling_53a5ef,0.9296677217627562,140069.34,141177.87,True,False
Emergent_abstraction_analogy_a89166,Emergent_carefully_coherence_6373e7,0.9303961997259569,140069.34,141200.46,True,False
Emergent_abstraction_analogy_a89166,Emergent_belief_revision_carefully_00c1f3,0.8968661011130539,140069.34,141223.53,True,False
Emergent_abstraction_analogy_a89166,Emergent_boundary_carefully_70bae7,0.8828324290729725,140069.34,141333.66,True,False
Emergent_beneficence_connection_2d70cd,Emergent_analogy_autonomy_2771b0,0.9358176570555419,140082.75,140096.28,True,False
Emergent_beneficence_connection_2d70cd,Emergent_connection_contradiction_9a8d3a,0.928075085816987,140082.75,140107.08,True,False
Emergent_beneficence_connection_2d70cd,Emergent_connection_contradiction_52dd1b,0.9380030327099322,140082.75,140107.42,True,False
Emergent_beneficence_connection_2d70cd,Emergent_autonomy_clarity_d6bec2,0.9348383101974722,140082.75,140120.81,True,False
Emergent_beneficence_connection_2d70cd,Emergent_abstraction_analogy_5aa231,0.9391632309616422,140082.75,140133.3,True,False
Emergent_beneficence_connection_2d70cd,Emergent_autonomy_bounded_72bafc,0.9380963098255426,140082.75,140148.57,True,False
Emergent_beneficence_connection_2d70cd,Emergent_appears_asymmetry_8dba4c,0.9396803284631425,140082.75,140165.34,True,False
Emergent_beneficence_connection_2d70cd,Emergent_appears_asymmetry_9e9e75,0.9290836597107315,140082.75,140178.49,True,False
Emergent_beneficence_connection_2d70cd,Emergent_bounded_coherence_40a04d,0.9396803285845174,140082.75,140191.28,True,False
Emergent_beneficence_connection_2d70cd,Emergent_anticipation_belief_revision_33c93c,0.9345599379586946,140082.75,140205.07,True,False
Emergent_beneficence_connection_2d70cd,Emergent_appears_asymmetry_8ccc17,0.937222373598525,140082.75,140219.39,True,False
Emergent_beneficence_connection_2d70cd,Emergent_bounded_contradiction_ae6a76,0.9342843261662319,140082.75,140235.14,True,False
Emergent_beneficence_connection_2d70cd,Emergent_belief_revision_constraint_06aa6f,0.932992998643525,140082.75,140251.07,True,False
Emergent_beneficence_connection_2d70cd,Emergent_constraint_focused_4a6458,0.9340635373050599,140082.75,140251.41,True,False
Emergent_beneficence_connection_2d70cd,Emergent_anticipation_autonomy_a66f28,0.9294031844488884,140082.75,140266.4,True,False
Emergent_beneficence_connection_2d70cd,Emergent_autonomy_carefully_dedeae,0.9276239618585045,140082.75,140266.74,True,False
Emergent_beneficence_connection_2d70cd,Emergent_bounded_coherence_a2e9f5,0.933331838548916,140082.75,140297.75,True,False
Emergent_beneficence_connection_2d70cd,Emergent_constraint_contradiction_97fd6d,0.92565842247217,140082.75,140330.59,True,False
Emergent_beneficence_connection_2d70cd,Emergent_constraint_contradiction_8d2c9c,0.9216965078120227,140082.75,140330.93,True,False
Emergent_beneficence_connection_2d70cd,Emergent_anticipation_autonomy_beca79,0.9327417348938813,140082.75,140347.33,True,False
Emergent_beneficence_connection_2d70cd,Emergent_clarity_constraint_2bef20,0.9252994841978925,140082.75,140364.62,True,False
Emergent_beneficence_connection_2d70cd,Emergent_clarity_constraint_bf278c,0.9333725292604858,140082.75,140364.96,True,False
Emergent_beneficence_connection_2d70cd,Emergent_clarity_collective_093fe2,0.9214058395713094,140082.75,140380.94,True,False
Emergent_beneficence_connection_2d70cd,Emergent_autonomy_clarity_dc06c1,0.9317584716616809,140082.75,140381.28,True,False
Emergent_beneficence_connection_2d70cd,Emergent_clarity_ethical_4e34b8,0.935863950125257,140082.75,140397.31,True,False
Emergent_beneficence_connection_2d70cd,Emergent_anticipation_belief_revision_8334e7,0.9396801206015728,140082.75,140397.65,True,False
Emergent_beneficence_connection_2d70cd,Emergent_autonomy_boundary_346ebd,0.9372246217305804,140082.75,140487.02,True,False
Emergent_beneficence_connection_2d70cd,Emergent_appears_asymmetry_3bd743,0.9290496123530254,140082.75,140508.74,True,False
Emergent_beneficence_connection_2d70cd,Emergent_abstraction_ambiguity_824c3b,0.936278681912845,140082.75,140546.25,True,False
Emergent_beneficence_connection_2d70cd,Emergent_analogy_attention_3c3dd6,0.9269271306741174,140082.75,140564.64,True,False
Emergent_beneficence_connection_2d70cd,Emergent_appears_asymmetry_3bcc7d,0.9320915977254782,140082.75,140584.08,True,False
Emergent_beneficence_connection_2d70cd,Emergent_appears_asymmetry_1f204a,0.9206330581893156,140082.75,140622.84,True,False
Emergent_beneficence_connection_2d70cd,Emergent_autonomy_bounded_94d9e2,0.9347193048397828,140082.75,140643.22,True,False
Emergent_beneficence_connection_2d70cd,Emergent_coherence_continuity_398b4b,0.9379250368419403,140082.75,140658.62,True,False
Emergent_beneficence_connection_2d70cd,Emergent_anticipation_belief_revision_5bbdf5,0.9396755084692852,140082.75,140677.17,True,False
Emergent_beneficence_connection_2d70cd,Emergent_boundary_contradiction_77a85f,0.939681264667938,140082.75,140694.74,True,False
Emergent_beneficence_connection_2d70cd,Emergent_boundary_contradiction_133a24,0.9340152315816121,140082.75,140695.08,True,False
Emergent_beneficence_connection_2d70cd,Emergent_boundary_bounded_497fce,0.9348368091733201,140082.75,140714.67,True,False
Emergent_beneficence_connection_2d70cd,Emergent_boundary_coherence_b7a0b8,0.9396751504741987,140082.75,140733.42,True,False
Emergent_beneficence_connection_2d70cd,Emergent_boundary_carefully_576a67,0.9313728412554285,140082.75,140751.6,True,False
Emergent_beneficence_connection_2d70cd,Emergent_anticipation_boundary_af2ea2,0.9132127062859661,140082.75,140751.94,True,False
Emergent_beneficence_connection_2d70cd,Emergent_autonomy_belief_revision_3c3131,0.9391597864299492,140082.75,140770.5,True,False
Emergent_beneficence_connection_2d70cd,Emergent_boundary_coherence_6b5325,0.934366960576007,140082.75,140788.25,True,False
Emergent_beneficence_connection_2d70cd,Emergent_autonomy_boundary_625a34,0.9287759500299915,140082.75,140810.15,True,False
Emergent_beneficence_connection_2d70cd,Emergent_bounded_coupling_df3c79,0.9379845231208765,140082.75,140873.38,True,False
Emergent_beneficence_connection_2d70cd,Emergent_bounded_hypothesis_41336a,0.9355268172059148,140082.75,140873.72,True,False
Emergent_beneficence_connection_2d70cd,Emergent_autonomy_collective_461851,0.9364057127025067,140082.75,140893.96,True,False
Emergent_beneficence_connection_2d70cd,Emergent_constraint_ego_dissolution_a6d82d,0.9276930777158794,140082.75,140949.99,True,False
Emergent_beneficence_connection_2d70cd,Emergent_anticipation_belief_revision_946a18,0.9297314273193968,140082.75,140950.33,True,False
Emergent_beneficence_connection_2d70cd,Emergent_appears_asymmetry_ecd8f7,0.9318004159893036,140082.75,141010.53,True,False
Emergent_beneficence_connection_2d70cd,Emergent_anticipation_belief_revision_b7ed14,0.9352280205281425,140082.75,141029.87,True,False
Emergent_beneficence_connection_2d70cd,Emergent_identity_observed_39cc84,0.9394775162967735,140082.75,141030.21,True,False
Emergent_beneficence_connection_2d70cd,Emergent_carefully_coherence_d9db0f,0.9300340553826028,140082.75,141071.79,True,False
Emergent_beneficence_connection_2d70cd,Emergent_carefully_coherence_247f20,0.9269657449736299,140082.75,141114.56,True,False
Emergent_beneficence_connection_2d70cd,Emergent_bounded_contradiction_d8e7d7,0.9206268996842772,140082.75,141157.73,True,False
Emergent_beneficence_connection_2d70cd,Emergent_belief_revision_bounded_6b3318,0.9273001441641984,140082.75,141158.07,True,False
Emergent_beneficence_connection_2d70cd,Emergent_bounded_coupling_53a5ef,0.9296677217627562,140082.75,141177.87,True,False
Emergent_beneficence_connection_2d70cd,Emergent_carefully_coherence_6373e7,0.9350411681104276,140082.75,141200.46,True,False
Emergent_beneficence_connection_2d70cd,Emergent_belief_revision_carefully_00c1f3,0.8968661011130539,140082.75,141223.53,True,False
Emergent_beneficence_connection_2d70cd,Emergent_boundary_carefully_70bae7,0.8933945270530981,140082.75,141333.66,True,False
Emergent_analogy_autonomy_2771b0,Emergent_connection_contradiction_9a8d3a,0.9280750849486001,140096.28,140107.08,True,False
Emergent_analogy_autonomy_2771b0,Emergent_connection_contradiction_52dd1b,0.9358176561790716,140096.28,140107.42,True,False
Emergent_analogy_autonomy_2771b0,Emergent_autonomy_clarity_d6bec2,0.9348383101974722,140096.28,140120.81,True,False
Emergent_analogy_autonomy_2771b0,Emergent_abstraction_analogy_5aa231,0.9358176566040701,140096.28,140133.3,True,False
Emergent_analogy_autonomy_2771b0,Emergent_autonomy_bounded_72bafc,0.9358176566728345,140096.28,140148.57,True,False
Emergent_analogy_autonomy_2771b0,Emergent_appears_asymmetry_8dba4c,0.9358176467668464,140096.28,140165.34,True,False
Emergent_analogy_autonomy_2771b0,Emergent_appears_asymmetry_9e9e75,0.9290836597107315,140096.28,140178.49,True,False
Emergent_analogy_autonomy_2771b0,Emergent_bounded_coherence_40a04d,0.9358176468868917,140096.28,140191.28,True,False
Emergent_analogy_autonomy_2771b0,Emergent_anticipation_belief_revision_33c93c,0.9345599379586946,140096.28,140205.07,True,False
Emergent_analogy_autonomy_2771b0,Emergent_appears_asymmetry_8ccc17,0.935817659618509,140096.28,140219.39,True,False
Emergent_analogy_autonomy_2771b0,Emergent_bounded_contradiction_ae6a76,0.9342843261662319,140096.28,140235.14,True,False
Emergent_analogy_autonomy_2771b0,Emergent_belief_revision_constraint_06aa6f,0.932992998643525,140096.28,140251.07,True,False
Emergent_analogy_autonomy_2771b0,Emergent_constraint_focused_4a6458,0.9340635373050599,140096.28,140251.41,True,False
Emergent_analogy_autonomy_2771b0,Emergent_anticipation_autonomy_a66f28,0.9294031844488884,140096.28,140266.4,True,False
Emergent_analogy_autonomy_2771b0,Emergent_autonomy_carefully_dedeae,0.9276239618585045,140096.28,140266.74,True,False
Emergent_analogy_autonomy_2771b0,Emergent_bounded_coherence_a2e9f5,0.933331838548916,140096.28,140297.75,True,False
Emergent_analogy_autonomy_2771b0,Emergent_constraint_contradiction_97fd6d,0.92565842247217,140096.28,140330.59,True,False
Emergent_analogy_autonomy_2771b0,Emergent_constraint_contradiction_8d2c9c,0.9216965078120227,140096.28,140330.93,True,False
Emergent_analogy_autonomy_2771b0,Emergent_anticipation_autonomy_beca79,0.9327417348938813,140096.28,140347.33,True,False
Emergent_analogy_autonomy_2771b0,Emergent_clarity_constraint_2bef20,0.9252994841978925,140096.28,140364.62,True,False
Emergent_analogy_autonomy_2771b0,Emergent_clarity_constraint_bf278c,0.9333725292604858,140096.28,140364.96,True,False
Emergent_analogy_autonomy_2771b0,Emergent_clarity_collective_093fe2,0.9214058395713094,140096.28,140380.94,True,False
Emergent_analogy_autonomy_2771b0,Emergent_autonomy_clarity_dc06c1,0.9317584716616809,140096.28,140381.28,True,False
Emergent_analogy_autonomy_2771b0,Emergent_clarity_ethical_4e34b8,0.9358174354616224,140096.28,140397.31,True,False
Emergent_analogy_autonomy_2771b0,Emergent_anticipation_belief_revision_8334e7,0.9358174364573182,140096.28,140397.65,True,False
Emergent_analogy_autonomy_2771b0,Emergent_autonomy_boundary_346ebd,0.9358178022394164,140096.28,140487.02,True,False
Emergent_analogy_autonomy_2771b0,Emergent_appears_asymmetry_3bd743,0.9290496123530254,140096.28,140508.74,True,False
Emergent_analogy_autonomy_2771b0,Emergent_abstraction_ambiguity_824c3b,0.9358176537424889,140096.28,140546.25,True,False
Emergent_analogy_autonomy_2771b0,Emergent_analogy_attention_3c3dd6,0.9269271306741174,140096.28,140564.64,True,False
Emergent_analogy_autonomy_2771b0,Emergent_appears_asymmetry_3bcc7d,0.9320915977254782,140096.28,140584.08,True,False
Emergent_analogy_autonomy_2771b0,Emergent_appears_asymmetry_1f204a,0.9206330581893156,140096.28,140622.84,True,False
Emergent_analogy_autonomy_2771b0,Emergent_autonomy_bounded_94d9e2,0.9347193048397828,140096.28,140643.22,True,False
Emergent_analogy_autonomy_2771b0,Emergent_coherence_continuity_398b4b,0.9358144270061115,140096.28,140658.62,True,False
Emergent_analogy_autonomy_2771b0,Emergent_anticipation_belief_revision_5bbdf5,0.9358128369937266,140096.28,140677.17,True,False
Emergent_analogy_autonomy_2771b0,Emergent_boundary_contradiction_77a85f,0.9358188355315731,140096.28,140694.74,True,False
Emergent_analogy_autonomy_2771b0,Emergent_boundary_contradiction_133a24,0.9340152315816121,140096.28,140695.08,True,False
Emergent_analogy_autonomy_2771b0,Emergent_boundary_bounded_497fce,0.9348368091733201,140096.28,140714.67,True,False
Emergent_analogy_autonomy_2771b0,Emergent_boundary_coherence_b7a0b8,0.9358119878387372,140096.28,140733.42,True,False
Emergent_analogy_autonomy_2771b0,Emergent_boundary_carefully_576a67,0.9313728412554285,140096.28,140751.6,True,False
Emergent_analogy_autonomy_2771b0,Emergent_anticipation_boundary_af2ea2,0.9132127062859661,140096.28,140751.94,True,False
Emergent_analogy_autonomy_2771b0,Emergent_autonomy_belief_revision_3c3131,0.9357814493369006,140096.28,140770.5,True,False
Emergent_analogy_autonomy_2771b0,Emergent_boundary_coherence_6b5325,0.934366960576007,140096.28,140788.25,True,False
Emergent_analogy_autonomy_2771b0,Emergent_autonomy_boundary_625a34,0.9287759500299915,140096.28,140810.15,True,False
Emergent_analogy_autonomy_2771b0,Emergent_bounded_coupling_df3c79,0.9358009650233197,140096.28,140873.38,True,False
Emergent_analogy_autonomy_2771b0,Emergent_bounded_hypothesis_41336a,0.9355268172059148,140096.28,140873.72,True,False
Emergent_analogy_autonomy_2771b0,Emergent_autonomy_collective_461851,0.9357714810656534,140096.28,140893.96,True,False
Emergent_analogy_autonomy_2771b0,Emergent_constraint_ego_dissolution_a6d82d,0.9276930777158794,140096.28,140949.99,True,False
Emergent_analogy_autonomy_2771b0,Emergent_anticipation_belief_revision_946a18,0.9297314273193968,140096.28,140950.33,True,False
Emergent_analogy_autonomy_2771b0,Emergent_appears_asymmetry_ecd8f7,0.9318004159893036,140096.28,141010.53,True,False
Emergent_analogy_autonomy_2771b0,Emergent_anticipation_belief_revision_b7ed14,0.9352280205281425,140096.28,141029.87,True,False
Emergent_analogy_autonomy_2771b0,Emergent_identity_observed_39cc84,0.9357016814649373,140096.28,141030.21,True,False
Emergent_analogy_autonomy_2771b0,Emergent_carefully_coherence_d9db0f,0.9300340553826028,140096.28,141071.79,True,False
Emergent_analogy_autonomy_2771b0,Emergent_carefully_coherence_247f20,0.9269657449736299,140096.28,141114.56,True,False
Emergent_analogy_autonomy_2771b0,Emergent_bounded_contradiction_d8e7d7,0.9206268996842772,140096.28,141157.73,True,False
Emergent_analogy_autonomy_2771b0,Emergent_belief_revision_bounded_6b3318,0.9273001441641984,140096.28,141158.07,True,False
Emergent_analogy_autonomy_2771b0,Emergent_bounded_coupling_53a5ef,0.9296677217627562,140096.28,141177.87,True,False
Emergent_analogy_autonomy_2771b0,Emergent_carefully_coherence_6373e7,0.9320577306016786,140096.28,141200.46,True,False
Emergent_analogy_autonomy_2771b0,Emergent_belief_revision_carefully_00c1f3,0.8968661011130539,140096.28,141223.53,True,False
Emergent_analogy_autonomy_2771b0,Emergent_boundary_carefully_70bae7,0.8861184713743198,140096.28,141333.66,True,False
Emergent_connection_contradiction_9a8d3a,Emergent_connection_contradiction_52dd1b,0.928075084996308,140107.08,140107.42,True,False
Emergent_connection_contradiction_9a8d3a,Emergent_autonomy_clarity_d6bec2,0.9280750858378011,140107.08,140120.81,True,False
Emergent_connection_contradiction_9a8d3a,Emergent_abstraction_analogy_5aa231,0.9280750859079647,140107.08,140133.3,True,False
Emergent_connection_contradiction_9a8d3a,Emergent_autonomy_bounded_72bafc,0.9280750859763587,140107.08,140148.57,True,False
Emergent_connection_contradiction_9a8d3a,Emergent_appears_asymmetry_8dba4c,0.9280750759388194,140107.08,140165.34,True,False
Emergent_connection_contradiction_9a8d3a,Emergent_appears_asymmetry_9e9e75,0.9280750759487222,140107.08,140178.49,True,False
Emergent_connection_contradiction_9a8d3a,Emergent_bounded_coherence_40a04d,0.9280750760561995,140107.08,140191.28,True,False
Emergent_connection_contradiction_9a8d3a,Emergent_anticipation_belief_revision_33c93c,0.9280750888660998,140107.08,140205.07,True,False
Emergent_connection_contradiction_9a8d3a,Emergent_appears_asymmetry_8ccc17,0.9280750889945617,140107.08,140219.39,True,False
Emergent_connection_contradiction_9a8d3a,Emergent_bounded_contradiction_ae6a76,0.9280750876239385,140107.08,140235.14,True,False
Emergent_connection_contradiction_9a8d3a,Emergent_belief_revision_constraint_06aa6f,0.9280750606852766,140107.08,140251.07,True,False
Emergent_connection_contradiction_9a8d3a,Emergent_constraint_focused_4a6458,0.9280750607006099,140107.08,140251.41,True,False
Emergent_connection_contradiction_9a8d3a,Emergent_anticipation_autonomy_a66f28,0.9280750941332885,140107.08,140266.4,True,False
Emergent_connection_contradiction_9a8d3a,Emergent_autonomy_carefully_dedeae,0.9276239618585045,140107.08,140266.74,True,False
Emergent_connection_contradiction_9a8d3a,Emergent_bounded_coherence_a2e9f5,0.9280750948823366,140107.08,140297.75,True,False
Emergent_connection_contradiction_9a8d3a,Emergent_constraint_contradiction_97fd6d,0.92565842247217,140107.08,140330.59,True,False
Emergent_connection_contradiction_9a8d3a,Emergent_constraint_contradiction_8d2c9c,0.9216965078120227,140107.08,140330.93,True,False
Emergent_connection_contradiction_9a8d3a,Emergent_anticipation_autonomy_beca79,0.9280750874606436,140107.08,140347.33,True,False
Emergent_connection_contradiction_9a8d3a,Emergent_clarity_constraint_2bef20,0.9252994841978925,140107.08,140364.62,True,False
Emergent_connection_contradiction_9a8d3a,Emergent_clarity_constraint_bf278c,0.9280750809092004,140107.08,140364.96,True,False
Emergent_connection_contradiction_9a8d3a,Emergent_clarity_collective_093fe2,0.9214058395713094,140107.08,140380.94,True,False
Emergent_connection_contradiction_9a8d3a,Emergent_autonomy_clarity_dc06c1,0.9280750689381285,140107.08,140381.28,True,False
Emergent_connection_contradiction_9a8d3a,Emergent_clarity_ethical_4e34b8,0.9280748597680692,140107.08,140397.31,True,False
Emergent_connection_contradiction_9a8d3a,Emergent_anticipation_belief_revision_8334e7,0.9280748607225109,140107.08,140397.65,True,False
Emergent_connection_contradiction_9a8d3a,Emergent_autonomy_boundary_346ebd,0.9280752413106435,140107.08,140487.02,True,False
Emergent_connection_contradiction_9a8d3a,Emergent_appears_asymmetry_3bd743,0.928075176343238,140107.08,140508.74,True,False
Emergent_connection_contradiction_9a8d3a,Emergent_abstraction_ambiguity_824c3b,0.9280750928137163,140107.08,140546.25,True,False
Emergent_connection_contradiction_9a8d3a,Emergent_analogy_attention_3c3dd6,0.9269271306741174,140107.08,140564.64,True,False
Emergent_connection_contradiction_9a8d3a,Emergent_appears_asymmetry_3bcc7d,0.928074973485828,140107.08,140584.08,True,False
Emergent_connection_contradiction_9a8d3a,Emergent_appears_asymmetry_1f204a,0.9206330581893156,140107.08,140622.84,True,False
Emergent_connection_contradiction_9a8d3a,Emergent_autonomy_bounded_94d9e2,0.9280741180153911,140107.08,140643.22,True,False
Emergent_connection_contradiction_9a8d3a,Emergent_coherence_continuity_398b4b,0.9280718480619443,140107.08,140658.62,True,False
Emergent_connection_contradiction_9a8d3a,Emergent_anticipation_belief_revision_5bbdf5,0.9280703525106713,140107.08,140677.17,True,False
Emergent_connection_contradiction_9a8d3a,Emergent_boundary_contradiction_77a85f,0.9280768368023429,140107.08,140694.74,True,False
Emergent_connection_contradiction_9a8d3a,Emergent_boundary_contradiction_133a24,0.9280768368023429,140107.08,140695.08,True,False
Emergent_connection_contradiction_9a8d3a,Emergent_boundary_bounded_497fce,0.9280758708306163,140107.08,140714.67,True,False
Emergent_connection_contradiction_9a8d3a,Emergent_boundary_coherence_b7a0b8,0.9280685188562356,140107.08,140733.42,True,False
Emergent_connection_contradiction_9a8d3a,Emergent_boundary_carefully_576a67,0.9280421636733307,140107.08,140751.6,True,False
Emergent_connection_contradiction_9a8d3a,Emergent_anticipation_boundary_af2ea2,0.9132127062859661,140107.08,140751.94,True,False
Emergent_connection_contradiction_9a8d3a,Emergent_autonomy_belief_revision_3c3131,0.9280397665830233,140107.08,140770.5,True,False
Emergent_connection_contradiction_9a8d3a,Emergent_boundary_coherence_6b5325,0.9281030617462107,140107.08,140788.25,True,False
Emergent_connection_contradiction_9a8d3a,Emergent_autonomy_boundary_625a34,0.9280973143092694,140107.08,140810.15,True,False
Emergent_connection_contradiction_9a8d3a,Emergent_bounded_coupling_df3c79,0.9280606178459991,140107.08,140873.38,True,False
Emergent_connection_contradiction_9a8d3a,Emergent_bounded_hypothesis_41336a,0.9280606178459991,140107.08,140873.72,True,False
Emergent_connection_contradiction_9a8d3a,Emergent_autonomy_collective_461851,0.9280314869333601,140107.08,140893.96,True,False
Emergent_connection_contradiction_9a8d3a,Emergent_constraint_ego_dissolution_a6d82d,0.9274226228611075,140107.08,140949.99,True,False
Emergent_connection_contradiction_9a8d3a,Emergent_anticipation_belief_revision_946a18,0.9274251187060158,140107.08,140950.33,True,False
Emergent_connection_contradiction_9a8d3a,Emergent_appears_asymmetry_ecd8f7,0.9277119785866794,140107.08,141010.53,True,False
Emergent_connection_contradiction_9a8d3a,Emergent_anticipation_belief_revision_b7ed14,0.9281323960716039,140107.08,141029.87,True,False
Emergent_connection_contradiction_9a8d3a,Emergent_identity_observed_39cc84,0.9281332556277784,140107.08,141030.21,True,False
Emergent_connection_contradiction_9a8d3a,Emergent_carefully_coherence_d9db0f,0.9247565377221973,140107.08,141071.79,True,False
Emergent_connection_contradiction_9a8d3a,Emergent_carefully_coherence_247f20,0.9269657449736299,140107.08,141114.56,True,False
Emergent_connection_contradiction_9a8d3a,Emergent_bounded_contradiction_d8e7d7,0.9206268996842772,140107.08,141157.73,True,False
Emergent_connection_contradiction_9a8d3a,Emergent_belief_revision_bounded_6b3318,0.9262110510839778,140107.08,141158.07,True,False
Emergent_connection_contradiction_9a8d3a,Emergent_bounded_coupling_53a5ef,0.9264128191189778,140107.08,141177.87,True,False
Emergent_connection_contradiction_9a8d3a,Emergent_carefully_coherence_6373e7,0.9246833788189777,140107.08,141200.46,True,False
Emergent_connection_contradiction_9a8d3a,Emergent_belief_revision_carefully_00c1f3,0.8968661011130539,140107.08,141223.53,True,False
Emergent_connection_contradiction_9a8d3a,Emergent_boundary_carefully_70bae7,0.8715340707730119,140107.08,141333.66,True,False
Emergent_connection_contradiction_52dd1b,Emergent_autonomy_clarity_d6bec2,0.9348383101974722,140107.42,140120.81,True,False
Emergent_connection_contradiction_52dd1b,Emergent_abstraction_analogy_5aa231,0.938003032162628,140107.42,140133.3,True,False
Emergent_connection_contradiction_52dd1b,Emergent_autonomy_bounded_72bafc,0.938003032231497,140107.42,140148.57,True,False
Emergent_connection_contradiction_52dd1b,Emergent_appears_asymmetry_8dba4c,0.9380030223626401,140107.42,140165.34,True,False
Emergent_connection_contradiction_52dd1b,Emergent_appears_asymmetry_9e9e75,0.9290836597107315,140107.42,140178.49,True,False
Emergent_connection_contradiction_52dd1b,Emergent_bounded_coherence_40a04d,0.9380030224834377,140107.42,140191.28,True,False
Emergent_connection_contradiction_52dd1b,Emergent_anticipation_belief_revision_33c93c,0.9345599379586946,140107.42,140205.07,True,False
Emergent_connection_contradiction_52dd1b,Emergent_appears_asymmetry_8ccc17,0.937222373598525,140107.42,140219.39,True,False
Emergent_connection_contradiction_52dd1b,Emergent_bounded_contradiction_ae6a76,0.9342843261662319,140107.42,140235.14,True,False
Emergent_connection_contradiction_52dd1b,Emergent_belief_revision_constraint_06aa6f,0.932992998643525,140107.42,140251.07,True,False
Emergent_connection_contradiction_52dd1b,Emergent_constraint_focused_4a6458,0.9340635373050599,140107.42,140251.41,True,False
Emergent_connection_contradiction_52dd1b,Emergent_anticipation_autonomy_a66f28,0.9294031844488884,140107.42,140266.4,True,False
Emergent_connection_contradiction_52dd1b,Emergent_autonomy_carefully_dedeae,0.9276239618585045,140107.42,140266.74,True,False
Emergent_connection_contradiction_52dd1b,Emergent_bounded_coherence_a2e9f5,0.933331838548916,140107.42,140297.75,True,False
Emergent_connection_contradiction_52dd1b,Emergent_constraint_contradiction_97fd6d,0.92565842247217,140107.42,140330.59,True,False
Emergent_connection_contradiction_52dd1b,Emergent_constraint_contradiction_8d2c9c,0.9216965078120227,140107.42,140330.93,True,False
Emergent_connection_contradiction_52dd1b,Emergent_anticipation_autonomy_beca79,0.9327417348938813,140107.42,140347.33,True,False
Emergent_connection_contradiction_52dd1b,Emergent_clarity_constraint_2bef20,0.9252994841978925,140107.42,140364.62,True,False
Emergent_connection_contradiction_52dd1b,Emergent_clarity_constraint_bf278c,0.9333725292604858,140107.42,140364.96,True,False
Emergent_connection_contradiction_52dd1b,Emergent_clarity_collective_093fe2,0.9214058395713094,140107.42,140380.94,True,False
Emergent_connection_contradiction_52dd1b,Emergent_autonomy_clarity_dc06c1,0.9317584716616809,140107.42,140381.28,True,False
Emergent_connection_contradiction_52dd1b,Emergent_clarity_ethical_4e34b8,0.935863950125257,140107.42,140397.31,True,False
Emergent_connection_contradiction_52dd1b,Emergent_anticipation_belief_revision_8334e7,0.9380028134380796,140107.42,140397.65,True,False
Emergent_connection_contradiction_52dd1b,Emergent_autonomy_boundary_346ebd,0.9372246217305804,140107.42,140487.02,True,False
Emergent_connection_contradiction_52dd1b,Emergent_appears_asymmetry_3bd743,0.9290496123530254,140107.42,140508.74,True,False
Emergent_connection_contradiction_52dd1b,Emergent_abstraction_ambiguity_824c3b,0.936278681912845,140107.42,140546.25,True,False
Emergent_connection_contradiction_52dd1b,Emergent_analogy_attention_3c3dd6,0.9269271306741174,140107.42,140564.64,True,False
Emergent_connection_contradiction_52dd1b,Emergent_appears_asymmetry_3bcc7d,0.9320915977254782,140107.42,140584.08,True,False
Emergent_connection_contradiction_52dd1b,Emergent_appears_asymmetry_1f204a,0.9206330581893156,140107.42,140622.84,True,False
Emergent_connection_contradiction_52dd1b,Emergent_autonomy_bounded_94d9e2,0.9347193048397828,140107.42,140643.22,True,False
Emergent_connection_contradiction_52dd1b,Emergent_coherence_continuity_398b4b,0.9379250368419403,140107.42,140658.62,True,False
Emergent_connection_contradiction_52dd1b,Emergent_anticipation_belief_revision_5bbdf5,0.9379981989362238,140107.42,140677.17,True,False
Emergent_connection_contradiction_52dd1b,Emergent_boundary_contradiction_77a85f,0.938004060367186,140107.42,140694.74,True,False
Emergent_connection_contradiction_52dd1b,Emergent_boundary_contradiction_133a24,0.9340152315816121,140107.42,140695.08,True,False
Emergent_connection_contradiction_52dd1b,Emergent_boundary_bounded_497fce,0.9348368091733201,140107.42,140714.67,True,False
Emergent_connection_contradiction_52dd1b,Emergent_boundary_coherence_b7a0b8,0.9379976276620134,140107.42,140733.42,True,False
Emergent_connection_contradiction_52dd1b,Emergent_boundary_carefully_576a67,0.9313728412554285,140107.42,140751.6,True,False
Emergent_connection_contradiction_52dd1b,Emergent_anticipation_boundary_af2ea2,0.9132127062859661,140107.42,140751.94,True,False
Emergent_connection_contradiction_52dd1b,Emergent_autonomy_belief_revision_3c3131,0.9379665849866052,140107.42,140770.5,True,False
Emergent_connection_contradiction_52dd1b,Emergent_boundary_coherence_6b5325,0.934366960576007,140107.42,140788.25,True,False
Emergent_connection_contradiction_52dd1b,Emergent_autonomy_boundary_625a34,0.9287759500299915,140107.42,140810.15,True,False
Emergent_connection_contradiction_52dd1b,Emergent_bounded_coupling_df3c79,0.9379845231208765,140107.42,140873.38,True,False
Emergent_connection_contradiction_52dd1b,Emergent_bounded_hypothesis_41336a,0.9355268172059148,140107.42,140873.72,True,False
Emergent_connection_contradiction_52dd1b,Emergent_autonomy_collective_461851,0.9364057127025067,140107.42,140893.96,True,False
Emergent_connection_contradiction_52dd1b,Emergent_constraint_ego_dissolution_a6d82d,0.9276930777158794,140107.42,140949.99,True,False
Emergent_connection_contradiction_52dd1b,Emergent_anticipation_belief_revision_946a18,0.9297314273193968,140107.42,140950.33,True,False
Emergent_connection_contradiction_52dd1b,Emergent_appears_asymmetry_ecd8f7,0.9318004159893036,140107.42,141010.53,True,False
Emergent_connection_contradiction_52dd1b,Emergent_anticipation_belief_revision_b7ed14,0.9352280205281425,140107.42,141029.87,True,False
Emergent_connection_contradiction_52dd1b,Emergent_identity_observed_39cc84,0.937837914327313,140107.42,141030.21,True,False
Emergent_connection_contradiction_52dd1b,Emergent_carefully_coherence_d9db0f,0.9300340553826028,140107.42,141071.79,True,False
Emergent_connection_contradiction_52dd1b,Emergent_carefully_coherence_247f20,0.9269657449736299,140107.42,141114.56,True,False
Emergent_connection_contradiction_52dd1b,Emergent_bounded_contradiction_d8e7d7,0.9206268996842772,140107.42,141157.73,True,False
Emergent_connection_contradiction_52dd1b,Emergent_belief_revision_bounded_6b3318,0.9273001441641984,140107.42,141158.07,True,False
Emergent_connection_contradiction_52dd1b,Emergent_bounded_coupling_53a5ef,0.9296677217627562,140107.42,141177.87,True,False
Emergent_connection_contradiction_52dd1b,Emergent_carefully_coherence_6373e7,0.9341391849167333,140107.42,141200.46,True,False
Emergent_connection_contradiction_52dd1b,Emergent_belief_revision_carefully_00c1f3,0.8968661011130539,140107.42,141223.53,True,False
Emergent_connection_contradiction_52dd1b,Emergent_boundary_carefully_70bae7,0.8902350045230762,140107.42,141333.66,True,False
Emergent_autonomy_clarity_d6bec2,Emergent_abstraction_analogy_5aa231,0.9348383087716468,140120.81,140133.3,True,False
Emergent_autonomy_clarity_d6bec2,Emergent_autonomy_bounded_72bafc,0.934838308840364,140120.81,140148.57,True,False
Emergent_autonomy_clarity_d6bec2,Emergent_appears_asymmetry_8dba4c,0.9348383000421556,140120.81,140165.34,True,False
Emergent_autonomy_clarity_d6bec2,Emergent_appears_asymmetry_9e9e75,0.9290836593564753,140120.81,140178.49,True,False
Emergent_autonomy_clarity_d6bec2,Emergent_bounded_coherence_40a04d,0.9348383001618639,140120.81,140191.28,True,False
Emergent_autonomy_clarity_d6bec2,Emergent_anticipation_belief_revision_33c93c,0.9345599379586946,140120.81,140205.07,True,False
Emergent_autonomy_clarity_d6bec2,Emergent_appears_asymmetry_8ccc17,0.9348383132916303,140120.81,140219.39,True,False
Emergent_autonomy_clarity_d6bec2,Emergent_bounded_contradiction_ae6a76,0.9342843261662319,140120.81,140235.14,True,False
Emergent_autonomy_clarity_d6bec2,Emergent_belief_revision_constraint_06aa6f,0.932992998643525,140120.81,140251.07,True,False
Emergent_autonomy_clarity_d6bec2,Emergent_constraint_focused_4a6458,0.9340635373050599,140120.81,140251.41,True,False
Emergent_autonomy_clarity_d6bec2,Emergent_anticipation_autonomy_a66f28,0.9294031844488884,140120.81,140266.4,True,False
Emergent_autonomy_clarity_d6bec2,Emergent_autonomy_carefully_dedeae,0.9276239618585045,140120.81,140266.74,True,False
Emergent_autonomy_clarity_d6bec2,Emergent_bounded_coherence_a2e9f5,0.933331838548916,140120.81,140297.75,True,False
Emergent_autonomy_clarity_d6bec2,Emergent_constraint_contradiction_97fd6d,0.92565842247217,140120.81,140330.59,True,False
Emergent_autonomy_clarity_d6bec2,Emergent_constraint_contradiction_8d2c9c,0.9216965078120227,140120.81,140330.93,True,False
Emergent_autonomy_clarity_d6bec2,Emergent_anticipation_autonomy_beca79,0.9327417348938813,140120.81,140347.33,True,False
Emergent_autonomy_clarity_d6bec2,Emergent_clarity_constraint_2bef20,0.9252994841978925,140120.81,140364.62,True,False
Emergent_autonomy_clarity_d6bec2,Emergent_clarity_constraint_bf278c,0.9333725292604858,140120.81,140364.96,True,False
Emergent_autonomy_clarity_d6bec2,Emergent_clarity_collective_093fe2,0.9214058395713094,140120.81,140380.94,True,False
Emergent_autonomy_clarity_d6bec2,Emergent_autonomy_clarity_dc06c1,0.9317584716616809,140120.81,140381.28,True,False
Emergent_autonomy_clarity_d6bec2,Emergent_clarity_ethical_4e34b8,0.9348380884934968,140120.81,140397.31,True,False
Emergent_autonomy_clarity_d6bec2,Emergent_anticipation_belief_revision_8334e7,0.9348380894839745,140120.81,140397.65,True,False
Emergent_autonomy_clarity_d6bec2,Emergent_autonomy_boundary_346ebd,0.9348384571388659,140120.81,140487.02,True,False
Emergent_autonomy_clarity_d6bec2,Emergent_appears_asymmetry_3bd743,0.9290496123530254,140120.81,140508.74,True,False
Emergent_autonomy_clarity_d6bec2,Emergent_abstraction_ambiguity_824c3b,0.9348383086419385,140120.81,140546.25,True,False
Emergent_autonomy_clarity_d6bec2,Emergent_analogy_attention_3c3dd6,0.9269271306741174,140120.81,140564.64,True,False
Emergent_autonomy_clarity_d6bec2,Emergent_appears_asymmetry_3bcc7d,0.9320915977254782,140120.81,140584.08,True,False
Emergent_autonomy_clarity_d6bec2,Emergent_appears_asymmetry_1f204a,0.9206330581893156,140120.81,140622.84,True,False
Emergent_autonomy_clarity_d6bec2,Emergent_autonomy_bounded_94d9e2,0.9347193048397828,140120.81,140643.22,True,False
Emergent_autonomy_clarity_d6bec2,Emergent_coherence_continuity_398b4b,0.9348350796268206,140120.81,140658.62,True,False
Emergent_autonomy_clarity_d6bec2,Emergent_anticipation_belief_revision_5bbdf5,0.9348335015626823,140120.81,140677.17,True,False
Emergent_autonomy_clarity_d6bec2,Emergent_boundary_contradiction_77a85f,0.9348395615428129,140120.81,140694.74,True,False
Emergent_autonomy_clarity_d6bec2,Emergent_boundary_contradiction_133a24,0.9340152315816121,140120.81,140695.08,True,False
Emergent_autonomy_clarity_d6bec2,Emergent_boundary_bounded_497fce,0.9348368091733201,140120.81,140714.67,True,False
Emergent_autonomy_clarity_d6bec2,Emergent_boundary_coherence_b7a0b8,0.9348325278798115,140120.81,140733.42,True,False
Emergent_autonomy_clarity_d6bec2,Emergent_boundary_carefully_576a67,0.9313728412554285,140120.81,140751.6,True,False
Emergent_autonomy_clarity_d6bec2,Emergent_anticipation_boundary_af2ea2,0.9132127062859661,140120.81,140751.94,True,False
Emergent_autonomy_clarity_d6bec2,Emergent_autonomy_belief_revision_3c3131,0.9348022153153963,140120.81,140770.5,True,False
Emergent_autonomy_clarity_d6bec2,Emergent_boundary_coherence_6b5325,0.934366960576007,140120.81,140788.25,True,False
Emergent_autonomy_clarity_d6bec2,Emergent_autonomy_boundary_625a34,0.9287759500299915,140120.81,140810.15,True,False
Emergent_autonomy_clarity_d6bec2,Emergent_bounded_coupling_df3c79,0.934821899936922,140120.81,140873.38,True,False
Emergent_autonomy_clarity_d6bec2,Emergent_bounded_hypothesis_41336a,0.934821899936922,140120.81,140873.72,True,False
Emergent_autonomy_clarity_d6bec2,Emergent_autonomy_collective_461851,0.9347924606354001,140120.81,140893.96,True,False
Emergent_autonomy_clarity_d6bec2,Emergent_constraint_ego_dissolution_a6d82d,0.9276930777158794,140120.81,140949.99,True,False
Emergent_autonomy_clarity_d6bec2,Emergent_anticipation_belief_revision_946a18,0.9297314273193968,140120.81,140950.33,True,False
Emergent_autonomy_clarity_d6bec2,Emergent_appears_asymmetry_ecd8f7,0.9318004159893036,140120.81,141010.53,True,False
Emergent_autonomy_clarity_d6bec2,Emergent_anticipation_belief_revision_b7ed14,0.9347434518559705,140120.81,141029.87,True,False
Emergent_autonomy_clarity_d6bec2,Emergent_identity_observed_39cc84,0.9347443624550273,140120.81,141030.21,True,False
Emergent_autonomy_clarity_d6bec2,Emergent_carefully_coherence_d9db0f,0.9300340553826028,140120.81,141071.79,True,False
Emergent_autonomy_clarity_d6bec2,Emergent_carefully_coherence_247f20,0.9269657449736299,140120.81,141114.56,True,False
Emergent_autonomy_clarity_d6bec2,Emergent_bounded_contradiction_d8e7d7,0.9206268996842772,140120.81,141157.73,True,False
Emergent_autonomy_clarity_d6bec2,Emergent_belief_revision_bounded_6b3318,0.9273001441641984,140120.81,141158.07,True,False
Emergent_autonomy_clarity_d6bec2,Emergent_bounded_coupling_53a5ef,0.9296677217627562,140120.81,141177.87,True,False
Emergent_autonomy_clarity_d6bec2,Emergent_carefully_coherence_6373e7,0.931124959732381,140120.81,141200.46,True,False
Emergent_autonomy_clarity_d6bec2,Emergent_belief_revision_carefully_00c1f3,0.8968661011130539,140120.81,141223.53,True,False
Emergent_autonomy_clarity_d6bec2,Emergent_boundary_carefully_70bae7,0.884273712075071,140120.81,141333.66,True,False
Emergent_abstraction_analogy_5aa231,Emergent_autonomy_bounded_72bafc,0.9380963083969103,140133.3,140148.57,True,False
Emergent_abstraction_analogy_5aa231,Emergent_appears_asymmetry_8dba4c,0.9391632208224894,140133.3,140165.34,True,False
Emergent_abstraction_analogy_5aa231,Emergent_appears_asymmetry_9e9e75,0.9290836593807461,140133.3,140178.49,True,False
Emergent_abstraction_analogy_5aa231,Emergent_bounded_coherence_40a04d,0.9391632209436862,140133.3,140191.28,True,False
Emergent_abstraction_analogy_5aa231,Emergent_anticipation_belief_revision_33c93c,0.9345599379586946,140133.3,140205.07,True,False
Emergent_abstraction_analogy_5aa231,Emergent_appears_asymmetry_8ccc17,0.937222373598525,140133.3,140219.39,True,False
Emergent_abstraction_analogy_5aa231,Emergent_bounded_contradiction_ae6a76,0.9342843261662319,140133.3,140235.14,True,False
Emergent_abstraction_analogy_5aa231,Emergent_belief_revision_constraint_06aa6f,0.932992998643525,140133.3,140251.07,True,False
Emergent_abstraction_analogy_5aa231,Emergent_constraint_focused_4a6458,0.9340635373050599,140133.3,140251.41,True,False
Emergent_abstraction_analogy_5aa231,Emergent_anticipation_autonomy_a66f28,0.9294031844488884,140133.3,140266.4,True,False
Emergent_abstraction_analogy_5aa231,Emergent_autonomy_carefully_dedeae,0.9276239618585045,140133.3,140266.74,True,False
Emergent_abstraction_analogy_5aa231,Emergent_bounded_coherence_a2e9f5,0.933331838548916,140133.3,140297.75,True,False
Emergent_abstraction_analogy_5aa231,Emergent_constraint_contradiction_97fd6d,0.92565842247217,140133.3,140330.59,True,False
Emergent_abstraction_analogy_5aa231,Emergent_constraint_contradiction_8d2c9c,0.9216965078120227,140133.3,140330.93,True,False
Emergent_abstraction_analogy_5aa231,Emergent_anticipation_autonomy_beca79,0.9327417348938813,140133.3,140347.33,True,False
Emergent_abstraction_analogy_5aa231,Emergent_clarity_constraint_2bef20,0.9252994841978925,140133.3,140364.62,True,False
Emergent_abstraction_analogy_5aa231,Emergent_clarity_constraint_bf278c,0.9333725292604858,140133.3,140364.96,True,False
Emergent_abstraction_analogy_5aa231,Emergent_clarity_collective_093fe2,0.9214058395713094,140133.3,140380.94,True,False
Emergent_abstraction_analogy_5aa231,Emergent_autonomy_clarity_dc06c1,0.9317584716616809,140133.3,140381.28,True,False
Emergent_abstraction_analogy_5aa231,Emergent_clarity_ethical_4e34b8,0.935863950125257,140133.3,140397.31,True,False
Emergent_abstraction_analogy_5aa231,Emergent_anticipation_belief_revision_8334e7,0.9391630129921364,140133.3,140397.65,True,False
Emergent_abstraction_analogy_5aa231,Emergent_autonomy_boundary_346ebd,0.9372246217305804,140133.3,140487.02,True,False
Emergent_abstraction_analogy_5aa231,Emergent_appears_asymmetry_3bd743,0.9290496123530254,140133.3,140508.74,True,False
Emergent_abstraction_analogy_5aa231,Emergent_abstraction_ambiguity_824c3b,0.936278681912845,140133.3,140546.25,True,False
Emergent_abstraction_analogy_5aa231,Emergent_analogy_attention_3c3dd6,0.9269271306741174,140133.3,140564.64,True,False
Emergent_abstraction_analogy_5aa231,Emergent_appears_asymmetry_3bcc7d,0.9320915977254782,140133.3,140584.08,True,False
Emergent_abstraction_analogy_5aa231,Emergent_appears_asymmetry_1f204a,0.9206330581893156,140133.3,140622.84,True,False
Emergent_abstraction_analogy_5aa231,Emergent_autonomy_bounded_94d9e2,0.9347193048397828,140133.3,140643.22,True,False
Emergent_abstraction_analogy_5aa231,Emergent_coherence_continuity_398b4b,0.9379250368419403,140133.3,140658.62,True,False
Emergent_abstraction_analogy_5aa231,Emergent_anticipation_belief_revision_5bbdf5,0.9391584001293196,140133.3,140677.17,True,False
Emergent_abstraction_analogy_5aa231,Emergent_boundary_contradiction_77a85f,0.9391641887707052,140133.3,140694.74,True,False
Emergent_abstraction_analogy_5aa231,Emergent_boundary_contradiction_133a24,0.9340152315816121,140133.3,140695.08,True,False
Emergent_abstraction_analogy_5aa231,Emergent_boundary_bounded_497fce,0.9348368091733201,140133.3,140714.67,True,False
Emergent_abstraction_analogy_5aa231,Emergent_boundary_coherence_b7a0b8,0.9391579763810662,140133.3,140733.42,True,False
Emergent_abstraction_analogy_5aa231,Emergent_boundary_carefully_576a67,0.9313728412554285,140133.3,140751.6,True,False
Emergent_abstraction_analogy_5aa231,Emergent_anticipation_boundary_af2ea2,0.9132127062859661,140133.3,140751.94,True,False
Emergent_abstraction_analogy_5aa231,Emergent_autonomy_belief_revision_3c3131,0.93912666604163,140133.3,140770.5,True,False
Emergent_abstraction_analogy_5aa231,Emergent_boundary_coherence_6b5325,0.934366960576007,140133.3,140788.25,True,False
Emergent_abstraction_analogy_5aa231,Emergent_autonomy_boundary_625a34,0.9287759500299915,140133.3,140810.15,True,False
Emergent_abstraction_analogy_5aa231,Emergent_bounded_coupling_df3c79,0.9379845231208765,140133.3,140873.38,True,False
Emergent_abstraction_analogy_5aa231,Emergent_bounded_hypothesis_41336a,0.9355268172059148,140133.3,140873.72,True,False
Emergent_abstraction_analogy_5aa231,Emergent_autonomy_collective_461851,0.9364057127025067,140133.3,140893.96,True,False
Emergent_abstraction_analogy_5aa231,Emergent_constraint_ego_dissolution_a6d82d,0.9276930777158794,140133.3,140949.99,True,False
Emergent_abstraction_analogy_5aa231,Emergent_anticipation_belief_revision_946a18,0.9297314273193968,140133.3,140950.33,True,False
Emergent_abstraction_analogy_5aa231,Emergent_appears_asymmetry_ecd8f7,0.9318004159893036,140133.3,141010.53,True,False
Emergent_abstraction_analogy_5aa231,Emergent_anticipation_belief_revision_b7ed14,0.9352280205281425,140133.3,141029.87,True,False
Emergent_abstraction_analogy_5aa231,Emergent_identity_observed_39cc84,0.9389720330595297,140133.3,141030.21,True,False
Emergent_abstraction_analogy_5aa231,Emergent_carefully_coherence_d9db0f,0.9300340553826028,140133.3,141071.79,True,False
Emergent_abstraction_analogy_5aa231,Emergent_carefully_coherence_247f20,0.9269657449736299,140133.3,141114.56,True,False
Emergent_abstraction_analogy_5aa231,Emergent_bounded_contradiction_d8e7d7,0.9206268996842772,140133.3,141157.73,True,False
Emergent_abstraction_analogy_5aa231,Emergent_belief_revision_bounded_6b3318,0.9273001441641984,140133.3,141158.07,True,False
Emergent_abstraction_analogy_5aa231,Emergent_bounded_coupling_53a5ef,0.9296677217627562,140133.3,141177.87,True,False
Emergent_abstraction_analogy_5aa231,Emergent_carefully_coherence_6373e7,0.9350411681104276,140133.3,141200.46,True,False
Emergent_abstraction_analogy_5aa231,Emergent_belief_revision_carefully_00c1f3,0.8968661011130539,140133.3,141223.53,True,False
Emergent_abstraction_analogy_5aa231,Emergent_boundary_carefully_70bae7,0.8924204579153634,140133.3,141333.66,True,False
Emergent_autonomy_bounded_72bafc,Emergent_appears_asymmetry_8dba4c,0.9380962996221582,140148.57,140165.34,True,False
Emergent_autonomy_bounded_72bafc,Emergent_appears_asymmetry_9e9e75,0.9290836593990657,140148.57,140178.49,True,False
Emergent_autonomy_bounded_72bafc,Emergent_bounded_coherence_40a04d,0.9380962997429878,140148.57,140191.28,True,False
Emergent_autonomy_bounded_72bafc,Emergent_anticipation_belief_revision_33c93c,0.9345599379586946,140148.57,140205.07,True,False
Emergent_autonomy_bounded_72bafc,Emergent_appears_asymmetry_8ccc17,0.937222373598525,140148.57,140219.39,True,False
Emergent_autonomy_bounded_72bafc,Emergent_bounded_contradiction_ae6a76,0.9342843261662319,140148.57,140235.14,True,False
Emergent_autonomy_bounded_72bafc,Emergent_belief_revision_constraint_06aa6f,0.932992998643525,140148.57,140251.07,True,False
Emergent_autonomy_bounded_72bafc,Emergent_constraint_focused_4a6458,0.9340635373050599,140148.57,140251.41,True,False
Emergent_autonomy_bounded_72bafc,Emergent_anticipation_autonomy_a66f28,0.9294031844488884,140148.57,140266.4,True,False
Emergent_autonomy_bounded_72bafc,Emergent_autonomy_carefully_dedeae,0.9276239618585045,140148.57,140266.74,True,False
Emergent_autonomy_bounded_72bafc,Emergent_bounded_coherence_a2e9f5,0.933331838548916,140148.57,140297.75,True,False
Emergent_autonomy_bounded_72bafc,Emergent_constraint_contradiction_97fd6d,0.92565842247217,140148.57,140330.59,True,False
Emergent_autonomy_bounded_72bafc,Emergent_constraint_contradiction_8d2c9c,0.9216965078120227,140148.57,140330.93,True,False
Emergent_autonomy_bounded_72bafc,Emergent_anticipation_autonomy_beca79,0.9327417348938813,140148.57,140347.33,True,False
Emergent_autonomy_bounded_72bafc,Emergent_clarity_constraint_2bef20,0.9252994841978925,140148.57,140364.62,True,False
Emergent_autonomy_bounded_72bafc,Emergent_clarity_constraint_bf278c,0.9333725292604858,140148.57,140364.96,True,False
Emergent_autonomy_bounded_72bafc,Emergent_clarity_collective_093fe2,0.9214058395713094,140148.57,140380.94,True,False
Emergent_autonomy_bounded_72bafc,Emergent_autonomy_clarity_dc06c1,0.9317584716616809,140148.57,140381.28,True,False
Emergent_autonomy_bounded_72bafc,Emergent_clarity_ethical_4e34b8,0.935863950125257,140148.57,140397.31,True,False
Emergent_autonomy_bounded_72bafc,Emergent_anticipation_belief_revision_8334e7,0.9380960910928249,140148.57,140397.65,True,False
Emergent_autonomy_bounded_72bafc,Emergent_autonomy_boundary_346ebd,0.9372246217305804,140148.57,140487.02,True,False
Emergent_autonomy_bounded_72bafc,Emergent_appears_asymmetry_3bd743,0.9290496123530254,140148.57,140508.74,True,False
Emergent_autonomy_bounded_72bafc,Emergent_abstraction_ambiguity_824c3b,0.936278681912845,140148.57,140546.25,True,False
Emergent_autonomy_bounded_72bafc,Emergent_analogy_attention_3c3dd6,0.9269271306741174,140148.57,140564.64,True,False
Emergent_autonomy_bounded_72bafc,Emergent_appears_asymmetry_3bcc7d,0.9320915977254782,140148.57,140584.08,True,False
Emergent_autonomy_bounded_72bafc,Emergent_appears_asymmetry_1f204a,0.9206330581893156,140148.57,140622.84,True,False
Emergent_autonomy_bounded_72bafc,Emergent_autonomy_bounded_94d9e2,0.9347193048397828,140148.57,140643.22,True,False
Emergent_autonomy_bounded_72bafc,Emergent_coherence_continuity_398b4b,0.9379250368419403,140148.57,140658.62,True,False
Emergent_autonomy_bounded_72bafc,Emergent_anticipation_belief_revision_5bbdf5,0.9380914767227444,140148.57,140677.17,True,False
Emergent_autonomy_bounded_72bafc,Emergent_boundary_contradiction_77a85f,0.9380973323015744,140148.57,140694.74,True,False
Emergent_autonomy_bounded_72bafc,Emergent_boundary_contradiction_133a24,0.9340152315816121,140148.57,140695.08,True,False
Emergent_autonomy_bounded_72bafc,Emergent_boundary_bounded_497fce,0.9348368091733201,140148.57,140714.67,True,False
Emergent_autonomy_bounded_72bafc,Emergent_boundary_coherence_b7a0b8,0.9380909173093173,140148.57,140733.42,True,False
Emergent_autonomy_bounded_72bafc,Emergent_boundary_carefully_576a67,0.9313728412554285,140148.57,140751.6,True,False
Emergent_autonomy_bounded_72bafc,Emergent_anticipation_boundary_af2ea2,0.9132127062859661,140148.57,140751.94,True,False
Emergent_autonomy_bounded_72bafc,Emergent_autonomy_belief_revision_3c3131,0.9380598531142721,140148.57,140770.5,True,False
Emergent_autonomy_bounded_72bafc,Emergent_boundary_coherence_6b5325,0.934366960576007,140148.57,140788.25,True,False
Emergent_autonomy_bounded_72bafc,Emergent_autonomy_boundary_625a34,0.9287759500299915,140148.57,140810.15,True,False
Emergent_autonomy_bounded_72bafc,Emergent_bounded_coupling_df3c79,0.9379845231208765,140148.57,140873.38,True,False
Emergent_autonomy_bounded_72bafc,Emergent_bounded_hypothesis_41336a,0.9355268172059148,140148.57,140873.72,True,False
Emergent_autonomy_bounded_72bafc,Emergent_autonomy_collective_461851,0.9364057127025067,140148.57,140893.96,True,False
Emergent_autonomy_bounded_72bafc,Emergent_constraint_ego_dissolution_a6d82d,0.9276930777158794,140148.57,140949.99,True,False
Emergent_autonomy_bounded_72bafc,Emergent_anticipation_belief_revision_946a18,0.9297314273193968,140148.57,140950.33,True,False
Emergent_autonomy_bounded_72bafc,Emergent_appears_asymmetry_ecd8f7,0.9318004159893036,140148.57,141010.53,True,False
Emergent_autonomy_bounded_72bafc,Emergent_anticipation_belief_revision_b7ed14,0.9352280205281425,140148.57,141029.87,True,False
Emergent_autonomy_bounded_72bafc,Emergent_identity_observed_39cc84,0.9379290951376951,140148.57,141030.21,True,False
Emergent_autonomy_bounded_72bafc,Emergent_carefully_coherence_d9db0f,0.9300340553826028,140148.57,141071.79,True,False
Emergent_autonomy_bounded_72bafc,Emergent_carefully_coherence_247f20,0.9269657449736299,140148.57,141114.56,True,False
Emergent_autonomy_bounded_72bafc,Emergent_bounded_contradiction_d8e7d7,0.9206268996842772,140148.57,141157.73,True,False
Emergent_autonomy_bounded_72bafc,Emergent_belief_revision_bounded_6b3318,0.9273001441641984,140148.57,141158.07,True,False
Emergent_autonomy_bounded_72bafc,Emergent_bounded_coupling_53a5ef,0.9296677217627562,140148.57,141177.87,True,False
Emergent_autonomy_bounded_72bafc,Emergent_carefully_coherence_6373e7,0.9342280276148129,140148.57,141200.46,True,False
Emergent_autonomy_bounded_72bafc,Emergent_belief_revision_carefully_00c1f3,0.8968661011130539,140148.57,141223.53,True,False
Emergent_autonomy_bounded_72bafc,Emergent_boundary_carefully_70bae7,0.8904107104749313,140148.57,141333.66,True,False
Emergent_appears_asymmetry_8dba4c,Emergent_appears_asymmetry_9e9e75,0.929083658197557,140165.34,140178.49,True,False
Emergent_appears_asymmetry_8dba4c,Emergent_bounded_coherence_40a04d,0.9304327062315634,140165.34,140191.28,True,False
Emergent_appears_asymmetry_8dba4c,Emergent_anticipation_belief_revision_33c93c,0.9345599358176813,140165.34,140205.07,True,False
Emergent_appears_asymmetry_8dba4c,Emergent_appears_asymmetry_8ccc17,0.9372223714575114,140165.34,140219.39,True,False
Emergent_appears_asymmetry_8dba4c,Emergent_bounded_contradiction_ae6a76,0.9342843261662319,140165.34,140235.14,True,False
Emergent_appears_asymmetry_8dba4c,Emergent_belief_revision_constraint_06aa6f,0.932992998643525,140165.34,140251.07,True,False
Emergent_appears_asymmetry_8dba4c,Emergent_constraint_focused_4a6458,0.9340635373050599,140165.34,140251.41,True,False
Emergent_appears_asymmetry_8dba4c,Emergent_anticipation_autonomy_a66f28,0.9294031844488884,140165.34,140266.4,True,False
Emergent_appears_asymmetry_8dba4c,Emergent_autonomy_carefully_dedeae,0.9276239618585045,140165.34,140266.74,True,False
Emergent_appears_asymmetry_8dba4c,Emergent_bounded_coherence_a2e9f5,0.933331838548916,140165.34,140297.75,True,False
Emergent_appears_asymmetry_8dba4c,Emergent_constraint_contradiction_97fd6d,0.92565842247217,140165.34,140330.59,True,False
Emergent_appears_asymmetry_8dba4c,Emergent_constraint_contradiction_8d2c9c,0.9216965078120227,140165.34,140330.93,True,False
Emergent_appears_asymmetry_8dba4c,Emergent_anticipation_autonomy_beca79,0.9327417348938813,140165.34,140347.33,True,False
Emergent_appears_asymmetry_8dba4c,Emergent_clarity_constraint_2bef20,0.9252994841978925,140165.34,140364.62,True,False
Emergent_appears_asymmetry_8dba4c,Emergent_clarity_constraint_bf278c,0.9333725292604858,140165.34,140364.96,True,False
Emergent_appears_asymmetry_8dba4c,Emergent_clarity_collective_093fe2,0.9214058395713094,140165.34,140380.94,True,False
Emergent_appears_asymmetry_8dba4c,Emergent_autonomy_clarity_dc06c1,0.9317584716616809,140165.34,140381.28,True,False
Emergent_appears_asymmetry_8dba4c,Emergent_clarity_ethical_4e34b8,0.935863950125257,140165.34,140397.31,True,False
Emergent_appears_asymmetry_8dba4c,Emergent_anticipation_belief_revision_8334e7,0.9397496007750175,140165.34,140397.65,True,False
Emergent_appears_asymmetry_8dba4c,Emergent_autonomy_boundary_346ebd,0.9372246217305804,140165.34,140487.02,True,False
Emergent_appears_asymmetry_8dba4c,Emergent_appears_asymmetry_3bd743,0.9290496123530254,140165.34,140508.74,True,False
Emergent_appears_asymmetry_8dba4c,Emergent_abstraction_ambiguity_824c3b,0.936278681912845,140165.34,140546.25,True,False
Emergent_appears_asymmetry_8dba4c,Emergent_analogy_attention_3c3dd6,0.9269271306741174,140165.34,140564.64,True,False
Emergent_appears_asymmetry_8dba4c,Emergent_appears_asymmetry_3bcc7d,0.9320915977254782,140165.34,140584.08,True,False
Emergent_appears_asymmetry_8dba4c,Emergent_appears_asymmetry_1f204a,0.9206330581893156,140165.34,140622.84,True,False
Emergent_appears_asymmetry_8dba4c,Emergent_autonomy_bounded_94d9e2,0.9347193048397828,140165.34,140643.22,True,False
Emergent_appears_asymmetry_8dba4c,Emergent_coherence_continuity_398b4b,0.9379250368419403,140165.34,140658.62,True,False
Emergent_appears_asymmetry_8dba4c,Emergent_anticipation_belief_revision_5bbdf5,0.9398617174729249,140165.34,140677.17,True,False
Emergent_appears_asymmetry_8dba4c,Emergent_boundary_contradiction_77a85f,0.9300533000976292,140165.34,140694.74,True,False
Emergent_appears_asymmetry_8dba4c,Emergent_boundary_contradiction_133a24,0.9340152315816121,140165.34,140695.08,True,False
Emergent_appears_asymmetry_8dba4c,Emergent_boundary_bounded_497fce,0.9348368091733201,140165.34,140714.67,True,False
Emergent_appears_asymmetry_8dba4c,Emergent_boundary_coherence_b7a0b8,0.9399022079821322,140165.34,140733.42,True,False
Emergent_appears_asymmetry_8dba4c,Emergent_boundary_carefully_576a67,0.9313728412554285,140165.34,140751.6,True,False
Emergent_appears_asymmetry_8dba4c,Emergent_anticipation_boundary_af2ea2,0.9132127062859661,140165.34,140751.94,True,False
Emergent_appears_asymmetry_8dba4c,Emergent_autonomy_belief_revision_3c3131,0.9391597864299492,140165.34,140770.5,True,False
Emergent_appears_asymmetry_8dba4c,Emergent_boundary_coherence_6b5325,0.934366960576007,140165.34,140788.25,True,False
Emergent_appears_asymmetry_8dba4c,Emergent_autonomy_boundary_625a34,0.9287759500299915,140165.34,140810.15,True,False
Emergent_appears_asymmetry_8dba4c,Emergent_bounded_coupling_df3c79,0.9379845231208765,140165.34,140873.38,True,False
Emergent_appears_asymmetry_8dba4c,Emergent_bounded_hypothesis_41336a,0.9355268172059148,140165.34,140873.72,True,False
Emergent_appears_asymmetry_8dba4c,Emergent_autonomy_collective_461851,0.9364057127025067,140165.34,140893.96,True,False
Emergent_appears_asymmetry_8dba4c,Emergent_constraint_ego_dissolution_a6d82d,0.9276930777158794,140165.34,140949.99,True,False
Emergent_appears_asymmetry_8dba4c,Emergent_anticipation_belief_revision_946a18,0.9297314273193968,140165.34,140950.33,True,False
Emergent_appears_asymmetry_8dba4c,Emergent_appears_asymmetry_ecd8f7,0.9318004159893036,140165.34,141010.53,True,False
Emergent_appears_asymmetry_8dba4c,Emergent_anticipation_belief_revision_b7ed14,0.9352280205281425,140165.34,141029.87,True,False
Emergent_appears_asymmetry_8dba4c,Emergent_identity_observed_39cc84,0.928029592759479,140165.34,141030.21,True,False
Emergent_appears_asymmetry_8dba4c,Emergent_carefully_coherence_d9db0f,0.9300340553826028,140165.34,141071.79,True,False
Emergent_appears_asymmetry_8dba4c,Emergent_carefully_coherence_247f20,0.9269657449736299,140165.34,141114.56,True,False
Emergent_appears_asymmetry_8dba4c,Emergent_bounded_contradiction_d8e7d7,0.9206268996842772,140165.34,141157.73,True,False
Emergent_appears_asymmetry_8dba4c,Emergent_belief_revision_bounded_6b3318,0.9273001441641984,140165.34,141158.07,True,False
Emergent_appears_asymmetry_8dba4c,Emergent_bounded_coupling_53a5ef,0.9296677217627562,140165.34,141177.87,True,False
Emergent_appears_asymmetry_8dba4c,Emergent_carefully_coherence_6373e7,0.9350411681104276,140165.34,141200.46,True,False
Emergent_appears_asymmetry_8dba4c,Emergent_belief_revision_carefully_00c1f3,0.8968661011130539,140165.34,141223.53,True,False
Emergent_appears_asymmetry_8dba4c,Emergent_boundary_carefully_70bae7,0.8949439709931948,140165.34,141333.66,True,False
Emergent_appears_asymmetry_9e9e75,Emergent_bounded_coherence_40a04d,0.9290836583152844,140178.49,140191.28,True,False
Emergent_appears_asymmetry_9e9e75,Emergent_anticipation_belief_revision_33c93c,0.9290836704824665,140178.49,140205.07,True,False
Emergent_appears_asymmetry_9e9e75,Emergent_appears_asymmetry_8ccc17,0.9290836706109282,140178.49,140219.39,True,False
Emergent_appears_asymmetry_9e9e75,Emergent_bounded_contradiction_ae6a76,0.9290836713569472,140178.49,140235.14,True,False
Emergent_appears_asymmetry_9e9e75,Emergent_belief_revision_constraint_06aa6f,0.9290836444871344,140178.49,140251.07,True,False
Emergent_appears_asymmetry_9e9e75,Emergent_constraint_focused_4a6458,0.9290836445025226,140178.49,140251.41,True,False
Emergent_appears_asymmetry_9e9e75,Emergent_anticipation_autonomy_a66f28,0.9290836778284219,140178.49,140266.4,True,False
Emergent_appears_asymmetry_9e9e75,Emergent_autonomy_carefully_dedeae,0.9276239618585045,140178.49,140266.74,True,False
Emergent_appears_asymmetry_9e9e75,Emergent_bounded_coherence_a2e9f5,0.9290836785774703,140178.49,140297.75,True,False
Emergent_appears_asymmetry_9e9e75,Emergent_constraint_contradiction_97fd6d,0.92565842247217,140178.49,140330.59,True,False
Emergent_appears_asymmetry_9e9e75,Emergent_constraint_contradiction_8d2c9c,0.9216965078120227,140178.49,140330.93,True,False
Emergent_appears_asymmetry_9e9e75,Emergent_anticipation_autonomy_beca79,0.9290836711557773,140178.49,140347.33,True,False
Emergent_appears_asymmetry_9e9e75,Emergent_clarity_constraint_2bef20,0.9252994841978925,140178.49,140364.62,True,False
Emergent_appears_asymmetry_9e9e75,Emergent_clarity_constraint_bf278c,0.9290836646043341,140178.49,140364.96,True,False
Emergent_appears_asymmetry_9e9e75,Emergent_clarity_collective_093fe2,0.9214058395713094,140178.49,140380.94,True,False
Emergent_appears_asymmetry_9e9e75,Emergent_autonomy_clarity_dc06c1,0.9290836526101323,140178.49,140381.28,True,False
Emergent_appears_asymmetry_9e9e75,Emergent_clarity_ethical_4e34b8,0.9290834441638554,140178.49,140397.31,True,False
Emergent_appears_asymmetry_9e9e75,Emergent_anticipation_belief_revision_8334e7,0.9290834451236711,140178.49,140397.65,True,False
Emergent_appears_asymmetry_9e9e75,Emergent_autonomy_boundary_346ebd,0.9290838237830998,140178.49,140487.02,True,False
Emergent_appears_asymmetry_9e9e75,Emergent_appears_asymmetry_3bd743,0.9290496123530254,140178.49,140508.74,True,False
Emergent_appears_asymmetry_9e9e75,Emergent_abstraction_ambiguity_824c3b,0.9290836752861724,140178.49,140546.25,True,False
Emergent_appears_asymmetry_9e9e75,Emergent_analogy_attention_3c3dd6,0.9269271306741174,140178.49,140564.64,True,False
Emergent_appears_asymmetry_9e9e75,Emergent_appears_asymmetry_3bcc7d,0.9290835559582844,140178.49,140584.08,True,False
Emergent_appears_asymmetry_9e9e75,Emergent_appears_asymmetry_1f204a,0.9206330581893156,140178.49,140622.84,True,False
Emergent_appears_asymmetry_9e9e75,Emergent_autonomy_bounded_94d9e2,0.9290827229364682,140178.49,140643.22,True,False
Emergent_appears_asymmetry_9e9e75,Emergent_coherence_continuity_398b4b,0.9290804328811708,140178.49,140658.62,True,False
Emergent_appears_asymmetry_9e9e75,Emergent_anticipation_belief_revision_5bbdf5,0.9290789250249483,140178.49,140677.17,True,False
Emergent_appears_asymmetry_9e9e75,Emergent_boundary_contradiction_77a85f,0.9290853460400375,140178.49,140694.74,True,False
Emergent_appears_asymmetry_9e9e75,Emergent_boundary_contradiction_133a24,0.9290853460400375,140178.49,140695.08,True,False
Emergent_appears_asymmetry_9e9e75,Emergent_boundary_bounded_497fce,0.9290843800683108,140178.49,140714.67,True,False
Emergent_appears_asymmetry_9e9e75,Emergent_boundary_coherence_b7a0b8,0.9290772196160497,140178.49,140733.42,True,False
Emergent_appears_asymmetry_9e9e75,Emergent_boundary_carefully_576a67,0.9290506404448706,140178.49,140751.6,True,False
Emergent_appears_asymmetry_9e9e75,Emergent_anticipation_boundary_af2ea2,0.9132127062859661,140178.49,140751.94,True,False
Emergent_appears_asymmetry_9e9e75,Emergent_autonomy_belief_revision_3c3131,0.9290482346602795,140178.49,140770.5,True,False
Emergent_appears_asymmetry_9e9e75,Emergent_boundary_coherence_6b5325,0.9291113558449711,140178.49,140788.25,True,False
Emergent_appears_asymmetry_9e9e75,Emergent_autonomy_boundary_625a34,0.9287759500299915,140178.49,140810.15,True,False
Emergent_appears_asymmetry_9e9e75,Emergent_bounded_coupling_df3c79,0.9290689119447593,140178.49,140873.38,True,False
Emergent_appears_asymmetry_9e9e75,Emergent_bounded_hypothesis_41336a,0.9290689119447593,140178.49,140873.72,True,False
Emergent_appears_asymmetry_9e9e75,Emergent_autonomy_collective_461851,0.9290397350428112,140178.49,140893.96,True,False
Emergent_appears_asymmetry_9e9e75,Emergent_constraint_ego_dissolution_a6d82d,0.9276930777158794,140178.49,140949.99,True,False
Emergent_appears_asymmetry_9e9e75,Emergent_anticipation_belief_revision_946a18,0.9284346703338433,140178.49,140950.33,True,False
Emergent_appears_asymmetry_9e9e75,Emergent_appears_asymmetry_ecd8f7,0.9287451984749853,140178.49,141010.53,True,False
Emergent_appears_asymmetry_9e9e75,Emergent_anticipation_belief_revision_b7ed14,0.9291182872745309,140178.49,141029.87,True,False
Emergent_appears_asymmetry_9e9e75,Emergent_identity_observed_39cc84,0.9291191544426105,140178.49,141030.21,True,False
Emergent_appears_asymmetry_9e9e75,Emergent_carefully_coherence_d9db0f,0.9257894416924866,140178.49,141071.79,True,False
Emergent_appears_asymmetry_9e9e75,Emergent_carefully_coherence_247f20,0.9269657449736299,140178.49,141114.56,True,False
Emergent_appears_asymmetry_9e9e75,Emergent_bounded_contradiction_d8e7d7,0.9206268996842772,140178.49,141157.73,True,False
Emergent_appears_asymmetry_9e9e75,Emergent_belief_revision_bounded_6b3318,0.9271716688979261,140178.49,141158.07,True,False
Emergent_appears_asymmetry_9e9e75,Emergent_bounded_coupling_53a5ef,0.9273734369329261,140178.49,141177.87,True,False
Emergent_appears_asymmetry_9e9e75,Emergent_carefully_coherence_6373e7,0.925643996632926,140178.49,141200.46,True,False
Emergent_appears_asymmetry_9e9e75,Emergent_belief_revision_carefully_00c1f3,0.8968661011130539,140178.49,141223.53,True,False
Emergent_appears_asymmetry_9e9e75,Emergent_boundary_carefully_70bae7,0.8734339035225478,140178.49,141333.66,True,False
Emergent_bounded_coherence_40a04d,Emergent_anticipation_belief_revision_33c93c,0.9345599360782704,140191.28,140205.07,True,False
Emergent_bounded_coherence_40a04d,Emergent_appears_asymmetry_8ccc17,0.9372223717181007,140191.28,140219.39,True,False
Emergent_bounded_coherence_40a04d,Emergent_bounded_contradiction_ae6a76,0.9342843261662319,140191.28,140235.14,True,False
Emergent_bounded_coherence_40a04d,Emergent_belief_revision_constraint_06aa6f,0.932992998643525,140191.28,140251.07,True,False
Emergent_bounded_coherence_40a04d,Emergent_constraint_focused_4a6458,0.9340635373050599,140191.28,140251.41,True,False
Emergent_bounded_coherence_40a04d,Emergent_anticipation_autonomy_a66f28,0.9294031844488884,140191.28,140266.4,True,False
Emergent_bounded_coherence_40a04d,Emergent_autonomy_carefully_dedeae,0.9276239618585045,140191.28,140266.74,True,False
Emergent_bounded_coherence_40a04d,Emergent_bounded_coherence_a2e9f5,0.933331838548916,140191.28,140297.75,True,False
Emergent_bounded_coherence_40a04d,Emergent_constraint_contradiction_97fd6d,0.92565842247217,140191.28,140330.59,True,False
Emergent_bounded_coherence_40a04d,Emergent_constraint_contradiction_8d2c9c,0.9216965078120227,140191.28,140330.93,True,False
Emergent_bounded_coherence_40a04d,Emergent_anticipation_autonomy_beca79,0.9327417348938813,140191.28,140347.33,True,False
Emergent_bounded_coherence_40a04d,Emergent_clarity_constraint_2bef20,0.9252994841978925,140191.28,140364.62,True,False
Emergent_bounded_coherence_40a04d,Emergent_clarity_constraint_bf278c,0.9333725292604858,140191.28,140364.96,True,False
Emergent_bounded_coherence_40a04d,Emergent_clarity_collective_093fe2,0.9214058395713094,140191.28,140380.94,True,False
Emergent_bounded_coherence_40a04d,Emergent_autonomy_clarity_dc06c1,0.9317584716616809,140191.28,140381.28,True,False
Emergent_bounded_coherence_40a04d,Emergent_clarity_ethical_4e34b8,0.935863950125257,140191.28,140397.31,True,False
Emergent_bounded_coherence_40a04d,Emergent_anticipation_belief_revision_8334e7,0.9397496007750175,140191.28,140397.65,True,False
Emergent_bounded_coherence_40a04d,Emergent_autonomy_boundary_346ebd,0.9372246217305804,140191.28,140487.02,True,False
Emergent_bounded_coherence_40a04d,Emergent_appears_asymmetry_3bd743,0.9290496123530254,140191.28,140508.74,True,False
Emergent_bounded_coherence_40a04d,Emergent_abstraction_ambiguity_824c3b,0.936278681912845,140191.28,140546.25,True,False
Emergent_bounded_coherence_40a04d,Emergent_analogy_attention_3c3dd6,0.9269271306741174,140191.28,140564.64,True,False
Emergent_bounded_coherence_40a04d,Emergent_appears_asymmetry_3bcc7d,0.9320915977254782,140191.28,140584.08,True,False
Emergent_bounded_coherence_40a04d,Emergent_appears_asymmetry_1f204a,0.9206330581893156,140191.28,140622.84,True,False
Emergent_bounded_coherence_40a04d,Emergent_autonomy_bounded_94d9e2,0.9347193048397828,140191.28,140643.22,True,False
Emergent_bounded_coherence_40a04d,Emergent_coherence_continuity_398b4b,0.9379250368419403,140191.28,140658.62,True,False
Emergent_bounded_coherence_40a04d,Emergent_anticipation_belief_revision_5bbdf5,0.9398617174729249,140191.28,140677.17,True,False
Emergent_bounded_coherence_40a04d,Emergent_boundary_contradiction_77a85f,0.9300533000976292,140191.28,140694.74,True,False
Emergent_bounded_coherence_40a04d,Emergent_boundary_contradiction_133a24,0.9340152315816121,140191.28,140695.08,True,False
Emergent_bounded_coherence_40a04d,Emergent_boundary_bounded_497fce,0.9348368091733201,140191.28,140714.67,True,False
Emergent_bounded_coherence_40a04d,Emergent_boundary_coherence_b7a0b8,0.9399022079821322,140191.28,140733.42,True,False
Emergent_bounded_coherence_40a04d,Emergent_boundary_carefully_576a67,0.9313728412554285,140191.28,140751.6,True,False
Emergent_bounded_coherence_40a04d,Emergent_anticipation_boundary_af2ea2,0.9132127062859661,140191.28,140751.94,True,False
Emergent_bounded_coherence_40a04d,Emergent_autonomy_belief_revision_3c3131,0.9391597864299492,140191.28,140770.5,True,False
Emergent_bounded_coherence_40a04d,Emergent_boundary_coherence_6b5325,0.934366960576007,140191.28,140788.25,True,False
Emergent_bounded_coherence_40a04d,Emergent_autonomy_boundary_625a34,0.9287759500299915,140191.28,140810.15,True,False
Emergent_bounded_coherence_40a04d,Emergent_bounded_coupling_df3c79,0.9379845231208765,140191.28,140873.38,True,False
Emergent_bounded_coherence_40a04d,Emergent_bounded_hypothesis_41336a,0.9355268172059148,140191.28,140873.72,True,False
Emergent_bounded_coherence_40a04d,Emergent_autonomy_collective_461851,0.9364057127025067,140191.28,140893.96,True,False
Emergent_bounded_coherence_40a04d,Emergent_constraint_ego_dissolution_a6d82d,0.9276930777158794,140191.28,140949.99,True,False
Emergent_bounded_coherence_40a04d,Emergent_anticipation_belief_revision_946a18,0.9297314273193968,140191.28,140950.33,True,False
Emergent_bounded_coherence_40a04d,Emergent_appears_asymmetry_ecd8f7,0.9318004159893036,140191.28,141010.53,True,False
Emergent_bounded_coherence_40a04d,Emergent_anticipation_belief_revision_b7ed14,0.9352280205281425,140191.28,141029.87,True,False
Emergent_bounded_coherence_40a04d,Emergent_identity_observed_39cc84,0.928029592759479,140191.28,141030.21,True,False
Emergent_bounded_coherence_40a04d,Emergent_carefully_coherence_d9db0f,0.9300340553826028,140191.28,141071.79,True,False
Emergent_bounded_coherence_40a04d,Emergent_carefully_coherence_247f20,0.9269657449736299,140191.28,141114.56,True,False
Emergent_bounded_coherence_40a04d,Emergent_bounded_contradiction_d8e7d7,0.9206268996842772,140191.28,141157.73,True,False
Emergent_bounded_coherence_40a04d,Emergent_belief_revision_bounded_6b3318,0.9273001441641984,140191.28,141158.07,True,False
Emergent_bounded_coherence_40a04d,Emergent_bounded_coupling_53a5ef,0.9296677217627562,140191.28,141177.87,True,False
Emergent_bounded_coherence_40a04d,Emergent_carefully_coherence_6373e7,0.9350411681104276,140191.28,141200.46,True,False
Emergent_bounded_coherence_40a04d,Emergent_belief_revision_carefully_00c1f3,0.8968661011130539,140191.28,141223.53,True,False
Emergent_bounded_coherence_40a04d,Emergent_boundary_carefully_70bae7,0.8949439709931948,140191.28,141333.66,True,False
Emergent_anticipation_belief_revision_33c93c,Emergent_appears_asymmetry_8ccc17,0.9345599353894589,140205.07,140219.39,True,False
Emergent_anticipation_belief_revision_33c93c,Emergent_bounded_contradiction_ae6a76,0.9342843261662319,140205.07,140235.14,True,False
Emergent_anticipation_belief_revision_33c93c,Emergent_belief_revision_constraint_06aa6f,0.932992998643525,140205.07,140251.07,True,False
Emergent_anticipation_belief_revision_33c93c,Emergent_constraint_focused_4a6458,0.9340635373050599,140205.07,140251.41,True,False
Emergent_anticipation_belief_revision_33c93c,Emergent_anticipation_autonomy_a66f28,0.9294031844488884,140205.07,140266.4,True,False
Emergent_anticipation_belief_revision_33c93c,Emergent_autonomy_carefully_dedeae,0.9276239618585045,140205.07,140266.74,True,False
Emergent_anticipation_belief_revision_33c93c,Emergent_bounded_coherence_a2e9f5,0.933331838548916,140205.07,140297.75,True,False
Emergent_anticipation_belief_revision_33c93c,Emergent_constraint_contradiction_97fd6d,0.92565842247217,140205.07,140330.59,True,False
Emergent_anticipation_belief_revision_33c93c,Emergent_constraint_contradiction_8d2c9c,0.9216965078120227,140205.07,140330.93,True,False
Emergent_anticipation_belief_revision_33c93c,Emergent_anticipation_autonomy_beca79,0.9327417348938813,140205.07,140347.33,True,False
Emergent_anticipation_belief_revision_33c93c,Emergent_clarity_constraint_2bef20,0.9252994841978925,140205.07,140364.62,True,False
Emergent_anticipation_belief_revision_33c93c,Emergent_clarity_constraint_bf278c,0.9333725292604858,140205.07,140364.96,True,False
Emergent_anticipation_belief_revision_33c93c,Emergent_clarity_collective_093fe2,0.9214058395713094,140205.07,140380.94,True,False
Emergent_anticipation_belief_revision_33c93c,Emergent_autonomy_clarity_dc06c1,0.9317584716616809,140205.07,140381.28,True,False
Emergent_anticipation_belief_revision_33c93c,Emergent_clarity_ethical_4e34b8,0.9345597131067511,140205.07,140397.31,True,False
Emergent_anticipation_belief_revision_33c93c,Emergent_anticipation_belief_revision_8334e7,0.9345597140957456,140205.07,140397.65,True,False
Emergent_anticipation_belief_revision_33c93c,Emergent_autonomy_boundary_346ebd,0.9345600822829709,140205.07,140487.02,True,False
Emergent_anticipation_belief_revision_33c93c,Emergent_appears_asymmetry_3bd743,0.9290496123530254,140205.07,140508.74,True,False
Emergent_anticipation_belief_revision_33c93c,Emergent_abstraction_ambiguity_824c3b,0.9345599337860435,140205.07,140546.25,True,False
Emergent_anticipation_belief_revision_33c93c,Emergent_analogy_attention_3c3dd6,0.9269271306741174,140205.07,140564.64,True,False
Emergent_anticipation_belief_revision_33c93c,Emergent_appears_asymmetry_3bcc7d,0.9320915977254782,140205.07,140584.08,True,False
Emergent_anticipation_belief_revision_33c93c,Emergent_appears_asymmetry_1f204a,0.9206330581893156,140205.07,140622.84,True,False
Emergent_anticipation_belief_revision_33c93c,Emergent_autonomy_bounded_94d9e2,0.9345591033246878,140205.07,140643.22,True,False
Emergent_anticipation_belief_revision_33c93c,Emergent_coherence_continuity_398b4b,0.9345567041232028,140205.07,140658.62,True,False
Emergent_anticipation_belief_revision_33c93c,Emergent_anticipation_belief_revision_5bbdf5,0.934555129455305,140205.07,140677.17,True,False
Emergent_anticipation_belief_revision_33c93c,Emergent_boundary_contradiction_77a85f,0.9345612069001545,140205.07,140694.74,True,False
Emergent_anticipation_belief_revision_33c93c,Emergent_boundary_contradiction_133a24,0.9340152315816121,140205.07,140695.08,True,False
Emergent_anticipation_belief_revision_33c93c,Emergent_boundary_bounded_497fce,0.9345602409284277,140205.07,140714.67,True,False
Emergent_anticipation_belief_revision_33c93c,Emergent_boundary_coherence_b7a0b8,0.9345541203758909,140205.07,140733.42,True,False
Emergent_anticipation_belief_revision_33c93c,Emergent_boundary_carefully_576a67,0.9313728412554285,140205.07,140751.6,True,False
Emergent_anticipation_belief_revision_33c93c,Emergent_anticipation_boundary_af2ea2,0.9132127062859661,140205.07,140751.94,True,False
Emergent_anticipation_belief_revision_33c93c,Emergent_autonomy_belief_revision_3c3131,0.9345238720332676,140205.07,140770.5,True,False
Emergent_anticipation_belief_revision_33c93c,Emergent_boundary_coherence_6b5325,0.934366960576007,140205.07,140788.25,True,False
Emergent_anticipation_belief_revision_33c93c,Emergent_autonomy_boundary_625a34,0.9287759500299915,140205.07,140810.15,True,False
Emergent_anticipation_belief_revision_33c93c,Emergent_bounded_coupling_df3c79,0.9345436046739095,140205.07,140873.38,True,False
Emergent_anticipation_belief_revision_33c93c,Emergent_bounded_hypothesis_41336a,0.9345436046739095,140205.07,140873.72,True,False
Emergent_anticipation_belief_revision_33c93c,Emergent_autonomy_collective_461851,0.9345141780657147,140205.07,140893.96,True,False
Emergent_anticipation_belief_revision_33c93c,Emergent_constraint_ego_dissolution_a6d82d,0.9276930777158794,140205.07,140949.99,True,False
Emergent_anticipation_belief_revision_33c93c,Emergent_anticipation_belief_revision_946a18,0.9297314273193968,140205.07,140950.33,True,False
Emergent_anticipation_belief_revision_33c93c,Emergent_appears_asymmetry_ecd8f7,0.9318004159893036,140205.07,141010.53,True,False
Emergent_anticipation_belief_revision_33c93c,Emergent_anticipation_belief_revision_b7ed14,0.9344713399275579,140205.07,141029.87,True,False
Emergent_anticipation_belief_revision_33c93c,Emergent_identity_observed_39cc84,0.9344722484256831,140205.07,141030.21,True,False
Emergent_anticipation_belief_revision_33c93c,Emergent_carefully_coherence_d9db0f,0.9300340553826028,140205.07,141071.79,True,False
Emergent_anticipation_belief_revision_33c93c,Emergent_carefully_coherence_247f20,0.9269657449736299,140205.07,141114.56,True,False
Emergent_anticipation_belief_revision_33c93c,Emergent_bounded_contradiction_d8e7d7,0.9206268996842772,140205.07,141157.73,True,False
Emergent_anticipation_belief_revision_33c93c,Emergent_belief_revision_bounded_6b3318,0.9273001441641984,140205.07,141158.07,True,False
Emergent_anticipation_belief_revision_33c93c,Emergent_bounded_coupling_53a5ef,0.9296677217627562,140205.07,141177.87,True,False
Emergent_anticipation_belief_revision_33c93c,Emergent_carefully_coherence_6373e7,0.9308598234120196,140205.07,141200.46,True,False
Emergent_anticipation_belief_revision_33c93c,Emergent_belief_revision_carefully_00c1f3,0.8968661011130539,140205.07,141223.53,True,False
Emergent_anticipation_belief_revision_33c93c,Emergent_boundary_carefully_70bae7,0.8837493467580841,140205.07,141333.66,True,False
Emergent_appears_asymmetry_8ccc17,Emergent_bounded_contradiction_ae6a76,0.9342843261662319,140219.39,140235.14,True,False
Emergent_appears_asymmetry_8ccc17,Emergent_belief_revision_constraint_06aa6f,0.932992998643525,140219.39,140251.07,True,False
Emergent_appears_asymmetry_8ccc17,Emergent_constraint_focused_4a6458,0.9340635373050599,140219.39,140251.41,True,False
Emergent_appears_asymmetry_8ccc17,Emergent_anticipation_autonomy_a66f28,0.9294031844488884,140219.39,140266.4,True,False
Emergent_appears_asymmetry_8ccc17,Emergent_autonomy_carefully_dedeae,0.9276239618585045,140219.39,140266.74,True,False
Emergent_appears_asymmetry_8ccc17,Emergent_bounded_coherence_a2e9f5,0.933331838548916,140219.39,140297.75,True,False
Emergent_appears_asymmetry_8ccc17,Emergent_constraint_contradiction_97fd6d,0.92565842247217,140219.39,140330.59,True,False
Emergent_appears_asymmetry_8ccc17,Emergent_constraint_contradiction_8d2c9c,0.9216965078120227,140219.39,140330.93,True,False
Emergent_appears_asymmetry_8ccc17,Emergent_anticipation_autonomy_beca79,0.9327417348938813,140219.39,140347.33,True,False
Emergent_appears_asymmetry_8ccc17,Emergent_clarity_constraint_2bef20,0.9252994841978925,140219.39,140364.62,True,False
Emergent_appears_asymmetry_8ccc17,Emergent_clarity_constraint_bf278c,0.9333725292604858,140219.39,140364.96,True,False
Emergent_appears_asymmetry_8ccc17,Emergent_clarity_collective_093fe2,0.9214058395713094,140219.39,140380.94,True,False
Emergent_appears_asymmetry_8ccc17,Emergent_autonomy_clarity_dc06c1,0.9317584716616809,140219.39,140381.28,True,False
Emergent_appears_asymmetry_8ccc17,Emergent_clarity_ethical_4e34b8,0.935863950125257,140219.39,140397.31,True,False
Emergent_appears_asymmetry_8ccc17,Emergent_anticipation_belief_revision_8334e7,0.9372221513645844,140219.39,140397.65,True,False
Emergent_appears_asymmetry_8ccc17,Emergent_autonomy_boundary_346ebd,0.937222514460462,140219.39,140487.02,True,False
Emergent_appears_asymmetry_8ccc17,Emergent_appears_asymmetry_3bd743,0.9290496123530254,140219.39,140508.74,True,False
Emergent_appears_asymmetry_8ccc17,Emergent_abstraction_ambiguity_824c3b,0.936278681912845,140219.39,140546.25,True,False
Emergent_appears_asymmetry_8ccc17,Emergent_analogy_attention_3c3dd6,0.9269271306741174,140219.39,140564.64,True,False
Emergent_appears_asymmetry_8ccc17,Emergent_appears_asymmetry_3bcc7d,0.9320915977254782,140219.39,140584.08,True,False
Emergent_appears_asymmetry_8ccc17,Emergent_appears_asymmetry_1f204a,0.9206330581893156,140219.39,140622.84,True,False
Emergent_appears_asymmetry_8ccc17,Emergent_autonomy_bounded_94d9e2,0.9347193048397828,140219.39,140643.22,True,False
Emergent_appears_asymmetry_8ccc17,Emergent_coherence_continuity_398b4b,0.9372191429100882,140219.39,140658.62,True,False
Emergent_appears_asymmetry_8ccc17,Emergent_anticipation_belief_revision_5bbdf5,0.9372175357598704,140219.39,140677.17,True,False
Emergent_appears_asymmetry_8ccc17,Emergent_boundary_contradiction_77a85f,0.937223446168667,140219.39,140694.74,True,False
Emergent_appears_asymmetry_8ccc17,Emergent_boundary_contradiction_133a24,0.9340152315816121,140219.39,140695.08,True,False
Emergent_appears_asymmetry_8ccc17,Emergent_boundary_bounded_497fce,0.9348368091733201,140219.39,140714.67,True,False
Emergent_appears_asymmetry_8ccc17,Emergent_boundary_coherence_b7a0b8,0.9372168652200477,140219.39,140733.42,True,False
Emergent_appears_asymmetry_8ccc17,Emergent_boundary_carefully_576a67,0.9313728412554285,140219.39,140751.6,True,False
Emergent_appears_asymmetry_8ccc17,Emergent_anticipation_boundary_af2ea2,0.9132127062859661,140219.39,140751.94,True,False
Emergent_appears_asymmetry_8ccc17,Emergent_autonomy_belief_revision_3c3131,0.9371860026474104,140219.39,140770.5,True,False
Emergent_appears_asymmetry_8ccc17,Emergent_boundary_coherence_6b5325,0.934366960576007,140219.39,140788.25,True,False
Emergent_appears_asymmetry_8ccc17,Emergent_autonomy_boundary_625a34,0.9287759500299915,140219.39,140810.15,True,False
Emergent_appears_asymmetry_8ccc17,Emergent_bounded_coupling_df3c79,0.937205276023658,140219.39,140873.38,True,False
Emergent_appears_asymmetry_8ccc17,Emergent_bounded_hypothesis_41336a,0.9355268172059148,140219.39,140873.72,True,False
Emergent_appears_asymmetry_8ccc17,Emergent_autonomy_collective_461851,0.9364057127025067,140219.39,140893.96,True,False
Emergent_appears_asymmetry_8ccc17,Emergent_constraint_ego_dissolution_a6d82d,0.9276930777158794,140219.39,140949.99,True,False
Emergent_appears_asymmetry_8ccc17,Emergent_anticipation_belief_revision_946a18,0.9297314273193968,140219.39,140950.33,True,False
Emergent_appears_asymmetry_8ccc17,Emergent_appears_asymmetry_ecd8f7,0.9318004159893036,140219.39,141010.53,True,False
Emergent_appears_asymmetry_8ccc17,Emergent_anticipation_belief_revision_b7ed14,0.9352280205281425,140219.39,141029.87,True,False
Emergent_appears_asymmetry_8ccc17,Emergent_identity_observed_39cc84,0.9370748012249281,140219.39,141030.21,True,False
Emergent_appears_asymmetry_8ccc17,Emergent_carefully_coherence_d9db0f,0.9300340553826028,140219.39,141071.79,True,False
Emergent_appears_asymmetry_8ccc17,Emergent_carefully_coherence_247f20,0.9269657449736299,140219.39,141114.56,True,False
Emergent_appears_asymmetry_8ccc17,Emergent_bounded_contradiction_d8e7d7,0.9206268996842772,140219.39,141157.73,True,False
Emergent_appears_asymmetry_8ccc17,Emergent_belief_revision_bounded_6b3318,0.9273001441641984,140219.39,141158.07,True,False
Emergent_appears_asymmetry_8ccc17,Emergent_bounded_coupling_53a5ef,0.9296677217627562,140219.39,141177.87,True,False
Emergent_appears_asymmetry_8ccc17,Emergent_carefully_coherence_6373e7,0.933395640012145,140219.39,141200.46,True,False
Emergent_appears_asymmetry_8ccc17,Emergent_belief_revision_carefully_00c1f3,0.8968661011130539,140219.39,141223.53,True,False
Emergent_appears_asymmetry_8ccc17,Emergent_boundary_carefully_70bae7,0.8887644811370046,140219.39,141333.66,True,False
Emergent_bounded_contradiction_ae6a76,Emergent_belief_revision_constraint_06aa6f,0.9329929977063238,140235.14,140251.07,True,False
Emergent_bounded_contradiction_ae6a76,Emergent_constraint_focused_4a6458,0.9340635363594143,140235.14,140251.41,True,False
Emergent_bounded_contradiction_ae6a76,Emergent_anticipation_autonomy_a66f28,0.9294031844488884,140235.14,140266.4,True,False
Emergent_bounded_contradiction_ae6a76,Emergent_autonomy_carefully_dedeae,0.9276239618585045,140235.14,140266.74,True,False
Emergent_bounded_contradiction_ae6a76,Emergent_bounded_coherence_a2e9f5,0.933331838548916,140235.14,140297.75,True,False
Emergent_bounded_contradiction_ae6a76,Emergent_constraint_contradiction_97fd6d,0.92565842247217,140235.14,140330.59,True,False
Emergent_bounded_contradiction_ae6a76,Emergent_constraint_contradiction_8d2c9c,0.9216965078120227,140235.14,140330.93,True,False
Emergent_bounded_contradiction_ae6a76,Emergent_anticipation_autonomy_beca79,0.9327417348938813,140235.14,140347.33,True,False
Emergent_bounded_contradiction_ae6a76,Emergent_clarity_constraint_2bef20,0.9252994841978925,140235.14,140364.62,True,False
Emergent_bounded_contradiction_ae6a76,Emergent_clarity_constraint_bf278c,0.9333725292604858,140235.14,140364.96,True,False
Emergent_bounded_contradiction_ae6a76,Emergent_clarity_collective_093fe2,0.9214058395713094,140235.14,140380.94,True,False
Emergent_bounded_contradiction_ae6a76,Emergent_autonomy_clarity_dc06c1,0.9317584716616809,140235.14,140381.28,True,False
Emergent_bounded_contradiction_ae6a76,Emergent_clarity_ethical_4e34b8,0.9342841023906823,140235.14,140397.31,True,False
Emergent_bounded_contradiction_ae6a76,Emergent_anticipation_belief_revision_8334e7,0.9342841033782081,140235.14,140397.65,True,False
Emergent_bounded_contradiction_ae6a76,Emergent_autonomy_boundary_346ebd,0.9342844720924806,140235.14,140487.02,True,False
Emergent_bounded_contradiction_ae6a76,Emergent_appears_asymmetry_3bd743,0.9290496123530254,140235.14,140508.74,True,False
Emergent_bounded_contradiction_ae6a76,Emergent_abstraction_ambiguity_824c3b,0.9342843235955531,140235.14,140546.25,True,False
Emergent_bounded_contradiction_ae6a76,Emergent_analogy_attention_3c3dd6,0.9269271306741174,140235.14,140564.64,True,False
Emergent_bounded_contradiction_ae6a76,Emergent_appears_asymmetry_3bcc7d,0.9320915977254782,140235.14,140584.08,True,False
Emergent_bounded_contradiction_ae6a76,Emergent_appears_asymmetry_1f204a,0.9206330581893156,140235.14,140622.84,True,False
Emergent_bounded_contradiction_ae6a76,Emergent_autonomy_bounded_94d9e2,0.9342834869997774,140235.14,140643.22,True,False
Emergent_bounded_contradiction_ae6a76,Emergent_coherence_continuity_398b4b,0.9342810932914225,140235.14,140658.62,True,False
Emergent_bounded_contradiction_ae6a76,Emergent_anticipation_belief_revision_5bbdf5,0.9342795219860356,140235.14,140677.17,True,False
Emergent_bounded_contradiction_ae6a76,Emergent_boundary_contradiction_77a85f,0.9342856167221543,140235.14,140694.74,True,False
Emergent_bounded_contradiction_ae6a76,Emergent_boundary_contradiction_133a24,0.9340152315816121,140235.14,140695.08,True,False
Emergent_bounded_contradiction_ae6a76,Emergent_boundary_bounded_497fce,0.9342846507504274,140235.14,140714.67,True,False
Emergent_bounded_contradiction_ae6a76,Emergent_boundary_coherence_b7a0b8,0.9342784778616173,140235.14,140733.42,True,False
Emergent_bounded_contradiction_ae6a76,Emergent_boundary_carefully_576a67,0.9313728412554285,140235.14,140751.6,True,False
Emergent_bounded_contradiction_ae6a76,Emergent_anticipation_boundary_af2ea2,0.9132127062859661,140235.14,140751.94,True,False
Emergent_bounded_contradiction_ae6a76,Emergent_autonomy_belief_revision_3c3131,0.9342482931029703,140235.14,140770.5,True,False
Emergent_bounded_contradiction_ae6a76,Emergent_boundary_coherence_6b5325,0.9343105171860406,140235.14,140788.25,True,False
Emergent_bounded_contradiction_ae6a76,Emergent_autonomy_boundary_625a34,0.9287759500299915,140235.14,140810.15,True,False
Emergent_bounded_contradiction_ae6a76,Emergent_bounded_coupling_df3c79,0.9342680732858291,140235.14,140873.38,True,False
Emergent_bounded_contradiction_ae6a76,Emergent_bounded_hypothesis_41336a,0.9342680732858291,140235.14,140873.72,True,False
Emergent_bounded_contradiction_ae6a76,Emergent_autonomy_collective_461851,0.9342386592448981,140235.14,140893.96,True,False
Emergent_bounded_contradiction_ae6a76,Emergent_constraint_ego_dissolution_a6d82d,0.9276930777158794,140235.14,140949.99,True,False
Emergent_bounded_contradiction_ae6a76,Emergent_anticipation_belief_revision_946a18,0.9297314273193968,140235.14,140950.33,True,False
Emergent_bounded_contradiction_ae6a76,Emergent_appears_asymmetry_ecd8f7,0.9318004159893036,140235.14,141010.53,True,False
Emergent_bounded_contradiction_ae6a76,Emergent_anticipation_belief_revision_b7ed14,0.9342019304646116,140235.14,141029.87,True,False
Emergent_bounded_contradiction_ae6a76,Emergent_identity_observed_39cc84,0.9342028368826705,140235.14,141030.21,True,False
Emergent_bounded_contradiction_ae6a76,Emergent_carefully_coherence_d9db0f,0.9300340553826028,140235.14,141071.79,True,False
Emergent_bounded_contradiction_ae6a76,Emergent_carefully_coherence_247f20,0.9269657449736299,140235.14,141114.56,True,False
Emergent_bounded_contradiction_ae6a76,Emergent_bounded_contradiction_d8e7d7,0.9206268996842772,140235.14,141157.73,True,False
Emergent_bounded_contradiction_ae6a76,Emergent_belief_revision_bounded_6b3318,0.9273001441641984,140235.14,141158.07,True,False
Emergent_bounded_contradiction_ae6a76,Emergent_bounded_coupling_53a5ef,0.9296677217627562,140235.14,141177.87,True,False
Emergent_bounded_contradiction_ae6a76,Emergent_carefully_coherence_6373e7,0.9305973202792357,140235.14,141200.46,True,False
Emergent_bounded_contradiction_ae6a76,Emergent_belief_revision_carefully_00c1f3,0.8968661011130539,140235.14,141223.53,True,False
Emergent_bounded_contradiction_ae6a76,Emergent_boundary_carefully_70bae7,0.8832301891479741,140235.14,141333.66,True,False
Emergent_belief_revision_constraint_06aa6f,Emergent_constraint_focused_4a6458,0.9329929937415431,140251.07,140251.41,True,False
Emergent_belief_revision_constraint_06aa6f,Emergent_anticipation_autonomy_a66f28,0.9294031788480142,140251.07,140266.4,True,False
Emergent_belief_revision_constraint_06aa6f,Emergent_autonomy_carefully_dedeae,0.9276239562576301,140251.07,140266.74,True,False
Emergent_belief_revision_constraint_06aa6f,Emergent_bounded_coherence_a2e9f5,0.9329930267193145,140251.07,140297.75,True,False
Emergent_belief_revision_constraint_06aa6f,Emergent_constraint_contradiction_97fd6d,0.92565842247217,140251.07,140330.59,True,False
Emergent_belief_revision_constraint_06aa6f,Emergent_constraint_contradiction_8d2c9c,0.9216965078120227,140251.07,140330.93,True,False
Emergent_belief_revision_constraint_06aa6f,Emergent_anticipation_autonomy_beca79,0.9327417348938813,140251.07,140347.33,True,False
Emergent_belief_revision_constraint_06aa6f,Emergent_clarity_constraint_2bef20,0.9252994841978925,140251.07,140364.62,True,False
Emergent_belief_revision_constraint_06aa6f,Emergent_clarity_constraint_bf278c,0.9329930183470525,140251.07,140364.96,True,False
Emergent_belief_revision_constraint_06aa6f,Emergent_clarity_collective_093fe2,0.9214058395713094,140251.07,140380.94,True,False
Emergent_belief_revision_constraint_06aa6f,Emergent_autonomy_clarity_dc06c1,0.9317584716616809,140251.07,140381.28,True,False
Emergent_belief_revision_constraint_06aa6f,Emergent_clarity_ethical_4e34b8,0.9329928006223611,140251.07,140397.31,True,False
Emergent_belief_revision_constraint_06aa6f,Emergent_anticipation_belief_revision_8334e7,0.9329928016030069,140251.07,140397.65,True,False
Emergent_belief_revision_constraint_06aa6f,Emergent_autonomy_boundary_346ebd,0.9329931727866201,140251.07,140487.02,True,False
Emergent_belief_revision_constraint_06aa6f,Emergent_appears_asymmetry_3bd743,0.9290496123530254,140251.07,140508.74,True,False
Emergent_belief_revision_constraint_06aa6f,Emergent_abstraction_ambiguity_824c3b,0.9329930242896927,140251.07,140546.25,True,False
Emergent_belief_revision_constraint_06aa6f,Emergent_analogy_attention_3c3dd6,0.9269271306741174,140251.07,140564.64,True,False
Emergent_belief_revision_constraint_06aa6f,Emergent_appears_asymmetry_3bcc7d,0.9320915977254782,140251.07,140584.08,True,False
Emergent_belief_revision_constraint_06aa6f,Emergent_appears_asymmetry_1f204a,0.9206330581893156,140251.07,140622.84,True,False
Emergent_belief_revision_constraint_06aa6f,Emergent_autonomy_bounded_94d9e2,0.9329921589526986,140251.07,140643.22,True,False
Emergent_belief_revision_constraint_06aa6f,Emergent_coherence_continuity_398b4b,0.9329897909809661,140251.07,140658.62,True,False
Emergent_belief_revision_constraint_06aa6f,Emergent_anticipation_belief_revision_5bbdf5,0.9329882354297423,140251.07,140677.17,True,False
Emergent_belief_revision_constraint_06aa6f,Emergent_boundary_contradiction_77a85f,0.93299441117957,140251.07,140694.74,True,False
Emergent_belief_revision_constraint_06aa6f,Emergent_boundary_contradiction_133a24,0.93299441117957,140251.07,140695.08,True,False
Emergent_belief_revision_constraint_06aa6f,Emergent_boundary_bounded_497fce,0.9329934452078432,140251.07,140714.67,True,False
Emergent_belief_revision_constraint_06aa6f,Emergent_boundary_coherence_b7a0b8,0.9329870271111431,140251.07,140733.42,True,False
Emergent_belief_revision_constraint_06aa6f,Emergent_boundary_carefully_576a67,0.9313728412554285,140251.07,140751.6,True,False
Emergent_belief_revision_constraint_06aa6f,Emergent_anticipation_boundary_af2ea2,0.9132127062859661,140251.07,140751.94,True,False
Emergent_belief_revision_constraint_06aa6f,Emergent_autonomy_belief_revision_3c3131,0.9329571402585513,140251.07,140770.5,True,False
Emergent_belief_revision_constraint_06aa6f,Emergent_boundary_coherence_6b5325,0.9330195870882161,140251.07,140788.25,True,False
Emergent_belief_revision_constraint_06aa6f,Emergent_autonomy_boundary_625a34,0.9287759500299915,140251.07,140810.15,True,False
Emergent_belief_revision_constraint_06aa6f,Emergent_bounded_coupling_df3c79,0.9329771431880043,140251.07,140873.38,True,False
Emergent_belief_revision_constraint_06aa6f,Emergent_bounded_hypothesis_41336a,0.9329771431880043,140251.07,140873.72,True,False
Emergent_belief_revision_constraint_06aa6f,Emergent_autonomy_collective_461851,0.9329477880276946,140251.07,140893.96,True,False
Emergent_belief_revision_constraint_06aa6f,Emergent_constraint_ego_dissolution_a6d82d,0.9276930777158794,140251.07,140949.99,True,False
Emergent_belief_revision_constraint_06aa6f,Emergent_anticipation_belief_revision_946a18,0.9297314273193968,140251.07,140950.33,True,False
Emergent_belief_revision_constraint_06aa6f,Emergent_appears_asymmetry_ecd8f7,0.9318004159893036,140251.07,141010.53,True,False
Emergent_belief_revision_constraint_06aa6f,Emergent_anticipation_belief_revision_b7ed14,0.9329396830423522,140251.07,141029.87,True,False
Emergent_belief_revision_constraint_06aa6f,Emergent_identity_observed_39cc84,0.9329405797148045,140251.07,141030.21,True,False
Emergent_belief_revision_constraint_06aa6f,Emergent_carefully_coherence_d9db0f,0.9297930628313194,140251.07,141071.79,True,False
Emergent_belief_revision_constraint_06aa6f,Emergent_carefully_coherence_247f20,0.9269657449736299,140251.07,141114.56,True,False
Emergent_belief_revision_constraint_06aa6f,Emergent_bounded_contradiction_d8e7d7,0.9206268996842772,140251.07,141157.73,True,False
Emergent_belief_revision_constraint_06aa6f,Emergent_belief_revision_bounded_6b3318,0.9273001441641984,140251.07,141158.07,True,False
Emergent_belief_revision_constraint_06aa6f,Emergent_bounded_coupling_53a5ef,0.9296677217627562,140251.07,141177.87,True,False
Emergent_belief_revision_constraint_06aa6f,Emergent_carefully_coherence_6373e7,0.9293674306566966,140251.07,141200.46,True,False
Emergent_belief_revision_constraint_06aa6f,Emergent_belief_revision_carefully_00c1f3,0.8968661011130539,140251.07,141223.53,True,False
Emergent_belief_revision_constraint_06aa6f,Emergent_boundary_carefully_70bae7,0.8807978122450202,140251.07,141333.66,True,False
Emergent_constraint_focused_4a6458,Emergent_anticipation_autonomy_a66f28,0.9294031788785391,140251.41,140266.4,True,False
Emergent_constraint_focused_4a6458,Emergent_autonomy_carefully_dedeae,0.9276239562881552,140251.41,140266.74,True,False
Emergent_constraint_focused_4a6458,Emergent_bounded_coherence_a2e9f5,0.9333318329785667,140251.41,140297.75,True,False
Emergent_constraint_focused_4a6458,Emergent_constraint_contradiction_97fd6d,0.92565842247217,140251.41,140330.59,True,False
Emergent_constraint_focused_4a6458,Emergent_constraint_contradiction_8d2c9c,0.9216965078120227,140251.41,140330.93,True,False
Emergent_constraint_focused_4a6458,Emergent_anticipation_autonomy_beca79,0.9327417348938813,140251.41,140347.33,True,False
Emergent_constraint_focused_4a6458,Emergent_clarity_constraint_2bef20,0.9252994841978925,140251.41,140364.62,True,False
Emergent_constraint_focused_4a6458,Emergent_clarity_constraint_bf278c,0.9333725292604858,140251.41,140364.96,True,False
Emergent_constraint_focused_4a6458,Emergent_clarity_collective_093fe2,0.9214058395713094,140251.41,140380.94,True,False
Emergent_constraint_focused_4a6458,Emergent_autonomy_clarity_dc06c1,0.9317584716616809,140251.41,140381.28,True,False
Emergent_constraint_focused_4a6458,Emergent_clarity_ethical_4e34b8,0.93406333989865,140251.41,140397.31,True,False
Emergent_constraint_focused_4a6458,Emergent_anticipation_belief_revision_8334e7,0.9340633408849996,140251.41,140397.65,True,False
Emergent_constraint_focused_4a6458,Emergent_autonomy_boundary_346ebd,0.9340637100214333,140251.41,140487.02,True,False
Emergent_constraint_focused_4a6458,Emergent_appears_asymmetry_3bd743,0.9290496123530254,140251.41,140508.74,True,False
Emergent_constraint_focused_4a6458,Emergent_abstraction_ambiguity_824c3b,0.9340635615245061,140251.41,140546.25,True,False
Emergent_constraint_focused_4a6458,Emergent_analogy_attention_3c3dd6,0.9269271306741174,140251.41,140564.64,True,False
Emergent_constraint_focused_4a6458,Emergent_appears_asymmetry_3bcc7d,0.9320915977254782,140251.41,140584.08,True,False
Emergent_constraint_focused_4a6458,Emergent_appears_asymmetry_1f204a,0.9206330581893156,140251.41,140622.84,True,False
Emergent_constraint_focused_4a6458,Emergent_autonomy_bounded_94d9e2,0.9340627200150973,140251.41,140643.22,True,False
Emergent_constraint_focused_4a6458,Emergent_coherence_continuity_398b4b,0.9340603307067061,140251.41,140658.62,True,False
Emergent_constraint_focused_4a6458,Emergent_anticipation_belief_revision_5bbdf5,0.9340587620946696,140251.41,140677.17,True,False
Emergent_constraint_focused_4a6458,Emergent_boundary_contradiction_77a85f,0.9340648706809886,140251.41,140694.74,True,False
Emergent_constraint_focused_4a6458,Emergent_boundary_contradiction_133a24,0.9340152315816121,140251.41,140695.08,True,False
Emergent_constraint_focused_4a6458,Emergent_boundary_bounded_497fce,0.9340639047092618,140251.41,140714.67,True,False
Emergent_constraint_focused_4a6458,Emergent_boundary_coherence_b7a0b8,0.9340576898994184,140251.41,140733.42,True,False
Emergent_constraint_focused_4a6458,Emergent_boundary_carefully_576a67,0.9313728412554285,140251.41,140751.6,True,False
Emergent_constraint_focused_4a6458,Emergent_anticipation_boundary_af2ea2,0.9132127062859661,140251.41,140751.94,True,False
Emergent_constraint_focused_4a6458,Emergent_autonomy_belief_revision_3c3131,0.9340275560711462,140251.41,140770.5,True,False
Emergent_constraint_focused_4a6458,Emergent_boundary_coherence_6b5325,0.93408981823524,140251.41,140788.25,True,False
Emergent_constraint_focused_4a6458,Emergent_autonomy_boundary_625a34,0.9287759500299915,140251.41,140810.15,True,False
Emergent_constraint_focused_4a6458,Emergent_bounded_coupling_df3c79,0.9340473743350284,140251.41,140873.38,True,False
Emergent_constraint_focused_4a6458,Emergent_bounded_hypothesis_41336a,0.9340473743350284,140251.41,140873.72,True,False
Emergent_constraint_focused_4a6458,Emergent_autonomy_collective_461851,0.9340179703603988,140251.41,140893.96,True,False
Emergent_constraint_focused_4a6458,Emergent_constraint_ego_dissolution_a6d82d,0.9276930777158794,140251.41,140949.99,True,False
Emergent_constraint_focused_4a6458,Emergent_anticipation_belief_revision_946a18,0.9297314273193968,140251.41,140950.33,True,False
Emergent_constraint_focused_4a6458,Emergent_appears_asymmetry_ecd8f7,0.9318004159893036,140251.41,141010.53,True,False
Emergent_constraint_focused_4a6458,Emergent_anticipation_belief_revision_b7ed14,0.9339861351382708,140251.41,141029.87,True,False
Emergent_constraint_focused_4a6458,Emergent_identity_observed_39cc84,0.9339870398902088,140251.41,141030.21,True,False
Emergent_constraint_focused_4a6458,Emergent_carefully_coherence_d9db0f,0.9300340553826028,140251.41,141071.79,True,False
Emergent_constraint_focused_4a6458,Emergent_carefully_coherence_247f20,0.9269657449736299,140251.41,141114.56,True,False
Emergent_constraint_focused_4a6458,Emergent_bounded_contradiction_d8e7d7,0.9206268996842772,140251.41,141157.73,True,False
Emergent_constraint_focused_4a6458,Emergent_belief_revision_bounded_6b3318,0.9273001441641984,140251.41,141158.07,True,False
Emergent_constraint_focused_4a6458,Emergent_bounded_coupling_53a5ef,0.9296677217627562,140251.41,141177.87,True,False
Emergent_constraint_focused_4a6458,Emergent_carefully_coherence_6373e7,0.930387056880968,140251.41,141200.46,True,False
Emergent_constraint_focused_4a6458,Emergent_belief_revision_carefully_00c1f3,0.8968661011130539,140251.41,141223.53,True,False
Emergent_constraint_focused_4a6458,Emergent_boundary_carefully_70bae7,0.8828143470885645,140251.41,141333.66,True,False
Emergent_anticipation_autonomy_a66f28,Emergent_autonomy_carefully_dedeae,0.9276239532444486,140266.4,140266.74,True,False
Emergent_anticipation_autonomy_a66f28,Emergent_bounded_coherence_a2e9f5,0.9294031765838808,140266.4,140297.75,True,False
Emergent_anticipation_autonomy_a66f28,Emergent_constraint_contradiction_97fd6d,0.92565842247217,140266.4,140330.59,True,False
Emergent_anticipation_autonomy_a66f28,Emergent_constraint_contradiction_8d2c9c,0.9216965078120227,140266.4,140330.93,True,False
Emergent_anticipation_autonomy_a66f28,Emergent_anticipation_autonomy_beca79,0.9294031777762435,140266.4,140347.33,True,False
Emergent_anticipation_autonomy_a66f28,Emergent_clarity_constraint_2bef20,0.9252994841978925,140266.4,140364.62,True,False
Emergent_anticipation_autonomy_a66f28,Emergent_clarity_constraint_bf278c,0.9294031712248003,140266.4,140364.96,True,False
Emergent_anticipation_autonomy_a66f28,Emergent_clarity_collective_093fe2,0.9214058395713094,140266.4,140380.94,True,False
Emergent_anticipation_autonomy_a66f28,Emergent_autonomy_clarity_dc06c1,0.9294031592232714,140266.4,140381.28,True,False
Emergent_anticipation_autonomy_a66f28,Emergent_clarity_ethical_4e34b8,0.9294029510062798,140266.4,140397.31,True,False
Emergent_anticipation_autonomy_a66f28,Emergent_anticipation_belief_revision_8334e7,0.9294029519677978,140266.4,140397.65,True,False
Emergent_anticipation_autonomy_a66f28,Emergent_autonomy_boundary_346ebd,0.9294033300162374,140266.4,140487.02,True,False
Emergent_anticipation_autonomy_a66f28,Emergent_appears_asymmetry_3bd743,0.9290496123530254,140266.4,140508.74,True,False
Emergent_anticipation_autonomy_a66f28,Emergent_abstraction_ambiguity_824c3b,0.92940318151931,140266.4,140546.25,True,False
Emergent_anticipation_autonomy_a66f28,Emergent_analogy_attention_3c3dd6,0.9269271306741174,140266.4,140564.64,True,False
Emergent_anticipation_autonomy_a66f28,Emergent_appears_asymmetry_3bcc7d,0.9294030621914222,140266.4,140584.08,True,False
Emergent_anticipation_autonomy_a66f28,Emergent_appears_asymmetry_1f204a,0.9206330581893156,140266.4,140622.84,True,False
Emergent_anticipation_autonomy_a66f28,Emergent_autonomy_bounded_94d9e2,0.9294022362810466,140266.4,140643.22,True,False
Emergent_anticipation_autonomy_a66f28,Emergent_coherence_continuity_398b4b,0.9293999398577355,140266.4,140658.62,True,False
Emergent_anticipation_autonomy_a66f28,Emergent_anticipation_belief_revision_5bbdf5,0.92939842810346,140266.4,140677.17,True,False
Emergent_anticipation_autonomy_a66f28,Emergent_boundary_contradiction_77a85f,0.9294048290733246,140266.4,140694.74,True,False
Emergent_anticipation_autonomy_a66f28,Emergent_boundary_contradiction_133a24,0.9294048290733246,140266.4,140695.08,True,False
Emergent_anticipation_autonomy_a66f28,Emergent_boundary_bounded_497fce,0.9294038631015975,140266.4,140714.67,True,False
Emergent_anticipation_autonomy_a66f28,Emergent_boundary_coherence_b7a0b8,0.9293967633211335,140266.4,140733.42,True,False
Emergent_anticipation_autonomy_a66f28,Emergent_boundary_carefully_576a67,0.9293701131932883,140266.4,140751.6,True,False
Emergent_anticipation_autonomy_a66f28,Emergent_anticipation_boundary_af2ea2,0.9132127062859661,140266.4,140751.94,True,False
Emergent_anticipation_autonomy_a66f28,Emergent_autonomy_belief_revision_3c3131,0.9293677046544575,140266.4,140770.5,True,False
Emergent_anticipation_autonomy_a66f28,Emergent_boundary_coherence_6b5325,0.929430770724951,140266.4,140788.25,True,False
Emergent_anticipation_autonomy_a66f28,Emergent_autonomy_boundary_625a34,0.9287759500299915,140266.4,140810.15,True,False
Emergent_anticipation_autonomy_a66f28,Emergent_bounded_coupling_df3c79,0.9293883268247394,140266.4,140873.38,True,False
Emergent_anticipation_autonomy_a66f28,Emergent_bounded_hypothesis_41336a,0.9293883268247394,140266.4,140873.72,True,False
Emergent_anticipation_autonomy_a66f28,Emergent_autonomy_collective_461851,0.9293591353539572,140266.4,140893.96,True,False
Emergent_anticipation_autonomy_a66f28,Emergent_constraint_ego_dissolution_a6d82d,0.9276930777158794,140266.4,140949.99,True,False
Emergent_anticipation_autonomy_a66f28,Emergent_anticipation_belief_revision_946a18,0.9287544835832049,140266.4,140950.33,True,False
Emergent_anticipation_autonomy_a66f28,Emergent_appears_asymmetry_ecd8f7,0.9290725095313748,140266.4,141010.53,True,False
Emergent_anticipation_autonomy_a66f28,Emergent_anticipation_belief_revision_b7ed14,0.9294306051990768,140266.4,141029.87,True,False
Emergent_anticipation_autonomy_a66f28,Emergent_identity_observed_39cc84,0.9294314747785122,140266.4,141030.21,True,False
Emergent_anticipation_autonomy_a66f28,Emergent_carefully_coherence_d9db0f,0.9261166526700244,140266.4,141071.79,True,False
Emergent_anticipation_autonomy_a66f28,Emergent_carefully_coherence_247f20,0.9269657449736299,140266.4,141114.56,True,False
Emergent_anticipation_autonomy_a66f28,Emergent_bounded_contradiction_d8e7d7,0.9206268996842772,140266.4,141157.73,True,False
Emergent_anticipation_autonomy_a66f28,Emergent_belief_revision_bounded_6b3318,0.9273001441641984,140266.4,141158.07,True,False
Emergent_anticipation_autonomy_a66f28,Emergent_bounded_coupling_53a5ef,0.9276777485659369,140266.4,141177.87,True,False
Emergent_anticipation_autonomy_a66f28,Emergent_carefully_coherence_6373e7,0.925948308265937,140266.4,141200.46,True,False
Emergent_anticipation_autonomy_a66f28,Emergent_belief_revision_carefully_00c1f3,0.8968661011130539,140266.4,141223.53,True,False
Emergent_anticipation_autonomy_a66f28,Emergent_boundary_carefully_70bae7,0.8740357466260844,140266.4,141333.66,True,False
Emergent_autonomy_carefully_dedeae,Emergent_bounded_coherence_a2e9f5,0.9276239539934967,140266.74,140297.75,True,False
Emergent_autonomy_carefully_dedeae,Emergent_constraint_contradiction_97fd6d,0.92565842247217,140266.74,140330.59,True,False
Emergent_autonomy_carefully_dedeae,Emergent_constraint_contradiction_8d2c9c,0.9216965078120227,140266.74,140330.93,True,False
Emergent_autonomy_carefully_dedeae,Emergent_anticipation_autonomy_beca79,0.9276239551858596,140266.74,140347.33,True,False
Emergent_autonomy_carefully_dedeae,Emergent_clarity_constraint_2bef20,0.9252994841978925,140266.74,140364.62,True,False
Emergent_autonomy_carefully_dedeae,Emergent_clarity_constraint_bf278c,0.9276239486344164,140266.74,140364.96,True,False
Emergent_autonomy_carefully_dedeae,Emergent_clarity_collective_093fe2,0.9214058395713094,140266.74,140380.94,True,False
Emergent_autonomy_carefully_dedeae,Emergent_autonomy_clarity_dc06c1,0.9276239366736905,140266.74,140381.28,True,False
Emergent_autonomy_carefully_dedeae,Emergent_clarity_ethical_4e34b8,0.9276237271798884,140266.74,140397.31,True,False
Emergent_autonomy_carefully_dedeae,Emergent_anticipation_belief_revision_8334e7,0.9276237281319264,140266.74,140397.65,True,False
Emergent_autonomy_carefully_dedeae,Emergent_autonomy_boundary_346ebd,0.9276241095827544,140266.74,140487.02,True,False
Emergent_autonomy_carefully_dedeae,Emergent_appears_asymmetry_3bd743,0.9276240446153488,140266.74,140508.74,True,False
Emergent_autonomy_carefully_dedeae,Emergent_abstraction_ambiguity_824c3b,0.927623961085827,140266.74,140546.25,True,False
Emergent_autonomy_carefully_dedeae,Emergent_analogy_attention_3c3dd6,0.9269271306741174,140266.74,140564.64,True,False
Emergent_autonomy_carefully_dedeae,Emergent_appears_asymmetry_3bcc7d,0.927623841757939,140266.74,140584.08,True,False
Emergent_autonomy_carefully_dedeae,Emergent_appears_asymmetry_1f204a,0.9206330581893156,140266.74,140622.84,True,False
Emergent_autonomy_carefully_dedeae,Emergent_autonomy_bounded_94d9e2,0.9276229762463941,140266.74,140643.22,True,False
Emergent_autonomy_carefully_dedeae,Emergent_coherence_continuity_398b4b,0.9276207152843616,140266.74,140658.62,True,False
Emergent_autonomy_carefully_dedeae,Emergent_anticipation_belief_revision_5bbdf5,0.9276192252370044,140266.74,140677.17,True,False
Emergent_autonomy_carefully_dedeae,Emergent_boundary_contradiction_77a85f,0.9276257378318391,140266.74,140694.74,True,False
Emergent_autonomy_carefully_dedeae,Emergent_boundary_contradiction_133a24,0.9276257378318391,140266.74,140695.08,True,False
Emergent_autonomy_carefully_dedeae,Emergent_boundary_bounded_497fce,0.9276247718601125,140266.74,140714.67,True,False
Emergent_autonomy_carefully_dedeae,Emergent_boundary_coherence_b7a0b8,0.9276173342192573,140266.74,140733.42,True,False
Emergent_autonomy_carefully_dedeae,Emergent_boundary_carefully_576a67,0.9275910792247055,140266.74,140751.6,True,False
Emergent_autonomy_carefully_dedeae,Emergent_anticipation_boundary_af2ea2,0.9132127062859661,140266.74,140751.94,True,False
Emergent_autonomy_carefully_dedeae,Emergent_autonomy_belief_revision_3c3131,0.9275886860232894,140266.74,140770.5,True,False
Emergent_autonomy_carefully_dedeae,Emergent_boundary_coherence_6b5325,0.9276520590058139,140266.74,140788.25,True,False
Emergent_autonomy_carefully_dedeae,Emergent_autonomy_boundary_625a34,0.9276463115688727,140266.74,140810.15,True,False
Emergent_autonomy_carefully_dedeae,Emergent_bounded_coupling_df3c79,0.9276096151056024,140266.74,140873.38,True,False
Emergent_autonomy_carefully_dedeae,Emergent_bounded_hypothesis_41336a,0.9276096151056024,140266.74,140873.72,True,False
Emergent_autonomy_carefully_dedeae,Emergent_autonomy_collective_461851,0.9275805047636523,140266.74,140893.96,True,False
Emergent_autonomy_carefully_dedeae,Emergent_constraint_ego_dissolution_a6d82d,0.9269710627217769,140266.74,140949.99,True,False
Emergent_autonomy_carefully_dedeae,Emergent_anticipation_belief_revision_946a18,0.9269735534818593,140266.74,140950.33,True,False
Emergent_autonomy_carefully_dedeae,Emergent_appears_asymmetry_ecd8f7,0.9272498267188547,140266.74,141010.53,True,False
Emergent_autonomy_carefully_dedeae,Emergent_anticipation_belief_revision_b7ed14,0.9276914139863173,140266.74,141029.87,True,False
Emergent_autonomy_carefully_dedeae,Emergent_identity_observed_39cc84,0.927692270137741,140266.74,141030.21,True,False
Emergent_autonomy_carefully_dedeae,Emergent_carefully_coherence_d9db0f,0.9242945271622425,140266.74,141071.79,True,False
Emergent_autonomy_carefully_dedeae,Emergent_carefully_coherence_247f20,0.9269657449736299,140266.74,141114.56,True,False
Emergent_autonomy_carefully_dedeae,Emergent_bounded_contradiction_d8e7d7,0.9206268996842772,140266.74,141157.73,True,False
Emergent_autonomy_carefully_dedeae,Emergent_belief_revision_bounded_6b3318,0.9257813736048597,140266.74,141158.07,True,False
Emergent_autonomy_carefully_dedeae,Emergent_bounded_coupling_53a5ef,0.9259831416398596,140266.74,141177.87,True,False
Emergent_autonomy_carefully_dedeae,Emergent_carefully_coherence_6373e7,0.9242537013398597,140266.74,141200.46,True,False
Emergent_autonomy_carefully_dedeae,Emergent_belief_revision_carefully_00c1f3,0.8968661011130539,140266.74,141223.53,True,False
Emergent_autonomy_carefully_dedeae,Emergent_boundary_carefully_70bae7,0.8706842891692217,140266.74,141333.66,True,False
Emergent_bounded_coherence_a2e9f5,Emergent_constraint_contradiction_97fd6d,0.92565842247217,140297.75,140330.59,True,False
Emergent_bounded_coherence_a2e9f5,Emergent_constraint_contradiction_8d2c9c,0.9216965078120227,140297.75,140330.93,True,False
Emergent_bounded_coherence_a2e9f5,Emergent_anticipation_autonomy_beca79,0.9327417348938813,140297.75,140347.33,True,False
Emergent_bounded_coherence_a2e9f5,Emergent_clarity_constraint_2bef20,0.9252994841978925,140297.75,140364.62,True,False
Emergent_bounded_coherence_a2e9f5,Emergent_clarity_constraint_bf278c,0.9333318245757796,140297.75,140364.96,True,False
Emergent_bounded_coherence_a2e9f5,Emergent_clarity_collective_093fe2,0.9214058395713094,140297.75,140380.94,True,False
Emergent_bounded_coherence_a2e9f5,Emergent_autonomy_clarity_dc06c1,0.9317584716616809,140297.75,140381.28,True,False
Emergent_bounded_coherence_a2e9f5,Emergent_clarity_ethical_4e34b8,0.9333316070864532,140297.75,140397.31,True,False
Emergent_bounded_coherence_a2e9f5,Emergent_anticipation_belief_revision_8334e7,0.9333316080689043,140297.75,140397.65,True,False
Emergent_bounded_coherence_a2e9f5,Emergent_autonomy_boundary_346ebd,0.9333319786046219,140297.75,140487.02,True,False
Emergent_bounded_coherence_a2e9f5,Emergent_appears_asymmetry_3bd743,0.9290496123530254,140297.75,140508.74,True,False
Emergent_bounded_coherence_a2e9f5,Emergent_abstraction_ambiguity_824c3b,0.9333318301076945,140297.75,140546.25,True,False
Emergent_bounded_coherence_a2e9f5,Emergent_analogy_attention_3c3dd6,0.9269271306741174,140297.75,140564.64,True,False
Emergent_bounded_coherence_a2e9f5,Emergent_appears_asymmetry_3bcc7d,0.9320915977254782,140297.75,140584.08,True,False
Emergent_bounded_coherence_a2e9f5,Emergent_appears_asymmetry_1f204a,0.9206330581893156,140297.75,140622.84,True,False
Emergent_bounded_coherence_a2e9f5,Emergent_autonomy_bounded_94d9e2,0.9333309723117036,140297.75,140643.22,True,False
Emergent_bounded_coherence_a2e9f5,Emergent_coherence_continuity_398b4b,0.9333285975873014,140297.75,140658.62,True,False
Emergent_bounded_coherence_a2e9f5,Emergent_anticipation_belief_revision_5bbdf5,0.9333270379025649,140297.75,140677.17,True,False
Emergent_bounded_coherence_a2e9f5,Emergent_boundary_contradiction_77a85f,0.9333331923963477,140297.75,140694.74,True,False
Emergent_bounded_coherence_a2e9f5,Emergent_boundary_contradiction_133a24,0.9333331923963477,140297.75,140695.08,True,False
Emergent_bounded_coherence_a2e9f5,Emergent_boundary_bounded_497fce,0.9333322264246209,140297.75,140714.67,True,False
Emergent_bounded_coherence_a2e9f5,Emergent_boundary_coherence_b7a0b8,0.9333258726645619,140297.75,140733.42,True,False
Emergent_bounded_coherence_a2e9f5,Emergent_boundary_carefully_576a67,0.9313728412554285,140297.75,140751.6,True,False
Emergent_bounded_coherence_a2e9f5,Emergent_anticipation_boundary_af2ea2,0.9132127062859661,140297.75,140751.94,True,False
Emergent_bounded_coherence_a2e9f5,Emergent_autonomy_belief_revision_3c3131,0.9332959076486007,140297.75,140770.5,True,False
Emergent_bounded_coherence_a2e9f5,Emergent_boundary_coherence_6b5325,0.9333582960349271,140297.75,140788.25,True,False
Emergent_bounded_coherence_a2e9f5,Emergent_autonomy_boundary_625a34,0.9287759500299915,140297.75,140810.15,True,False
Emergent_bounded_coherence_a2e9f5,Emergent_bounded_coupling_df3c79,0.9333158521347154,140297.75,140873.38,True,False
Emergent_bounded_coherence_a2e9f5,Emergent_bounded_hypothesis_41336a,0.9333158521347154,140297.75,140873.72,True,False
Emergent_bounded_coherence_a2e9f5,Emergent_autonomy_collective_461851,0.9332864815255497,140297.75,140893.96,True,False
Emergent_bounded_coherence_a2e9f5,Emergent_constraint_ego_dissolution_a6d82d,0.9276930777158794,140297.75,140949.99,True,False
Emergent_bounded_coherence_a2e9f5,Emergent_anticipation_belief_revision_946a18,0.9297314273193968,140297.75,140950.33,True,False
Emergent_bounded_coherence_a2e9f5,Emergent_appears_asymmetry_ecd8f7,0.9318004159893036,140297.75,141010.53,True,False
Emergent_bounded_coherence_a2e9f5,Emergent_anticipation_belief_revision_b7ed14,0.9332708663462372,140297.75,141029.87,True,False
Emergent_bounded_coherence_a2e9f5,Emergent_identity_observed_39cc84,0.9332717655757019,140297.75,141030.21,True,False
Emergent_bounded_coherence_a2e9f5,Emergent_carefully_coherence_d9db0f,0.9300340553826028,140297.75,141071.79,True,False
Emergent_bounded_coherence_a2e9f5,Emergent_carefully_coherence_247f20,0.9269657449736299,140297.75,141114.56,True,False
Emergent_bounded_coherence_a2e9f5,Emergent_bounded_contradiction_d8e7d7,0.9206268996842772,140297.75,141157.73,True,False
Emergent_bounded_coherence_a2e9f5,Emergent_belief_revision_bounded_6b3318,0.9273001441641984,140297.75,141158.07,True,False
Emergent_bounded_coherence_a2e9f5,Emergent_bounded_coupling_53a5ef,0.9296677217627562,140297.75,141177.87,True,False
Emergent_bounded_coherence_a2e9f5,Emergent_carefully_coherence_6373e7,0.9296901240537467,140297.75,141200.46,True,False
Emergent_bounded_coherence_a2e9f5,Emergent_belief_revision_carefully_00c1f3,0.8968661011130539,140297.75,141223.53,True,False
Emergent_bounded_coherence_a2e9f5,Emergent_boundary_carefully_70bae7,0.8814360093249334,140297.75,141333.66,True,False
Emergent_constraint_contradiction_97fd6d,Emergent_constraint_contradiction_8d2c9c,0.9216964971113324,140330.59,140330.93,True,False
Emergent_constraint_contradiction_97fd6d,Emergent_anticipation_autonomy_beca79,0.9256584178861598,140330.59,140347.33,True,False
Emergent_constraint_contradiction_97fd6d,Emergent_clarity_constraint_2bef20,0.9252994841978925,140330.59,140364.62,True,False
Emergent_constraint_contradiction_97fd6d,Emergent_clarity_constraint_bf278c,0.9256584113347166,140330.59,140364.96,True,False
Emergent_constraint_contradiction_97fd6d,Emergent_clarity_collective_093fe2,0.9214058395713094,140330.59,140380.94,True,False
Emergent_constraint_contradiction_97fd6d,Emergent_autonomy_clarity_dc06c1,0.9256583994083221,140330.59,140381.28,True,False
Emergent_constraint_contradiction_97fd6d,Emergent_clarity_ethical_4e34b8,0.9256581888402065,140330.59,140397.31,True,False
Emergent_constraint_contradiction_97fd6d,Emergent_anticipation_belief_revision_8334e7,0.925658189784268,140330.59,140397.65,True,False
Emergent_constraint_contradiction_97fd6d,Emergent_autonomy_boundary_346ebd,0.9256585740978807,140330.59,140487.02,True,False
Emergent_constraint_contradiction_97fd6d,Emergent_appears_asymmetry_3bd743,0.925658509130475,140330.59,140508.74,True,False
Emergent_constraint_contradiction_97fd6d,Emergent_abstraction_ambiguity_824c3b,0.9256584256009532,140330.59,140546.25,True,False
Emergent_constraint_contradiction_97fd6d,Emergent_analogy_attention_3c3dd6,0.9256584388596076,140330.59,140564.64,True,False
Emergent_constraint_contradiction_97fd6d,Emergent_appears_asymmetry_3bcc7d,0.9256583062730652,140330.59,140584.08,True,False
Emergent_constraint_contradiction_97fd6d,Emergent_appears_asymmetry_1f204a,0.9206330581893156,140330.59,140622.84,True,False
Emergent_constraint_contradiction_97fd6d,Emergent_autonomy_bounded_94d9e2,0.9256574074409203,140330.59,140643.22,True,False
Emergent_constraint_contradiction_97fd6d,Emergent_coherence_continuity_398b4b,0.9256551763161651,140330.59,140658.62,True,False
Emergent_constraint_contradiction_97fd6d,Emergent_anticipation_belief_revision_5bbdf5,0.9256537045331061,140330.59,140677.17,True,False
Emergent_constraint_contradiction_97fd6d,Emergent_boundary_contradiction_77a85f,0.9256603110496873,140330.59,140694.74,True,False
Emergent_constraint_contradiction_97fd6d,Emergent_boundary_contradiction_133a24,0.9256603110496873,140330.59,140695.08,True,False
Emergent_constraint_contradiction_97fd6d,Emergent_boundary_bounded_497fce,0.9256593450779604,140330.59,140714.67,True,False
Emergent_constraint_contradiction_97fd6d,Emergent_boundary_coherence_b7a0b8,0.9256516231598684,140330.59,140733.42,True,False
Emergent_constraint_contradiction_97fd6d,Emergent_boundary_carefully_576a67,0.9256257006322293,140330.59,140751.6,True,False
Emergent_constraint_contradiction_97fd6d,Emergent_anticipation_boundary_af2ea2,0.9132127062859661,140330.59,140751.94,True,False
Emergent_constraint_contradiction_97fd6d,Emergent_autonomy_belief_revision_3c3131,0.9256233203357815,140330.59,140770.5,True,False
Emergent_constraint_contradiction_97fd6d,Emergent_boundary_coherence_6b5325,0.9256869515554556,140330.59,140788.25,True,False
Emergent_constraint_contradiction_97fd6d,Emergent_autonomy_boundary_625a34,0.9256812041185141,140330.59,140810.15,True,False
Emergent_constraint_contradiction_97fd6d,Emergent_bounded_coupling_df3c79,0.925644507655244,140330.59,140873.38,True,False
Emergent_constraint_contradiction_97fd6d,Emergent_bounded_hypothesis_41336a,0.925644507655244,140330.59,140873.72,True,False
Emergent_constraint_contradiction_97fd6d,Emergent_autonomy_collective_461851,0.9256154655754543,140330.59,140893.96,True,False
Emergent_constraint_contradiction_97fd6d,Emergent_constraint_ego_dissolution_a6d82d,0.9250041055883347,140330.59,140949.99,True,False
Emergent_constraint_contradiction_97fd6d,Emergent_anticipation_belief_revision_946a18,0.925006579474835,140330.59,140950.33,True,False
Emergent_constraint_contradiction_97fd6d,Emergent_appears_asymmetry_ecd8f7,0.9252477217947732,140330.59,141010.53,True,False
Emergent_constraint_contradiction_97fd6d,Emergent_anticipation_belief_revision_b7ed14,0.9257595592659627,140330.59,141029.87,True,False
Emergent_constraint_contradiction_97fd6d,Emergent_identity_observed_39cc84,0.925760404118998,140330.59,141030.21,True,False
Emergent_constraint_contradiction_97fd6d,Emergent_carefully_coherence_d9db0f,0.9222928911568484,140330.59,141071.79,True,False
Emergent_constraint_contradiction_97fd6d,Emergent_carefully_coherence_247f20,0.9261468342938006,140330.59,141114.56,True,False
Emergent_constraint_contradiction_97fd6d,Emergent_bounded_contradiction_d8e7d7,0.9206268996842772,140330.59,141157.73,True,False
Emergent_constraint_contradiction_97fd6d,Emergent_belief_revision_bounded_6b3318,0.9238870323018005,140330.59,141158.07,True,False
Emergent_constraint_contradiction_97fd6d,Emergent_bounded_coupling_53a5ef,0.9240888003368004,140330.59,141177.87,True,False
Emergent_constraint_contradiction_97fd6d,Emergent_carefully_coherence_6373e7,0.9223593600368005,140330.59,141200.46,True,False
Emergent_constraint_contradiction_97fd6d,Emergent_belief_revision_carefully_00c1f3,0.8968661011130539,140330.59,141223.53,True,False
Emergent_constraint_contradiction_97fd6d,Emergent_boundary_carefully_70bae7,0.8673958664535732,140330.59,141333.66,True,False
Emergent_constraint_contradiction_8d2c9c,Emergent_anticipation_autonomy_beca79,0.9216965032260125,140330.93,140347.33,True,False
Emergent_constraint_contradiction_8d2c9c,Emergent_clarity_constraint_2bef20,0.9216964966745693,140330.93,140364.62,True,False
Emergent_constraint_contradiction_8d2c9c,Emergent_clarity_constraint_bf278c,0.9216964966745693,140330.93,140364.96,True,False
Emergent_constraint_contradiction_8d2c9c,Emergent_clarity_collective_093fe2,0.9214058395713094,140330.93,140380.94,True,False
Emergent_constraint_contradiction_8d2c9c,Emergent_autonomy_clarity_dc06c1,0.9216964847875249,140330.93,140381.28,True,False
Emergent_constraint_contradiction_8d2c9c,Emergent_clarity_ethical_4e34b8,0.9216962729880582,140330.93,140397.31,True,False
Emergent_constraint_contradiction_8d2c9c,Emergent_anticipation_belief_revision_8334e7,0.921696273922977,140330.93,140397.65,True,False
Emergent_constraint_contradiction_8d2c9c,Emergent_autonomy_boundary_346ebd,0.9216966615178415,140330.93,140487.02,True,False
Emergent_constraint_contradiction_8d2c9c,Emergent_appears_asymmetry_3bd743,0.9216965965504356,140330.93,140508.74,True,False
Emergent_constraint_contradiction_8d2c9c,Emergent_abstraction_ambiguity_824c3b,0.921696513020914,140330.93,140546.25,True,False
Emergent_constraint_contradiction_8d2c9c,Emergent_analogy_attention_3c3dd6,0.9216965262795682,140330.93,140564.64,True,False
Emergent_constraint_contradiction_8d2c9c,Emergent_appears_asymmetry_3bcc7d,0.9216963936930258,140330.93,140584.08,True,False
Emergent_constraint_contradiction_8d2c9c,Emergent_appears_asymmetry_1f204a,0.9206330581893156,140330.93,140622.84,True,False
Emergent_constraint_contradiction_8d2c9c,Emergent_autonomy_bounded_94d9e2,0.9216954566696498,140330.93,140643.22,True,False
Emergent_constraint_contradiction_8d2c9c,Emergent_coherence_continuity_398b4b,0.9216932597436294,140330.93,140658.62,True,False
Emergent_constraint_contradiction_8d2c9c,Emergent_anticipation_belief_revision_5bbdf5,0.9216918088946477,140330.93,140677.17,True,False
Emergent_constraint_contradiction_8d2c9c,Emergent_boundary_contradiction_77a85f,0.9216985230619652,140330.93,140694.74,True,False
Emergent_constraint_contradiction_8d2c9c,Emergent_boundary_contradiction_133a24,0.9216985230619652,140330.93,140695.08,True,False
Emergent_constraint_contradiction_8d2c9c,Emergent_boundary_bounded_497fce,0.9216975570902384,140330.93,140714.67,True,False
Emergent_constraint_contradiction_8d2c9c,Emergent_boundary_coherence_b7a0b8,0.9216895093407502,140330.93,140733.42,True,False
Emergent_constraint_contradiction_8d2c9c,Emergent_boundary_carefully_576a67,0.9216639678782967,140330.93,140751.6,True,False
Emergent_constraint_contradiction_8d2c9c,Emergent_anticipation_boundary_af2ea2,0.9132127062859661,140330.93,140751.94,True,False
Emergent_constraint_contradiction_8d2c9c,Emergent_autonomy_belief_revision_3c3131,0.9216616023731989,140330.93,140770.5,True,False
Emergent_constraint_contradiction_8d2c9c,Emergent_boundary_coherence_6b5325,0.9217255295777769,140330.93,140788.25,True,False
Emergent_constraint_contradiction_8d2c9c,Emergent_autonomy_boundary_625a34,0.9217197821408354,140330.93,140810.15,True,False
Emergent_constraint_contradiction_8d2c9c,Emergent_bounded_coupling_df3c79,0.9216830856775653,140330.93,140873.38,True,False
Emergent_constraint_contradiction_8d2c9c,Emergent_bounded_hypothesis_41336a,0.9216830856775653,140330.93,140873.72,True,False
Emergent_constraint_contradiction_8d2c9c,Emergent_autonomy_collective_461851,0.9216541218381418,140330.93,140893.96,True,False
Emergent_constraint_contradiction_8d2c9c,Emergent_constraint_ego_dissolution_a6d82d,0.9210405635505792,140330.93,140949.99,True,False
Emergent_constraint_contradiction_8d2c9c,Emergent_anticipation_belief_revision_946a18,0.9210430180970057,140330.93,140950.33,True,False
Emergent_constraint_contradiction_8d2c9c,Emergent_appears_asymmetry_ecd8f7,0.9212438942462851,140330.93,141010.53,True,False
Emergent_constraint_contradiction_8d2c9c,Emergent_anticipation_belief_revision_b7ed14,0.9218362507283349,140330.93,141029.87,True,False
Emergent_constraint_contradiction_8d2c9c,Emergent_identity_observed_39cc84,0.9218370826314424,140330.93,141030.21,True,False
Emergent_constraint_contradiction_8d2c9c,Emergent_carefully_coherence_d9db0f,0.9182896010711279,140330.93,141071.79,True,False
Emergent_constraint_contradiction_8d2c9c,Emergent_carefully_coherence_247f20,0.9222665226884856,140330.93,141114.56,True,False
Emergent_constraint_contradiction_8d2c9c,Emergent_bounded_contradiction_d8e7d7,0.9200067206964855,140330.93,141157.73,True,False
Emergent_constraint_contradiction_8d2c9c,Emergent_belief_revision_bounded_6b3318,0.9200067206964855,140330.93,141158.07,True,False
Emergent_constraint_contradiction_8d2c9c,Emergent_bounded_coupling_53a5ef,0.9202084887314854,140330.93,141177.87,True,False
Emergent_constraint_contradiction_8d2c9c,Emergent_carefully_coherence_6373e7,0.9184790484314855,140330.93,141200.46,True,False
Emergent_constraint_contradiction_8d2c9c,Emergent_belief_revision_carefully_00c1f3,0.8968661011130539,140330.93,141223.53,True,False
Emergent_constraint_contradiction_8d2c9c,Emergent_boundary_carefully_70bae7,0.8619176939105693,140330.93,141333.66,True,False
Emergent_anticipation_autonomy_beca79,Emergent_clarity_constraint_2bef20,0.9252994841978925,140347.33,140364.62,True,False
Emergent_anticipation_autonomy_beca79,Emergent_clarity_constraint_bf278c,0.9327417283424382,140347.33,140364.96,True,False
Emergent_anticipation_autonomy_beca79,Emergent_clarity_collective_093fe2,0.9214058395713094,140347.33,140380.94,True,False
Emergent_anticipation_autonomy_beca79,Emergent_autonomy_clarity_dc06c1,0.9317584716616809,140347.33,140381.28,True,False
Emergent_anticipation_autonomy_beca79,Emergent_clarity_ethical_4e34b8,0.9327415104431782,140347.33,140397.31,True,False
Emergent_anticipation_autonomy_beca79,Emergent_anticipation_belief_revision_8334e7,0.9327415114224848,140347.33,140397.65,True,False
Emergent_anticipation_autonomy_beca79,Emergent_autonomy_boundary_346ebd,0.9327418830866374,140347.33,140487.02,True,False
Emergent_anticipation_autonomy_beca79,Emergent_appears_asymmetry_3bd743,0.9290496123530254,140347.33,140508.74,True,False
Emergent_anticipation_autonomy_beca79,Emergent_abstraction_ambiguity_824c3b,0.93274173458971,140347.33,140546.25,True,False
Emergent_anticipation_autonomy_beca79,Emergent_analogy_attention_3c3dd6,0.9269271306741174,140347.33,140564.64,True,False
Emergent_anticipation_autonomy_beca79,Emergent_appears_asymmetry_3bcc7d,0.9320915977254782,140347.33,140584.08,True,False
Emergent_anticipation_autonomy_beca79,Emergent_appears_asymmetry_1f204a,0.9206330581893156,140347.33,140622.84,True,False
Emergent_anticipation_autonomy_beca79,Emergent_autonomy_bounded_94d9e2,0.9327408636596115,140347.33,140643.22,True,False
Emergent_anticipation_autonomy_beca79,Emergent_coherence_continuity_398b4b,0.9327385006962825,140347.33,140658.62,True,False
Emergent_anticipation_autonomy_beca79,Emergent_anticipation_belief_revision_5bbdf5,0.9327369482108536,140347.33,140677.17,True,False
Emergent_anticipation_autonomy_beca79,Emergent_boundary_contradiction_77a85f,0.9327431397261281,140347.33,140694.74,True,False
Emergent_anticipation_autonomy_beca79,Emergent_boundary_contradiction_133a24,0.9327431397261281,140347.33,140695.08,True,False
Emergent_anticipation_autonomy_beca79,Emergent_boundary_bounded_497fce,0.9327421737544013,140347.33,140714.67,True,False
Emergent_anticipation_autonomy_beca79,Emergent_boundary_coherence_b7a0b8,0.9327357079397036,140347.33,140733.42,True,False
Emergent_anticipation_autonomy_beca79,Emergent_boundary_carefully_576a67,0.9313728412554285,140347.33,140751.6,True,False
Emergent_anticipation_autonomy_beca79,Emergent_anticipation_boundary_af2ea2,0.9132127062859661,140347.33,140751.94,True,False
Emergent_anticipation_autonomy_beca79,Emergent_autonomy_belief_revision_3c3131,0.9327058790602889,140347.33,140770.5,True,False
Emergent_anticipation_autonomy_beca79,Emergent_boundary_coherence_6b5325,0.9327683692369333,140347.33,140788.25,True,False
Emergent_anticipation_autonomy_beca79,Emergent_autonomy_boundary_625a34,0.9287759500299915,140347.33,140810.15,True,False
Emergent_anticipation_autonomy_beca79,Emergent_bounded_coupling_df3c79,0.9327259253367217,140347.33,140873.38,True,False
Emergent_anticipation_autonomy_beca79,Emergent_bounded_hypothesis_41336a,0.9327259253367217,140347.33,140873.72,True,False
Emergent_anticipation_autonomy_beca79,Emergent_autonomy_collective_461851,0.9326965816347115,140347.33,140893.96,True,False
Emergent_anticipation_autonomy_beca79,Emergent_constraint_ego_dissolution_a6d82d,0.9276930777158794,140347.33,140949.99,True,False
Emergent_anticipation_autonomy_beca79,Emergent_anticipation_belief_revision_946a18,0.9297314273193968,140347.33,140950.33,True,False
Emergent_anticipation_autonomy_beca79,Emergent_appears_asymmetry_ecd8f7,0.9318004159893036,140347.33,141010.53,True,False
Emergent_anticipation_autonomy_beca79,Emergent_anticipation_belief_revision_b7ed14,0.9326940469031519,140347.33,141029.87,True,False
Emergent_anticipation_autonomy_beca79,Emergent_identity_observed_39cc84,0.932694941679088,140347.33,141030.21,True,False
Emergent_anticipation_autonomy_beca79,Emergent_carefully_coherence_d9db0f,0.9295357133969466,140347.33,141071.79,True,False
Emergent_anticipation_autonomy_beca79,Emergent_carefully_coherence_247f20,0.9269657449736299,140347.33,141114.56,True,False
Emergent_anticipation_autonomy_beca79,Emergent_bounded_contradiction_d8e7d7,0.9206268996842772,140347.33,141157.73,True,False
Emergent_anticipation_autonomy_beca79,Emergent_belief_revision_bounded_6b3318,0.9273001441641984,140347.33,141158.07,True,False
Emergent_anticipation_autonomy_beca79,Emergent_bounded_coupling_53a5ef,0.9296677217627562,140347.33,141177.87,True,False
Emergent_anticipation_autonomy_beca79,Emergent_carefully_coherence_6373e7,0.9291280914168651,140347.33,141200.46,True,False
Emergent_anticipation_autonomy_beca79,Emergent_belief_revision_carefully_00c1f3,0.8968661011130539,140347.33,141223.53,True,False
Emergent_anticipation_autonomy_beca79,Emergent_boundary_carefully_70bae7,0.8803244663217211,140347.33,141333.66,True,False
Emergent_clarity_constraint_2bef20,Emergent_clarity_constraint_bf278c,0.9252994623597488,140364.62,140364.96,True,False
Emergent_clarity_constraint_2bef20,Emergent_clarity_collective_093fe2,0.9214058395713094,140364.62,140380.94,True,False
Emergent_clarity_constraint_2bef20,Emergent_autonomy_clarity_dc06c1,0.9252994722750629,140364.62,140381.28,True,False
Emergent_clarity_constraint_2bef20,Emergent_clarity_ethical_4e34b8,0.9252992615953939,140364.62,140397.31,True,False
Emergent_clarity_constraint_2bef20,Emergent_anticipation_belief_revision_8334e7,0.9252992625386272,140364.62,140397.65,True,False
Emergent_clarity_constraint_2bef20,Emergent_autonomy_boundary_346ebd,0.9252996471495027,140364.62,140487.02,True,False
Emergent_clarity_constraint_2bef20,Emergent_appears_asymmetry_3bd743,0.9252995821820968,140364.62,140508.74,True,False
Emergent_clarity_constraint_2bef20,Emergent_abstraction_ambiguity_824c3b,0.9252994986525755,140364.62,140546.25,True,False
Emergent_clarity_constraint_2bef20,Emergent_analogy_attention_3c3dd6,0.9252995119112297,140364.62,140564.64,True,False
Emergent_clarity_constraint_2bef20,Emergent_appears_asymmetry_3bcc7d,0.9252993793246871,140364.62,140584.08,True,False
Emergent_clarity_constraint_2bef20,Emergent_appears_asymmetry_1f204a,0.9206330581893156,140364.62,140622.84,True,False
Emergent_clarity_constraint_2bef20,Emergent_autonomy_bounded_94d9e2,0.925298477032632,140364.62,140643.22,True,False
Emergent_clarity_constraint_2bef20,Emergent_coherence_continuity_398b4b,0.9252962490060896,140364.62,140658.62,True,False
Emergent_clarity_constraint_2bef20,Emergent_anticipation_belief_revision_5bbdf5,0.9252947791195401,140364.62,140677.17,True,False
Emergent_clarity_constraint_2bef20,Emergent_boundary_contradiction_77a85f,0.9253013953886711,140364.62,140694.74,True,False
Emergent_clarity_constraint_2bef20,Emergent_boundary_contradiction_133a24,0.9253013953886711,140364.62,140695.08,True,False
Emergent_clarity_constraint_2bef20,Emergent_boundary_bounded_497fce,0.9253004294169442,140364.62,140714.67,True,False
Emergent_clarity_constraint_2bef20,Emergent_boundary_coherence_b7a0b8,0.9252926779803641,140364.62,140733.42,True,False
Emergent_clarity_constraint_2bef20,Emergent_boundary_carefully_576a67,0.9252667899750828,140364.62,140751.6,True,False
Emergent_clarity_constraint_2bef20,Emergent_anticipation_boundary_af2ea2,0.9132127062859661,140364.62,140751.94,True,False
Emergent_clarity_constraint_2bef20,Emergent_autonomy_belief_revision_3c3131,0.9252644110186483,140364.62,140770.5,True,False
Emergent_clarity_constraint_2bef20,Emergent_boundary_coherence_6b5325,0.9253280690528862,140364.62,140788.25,True,False
Emergent_clarity_constraint_2bef20,Emergent_autonomy_boundary_625a34,0.9253223216159447,140364.62,140810.15,True,False
Emergent_clarity_constraint_2bef20,Emergent_bounded_coupling_df3c79,0.9252856251526744,140364.62,140873.38,True,False
Emergent_clarity_constraint_2bef20,Emergent_bounded_hypothesis_41336a,0.9252856251526744,140364.62,140873.72,True,False
Emergent_clarity_constraint_2bef20,Emergent_autonomy_collective_461851,0.9252565901610212,140364.62,140893.96,True,False
Emergent_clarity_constraint_2bef20,Emergent_constraint_ego_dissolution_a6d82d,0.9246450310202721,140364.62,140949.99,True,False
Emergent_clarity_constraint_2bef20,Emergent_anticipation_belief_revision_946a18,0.9246475031546708,140364.62,140950.33,True,False
Emergent_clarity_constraint_2bef20,Emergent_appears_asymmetry_ecd8f7,0.9248849975865079,140364.62,141010.53,True,False
Emergent_clarity_constraint_2bef20,Emergent_anticipation_belief_revision_b7ed14,0.925404129626235,140364.62,141029.87,True,False
Emergent_clarity_constraint_2bef20,Emergent_identity_observed_39cc84,0.9254049733060798,140364.62,141030.21,True,False
Emergent_clarity_constraint_2bef20,Emergent_carefully_coherence_d9db0f,0.9219302156396805,140364.62,141071.79,True,False
Emergent_clarity_constraint_2bef20,Emergent_carefully_coherence_247f20,0.9257952999337875,140364.62,141114.56,True,False
Emergent_clarity_constraint_2bef20,Emergent_bounded_contradiction_d8e7d7,0.9206268996842772,140364.62,141157.73,True,False
Emergent_clarity_constraint_2bef20,Emergent_belief_revision_bounded_6b3318,0.9235354979417876,140364.62,141158.07,True,False
Emergent_clarity_constraint_2bef20,Emergent_bounded_coupling_53a5ef,0.9237372659767875,140364.62,141177.87,True,False
Emergent_clarity_constraint_2bef20,Emergent_carefully_coherence_6373e7,0.9220078256767876,140364.62,141200.46,True,False
Emergent_clarity_constraint_2bef20,Emergent_belief_revision_carefully_00c1f3,0.8968661011130539,140364.62,141223.53,True,False
Emergent_clarity_constraint_2bef20,Emergent_boundary_carefully_70bae7,0.8668995748989705,140364.62,141333.66,True,False
Emergent_clarity_constraint_bf278c,Emergent_clarity_collective_093fe2,0.9214058395713094,140364.96,140380.94,True,False
Emergent_clarity_constraint_bf278c,Emergent_autonomy_clarity_dc06c1,0.9317584716616809,140364.96,140381.28,True,False
Emergent_clarity_constraint_bf278c,Emergent_clarity_ethical_4e34b8,0.9333723117994368,140364.96,140397.31,True,False
Emergent_clarity_constraint_bf278c,Emergent_anticipation_belief_revision_8334e7,0.9333723127821045,140364.96,140397.65,True,False
Emergent_clarity_constraint_bf278c,Emergent_autonomy_boundary_346ebd,0.9333726832399831,140364.96,140487.02,True,False
Emergent_clarity_constraint_bf278c,Emergent_appears_asymmetry_3bd743,0.9290496123530254,140364.96,140508.74,True,False
Emergent_clarity_constraint_bf278c,Emergent_abstraction_ambiguity_824c3b,0.9333725347430557,140364.96,140546.25,True,False
Emergent_clarity_constraint_bf278c,Emergent_analogy_attention_3c3dd6,0.9269271306741174,140364.96,140564.64,True,False
Emergent_clarity_constraint_bf278c,Emergent_appears_asymmetry_3bcc7d,0.9320915977254782,140364.96,140584.08,True,False
Emergent_clarity_constraint_bf278c,Emergent_appears_asymmetry_1f204a,0.9206330581893156,140364.96,140622.84,True,False
Emergent_clarity_constraint_bf278c,Emergent_autonomy_bounded_94d9e2,0.9333716778530521,140364.96,140643.22,True,False
Emergent_clarity_constraint_bf278c,Emergent_coherence_continuity_398b4b,0.9333693023173741,140364.96,140658.62,True,False
Emergent_clarity_constraint_bf278c,Emergent_anticipation_belief_revision_5bbdf5,0.9333677421360314,140364.96,140677.17,True,False
Emergent_clarity_constraint_bf278c,Emergent_boundary_contradiction_77a85f,0.9333738940760812,140364.96,140694.74,True,False
Emergent_clarity_constraint_bf278c,Emergent_boundary_contradiction_133a24,0.9333738940760812,140364.96,140695.08,True,False
Emergent_clarity_constraint_bf278c,Emergent_boundary_bounded_497fce,0.9333729281043543,140364.96,140714.67,True,False
Emergent_clarity_constraint_bf278c,Emergent_boundary_coherence_b7a0b8,0.9333665820737951,140364.96,140733.42,True,False
Emergent_clarity_constraint_bf278c,Emergent_boundary_carefully_576a67,0.9313728412554285,140364.96,140751.6,True,False
Emergent_clarity_constraint_bf278c,Emergent_anticipation_boundary_af2ea2,0.9132127062859661,140364.96,140751.94,True,False
Emergent_clarity_constraint_bf278c,Emergent_autonomy_belief_revision_3c3131,0.9333366076671701,140364.96,140770.5,True,False
Emergent_clarity_constraint_bf278c,Emergent_boundary_coherence_6b5325,0.9333989890320271,140364.96,140788.25,True,False
Emergent_clarity_constraint_bf278c,Emergent_autonomy_boundary_625a34,0.9287759500299915,140364.96,140810.15,True,False
Emergent_clarity_constraint_bf278c,Emergent_bounded_coupling_df3c79,0.9333565451318153,140364.96,140873.38,True,False
Emergent_clarity_constraint_bf278c,Emergent_bounded_hypothesis_41336a,0.9333565451318153,140364.96,140873.72,True,False
Emergent_clarity_constraint_bf278c,Emergent_autonomy_collective_461851,0.9333271726666013,140364.96,140893.96,True,False
Emergent_clarity_constraint_bf278c,Emergent_constraint_ego_dissolution_a6d82d,0.9276930777158794,140364.96,140949.99,True,False
Emergent_clarity_constraint_bf278c,Emergent_anticipation_belief_revision_946a18,0.9297314273193968,140364.96,140950.33,True,False
Emergent_clarity_constraint_bf278c,Emergent_appears_asymmetry_ecd8f7,0.9318004159893036,140364.96,141010.53,True,False
Emergent_clarity_constraint_bf278c,Emergent_anticipation_belief_revision_b7ed14,0.9333106552014045,140364.96,141029.87,True,False
Emergent_clarity_constraint_bf278c,Emergent_identity_observed_39cc84,0.9333115547380724,140364.96,141030.21,True,False
Emergent_clarity_constraint_bf278c,Emergent_carefully_coherence_d9db0f,0.9300340553826028,140364.96,141071.79,True,False
Emergent_clarity_constraint_bf278c,Emergent_carefully_coherence_247f20,0.9269657449736299,140364.96,141114.56,True,False
Emergent_clarity_constraint_bf278c,Emergent_bounded_contradiction_d8e7d7,0.9206268996842772,140364.96,141157.73,True,False
Emergent_clarity_constraint_bf278c,Emergent_belief_revision_bounded_6b3318,0.9273001441641984,140364.96,141158.07,True,False
Emergent_clarity_constraint_bf278c,Emergent_bounded_coupling_53a5ef,0.9296677217627562,140364.96,141177.87,True,False
Emergent_clarity_constraint_bf278c,Emergent_carefully_coherence_6373e7,0.9297288929188676,140364.96,141200.46,True,False
Emergent_clarity_constraint_bf278c,Emergent_belief_revision_carefully_00c1f3,0.8968661011130539,140364.96,141223.53,True,False
Emergent_clarity_constraint_bf278c,Emergent_boundary_carefully_70bae7,0.8815126832722096,140364.96,141333.66,True,False
Emergent_clarity_collective_093fe2,Emergent_autonomy_clarity_dc06c1,0.9214058058490076,140380.94,140381.28,True,False
Emergent_clarity_collective_093fe2,Emergent_clarity_ethical_4e34b8,0.9214056188896174,140380.94,140397.31,True,False
Emergent_clarity_collective_093fe2,Emergent_anticipation_belief_revision_8334e7,0.9214056198238656,140380.94,140397.65,True,False
Emergent_clarity_collective_093fe2,Emergent_autonomy_boundary_346ebd,0.9214060166122133,140380.94,140487.02,True,False
Emergent_clarity_collective_093fe2,Emergent_appears_asymmetry_3bd743,0.9214059516448077,140380.94,140508.74,True,False
Emergent_clarity_collective_093fe2,Emergent_abstraction_ambiguity_824c3b,0.9214058681152859,140380.94,140546.25,True,False
Emergent_clarity_collective_093fe2,Emergent_analogy_attention_3c3dd6,0.9214058813739403,140380.94,140564.64,True,False
Emergent_clarity_collective_093fe2,Emergent_appears_asymmetry_3bcc7d,0.9214057487873979,140380.94,140584.08,True,False
Emergent_clarity_collective_093fe2,Emergent_appears_asymmetry_1f204a,0.9206330581893156,140380.94,140622.84,True,False
Emergent_clarity_collective_093fe2,Emergent_autonomy_bounded_94d9e2,0.9214048089623228,140380.94,140643.22,True,False
Emergent_clarity_collective_093fe2,Emergent_coherence_continuity_398b4b,0.9214026145451129,140380.94,140658.62,True,False
Emergent_clarity_collective_093fe2,Emergent_anticipation_belief_revision_5bbdf5,0.9214011652318499,140380.94,140677.17,True,False
Emergent_clarity_collective_093fe2,Emergent_boundary_contradiction_77a85f,0.921407887296398,140380.94,140694.74,True,False
Emergent_clarity_collective_093fe2,Emergent_boundary_contradiction_133a24,0.921407887296398,140380.94,140695.08,True,False
Emergent_clarity_collective_093fe2,Emergent_boundary_bounded_497fce,0.9214069213246714,140380.94,140714.67,True,False
Emergent_clarity_collective_093fe2,Emergent_boundary_coherence_b7a0b8,0.9213988496722743,140380.94,140733.42,True,False
Emergent_clarity_collective_093fe2,Emergent_boundary_carefully_576a67,0.9213733361646665,140380.94,140751.6,True,False
Emergent_clarity_collective_093fe2,Emergent_anticipation_boundary_af2ea2,0.9132127062859661,140380.94,140751.94,True,False
Emergent_clarity_collective_093fe2,Emergent_autonomy_belief_revision_3c3131,0.9213709717446583,140380.94,140770.5,True,False
Emergent_clarity_collective_093fe2,Emergent_boundary_coherence_6b5325,0.921434920662614,140380.94,140788.25,True,False
Emergent_clarity_collective_093fe2,Emergent_autonomy_boundary_625a34,0.9214291732256727,140380.94,140810.15,True,False
Emergent_clarity_collective_093fe2,Emergent_bounded_coupling_df3c79,0.9213924767624024,140380.94,140873.38,True,False
Emergent_clarity_collective_093fe2,Emergent_bounded_hypothesis_41336a,0.9213924767624024,140380.94,140873.72,True,False
Emergent_clarity_collective_093fe2,Emergent_autonomy_collective_461851,0.9213635186626723,140380.94,140893.96,True,False
Emergent_clarity_collective_093fe2,Emergent_constraint_ego_dissolution_a6d82d,0.9207497991083446,140380.94,140949.99,True,False
Emergent_clarity_collective_093fe2,Emergent_anticipation_belief_revision_946a18,0.9207522522359883,140380.94,140950.33,True,False
Emergent_clarity_collective_093fe2,Emergent_appears_asymmetry_ecd8f7,0.9209501744691644,140380.94,141010.53,True,False
Emergent_clarity_collective_093fe2,Emergent_anticipation_belief_revision_b7ed14,0.9215484378055023,140380.94,141029.87,True,False
Emergent_clarity_collective_093fe2,Emergent_identity_observed_39cc84,0.9215492687586064,140380.94,141030.21,True,False
Emergent_clarity_collective_093fe2,Emergent_carefully_coherence_d9db0f,0.9179959207221398,140380.94,141071.79,True,False
Emergent_clarity_collective_093fe2,Emergent_carefully_coherence_247f20,0.9219818640097412,140380.94,141114.56,True,False
Emergent_clarity_collective_093fe2,Emergent_bounded_contradiction_d8e7d7,0.9197220620177413,140380.94,141157.73,True,False
Emergent_clarity_collective_093fe2,Emergent_belief_revision_bounded_6b3318,0.9197220620177413,140380.94,141158.07,True,False
Emergent_clarity_collective_093fe2,Emergent_bounded_coupling_53a5ef,0.9199238300527415,140380.94,141177.87,True,False
Emergent_clarity_collective_093fe2,Emergent_carefully_coherence_6373e7,0.9181943897527414,140380.94,141200.46,True,False
Emergent_clarity_collective_093fe2,Emergent_belief_revision_carefully_00c1f3,0.8968661011130539,140380.94,141223.53,True,False
Emergent_clarity_collective_093fe2,Emergent_boundary_carefully_70bae7,0.8615158165572432,140380.94,141333.66,True,False
Emergent_autonomy_clarity_dc06c1,Emergent_clarity_ethical_4e34b8,0.9317582561471196,140381.28,140397.31,True,False
Emergent_autonomy_clarity_dc06c1,Emergent_anticipation_belief_revision_8334e7,0.9317582571211873,140381.28,140397.65,True,False
Emergent_autonomy_clarity_dc06c1,Emergent_autonomy_boundary_346ebd,0.9317586396533823,140381.28,140487.02,True,False
Emergent_autonomy_clarity_dc06c1,Emergent_appears_asymmetry_3bd743,0.9290496123530254,140381.28,140508.74,True,False
Emergent_autonomy_clarity_dc06c1,Emergent_abstraction_ambiguity_824c3b,0.9317584911564551,140381.28,140546.25,True,False
Emergent_autonomy_clarity_dc06c1,Emergent_analogy_attention_3c3dd6,0.9269271306741174,140381.28,140564.64,True,False
Emergent_autonomy_clarity_dc06c1,Emergent_appears_asymmetry_3bcc7d,0.9317583718285671,140381.28,140584.08,True,False
Emergent_autonomy_clarity_dc06c1,Emergent_appears_asymmetry_1f204a,0.9206330581893156,140381.28,140622.84,True,False
Emergent_autonomy_clarity_dc06c1,Emergent_autonomy_bounded_94d9e2,0.9317575983417217,140381.28,140643.22,True,False
Emergent_autonomy_clarity_dc06c1,Emergent_coherence_continuity_398b4b,0.9317552549752164,140381.28,140658.62,True,False
Emergent_autonomy_clarity_dc06c1,Emergent_anticipation_belief_revision_5bbdf5,0.9317537144855945,140381.28,140677.17,True,False
Emergent_autonomy_clarity_dc06c1,Emergent_boundary_contradiction_77a85f,0.9317599676877273,140381.28,140694.74,True,False
Emergent_autonomy_clarity_dc06c1,Emergent_boundary_contradiction_133a24,0.9317599676877273,140381.28,140695.08,True,False
Emergent_autonomy_clarity_dc06c1,Emergent_boundary_bounded_497fce,0.9317590017160007,140381.28,140714.67,True,False
Emergent_autonomy_clarity_dc06c1,Emergent_boundary_coherence_b7a0b8,0.9317523491908737,140381.28,140733.42,True,False
Emergent_autonomy_clarity_dc06c1,Emergent_boundary_carefully_576a67,0.9313728412554285,140381.28,140751.6,True,False
Emergent_autonomy_clarity_dc06c1,Emergent_anticipation_boundary_af2ea2,0.9132127062859661,140381.28,140751.94,True,False
Emergent_autonomy_clarity_dc06c1,Emergent_autonomy_belief_revision_3c3131,0.9317227471482357,140381.28,140770.5,True,False
Emergent_autonomy_clarity_dc06c1,Emergent_boundary_coherence_6b5325,0.9317854069324418,140381.28,140788.25,True,False
Emergent_autonomy_clarity_dc06c1,Emergent_autonomy_boundary_625a34,0.9287759500299915,140381.28,140810.15,True,False
Emergent_autonomy_clarity_dc06c1,Emergent_bounded_coupling_df3c79,0.9317429630322303,140381.28,140873.38,True,False
Emergent_autonomy_clarity_dc06c1,Emergent_bounded_hypothesis_41336a,0.9317429630322303,140381.28,140873.72,True,False
Emergent_autonomy_clarity_dc06c1,Emergent_autonomy_collective_461851,0.9317136641641202,140381.28,140893.96,True,False
Emergent_autonomy_clarity_dc06c1,Emergent_constraint_ego_dissolution_a6d82d,0.9276930777158794,140381.28,140949.99,True,False
Emergent_autonomy_clarity_dc06c1,Emergent_anticipation_belief_revision_946a18,0.9297314273193968,140381.28,140950.33,True,False
Emergent_autonomy_clarity_dc06c1,Emergent_appears_asymmetry_ecd8f7,0.9314853541193739,140381.28,141010.53,True,False
Emergent_autonomy_clarity_dc06c1,Emergent_anticipation_belief_revision_b7ed14,0.9317329246571735,140381.28,141029.87,True,False
Emergent_autonomy_clarity_dc06c1,Emergent_identity_observed_39cc84,0.9317338120124412,140381.28,141030.21,True,False
Emergent_autonomy_clarity_dc06c1,Emergent_carefully_coherence_d9db0f,0.9285287595050191,140381.28,141071.79,True,False
Emergent_autonomy_clarity_dc06c1,Emergent_carefully_coherence_247f20,0.9269657449736299,140381.28,141114.56,True,False
Emergent_autonomy_clarity_dc06c1,Emergent_bounded_contradiction_d8e7d7,0.9206268996842772,140381.28,141157.73,True,False
Emergent_autonomy_clarity_dc06c1,Emergent_belief_revision_bounded_6b3318,0.9273001441641984,140381.28,141158.07,True,False
Emergent_autonomy_clarity_dc06c1,Emergent_bounded_coupling_53a5ef,0.9296677217627562,140381.28,141177.87,True,False
Emergent_autonomy_clarity_dc06c1,Emergent_carefully_coherence_6373e7,0.9281916076059458,140381.28,141200.46,True,False
Emergent_autonomy_clarity_dc06c1,Emergent_belief_revision_carefully_00c1f3,0.8968661011130539,140381.28,141223.53,True,False
Emergent_autonomy_clarity_dc06c1,Emergent_boundary_carefully_70bae7,0.87847236386478,140381.28,141333.66,True,False
Emergent_clarity_ethical_4e34b8,Emergent_anticipation_belief_revision_8334e7,0.9358639069991779,140397.31,140397.65,True,False
Emergent_clarity_ethical_4e34b8,Emergent_autonomy_boundary_346ebd,0.9358643168143492,140397.31,140487.02,True,False
Emergent_clarity_ethical_4e34b8,Emergent_appears_asymmetry_3bd743,0.9290496123530254,140397.31,140508.74,True,False
Emergent_clarity_ethical_4e34b8,Emergent_abstraction_ambiguity_824c3b,0.9358641683174218,140397.31,140546.25,True,False
Emergent_clarity_ethical_4e34b8,Emergent_analogy_attention_3c3dd6,0.9269271306741174,140397.31,140564.64,True,False
Emergent_clarity_ethical_4e34b8,Emergent_appears_asymmetry_3bcc7d,0.9320915977254782,140397.31,140584.08,True,False
Emergent_clarity_ethical_4e34b8,Emergent_appears_asymmetry_1f204a,0.9206330581893156,140397.31,140622.84,True,False
Emergent_clarity_ethical_4e34b8,Emergent_autonomy_bounded_94d9e2,0.9347193048397828,140397.31,140643.22,True,False
Emergent_clarity_ethical_4e34b8,Emergent_coherence_continuity_398b4b,0.9358609416892747,140397.31,140658.62,True,False
Emergent_clarity_ethical_4e34b8,Emergent_anticipation_belief_revision_5bbdf5,0.9358593511094009,140397.31,140677.17,True,False
Emergent_clarity_ethical_4e34b8,Emergent_boundary_contradiction_77a85f,0.9358653467290097,140397.31,140694.74,True,False
Emergent_clarity_ethical_4e34b8,Emergent_boundary_contradiction_133a24,0.9340152315816121,140397.31,140695.08,True,False
Emergent_clarity_ethical_4e34b8,Emergent_boundary_bounded_497fce,0.9348368091733201,140397.31,140714.67,True,False
Emergent_clarity_ethical_4e34b8,Emergent_boundary_coherence_b7a0b8,0.9358585078689368,140397.31,140733.42,True,False
Emergent_clarity_ethical_4e34b8,Emergent_boundary_carefully_576a67,0.9313728412554285,140397.31,140751.6,True,False
Emergent_clarity_ethical_4e34b8,Emergent_anticipation_boundary_af2ea2,0.9132127062859661,140397.31,140751.94,True,False
Emergent_clarity_ethical_4e34b8,Emergent_autonomy_belief_revision_3c3131,0.9358279586360685,140397.31,140770.5,True,False
Emergent_clarity_ethical_4e34b8,Emergent_boundary_coherence_6b5325,0.934366960576007,140397.31,140788.25,True,False
Emergent_clarity_ethical_4e34b8,Emergent_autonomy_boundary_625a34,0.9287759500299915,140397.31,140810.15,True,False
Emergent_clarity_ethical_4e34b8,Emergent_bounded_coupling_df3c79,0.9358474662988148,140397.31,140873.38,True,False
Emergent_clarity_ethical_4e34b8,Emergent_bounded_hypothesis_41336a,0.9355268172059148,140397.31,140873.72,True,False
Emergent_clarity_ethical_4e34b8,Emergent_autonomy_collective_461851,0.9358179802201787,140397.31,140893.96,True,False
Emergent_clarity_ethical_4e34b8,Emergent_constraint_ego_dissolution_a6d82d,0.9276930777158794,140397.31,140949.99,True,False
Emergent_clarity_ethical_4e34b8,Emergent_anticipation_belief_revision_946a18,0.9297314273193968,140397.31,140950.33,True,False
Emergent_clarity_ethical_4e34b8,Emergent_appears_asymmetry_ecd8f7,0.9318004159893036,140397.31,141010.53,True,False
Emergent_clarity_ethical_4e34b8,Emergent_anticipation_belief_revision_b7ed14,0.9352280205281425,140397.31,141029.87,True,False
Emergent_clarity_ethical_4e34b8,Emergent_identity_observed_39cc84,0.9357471498976644,140397.31,141030.21,True,False
Emergent_clarity_ethical_4e34b8,Emergent_carefully_coherence_d9db0f,0.9300340553826028,140397.31,141071.79,True,False
Emergent_clarity_ethical_4e34b8,Emergent_carefully_coherence_247f20,0.9269657449736299,140397.31,141114.56,True,False
Emergent_clarity_ethical_4e34b8,Emergent_bounded_contradiction_d8e7d7,0.9206268996842772,140397.31,141157.73,True,False
Emergent_clarity_ethical_4e34b8,Emergent_belief_revision_bounded_6b3318,0.9273001441641984,140397.31,141158.07,True,False
Emergent_clarity_ethical_4e34b8,Emergent_bounded_coupling_53a5ef,0.9296677217627562,140397.31,141177.87,True,False
Emergent_clarity_ethical_4e34b8,Emergent_carefully_coherence_6373e7,0.9321020331059451,140397.31,141200.46,True,False
Emergent_clarity_ethical_4e34b8,Emergent_belief_revision_carefully_00c1f3,0.8968661011130539,140397.31,141223.53,True,False
Emergent_clarity_ethical_4e34b8,Emergent_boundary_carefully_70bae7,0.8862060893086006,140397.31,141333.66,True,False
Emergent_anticipation_belief_revision_8334e7,Emergent_autonomy_boundary_346ebd,0.9372246217305804,140397.65,140487.02,True,False
Emergent_anticipation_belief_revision_8334e7,Emergent_appears_asymmetry_3bd743,0.9290496123530254,140397.65,140508.74,True,False
Emergent_anticipation_belief_revision_8334e7,Emergent_abstraction_ambiguity_824c3b,0.936278681912845,140397.65,140546.25,True,False
Emergent_anticipation_belief_revision_8334e7,Emergent_analogy_attention_3c3dd6,0.9269271306741174,140397.65,140564.64,True,False
Emergent_anticipation_belief_revision_8334e7,Emergent_appears_asymmetry_3bcc7d,0.9320915977254782,140397.65,140584.08,True,False
Emergent_anticipation_belief_revision_8334e7,Emergent_appears_asymmetry_1f204a,0.9206330581893156,140397.65,140622.84,True,False
Emergent_anticipation_belief_revision_8334e7,Emergent_autonomy_bounded_94d9e2,0.9347193048397828,140397.65,140643.22,True,False
Emergent_anticipation_belief_revision_8334e7,Emergent_coherence_continuity_398b4b,0.9379250368419403,140397.65,140658.62,True,False
Emergent_anticipation_belief_revision_8334e7,Emergent_anticipation_belief_revision_5bbdf5,0.939744988740886,140397.65,140677.17,True,False
Emergent_anticipation_belief_revision_8334e7,Emergent_boundary_contradiction_77a85f,0.9397507405804331,140397.65,140694.74,True,False
Emergent_anticipation_belief_revision_8334e7,Emergent_boundary_contradiction_133a24,0.9340152315816121,140397.65,140695.08,True,False
Emergent_anticipation_belief_revision_8334e7,Emergent_boundary_bounded_497fce,0.9348368091733201,140397.65,140714.67,True,False
Emergent_anticipation_belief_revision_8334e7,Emergent_boundary_coherence_b7a0b8,0.9397446395805977,140397.65,140733.42,True,False
Emergent_anticipation_belief_revision_8334e7,Emergent_boundary_carefully_576a67,0.9313728412554285,140397.65,140751.6,True,False
Emergent_anticipation_belief_revision_8334e7,Emergent_anticipation_boundary_af2ea2,0.9132127062859661,140397.65,140751.94,True,False
Emergent_anticipation_belief_revision_8334e7,Emergent_autonomy_belief_revision_3c3131,0.9391597864299492,140397.65,140770.5,True,False
Emergent_anticipation_belief_revision_8334e7,Emergent_boundary_coherence_6b5325,0.934366960576007,140397.65,140788.25,True,False
Emergent_anticipation_belief_revision_8334e7,Emergent_autonomy_boundary_625a34,0.9287759500299915,140397.65,140810.15,True,False
Emergent_anticipation_belief_revision_8334e7,Emergent_bounded_coupling_df3c79,0.9379845231208765,140397.65,140873.38,True,False
Emergent_anticipation_belief_revision_8334e7,Emergent_bounded_hypothesis_41336a,0.9355268172059148,140397.65,140873.72,True,False
Emergent_anticipation_belief_revision_8334e7,Emergent_autonomy_collective_461851,0.9364057127025067,140397.65,140893.96,True,False
Emergent_anticipation_belief_revision_8334e7,Emergent_constraint_ego_dissolution_a6d82d,0.9276930777158794,140397.65,140949.99,True,False
Emergent_anticipation_belief_revision_8334e7,Emergent_anticipation_belief_revision_946a18,0.9297314273193968,140397.65,140950.33,True,False
Emergent_anticipation_belief_revision_8334e7,Emergent_appears_asymmetry_ecd8f7,0.9318004159893036,140397.65,141010.53,True,False
Emergent_anticipation_belief_revision_8334e7,Emergent_anticipation_belief_revision_b7ed14,0.9352280205281425,140397.65,141029.87,True,False
Emergent_anticipation_belief_revision_8334e7,Emergent_identity_observed_39cc84,0.9395454345837144,140397.65,141030.21,True,False
Emergent_anticipation_belief_revision_8334e7,Emergent_carefully_coherence_d9db0f,0.9300340553826028,140397.65,141071.79,True,False
Emergent_anticipation_belief_revision_8334e7,Emergent_carefully_coherence_247f20,0.9269657449736299,140397.65,141114.56,True,False
Emergent_anticipation_belief_revision_8334e7,Emergent_bounded_contradiction_d8e7d7,0.9206268996842772,140397.65,141157.73,True,False
Emergent_anticipation_belief_revision_8334e7,Emergent_belief_revision_bounded_6b3318,0.9273001441641984,140397.65,141158.07,True,False
Emergent_anticipation_belief_revision_8334e7,Emergent_bounded_coupling_53a5ef,0.9296677217627562,140397.65,141177.87,True,False
Emergent_anticipation_belief_revision_8334e7,Emergent_carefully_coherence_6373e7,0.9350411681104276,140397.65,141200.46,True,False
Emergent_anticipation_belief_revision_8334e7,Emergent_belief_revision_carefully_00c1f3,0.8968661011130539,140397.65,141223.53,True,False
Emergent_anticipation_belief_revision_8334e7,Emergent_boundary_carefully_70bae7,0.8935254059870024,140397.65,141333.66,True,False
Emergent_autonomy_boundary_346ebd,Emergent_appears_asymmetry_3bd743,0.9290496123530254,140487.02,140508.74,True,False
Emergent_autonomy_boundary_346ebd,Emergent_abstraction_ambiguity_824c3b,0.936278681912845,140487.02,140546.25,True,False
Emergent_autonomy_boundary_346ebd,Emergent_analogy_attention_3c3dd6,0.9269271306741174,140487.02,140564.64,True,False
Emergent_autonomy_boundary_346ebd,Emergent_appears_asymmetry_3bcc7d,0.9320915977254782,140487.02,140584.08,True,False
Emergent_autonomy_boundary_346ebd,Emergent_appears_asymmetry_1f204a,0.9206330581893156,140487.02,140622.84,True,False
Emergent_autonomy_boundary_346ebd,Emergent_autonomy_bounded_94d9e2,0.9347193048397828,140487.02,140643.22,True,False
Emergent_autonomy_boundary_346ebd,Emergent_coherence_continuity_398b4b,0.9372212502129229,140487.02,140658.62,True,False
Emergent_autonomy_boundary_346ebd,Emergent_anticipation_belief_revision_5bbdf5,0.9372196430369952,140487.02,140677.17,True,False
Emergent_autonomy_boundary_346ebd,Emergent_boundary_contradiction_77a85f,0.9372255533135843,140487.02,140694.74,True,False
Emergent_autonomy_boundary_346ebd,Emergent_boundary_contradiction_133a24,0.9340152315816121,140487.02,140695.08,True,False
Emergent_autonomy_boundary_346ebd,Emergent_boundary_bounded_497fce,0.9348368091733201,140487.02,140714.67,True,False
Emergent_autonomy_boundary_346ebd,Emergent_boundary_coherence_b7a0b8,0.9372189727651246,140487.02,140733.42,True,False
Emergent_autonomy_boundary_346ebd,Emergent_boundary_carefully_576a67,0.9313728412554285,140487.02,140751.6,True,False
Emergent_autonomy_boundary_346ebd,Emergent_anticipation_boundary_af2ea2,0.9132127062859661,140487.02,140751.94,True,False
Emergent_autonomy_boundary_346ebd,Emergent_autonomy_belief_revision_3c3131,0.9371881097063282,140487.02,140770.5,True,False
Emergent_autonomy_boundary_346ebd,Emergent_boundary_coherence_6b5325,0.934366960576007,140487.02,140788.25,True,False
Emergent_autonomy_boundary_346ebd,Emergent_autonomy_boundary_625a34,0.9287759500299915,140487.02,140810.15,True,False
Emergent_autonomy_boundary_346ebd,Emergent_bounded_coupling_df3c79,0.9372073827190714,140487.02,140873.38,True,False
Emergent_autonomy_boundary_346ebd,Emergent_bounded_hypothesis_41336a,0.9355268172059148,140487.02,140873.72,True,False
Emergent_autonomy_boundary_346ebd,Emergent_autonomy_collective_461851,0.9364057127025067,140487.02,140893.96,True,False
Emergent_autonomy_boundary_346ebd,Emergent_constraint_ego_dissolution_a6d82d,0.9276930777158794,140487.02,140949.99,True,False
Emergent_autonomy_boundary_346ebd,Emergent_anticipation_belief_revision_946a18,0.9297314273193968,140487.02,140950.33,True,False
Emergent_autonomy_boundary_346ebd,Emergent_appears_asymmetry_ecd8f7,0.9318004159893036,140487.02,141010.53,True,False
Emergent_autonomy_boundary_346ebd,Emergent_anticipation_belief_revision_b7ed14,0.9352280205281425,140487.02,141029.87,True,False
Emergent_autonomy_boundary_346ebd,Emergent_identity_observed_39cc84,0.9370768611283964,140487.02,141030.21,True,False
Emergent_autonomy_boundary_346ebd,Emergent_carefully_coherence_d9db0f,0.9300340553826028,140487.02,141071.79,True,False
Emergent_autonomy_boundary_346ebd,Emergent_carefully_coherence_247f20,0.9269657449736299,140487.02,141114.56,True,False
Emergent_autonomy_boundary_346ebd,Emergent_bounded_contradiction_d8e7d7,0.9206268996842772,140487.02,141157.73,True,False
Emergent_autonomy_boundary_346ebd,Emergent_belief_revision_bounded_6b3318,0.9273001441641984,140487.02,141158.07,True,False
Emergent_autonomy_boundary_346ebd,Emergent_bounded_coupling_53a5ef,0.9296677217627562,140487.02,141177.87,True,False
Emergent_autonomy_boundary_346ebd,Emergent_carefully_coherence_6373e7,0.9333976470943495,140487.02,141200.46,True,False
Emergent_autonomy_boundary_346ebd,Emergent_belief_revision_carefully_00c1f3,0.8968661011130539,140487.02,141223.53,True,False
Emergent_autonomy_boundary_346ebd,Emergent_boundary_carefully_70bae7,0.8887684505829672,140487.02,141333.66,True,False
Emergent_appears_asymmetry_3bd743,Emergent_abstraction_ambiguity_824c3b,0.9290495288235039,140508.74,140546.25,True,False
Emergent_appears_asymmetry_3bd743,Emergent_analogy_attention_3c3dd6,0.9269271306741174,140508.74,140564.64,True,False
Emergent_appears_asymmetry_3bd743,Emergent_appears_asymmetry_3bcc7d,0.9290494094956157,140508.74,140584.08,True,False
Emergent_appears_asymmetry_3bd743,Emergent_appears_asymmetry_1f204a,0.9206330581893156,140508.74,140622.84,True,False
Emergent_appears_asymmetry_3bd743,Emergent_autonomy_bounded_94d9e2,0.9290485757137814,140508.74,140643.22,True,False
Emergent_appears_asymmetry_3bd743,Emergent_coherence_continuity_398b4b,0.9290462863390501,140508.74,140658.62,True,False
Emergent_appears_asymmetry_3bd743,Emergent_anticipation_belief_revision_5bbdf5,0.9290447788994225,140508.74,140677.17,True,False
Emergent_appears_asymmetry_3bd743,Emergent_boundary_contradiction_77a85f,0.9290512020567974,140508.74,140694.74,True,False
Emergent_appears_asymmetry_3bd743,Emergent_boundary_contradiction_133a24,0.9290512020567974,140508.74,140695.08,True,False
Emergent_appears_asymmetry_3bd743,Emergent_boundary_bounded_497fce,0.9290502360850705,140508.74,140714.67,True,False
Emergent_appears_asymmetry_3bd743,Emergent_boundary_coherence_b7a0b8,0.9290430691486569,140508.74,140733.42,True,False
Emergent_appears_asymmetry_3bd743,Emergent_boundary_carefully_576a67,0.9290164975608011,140508.74,140751.6,True,False
Emergent_appears_asymmetry_3bd743,Emergent_anticipation_boundary_af2ea2,0.9132127062859661,140508.74,140751.94,True,False
Emergent_appears_asymmetry_3bd743,Emergent_autonomy_belief_revision_3c3131,0.9290140920705627,140508.74,140770.5,True,False
Emergent_appears_asymmetry_3bd743,Emergent_boundary_coherence_6b5325,0.9290772191454519,140508.74,140788.25,True,False
Emergent_appears_asymmetry_3bd743,Emergent_autonomy_boundary_625a34,0.9287759500299915,140508.74,140810.15,True,False
Emergent_appears_asymmetry_3bd743,Emergent_bounded_coupling_df3c79,0.9290347752452404,140508.74,140873.38,True,False
Emergent_appears_asymmetry_3bd743,Emergent_bounded_hypothesis_41336a,0.9290347752452404,140508.74,140873.72,True,False
Emergent_appears_asymmetry_3bd743,Emergent_autonomy_collective_461851,0.9290055999003013,140508.74,140893.96,True,False
Emergent_appears_asymmetry_3bd743,Emergent_constraint_ego_dissolution_a6d82d,0.9276930777158794,140508.74,140949.99,True,False
Emergent_appears_asymmetry_3bd743,Emergent_anticipation_belief_revision_946a18,0.9284004910595518,140508.74,140950.33,True,False
Emergent_appears_asymmetry_3bd743,Emergent_appears_asymmetry_ecd8f7,0.9287102178905433,140508.74,141010.53,True,False
Emergent_appears_asymmetry_3bd743,Emergent_anticipation_belief_revision_b7ed14,0.9290849090451097,140508.74,141029.87,True,False
Emergent_appears_asymmetry_3bd743,Emergent_identity_observed_39cc84,0.9290857759554814,140508.74,141030.21,True,False
Emergent_appears_asymmetry_3bd743,Emergent_carefully_coherence_d9db0f,0.9257544718037318,140508.74,141071.79,True,False
Emergent_appears_asymmetry_3bd743,Emergent_carefully_coherence_247f20,0.9269657449736299,140508.74,141114.56,True,False
Emergent_appears_asymmetry_3bd743,Emergent_bounded_contradiction_d8e7d7,0.9206268996842772,140508.74,141157.73,True,False
Emergent_appears_asymmetry_3bd743,Emergent_belief_revision_bounded_6b3318,0.9271391463217176,140508.74,141158.07,True,False
Emergent_appears_asymmetry_3bd743,Emergent_bounded_coupling_53a5ef,0.9273409143567177,140508.74,141177.87,True,False
Emergent_appears_asymmetry_3bd743,Emergent_carefully_coherence_6373e7,0.9256114740567176,140508.74,141200.46,True,False
Emergent_appears_asymmetry_3bd743,Emergent_belief_revision_carefully_00c1f3,0.8968661011130539,140508.74,141223.53,True,False
Emergent_appears_asymmetry_3bd743,Emergent_boundary_carefully_70bae7,0.8733695829837416,140508.74,141333.66,True,False
Emergent_abstraction_ambiguity_824c3b,Emergent_analogy_attention_3c3dd6,0.9269268522423786,140546.25,140564.64,True,False
Emergent_abstraction_ambiguity_824c3b,Emergent_appears_asymmetry_3bcc7d,0.9320915977254782,140546.25,140584.08,True,False
Emergent_abstraction_ambiguity_824c3b,Emergent_appears_asymmetry_1f204a,0.9206330581893156,140546.25,140622.84,True,False
Emergent_abstraction_ambiguity_824c3b,Emergent_autonomy_bounded_94d9e2,0.9347193048397828,140546.25,140643.22,True,False
Emergent_abstraction_ambiguity_824c3b,Emergent_coherence_continuity_398b4b,0.9362754562491882,140546.25,140658.62,True,False
Emergent_abstraction_ambiguity_824c3b,Emergent_anticipation_belief_revision_5bbdf5,0.9362738606121486,140546.25,140677.17,True,False
Emergent_abstraction_ambiguity_824c3b,Emergent_boundary_contradiction_77a85f,0.9362798302259479,140546.25,140694.74,True,False
Emergent_abstraction_ambiguity_824c3b,Emergent_boundary_contradiction_133a24,0.9340152315816121,140546.25,140695.08,True,False
Emergent_abstraction_ambiguity_824c3b,Emergent_boundary_bounded_497fce,0.9348368091733201,140546.25,140714.67,True,False
Emergent_abstraction_ambiguity_824c3b,Emergent_boundary_coherence_b7a0b8,0.9362730700788455,140546.25,140733.42,True,False
Emergent_abstraction_ambiguity_824c3b,Emergent_boundary_carefully_576a67,0.9313728412554285,140546.25,140751.6,True,False
Emergent_abstraction_ambiguity_824c3b,Emergent_anticipation_boundary_af2ea2,0.9132127062859661,140546.25,140751.94,True,False
Emergent_abstraction_ambiguity_824c3b,Emergent_autonomy_belief_revision_3c3131,0.9362424252166297,140546.25,140770.5,True,False
Emergent_abstraction_ambiguity_824c3b,Emergent_boundary_coherence_6b5325,0.934366960576007,140546.25,140788.25,True,False
Emergent_abstraction_ambiguity_824c3b,Emergent_autonomy_boundary_625a34,0.9287759500299915,140546.25,140810.15,True,False
Emergent_abstraction_ambiguity_824c3b,Emergent_bounded_coupling_df3c79,0.9362618613765947,140546.25,140873.38,True,False
Emergent_abstraction_ambiguity_824c3b,Emergent_bounded_hypothesis_41336a,0.9355268172059148,140546.25,140873.72,True,False
Emergent_abstraction_ambiguity_824c3b,Emergent_autonomy_collective_461851,0.9362323563969821,140546.25,140893.96,True,False
Emergent_abstraction_ambiguity_824c3b,Emergent_constraint_ego_dissolution_a6d82d,0.9276930777158794,140546.25,140949.99,True,False
Emergent_abstraction_ambiguity_824c3b,Emergent_anticipation_belief_revision_946a18,0.9297314273193968,140546.25,140950.33,True,False
Emergent_abstraction_ambiguity_824c3b,Emergent_appears_asymmetry_ecd8f7,0.9318004159893036,140546.25,141010.53,True,False
Emergent_abstraction_ambiguity_824c3b,Emergent_anticipation_belief_revision_b7ed14,0.9352280205281425,140546.25,141029.87,True,False
Emergent_abstraction_ambiguity_824c3b,Emergent_identity_observed_39cc84,0.9361523408201919,140546.25,141030.21,True,False
Emergent_abstraction_ambiguity_824c3b,Emergent_carefully_coherence_d9db0f,0.9300340553826028,140546.25,141071.79,True,False
Emergent_abstraction_ambiguity_824c3b,Emergent_carefully_coherence_247f20,0.9269657449736299,140546.25,141114.56,True,False
Emergent_abstraction_ambiguity_824c3b,Emergent_bounded_contradiction_d8e7d7,0.9206268996842772,140546.25,141157.73,True,False
Emergent_abstraction_ambiguity_824c3b,Emergent_belief_revision_bounded_6b3318,0.9273001441641984,140546.25,141158.07,True,False
Emergent_abstraction_ambiguity_824c3b,Emergent_bounded_coupling_53a5ef,0.9296677217627562,140546.25,141177.87,True,False
Emergent_abstraction_ambiguity_824c3b,Emergent_carefully_coherence_6373e7,0.9324968338830373,140546.25,141200.46,True,False
Emergent_abstraction_ambiguity_824c3b,Emergent_belief_revision_carefully_00c1f3,0.8968661011130539,140546.25,141223.53,True,False
Emergent_abstraction_ambiguity_824c3b,Emergent_boundary_carefully_70bae7,0.8869868945726411,140546.25,141333.66,True,False
Emergent_analogy_attention_3c3dd6,Emergent_appears_asymmetry_3bcc7d,0.9269269980875752,140564.64,140584.08,True,False
Emergent_analogy_attention_3c3dd6,Emergent_appears_asymmetry_1f204a,0.9206330581893156,140564.64,140622.84,True,False
Emergent_analogy_attention_3c3dd6,Emergent_autonomy_bounded_94d9e2,0.9269261170659657,140564.64,140643.22,True,False
Emergent_analogy_attention_3c3dd6,Emergent_coherence_continuity_398b4b,0.9269238699925817,140564.64,140658.62,True,False
Emergent_analogy_attention_3c3dd6,Emergent_anticipation_belief_revision_5bbdf5,0.9269223884468856,140564.64,140677.17,True,False
Emergent_analogy_attention_3c3dd6,Emergent_boundary_contradiction_77a85f,0.9269289447603917,140564.64,140694.74,True,False
Emergent_analogy_attention_3c3dd6,Emergent_boundary_contradiction_133a24,0.9269289447603917,140564.64,140695.08,True,False
Emergent_analogy_attention_3c3dd6,Emergent_boundary_bounded_497fce,0.9269279787886648,140564.64,140714.67,True,False
Emergent_analogy_attention_3c3dd6,Emergent_boundary_coherence_b7a0b8,0.9269204088225114,140564.64,140733.42,True,False
Emergent_analogy_attention_3c3dd6,Emergent_boundary_carefully_576a67,0.9268943085845764,140564.64,140751.6,True,False
Emergent_analogy_attention_3c3dd6,Emergent_anticipation_boundary_af2ea2,0.9132127062859661,140564.64,140751.94,True,False
Emergent_analogy_attention_3c3dd6,Emergent_autonomy_belief_revision_3c3131,0.9268919213901616,140564.64,140770.5,True,False
Emergent_analogy_attention_3c3dd6,Emergent_boundary_coherence_6b5325,0.926955414576851,140564.64,140788.25,True,False
Emergent_analogy_attention_3c3dd6,Emergent_autonomy_boundary_625a34,0.9269496671399096,140564.64,140810.15,True,False
Emergent_analogy_attention_3c3dd6,Emergent_bounded_coupling_df3c79,0.9269129706766395,140564.64,140873.38,True,False
Emergent_analogy_attention_3c3dd6,Emergent_bounded_hypothesis_41336a,0.9269129706766395,140564.64,140873.72,True,False
Emergent_analogy_attention_3c3dd6,Emergent_autonomy_collective_461851,0.9268838921093432,140564.64,140893.96,True,False
Emergent_analogy_attention_3c3dd6,Emergent_constraint_ego_dissolution_a6d82d,0.9262735573027865,140564.64,140949.99,True,False
Emergent_analogy_attention_3c3dd6,Emergent_anticipation_belief_revision_946a18,0.9262760402085581,140564.64,140950.33,True,False
Emergent_analogy_attention_3c3dd6,Emergent_appears_asymmetry_ecd8f7,0.9265359607149113,140564.64,141010.53,True,False
Emergent_analogy_attention_3c3dd6,Emergent_anticipation_belief_revision_b7ed14,0.9270102480299487,140564.64,141029.87,True,False
Emergent_analogy_attention_3c3dd6,Emergent_identity_observed_39cc84,0.9270110989222016,140564.64,141030.21,True,False
Emergent_analogy_attention_3c3dd6,Emergent_carefully_coherence_d9db0f,0.9235808794304545,140564.64,141071.79,True,False
Emergent_analogy_attention_3c3dd6,Emergent_carefully_coherence_247f20,0.9269657449736299,140564.64,141114.56,True,False
Emergent_analogy_attention_3c3dd6,Emergent_bounded_contradiction_d8e7d7,0.9206268996842772,140564.64,141157.73,True,False
Emergent_analogy_attention_3c3dd6,Emergent_belief_revision_bounded_6b3318,0.9251176693847594,140564.64,141158.07,True,False
Emergent_analogy_attention_3c3dd6,Emergent_bounded_coupling_53a5ef,0.9253194374197593,140564.64,141177.87,True,False
Emergent_analogy_attention_3c3dd6,Emergent_carefully_coherence_6373e7,0.9235899971197594,140564.64,141200.46,True,False
Emergent_analogy_attention_3c3dd6,Emergent_belief_revision_carefully_00c1f3,0.8968661011130539,140564.64,141223.53,True,False
Emergent_analogy_attention_3c3dd6,Emergent_boundary_carefully_70bae7,0.8693716682756225,140564.64,141333.66,True,False
Emergent_appears_asymmetry_3bcc7d,Emergent_appears_asymmetry_1f204a,0.9206330581893156,140584.08,140622.84,True,False
Emergent_appears_asymmetry_3bcc7d,Emergent_autonomy_bounded_94d9e2,0.9320908316554402,140584.08,140643.22,True,False
Emergent_appears_asymmetry_3bcc7d,Emergent_coherence_continuity_398b4b,0.9320884816474777,140584.08,140658.62,True,False
Emergent_appears_asymmetry_3bcc7d,Emergent_anticipation_belief_revision_5bbdf5,0.9320869370924196,140584.08,140677.17,True,False
Emergent_appears_asymmetry_3bcc7d,Emergent_boundary_contradiction_77a85f,0.9320931693885814,140584.08,140694.74,True,False
Emergent_appears_asymmetry_3bcc7d,Emergent_boundary_contradiction_133a24,0.9320931693885814,140584.08,140695.08,True,False
Emergent_appears_asymmetry_3bcc7d,Emergent_boundary_bounded_497fce,0.9320922034168546,140584.08,140714.67,True,False
Emergent_appears_asymmetry_3bcc7d,Emergent_boundary_coherence_b7a0b8,0.9320856141687843,140584.08,140733.42,True,False
Emergent_appears_asymmetry_3bcc7d,Emergent_boundary_carefully_576a67,0.9313728412554285,140584.08,140751.6,True,False
Emergent_appears_asymmetry_3bcc7d,Emergent_anticipation_boundary_af2ea2,0.9132127062859661,140584.08,140751.94,True,False
Emergent_appears_asymmetry_3bcc7d,Emergent_autonomy_belief_revision_3c3131,0.9320559352500788,140584.08,140770.5,True,False
Emergent_appears_asymmetry_3bcc7d,Emergent_boundary_coherence_6b5325,0.9321185375534722,140584.08,140788.25,True,False
Emergent_appears_asymmetry_3bcc7d,Emergent_autonomy_boundary_625a34,0.9287759500299915,140584.08,140810.15,True,False
Emergent_appears_asymmetry_3bcc7d,Emergent_bounded_coupling_df3c79,0.9320760936532604,140584.08,140873.38,True,False
Emergent_appears_asymmetry_3bcc7d,Emergent_bounded_hypothesis_41336a,0.9320760936532604,140584.08,140873.72,True,False
Emergent_appears_asymmetry_3bcc7d,Emergent_autonomy_collective_461851,0.9320467795907275,140584.08,140893.96,True,False
Emergent_appears_asymmetry_3bcc7d,Emergent_constraint_ego_dissolution_a6d82d,0.9276930777158794,140584.08,140949.99,True,False
Emergent_appears_asymmetry_3bcc7d,Emergent_anticipation_belief_revision_946a18,0.9297314273193968,140584.08,140950.33,True,False
Emergent_appears_asymmetry_3bcc7d,Emergent_appears_asymmetry_ecd8f7,0.9318004159893036,140584.08,141010.53,True,False
Emergent_appears_asymmetry_3bcc7d,Emergent_anticipation_belief_revision_b7ed14,0.9320586535780342,140584.08,141029.87,True,False
Emergent_appears_asymmetry_3bcc7d,Emergent_identity_observed_39cc84,0.932059543448202,140584.08,141030.21,True,False
Emergent_appears_asymmetry_3bcc7d,Emergent_carefully_coherence_d9db0f,0.9288700209896494,140584.08,141071.79,True,False
Emergent_appears_asymmetry_3bcc7d,Emergent_carefully_coherence_247f20,0.9269657449736299,140584.08,141114.56,True,False
Emergent_appears_asymmetry_3bcc7d,Emergent_bounded_contradiction_d8e7d7,0.9206268996842772,140584.08,141157.73,True,False
Emergent_appears_asymmetry_3bcc7d,Emergent_belief_revision_bounded_6b3318,0.9273001441641984,140584.08,141158.07,True,False
Emergent_appears_asymmetry_3bcc7d,Emergent_bounded_coupling_53a5ef,0.9296677217627562,140584.08,141177.87,True,False
Emergent_appears_asymmetry_3bcc7d,Emergent_carefully_coherence_6373e7,0.9285089864434564,140584.08,141200.46,True,False
Emergent_appears_asymmetry_3bcc7d,Emergent_belief_revision_carefully_00c1f3,0.8968661011130539,140584.08,141223.53,True,False
Emergent_appears_asymmetry_3bcc7d,Emergent_boundary_carefully_70bae7,0.8791000502357356,140584.08,141333.66,True,False
Emergent_appears_asymmetry_1f204a,Emergent_autonomy_bounded_94d9e2,0.9206326818012753,140622.84,140643.22,True,False
Emergent_appears_asymmetry_1f204a,Emergent_coherence_continuity_398b4b,0.9206304940489065,140622.84,140658.62,True,False
Emergent_appears_asymmetry_1f204a,Emergent_anticipation_belief_revision_5bbdf5,0.9206290488153939,140622.84,140677.17,True,False
Emergent_appears_asymmetry_1f204a,Emergent_boundary_contradiction_77a85f,0.9206357918595205,140622.84,140694.74,True,False
Emergent_appears_asymmetry_1f204a,Emergent_boundary_contradiction_133a24,0.9206357918595205,140622.84,140695.08,True,False
Emergent_appears_asymmetry_1f204a,Emergent_boundary_bounded_497fce,0.9206348258877937,140622.84,140714.67,True,False
Emergent_appears_asymmetry_1f204a,Emergent_boundary_coherence_b7a0b8,0.9206266907355489,140622.84,140733.42,True,False
Emergent_appears_asymmetry_1f204a,Emergent_boundary_carefully_576a67,0.9206012514920594,140622.84,140751.6,True,False
Emergent_appears_asymmetry_1f204a,Emergent_anticipation_boundary_af2ea2,0.9132127062859661,140622.84,140751.94,True,False
Emergent_appears_asymmetry_1f204a,Emergent_autonomy_belief_revision_3c3131,0.9205988899546722,140622.84,140770.5,True,False
Emergent_appears_asymmetry_1f204a,Emergent_boundary_coherence_6b5325,0.9206628965558241,140622.84,140788.25,True,False
Emergent_appears_asymmetry_1f204a,Emergent_autonomy_boundary_625a34,0.9206571491188829,140622.84,140810.15,True,False
Emergent_appears_asymmetry_1f204a,Emergent_bounded_coupling_df3c79,0.9206204526556125,140622.84,140873.38,True,False
Emergent_appears_asymmetry_1f204a,Emergent_bounded_hypothesis_41336a,0.9206204526556125,140622.84,140873.72,True,False
Emergent_appears_asymmetry_1f204a,Emergent_autonomy_collective_461851,0.9205915098038033,140622.84,140893.96,True,False
Emergent_appears_asymmetry_1f204a,Emergent_constraint_ego_dissolution_a6d82d,0.9199773618323706,140622.84,140949.99,True,False
Emergent_appears_asymmetry_1f204a,Emergent_anticipation_belief_revision_946a18,0.9199798111909123,140622.84,140950.33,True,False
Emergent_appears_asymmetry_1f204a,Emergent_appears_asymmetry_ecd8f7,0.9201698861271801,140622.84,141010.53,True,False
Emergent_appears_asymmetry_1f204a,Emergent_anticipation_belief_revision_b7ed14,0.92078384145942,140622.84,141029.87,True,False
Emergent_appears_asymmetry_1f204a,Emergent_identity_observed_39cc84,0.9207846698887696,140622.84,141030.21,True,False
Emergent_appears_asymmetry_1f204a,Emergent_carefully_coherence_d9db0f,0.9172157371239107,140622.84,141071.79,True,False
Emergent_appears_asymmetry_1f204a,Emergent_carefully_coherence_247f20,0.921225647146696,140622.84,141114.56,True,False
Emergent_appears_asymmetry_1f204a,Emergent_bounded_contradiction_d8e7d7,0.9189658451546958,140622.84,141157.73,True,False
Emergent_appears_asymmetry_1f204a,Emergent_belief_revision_bounded_6b3318,0.9189658451546958,140622.84,141158.07,True,False
Emergent_appears_asymmetry_1f204a,Emergent_bounded_coupling_53a5ef,0.9191676131896958,140622.84,141177.87,True,False
Emergent_appears_asymmetry_1f204a,Emergent_carefully_coherence_6373e7,0.9174381728896959,140622.84,141200.46,True,False
Emergent_appears_asymmetry_1f204a,Emergent_belief_revision_carefully_00c1f3,0.8968661011130539,140622.84,141223.53,True,False
Emergent_appears_asymmetry_1f204a,Emergent_boundary_carefully_70bae7,0.8604481996034865,140622.84,141333.66,True,False
Emergent_autonomy_bounded_94d9e2,Emergent_coherence_continuity_398b4b,0.9347168202745493,140643.22,140658.62,True,False
Emergent_autonomy_bounded_94d9e2,Emergent_anticipation_belief_revision_5bbdf5,0.9347153258230736,140643.22,140677.17,True,False
Emergent_autonomy_bounded_94d9e2,Emergent_boundary_contradiction_77a85f,0.9347213932174028,140643.22,140694.74,True,False
Emergent_autonomy_bounded_94d9e2,Emergent_boundary_contradiction_133a24,0.9340152315816121,140643.22,140695.08,True,False
Emergent_autonomy_bounded_94d9e2,Emergent_boundary_bounded_497fce,0.9347204272456762,140643.22,140714.67,True,False
Emergent_autonomy_bounded_94d9e2,Emergent_boundary_coherence_b7a0b8,0.934714337113508,140643.22,140733.42,True,False
Emergent_autonomy_bounded_94d9e2,Emergent_boundary_carefully_576a67,0.9313728412554285,140643.22,140751.6,True,False
Emergent_autonomy_bounded_94d9e2,Emergent_anticipation_boundary_af2ea2,0.9132127062859661,140643.22,140751.94,True,False
Emergent_autonomy_bounded_94d9e2,Emergent_autonomy_belief_revision_3c3131,0.9346840518128077,140643.22,140770.5,True,False
Emergent_autonomy_bounded_94d9e2,Emergent_boundary_coherence_6b5325,0.934366960576007,140643.22,140788.25,True,False
Emergent_autonomy_bounded_94d9e2,Emergent_autonomy_boundary_625a34,0.9287759500299915,140643.22,140810.15,True,False
Emergent_autonomy_bounded_94d9e2,Emergent_bounded_coupling_df3c79,0.9347037568196177,140643.22,140873.38,True,False
Emergent_autonomy_bounded_94d9e2,Emergent_bounded_hypothesis_41336a,0.9347037568196177,140643.22,140873.72,True,False
Emergent_autonomy_bounded_94d9e2,Emergent_autonomy_collective_461851,0.9346743229067225,140643.22,140893.96,True,False
Emergent_autonomy_bounded_94d9e2,Emergent_constraint_ego_dissolution_a6d82d,0.9276930777158794,140643.22,140949.99,True,False
Emergent_autonomy_bounded_94d9e2,Emergent_anticipation_belief_revision_946a18,0.9297314273193968,140643.22,140950.33,True,False
Emergent_autonomy_bounded_94d9e2,Emergent_appears_asymmetry_ecd8f7,0.9318004159893036,140643.22,141010.53,True,False
Emergent_autonomy_bounded_94d9e2,Emergent_anticipation_belief_revision_b7ed14,0.9346279337148053,140643.22,141029.87,True,False
Emergent_autonomy_bounded_94d9e2,Emergent_identity_observed_39cc84,0.9346288434219654,140643.22,141030.21,True,False
Emergent_autonomy_bounded_94d9e2,Emergent_carefully_coherence_d9db0f,0.9300340553826028,140643.22,141071.79,True,False
Emergent_autonomy_bounded_94d9e2,Emergent_carefully_coherence_247f20,0.9269657449736299,140643.22,141114.56,True,False
Emergent_autonomy_bounded_94d9e2,Emergent_bounded_contradiction_d8e7d7,0.9206268996842772,140643.22,141157.73,True,False
Emergent_autonomy_bounded_94d9e2,Emergent_belief_revision_bounded_6b3318,0.9273001441641984,140643.22,141158.07,True,False
Emergent_autonomy_bounded_94d9e2,Emergent_bounded_coupling_53a5ef,0.9296677217627562,140643.22,141177.87,True,False
Emergent_autonomy_bounded_94d9e2,Emergent_carefully_coherence_6373e7,0.9310124029067313,140643.22,141200.46,True,False
Emergent_autonomy_bounded_94d9e2,Emergent_belief_revision_carefully_00c1f3,0.8968661011130539,140643.22,141223.53,True,False
Emergent_autonomy_bounded_94d9e2,Emergent_boundary_carefully_70bae7,0.8840511062265761,140643.22,141333.66,True,False
Emergent_coherence_continuity_398b4b,Emergent_anticipation_belief_revision_5bbdf5,0.9379228546471285,140658.62,140677.17,True,False
Emergent_coherence_continuity_398b4b,Emergent_boundary_contradiction_77a85f,0.9379292872020977,140658.62,140694.74,True,False
Emergent_coherence_continuity_398b4b,Emergent_boundary_contradiction_133a24,0.9340152315816121,140658.62,140695.08,True,False
Emergent_coherence_continuity_398b4b,Emergent_boundary_bounded_497fce,0.9348368091733201,140658.62,140714.67,True,False
Emergent_coherence_continuity_398b4b,Emergent_boundary_coherence_b7a0b8,0.9379228402970405,140658.62,140733.42,True,False
Emergent_coherence_continuity_398b4b,Emergent_boundary_carefully_576a67,0.9313728412554285,140658.62,140751.6,True,False
Emergent_coherence_continuity_398b4b,Emergent_anticipation_boundary_af2ea2,0.9132127062859661,140658.62,140751.94,True,False
Emergent_coherence_continuity_398b4b,Emergent_autonomy_belief_revision_3c3131,0.9378918148732451,140658.62,140770.5,True,False
Emergent_coherence_continuity_398b4b,Emergent_boundary_coherence_6b5325,0.934366960576007,140658.62,140788.25,True,False
Emergent_coherence_continuity_398b4b,Emergent_autonomy_boundary_625a34,0.9287759500299915,140658.62,140810.15,True,False
Emergent_coherence_continuity_398b4b,Emergent_bounded_coupling_df3c79,0.9379109664844594,140658.62,140873.38,True,False
Emergent_coherence_continuity_398b4b,Emergent_bounded_hypothesis_41336a,0.9355268172059148,140658.62,140873.72,True,False
Emergent_coherence_continuity_398b4b,Emergent_autonomy_collective_461851,0.9364057127025067,140658.62,140893.96,True,False
Emergent_coherence_continuity_398b4b,Emergent_constraint_ego_dissolution_a6d82d,0.9276930777158794,140658.62,140949.99,True,False
Emergent_coherence_continuity_398b4b,Emergent_anticipation_belief_revision_946a18,0.9297314273193968,140658.62,140950.33,True,False
Emergent_coherence_continuity_398b4b,Emergent_appears_asymmetry_ecd8f7,0.9318004159893036,140658.62,141010.53,True,False
Emergent_coherence_continuity_398b4b,Emergent_anticipation_belief_revision_b7ed14,0.9352280205281425,140658.62,141029.87,True,False
Emergent_coherence_continuity_398b4b,Emergent_identity_observed_39cc84,0.9377648175503215,140658.62,141030.21,True,False
Emergent_coherence_continuity_398b4b,Emergent_carefully_coherence_d9db0f,0.9300340553826028,140658.62,141071.79,True,False
Emergent_coherence_continuity_398b4b,Emergent_carefully_coherence_247f20,0.9269657449736299,140658.62,141114.56,True,False
Emergent_coherence_continuity_398b4b,Emergent_bounded_contradiction_d8e7d7,0.9206268996842772,140658.62,141157.73,True,False
Emergent_coherence_continuity_398b4b,Emergent_belief_revision_bounded_6b3318,0.9273001441641984,140658.62,141158.07,True,False
Emergent_coherence_continuity_398b4b,Emergent_bounded_coupling_53a5ef,0.9296677217627562,140658.62,141177.87,True,False
Emergent_coherence_continuity_398b4b,Emergent_carefully_coherence_6373e7,0.9340679625305577,140658.62,141200.46,True,False
Emergent_coherence_continuity_398b4b,Emergent_belief_revision_carefully_00c1f3,0.8968661011130539,140658.62,141223.53,True,False
Emergent_coherence_continuity_398b4b,Emergent_boundary_carefully_70bae7,0.8900941466087293,140658.62,141333.66,True,False
Emergent_anticipation_belief_revision_5bbdf5,Emergent_boundary_contradiction_77a85f,0.9398671085081716,140677.17,140694.74,True,False
Emergent_anticipation_belief_revision_5bbdf5,Emergent_boundary_contradiction_133a24,0.9340148781007267,140677.17,140695.08,True,False
Emergent_anticipation_belief_revision_5bbdf5,Emergent_boundary_bounded_497fce,0.9348368091733201,140677.17,140714.67,True,False
Emergent_anticipation_belief_revision_5bbdf5,Emergent_boundary_coherence_b7a0b8,0.9398613831553366,140677.17,140733.42,True,False
Emergent_anticipation_belief_revision_5bbdf5,Emergent_boundary_carefully_576a67,0.9313728412554285,140677.17,140751.6,True,False
Emergent_anticipation_belief_revision_5bbdf5,Emergent_anticipation_boundary_af2ea2,0.9132127062859661,140677.17,140751.94,True,False
Emergent_anticipation_belief_revision_5bbdf5,Emergent_autonomy_belief_revision_3c3131,0.9391597864299492,140677.17,140770.5,True,False
Emergent_anticipation_belief_revision_5bbdf5,Emergent_boundary_coherence_6b5325,0.934366960576007,140677.17,140788.25,True,False
Emergent_anticipation_belief_revision_5bbdf5,Emergent_autonomy_boundary_625a34,0.9287759500299915,140677.17,140810.15,True,False
Emergent_anticipation_belief_revision_5bbdf5,Emergent_bounded_coupling_df3c79,0.9379845231208765,140677.17,140873.38,True,False
Emergent_anticipation_belief_revision_5bbdf5,Emergent_bounded_hypothesis_41336a,0.9355268172059148,140677.17,140873.72,True,False
Emergent_anticipation_belief_revision_5bbdf5,Emergent_autonomy_collective_461851,0.9364057127025067,140677.17,140893.96,True,False
Emergent_anticipation_belief_revision_5bbdf5,Emergent_constraint_ego_dissolution_a6d82d,0.9276930777158794,140677.17,140949.99,True,False
Emergent_anticipation_belief_revision_5bbdf5,Emergent_anticipation_belief_revision_946a18,0.9297314273193968,140677.17,140950.33,True,False
Emergent_anticipation_belief_revision_5bbdf5,Emergent_appears_asymmetry_ecd8f7,0.9318004159893036,140677.17,141010.53,True,False
Emergent_anticipation_belief_revision_5bbdf5,Emergent_anticipation_belief_revision_b7ed14,0.9352280205281425,140677.17,141029.87,True,False
Emergent_anticipation_belief_revision_5bbdf5,Emergent_identity_observed_39cc84,0.9396595391393563,140677.17,141030.21,True,False
Emergent_anticipation_belief_revision_5bbdf5,Emergent_carefully_coherence_d9db0f,0.9300340553826028,140677.17,141071.79,True,False
Emergent_anticipation_belief_revision_5bbdf5,Emergent_carefully_coherence_247f20,0.9269657449736299,140677.17,141114.56,True,False
Emergent_anticipation_belief_revision_5bbdf5,Emergent_bounded_contradiction_d8e7d7,0.9206268996842772,140677.17,141157.73,True,False
Emergent_anticipation_belief_revision_5bbdf5,Emergent_belief_revision_bounded_6b3318,0.9273001441641984,140677.17,141158.07,True,False
Emergent_anticipation_belief_revision_5bbdf5,Emergent_bounded_coupling_53a5ef,0.9296677217627562,140677.17,141177.87,True,False
Emergent_anticipation_belief_revision_5bbdf5,Emergent_carefully_coherence_6373e7,0.9350411681104276,140677.17,141200.46,True,False
Emergent_anticipation_belief_revision_5bbdf5,Emergent_belief_revision_carefully_00c1f3,0.8968661011130539,140677.17,141223.53,True,False
Emergent_anticipation_belief_revision_5bbdf5,Emergent_boundary_carefully_70bae7,0.8937452861292832,140677.17,141333.66,True,False
Emergent_boundary_contradiction_77a85f,Emergent_boundary_contradiction_133a24,0.9340129776475834,140694.74,140695.08,True,False
Emergent_boundary_contradiction_77a85f,Emergent_boundary_bounded_497fce,0.9348368091733201,140694.74,140714.67,True,False
Emergent_boundary_contradiction_77a85f,Emergent_boundary_coherence_b7a0b8,0.9399022079821322,140694.74,140733.42,True,False
Emergent_boundary_contradiction_77a85f,Emergent_boundary_carefully_576a67,0.9313728412554285,140694.74,140751.6,True,False
Emergent_boundary_contradiction_77a85f,Emergent_anticipation_boundary_af2ea2,0.9132127062859661,140694.74,140751.94,True,False
Emergent_boundary_contradiction_77a85f,Emergent_autonomy_belief_revision_3c3131,0.9391597864299492,140694.74,140770.5,True,False
Emergent_boundary_contradiction_77a85f,Emergent_boundary_coherence_6b5325,0.934366960576007,140694.74,140788.25,True,False
Emergent_boundary_contradiction_77a85f,Emergent_autonomy_boundary_625a34,0.9287759500299915,140694.74,140810.15,True,False
Emergent_boundary_contradiction_77a85f,Emergent_bounded_coupling_df3c79,0.9379845231208765,140694.74,140873.38,True,False
Emergent_boundary_contradiction_77a85f,Emergent_bounded_hypothesis_41336a,0.9355268172059148,140694.74,140873.72,True,False
Emergent_boundary_contradiction_77a85f,Emergent_autonomy_collective_461851,0.9364057127025067,140694.74,140893.96,True,False
Emergent_boundary_contradiction_77a85f,Emergent_constraint_ego_dissolution_a6d82d,0.9276930777158794,140694.74,140949.99,True,False
Emergent_boundary_contradiction_77a85f,Emergent_anticipation_belief_revision_946a18,0.9297314273193968,140694.74,140950.33,True,False
Emergent_boundary_contradiction_77a85f,Emergent_appears_asymmetry_ecd8f7,0.9318004159893036,140694.74,141010.53,True,False
Emergent_boundary_contradiction_77a85f,Emergent_anticipation_belief_revision_b7ed14,0.9352280205281425,140694.74,141029.87,True,False
Emergent_boundary_contradiction_77a85f,Emergent_identity_observed_39cc84,0.928029592759479,140694.74,141030.21,True,False
Emergent_boundary_contradiction_77a85f,Emergent_carefully_coherence_d9db0f,0.9300340553826028,140694.74,141071.79,True,False
Emergent_boundary_contradiction_77a85f,Emergent_carefully_coherence_247f20,0.9269657449736299,140694.74,141114.56,True,False
Emergent_boundary_contradiction_77a85f,Emergent_bounded_contradiction_d8e7d7,0.9206268996842772,140694.74,141157.73,True,False
Emergent_boundary_contradiction_77a85f,Emergent_belief_revision_bounded_6b3318,0.9273001441641984,140694.74,141158.07,True,False
Emergent_boundary_contradiction_77a85f,Emergent_bounded_coupling_53a5ef,0.9296677217627562,140694.74,141177.87,True,False
Emergent_boundary_contradiction_77a85f,Emergent_carefully_coherence_6373e7,0.9350411681104276,140694.74,141200.46,True,False
Emergent_boundary_contradiction_77a85f,Emergent_belief_revision_carefully_00c1f3,0.8968661011130539,140694.74,141223.53,True,False
Emergent_boundary_contradiction_77a85f,Emergent_boundary_carefully_70bae7,0.8949439709931948,140694.74,141333.66,True,False
Emergent_boundary_contradiction_133a24,Emergent_boundary_bounded_497fce,0.9340142656098855,140695.08,140714.67,True,False
Emergent_boundary_contradiction_133a24,Emergent_boundary_coherence_b7a0b8,0.9340080413732712,140695.08,140733.42,True,False
Emergent_boundary_contradiction_133a24,Emergent_boundary_carefully_576a67,0.9313728412554285,140695.08,140751.6,True,False
Emergent_boundary_contradiction_133a24,Emergent_anticipation_boundary_af2ea2,0.9132127062859661,140695.08,140751.94,True,False
Emergent_boundary_contradiction_133a24,Emergent_autonomy_belief_revision_3c3131,0.9339779189976978,140695.08,140770.5,True,False
Emergent_boundary_contradiction_133a24,Emergent_boundary_coherence_6b5325,0.9340401897250608,140695.08,140788.25,True,False
Emergent_boundary_contradiction_133a24,Emergent_autonomy_boundary_625a34,0.9287759500299915,140695.08,140810.15,True,False
Emergent_boundary_contradiction_133a24,Emergent_bounded_coupling_df3c79,0.933997745824849,140695.08,140873.38,True,False
Emergent_boundary_contradiction_133a24,Emergent_bounded_hypothesis_41336a,0.933997745824849,140695.08,140873.72,True,False
Emergent_boundary_contradiction_133a24,Emergent_autonomy_collective_461851,0.9339683441138258,140695.08,140893.96,True,False
Emergent_boundary_contradiction_133a24,Emergent_constraint_ego_dissolution_a6d82d,0.9276930777158794,140695.08,140949.99,True,False
Emergent_boundary_contradiction_133a24,Emergent_anticipation_belief_revision_946a18,0.9297314273193968,140695.08,140950.33,True,False
Emergent_boundary_contradiction_133a24,Emergent_appears_asymmetry_ecd8f7,0.9318004159893036,140695.08,141010.53,True,False
Emergent_boundary_contradiction_133a24,Emergent_anticipation_belief_revision_b7ed14,0.9339376093047262,140695.08,141029.87,True,False
Emergent_boundary_contradiction_133a24,Emergent_identity_observed_39cc84,0.9339385136820046,140695.08,141030.21,True,False
Emergent_boundary_contradiction_133a24,Emergent_carefully_coherence_d9db0f,0.9300340553826028,140695.08,141071.79,True,False
Emergent_boundary_contradiction_133a24,Emergent_carefully_coherence_247f20,0.9269657449736299,140695.08,141114.56,True,False
Emergent_boundary_contradiction_133a24,Emergent_bounded_contradiction_d8e7d7,0.9206268996842772,140695.08,141157.73,True,False
Emergent_boundary_contradiction_133a24,Emergent_belief_revision_bounded_6b3318,0.9273001441641984,140695.08,141158.07,True,False
Emergent_boundary_contradiction_133a24,Emergent_bounded_coupling_53a5ef,0.9296677217627562,140695.08,141177.87,True,False
Emergent_boundary_contradiction_133a24,Emergent_carefully_coherence_6373e7,0.9303397750105129,140695.08,141200.46,True,False
Emergent_boundary_contradiction_133a24,Emergent_belief_revision_carefully_00c1f3,0.8968661011130539,140695.08,141223.53,True,False
Emergent_boundary_contradiction_133a24,Emergent_boundary_carefully_70bae7,0.8827208368031572,140695.08,141333.66,True,False
Emergent_boundary_bounded_497fce,Emergent_boundary_coherence_b7a0b8,0.9348307411427974,140714.67,140733.42,True,False
Emergent_boundary_bounded_497fce,Emergent_boundary_carefully_576a67,0.9313728412554285,140714.67,140751.6,True,False
Emergent_boundary_bounded_497fce,Emergent_anticipation_boundary_af2ea2,0.9132127062859661,140714.67,140751.94,True,False
Emergent_boundary_bounded_497fce,Emergent_autonomy_belief_revision_3c3131,0.9348004289905387,140714.67,140770.5,True,False
Emergent_boundary_bounded_497fce,Emergent_boundary_coherence_6b5325,0.934366960576007,140714.67,140788.25,True,False
Emergent_boundary_bounded_497fce,Emergent_autonomy_boundary_625a34,0.9287759500299915,140714.67,140810.15,True,False
Emergent_boundary_bounded_497fce,Emergent_bounded_coupling_df3c79,0.934820113920237,140714.67,140873.38,True,False
Emergent_boundary_bounded_497fce,Emergent_bounded_hypothesis_41336a,0.934820113920237,140714.67,140873.72,True,False
Emergent_boundary_bounded_497fce,Emergent_autonomy_collective_461851,0.9347906747001771,140714.67,140893.96,True,False
Emergent_boundary_bounded_497fce,Emergent_constraint_ego_dissolution_a6d82d,0.9276930777158794,140714.67,140949.99,True,False
Emergent_boundary_bounded_497fce,Emergent_anticipation_belief_revision_946a18,0.9297314273193968,140714.67,140950.33,True,False
Emergent_boundary_bounded_497fce,Emergent_appears_asymmetry_ecd8f7,0.9318004159893036,140714.67,141010.53,True,False
Emergent_boundary_bounded_497fce,Emergent_anticipation_belief_revision_b7ed14,0.9347417055220979,140714.67,141029.87,True,False
Emergent_boundary_bounded_497fce,Emergent_identity_observed_39cc84,0.9347426161076717,140714.67,141030.21,True,False
Emergent_boundary_bounded_497fce,Emergent_carefully_coherence_d9db0f,0.9300340553826028,140714.67,141071.79,True,False
Emergent_boundary_bounded_497fce,Emergent_carefully_coherence_247f20,0.9269657449736299,140714.67,141114.56,True,False
Emergent_boundary_bounded_497fce,Emergent_bounded_contradiction_d8e7d7,0.9206268996842772,140714.67,141157.73,True,False
Emergent_boundary_bounded_497fce,Emergent_belief_revision_bounded_6b3318,0.9273001441641984,140714.67,141158.07,True,False
Emergent_boundary_bounded_497fce,Emergent_bounded_coupling_53a5ef,0.9296677217627562,140714.67,141177.87,True,False
Emergent_boundary_bounded_497fce,Emergent_carefully_coherence_6373e7,0.9311232581658977,140714.67,141200.46,True,False
Emergent_boundary_bounded_497fce,Emergent_belief_revision_carefully_00c1f3,0.8968661011130539,140714.67,141223.53,True,False
Emergent_boundary_bounded_497fce,Emergent_boundary_carefully_70bae7,0.8842703468535611,140714.67,141333.66,True,False
Emergent_boundary_coherence_b7a0b8,Emergent_boundary_carefully_576a67,0.931371224879652,140733.42,140751.6,True,False
Emergent_boundary_coherence_b7a0b8,Emergent_anticipation_boundary_af2ea2,0.9132112368318024,140733.42,140751.94,True,False
Emergent_boundary_coherence_b7a0b8,Emergent_autonomy_belief_revision_3c3131,0.939158871535329,140733.42,140770.5,True,False
Emergent_boundary_coherence_b7a0b8,Emergent_boundary_coherence_6b5325,0.934366960576007,140733.42,140788.25,True,False
Emergent_boundary_coherence_b7a0b8,Emergent_autonomy_boundary_625a34,0.9287759500299915,140733.42,140810.15,True,False
Emergent_boundary_coherence_b7a0b8,Emergent_bounded_coupling_df3c79,0.9379845231208765,140733.42,140873.38,True,False
Emergent_boundary_coherence_b7a0b8,Emergent_bounded_hypothesis_41336a,0.9355268172059148,140733.42,140873.72,True,False
Emergent_boundary_coherence_b7a0b8,Emergent_autonomy_collective_461851,0.9364057127025067,140733.42,140893.96,True,False
Emergent_boundary_coherence_b7a0b8,Emergent_constraint_ego_dissolution_a6d82d,0.9276930777158794,140733.42,140949.99,True,False
Emergent_boundary_coherence_b7a0b8,Emergent_anticipation_belief_revision_946a18,0.9297314273193968,140733.42,140950.33,True,False
Emergent_boundary_coherence_b7a0b8,Emergent_appears_asymmetry_ecd8f7,0.9318004159893036,140733.42,141010.53,True,False
Emergent_boundary_coherence_b7a0b8,Emergent_anticipation_belief_revision_b7ed14,0.9352280205281425,140733.42,141029.87,True,False
Emergent_boundary_coherence_b7a0b8,Emergent_identity_observed_39cc84,0.9396994411102448,140733.42,141030.21,True,False
Emergent_boundary_coherence_b7a0b8,Emergent_carefully_coherence_d9db0f,0.9300340553826028,140733.42,141071.79,True,False
Emergent_boundary_coherence_b7a0b8,Emergent_carefully_coherence_247f20,0.9269657449736299,140733.42,141114.56,True,False
Emergent_boundary_coherence_b7a0b8,Emergent_bounded_contradiction_d8e7d7,0.9206268996842772,140733.42,141157.73,True,False
Emergent_boundary_coherence_b7a0b8,Emergent_belief_revision_bounded_6b3318,0.9273001441641984,140733.42,141158.07,True,False
Emergent_boundary_coherence_b7a0b8,Emergent_bounded_coupling_53a5ef,0.9296677217627562,140733.42,141177.87,True,False
Emergent_boundary_coherence_b7a0b8,Emergent_carefully_coherence_6373e7,0.9350411681104276,140733.42,141200.46,True,False
Emergent_boundary_coherence_b7a0b8,Emergent_belief_revision_carefully_00c1f3,0.8968661011130539,140733.42,141223.53,True,False
Emergent_boundary_coherence_b7a0b8,Emergent_boundary_carefully_70bae7,0.8938221774592299,140733.42,141333.66,True,False
Emergent_boundary_carefully_576a67,Emergent_anticipation_boundary_af2ea2,0.9132069157437337,140751.6,140751.94,True,False
Emergent_boundary_carefully_576a67,Emergent_autonomy_belief_revision_3c3131,0.931364985620341,140751.6,140770.5,True,False
Emergent_boundary_carefully_576a67,Emergent_boundary_coherence_6b5325,0.9314295965429851,140751.6,140788.25,True,False
Emergent_boundary_carefully_576a67,Emergent_autonomy_boundary_625a34,0.9287759500299915,140751.6,140810.15,True,False
Emergent_boundary_carefully_576a67,Emergent_bounded_coupling_df3c79,0.9313906921180857,140751.6,140873.38,True,False
Emergent_boundary_carefully_576a67,Emergent_bounded_hypothesis_41336a,0.9313906921180857,140751.6,140873.72,True,False
Emergent_boundary_carefully_576a67,Emergent_autonomy_collective_461851,0.9313614093174065,140751.6,140893.96,True,False
Emergent_boundary_carefully_576a67,Emergent_constraint_ego_dissolution_a6d82d,0.9276930777158794,140751.6,140949.99,True,False
Emergent_boundary_carefully_576a67,Emergent_anticipation_belief_revision_946a18,0.9297314273193968,140751.6,140950.33,True,False
Emergent_boundary_carefully_576a67,Emergent_appears_asymmetry_ecd8f7,0.9311243748029092,140751.6,141010.53,True,False
Emergent_boundary_carefully_576a67,Emergent_anticipation_belief_revision_b7ed14,0.9313884807139534,140751.6,141029.87,True,False
Emergent_boundary_carefully_576a67,Emergent_identity_observed_39cc84,0.931389365409826,140751.6,141030.21,True,False
Emergent_boundary_carefully_576a67,Emergent_carefully_coherence_d9db0f,0.928167890561836,140751.6,141071.79,True,False
Emergent_boundary_carefully_576a67,Emergent_carefully_coherence_247f20,0.9269657449736299,140751.6,141114.56,True,False
Emergent_boundary_carefully_576a67,Emergent_bounded_contradiction_d8e7d7,0.9206268996842772,140751.6,141157.73,True,False
Emergent_boundary_carefully_576a67,Emergent_belief_revision_bounded_6b3318,0.9273001441641984,140751.6,141158.07,True,False
Emergent_boundary_carefully_576a67,Emergent_bounded_coupling_53a5ef,0.9295854338069651,140751.6,141177.87,True,False
Emergent_boundary_carefully_576a67,Emergent_carefully_coherence_6373e7,0.927855993506965,140751.6,141200.46,True,False
Emergent_boundary_carefully_576a67,Emergent_belief_revision_carefully_00c1f3,0.8968661011130539,140751.6,141223.53,True,False
Emergent_boundary_carefully_576a67,Emergent_boundary_carefully_70bae7,0.8778086132584604,140751.6,141333.66,True,False
Emergent_anticipation_boundary_af2ea2,Emergent_autonomy_belief_revision_3c3131,0.9132052828586612,140751.94,140770.5,True,False
Emergent_anticipation_boundary_af2ea2,Emergent_boundary_coherence_6b5325,0.9132707973924752,140751.94,140788.25,True,False
Emergent_anticipation_boundary_af2ea2,Emergent_autonomy_boundary_625a34,0.9132696085788772,140751.94,140810.15,True,False
Emergent_anticipation_boundary_af2ea2,Emergent_bounded_coupling_df3c79,0.9132333443870977,140751.94,140873.38,True,False
Emergent_anticipation_boundary_af2ea2,Emergent_bounded_hypothesis_41336a,0.9132333443870977,140751.94,140873.72,True,False
Emergent_anticipation_boundary_af2ea2,Emergent_autonomy_collective_461851,0.9132045474349322,140751.94,140893.96,True,False
Emergent_anticipation_boundary_af2ea2,Emergent_constraint_ego_dissolution_a6d82d,0.912586300156869,140751.94,140949.99,True,False
Emergent_anticipation_boundary_af2ea2,Emergent_anticipation_belief_revision_946a18,0.9125887134507804,140751.94,140950.33,True,False
Emergent_anticipation_boundary_af2ea2,Emergent_appears_asymmetry_ecd8f7,0.9127037015712809,140751.94,141010.53,True,False
Emergent_anticipation_boundary_af2ea2,Emergent_anticipation_belief_revision_b7ed14,0.9134678056769288,140751.94,141029.87,True,False
Emergent_anticipation_boundary_af2ea2,Emergent_identity_observed_39cc84,0.9134686099577478,140751.94,141030.21,True,False
Emergent_anticipation_boundary_af2ea2,Emergent_carefully_coherence_d9db0f,0.9097505548080342,140751.94,141071.79,True,False
Emergent_anticipation_boundary_af2ea2,Emergent_carefully_coherence_247f20,0.9139897903999135,140751.94,141114.56,True,False
Emergent_anticipation_boundary_af2ea2,Emergent_bounded_contradiction_d8e7d7,0.9117299884079135,140751.94,141157.73,True,False
Emergent_anticipation_boundary_af2ea2,Emergent_belief_revision_bounded_6b3318,0.9117299884079135,140751.94,141158.07,True,False
Emergent_anticipation_boundary_af2ea2,Emergent_bounded_coupling_53a5ef,0.9119317564429135,140751.94,141177.87,True,False
Emergent_anticipation_boundary_af2ea2,Emergent_carefully_coherence_6373e7,0.9102023161429136,140751.94,141200.46,True,False
Emergent_anticipation_boundary_af2ea2,Emergent_belief_revision_carefully_00c1f3,0.8927642805261145,140751.94,141223.53,True,False
Emergent_anticipation_boundary_af2ea2,Emergent_boundary_carefully_70bae7,0.8502327128624125,140751.94,141333.66,True,False
Emergent_autonomy_belief_revision_3c3131,Emergent_boundary_coherence_6b5325,0.9343587034037073,140770.5,140788.25,True,False
Emergent_autonomy_belief_revision_3c3131,Emergent_autonomy_boundary_625a34,0.9287759500299915,140770.5,140810.15,True,False
Emergent_autonomy_belief_revision_3c3131,Emergent_bounded_coupling_df3c79,0.9379845231208765,140770.5,140873.38,True,False
Emergent_autonomy_belief_revision_3c3131,Emergent_bounded_hypothesis_41336a,0.9355268172059148,140770.5,140873.72,True,False
Emergent_autonomy_belief_revision_3c3131,Emergent_autonomy_collective_461851,0.9364057127025067,140770.5,140893.96,True,False
Emergent_autonomy_belief_revision_3c3131,Emergent_constraint_ego_dissolution_a6d82d,0.9276930777158794,140770.5,140949.99,True,False
Emergent_autonomy_belief_revision_3c3131,Emergent_anticipation_belief_revision_946a18,0.9297314273193968,140770.5,140950.33,True,False
Emergent_autonomy_belief_revision_3c3131,Emergent_appears_asymmetry_ecd8f7,0.9318004159893036,140770.5,141010.53,True,False
Emergent_autonomy_belief_revision_3c3131,Emergent_anticipation_belief_revision_b7ed14,0.9352280205281425,140770.5,141029.87,True,False
Emergent_autonomy_belief_revision_3c3131,Emergent_identity_observed_39cc84,0.9390044122218721,140770.5,141030.21,True,False
Emergent_autonomy_belief_revision_3c3131,Emergent_carefully_coherence_d9db0f,0.9300340553826028,140770.5,141071.79,True,False
Emergent_autonomy_belief_revision_3c3131,Emergent_carefully_coherence_247f20,0.9269657449736299,140770.5,141114.56,True,False
Emergent_autonomy_belief_revision_3c3131,Emergent_bounded_contradiction_d8e7d7,0.9206268996842772,140770.5,141157.73,True,False
Emergent_autonomy_belief_revision_3c3131,Emergent_belief_revision_bounded_6b3318,0.9273001441641984,140770.5,141158.07,True,False
Emergent_autonomy_belief_revision_3c3131,Emergent_bounded_coupling_53a5ef,0.9296677217627562,140770.5,141177.87,True,False
Emergent_autonomy_belief_revision_3c3131,Emergent_carefully_coherence_6373e7,0.9350411681104276,140770.5,141200.46,True,False
Emergent_autonomy_belief_revision_3c3131,Emergent_belief_revision_carefully_00c1f3,0.8968661011130539,140770.5,141223.53,True,False
Emergent_autonomy_belief_revision_3c3131,Emergent_boundary_carefully_70bae7,0.8924828527494939,140770.5,141333.66,True,False
Emergent_boundary_coherence_6b5325,Emergent_autonomy_boundary_625a34,0.9287759500299915,140788.25,140810.15,True,False
Emergent_boundary_coherence_6b5325,Emergent_bounded_coupling_df3c79,0.9343245166757952,140788.25,140873.38,True,False
Emergent_boundary_coherence_6b5325,Emergent_bounded_hypothesis_41336a,0.9343245166757952,140788.25,140873.72,True,False
Emergent_boundary_coherence_6b5325,Emergent_autonomy_collective_461851,0.9342951000604245,140788.25,140893.96,True,False
Emergent_boundary_coherence_6b5325,Emergent_constraint_ego_dissolution_a6d82d,0.9276930777158794,140788.25,140949.99,True,False
Emergent_boundary_coherence_6b5325,Emergent_anticipation_belief_revision_946a18,0.9297314273193968,140788.25,140950.33,True,False
Emergent_boundary_coherence_6b5325,Emergent_appears_asymmetry_ecd8f7,0.9318004159893036,140788.25,141010.53,True,False
Emergent_boundary_coherence_6b5325,Emergent_anticipation_belief_revision_b7ed14,0.9342571197607701,140788.25,141029.87,True,False
Emergent_boundary_coherence_6b5325,Emergent_identity_observed_39cc84,0.9342580266049363,140788.25,141030.21,True,False
Emergent_boundary_coherence_6b5325,Emergent_carefully_coherence_d9db0f,0.9300340553826028,140788.25,141071.79,True,False
Emergent_boundary_coherence_6b5325,Emergent_carefully_coherence_247f20,0.9269657449736299,140788.25,141114.56,True,False
Emergent_boundary_coherence_6b5325,Emergent_bounded_contradiction_d8e7d7,0.9206268996842772,140788.25,141157.73,True,False
Emergent_boundary_coherence_6b5325,Emergent_belief_revision_bounded_6b3318,0.9273001441641984,140788.25,141158.07,True,False
Emergent_boundary_coherence_6b5325,Emergent_bounded_coupling_53a5ef,0.9296677217627562,140788.25,141177.87,True,False
Emergent_boundary_coherence_6b5325,Emergent_carefully_coherence_6373e7,0.9306510947939808,140788.25,141200.46,True,False
Emergent_boundary_coherence_6b5325,Emergent_belief_revision_carefully_00c1f3,0.8968661011130539,140788.25,141223.53,True,False
Emergent_boundary_coherence_6b5325,Emergent_boundary_carefully_70bae7,0.8833365400637285,140788.25,141333.66,True,False
Emergent_autonomy_boundary_625a34,Emergent_bounded_coupling_df3c79,0.9287392535667214,140810.15,140873.38,True,False
Emergent_autonomy_boundary_625a34,Emergent_bounded_hypothesis_41336a,0.9287392535667214,140810.15,140873.72,True,False
Emergent_autonomy_boundary_625a34,Emergent_autonomy_collective_461851,0.928710091700824,140810.15,140893.96,True,False
Emergent_autonomy_boundary_625a34,Emergent_constraint_ego_dissolution_a6d82d,0.9276930777158794,140810.15,140949.99,True,False
Emergent_autonomy_boundary_625a34,Emergent_anticipation_belief_revision_946a18,0.9281046008108893,140810.15,140950.33,True,False
Emergent_autonomy_boundary_625a34,Emergent_appears_asymmetry_ecd8f7,0.928407390693551,140810.15,141010.53,True,False
Emergent_autonomy_boundary_625a34,Emergent_anticipation_belief_revision_b7ed14,0.9287959534482413,140810.15,141029.87,True,False
Emergent_autonomy_boundary_625a34,Emergent_identity_observed_39cc84,0.928796818127634,140810.15,141030.21,True,False
Emergent_autonomy_boundary_625a34,Emergent_carefully_coherence_d9db0f,0.9254517371993896,140810.15,141071.79,True,False
Emergent_autonomy_boundary_625a34,Emergent_carefully_coherence_247f20,0.9269657449736299,140810.15,141114.56,True,False
Emergent_autonomy_boundary_625a34,Emergent_bounded_contradiction_d8e7d7,0.9206268996842772,140810.15,141157.73,True,False
Emergent_autonomy_boundary_625a34,Emergent_belief_revision_bounded_6b3318,0.9268575981215028,140810.15,141158.07,True,False
Emergent_autonomy_boundary_625a34,Emergent_bounded_coupling_53a5ef,0.9270593661565028,140810.15,141177.87,True,False
Emergent_autonomy_boundary_625a34,Emergent_carefully_coherence_6373e7,0.9253299258565029,140810.15,141200.46,True,False
Emergent_autonomy_boundary_625a34,Emergent_belief_revision_carefully_00c1f3,0.8968661011130539,140810.15,141223.53,True,False
Emergent_autonomy_boundary_625a34,Emergent_boundary_carefully_70bae7,0.8728127595690867,140810.15,141333.66,True,False
Emergent_bounded_coupling_df3c79,Emergent_bounded_hypothesis_41336a,0.9354709626195066,140873.38,140873.72,True,False
Emergent_bounded_coupling_df3c79,Emergent_autonomy_collective_461851,0.9364057127025067,140873.38,140893.96,True,False
Emergent_bounded_coupling_df3c79,Emergent_constraint_ego_dissolution_a6d82d,0.9276930777158794,140873.38,140949.99,True,False
Emergent_bounded_coupling_df3c79,Emergent_anticipation_belief_revision_946a18,0.9297314273193968,140873.38,140950.33,True,False
Emergent_bounded_coupling_df3c79,Emergent_appears_asymmetry_ecd8f7,0.9318004159893036,140873.38,141010.53,True,False
Emergent_bounded_coupling_df3c79,Emergent_anticipation_belief_revision_b7ed14,0.9352280205281425,140873.38,141029.87,True,False
Emergent_bounded_coupling_df3c79,Emergent_identity_observed_39cc84,0.9378367404156405,140873.38,141030.21,True,False
Emergent_bounded_coupling_df3c79,Emergent_carefully_coherence_d9db0f,0.9300340553826028,140873.38,141071.79,True,False
Emergent_bounded_coupling_df3c79,Emergent_carefully_coherence_247f20,0.9269657449736299,140873.38,141114.56,True,False
Emergent_bounded_coupling_df3c79,Emergent_bounded_contradiction_d8e7d7,0.9206268996842772,140873.38,141157.73,True,False
Emergent_bounded_coupling_df3c79,Emergent_belief_revision_bounded_6b3318,0.9273001441641984,140873.38,141158.07,True,False
Emergent_bounded_coupling_df3c79,Emergent_bounded_coupling_53a5ef,0.9296677217627562,140873.38,141177.87,True,False
Emergent_bounded_coupling_df3c79,Emergent_carefully_coherence_6373e7,0.9341380411071987,140873.38,141200.46,True,False
Emergent_bounded_coupling_df3c79,Emergent_belief_revision_carefully_00c1f3,0.8968661011130539,140873.38,141223.53,True,False
Emergent_bounded_coupling_df3c79,Emergent_boundary_carefully_70bae7,0.8902327423884562,140873.38,141333.66,True,False
Emergent_bounded_hypothesis_41336a,Emergent_autonomy_collective_461851,0.9354973457524067,140873.72,140893.96,True,False
Emergent_bounded_hypothesis_41336a,Emergent_constraint_ego_dissolution_a6d82d,0.9276930777158794,140873.72,140949.99,True,False
Emergent_bounded_hypothesis_41336a,Emergent_anticipation_belief_revision_946a18,0.9297314273193968,140873.72,140950.33,True,False
Emergent_bounded_hypothesis_41336a,Emergent_appears_asymmetry_ecd8f7,0.9318004159893036,140873.72,141010.53,True,False
Emergent_bounded_hypothesis_41336a,Emergent_anticipation_belief_revision_b7ed14,0.9352280205281425,140873.72,141029.87,True,False
Emergent_bounded_hypothesis_41336a,Emergent_identity_observed_39cc84,0.9354336227620244,140873.72,141030.21,True,False
Emergent_bounded_hypothesis_41336a,Emergent_carefully_coherence_d9db0f,0.9300340553826028,140873.72,141071.79,True,False
Emergent_bounded_hypothesis_41336a,Emergent_carefully_coherence_247f20,0.9269657449736299,140873.72,141114.56,True,False
Emergent_bounded_hypothesis_41336a,Emergent_bounded_contradiction_d8e7d7,0.9206268996842772,140873.72,141157.73,True,False
Emergent_bounded_hypothesis_41336a,Emergent_belief_revision_bounded_6b3318,0.9273001441641984,140873.72,141158.07,True,False
Emergent_bounded_hypothesis_41336a,Emergent_bounded_coupling_53a5ef,0.9296677217627562,140873.72,141177.87,True,False
Emergent_bounded_hypothesis_41336a,Emergent_carefully_coherence_6373e7,0.9317965456186685,140873.72,141200.46,True,False
Emergent_bounded_hypothesis_41336a,Emergent_belief_revision_carefully_00c1f3,0.8968661011130539,140873.72,141223.53,True,False
Emergent_bounded_hypothesis_41336a,Emergent_boundary_carefully_70bae7,0.8856019206949497,140873.72,141333.66,True,False
Emergent_autonomy_collective_461851,Emergent_constraint_ego_dissolution_a6d82d,0.9276930777158794,140893.96,140949.99,True,False
Emergent_autonomy_collective_461851,Emergent_anticipation_belief_revision_946a18,0.9297314273193968,140893.96,140950.33,True,False
Emergent_autonomy_collective_461851,Emergent_appears_asymmetry_ecd8f7,0.9318004159893036,140893.96,141010.53,True,False
Emergent_autonomy_collective_461851,Emergent_anticipation_belief_revision_b7ed14,0.9352280205281425,140893.96,141029.87,True,False
Emergent_autonomy_collective_461851,Emergent_identity_observed_39cc84,0.9363218544295493,140893.96,141030.21,True,False
Emergent_autonomy_collective_461851,Emergent_carefully_coherence_d9db0f,0.9300340553826028,140893.96,141071.79,True,False
Emergent_autonomy_collective_461851,Emergent_carefully_coherence_247f20,0.9269657449736299,140893.96,141114.56,True,False
Emergent_autonomy_collective_461851,Emergent_bounded_contradiction_d8e7d7,0.9206268996842772,140893.96,141157.73,True,False
Emergent_autonomy_collective_461851,Emergent_belief_revision_bounded_6b3318,0.9273001441641984,140893.96,141158.07,True,False
Emergent_autonomy_collective_461851,Emergent_bounded_coupling_53a5ef,0.9296677217627562,140893.96,141177.87,True,False
Emergent_autonomy_collective_461851,Emergent_carefully_coherence_6373e7,0.932662000724102,140893.96,141200.46,True,False
Emergent_autonomy_collective_461851,Emergent_belief_revision_carefully_00c1f3,0.8968661011130539,140893.96,141223.53,True,False
Emergent_autonomy_collective_461851,Emergent_boundary_carefully_70bae7,0.8873135482836549,140893.96,141333.66,True,False
Emergent_constraint_ego_dissolution_a6d82d,Emergent_anticipation_belief_revision_946a18,0.9274665662250956,140949.99,140950.33,True,False
Emergent_constraint_ego_dissolution_a6d82d,Emergent_appears_asymmetry_ecd8f7,0.9279887771909148,140949.99,141010.53,True,False
Emergent_constraint_ego_dissolution_a6d82d,Emergent_anticipation_belief_revision_b7ed14,0.9283965153670093,140949.99,141029.87,True,False
Emergent_constraint_ego_dissolution_a6d82d,Emergent_identity_observed_39cc84,0.9283973769624057,140949.99,141030.21,True,False
Emergent_constraint_ego_dissolution_a6d82d,Emergent_carefully_coherence_d9db0f,0.925033251692303,140949.99,141071.79,True,False
Emergent_constraint_ego_dissolution_a6d82d,Emergent_carefully_coherence_247f20,0.9269657449736299,140949.99,141114.56,True,False
Emergent_constraint_ego_dissolution_a6d82d,Emergent_bounded_contradiction_d8e7d7,0.9206268996842772,140949.99,141157.73,True,False
Emergent_constraint_ego_dissolution_a6d82d,Emergent_belief_revision_bounded_6b3318,0.9264683996630305,140949.99,141158.07,True,False
Emergent_constraint_ego_dissolution_a6d82d,Emergent_bounded_coupling_53a5ef,0.9266701676980305,140949.99,141177.87,True,False
Emergent_constraint_ego_dissolution_a6d82d,Emergent_carefully_coherence_6373e7,0.9249407273980303,140949.99,141200.46,True,False
Emergent_constraint_ego_dissolution_a6d82d,Emergent_belief_revision_carefully_00c1f3,0.8968661011130539,140949.99,141223.53,True,False
Emergent_constraint_ego_dissolution_a6d82d,Emergent_boundary_carefully_70bae7,0.8720430341207988,140949.99,141333.66,True,False
Emergent_anticipation_belief_revision_946a18,Emergent_appears_asymmetry_ecd8f7,0.9300723570579068,140950.33,141010.53,True,False
Emergent_anticipation_belief_revision_946a18,Emergent_anticipation_belief_revision_b7ed14,0.9303846527274231,140950.33,141029.87,True,False
Emergent_anticipation_belief_revision_946a18,Emergent_identity_observed_39cc84,0.9303855296729036,140950.33,141030.21,True,False
Emergent_anticipation_belief_revision_946a18,Emergent_carefully_coherence_d9db0f,0.9271161944824955,140950.33,141071.79,True,False
Emergent_anticipation_belief_revision_946a18,Emergent_carefully_coherence_247f20,0.9269657449736299,140950.33,141114.56,True,False
Emergent_anticipation_belief_revision_946a18,Emergent_bounded_contradiction_d8e7d7,0.9206268996842772,140950.33,141157.73,True,False
Emergent_anticipation_belief_revision_946a18,Emergent_belief_revision_bounded_6b3318,0.9273001441641984,140950.33,141158.07,True,False
Emergent_anticipation_belief_revision_946a18,Emergent_bounded_coupling_53a5ef,0.9286073390200984,140950.33,141177.87,True,False
Emergent_anticipation_belief_revision_946a18,Emergent_carefully_coherence_6373e7,0.9268778987200981,140950.33,141200.46,True,False
Emergent_anticipation_belief_revision_946a18,Emergent_belief_revision_carefully_00c1f3,0.8968661011130539,140950.33,141223.53,True,False
Emergent_anticipation_belief_revision_946a18,Emergent_boundary_carefully_70bae7,0.8758742159557469,140950.33,141333.66,True,False
Emergent_appears_asymmetry_ecd8f7,Emergent_anticipation_belief_revision_b7ed14,0.9320335544935296,141010.53,141029.87,True,False
Emergent_appears_asymmetry_ecd8f7,Emergent_identity_observed_39cc84,0.9320344441699115,141010.53,141030.21,True,False
Emergent_appears_asymmetry_ecd8f7,Emergent_carefully_coherence_d9db0f,0.9288437250414168,141010.53,141071.79,True,False
Emergent_appears_asymmetry_ecd8f7,Emergent_carefully_coherence_247f20,0.9269657449736299,141010.53,141114.56,True,False
Emergent_appears_asymmetry_ecd8f7,Emergent_bounded_contradiction_d8e7d7,0.9206268996842772,141010.53,141157.73,True,False
Emergent_appears_asymmetry_ecd8f7,Emergent_belief_revision_bounded_6b3318,0.9273001441641984,141010.53,141158.07,True,False
Emergent_appears_asymmetry_ecd8f7,Emergent_bounded_coupling_53a5ef,0.9296677217627562,141010.53,141177.87,True,False
Emergent_appears_asymmetry_ecd8f7,Emergent_carefully_coherence_6373e7,0.9284845307757141,141010.53,141200.46,True,False
Emergent_appears_asymmetry_ecd8f7,Emergent_belief_revision_carefully_00c1f3,0.8968661011130539,141010.53,141223.53,True,False
Emergent_appears_asymmetry_ecd8f7,Emergent_boundary_carefully_70bae7,0.8790516837805087,141010.53,141333.66,True,False
Emergent_anticipation_belief_revision_b7ed14,Emergent_identity_observed_39cc84,0.9342106859188688,141029.87,141030.21,True,False
Emergent_anticipation_belief_revision_b7ed14,Emergent_carefully_coherence_d9db0f,0.9300310605545088,141029.87,141071.79,True,False
Emergent_anticipation_belief_revision_b7ed14,Emergent_carefully_coherence_247f20,0.9269657449736299,141029.87,141114.56,True,False
Emergent_anticipation_belief_revision_b7ed14,Emergent_bounded_contradiction_d8e7d7,0.9206268996842772,141029.87,141157.73,True,False
Emergent_anticipation_belief_revision_b7ed14,Emergent_belief_revision_bounded_6b3318,0.9273001441641984,141029.87,141158.07,True,False
Emergent_anticipation_belief_revision_b7ed14,Emergent_bounded_coupling_53a5ef,0.9296677217627562,141029.87,141177.87,True,False
Emergent_anticipation_belief_revision_b7ed14,Emergent_carefully_coherence_6373e7,0.9315971064532236,141029.87,141200.46,True,False
Emergent_anticipation_belief_revision_b7ed14,Emergent_belief_revision_carefully_00c1f3,0.8968661011130539,141029.87,141223.53,True,False
Emergent_anticipation_belief_revision_b7ed14,Emergent_boundary_carefully_70bae7,0.8852074859337464,141029.87,141333.66,True,False
Emergent_identity_observed_39cc84,Emergent_carefully_coherence_d9db0f,0.9300340553826028,141030.21,141071.79,True,False
Emergent_identity_observed_39cc84,Emergent_carefully_coherence_247f20,0.9269657449736299,141030.21,141114.56,True,False
Emergent_identity_observed_39cc84,Emergent_bounded_contradiction_d8e7d7,0.9206268996842772,141030.21,141157.73,True,False
Emergent_identity_observed_39cc84,Emergent_belief_revision_bounded_6b3318,0.9273001441641984,141030.21,141158.07,True,False
Emergent_identity_observed_39cc84,Emergent_bounded_coupling_53a5ef,0.9296677217627562,141030.21,141177.87,True,False
Emergent_identity_observed_39cc84,Emergent_carefully_coherence_6373e7,0.9350411681104276,141030.21,141200.46,True,False
Emergent_identity_observed_39cc84,Emergent_belief_revision_carefully_00c1f3,0.8968661011130539,141030.21,141223.53,True,False
Emergent_identity_observed_39cc84,Emergent_boundary_carefully_70bae7,0.8949439709931948,141030.21,141333.66,True,False
Emergent_carefully_coherence_d9db0f,Emergent_carefully_coherence_247f20,0.9269220907550046,141071.79,141114.56,True,False
Emergent_carefully_coherence_d9db0f,Emergent_bounded_contradiction_d8e7d7,0.9206268996842772,141071.79,141157.73,True,False
Emergent_carefully_coherence_d9db0f,Emergent_belief_revision_bounded_6b3318,0.9273001441641984,141071.79,141158.07,True,False
Emergent_carefully_coherence_d9db0f,Emergent_bounded_coupling_53a5ef,0.9296677217627562,141071.79,141177.87,True,False
Emergent_carefully_coherence_d9db0f,Emergent_carefully_coherence_6373e7,0.9295915577241209,141071.79,141200.46,True,False
Emergent_carefully_coherence_d9db0f,Emergent_belief_revision_carefully_00c1f3,0.8968661011130539,141071.79,141223.53,True,False
Emergent_carefully_coherence_d9db0f,Emergent_boundary_carefully_70bae7,0.8812410727556699,141071.79,141333.66,True,False
Emergent_carefully_coherence_247f20,Emergent_bounded_contradiction_d8e7d7,0.9206268996842772,141114.56,141157.73,True,False
Emergent_carefully_coherence_247f20,Emergent_belief_revision_bounded_6b3318,0.92470594298163,141114.56,141158.07,True,False
Emergent_carefully_coherence_247f20,Emergent_bounded_coupling_53a5ef,0.9249077110166299,141114.56,141177.87,True,False
Emergent_carefully_coherence_247f20,Emergent_carefully_coherence_6373e7,0.9231782707166298,141114.56,141200.46,True,False
Emergent_carefully_coherence_247f20,Emergent_belief_revision_carefully_00c1f3,0.8968661011130539,141114.56,141223.53,True,False
Emergent_carefully_coherence_247f20,Emergent_boundary_carefully_70bae7,0.8685573888679787,141114.56,141333.66,True,False
Emergent_bounded_contradiction_d8e7d7,Emergent_belief_revision_bounded_6b3318,0.9163897709492774,141157.73,141158.07,True,False
Emergent_bounded_contradiction_d8e7d7,Emergent_bounded_coupling_53a5ef,0.9165915389842774,141157.73,141177.87,True,False
Emergent_bounded_contradiction_d8e7d7,Emergent_carefully_coherence_6373e7,0.9190992274192773,141157.73,141200.46,True,False
Emergent_bounded_contradiction_d8e7d7,Emergent_belief_revision_carefully_00c1f3,0.8968661011130539,141157.73,141223.53,True,False
Emergent_bounded_contradiction_d8e7d7,Emergent_boundary_carefully_70bae7,0.8627932543933963,141157.73,141333.66,True,False
Emergent_belief_revision_bounded_6b3318,Emergent_bounded_coupling_53a5ef,0.9232647834641983,141158.07,141177.87,True,False
Emergent_belief_revision_bounded_6b3318,Emergent_carefully_coherence_6373e7,0.9257724718991984,141158.07,141200.46,True,False
Emergent_belief_revision_bounded_6b3318,Emergent_belief_revision_carefully_00c1f3,0.8968661011130539,141158.07,141223.53,True,False
Emergent_belief_revision_bounded_6b3318,Emergent_boundary_carefully_70bae7,0.8736879915842364,141158.07,141333.66,True,False
Emergent_bounded_coupling_53a5ef,Emergent_carefully_coherence_6373e7,0.9279382814627564,141177.87,141200.46,True,False
Emergent_bounded_coupling_53a5ef,Emergent_belief_revision_carefully_00c1f3,0.8968661011130539,141177.87,141223.53,True,False
Emergent_bounded_coupling_53a5ef,Emergent_boundary_carefully_70bae7,0.8779713557675359,141177.87,141333.66,True,False
Emergent_carefully_coherence_6373e7,Emergent_belief_revision_carefully_00c1f3,0.8968661011130539,141200.46,141223.53,True,False
Emergent_carefully_coherence_6373e7,Emergent_boundary_carefully_70bae7,0.8920188744305766,141200.46,141333.66,True,False
Emergent_belief_revision_carefully_00c1f3,Emergent_boundary_carefully_70bae7,0.8552994267431973,141223.53,141333.66,True,False
