source,target,weight,src_ts,dst_ts,is_older_to_newer,is_newer_to_older
Emergent_ambiguity_attention_6ee88b,Emergent_abstraction_ambiguity_a83b10,0.7265774588570161,10009.5,10023.12,True,False
Emergent_ambiguity_attention_6ee88b,Emergent_autonomy_coherence_a41799,0.7437451919791148,10009.5,10033.21,True,False
Emergent_ambiguity_attention_6ee88b,Emergent_beneficence_cascade_e643e2,0.7470188552813385,10009.5,10046.36,True,False
Emergent_ambiguity_attention_6ee88b,Emergent_cascade_coherence_0dd0f2,0.7406097390508272,10009.5,10059.52,True,False
Emergent_ambiguity_attention_6ee88b,Emergent_autonomy_bounded_e9a97c,0.7390283949964355,10009.5,10073.89,True,False
Emergent_ambiguity_attention_6ee88b,Emergent_cascade_constraint_24be01,0.742007463484205,10009.5,10088.31,True,False
Emergent_ambiguity_attention_6ee88b,Emergent_carefully_clarity_0d7a6f,0.7265855472742293,10009.5,10102.12,True,False
Emergent_ambiguity_attention_6ee88b,Emergent_appears_asymmetry_8dba4c,0.7461818843502737,10009.5,10116.85,True,False
Emergent_ambiguity_attention_6ee88b,Emergent_autonomy_collective_461851,0.741158571722538,10009.5,10130.02,True,False
Emergent_ambiguity_attention_6ee88b,Emergent_abstraction_autonomy_d2ad9b,0.7301688980948166,10009.5,10145.8,True,False
Emergent_ambiguity_attention_6ee88b,Emergent_abstraction_anticipation_3a9e77,0.7259507749008934,10009.5,10146.14,True,False
Emergent_ambiguity_attention_6ee88b,Emergent_autonomy_belief_revision_95551d,0.7470188553917044,10009.5,10159.94,True,False
Emergent_ambiguity_attention_6ee88b,Emergent_carefully_coherence_d9db0f,0.733539393583235,10009.5,10175.32,True,False
Emergent_ambiguity_attention_6ee88b,Emergent_boundary_bounded_fb55ca,0.7295594813148075,10009.5,10188.06,True,False
Emergent_ambiguity_attention_6ee88b,Emergent_autonomy_boundary_fb8be0,0.7470188551558737,10009.5,10201.89,True,False
Emergent_ambiguity_attention_6ee88b,Emergent_autonomy_bounded_ab8b66,0.7470188564791406,10009.5,10217.08,True,False
Emergent_ambiguity_attention_6ee88b,Emergent_appears_asymmetry_ecd8f7,0.7299282355100882,10009.5,10230.8,True,False
Emergent_ambiguity_attention_6ee88b,Emergent_beneficence_clarity_4106a8,0.7422906275967306,10009.5,10260.91,True,False
Emergent_ambiguity_attention_6ee88b,Emergent_contradiction_dissipation_200b3d,0.7282315351765141,10009.5,10291.25,True,False
Emergent_ambiguity_attention_6ee88b,Emergent_anticipation_constraint_db1de5,0.7470188569414835,10009.5,10306.91,True,False
Emergent_ambiguity_attention_6ee88b,Emergent_carefully_coherence_2f0be8,0.7347984731733553,10009.5,10321.61,True,False
Emergent_ambiguity_attention_6ee88b,Emergent_anticipation_autonomy_eda74a,0.7454546876868504,10009.5,10337.04,True,False
Emergent_ambiguity_attention_6ee88b,Emergent_autonomy_bounded_72bafc,0.740323557273193,10009.5,10382.18,True,False
Emergent_ambiguity_attention_6ee88b,Emergent_analogy_bounded_22d6a4,0.7470189117925702,10009.5,10398.01,True,False
Emergent_ambiguity_attention_6ee88b,Emergent_bounded_clarity_5d9930,0.7462811691906833,10009.5,10411.02,True,False
Emergent_ambiguity_attention_6ee88b,Emergent_bounded_clarity_ae2623,0.733903067685744,10009.5,10411.36,True,False
Emergent_ambiguity_attention_6ee88b,Emergent_appears_asymmetry_630915,0.9292068250531895,10009.5,10427.49,True,False
Emergent_ambiguity_attention_6ee88b,Emergent_bounded_clarity_9361e3,0.7431497135680636,10009.5,10443.03,True,False
Emergent_ambiguity_attention_6ee88b,Emergent_anticipation_bounded_db424c,0.7338226653427473,10009.5,10443.37,True,False
Emergent_ambiguity_attention_6ee88b,Emergent_anticipation_bounded_88e144,0.7294449969584706,10009.5,10507.19,True,False
Emergent_ambiguity_attention_6ee88b,Emergent_bounded_cognition_b5890d,0.7316321913795601,10009.5,10507.53,True,False
Emergent_ambiguity_attention_6ee88b,Emergent_clarity_dissipation_103dd9,0.7470179675654807,10009.5,10523.21,True,False
Emergent_ambiguity_attention_6ee88b,Emergent_clarity_dependency_45dcd9,0.7305151933023226,10009.5,10523.55,True,False
Emergent_ambiguity_attention_6ee88b,Emergent_autonomy_carefully_dedeae,0.735122091594334,10009.5,10540.54,True,False
Emergent_ambiguity_attention_6ee88b,Emergent_bounded_coherence_c0648b,0.7437519163318308,10009.5,10579.31,True,False
Emergent_ambiguity_attention_6ee88b,Emergent_attention_beneficence_155439,0.7388840700240074,10009.5,10599.29,True,False
Emergent_ambiguity_attention_6ee88b,Emergent_appears_asymmetry_0715f8,0.7164087579549815,10009.5,10619.28,True,False
Emergent_ambiguity_attention_6ee88b,Emergent_attention_autonomy_110d93,0.7398942150952386,10009.5,10639.66,True,False
Emergent_ambiguity_attention_6ee88b,Emergent_bounded_carefully_f79645,0.7468565090973656,10009.5,10678.0,True,False
Emergent_ambiguity_attention_6ee88b,Emergent_anticipation_bounded_305c6e,0.7431404717447697,10009.5,10678.34,True,False
Emergent_ambiguity_attention_6ee88b,Emergent_anticipation_appears_dac47e,0.7371973805306526,10009.5,10695.98,True,False
Emergent_ambiguity_attention_6ee88b,Emergent_connection_constraint_3d7821,0.7321505960764411,10009.5,10714.9,True,False
Emergent_ambiguity_attention_6ee88b,Emergent_anticipation_autonomy_cd3792,0.7442690344143642,10009.5,10734.43,True,False
Emergent_ambiguity_attention_6ee88b,Emergent_autonomy_collective_4a8f61,0.7300960150373851,10009.5,10734.77,True,False
Emergent_ambiguity_attention_6ee88b,Emergent_appears_asymmetry_41784a,0.7421851967775122,10009.5,10771.73,True,False
Emergent_ambiguity_attention_6ee88b,Emergent_appears_asymmetry_8ccc17,0.7470127300917778,10009.5,10772.07,True,False
Emergent_ambiguity_attention_6ee88b,Emergent_appears_asymmetry_1c5d82,0.7470147059982831,10009.5,10808.82,True,False
Emergent_ambiguity_attention_6ee88b,Emergent_contradiction_emerges_fd4131,0.7281411688190049,10009.5,10826.61,True,False
Emergent_ambiguity_attention_6ee88b,Emergent_contradiction_emerges_e19e6c,0.7469990667140888,10009.5,10826.95,True,False
Emergent_ambiguity_attention_6ee88b,Emergent_anticipation_carefully_b72fad,0.7375454044057462,10009.5,10844.6,True,False
Emergent_ambiguity_attention_6ee88b,Emergent_appears_asymmetry_7aac44,0.7470029765351375,10009.5,10862.27,True,False
Emergent_ambiguity_attention_6ee88b,Emergent_autonomy_carefully_659b9f,0.7380856386100481,10009.5,10901.54,True,False
Emergent_ambiguity_attention_6ee88b,Emergent_clarity_constraint_95d732,0.7452368297061488,10009.5,11017.74,True,False
Emergent_ambiguity_attention_6ee88b,Emergent_constraint_dissipation_b28fdc,0.7271543393510846,10009.5,11036.22,True,False
Emergent_ambiguity_attention_6ee88b,Emergent_bounded_connection_422d1b,0.740107398104779,10009.5,11054.16,True,False
Emergent_ambiguity_attention_6ee88b,Emergent_appears_asymmetry_9e9e75,0.740894084633893,10009.5,11078.48,True,False
Emergent_ambiguity_attention_6ee88b,Emergent_connection_constraint_2d4546,0.7300751512769086,10009.5,11140.84,True,False
Emergent_ambiguity_attention_6ee88b,Emergent_bounded_carefully_09c04f,0.7479403435846063,10009.5,11179.55,True,False
Emergent_ambiguity_attention_6ee88b,Emergent_beneficence_constraint_9c1b39,0.7355269584837816,10009.5,11220.47,True,False
Emergent_ambiguity_attention_6ee88b,Emergent_anticipation_bounded_2f7e1b,0.6956881572407604,10009.5,11355.8,True,False
Emergent_abstraction_ambiguity_a83b10,Emergent_autonomy_coherence_a41799,0.7265774588524678,10023.12,10033.21,True,False
Emergent_abstraction_ambiguity_a83b10,Emergent_beneficence_cascade_e643e2,0.7265774587673773,10023.12,10046.36,True,False
Emergent_abstraction_ambiguity_a83b10,Emergent_cascade_coherence_0dd0f2,0.7265774588763946,10023.12,10059.52,True,False
Emergent_abstraction_ambiguity_a83b10,Emergent_autonomy_bounded_e9a97c,0.7265774587947129,10023.12,10073.89,True,False
Emergent_abstraction_ambiguity_a83b10,Emergent_cascade_constraint_24be01,0.7265774588683477,10023.12,10088.31,True,False
Emergent_abstraction_ambiguity_a83b10,Emergent_carefully_clarity_0d7a6f,0.7265774588612263,10023.12,10102.12,True,False
Emergent_abstraction_ambiguity_a83b10,Emergent_appears_asymmetry_8dba4c,0.7265774582856442,10023.12,10116.85,True,False
Emergent_abstraction_ambiguity_a83b10,Emergent_autonomy_collective_461851,0.7265774590368267,10023.12,10130.02,True,False
Emergent_abstraction_ambiguity_a83b10,Emergent_abstraction_autonomy_d2ad9b,0.7265774589349544,10023.12,10145.8,True,False
Emergent_abstraction_ambiguity_a83b10,Emergent_abstraction_anticipation_3a9e77,0.7259507749008934,10023.12,10146.14,True,False
Emergent_abstraction_ambiguity_a83b10,Emergent_autonomy_belief_revision_95551d,0.7265774589512902,10023.12,10159.94,True,False
Emergent_abstraction_ambiguity_a83b10,Emergent_carefully_coherence_d9db0f,0.726577457362667,10023.12,10175.32,True,False
Emergent_abstraction_ambiguity_a83b10,Emergent_boundary_bounded_fb55ca,0.7265774571370655,10023.12,10188.06,True,False
Emergent_abstraction_ambiguity_a83b10,Emergent_autonomy_boundary_fb8be0,0.7265774584752375,10023.12,10201.89,True,False
Emergent_abstraction_ambiguity_a83b10,Emergent_autonomy_bounded_ab8b66,0.7265774606605603,10023.12,10217.08,True,False
Emergent_abstraction_ambiguity_a83b10,Emergent_appears_asymmetry_ecd8f7,0.7265774607046227,10023.12,10230.8,True,False
Emergent_abstraction_ambiguity_a83b10,Emergent_beneficence_clarity_4106a8,0.7265774595750567,10023.12,10260.91,True,False
Emergent_abstraction_ambiguity_a83b10,Emergent_contradiction_dissipation_200b3d,0.7265774496203908,10023.12,10291.25,True,False
Emergent_abstraction_ambiguity_a83b10,Emergent_anticipation_constraint_db1de5,0.7265774616963957,10023.12,10306.91,True,False
Emergent_abstraction_ambiguity_a83b10,Emergent_carefully_coherence_2f0be8,0.72657743651426,10023.12,10321.61,True,False
Emergent_abstraction_ambiguity_a83b10,Emergent_anticipation_autonomy_eda74a,0.726577468530706,10023.12,10337.04,True,False
Emergent_abstraction_ambiguity_a83b10,Emergent_autonomy_bounded_72bafc,0.7265774003415542,10023.12,10382.18,True,False
Emergent_abstraction_ambiguity_a83b10,Emergent_analogy_bounded_22d6a4,0.7265775060123049,10023.12,10398.01,True,False
Emergent_abstraction_ambiguity_a83b10,Emergent_bounded_clarity_5d9930,0.726577507104212,10023.12,10411.02,True,False
Emergent_abstraction_ambiguity_a83b10,Emergent_bounded_clarity_ae2623,0.726577507104212,10023.12,10411.36,True,False
Emergent_abstraction_ambiguity_a83b10,Emergent_appears_asymmetry_630915,0.9292068250531895,10023.12,10427.49,True,False
Emergent_abstraction_ambiguity_a83b10,Emergent_bounded_clarity_9361e3,0.7265774843747154,10023.12,10443.03,True,False
Emergent_abstraction_ambiguity_a83b10,Emergent_anticipation_bounded_db424c,0.7265774843747154,10023.12,10443.37,True,False
Emergent_abstraction_ambiguity_a83b10,Emergent_anticipation_bounded_88e144,0.7265765509909857,10023.12,10507.19,True,False
Emergent_abstraction_ambiguity_a83b10,Emergent_bounded_cognition_b5890d,0.7265765520316473,10023.12,10507.53,True,False
Emergent_abstraction_ambiguity_a83b10,Emergent_clarity_dissipation_103dd9,0.7265765668117149,10023.12,10523.21,True,False
Emergent_abstraction_ambiguity_a83b10,Emergent_clarity_dependency_45dcd9,0.7265765571218535,10023.12,10523.55,True,False
Emergent_abstraction_ambiguity_a83b10,Emergent_autonomy_carefully_dedeae,0.7265769520848576,10023.12,10540.54,True,False
Emergent_abstraction_ambiguity_a83b10,Emergent_bounded_coherence_c0648b,0.7265777229340664,10023.12,10579.31,True,False
Emergent_abstraction_ambiguity_a83b10,Emergent_attention_beneficence_155439,0.7265774910042548,10023.12,10599.29,True,False
Emergent_abstraction_ambiguity_a83b10,Emergent_appears_asymmetry_0715f8,0.7164087579549815,10023.12,10619.28,True,False
Emergent_abstraction_ambiguity_a83b10,Emergent_attention_autonomy_110d93,0.7265765761374827,10023.12,10639.66,True,False
Emergent_abstraction_ambiguity_a83b10,Emergent_bounded_carefully_f79645,0.7265790417059487,10023.12,10678.0,True,False
Emergent_abstraction_ambiguity_a83b10,Emergent_anticipation_bounded_305c6e,0.7265790417059487,10023.12,10678.34,True,False
Emergent_abstraction_ambiguity_a83b10,Emergent_anticipation_appears_dac47e,0.7265776617463391,10023.12,10695.98,True,False
Emergent_abstraction_ambiguity_a83b10,Emergent_connection_constraint_3d7821,0.7265751783664894,10023.12,10714.9,True,False
Emergent_abstraction_ambiguity_a83b10,Emergent_anticipation_autonomy_cd3792,0.726536943071989,10023.12,10734.43,True,False
Emergent_abstraction_ambiguity_a83b10,Emergent_autonomy_collective_4a8f61,0.7265363435166048,10023.12,10734.77,True,False
Emergent_abstraction_ambiguity_a83b10,Emergent_appears_asymmetry_41784a,0.7265665021787805,10023.12,10771.73,True,False
Emergent_abstraction_ambiguity_a83b10,Emergent_appears_asymmetry_8ccc17,0.7265668744782698,10023.12,10772.07,True,False
Emergent_abstraction_ambiguity_a83b10,Emergent_appears_asymmetry_1c5d82,0.7265779903877541,10023.12,10808.82,True,False
Emergent_abstraction_ambiguity_a83b10,Emergent_contradiction_emerges_fd4131,0.7265623511035597,10023.12,10826.61,True,False
Emergent_abstraction_ambiguity_a83b10,Emergent_contradiction_emerges_e19e6c,0.7265623511035597,10023.12,10826.95,True,False
Emergent_abstraction_ambiguity_a83b10,Emergent_anticipation_carefully_b72fad,0.7265643060140841,10023.12,10844.6,True,False
Emergent_abstraction_ambiguity_a83b10,Emergent_appears_asymmetry_7aac44,0.7265662609246084,10023.12,10862.27,True,False
Emergent_abstraction_ambiguity_a83b10,Emergent_autonomy_carefully_659b9f,0.7265255668687964,10023.12,10901.54,True,False
Emergent_abstraction_ambiguity_a83b10,Emergent_clarity_constraint_95d732,0.7247844890642207,10023.12,11017.74,True,False
Emergent_abstraction_ambiguity_a83b10,Emergent_constraint_dissipation_b28fdc,0.724774024875528,10023.12,11036.22,True,False
Emergent_abstraction_ambiguity_a83b10,Emergent_bounded_connection_422d1b,0.726054314577905,10023.12,11054.16,True,False
Emergent_abstraction_ambiguity_a83b10,Emergent_appears_asymmetry_9e9e75,0.7269786705740413,10023.12,11078.48,True,False
Emergent_abstraction_ambiguity_a83b10,Emergent_connection_constraint_2d4546,0.7164790009400898,10023.12,11140.84,True,False
Emergent_abstraction_ambiguity_a83b10,Emergent_bounded_carefully_09c04f,0.728143903147489,10023.12,11179.55,True,False
Emergent_abstraction_ambiguity_a83b10,Emergent_beneficence_constraint_9c1b39,0.723943833847489,10023.12,11220.47,True,False
Emergent_abstraction_ambiguity_a83b10,Emergent_anticipation_bounded_2f7e1b,0.6899571788312903,10023.12,11355.8,True,False
Emergent_autonomy_coherence_a41799,Emergent_beneficence_cascade_e643e2,0.7437451919189143,10033.21,10046.36,True,False
Emergent_autonomy_coherence_a41799,Emergent_cascade_coherence_0dd0f2,0.7406097390508272,10033.21,10059.52,True,False
Emergent_autonomy_coherence_a41799,Emergent_autonomy_bounded_e9a97c,0.7390283949964355,10033.21,10073.89,True,False
Emergent_autonomy_coherence_a41799,Emergent_cascade_constraint_24be01,0.742007463484205,10033.21,10088.31,True,False
Emergent_autonomy_coherence_a41799,Emergent_carefully_clarity_0d7a6f,0.7265855472742293,10033.21,10102.12,True,False
Emergent_autonomy_coherence_a41799,Emergent_appears_asymmetry_8dba4c,0.7437451915785243,10033.21,10116.85,True,False
Emergent_autonomy_coherence_a41799,Emergent_autonomy_collective_461851,0.741158571722538,10033.21,10130.02,True,False
Emergent_autonomy_coherence_a41799,Emergent_abstraction_autonomy_d2ad9b,0.7301688980948166,10033.21,10145.8,True,False
Emergent_autonomy_coherence_a41799,Emergent_abstraction_anticipation_3a9e77,0.7259507749008934,10033.21,10146.14,True,False
Emergent_autonomy_coherence_a41799,Emergent_autonomy_belief_revision_95551d,0.743745192033768,10033.21,10159.94,True,False
Emergent_autonomy_coherence_a41799,Emergent_carefully_coherence_d9db0f,0.733539393583235,10033.21,10175.32,True,False
Emergent_autonomy_coherence_a41799,Emergent_boundary_bounded_fb55ca,0.7295594813148075,10033.21,10188.06,True,False
Emergent_autonomy_coherence_a41799,Emergent_autonomy_boundary_fb8be0,0.7437451917821183,10033.21,10201.89,True,False
Emergent_autonomy_coherence_a41799,Emergent_autonomy_bounded_ab8b66,0.7437451931389144,10033.21,10217.08,True,False
Emergent_autonomy_coherence_a41799,Emergent_appears_asymmetry_ecd8f7,0.7299282355100882,10033.21,10230.8,True,False
Emergent_autonomy_coherence_a41799,Emergent_beneficence_clarity_4106a8,0.7422906275967306,10033.21,10260.91,True,False
Emergent_autonomy_coherence_a41799,Emergent_contradiction_dissipation_200b3d,0.7282315351765141,10033.21,10291.25,True,False
Emergent_autonomy_coherence_a41799,Emergent_anticipation_constraint_db1de5,0.7437451936439268,10033.21,10306.91,True,False
Emergent_autonomy_coherence_a41799,Emergent_carefully_coherence_2f0be8,0.7347984731733553,10033.21,10321.61,True,False
Emergent_autonomy_coherence_a41799,Emergent_anticipation_autonomy_eda74a,0.7437451977669132,10033.21,10337.04,True,False
Emergent_autonomy_coherence_a41799,Emergent_autonomy_bounded_72bafc,0.740323557273193,10033.21,10382.18,True,False
Emergent_autonomy_coherence_a41799,Emergent_analogy_bounded_22d6a4,0.7437452490083858,10033.21,10398.01,True,False
Emergent_autonomy_coherence_a41799,Emergent_bounded_clarity_5d9930,0.743745250100293,10033.21,10411.02,True,False
Emergent_autonomy_coherence_a41799,Emergent_bounded_clarity_ae2623,0.733903067685744,10033.21,10411.36,True,False
Emergent_autonomy_coherence_a41799,Emergent_appears_asymmetry_630915,0.9292068250531895,10033.21,10427.49,True,False
Emergent_autonomy_coherence_a41799,Emergent_bounded_clarity_9361e3,0.7431497135680636,10033.21,10443.03,True,False
Emergent_autonomy_coherence_a41799,Emergent_anticipation_bounded_db424c,0.7338226653427473,10033.21,10443.37,True,False
Emergent_autonomy_coherence_a41799,Emergent_anticipation_bounded_88e144,0.7294449969584706,10033.21,10507.19,True,False
Emergent_autonomy_coherence_a41799,Emergent_bounded_cognition_b5890d,0.7316321913795601,10033.21,10507.53,True,False
Emergent_autonomy_coherence_a41799,Emergent_clarity_dissipation_103dd9,0.7437443055976064,10033.21,10523.21,True,False
Emergent_autonomy_coherence_a41799,Emergent_clarity_dependency_45dcd9,0.7305151933023226,10033.21,10523.55,True,False
Emergent_autonomy_coherence_a41799,Emergent_autonomy_carefully_dedeae,0.735122091594334,10033.21,10540.54,True,False
Emergent_autonomy_coherence_a41799,Emergent_bounded_coherence_c0648b,0.7437453853061717,10033.21,10579.31,True,False
Emergent_autonomy_coherence_a41799,Emergent_attention_beneficence_155439,0.7388840700240074,10033.21,10599.29,True,False
Emergent_autonomy_coherence_a41799,Emergent_appears_asymmetry_0715f8,0.7164087579549815,10033.21,10619.28,True,False
Emergent_autonomy_coherence_a41799,Emergent_attention_autonomy_110d93,0.7398942150952386,10033.21,10639.66,True,False
Emergent_autonomy_coherence_a41799,Emergent_bounded_carefully_f79645,0.7437464827646058,10033.21,10678.0,True,False
Emergent_autonomy_coherence_a41799,Emergent_anticipation_bounded_305c6e,0.7431404717447697,10033.21,10678.34,True,False
Emergent_autonomy_coherence_a41799,Emergent_anticipation_appears_dac47e,0.7371973805306526,10033.21,10695.98,True,False
Emergent_autonomy_coherence_a41799,Emergent_connection_constraint_3d7821,0.7321505960764411,10033.21,10714.9,True,False
Emergent_autonomy_coherence_a41799,Emergent_anticipation_autonomy_cd3792,0.7437060168901133,10033.21,10734.43,True,False
Emergent_autonomy_coherence_a41799,Emergent_autonomy_collective_4a8f61,0.7300960150373851,10033.21,10734.77,True,False
Emergent_autonomy_coherence_a41799,Emergent_appears_asymmetry_41784a,0.7421851967775122,10033.21,10771.73,True,False
Emergent_autonomy_coherence_a41799,Emergent_appears_asymmetry_8ccc17,0.7437383446488495,10033.21,10772.07,True,False
Emergent_autonomy_coherence_a41799,Emergent_appears_asymmetry_1c5d82,0.7437418049038039,10033.21,10808.82,True,False
Emergent_autonomy_coherence_a41799,Emergent_contradiction_emerges_fd4131,0.7281411688190049,10033.21,10826.61,True,False
Emergent_autonomy_coherence_a41799,Emergent_contradiction_emerges_e19e6c,0.7437261656196097,10033.21,10826.95,True,False
Emergent_autonomy_coherence_a41799,Emergent_anticipation_carefully_b72fad,0.7375454044057462,10033.21,10844.6,True,False
Emergent_autonomy_coherence_a41799,Emergent_appears_asymmetry_7aac44,0.7437300754406583,10033.21,10862.27,True,False
Emergent_autonomy_coherence_a41799,Emergent_autonomy_carefully_659b9f,0.7380856386100481,10033.21,10901.54,True,False
Emergent_autonomy_coherence_a41799,Emergent_clarity_constraint_95d732,0.7419613910861149,10033.21,11017.74,True,False
Emergent_autonomy_coherence_a41799,Emergent_constraint_dissipation_b28fdc,0.7271543393510846,10033.21,11036.22,True,False
Emergent_autonomy_coherence_a41799,Emergent_bounded_connection_422d1b,0.740107398104779,10033.21,11054.16,True,False
Emergent_autonomy_coherence_a41799,Emergent_appears_asymmetry_9e9e75,0.740894084633893,10033.21,11078.48,True,False
Emergent_autonomy_coherence_a41799,Emergent_connection_constraint_2d4546,0.7300751512769086,10033.21,11140.84,True,False
Emergent_autonomy_coherence_a41799,Emergent_bounded_carefully_09c04f,0.7447253757410902,10033.21,11179.55,True,False
Emergent_autonomy_coherence_a41799,Emergent_beneficence_constraint_9c1b39,0.7355269584837816,10033.21,11220.47,True,False
Emergent_autonomy_coherence_a41799,Emergent_anticipation_bounded_2f7e1b,0.6947574388443468,10033.21,11355.8,True,False
Emergent_beneficence_cascade_e643e2,Emergent_cascade_coherence_0dd0f2,0.7406097390416946,10046.36,10059.52,True,False
Emergent_beneficence_cascade_e643e2,Emergent_autonomy_bounded_e9a97c,0.7390283949964355,10046.36,10073.89,True,False
Emergent_beneficence_cascade_e643e2,Emergent_cascade_constraint_24be01,0.742007463484205,10046.36,10088.31,True,False
Emergent_beneficence_cascade_e643e2,Emergent_carefully_clarity_0d7a6f,0.7265855472742293,10046.36,10102.12,True,False
Emergent_beneficence_cascade_e643e2,Emergent_appears_asymmetry_8dba4c,0.7461818843502737,10046.36,10116.85,True,False
Emergent_beneficence_cascade_e643e2,Emergent_autonomy_collective_461851,0.741158571722538,10046.36,10130.02,True,False
Emergent_beneficence_cascade_e643e2,Emergent_abstraction_autonomy_d2ad9b,0.7301688980948166,10046.36,10145.8,True,False
Emergent_beneficence_cascade_e643e2,Emergent_abstraction_anticipation_3a9e77,0.7259507749008934,10046.36,10146.14,True,False
Emergent_beneficence_cascade_e643e2,Emergent_autonomy_belief_revision_95551d,0.7481697820127795,10046.36,10159.94,True,False
Emergent_beneficence_cascade_e643e2,Emergent_carefully_coherence_d9db0f,0.733539393583235,10046.36,10175.32,True,False
Emergent_beneficence_cascade_e643e2,Emergent_boundary_bounded_fb55ca,0.7295594813148075,10046.36,10188.06,True,False
Emergent_beneficence_cascade_e643e2,Emergent_autonomy_boundary_fb8be0,0.7496174474843164,10046.36,10201.89,True,False
Emergent_beneficence_cascade_e643e2,Emergent_autonomy_bounded_ab8b66,0.7487994380866028,10046.36,10217.08,True,False
Emergent_beneficence_cascade_e643e2,Emergent_appears_asymmetry_ecd8f7,0.7299282355100882,10046.36,10230.8,True,False
Emergent_beneficence_cascade_e643e2,Emergent_beneficence_clarity_4106a8,0.7422906275967306,10046.36,10260.91,True,False
Emergent_beneficence_cascade_e643e2,Emergent_contradiction_dissipation_200b3d,0.7282315351765141,10046.36,10291.25,True,False
Emergent_beneficence_cascade_e643e2,Emergent_anticipation_constraint_db1de5,0.7496174492093544,10046.36,10306.91,True,False
Emergent_beneficence_cascade_e643e2,Emergent_carefully_coherence_2f0be8,0.7347984731733553,10046.36,10321.61,True,False
Emergent_beneficence_cascade_e643e2,Emergent_anticipation_autonomy_eda74a,0.7454546876868504,10046.36,10337.04,True,False
Emergent_beneficence_cascade_e643e2,Emergent_autonomy_bounded_72bafc,0.740323557273193,10046.36,10382.18,True,False
Emergent_beneficence_cascade_e643e2,Emergent_analogy_bounded_22d6a4,0.749617503652355,10046.36,10398.01,True,False
Emergent_beneficence_cascade_e643e2,Emergent_bounded_clarity_5d9930,0.7462811691906833,10046.36,10411.02,True,False
Emergent_beneficence_cascade_e643e2,Emergent_bounded_clarity_ae2623,0.733903067685744,10046.36,10411.36,True,False
Emergent_beneficence_cascade_e643e2,Emergent_appears_asymmetry_630915,0.9292068250531895,10046.36,10427.49,True,False
Emergent_beneficence_cascade_e643e2,Emergent_bounded_clarity_9361e3,0.7431497135680636,10046.36,10443.03,True,False
Emergent_beneficence_cascade_e643e2,Emergent_anticipation_bounded_db424c,0.7338226653427473,10046.36,10443.37,True,False
Emergent_beneficence_cascade_e643e2,Emergent_anticipation_bounded_88e144,0.7294449969584706,10046.36,10507.19,True,False
Emergent_beneficence_cascade_e643e2,Emergent_bounded_cognition_b5890d,0.7316321913795601,10046.36,10507.53,True,False
Emergent_beneficence_cascade_e643e2,Emergent_clarity_dissipation_103dd9,0.7496165587763699,10046.36,10523.21,True,False
Emergent_beneficence_cascade_e643e2,Emergent_clarity_dependency_45dcd9,0.7305151933023226,10046.36,10523.55,True,False
Emergent_beneficence_cascade_e643e2,Emergent_autonomy_carefully_dedeae,0.735122091594334,10046.36,10540.54,True,False
Emergent_beneficence_cascade_e643e2,Emergent_bounded_coherence_c0648b,0.7437519163318308,10046.36,10579.31,True,False
Emergent_beneficence_cascade_e643e2,Emergent_attention_beneficence_155439,0.7388840700240074,10046.36,10599.29,True,False
Emergent_beneficence_cascade_e643e2,Emergent_appears_asymmetry_0715f8,0.7164087579549815,10046.36,10619.28,True,False
Emergent_beneficence_cascade_e643e2,Emergent_attention_autonomy_110d93,0.7398942150952386,10046.36,10639.66,True,False
Emergent_beneficence_cascade_e643e2,Emergent_bounded_carefully_f79645,0.7468565090973656,10046.36,10678.0,True,False
Emergent_beneficence_cascade_e643e2,Emergent_anticipation_bounded_305c6e,0.7431404717447697,10046.36,10678.34,True,False
Emergent_beneficence_cascade_e643e2,Emergent_anticipation_appears_dac47e,0.7371973805306526,10046.36,10695.98,True,False
Emergent_beneficence_cascade_e643e2,Emergent_connection_constraint_3d7821,0.7321505960764411,10046.36,10714.9,True,False
Emergent_beneficence_cascade_e643e2,Emergent_anticipation_autonomy_cd3792,0.7442690344143642,10046.36,10734.43,True,False
Emergent_beneficence_cascade_e643e2,Emergent_autonomy_collective_4a8f61,0.7300960150373851,10046.36,10734.77,True,False
Emergent_beneficence_cascade_e643e2,Emergent_appears_asymmetry_41784a,0.7421851967775122,10046.36,10771.73,True,False
Emergent_beneficence_cascade_e643e2,Emergent_appears_asymmetry_8ccc17,0.7482011096848439,10046.36,10772.07,True,False
Emergent_beneficence_cascade_e643e2,Emergent_appears_asymmetry_1c5d82,0.7473889982688046,10046.36,10808.82,True,False
Emergent_beneficence_cascade_e643e2,Emergent_contradiction_emerges_fd4131,0.7281411688190049,10046.36,10826.61,True,False
Emergent_beneficence_cascade_e643e2,Emergent_contradiction_emerges_e19e6c,0.7495970530967407,10046.36,10826.95,True,False
Emergent_beneficence_cascade_e643e2,Emergent_anticipation_carefully_b72fad,0.7375454044057462,10046.36,10844.6,True,False
Emergent_beneficence_cascade_e643e2,Emergent_appears_asymmetry_7aac44,0.7477943759667763,10046.36,10862.27,True,False
Emergent_beneficence_cascade_e643e2,Emergent_autonomy_carefully_659b9f,0.7380856386100481,10046.36,10901.54,True,False
Emergent_beneficence_cascade_e643e2,Emergent_clarity_constraint_95d732,0.7468762462650957,10046.36,11017.74,True,False
Emergent_beneficence_cascade_e643e2,Emergent_constraint_dissipation_b28fdc,0.7271543393510846,10046.36,11036.22,True,False
Emergent_beneficence_cascade_e643e2,Emergent_bounded_connection_422d1b,0.740107398104779,10046.36,11054.16,True,False
Emergent_beneficence_cascade_e643e2,Emergent_appears_asymmetry_9e9e75,0.740894084633893,10046.36,11078.48,True,False
Emergent_beneficence_cascade_e643e2,Emergent_connection_constraint_2d4546,0.7300751512769086,10046.36,11140.84,True,False
Emergent_beneficence_cascade_e643e2,Emergent_bounded_carefully_09c04f,0.7504959636728864,10046.36,11179.55,True,False
Emergent_beneficence_cascade_e643e2,Emergent_beneficence_constraint_9c1b39,0.7355269584837816,10046.36,11220.47,True,False
Emergent_beneficence_cascade_e643e2,Emergent_anticipation_bounded_2f7e1b,0.6961858364558363,10046.36,11355.8,True,False
Emergent_cascade_coherence_0dd0f2,Emergent_autonomy_bounded_e9a97c,0.7390283949964355,10059.52,10073.89,True,False
Emergent_cascade_coherence_0dd0f2,Emergent_cascade_constraint_24be01,0.7406097390507835,10059.52,10088.31,True,False
Emergent_cascade_coherence_0dd0f2,Emergent_carefully_clarity_0d7a6f,0.7265855472742293,10059.52,10102.12,True,False
Emergent_cascade_coherence_0dd0f2,Emergent_appears_asymmetry_8dba4c,0.740609738634074,10059.52,10116.85,True,False
Emergent_cascade_coherence_0dd0f2,Emergent_autonomy_collective_461851,0.7406097391521597,10059.52,10130.02,True,False
Emergent_cascade_coherence_0dd0f2,Emergent_abstraction_autonomy_d2ad9b,0.7301688980948166,10059.52,10145.8,True,False
Emergent_cascade_coherence_0dd0f2,Emergent_abstraction_anticipation_3a9e77,0.7259507749008934,10059.52,10146.14,True,False
Emergent_cascade_coherence_0dd0f2,Emergent_autonomy_belief_revision_95551d,0.7406097390912735,10059.52,10159.94,True,False
Emergent_cascade_coherence_0dd0f2,Emergent_carefully_coherence_d9db0f,0.733539393583235,10059.52,10175.32,True,False
Emergent_cascade_coherence_0dd0f2,Emergent_boundary_bounded_fb55ca,0.7295594813148075,10059.52,10188.06,True,False
Emergent_cascade_coherence_0dd0f2,Emergent_autonomy_boundary_fb8be0,0.7406097388247229,10059.52,10201.89,True,False
Emergent_cascade_coherence_0dd0f2,Emergent_autonomy_bounded_ab8b66,0.7406097402131022,10059.52,10217.08,True,False
Emergent_cascade_coherence_0dd0f2,Emergent_appears_asymmetry_ecd8f7,0.7299282355100882,10059.52,10230.8,True,False
Emergent_cascade_coherence_0dd0f2,Emergent_beneficence_clarity_4106a8,0.7406097394476417,10059.52,10260.91,True,False
Emergent_cascade_coherence_0dd0f2,Emergent_contradiction_dissipation_200b3d,0.7282315351765141,10059.52,10291.25,True,False
Emergent_cascade_coherence_0dd0f2,Emergent_anticipation_constraint_db1de5,0.7406097407583081,10059.52,10306.91,True,False
Emergent_cascade_coherence_0dd0f2,Emergent_carefully_coherence_2f0be8,0.7347984731733553,10059.52,10321.61,True,False
Emergent_cascade_coherence_0dd0f2,Emergent_anticipation_autonomy_eda74a,0.7406097449383433,10059.52,10337.04,True,False
Emergent_cascade_coherence_0dd0f2,Emergent_autonomy_bounded_72bafc,0.740323557273193,10059.52,10382.18,True,False
Emergent_cascade_coherence_0dd0f2,Emergent_analogy_bounded_22d6a4,0.7406097966063442,10059.52,10398.01,True,False
Emergent_cascade_coherence_0dd0f2,Emergent_bounded_clarity_5d9930,0.7406097976982513,10059.52,10411.02,True,False
Emergent_cascade_coherence_0dd0f2,Emergent_bounded_clarity_ae2623,0.733903067685744,10059.52,10411.36,True,False
Emergent_cascade_coherence_0dd0f2,Emergent_appears_asymmetry_630915,0.9292068250531895,10059.52,10427.49,True,False
Emergent_cascade_coherence_0dd0f2,Emergent_bounded_clarity_9361e3,0.7406097749687548,10059.52,10443.03,True,False
Emergent_cascade_coherence_0dd0f2,Emergent_anticipation_bounded_db424c,0.7338226653427473,10059.52,10443.37,True,False
Emergent_cascade_coherence_0dd0f2,Emergent_anticipation_bounded_88e144,0.7294449969584706,10059.52,10507.19,True,False
Emergent_cascade_coherence_0dd0f2,Emergent_bounded_cognition_b5890d,0.7316321913795601,10059.52,10507.53,True,False
Emergent_cascade_coherence_0dd0f2,Emergent_clarity_dissipation_103dd9,0.740608853964498,10059.52,10523.21,True,False
Emergent_cascade_coherence_0dd0f2,Emergent_clarity_dependency_45dcd9,0.7305151933023226,10059.52,10523.55,True,False
Emergent_cascade_coherence_0dd0f2,Emergent_autonomy_carefully_dedeae,0.735122091594334,10059.52,10540.54,True,False
Emergent_cascade_coherence_0dd0f2,Emergent_bounded_coherence_c0648b,0.7406099476289915,10059.52,10579.31,True,False
Emergent_cascade_coherence_0dd0f2,Emergent_attention_beneficence_155439,0.7388840700240074,10059.52,10599.29,True,False
Emergent_cascade_coherence_0dd0f2,Emergent_appears_asymmetry_0715f8,0.7164087579549815,10059.52,10619.28,True,False
Emergent_cascade_coherence_0dd0f2,Emergent_attention_autonomy_110d93,0.7398942150952386,10059.52,10639.66,True,False
Emergent_cascade_coherence_0dd0f2,Emergent_bounded_carefully_f79645,0.7406110855072863,10059.52,10678.0,True,False
Emergent_cascade_coherence_0dd0f2,Emergent_anticipation_bounded_305c6e,0.7406110855072863,10059.52,10678.34,True,False
Emergent_cascade_coherence_0dd0f2,Emergent_anticipation_appears_dac47e,0.7371973805306526,10059.52,10695.98,True,False
Emergent_cascade_coherence_0dd0f2,Emergent_connection_constraint_3d7821,0.7321505960764411,10059.52,10714.9,True,False
Emergent_cascade_coherence_0dd0f2,Emergent_anticipation_autonomy_cd3792,0.7405703214317086,10059.52,10734.43,True,False
Emergent_cascade_coherence_0dd0f2,Emergent_autonomy_collective_4a8f61,0.7300960150373851,10059.52,10734.77,True,False
Emergent_cascade_coherence_0dd0f2,Emergent_appears_asymmetry_41784a,0.7406018148670668,10059.52,10771.73,True,False
Emergent_cascade_coherence_0dd0f2,Emergent_appears_asymmetry_8ccc17,0.7406022115295906,10059.52,10772.07,True,False
Emergent_cascade_coherence_0dd0f2,Emergent_appears_asymmetry_1c5d82,0.7406070699846691,10059.52,10808.82,True,False
Emergent_cascade_coherence_0dd0f2,Emergent_contradiction_emerges_fd4131,0.7281411688190049,10059.52,10826.61,True,False
Emergent_cascade_coherence_0dd0f2,Emergent_contradiction_emerges_e19e6c,0.740591430700475,10059.52,10826.95,True,False
Emergent_cascade_coherence_0dd0f2,Emergent_anticipation_carefully_b72fad,0.7375454044057462,10059.52,10844.6,True,False
Emergent_cascade_coherence_0dd0f2,Emergent_appears_asymmetry_7aac44,0.7405953405215234,10059.52,10862.27,True,False
Emergent_cascade_coherence_0dd0f2,Emergent_autonomy_carefully_659b9f,0.7380856386100481,10059.52,10901.54,True,False
Emergent_cascade_coherence_0dd0f2,Emergent_clarity_constraint_95d732,0.7388242659138382,10059.52,11017.74,True,False
Emergent_cascade_coherence_0dd0f2,Emergent_constraint_dissipation_b28fdc,0.7271543393510846,10059.52,11036.22,True,False
Emergent_cascade_coherence_0dd0f2,Emergent_bounded_connection_422d1b,0.740107398104779,10059.52,11054.16,True,False
Emergent_cascade_coherence_0dd0f2,Emergent_appears_asymmetry_9e9e75,0.740894084633893,10059.52,11078.48,True,False
Emergent_cascade_coherence_0dd0f2,Emergent_connection_constraint_2d4546,0.7300751512769086,10059.52,11140.84,True,False
Emergent_cascade_coherence_0dd0f2,Emergent_bounded_carefully_09c04f,0.7416969975736826,10059.52,11179.55,True,False
Emergent_cascade_coherence_0dd0f2,Emergent_beneficence_constraint_9c1b39,0.7355269584837816,10059.52,11220.47,True,False
Emergent_cascade_coherence_0dd0f2,Emergent_anticipation_bounded_2f7e1b,0.6938807373005388,10059.52,11355.8,True,False
Emergent_autonomy_bounded_e9a97c,Emergent_cascade_constraint_24be01,0.7390283950481745,10073.89,10088.31,True,False
Emergent_autonomy_bounded_e9a97c,Emergent_carefully_clarity_0d7a6f,0.7265855472742293,10073.89,10102.12,True,False
Emergent_autonomy_bounded_e9a97c,Emergent_appears_asymmetry_8dba4c,0.7390283946309262,10073.89,10116.85,True,False
Emergent_autonomy_bounded_e9a97c,Emergent_autonomy_collective_461851,0.7390283951498844,10073.89,10130.02,True,False
Emergent_autonomy_bounded_e9a97c,Emergent_abstraction_autonomy_d2ad9b,0.7301688980948166,10073.89,10145.8,True,False
Emergent_autonomy_bounded_e9a97c,Emergent_abstraction_anticipation_3a9e77,0.7259507749008934,10073.89,10146.14,True,False
Emergent_autonomy_bounded_e9a97c,Emergent_autonomy_belief_revision_95551d,0.7390283950891121,10073.89,10159.94,True,False
Emergent_autonomy_bounded_e9a97c,Emergent_carefully_coherence_d9db0f,0.733539393583235,10073.89,10175.32,True,False
Emergent_autonomy_bounded_e9a97c,Emergent_boundary_bounded_fb55ca,0.7295594813148075,10073.89,10188.06,True,False
Emergent_autonomy_bounded_e9a97c,Emergent_autonomy_boundary_fb8be0,0.7390283948150467,10073.89,10201.89,True,False
Emergent_autonomy_bounded_e9a97c,Emergent_autonomy_bounded_ab8b66,0.7390283962193547,10073.89,10217.08,True,False
Emergent_autonomy_bounded_e9a97c,Emergent_appears_asymmetry_ecd8f7,0.7299282355100882,10073.89,10230.8,True,False
Emergent_autonomy_bounded_e9a97c,Emergent_beneficence_clarity_4106a8,0.7390283954545261,10073.89,10260.91,True,False
Emergent_autonomy_bounded_e9a97c,Emergent_contradiction_dissipation_200b3d,0.7282315351765141,10073.89,10291.25,True,False
Emergent_autonomy_bounded_e9a97c,Emergent_anticipation_constraint_db1de5,0.7390283967848315,10073.89,10306.91,True,False
Emergent_autonomy_bounded_e9a97c,Emergent_carefully_coherence_2f0be8,0.7347984731733553,10073.89,10321.61,True,False
Emergent_autonomy_bounded_e9a97c,Emergent_anticipation_autonomy_eda74a,0.7390284009936392,10073.89,10337.04,True,False
Emergent_autonomy_bounded_e9a97c,Emergent_autonomy_bounded_72bafc,0.7390283488875562,10073.89,10382.18,True,False
Emergent_autonomy_bounded_e9a97c,Emergent_analogy_bounded_22d6a4,0.7390284528767564,10073.89,10398.01,True,False
Emergent_autonomy_bounded_e9a97c,Emergent_bounded_clarity_5d9930,0.7390284539686638,10073.89,10411.02,True,False
Emergent_autonomy_bounded_e9a97c,Emergent_bounded_clarity_ae2623,0.733903067685744,10073.89,10411.36,True,False
Emergent_autonomy_bounded_e9a97c,Emergent_appears_asymmetry_630915,0.9292068250531895,10073.89,10427.49,True,False
Emergent_autonomy_bounded_e9a97c,Emergent_bounded_clarity_9361e3,0.7390284312391672,10073.89,10443.03,True,False
Emergent_autonomy_bounded_e9a97c,Emergent_anticipation_bounded_db424c,0.7338226653427473,10073.89,10443.37,True,False
Emergent_autonomy_bounded_e9a97c,Emergent_anticipation_bounded_88e144,0.7294449969584706,10073.89,10507.19,True,False
Emergent_autonomy_bounded_e9a97c,Emergent_bounded_cognition_b5890d,0.7316321913795601,10073.89,10507.53,True,False
Emergent_autonomy_bounded_e9a97c,Emergent_clarity_dissipation_103dd9,0.7390275106227165,10073.89,10523.21,True,False
Emergent_autonomy_bounded_e9a97c,Emergent_clarity_dependency_45dcd9,0.7305151933023226,10073.89,10523.55,True,False
Emergent_autonomy_bounded_e9a97c,Emergent_autonomy_carefully_dedeae,0.735122091594334,10073.89,10540.54,True,False
Emergent_autonomy_bounded_e9a97c,Emergent_bounded_coherence_c0648b,0.7390286113257859,10073.89,10579.31,True,False
Emergent_autonomy_bounded_e9a97c,Emergent_attention_beneficence_155439,0.7388840700240074,10073.89,10599.29,True,False
Emergent_autonomy_bounded_e9a97c,Emergent_appears_asymmetry_0715f8,0.7164087579549815,10073.89,10619.28,True,False
Emergent_autonomy_bounded_e9a97c,Emergent_attention_autonomy_110d93,0.7390274581297486,10073.89,10639.66,True,False
Emergent_autonomy_bounded_e9a97c,Emergent_bounded_carefully_f79645,0.739029769589558,10073.89,10678.0,True,False
Emergent_autonomy_bounded_e9a97c,Emergent_anticipation_bounded_305c6e,0.739029769589558,10073.89,10678.34,True,False
Emergent_autonomy_bounded_e9a97c,Emergent_anticipation_appears_dac47e,0.7371973805306526,10073.89,10695.98,True,False
Emergent_autonomy_bounded_e9a97c,Emergent_connection_constraint_3d7821,0.7321505960764411,10073.89,10714.9,True,False
Emergent_autonomy_bounded_e9a97c,Emergent_anticipation_autonomy_cd3792,0.7389888551183257,10073.89,10734.43,True,False
Emergent_autonomy_bounded_e9a97c,Emergent_autonomy_collective_4a8f61,0.7300960150373851,10073.89,10734.77,True,False
Emergent_autonomy_bounded_e9a97c,Emergent_appears_asymmetry_41784a,0.7390201305680079,10073.89,10771.73,True,False
Emergent_autonomy_bounded_e9a97c,Emergent_appears_asymmetry_8ccc17,0.7390205244849835,10073.89,10772.07,True,False
Emergent_autonomy_bounded_e9a97c,Emergent_appears_asymmetry_1c5d82,0.7390260881126225,10073.89,10808.82,True,False
Emergent_autonomy_bounded_e9a97c,Emergent_contradiction_emerges_fd4131,0.7281411688190049,10073.89,10826.61,True,False
Emergent_autonomy_bounded_e9a97c,Emergent_contradiction_emerges_e19e6c,0.739010448828428,10073.89,10826.95,True,False
Emergent_autonomy_bounded_e9a97c,Emergent_anticipation_carefully_b72fad,0.7375454044057462,10073.89,10844.6,True,False
Emergent_autonomy_bounded_e9a97c,Emergent_appears_asymmetry_7aac44,0.7390143586494767,10073.89,10862.27,True,False
Emergent_autonomy_bounded_e9a97c,Emergent_autonomy_carefully_659b9f,0.7380856386100481,10073.89,10901.54,True,False
Emergent_autonomy_bounded_e9a97c,Emergent_clarity_constraint_95d732,0.737242078534154,10073.89,11017.74,True,False
Emergent_autonomy_bounded_e9a97c,Emergent_constraint_dissipation_b28fdc,0.7271543393510846,10073.89,11036.22,True,False
Emergent_autonomy_bounded_e9a97c,Emergent_bounded_connection_422d1b,0.7385856361808275,10073.89,11054.16,True,False
Emergent_autonomy_bounded_e9a97c,Emergent_appears_asymmetry_9e9e75,0.7393273794785366,10073.89,11078.48,True,False
Emergent_autonomy_bounded_e9a97c,Emergent_connection_constraint_2d4546,0.728770119552673,10073.89,11140.84,True,False
Emergent_autonomy_bounded_e9a97c,Emergent_bounded_carefully_09c04f,0.7401696559936504,10073.89,11179.55,True,False
Emergent_autonomy_bounded_e9a97c,Emergent_beneficence_constraint_9c1b39,0.7355269584837816,10073.89,11220.47,True,False
Emergent_autonomy_bounded_e9a97c,Emergent_anticipation_bounded_2f7e1b,0.6934385789414714,10073.89,11355.8,True,False
Emergent_cascade_constraint_24be01,Emergent_carefully_clarity_0d7a6f,0.7265855472742293,10088.31,10102.12,True,False
Emergent_cascade_constraint_24be01,Emergent_appears_asymmetry_8dba4c,0.7420074630679713,10088.31,10116.85,True,False
Emergent_cascade_constraint_24be01,Emergent_autonomy_collective_461851,0.741158571722538,10088.31,10130.02,True,False
Emergent_cascade_constraint_24be01,Emergent_abstraction_autonomy_d2ad9b,0.7301688980948166,10088.31,10145.8,True,False
Emergent_cascade_constraint_24be01,Emergent_abstraction_anticipation_3a9e77,0.7259507749008934,10088.31,10146.14,True,False
Emergent_cascade_constraint_24be01,Emergent_autonomy_belief_revision_95551d,0.742007463524299,10088.31,10159.94,True,False
Emergent_cascade_constraint_24be01,Emergent_carefully_coherence_d9db0f,0.733539393583235,10088.31,10175.32,True,False
Emergent_cascade_constraint_24be01,Emergent_boundary_bounded_fb55ca,0.7295594813148075,10088.31,10188.06,True,False
Emergent_cascade_constraint_24be01,Emergent_autonomy_boundary_fb8be0,0.7420074632643912,10088.31,10201.89,True,False
Emergent_cascade_constraint_24be01,Emergent_autonomy_bounded_ab8b66,0.7420074646386914,10088.31,10217.08,True,False
Emergent_cascade_constraint_24be01,Emergent_appears_asymmetry_ecd8f7,0.7299282355100882,10088.31,10230.8,True,False
Emergent_cascade_constraint_24be01,Emergent_beneficence_clarity_4106a8,0.742007463872672,10088.31,10260.91,True,False
Emergent_cascade_constraint_24be01,Emergent_contradiction_dissipation_200b3d,0.7282315351765141,10088.31,10291.25,True,False
Emergent_cascade_constraint_24be01,Emergent_anticipation_constraint_db1de5,0.7420074651659796,10088.31,10306.91,True,False
Emergent_cascade_constraint_24be01,Emergent_carefully_coherence_2f0be8,0.7347984731733553,10088.31,10321.61,True,False
Emergent_cascade_constraint_24be01,Emergent_anticipation_autonomy_eda74a,0.7420074693205835,10088.31,10337.04,True,False
Emergent_cascade_constraint_24be01,Emergent_autonomy_bounded_72bafc,0.740323557273193,10088.31,10382.18,True,False
Emergent_cascade_constraint_24be01,Emergent_analogy_bounded_22d6a4,0.7420075207984465,10088.31,10398.01,True,False
Emergent_cascade_constraint_24be01,Emergent_bounded_clarity_5d9930,0.7420075218903536,10088.31,10411.02,True,False
Emergent_cascade_constraint_24be01,Emergent_bounded_clarity_ae2623,0.733903067685744,10088.31,10411.36,True,False
Emergent_cascade_constraint_24be01,Emergent_appears_asymmetry_630915,0.9292068250531895,10088.31,10427.49,True,False
Emergent_cascade_constraint_24be01,Emergent_bounded_clarity_9361e3,0.742007499160857,10088.31,10443.03,True,False
Emergent_cascade_constraint_24be01,Emergent_anticipation_bounded_db424c,0.7338226653427473,10088.31,10443.37,True,False
Emergent_cascade_constraint_24be01,Emergent_anticipation_bounded_88e144,0.7294449969584706,10088.31,10507.19,True,False
Emergent_cascade_constraint_24be01,Emergent_bounded_cognition_b5890d,0.7316321913795601,10088.31,10507.53,True,False
Emergent_cascade_constraint_24be01,Emergent_clarity_dissipation_103dd9,0.7420065778138246,10088.31,10523.21,True,False
Emergent_cascade_constraint_24be01,Emergent_clarity_dependency_45dcd9,0.7305151933023226,10088.31,10523.55,True,False
Emergent_cascade_constraint_24be01,Emergent_autonomy_carefully_dedeae,0.735122091594334,10088.31,10540.54,True,False
Emergent_cascade_constraint_24be01,Emergent_bounded_coherence_c0648b,0.7420076652570344,10088.31,10579.31,True,False
Emergent_cascade_constraint_24be01,Emergent_attention_beneficence_155439,0.7388840700240074,10088.31,10599.29,True,False
Emergent_cascade_constraint_24be01,Emergent_appears_asymmetry_0715f8,0.7164087579549815,10088.31,10619.28,True,False
Emergent_cascade_constraint_24be01,Emergent_attention_autonomy_110d93,0.7398942150952386,10088.31,10639.66,True,False
Emergent_cascade_constraint_24be01,Emergent_bounded_carefully_f79645,0.7420087851169351,10088.31,10678.0,True,False
Emergent_cascade_constraint_24be01,Emergent_anticipation_bounded_305c6e,0.7420087851169351,10088.31,10678.34,True,False
Emergent_cascade_constraint_24be01,Emergent_anticipation_appears_dac47e,0.7371973805306526,10088.31,10695.98,True,False
Emergent_cascade_constraint_24be01,Emergent_connection_constraint_3d7821,0.7321505960764411,10088.31,10714.9,True,False
Emergent_cascade_constraint_24be01,Emergent_anticipation_autonomy_cd3792,0.7419681539736485,10088.31,10734.43,True,False
Emergent_cascade_constraint_24be01,Emergent_autonomy_collective_4a8f61,0.7300960150373851,10088.31,10734.77,True,False
Emergent_cascade_constraint_24be01,Emergent_appears_asymmetry_41784a,0.7419998400830262,10088.31,10771.73,True,False
Emergent_cascade_constraint_24be01,Emergent_appears_asymmetry_8ccc17,0.7420002391722959,10088.31,10772.07,True,False
Emergent_cascade_constraint_24be01,Emergent_appears_asymmetry_1c5d82,0.7420044743367332,10088.31,10808.82,True,False
Emergent_cascade_constraint_24be01,Emergent_contradiction_emerges_fd4131,0.7281411688190049,10088.31,10826.61,True,False
Emergent_cascade_constraint_24be01,Emergent_contradiction_emerges_e19e6c,0.7419888350525388,10088.31,10826.95,True,False
Emergent_cascade_constraint_24be01,Emergent_anticipation_carefully_b72fad,0.7375454044057462,10088.31,10844.6,True,False
Emergent_cascade_constraint_24be01,Emergent_appears_asymmetry_7aac44,0.7419927448735874,10088.31,10862.27,True,False
Emergent_cascade_constraint_24be01,Emergent_autonomy_carefully_659b9f,0.7380856386100481,10088.31,10901.54,True,False
Emergent_cascade_constraint_24be01,Emergent_clarity_constraint_95d732,0.7402227357946404,10088.31,11017.74,True,False
Emergent_cascade_constraint_24be01,Emergent_constraint_dissipation_b28fdc,0.7271543393510846,10088.31,11036.22,True,False
Emergent_cascade_constraint_24be01,Emergent_bounded_connection_422d1b,0.740107398104779,10088.31,11054.16,True,False
Emergent_cascade_constraint_24be01,Emergent_appears_asymmetry_9e9e75,0.740894084633893,10088.31,11078.48,True,False
Emergent_cascade_constraint_24be01,Emergent_connection_constraint_2d4546,0.7300751512769086,10088.31,11140.84,True,False
Emergent_cascade_constraint_24be01,Emergent_bounded_carefully_09c04f,0.7430469901376467,10088.31,11179.55,True,False
Emergent_cascade_constraint_24be01,Emergent_beneficence_constraint_9c1b39,0.7355269584837816,10088.31,11220.47,True,False
Emergent_cascade_constraint_24be01,Emergent_anticipation_bounded_2f7e1b,0.6942715539355595,10088.31,11355.8,True,False
Emergent_carefully_clarity_0d7a6f,Emergent_appears_asymmetry_8dba4c,0.7265855466827399,10102.12,10116.85,True,False
Emergent_carefully_clarity_0d7a6f,Emergent_autonomy_collective_461851,0.7265855474498277,10102.12,10130.02,True,False
Emergent_carefully_clarity_0d7a6f,Emergent_abstraction_autonomy_d2ad9b,0.7265855473479544,10102.12,10145.8,True,False
Emergent_carefully_clarity_0d7a6f,Emergent_abstraction_anticipation_3a9e77,0.7259507749008934,10102.12,10146.14,True,False
Emergent_carefully_clarity_0d7a6f,Emergent_autonomy_belief_revision_95551d,0.7265855473642903,10102.12,10159.94,True,False
Emergent_carefully_clarity_0d7a6f,Emergent_carefully_coherence_d9db0f,0.726585545775679,10102.12,10175.32,True,False
Emergent_carefully_clarity_0d7a6f,Emergent_boundary_bounded_fb55ca,0.7265855455500688,10102.12,10188.06,True,False
Emergent_carefully_clarity_0d7a6f,Emergent_autonomy_boundary_fb8be0,0.7265855468882925,10102.12,10201.89,True,False
Emergent_carefully_clarity_0d7a6f,Emergent_autonomy_bounded_ab8b66,0.7265855490734988,10102.12,10217.08,True,False
Emergent_carefully_clarity_0d7a6f,Emergent_appears_asymmetry_ecd8f7,0.7265855491175612,10102.12,10230.8,True,False
Emergent_carefully_clarity_0d7a6f,Emergent_beneficence_clarity_4106a8,0.7265855479879907,10102.12,10260.91,True,False
Emergent_carefully_clarity_0d7a6f,Emergent_contradiction_dissipation_200b3d,0.72658553803357,10102.12,10291.25,True,False
Emergent_carefully_clarity_0d7a6f,Emergent_anticipation_constraint_db1de5,0.726585550109186,10102.12,10306.91,True,False
Emergent_carefully_clarity_0d7a6f,Emergent_carefully_coherence_2f0be8,0.7265855249273915,10102.12,10321.61,True,False
Emergent_carefully_clarity_0d7a6f,Emergent_anticipation_autonomy_eda74a,0.726585556943305,10102.12,10337.04,True,False
Emergent_carefully_clarity_0d7a6f,Emergent_autonomy_bounded_72bafc,0.7265854887543011,10102.12,10382.18,True,False
Emergent_carefully_clarity_0d7a6f,Emergent_analogy_bounded_22d6a4,0.7265855944239593,10102.12,10398.01,True,False
Emergent_carefully_clarity_0d7a6f,Emergent_bounded_clarity_5d9930,0.7265855955158664,10102.12,10411.02,True,False
Emergent_carefully_clarity_0d7a6f,Emergent_bounded_clarity_ae2623,0.7265855955158664,10102.12,10411.36,True,False
Emergent_carefully_clarity_0d7a6f,Emergent_appears_asymmetry_630915,0.9292068250531895,10102.12,10427.49,True,False
Emergent_carefully_clarity_0d7a6f,Emergent_bounded_clarity_9361e3,0.7265855727863698,10102.12,10443.03,True,False
Emergent_carefully_clarity_0d7a6f,Emergent_anticipation_bounded_db424c,0.7265855727863698,10102.12,10443.37,True,False
Emergent_carefully_clarity_0d7a6f,Emergent_anticipation_bounded_88e144,0.7265846394000598,10102.12,10507.19,True,False
Emergent_carefully_clarity_0d7a6f,Emergent_bounded_cognition_b5890d,0.7265846404407608,10102.12,10507.53,True,False
Emergent_carefully_clarity_0d7a6f,Emergent_clarity_dissipation_103dd9,0.7265846552213858,10102.12,10523.21,True,False
Emergent_carefully_clarity_0d7a6f,Emergent_clarity_dependency_45dcd9,0.726584645531159,10102.12,10523.55,True,False
Emergent_carefully_clarity_0d7a6f,Emergent_autonomy_carefully_dedeae,0.7265850405095239,10102.12,10540.54,True,False
Emergent_carefully_clarity_0d7a6f,Emergent_bounded_coherence_c0648b,0.7265858113077357,10102.12,10579.31,True,False
Emergent_carefully_clarity_0d7a6f,Emergent_attention_beneficence_155439,0.726585579377924,10102.12,10599.29,True,False
Emergent_carefully_clarity_0d7a6f,Emergent_appears_asymmetry_0715f8,0.7164087579549815,10102.12,10619.28,True,False
Emergent_carefully_clarity_0d7a6f,Emergent_attention_autonomy_110d93,0.7265846645069948,10102.12,10639.66,True,False
Emergent_carefully_clarity_0d7a6f,Emergent_bounded_carefully_f79645,0.7265871299753484,10102.12,10678.0,True,False
Emergent_carefully_clarity_0d7a6f,Emergent_anticipation_bounded_305c6e,0.7265871299753484,10102.12,10678.34,True,False
Emergent_carefully_clarity_0d7a6f,Emergent_anticipation_appears_dac47e,0.7265857500157387,10102.12,10695.98,True,False
Emergent_carefully_clarity_0d7a6f,Emergent_connection_constraint_3d7821,0.726583266616576,10102.12,10714.9,True,False
Emergent_carefully_clarity_0d7a6f,Emergent_anticipation_autonomy_cd3792,0.7265450321106469,10102.12,10734.43,True,False
Emergent_carefully_clarity_0d7a6f,Emergent_autonomy_collective_4a8f61,0.7265444325326477,10102.12,10734.77,True,False
Emergent_carefully_clarity_0d7a6f,Emergent_appears_asymmetry_41784a,0.7265745923324131,10102.12,10771.73,True,False
Emergent_carefully_clarity_0d7a6f,Emergent_appears_asymmetry_8ccc17,0.7265749646459454,10102.12,10772.07,True,False
Emergent_carefully_clarity_0d7a6f,Emergent_appears_asymmetry_1c5d82,0.7265860769485442,10102.12,10808.82,True,False
Emergent_carefully_clarity_0d7a6f,Emergent_contradiction_emerges_fd4131,0.7265704376643498,10102.12,10826.61,True,False
Emergent_carefully_clarity_0d7a6f,Emergent_contradiction_emerges_e19e6c,0.7265704376643498,10102.12,10826.95,True,False
Emergent_carefully_clarity_0d7a6f,Emergent_anticipation_carefully_b72fad,0.7265723925748742,10102.12,10844.6,True,False
Emergent_carefully_clarity_0d7a6f,Emergent_appears_asymmetry_7aac44,0.7265743474853983,10102.12,10862.27,True,False
Emergent_carefully_clarity_0d7a6f,Emergent_autonomy_carefully_659b9f,0.7265336534295866,10102.12,10901.54,True,False
Emergent_carefully_clarity_0d7a6f,Emergent_clarity_constraint_95d732,0.7247925817910592,10102.12,11017.74,True,False
Emergent_carefully_clarity_0d7a6f,Emergent_constraint_dissipation_b28fdc,0.7247821172076557,10102.12,11036.22,True,False
Emergent_carefully_clarity_0d7a6f,Emergent_bounded_connection_422d1b,0.7260624552027749,10102.12,11054.16,True,False
Emergent_carefully_clarity_0d7a6f,Emergent_appears_asymmetry_9e9e75,0.7269866925696459,10102.12,11078.48,True,False
Emergent_carefully_clarity_0d7a6f,Emergent_connection_constraint_2d4546,0.7164869855237614,10102.12,11140.84,True,False
Emergent_carefully_clarity_0d7a6f,Emergent_bounded_carefully_09c04f,0.7281517153436645,10102.12,11179.55,True,False
Emergent_carefully_clarity_0d7a6f,Emergent_beneficence_constraint_9c1b39,0.7239516460436644,10102.12,11220.47,True,False
Emergent_carefully_clarity_0d7a6f,Emergent_anticipation_bounded_2f7e1b,0.6899594404261337,10102.12,11355.8,True,False
Emergent_appears_asymmetry_8dba4c,Emergent_autonomy_collective_461851,0.7411585716489731,10116.85,10130.02,True,False
Emergent_appears_asymmetry_8dba4c,Emergent_abstraction_autonomy_d2ad9b,0.7301688980948166,10116.85,10145.8,True,False
Emergent_appears_asymmetry_8dba4c,Emergent_abstraction_anticipation_3a9e77,0.7259507749008934,10116.85,10146.14,True,False
Emergent_appears_asymmetry_8dba4c,Emergent_autonomy_belief_revision_95551d,0.7461818848039729,10116.85,10159.94,True,False
Emergent_appears_asymmetry_8dba4c,Emergent_carefully_coherence_d9db0f,0.733539393583235,10116.85,10175.32,True,False
Emergent_appears_asymmetry_8dba4c,Emergent_boundary_bounded_fb55ca,0.7295594813148075,10116.85,10188.06,True,False
Emergent_appears_asymmetry_8dba4c,Emergent_autonomy_boundary_fb8be0,0.746181884564092,10116.85,10201.89,True,False
Emergent_appears_asymmetry_8dba4c,Emergent_autonomy_bounded_ab8b66,0.7461818858959433,10116.85,10217.08,True,False
Emergent_appears_asymmetry_8dba4c,Emergent_appears_asymmetry_ecd8f7,0.7299282355100882,10116.85,10230.8,True,False
Emergent_appears_asymmetry_8dba4c,Emergent_beneficence_clarity_4106a8,0.7422906275967306,10116.85,10260.91,True,False
Emergent_appears_asymmetry_8dba4c,Emergent_contradiction_dissipation_200b3d,0.7282315351765141,10116.85,10291.25,True,False
Emergent_appears_asymmetry_8dba4c,Emergent_anticipation_constraint_db1de5,0.7461818863692108,10116.85,10306.91,True,False
Emergent_appears_asymmetry_8dba4c,Emergent_carefully_coherence_2f0be8,0.7347984731733553,10116.85,10321.61,True,False
Emergent_appears_asymmetry_8dba4c,Emergent_anticipation_autonomy_eda74a,0.7454546876868504,10116.85,10337.04,True,False
Emergent_appears_asymmetry_8dba4c,Emergent_autonomy_bounded_72bafc,0.740323557273193,10116.85,10382.18,True,False
Emergent_appears_asymmetry_8dba4c,Emergent_analogy_bounded_22d6a4,0.7461819413517367,10116.85,10398.01,True,False
Emergent_appears_asymmetry_8dba4c,Emergent_bounded_clarity_5d9930,0.7461819424436439,10116.85,10411.02,True,False
Emergent_appears_asymmetry_8dba4c,Emergent_bounded_clarity_ae2623,0.733903067685744,10116.85,10411.36,True,False
Emergent_appears_asymmetry_8dba4c,Emergent_appears_asymmetry_630915,0.9292068250531895,10116.85,10427.49,True,False
Emergent_appears_asymmetry_8dba4c,Emergent_bounded_clarity_9361e3,0.7431497135680636,10116.85,10443.03,True,False
Emergent_appears_asymmetry_8dba4c,Emergent_anticipation_bounded_db424c,0.7338226653427473,10116.85,10443.37,True,False
Emergent_appears_asymmetry_8dba4c,Emergent_anticipation_bounded_88e144,0.7294449969584706,10116.85,10507.19,True,False
Emergent_appears_asymmetry_8dba4c,Emergent_bounded_cognition_b5890d,0.7316321913795601,10116.85,10507.53,True,False
Emergent_appears_asymmetry_8dba4c,Emergent_clarity_dissipation_103dd9,0.7461809973336473,10116.85,10523.21,True,False
Emergent_appears_asymmetry_8dba4c,Emergent_clarity_dependency_45dcd9,0.7305151933023226,10116.85,10523.55,True,False
Emergent_appears_asymmetry_8dba4c,Emergent_autonomy_carefully_dedeae,0.735122091594334,10116.85,10540.54,True,False
Emergent_appears_asymmetry_8dba4c,Emergent_bounded_coherence_c0648b,0.7437519163318308,10116.85,10579.31,True,False
Emergent_appears_asymmetry_8dba4c,Emergent_attention_beneficence_155439,0.7388840700240074,10116.85,10599.29,True,False
Emergent_appears_asymmetry_8dba4c,Emergent_appears_asymmetry_0715f8,0.7164087579549815,10116.85,10619.28,True,False
Emergent_appears_asymmetry_8dba4c,Emergent_attention_autonomy_110d93,0.7398942150952386,10116.85,10639.66,True,False
Emergent_appears_asymmetry_8dba4c,Emergent_bounded_carefully_f79645,0.7461831315542006,10116.85,10678.0,True,False
Emergent_appears_asymmetry_8dba4c,Emergent_anticipation_bounded_305c6e,0.7431404717447697,10116.85,10678.34,True,False
Emergent_appears_asymmetry_8dba4c,Emergent_anticipation_appears_dac47e,0.7371973805306526,10116.85,10695.98,True,False
Emergent_appears_asymmetry_8dba4c,Emergent_connection_constraint_3d7821,0.7321505960764411,10116.85,10714.9,True,False
Emergent_appears_asymmetry_8dba4c,Emergent_anticipation_autonomy_cd3792,0.7442690344143642,10116.85,10734.43,True,False
Emergent_appears_asymmetry_8dba4c,Emergent_autonomy_collective_4a8f61,0.7300960150373851,10116.85,10734.77,True,False
Emergent_appears_asymmetry_8dba4c,Emergent_appears_asymmetry_41784a,0.7421851967775122,10116.85,10771.73,True,False
Emergent_appears_asymmetry_8dba4c,Emergent_appears_asymmetry_8ccc17,0.7461755746282638,10116.85,10772.07,True,False
Emergent_appears_asymmetry_8dba4c,Emergent_appears_asymmetry_1c5d82,0.7461779305732466,10116.85,10808.82,True,False
Emergent_appears_asymmetry_8dba4c,Emergent_contradiction_emerges_fd4131,0.7281411688190049,10116.85,10826.61,True,False
Emergent_appears_asymmetry_8dba4c,Emergent_contradiction_emerges_e19e6c,0.7461622912890522,10116.85,10826.95,True,False
Emergent_appears_asymmetry_8dba4c,Emergent_anticipation_carefully_b72fad,0.7375454044057462,10116.85,10844.6,True,False
Emergent_appears_asymmetry_8dba4c,Emergent_appears_asymmetry_7aac44,0.7461662011101007,10116.85,10862.27,True,False
Emergent_appears_asymmetry_8dba4c,Emergent_autonomy_carefully_659b9f,0.7380856386100481,10116.85,10901.54,True,False
Emergent_appears_asymmetry_8dba4c,Emergent_clarity_constraint_95d732,0.7443994045971725,10116.85,11017.74,True,False
Emergent_appears_asymmetry_8dba4c,Emergent_constraint_dissipation_b28fdc,0.7271543393510846,10116.85,11036.22,True,False
Emergent_appears_asymmetry_8dba4c,Emergent_bounded_connection_422d1b,0.740107398104779,10116.85,11054.16,True,False
Emergent_appears_asymmetry_8dba4c,Emergent_appears_asymmetry_9e9e75,0.740894084633893,10116.85,11078.48,True,False
Emergent_appears_asymmetry_8dba4c,Emergent_connection_constraint_2d4546,0.7300751512769086,10116.85,11140.84,True,False
Emergent_appears_asymmetry_8dba4c,Emergent_bounded_carefully_09c04f,0.7471172137561044,10116.85,11179.55,True,False
Emergent_appears_asymmetry_8dba4c,Emergent_beneficence_constraint_9c1b39,0.7355269584837816,10116.85,11220.47,True,False
Emergent_appears_asymmetry_8dba4c,Emergent_anticipation_bounded_2f7e1b,0.6954498649431972,10116.85,11355.8,True,False
Emergent_autonomy_collective_461851,Emergent_abstraction_autonomy_d2ad9b,0.7301688980948166,10130.02,10145.8,True,False
Emergent_autonomy_collective_461851,Emergent_abstraction_anticipation_3a9e77,0.7259507749008934,10130.02,10146.14,True,False
Emergent_autonomy_collective_461851,Emergent_autonomy_belief_revision_95551d,0.7411585716616124,10130.02,10159.94,True,False
Emergent_autonomy_collective_461851,Emergent_carefully_coherence_d9db0f,0.733539393583235,10130.02,10175.32,True,False
Emergent_autonomy_collective_461851,Emergent_boundary_bounded_fb55ca,0.7295594813148075,10130.02,10188.06,True,False
Emergent_autonomy_collective_461851,Emergent_autonomy_boundary_fb8be0,0.74115857139767,10130.02,10201.89,True,False
Emergent_autonomy_collective_461851,Emergent_autonomy_bounded_ab8b66,0.741158572780521,10130.02,10217.08,True,False
Emergent_autonomy_collective_461851,Emergent_appears_asymmetry_ecd8f7,0.7299282355100882,10130.02,10230.8,True,False
Emergent_autonomy_collective_461851,Emergent_beneficence_clarity_4106a8,0.7411585720148411,10130.02,10260.91,True,False
Emergent_autonomy_collective_461851,Emergent_contradiction_dissipation_200b3d,0.7282315351765141,10130.02,10291.25,True,False
Emergent_autonomy_collective_461851,Emergent_anticipation_constraint_db1de5,0.7411585733186912,10130.02,10306.91,True,False
Emergent_autonomy_collective_461851,Emergent_carefully_coherence_2f0be8,0.7347984731733553,10130.02,10321.61,True,False
Emergent_autonomy_collective_461851,Emergent_anticipation_autonomy_eda74a,0.7411585774887407,10130.02,10337.04,True,False
Emergent_autonomy_collective_461851,Emergent_autonomy_bounded_72bafc,0.740323557273193,10130.02,10382.18,True,False
Emergent_autonomy_collective_461851,Emergent_analogy_bounded_22d6a4,0.7411586290820816,10130.02,10398.01,True,False
Emergent_autonomy_collective_461851,Emergent_bounded_clarity_5d9930,0.7411586301739888,10130.02,10411.02,True,False
Emergent_autonomy_collective_461851,Emergent_bounded_clarity_ae2623,0.733903067685744,10130.02,10411.36,True,False
Emergent_autonomy_collective_461851,Emergent_appears_asymmetry_630915,0.9292068250531895,10130.02,10427.49,True,False
Emergent_autonomy_collective_461851,Emergent_bounded_clarity_9361e3,0.7411586074444921,10130.02,10443.03,True,False
Emergent_autonomy_collective_461851,Emergent_anticipation_bounded_db424c,0.7338226653427473,10130.02,10443.37,True,False
Emergent_autonomy_collective_461851,Emergent_anticipation_bounded_88e144,0.7294449969584706,10130.02,10507.19,True,False
Emergent_autonomy_collective_461851,Emergent_bounded_cognition_b5890d,0.7316321913795601,10130.02,10507.53,True,False
Emergent_autonomy_collective_461851,Emergent_clarity_dissipation_103dd9,0.7411576863056406,10130.02,10523.21,True,False
Emergent_autonomy_collective_461851,Emergent_clarity_dependency_45dcd9,0.7305151933023226,10130.02,10523.55,True,False
Emergent_autonomy_collective_461851,Emergent_autonomy_carefully_dedeae,0.735122091594334,10130.02,10540.54,True,False
Emergent_autonomy_collective_461851,Emergent_bounded_coherence_c0648b,0.7411587775272755,10130.02,10579.31,True,False
Emergent_autonomy_collective_461851,Emergent_attention_beneficence_155439,0.7388840700240074,10130.02,10599.29,True,False
Emergent_autonomy_collective_461851,Emergent_appears_asymmetry_0715f8,0.7164087579549815,10130.02,10619.28,True,False
Emergent_autonomy_collective_461851,Emergent_attention_autonomy_110d93,0.7398942150952386,10130.02,10639.66,True,False
Emergent_autonomy_collective_461851,Emergent_bounded_carefully_f79645,0.7411599083304408,10130.02,10678.0,True,False
Emergent_autonomy_collective_461851,Emergent_anticipation_bounded_305c6e,0.7411599083304408,10130.02,10678.34,True,False
Emergent_autonomy_collective_461851,Emergent_anticipation_appears_dac47e,0.7371973805306526,10130.02,10695.98,True,False
Emergent_autonomy_collective_461851,Emergent_connection_constraint_3d7821,0.7321505960764411,10130.02,10714.9,True,False
Emergent_autonomy_collective_461851,Emergent_anticipation_autonomy_cd3792,0.7411191964522558,10130.02,10734.43,True,False
Emergent_autonomy_collective_461851,Emergent_autonomy_collective_4a8f61,0.7300960150373851,10130.02,10734.77,True,False
Emergent_autonomy_collective_461851,Emergent_appears_asymmetry_41784a,0.7411507655432832,10130.02,10771.73,True,False
Emergent_autonomy_collective_461851,Emergent_appears_asymmetry_8ccc17,0.7411511631586966,10130.02,10772.07,True,False
Emergent_autonomy_collective_461851,Emergent_appears_asymmetry_1c5d82,0.7411557768715379,10130.02,10808.82,True,False
Emergent_autonomy_collective_461851,Emergent_contradiction_emerges_fd4131,0.7281411688190049,10130.02,10826.61,True,False
Emergent_autonomy_collective_461851,Emergent_contradiction_emerges_e19e6c,0.7411401375873435,10130.02,10826.95,True,False
Emergent_autonomy_collective_461851,Emergent_anticipation_carefully_b72fad,0.7375454044057462,10130.02,10844.6,True,False
Emergent_autonomy_collective_461851,Emergent_appears_asymmetry_7aac44,0.7411440474083922,10130.02,10862.27,True,False
Emergent_autonomy_collective_461851,Emergent_autonomy_carefully_659b9f,0.7380856386100481,10130.02,10901.54,True,False
Emergent_autonomy_collective_461851,Emergent_clarity_constraint_95d732,0.739373391192818,10130.02,11017.74,True,False
Emergent_autonomy_collective_461851,Emergent_constraint_dissipation_b28fdc,0.7271543393510846,10130.02,11036.22,True,False
Emergent_autonomy_collective_461851,Emergent_bounded_connection_422d1b,0.740107398104779,10130.02,11054.16,True,False
Emergent_autonomy_collective_461851,Emergent_appears_asymmetry_9e9e75,0.740894084633893,10130.02,11078.48,True,False
Emergent_autonomy_collective_461851,Emergent_connection_constraint_2d4546,0.7300751512769086,10130.02,11140.84,True,False
Emergent_autonomy_collective_461851,Emergent_bounded_carefully_09c04f,0.7422270876767902,10130.02,11179.55,True,False
Emergent_autonomy_collective_461851,Emergent_beneficence_constraint_9c1b39,0.7355269584837816,10130.02,11220.47,True,False
Emergent_autonomy_collective_461851,Emergent_anticipation_bounded_2f7e1b,0.6940341959460783,10130.02,11355.8,True,False
Emergent_abstraction_autonomy_d2ad9b,Emergent_abstraction_anticipation_3a9e77,0.7259507746509911,10145.8,10146.14,True,False
Emergent_abstraction_autonomy_d2ad9b,Emergent_autonomy_belief_revision_95551d,0.7301688979310045,10145.8,10159.94,True,False
Emergent_abstraction_autonomy_d2ad9b,Emergent_carefully_coherence_d9db0f,0.7301688969493276,10145.8,10175.32,True,False
Emergent_abstraction_autonomy_d2ad9b,Emergent_boundary_bounded_fb55ca,0.7295594812901104,10145.8,10188.06,True,False
Emergent_abstraction_autonomy_d2ad9b,Emergent_autonomy_boundary_fb8be0,0.7301688977901502,10145.8,10201.89,True,False
Emergent_abstraction_autonomy_d2ad9b,Emergent_autonomy_bounded_ab8b66,0.7301688992836995,10145.8,10217.08,True,False
Emergent_abstraction_autonomy_d2ad9b,Emergent_appears_asymmetry_ecd8f7,0.7299282355100882,10145.8,10230.8,True,False
Emergent_abstraction_autonomy_d2ad9b,Emergent_beneficence_clarity_4106a8,0.7301688985224117,10145.8,10260.91,True,False
Emergent_abstraction_autonomy_d2ad9b,Emergent_contradiction_dissipation_200b3d,0.7282315351765141,10145.8,10291.25,True,False
Emergent_abstraction_autonomy_d2ad9b,Emergent_anticipation_constraint_db1de5,0.7301688999627456,10145.8,10306.91,True,False
Emergent_abstraction_autonomy_d2ad9b,Emergent_carefully_coherence_2f0be8,0.7301688823183135,10145.8,10321.61,True,False
Emergent_abstraction_autonomy_d2ad9b,Emergent_anticipation_autonomy_eda74a,0.7301689043327504,10145.8,10337.04,True,False
Emergent_abstraction_autonomy_d2ad9b,Emergent_autonomy_bounded_72bafc,0.7301688522353497,10145.8,10382.18,True,False
Emergent_abstraction_autonomy_d2ad9b,Emergent_analogy_bounded_22d6a4,0.7301689574210602,10145.8,10398.01,True,False
Emergent_abstraction_autonomy_d2ad9b,Emergent_bounded_clarity_5d9930,0.7301689585129675,10145.8,10411.02,True,False
Emergent_abstraction_autonomy_d2ad9b,Emergent_bounded_clarity_ae2623,0.7301689585129675,10145.8,10411.36,True,False
Emergent_abstraction_autonomy_d2ad9b,Emergent_appears_asymmetry_630915,0.9292068250531895,10145.8,10427.49,True,False
Emergent_abstraction_autonomy_d2ad9b,Emergent_bounded_clarity_9361e3,0.7301689357834709,10145.8,10443.03,True,False
Emergent_abstraction_autonomy_d2ad9b,Emergent_anticipation_bounded_db424c,0.7301689357834709,10145.8,10443.37,True,False
Emergent_abstraction_autonomy_d2ad9b,Emergent_anticipation_bounded_88e144,0.7294449969584706,10145.8,10507.19,True,False
Emergent_abstraction_autonomy_d2ad9b,Emergent_bounded_cognition_b5890d,0.7301680023120947,10145.8,10507.53,True,False
Emergent_abstraction_autonomy_d2ad9b,Emergent_clarity_dissipation_103dd9,0.7301680173397086,10145.8,10523.21,True,False
Emergent_abstraction_autonomy_d2ad9b,Emergent_clarity_dependency_45dcd9,0.7301680074875551,10145.8,10523.55,True,False
Emergent_abstraction_autonomy_d2ad9b,Emergent_autonomy_carefully_dedeae,0.730168409271204,10145.8,10540.54,True,False
Emergent_abstraction_autonomy_d2ad9b,Emergent_bounded_coherence_c0648b,0.7301691574764758,10145.8,10579.31,True,False
Emergent_abstraction_autonomy_d2ad9b,Emergent_attention_beneficence_155439,0.7301689255466643,10145.8,10599.29,True,False
Emergent_abstraction_autonomy_d2ad9b,Emergent_appears_asymmetry_0715f8,0.7164087579549815,10145.8,10619.28,True,False
Emergent_abstraction_autonomy_d2ad9b,Emergent_attention_autonomy_110d93,0.7301680088339824,10145.8,10639.66,True,False
Emergent_abstraction_autonomy_d2ad9b,Emergent_bounded_carefully_f79645,0.730170429950106,10145.8,10678.0,True,False
Emergent_abstraction_autonomy_d2ad9b,Emergent_anticipation_bounded_305c6e,0.730170429950106,10145.8,10678.34,True,False
Emergent_abstraction_autonomy_d2ad9b,Emergent_anticipation_appears_dac47e,0.7301690499904965,10145.8,10695.98,True,False
Emergent_abstraction_autonomy_d2ad9b,Emergent_connection_constraint_3d7821,0.7301665580351766,10145.8,10714.9,True,False
Emergent_abstraction_autonomy_d2ad9b,Emergent_anticipation_autonomy_cd3792,0.730128672885582,10145.8,10734.43,True,False
Emergent_abstraction_autonomy_d2ad9b,Emergent_autonomy_collective_4a8f61,0.7300960150373851,10145.8,10734.77,True,False
Emergent_abstraction_autonomy_d2ad9b,Emergent_appears_asymmetry_41784a,0.7301587270681427,10145.8,10771.73,True,False
Emergent_abstraction_autonomy_d2ad9b,Emergent_appears_asymmetry_8ccc17,0.7301591056031537,10145.8,10772.07,True,False
Emergent_abstraction_autonomy_d2ad9b,Emergent_appears_asymmetry_1c5d82,0.7301686199677376,10145.8,10808.82,True,False
Emergent_abstraction_autonomy_d2ad9b,Emergent_contradiction_emerges_fd4131,0.7281411688190049,10145.8,10826.61,True,False
Emergent_abstraction_autonomy_d2ad9b,Emergent_contradiction_emerges_e19e6c,0.7301529806835433,10145.8,10826.95,True,False
Emergent_abstraction_autonomy_d2ad9b,Emergent_anticipation_carefully_b72fad,0.7301549355940677,10145.8,10844.6,True,False
Emergent_abstraction_autonomy_d2ad9b,Emergent_appears_asymmetry_7aac44,0.730156890504592,10145.8,10862.27,True,False
Emergent_abstraction_autonomy_d2ad9b,Emergent_autonomy_carefully_659b9f,0.7301161964487802,10145.8,10901.54,True,False
Emergent_abstraction_autonomy_d2ad9b,Emergent_clarity_constraint_95d732,0.728377856519609,10145.8,11017.74,True,False
Emergent_abstraction_autonomy_d2ad9b,Emergent_constraint_dissipation_b28fdc,0.7271543393510846,10145.8,11036.22,True,False
Emergent_abstraction_autonomy_d2ad9b,Emergent_bounded_connection_422d1b,0.7296689499236616,10145.8,11054.16,True,False
Emergent_abstraction_autonomy_d2ad9b,Emergent_appears_asymmetry_9e9e75,0.7305406316420772,10145.8,11078.48,True,False
Emergent_abstraction_autonomy_d2ad9b,Emergent_connection_constraint_2d4546,0.7200243502004238,10145.8,11140.84,True,False
Emergent_abstraction_autonomy_d2ad9b,Emergent_bounded_carefully_09c04f,0.7316127081685755,10145.8,11179.55,True,False
Emergent_abstraction_autonomy_d2ad9b,Emergent_beneficence_constraint_9c1b39,0.7274126388685757,10145.8,11220.47,True,False
Emergent_abstraction_autonomy_d2ad9b,Emergent_anticipation_bounded_2f7e1b,0.6909613819225305,10145.8,11355.8,True,False
Emergent_abstraction_anticipation_3a9e77,Emergent_autonomy_belief_revision_95551d,0.72595077466731,10146.14,10159.94,True,False
Emergent_abstraction_anticipation_3a9e77,Emergent_carefully_coherence_d9db0f,0.7259507732589635,10146.14,10175.32,True,False
Emergent_abstraction_anticipation_3a9e77,Emergent_boundary_bounded_fb55ca,0.7259507730672001,10146.14,10188.06,True,False
Emergent_abstraction_anticipation_3a9e77,Emergent_autonomy_boundary_fb8be0,0.7259507744375903,10146.14,10201.89,True,False
Emergent_abstraction_anticipation_3a9e77,Emergent_autonomy_bounded_ab8b66,0.725950776631931,10146.14,10217.08,True,False
Emergent_abstraction_anticipation_3a9e77,Emergent_appears_asymmetry_ecd8f7,0.7259507766759934,10146.14,10230.8,True,False
Emergent_abstraction_anticipation_3a9e77,Emergent_beneficence_clarity_4106a8,0.7259507755467851,10146.14,10260.91,True,False
Emergent_abstraction_anticipation_3a9e77,Emergent_contradiction_dissipation_200b3d,0.7259507655731067,10146.14,10291.25,True,False
Emergent_abstraction_anticipation_3a9e77,Emergent_anticipation_constraint_db1de5,0.7259507776792428,10146.14,10306.91,True,False
Emergent_abstraction_anticipation_3a9e77,Emergent_carefully_coherence_2f0be8,0.7259507524706805,10146.14,10321.61,True,False
Emergent_abstraction_anticipation_3a9e77,Emergent_anticipation_autonomy_eda74a,0.7259507845283866,10146.14,10337.04,True,False
Emergent_abstraction_anticipation_3a9e77,Emergent_autonomy_bounded_72bafc,0.7259507163277817,10146.14,10382.18,True,False
Emergent_abstraction_anticipation_3a9e77,Emergent_analogy_bounded_22d6a4,0.7259508220831683,10146.14,10398.01,True,False
Emergent_abstraction_anticipation_3a9e77,Emergent_bounded_clarity_5d9930,0.7259508231750755,10146.14,10411.02,True,False
Emergent_abstraction_anticipation_3a9e77,Emergent_bounded_clarity_ae2623,0.7259508231750755,10146.14,10411.36,True,False
Emergent_abstraction_anticipation_3a9e77,Emergent_appears_asymmetry_630915,0.9292068250531895,10146.14,10427.49,True,False
Emergent_abstraction_anticipation_3a9e77,Emergent_bounded_clarity_9361e3,0.725950800445579,10146.14,10443.03,True,False
Emergent_abstraction_anticipation_3a9e77,Emergent_anticipation_bounded_db424c,0.725950800445579,10146.14,10443.37,True,False
Emergent_abstraction_anticipation_3a9e77,Emergent_anticipation_bounded_88e144,0.7259498672617727,10146.14,10507.19,True,False
Emergent_abstraction_anticipation_3a9e77,Emergent_bounded_cognition_b5890d,0.7259498682993932,10146.14,10507.53,True,False
Emergent_abstraction_anticipation_3a9e77,Emergent_clarity_dissipation_103dd9,0.7259498830362653,10146.14,10523.21,True,False
Emergent_abstraction_anticipation_3a9e77,Emergent_clarity_dependency_45dcd9,0.7259498733747229,10146.14,10523.55,True,False
Emergent_abstraction_anticipation_3a9e77,Emergent_autonomy_carefully_dedeae,0.7259502671475707,10146.14,10540.54,True,False
Emergent_abstraction_anticipation_3a9e77,Emergent_bounded_coherence_c0648b,0.725951041947993,10146.14,10579.31,True,False
Emergent_abstraction_anticipation_3a9e77,Emergent_attention_beneficence_155439,0.7259508100181813,10146.14,10599.29,True,False
Emergent_abstraction_anticipation_3a9e77,Emergent_appears_asymmetry_0715f8,0.7164087579549815,10146.14,10619.28,True,False
Emergent_abstraction_anticipation_3a9e77,Emergent_attention_autonomy_110d93,0.7259498954735081,10146.14,10639.66,True,False
Emergent_abstraction_anticipation_3a9e77,Emergent_bounded_carefully_f79645,0.7259523687986065,10146.14,10678.0,True,False
Emergent_abstraction_anticipation_3a9e77,Emergent_anticipation_bounded_305c6e,0.7259523687986065,10146.14,10678.34,True,False
Emergent_abstraction_anticipation_3a9e77,Emergent_anticipation_appears_dac47e,0.725950988838997,10146.14,10695.98,True,False
Emergent_abstraction_anticipation_3a9e77,Emergent_connection_constraint_3d7821,0.7259485069555086,10146.14,10714.9,True,False
Emergent_abstraction_anticipation_3a9e77,Emergent_anticipation_autonomy_cd3792,0.7259102105630952,10146.14,10734.43,True,False
Emergent_abstraction_anticipation_3a9e77,Emergent_autonomy_collective_4a8f61,0.7259096127599296,10146.14,10734.77,True,False
Emergent_abstraction_anticipation_3a9e77,Emergent_appears_asymmetry_41784a,0.7259396832825206,10146.14,10771.73,True,False
Emergent_abstraction_anticipation_3a9e77,Emergent_appears_asymmetry_8ccc17,0.7259400544939537,10146.14,10772.07,True,False
Emergent_abstraction_anticipation_3a9e77,Emergent_appears_asymmetry_1c5d82,0.7259514498621683,10146.14,10808.82,True,False
Emergent_abstraction_anticipation_3a9e77,Emergent_contradiction_emerges_fd4131,0.725935810577974,10146.14,10826.61,True,False
Emergent_abstraction_anticipation_3a9e77,Emergent_contradiction_emerges_e19e6c,0.725935810577974,10146.14,10826.95,True,False
Emergent_abstraction_anticipation_3a9e77,Emergent_anticipation_carefully_b72fad,0.7259377654884982,10146.14,10844.6,True,False
Emergent_abstraction_anticipation_3a9e77,Emergent_appears_asymmetry_7aac44,0.7259397203990224,10146.14,10862.27,True,False
Emergent_abstraction_anticipation_3a9e77,Emergent_autonomy_carefully_659b9f,0.7258990263432108,10146.14,10901.54,True,False
Emergent_abstraction_anticipation_3a9e77,Emergent_clarity_constraint_95d732,0.7241574707979331,10146.14,11017.74,True,False
Emergent_abstraction_anticipation_3a9e77,Emergent_constraint_dissipation_b28fdc,0.7241470371911424,10146.14,11036.22,True,False
Emergent_abstraction_anticipation_3a9e77,Emergent_bounded_connection_422d1b,0.7254235852088952,10146.14,11054.16,True,False
Emergent_abstraction_anticipation_3a9e77,Emergent_appears_asymmetry_9e9e75,0.7263571325094844,10146.14,11078.48,True,False
Emergent_abstraction_anticipation_3a9e77,Emergent_connection_constraint_2d4546,0.7158603615233874,10146.14,11140.84,True,False
Emergent_abstraction_anticipation_3a9e77,Emergent_bounded_carefully_09c04f,0.7275386201817435,10146.14,11179.55,True,False
Emergent_abstraction_anticipation_3a9e77,Emergent_beneficence_constraint_9c1b39,0.7233385508817436,10146.14,11220.47,True,False
Emergent_abstraction_anticipation_3a9e77,Emergent_anticipation_bounded_2f7e1b,0.6897819521980313,10146.14,11355.8,True,False
Emergent_autonomy_belief_revision_95551d,Emergent_carefully_coherence_d9db0f,0.7335393935419118,10159.94,10175.32,True,False
Emergent_autonomy_belief_revision_95551d,Emergent_boundary_bounded_fb55ca,0.7295594812982225,10159.94,10188.06,True,False
Emergent_autonomy_belief_revision_95551d,Emergent_autonomy_boundary_fb8be0,0.7481697817825181,10159.94,10201.89,True,False
Emergent_autonomy_belief_revision_95551d,Emergent_autonomy_bounded_ab8b66,0.7481697830939804,10159.94,10217.08,True,False
Emergent_autonomy_belief_revision_95551d,Emergent_appears_asymmetry_ecd8f7,0.7299282355100882,10159.94,10230.8,True,False
Emergent_autonomy_belief_revision_95551d,Emergent_beneficence_clarity_4106a8,0.7422906275967306,10159.94,10260.91,True,False
Emergent_autonomy_belief_revision_95551d,Emergent_contradiction_dissipation_200b3d,0.7282315351765141,10159.94,10291.25,True,False
Emergent_autonomy_belief_revision_95551d,Emergent_anticipation_constraint_db1de5,0.7481697835413006,10159.94,10306.91,True,False
Emergent_autonomy_belief_revision_95551d,Emergent_carefully_coherence_2f0be8,0.7347984731733553,10159.94,10321.61,True,False
Emergent_autonomy_belief_revision_95551d,Emergent_anticipation_autonomy_eda74a,0.7454546876868504,10159.94,10337.04,True,False
Emergent_autonomy_belief_revision_95551d,Emergent_autonomy_bounded_72bafc,0.740323557273193,10159.94,10382.18,True,False
Emergent_autonomy_belief_revision_95551d,Emergent_analogy_bounded_22d6a4,0.7481698382116444,10159.94,10398.01,True,False
Emergent_autonomy_belief_revision_95551d,Emergent_bounded_clarity_5d9930,0.7462811691906833,10159.94,10411.02,True,False
Emergent_autonomy_belief_revision_95551d,Emergent_bounded_clarity_ae2623,0.733903067685744,10159.94,10411.36,True,False
Emergent_autonomy_belief_revision_95551d,Emergent_appears_asymmetry_630915,0.9292068250531895,10159.94,10427.49,True,False
Emergent_autonomy_belief_revision_95551d,Emergent_bounded_clarity_9361e3,0.7431497135680636,10159.94,10443.03,True,False
Emergent_autonomy_belief_revision_95551d,Emergent_anticipation_bounded_db424c,0.7338226653427473,10159.94,10443.37,True,False
Emergent_autonomy_belief_revision_95551d,Emergent_anticipation_bounded_88e144,0.7294449969584706,10159.94,10507.19,True,False
Emergent_autonomy_belief_revision_95551d,Emergent_bounded_cognition_b5890d,0.7316321913795601,10159.94,10507.53,True,False
Emergent_autonomy_belief_revision_95551d,Emergent_clarity_dissipation_103dd9,0.7481688936971562,10159.94,10523.21,True,False
Emergent_autonomy_belief_revision_95551d,Emergent_clarity_dependency_45dcd9,0.7305151933023226,10159.94,10523.55,True,False
Emergent_autonomy_belief_revision_95551d,Emergent_autonomy_carefully_dedeae,0.735122091594334,10159.94,10540.54,True,False
Emergent_autonomy_belief_revision_95551d,Emergent_bounded_coherence_c0648b,0.7437519163318308,10159.94,10579.31,True,False
Emergent_autonomy_belief_revision_95551d,Emergent_attention_beneficence_155439,0.7388840700240074,10159.94,10599.29,True,False
Emergent_autonomy_belief_revision_95551d,Emergent_appears_asymmetry_0715f8,0.7164087579549815,10159.94,10619.28,True,False
Emergent_autonomy_belief_revision_95551d,Emergent_attention_autonomy_110d93,0.7398942150952386,10159.94,10639.66,True,False
Emergent_autonomy_belief_revision_95551d,Emergent_bounded_carefully_f79645,0.7468565090973656,10159.94,10678.0,True,False
Emergent_autonomy_belief_revision_95551d,Emergent_anticipation_bounded_305c6e,0.7431404717447697,10159.94,10678.34,True,False
Emergent_autonomy_belief_revision_95551d,Emergent_anticipation_appears_dac47e,0.7371973805306526,10159.94,10695.98,True,False
Emergent_autonomy_belief_revision_95551d,Emergent_connection_constraint_3d7821,0.7321505960764411,10159.94,10714.9,True,False
Emergent_autonomy_belief_revision_95551d,Emergent_anticipation_autonomy_cd3792,0.7442690344143642,10159.94,10734.43,True,False
Emergent_autonomy_belief_revision_95551d,Emergent_autonomy_collective_4a8f61,0.7300960150373851,10159.94,10734.77,True,False
Emergent_autonomy_belief_revision_95551d,Emergent_appears_asymmetry_41784a,0.7421851967775122,10159.94,10771.73,True,False
Emergent_autonomy_belief_revision_95551d,Emergent_appears_asymmetry_8ccc17,0.7481639109373892,10159.94,10772.07,True,False
Emergent_autonomy_belief_revision_95551d,Emergent_appears_asymmetry_1c5d82,0.7473889982688046,10159.94,10808.82,True,False
Emergent_autonomy_belief_revision_95551d,Emergent_contradiction_emerges_fd4131,0.7281411688190049,10159.94,10826.61,True,False
Emergent_autonomy_belief_revision_95551d,Emergent_contradiction_emerges_e19e6c,0.7481497249649911,10159.94,10826.95,True,False
Emergent_autonomy_belief_revision_95551d,Emergent_anticipation_carefully_b72fad,0.7375454044057462,10159.94,10844.6,True,False
Emergent_autonomy_belief_revision_95551d,Emergent_appears_asymmetry_7aac44,0.7477943759667763,10159.94,10862.27,True,False
Emergent_autonomy_belief_revision_95551d,Emergent_autonomy_carefully_659b9f,0.7380856386100481,10159.94,10901.54,True,False
Emergent_autonomy_belief_revision_95551d,Emergent_clarity_constraint_95d732,0.7463883813439305,10159.94,11017.74,True,False
Emergent_autonomy_belief_revision_95551d,Emergent_constraint_dissipation_b28fdc,0.7271543393510846,10159.94,11036.22,True,False
Emergent_autonomy_belief_revision_95551d,Emergent_bounded_connection_422d1b,0.740107398104779,10159.94,11054.16,True,False
Emergent_autonomy_belief_revision_95551d,Emergent_appears_asymmetry_9e9e75,0.740894084633893,10159.94,11078.48,True,False
Emergent_autonomy_belief_revision_95551d,Emergent_connection_constraint_2d4546,0.7300751512769086,10159.94,11140.84,True,False
Emergent_autonomy_belief_revision_95551d,Emergent_bounded_carefully_09c04f,0.7490722376393202,10159.94,11179.55,True,False
Emergent_autonomy_belief_revision_95551d,Emergent_beneficence_constraint_9c1b39,0.7355269584837816,10159.94,11220.47,True,False
Emergent_autonomy_belief_revision_95551d,Emergent_anticipation_bounded_2f7e1b,0.6960158353609749,10159.94,11355.8,True,False
Emergent_carefully_coherence_d9db0f,Emergent_boundary_bounded_fb55ca,0.7295594811251234,10175.32,10188.06,True,False
Emergent_carefully_coherence_d9db0f,Emergent_autonomy_boundary_fb8be0,0.7335393941571688,10175.32,10201.89,True,False
Emergent_carefully_coherence_d9db0f,Emergent_autonomy_bounded_ab8b66,0.7335393958475445,10175.32,10217.08,True,False
Emergent_carefully_coherence_d9db0f,Emergent_appears_asymmetry_ecd8f7,0.7299282355100882,10175.32,10230.8,True,False
Emergent_carefully_coherence_d9db0f,Emergent_beneficence_clarity_4106a8,0.7335393950849097,10175.32,10260.91,True,False
Emergent_carefully_coherence_d9db0f,Emergent_contradiction_dissipation_200b3d,0.7282315351765141,10175.32,10291.25,True,False
Emergent_carefully_coherence_d9db0f,Emergent_anticipation_constraint_db1de5,0.7335393964833846,10175.32,10306.91,True,False
Emergent_carefully_coherence_d9db0f,Emergent_carefully_coherence_2f0be8,0.7335393789365422,10175.32,10321.61,True,False
Emergent_carefully_coherence_d9db0f,Emergent_anticipation_autonomy_eda74a,0.7335394007920637,10175.32,10337.04,True,False
Emergent_carefully_coherence_d9db0f,Emergent_autonomy_bounded_72bafc,0.7335393486913598,10175.32,10382.18,True,False
Emergent_carefully_coherence_d9db0f,Emergent_analogy_bounded_22d6a4,0.7335394534218714,10175.32,10398.01,True,False
Emergent_carefully_coherence_d9db0f,Emergent_bounded_clarity_5d9930,0.7335394545137786,10175.32,10411.02,True,False
Emergent_carefully_coherence_d9db0f,Emergent_bounded_clarity_ae2623,0.7335394545137786,10175.32,10411.36,True,False
Emergent_carefully_coherence_d9db0f,Emergent_appears_asymmetry_630915,0.9292068250531895,10175.32,10427.49,True,False
Emergent_carefully_coherence_d9db0f,Emergent_bounded_clarity_9361e3,0.7335394317842822,10175.32,10443.03,True,False
Emergent_carefully_coherence_d9db0f,Emergent_anticipation_bounded_db424c,0.7335394317842822,10175.32,10443.37,True,False
Emergent_carefully_coherence_d9db0f,Emergent_anticipation_bounded_88e144,0.7294449969584706,10175.32,10507.19,True,False
Emergent_carefully_coherence_d9db0f,Emergent_bounded_cognition_b5890d,0.7316321913795601,10175.32,10507.53,True,False
Emergent_carefully_coherence_d9db0f,Emergent_clarity_dissipation_103dd9,0.7335385125139449,10175.32,10523.21,True,False
Emergent_carefully_coherence_d9db0f,Emergent_clarity_dependency_45dcd9,0.7305151933023226,10175.32,10523.55,True,False
Emergent_carefully_coherence_d9db0f,Emergent_autonomy_carefully_dedeae,0.7335389106941539,10175.32,10540.54,True,False
Emergent_carefully_coherence_d9db0f,Emergent_bounded_coherence_c0648b,0.7335396376486026,10175.32,10579.31,True,False
Emergent_carefully_coherence_d9db0f,Emergent_attention_beneficence_155439,0.733539405718791,10175.32,10599.29,True,False
Emergent_carefully_coherence_d9db0f,Emergent_appears_asymmetry_0715f8,0.7164087579549815,10175.32,10619.28,True,False
Emergent_carefully_coherence_d9db0f,Emergent_attention_autonomy_110d93,0.7335384872737643,10175.32,10639.66,True,False
Emergent_carefully_coherence_d9db0f,Emergent_bounded_carefully_f79645,0.7335408666723692,10175.32,10678.0,True,False
Emergent_carefully_coherence_d9db0f,Emergent_anticipation_bounded_305c6e,0.7335408666723692,10175.32,10678.34,True,False
Emergent_carefully_coherence_d9db0f,Emergent_anticipation_appears_dac47e,0.7335394867127595,10175.32,10695.98,True,False
Emergent_carefully_coherence_d9db0f,Emergent_connection_constraint_3d7821,0.7321505960764411,10175.32,10714.9,True,False
Emergent_carefully_coherence_d9db0f,Emergent_anticipation_autonomy_cd3792,0.733499430163043,10175.32,10734.43,True,False
Emergent_carefully_coherence_d9db0f,Emergent_autonomy_collective_4a8f61,0.7300960150373851,10175.32,10734.77,True,False
Emergent_carefully_coherence_d9db0f,Emergent_appears_asymmetry_41784a,0.7335299489630268,10175.32,10771.73,True,False
Emergent_carefully_coherence_d9db0f,Emergent_appears_asymmetry_8ccc17,0.7335303333499342,10175.32,10772.07,True,False
Emergent_carefully_coherence_d9db0f,Emergent_appears_asymmetry_1c5d82,0.733538344700815,10175.32,10808.82,True,False
Emergent_carefully_coherence_d9db0f,Emergent_contradiction_emerges_fd4131,0.7281411688190049,10175.32,10826.61,True,False
Emergent_carefully_coherence_d9db0f,Emergent_contradiction_emerges_e19e6c,0.7335227054166208,10175.32,10826.95,True,False
Emergent_carefully_coherence_d9db0f,Emergent_anticipation_carefully_b72fad,0.7335246603271451,10175.32,10844.6,True,False
Emergent_carefully_coherence_d9db0f,Emergent_appears_asymmetry_7aac44,0.7335266152376694,10175.32,10862.27,True,False
Emergent_carefully_coherence_d9db0f,Emergent_autonomy_carefully_659b9f,0.7334859211818575,10175.32,10901.54,True,False
Emergent_carefully_coherence_d9db0f,Emergent_clarity_constraint_95d732,0.7317501506868931,10175.32,11017.74,True,False
Emergent_carefully_coherence_d9db0f,Emergent_constraint_dissipation_b28fdc,0.7271543393510846,10175.32,11036.22,True,False
Emergent_carefully_coherence_d9db0f,Emergent_bounded_connection_422d1b,0.7330612035255235,10175.32,11054.16,True,False
Emergent_carefully_coherence_d9db0f,Emergent_appears_asymmetry_9e9e75,0.7338834516244365,10175.32,11078.48,True,False
Emergent_carefully_coherence_d9db0f,Emergent_connection_constraint_2d4546,0.7233515803765871,10175.32,11140.84,True,False
Emergent_carefully_coherence_d9db0f,Emergent_bounded_carefully_09c04f,0.7348681033056678,10175.32,11179.55,True,False
Emergent_carefully_coherence_d9db0f,Emergent_beneficence_constraint_9c1b39,0.7306680340056678,10175.32,11220.47,True,False
Emergent_carefully_coherence_d9db0f,Emergent_anticipation_bounded_2f7e1b,0.6919038038344006,10175.32,11355.8,True,False
Emergent_boundary_bounded_fb55ca,Emergent_autonomy_boundary_fb8be0,0.7295594819277345,10188.06,10201.89,True,False
Emergent_boundary_bounded_fb55ca,Emergent_autonomy_bounded_ab8b66,0.729559483764511,10188.06,10217.08,True,False
Emergent_boundary_bounded_fb55ca,Emergent_appears_asymmetry_ecd8f7,0.7295594837953546,10188.06,10230.8,True,False
Emergent_boundary_bounded_fb55ca,Emergent_beneficence_clarity_4106a8,0.7295594830034667,10188.06,10260.91,True,False
Emergent_boundary_bounded_fb55ca,Emergent_contradiction_dissipation_200b3d,0.7282315351765141,10188.06,10291.25,True,False
Emergent_boundary_bounded_fb55ca,Emergent_anticipation_constraint_db1de5,0.7295594844513692,10188.06,10306.91,True,False
Emergent_boundary_bounded_fb55ca,Emergent_carefully_coherence_2f0be8,0.7295594667892918,10188.06,10321.61,True,False
Emergent_boundary_bounded_fb55ca,Emergent_anticipation_autonomy_eda74a,0.7295594888324622,10188.06,10337.04,True,False
Emergent_boundary_bounded_fb55ca,Emergent_autonomy_bounded_72bafc,0.7295594367356585,10188.06,10382.18,True,False
Emergent_boundary_bounded_fb55ca,Emergent_analogy_bounded_22d6a4,0.7295595420036732,10188.06,10398.01,True,False
Emergent_boundary_bounded_fb55ca,Emergent_bounded_clarity_5d9930,0.7295595430955804,10188.06,10411.02,True,False
Emergent_boundary_bounded_fb55ca,Emergent_bounded_clarity_ae2623,0.7295595430955804,10188.06,10411.36,True,False
Emergent_boundary_bounded_fb55ca,Emergent_appears_asymmetry_630915,0.9292068250531895,10188.06,10427.49,True,False
Emergent_boundary_bounded_fb55ca,Emergent_bounded_clarity_9361e3,0.7295595203660837,10188.06,10443.03,True,False
Emergent_boundary_bounded_fb55ca,Emergent_anticipation_bounded_db424c,0.7295595203660837,10188.06,10443.37,True,False
Emergent_boundary_bounded_fb55ca,Emergent_anticipation_bounded_88e144,0.7294449969584706,10188.06,10507.19,True,False
Emergent_boundary_bounded_fb55ca,Emergent_bounded_cognition_b5890d,0.7295585870861645,10188.06,10507.53,True,False
Emergent_boundary_bounded_fb55ca,Emergent_clarity_dissipation_103dd9,0.7295586020717736,10188.06,10523.21,True,False
Emergent_boundary_bounded_fb55ca,Emergent_clarity_dependency_45dcd9,0.7295585922471585,10188.06,10523.55,True,False
Emergent_boundary_bounded_fb55ca,Emergent_autonomy_carefully_dedeae,0.7295589928734463,10188.06,10540.54,True,False
Emergent_boundary_bounded_fb55ca,Emergent_bounded_coherence_c0648b,0.7295597449210547,10188.06,10579.31,True,False
Emergent_boundary_bounded_fb55ca,Emergent_attention_beneficence_155439,0.729559512991243,10188.06,10599.29,True,False
Emergent_boundary_bounded_fb55ca,Emergent_appears_asymmetry_0715f8,0.7164087579549815,10188.06,10619.28,True,False
Emergent_boundary_bounded_fb55ca,Emergent_attention_autonomy_110d93,0.7295585965917841,10188.06,10639.66,True,False
Emergent_boundary_bounded_fb55ca,Emergent_bounded_carefully_f79645,0.7295610252508034,10188.06,10678.0,True,False
Emergent_boundary_bounded_fb55ca,Emergent_anticipation_bounded_305c6e,0.7295610252508034,10188.06,10678.34,True,False
Emergent_boundary_bounded_fb55ca,Emergent_anticipation_appears_dac47e,0.7295596452911938,10188.06,10695.98,True,False
Emergent_boundary_bounded_fb55ca,Emergent_connection_constraint_3d7821,0.7295571547910028,10188.06,10714.9,True,False
Emergent_boundary_bounded_fb55ca,Emergent_anticipation_autonomy_cd3792,0.7295192102270713,10188.06,10734.43,True,False
Emergent_boundary_bounded_fb55ca,Emergent_autonomy_collective_4a8f61,0.7295186023338665,10188.06,10734.77,True,False
Emergent_boundary_bounded_fb55ca,Emergent_appears_asymmetry_41784a,0.7295491804027019,10188.06,10771.73,True,False
Emergent_boundary_bounded_fb55ca,Emergent_appears_asymmetry_8ccc17,0.7295495578796386,10188.06,10772.07,True,False
Emergent_boundary_bounded_fb55ca,Emergent_appears_asymmetry_1c5d82,0.7295593440023621,10188.06,10808.82,True,False
Emergent_boundary_bounded_fb55ca,Emergent_contradiction_emerges_fd4131,0.7281411688190049,10188.06,10826.61,True,False
Emergent_boundary_bounded_fb55ca,Emergent_contradiction_emerges_e19e6c,0.7295437047181679,10188.06,10826.95,True,False
Emergent_boundary_bounded_fb55ca,Emergent_anticipation_carefully_b72fad,0.7295456596286922,10188.06,10844.6,True,False
Emergent_boundary_bounded_fb55ca,Emergent_appears_asymmetry_7aac44,0.7295476145392165,10188.06,10862.27,True,False
Emergent_boundary_bounded_fb55ca,Emergent_autonomy_carefully_659b9f,0.7295069204834046,10188.06,10901.54,True,False
Emergent_boundary_bounded_fb55ca,Emergent_clarity_constraint_95d732,0.7277681159778568,10188.06,11017.74,True,False
Emergent_boundary_bounded_fb55ca,Emergent_constraint_dissipation_b28fdc,0.7271543393510846,10188.06,11036.22,True,False
Emergent_boundary_bounded_fb55ca,Emergent_bounded_connection_422d1b,0.7290556005400206,10188.06,11054.16,True,False
Emergent_boundary_bounded_fb55ca,Emergent_appears_asymmetry_9e9e75,0.7299362202930326,10188.06,11078.48,True,False
Emergent_boundary_bounded_fb55ca,Emergent_connection_constraint_2d4546,0.7194227576259001,10188.06,11140.84,True,False
Emergent_boundary_bounded_fb55ca,Emergent_bounded_carefully_09c04f,0.7310241040029709,10188.06,11179.55,True,False
Emergent_boundary_bounded_fb55ca,Emergent_beneficence_constraint_9c1b39,0.726824034702971,10188.06,11220.47,True,False
Emergent_boundary_bounded_fb55ca,Emergent_anticipation_bounded_2f7e1b,0.6907909837251618,10188.06,11355.8,True,False
Emergent_autonomy_boundary_fb8be0,Emergent_autonomy_bounded_ab8b66,0.7487994380222943,10201.89,10217.08,True,False
Emergent_autonomy_boundary_fb8be0,Emergent_appears_asymmetry_ecd8f7,0.7299282354457798,10201.89,10230.8,True,False
Emergent_autonomy_boundary_fb8be0,Emergent_beneficence_clarity_4106a8,0.7422906275967306,10201.89,10260.91,True,False
Emergent_autonomy_boundary_fb8be0,Emergent_contradiction_dissipation_200b3d,0.7282315351765141,10201.89,10291.25,True,False
Emergent_autonomy_boundary_fb8be0,Emergent_anticipation_constraint_db1de5,0.751224309023915,10201.89,10306.91,True,False
Emergent_autonomy_boundary_fb8be0,Emergent_carefully_coherence_2f0be8,0.7347984731733553,10201.89,10321.61,True,False
Emergent_autonomy_boundary_fb8be0,Emergent_anticipation_autonomy_eda74a,0.7454546876868504,10201.89,10337.04,True,False
Emergent_autonomy_boundary_fb8be0,Emergent_autonomy_bounded_72bafc,0.740323557273193,10201.89,10382.18,True,False
Emergent_autonomy_boundary_fb8be0,Emergent_analogy_bounded_22d6a4,0.7521068704655814,10201.89,10398.01,True,False
Emergent_autonomy_boundary_fb8be0,Emergent_bounded_clarity_5d9930,0.7462811691906833,10201.89,10411.02,True,False
Emergent_autonomy_boundary_fb8be0,Emergent_bounded_clarity_ae2623,0.733903067685744,10201.89,10411.36,True,False
Emergent_autonomy_boundary_fb8be0,Emergent_appears_asymmetry_630915,0.9292068250531895,10201.89,10427.49,True,False
Emergent_autonomy_boundary_fb8be0,Emergent_bounded_clarity_9361e3,0.7431497135680636,10201.89,10443.03,True,False
Emergent_autonomy_boundary_fb8be0,Emergent_anticipation_bounded_db424c,0.7338226653427473,10201.89,10443.37,True,False
Emergent_autonomy_boundary_fb8be0,Emergent_anticipation_bounded_88e144,0.7294449969584706,10201.89,10507.19,True,False
Emergent_autonomy_boundary_fb8be0,Emergent_bounded_cognition_b5890d,0.7316321913795601,10201.89,10507.53,True,False
Emergent_autonomy_boundary_fb8be0,Emergent_clarity_dissipation_103dd9,0.750757538052766,10201.89,10523.21,True,False
Emergent_autonomy_boundary_fb8be0,Emergent_clarity_dependency_45dcd9,0.7305151933023226,10201.89,10523.55,True,False
Emergent_autonomy_boundary_fb8be0,Emergent_autonomy_carefully_dedeae,0.735122091594334,10201.89,10540.54,True,False
Emergent_autonomy_boundary_fb8be0,Emergent_bounded_coherence_c0648b,0.7437519163318308,10201.89,10579.31,True,False
Emergent_autonomy_boundary_fb8be0,Emergent_attention_beneficence_155439,0.7388840700240074,10201.89,10599.29,True,False
Emergent_autonomy_boundary_fb8be0,Emergent_appears_asymmetry_0715f8,0.7164087579549815,10201.89,10619.28,True,False
Emergent_autonomy_boundary_fb8be0,Emergent_attention_autonomy_110d93,0.7398942150952386,10201.89,10639.66,True,False
Emergent_autonomy_boundary_fb8be0,Emergent_bounded_carefully_f79645,0.7468565090973656,10201.89,10678.0,True,False
Emergent_autonomy_boundary_fb8be0,Emergent_anticipation_bounded_305c6e,0.7431404717447697,10201.89,10678.34,True,False
Emergent_autonomy_boundary_fb8be0,Emergent_anticipation_appears_dac47e,0.7371973805306526,10201.89,10695.98,True,False
Emergent_autonomy_boundary_fb8be0,Emergent_connection_constraint_3d7821,0.7321505960764411,10201.89,10714.9,True,False
Emergent_autonomy_boundary_fb8be0,Emergent_anticipation_autonomy_cd3792,0.7442690344143642,10201.89,10734.43,True,False
Emergent_autonomy_boundary_fb8be0,Emergent_autonomy_collective_4a8f61,0.7300960150373851,10201.89,10734.77,True,False
Emergent_autonomy_boundary_fb8be0,Emergent_appears_asymmetry_41784a,0.7421851967775122,10201.89,10771.73,True,False
Emergent_autonomy_boundary_fb8be0,Emergent_appears_asymmetry_8ccc17,0.7482011096848439,10201.89,10772.07,True,False
Emergent_autonomy_boundary_fb8be0,Emergent_appears_asymmetry_1c5d82,0.7473889982688046,10201.89,10808.82,True,False
Emergent_autonomy_boundary_fb8be0,Emergent_contradiction_emerges_fd4131,0.7281411688190049,10201.89,10826.61,True,False
Emergent_autonomy_boundary_fb8be0,Emergent_contradiction_emerges_e19e6c,0.7500588166933403,10201.89,10826.95,True,False
Emergent_autonomy_boundary_fb8be0,Emergent_anticipation_carefully_b72fad,0.7375454044057462,10201.89,10844.6,True,False
Emergent_autonomy_boundary_fb8be0,Emergent_appears_asymmetry_7aac44,0.7477943759667763,10201.89,10862.27,True,False
Emergent_autonomy_boundary_fb8be0,Emergent_autonomy_carefully_659b9f,0.7380856386100481,10201.89,10901.54,True,False
Emergent_autonomy_boundary_fb8be0,Emergent_clarity_constraint_95d732,0.7468762462650957,10201.89,11017.74,True,False
Emergent_autonomy_boundary_fb8be0,Emergent_constraint_dissipation_b28fdc,0.7271543393510846,10201.89,11036.22,True,False
Emergent_autonomy_boundary_fb8be0,Emergent_bounded_connection_422d1b,0.740107398104779,10201.89,11054.16,True,False
Emergent_autonomy_boundary_fb8be0,Emergent_appears_asymmetry_9e9e75,0.740894084633893,10201.89,11078.48,True,False
Emergent_autonomy_boundary_fb8be0,Emergent_connection_constraint_2d4546,0.7300751512769086,10201.89,11140.84,True,False
Emergent_autonomy_boundary_fb8be0,Emergent_bounded_carefully_09c04f,0.7545462314305574,10201.89,11179.55,True,False
Emergent_autonomy_boundary_fb8be0,Emergent_beneficence_constraint_9c1b39,0.7355269584837816,10201.89,11220.47,True,False
Emergent_autonomy_boundary_fb8be0,Emergent_anticipation_bounded_2f7e1b,0.6961858364558363,10201.89,11355.8,True,False
Emergent_autonomy_bounded_ab8b66,Emergent_appears_asymmetry_ecd8f7,0.729928234862371,10217.08,10230.8,True,False
Emergent_autonomy_bounded_ab8b66,Emergent_beneficence_clarity_4106a8,0.7422906275967306,10217.08,10260.91,True,False
Emergent_autonomy_bounded_ab8b66,Emergent_contradiction_dissipation_200b3d,0.7282315351765141,10217.08,10291.25,True,False
Emergent_autonomy_bounded_ab8b66,Emergent_anticipation_constraint_db1de5,0.7487994385257042,10217.08,10306.91,True,False
Emergent_autonomy_bounded_ab8b66,Emergent_carefully_coherence_2f0be8,0.7347984731733553,10217.08,10321.61,True,False
Emergent_autonomy_bounded_ab8b66,Emergent_anticipation_autonomy_eda74a,0.7454546876868504,10217.08,10337.04,True,False
Emergent_autonomy_bounded_ab8b66,Emergent_autonomy_bounded_72bafc,0.740323557273193,10217.08,10382.18,True,False
Emergent_autonomy_bounded_ab8b66,Emergent_analogy_bounded_22d6a4,0.7487994930971662,10217.08,10398.01,True,False
Emergent_autonomy_bounded_ab8b66,Emergent_bounded_clarity_5d9930,0.7462811691906833,10217.08,10411.02,True,False
Emergent_autonomy_bounded_ab8b66,Emergent_bounded_clarity_ae2623,0.733903067685744,10217.08,10411.36,True,False
Emergent_autonomy_bounded_ab8b66,Emergent_appears_asymmetry_630915,0.9292068250531895,10217.08,10427.49,True,False
Emergent_autonomy_bounded_ab8b66,Emergent_bounded_clarity_9361e3,0.7431497135680636,10217.08,10443.03,True,False
Emergent_autonomy_bounded_ab8b66,Emergent_anticipation_bounded_db424c,0.7338226653427473,10217.08,10443.37,True,False
Emergent_autonomy_bounded_ab8b66,Emergent_anticipation_bounded_88e144,0.7294449969584706,10217.08,10507.19,True,False
Emergent_autonomy_bounded_ab8b66,Emergent_bounded_cognition_b5890d,0.7316321913795601,10217.08,10507.53,True,False
Emergent_autonomy_bounded_ab8b66,Emergent_clarity_dissipation_103dd9,0.7487985484254468,10217.08,10523.21,True,False
Emergent_autonomy_bounded_ab8b66,Emergent_clarity_dependency_45dcd9,0.7305151933023226,10217.08,10523.55,True,False
Emergent_autonomy_bounded_ab8b66,Emergent_autonomy_carefully_dedeae,0.735122091594334,10217.08,10540.54,True,False
Emergent_autonomy_bounded_ab8b66,Emergent_bounded_coherence_c0648b,0.7437519163318308,10217.08,10579.31,True,False
Emergent_autonomy_bounded_ab8b66,Emergent_attention_beneficence_155439,0.7388840700240074,10217.08,10599.29,True,False
Emergent_autonomy_bounded_ab8b66,Emergent_appears_asymmetry_0715f8,0.7164087579549815,10217.08,10619.28,True,False
Emergent_autonomy_bounded_ab8b66,Emergent_attention_autonomy_110d93,0.7398942150952386,10217.08,10639.66,True,False
Emergent_autonomy_bounded_ab8b66,Emergent_bounded_carefully_f79645,0.7468565090973656,10217.08,10678.0,True,False
Emergent_autonomy_bounded_ab8b66,Emergent_anticipation_bounded_305c6e,0.7431404717447697,10217.08,10678.34,True,False
Emergent_autonomy_bounded_ab8b66,Emergent_anticipation_appears_dac47e,0.7371973805306526,10217.08,10695.98,True,False
Emergent_autonomy_bounded_ab8b66,Emergent_connection_constraint_3d7821,0.7321505960764411,10217.08,10714.9,True,False
Emergent_autonomy_bounded_ab8b66,Emergent_anticipation_autonomy_cd3792,0.7442690344143642,10217.08,10734.43,True,False
Emergent_autonomy_bounded_ab8b66,Emergent_autonomy_collective_4a8f61,0.7300960150373851,10217.08,10734.77,True,False
Emergent_autonomy_bounded_ab8b66,Emergent_appears_asymmetry_41784a,0.7421851967775122,10217.08,10771.73,True,False
Emergent_autonomy_bounded_ab8b66,Emergent_appears_asymmetry_8ccc17,0.7482011096848439,10217.08,10772.07,True,False
Emergent_autonomy_bounded_ab8b66,Emergent_appears_asymmetry_1c5d82,0.7473889982688046,10217.08,10808.82,True,False
Emergent_autonomy_bounded_ab8b66,Emergent_contradiction_emerges_fd4131,0.7281411688190049,10217.08,10826.61,True,False
Emergent_autonomy_bounded_ab8b66,Emergent_contradiction_emerges_e19e6c,0.7487792331396574,10217.08,10826.95,True,False
Emergent_autonomy_bounded_ab8b66,Emergent_anticipation_carefully_b72fad,0.7375454044057462,10217.08,10844.6,True,False
Emergent_autonomy_bounded_ab8b66,Emergent_appears_asymmetry_7aac44,0.7477943759667763,10217.08,10862.27,True,False
Emergent_autonomy_bounded_ab8b66,Emergent_autonomy_carefully_659b9f,0.7380856386100481,10217.08,10901.54,True,False
Emergent_autonomy_bounded_ab8b66,Emergent_clarity_constraint_95d732,0.7468762462650957,10217.08,11017.74,True,False
Emergent_autonomy_bounded_ab8b66,Emergent_constraint_dissipation_b28fdc,0.7271543393510846,10217.08,11036.22,True,False
Emergent_autonomy_bounded_ab8b66,Emergent_bounded_connection_422d1b,0.740107398104779,10217.08,11054.16,True,False
Emergent_autonomy_bounded_ab8b66,Emergent_appears_asymmetry_9e9e75,0.740894084633893,10217.08,11078.48,True,False
Emergent_autonomy_bounded_ab8b66,Emergent_connection_constraint_2d4546,0.7300751512769086,10217.08,11140.84,True,False
Emergent_autonomy_bounded_ab8b66,Emergent_bounded_carefully_09c04f,0.7496914801987332,10217.08,11179.55,True,False
Emergent_autonomy_bounded_ab8b66,Emergent_beneficence_constraint_9c1b39,0.7355269584837816,10217.08,11220.47,True,False
Emergent_autonomy_bounded_ab8b66,Emergent_anticipation_bounded_2f7e1b,0.6961858364558363,10217.08,11355.8,True,False
Emergent_appears_asymmetry_ecd8f7,Emergent_beneficence_clarity_4106a8,0.7299282347180527,10230.8,10260.91,True,False
Emergent_appears_asymmetry_ecd8f7,Emergent_contradiction_dissipation_200b3d,0.7282315351765141,10230.8,10291.25,True,False
Emergent_appears_asymmetry_ecd8f7,Emergent_anticipation_constraint_db1de5,0.7299282361613756,10230.8,10306.91,True,False
Emergent_appears_asymmetry_ecd8f7,Emergent_carefully_coherence_2f0be8,0.7299282185099751,10230.8,10321.61,True,False
Emergent_appears_asymmetry_ecd8f7,Emergent_anticipation_autonomy_eda74a,0.7299282405357594,10230.8,10337.04,True,False
Emergent_appears_asymmetry_ecd8f7,Emergent_autonomy_bounded_72bafc,0.7299281884385944,10230.8,10382.18,True,False
Emergent_appears_asymmetry_ecd8f7,Emergent_analogy_bounded_22d6a4,0.7299282936568076,10230.8,10398.01,True,False
Emergent_appears_asymmetry_ecd8f7,Emergent_bounded_clarity_5d9930,0.7299282947487147,10230.8,10411.02,True,False
Emergent_appears_asymmetry_ecd8f7,Emergent_bounded_clarity_ae2623,0.7299282947487147,10230.8,10411.36,True,False
Emergent_appears_asymmetry_ecd8f7,Emergent_appears_asymmetry_630915,0.9292068250531895,10230.8,10427.49,True,False
Emergent_appears_asymmetry_ecd8f7,Emergent_bounded_clarity_9361e3,0.7299282720192181,10230.8,10443.03,True,False
Emergent_appears_asymmetry_ecd8f7,Emergent_anticipation_bounded_db424c,0.7299282720192181,10230.8,10443.37,True,False
Emergent_appears_asymmetry_ecd8f7,Emergent_anticipation_bounded_88e144,0.7294449969584706,10230.8,10507.19,True,False
Emergent_appears_asymmetry_ecd8f7,Emergent_bounded_cognition_b5890d,0.72992733862345,10230.8,10507.53,True,False
Emergent_appears_asymmetry_ecd8f7,Emergent_clarity_dissipation_103dd9,0.7299273536344758,10230.8,10523.21,True,False
Emergent_appears_asymmetry_ecd8f7,Emergent_clarity_dependency_45dcd9,0.7299273437931975,10230.8,10523.55,True,False
Emergent_appears_asymmetry_ecd8f7,Emergent_autonomy_carefully_dedeae,0.7299277451197939,10230.8,10540.54,True,False
Emergent_appears_asymmetry_ecd8f7,Emergent_bounded_coherence_c0648b,0.7299284948424399,10230.8,10579.31,True,False
Emergent_appears_asymmetry_ecd8f7,Emergent_attention_beneficence_155439,0.7299282629126282,10230.8,10599.29,True,False
Emergent_appears_asymmetry_ecd8f7,Emergent_appears_asymmetry_0715f8,0.7164087579549815,10230.8,10619.28,True,False
Emergent_appears_asymmetry_ecd8f7,Emergent_attention_autonomy_110d93,0.729927346323641,10230.8,10639.66,True,False
Emergent_appears_asymmetry_ecd8f7,Emergent_bounded_carefully_f79645,0.7299297704185237,10230.8,10678.0,True,False
Emergent_appears_asymmetry_ecd8f7,Emergent_anticipation_bounded_305c6e,0.7299297704185237,10230.8,10678.34,True,False
Emergent_appears_asymmetry_ecd8f7,Emergent_anticipation_appears_dac47e,0.729928390458914,10230.8,10695.98,True,False
Emergent_appears_asymmetry_ecd8f7,Emergent_connection_constraint_3d7821,0.7299258990782379,10230.8,10714.9,True,False
Emergent_appears_asymmetry_ecd8f7,Emergent_anticipation_autonomy_cd3792,0.7298879904653742,10230.8,10734.43,True,False
Emergent_appears_asymmetry_ecd8f7,Emergent_autonomy_collective_4a8f61,0.7298873815411339,10230.8,10734.77,True,False
Emergent_appears_asymmetry_ecd8f7,Emergent_appears_asymmetry_41784a,0.729918011472824,10230.8,10771.73,True,False
Emergent_appears_asymmetry_ecd8f7,Emergent_appears_asymmetry_8ccc17,0.7299183895899918,10230.8,10772.07,True,False
Emergent_appears_asymmetry_ecd8f7,Emergent_appears_asymmetry_1c5d82,0.7299280112743693,10230.8,10808.82,True,False
Emergent_appears_asymmetry_ecd8f7,Emergent_contradiction_emerges_fd4131,0.7281411688190049,10230.8,10826.61,True,False
Emergent_appears_asymmetry_ecd8f7,Emergent_contradiction_emerges_e19e6c,0.7299123719901751,10230.8,10826.95,True,False
Emergent_appears_asymmetry_ecd8f7,Emergent_anticipation_carefully_b72fad,0.7299143269006995,10230.8,10844.6,True,False
Emergent_appears_asymmetry_ecd8f7,Emergent_appears_asymmetry_7aac44,0.7299162818112237,10230.8,10862.27,True,False
Emergent_appears_asymmetry_ecd8f7,Emergent_autonomy_carefully_659b9f,0.7298755877554118,10230.8,10901.54,True,False
Emergent_appears_asymmetry_ecd8f7,Emergent_clarity_constraint_95d732,0.7281370643607483,10230.8,11017.74,True,False
Emergent_appears_asymmetry_ecd8f7,Emergent_constraint_dissipation_b28fdc,0.7271543393510846,10230.8,11036.22,True,False
Emergent_appears_asymmetry_ecd8f7,Emergent_bounded_connection_422d1b,0.7294267325998826,10230.8,11054.16,True,False
Emergent_appears_asymmetry_ecd8f7,Emergent_appears_asymmetry_9e9e75,0.7303019440305268,10230.8,11078.48,True,False
Emergent_appears_asymmetry_ecd8f7,Emergent_connection_constraint_2d4546,0.7197867757489074,10230.8,11140.84,True,False
Emergent_appears_asymmetry_ecd8f7,Emergent_bounded_carefully_09c04f,0.7313802629594329,10230.8,11179.55,True,False
Emergent_appears_asymmetry_ecd8f7,Emergent_beneficence_constraint_9c1b39,0.727180193659433,10230.8,11220.47,True,False
Emergent_appears_asymmetry_ecd8f7,Emergent_anticipation_bounded_2f7e1b,0.6908940901041245,10230.8,11355.8,True,False
Emergent_beneficence_clarity_4106a8,Emergent_contradiction_dissipation_200b3d,0.7282315347652808,10260.91,10291.25,True,False
Emergent_beneficence_clarity_4106a8,Emergent_anticipation_constraint_db1de5,0.7422906288865214,10260.91,10306.91,True,False
Emergent_beneficence_clarity_4106a8,Emergent_carefully_coherence_2f0be8,0.7347984731733553,10260.91,10321.61,True,False
Emergent_beneficence_clarity_4106a8,Emergent_anticipation_autonomy_eda74a,0.7422906330359732,10260.91,10337.04,True,False
Emergent_beneficence_clarity_4106a8,Emergent_autonomy_bounded_72bafc,0.740323557273193,10260.91,10382.18,True,False
Emergent_beneficence_clarity_4106a8,Emergent_analogy_bounded_22d6a4,0.7422906844753161,10260.91,10398.01,True,False
Emergent_beneficence_clarity_4106a8,Emergent_bounded_clarity_5d9930,0.7422906855672232,10260.91,10411.02,True,False
Emergent_beneficence_clarity_4106a8,Emergent_bounded_clarity_ae2623,0.733903067685744,10260.91,10411.36,True,False
Emergent_beneficence_clarity_4106a8,Emergent_appears_asymmetry_630915,0.9292068250531895,10260.91,10427.49,True,False
Emergent_beneficence_clarity_4106a8,Emergent_bounded_clarity_9361e3,0.7422906628377267,10260.91,10443.03,True,False
Emergent_beneficence_clarity_4106a8,Emergent_anticipation_bounded_db424c,0.7338226653427473,10260.91,10443.37,True,False
Emergent_beneficence_clarity_4106a8,Emergent_anticipation_bounded_88e144,0.7294449969584706,10260.91,10507.19,True,False
Emergent_beneficence_clarity_4106a8,Emergent_bounded_cognition_b5890d,0.7316321913795601,10260.91,10507.53,True,False
Emergent_beneficence_clarity_4106a8,Emergent_clarity_dissipation_103dd9,0.7422897414212517,10260.91,10523.21,True,False
Emergent_beneficence_clarity_4106a8,Emergent_clarity_dependency_45dcd9,0.7305151933023226,10260.91,10523.55,True,False
Emergent_beneficence_clarity_4106a8,Emergent_autonomy_carefully_dedeae,0.735122091594334,10260.91,10540.54,True,False
Emergent_beneficence_clarity_4106a8,Emergent_bounded_coherence_c0648b,0.7422908276040974,10260.91,10579.31,True,False
Emergent_beneficence_clarity_4106a8,Emergent_attention_beneficence_155439,0.7388840700240074,10260.91,10599.29,True,False
Emergent_beneficence_clarity_4106a8,Emergent_appears_asymmetry_0715f8,0.7164087579549815,10260.91,10619.28,True,False
Emergent_beneficence_clarity_4106a8,Emergent_attention_autonomy_110d93,0.7398942150952386,10260.91,10639.66,True,False
Emergent_beneficence_clarity_4106a8,Emergent_bounded_carefully_f79645,0.742291943813668,10260.91,10678.0,True,False
Emergent_beneficence_clarity_4106a8,Emergent_anticipation_bounded_305c6e,0.742291943813668,10260.91,10678.34,True,False
Emergent_beneficence_clarity_4106a8,Emergent_anticipation_appears_dac47e,0.7371973805306526,10260.91,10695.98,True,False
Emergent_beneficence_clarity_4106a8,Emergent_connection_constraint_3d7821,0.7321505960764411,10260.91,10714.9,True,False
Emergent_beneficence_clarity_4106a8,Emergent_anticipation_autonomy_cd3792,0.7422513396010134,10260.91,10734.43,True,False
Emergent_beneficence_clarity_4106a8,Emergent_autonomy_collective_4a8f61,0.7300960150373851,10260.91,10734.77,True,False
Emergent_beneficence_clarity_4106a8,Emergent_appears_asymmetry_41784a,0.7421851967775122,10260.91,10771.73,True,False
Emergent_beneficence_clarity_4106a8,Emergent_appears_asymmetry_8ccc17,0.7422834643249483,10260.91,10772.07,True,False
Emergent_beneficence_clarity_4106a8,Emergent_appears_asymmetry_1c5d82,0.7422875732174995,10260.91,10808.82,True,False
Emergent_beneficence_clarity_4106a8,Emergent_contradiction_emerges_fd4131,0.7281411688190049,10260.91,10826.61,True,False
Emergent_beneficence_clarity_4106a8,Emergent_contradiction_emerges_e19e6c,0.7422719339333052,10260.91,10826.95,True,False
Emergent_beneficence_clarity_4106a8,Emergent_anticipation_carefully_b72fad,0.7375454044057462,10260.91,10844.6,True,False
Emergent_beneficence_clarity_4106a8,Emergent_appears_asymmetry_7aac44,0.7422758437543536,10260.91,10862.27,True,False
Emergent_beneficence_clarity_4106a8,Emergent_autonomy_carefully_659b9f,0.7380856386100481,10260.91,10901.54,True,False
Emergent_beneficence_clarity_4106a8,Emergent_clarity_constraint_95d732,0.7405060505399078,10260.91,11017.74,True,False
Emergent_beneficence_clarity_4106a8,Emergent_constraint_dissipation_b28fdc,0.7271543393510846,10260.91,11036.22,True,False
Emergent_beneficence_clarity_4106a8,Emergent_bounded_connection_422d1b,0.740107398104779,10260.91,11054.16,True,False
Emergent_beneficence_clarity_4106a8,Emergent_appears_asymmetry_9e9e75,0.740894084633893,10260.91,11078.48,True,False
Emergent_beneficence_clarity_4106a8,Emergent_connection_constraint_2d4546,0.7300751512769086,10260.91,11140.84,True,False
Emergent_beneficence_clarity_4106a8,Emergent_bounded_carefully_09c04f,0.7433204839072465,10260.91,11179.55,True,False
Emergent_beneficence_clarity_4106a8,Emergent_beneficence_constraint_9c1b39,0.7355269584837816,10260.91,11220.47,True,False
Emergent_beneficence_clarity_4106a8,Emergent_anticipation_bounded_2f7e1b,0.6943507291233253,10260.91,11355.8,True,False
Emergent_contradiction_dissipation_200b3d,Emergent_anticipation_constraint_db1de5,0.7282315459599218,10291.25,10306.91,True,False
Emergent_contradiction_dissipation_200b3d,Emergent_carefully_coherence_2f0be8,0.7282315220606053,10291.25,10321.61,True,False
Emergent_contradiction_dissipation_200b3d,Emergent_anticipation_autonomy_eda74a,0.7282315539681485,10291.25,10337.04,True,False
Emergent_contradiction_dissipation_200b3d,Emergent_autonomy_bounded_72bafc,0.7282314858092267,10291.25,10382.18,True,False
Emergent_contradiction_dissipation_200b3d,Emergent_analogy_bounded_22d6a4,0.7282315912565864,10291.25,10398.01,True,False
Emergent_contradiction_dissipation_200b3d,Emergent_bounded_clarity_5d9930,0.7282315923484937,10291.25,10411.02,True,False
Emergent_contradiction_dissipation_200b3d,Emergent_bounded_clarity_ae2623,0.7282315923484937,10291.25,10411.36,True,False
Emergent_contradiction_dissipation_200b3d,Emergent_appears_asymmetry_630915,0.9292068250531895,10291.25,10427.49,True,False
Emergent_contradiction_dissipation_200b3d,Emergent_bounded_clarity_9361e3,0.7282315696189969,10291.25,10443.03,True,False
Emergent_contradiction_dissipation_200b3d,Emergent_anticipation_bounded_db424c,0.7282315696189969,10291.25,10443.37,True,False
Emergent_contradiction_dissipation_200b3d,Emergent_anticipation_bounded_88e144,0.7282306357075841,10291.25,10507.19,True,False
Emergent_contradiction_dissipation_200b3d,Emergent_bounded_cognition_b5890d,0.7282306367562734,10291.25,10507.53,True,False
Emergent_contradiction_dissipation_200b3d,Emergent_clarity_dissipation_103dd9,0.7282306516503512,10291.25,10523.21,True,False
Emergent_contradiction_dissipation_200b3d,Emergent_clarity_dependency_45dcd9,0.7282306418857443,10291.25,10523.55,True,False
Emergent_contradiction_dissipation_200b3d,Emergent_autonomy_carefully_dedeae,0.7282310399900767,10291.25,10540.54,True,False
Emergent_contradiction_dissipation_200b3d,Emergent_bounded_coherence_c0648b,0.7282318004103536,10291.25,10579.31,True,False
Emergent_contradiction_dissipation_200b3d,Emergent_attention_beneficence_155439,0.728231568480542,10291.25,10599.29,True,False
Emergent_contradiction_dissipation_200b3d,Emergent_appears_asymmetry_0715f8,0.7164087579549815,10291.25,10619.28,True,False
Emergent_contradiction_dissipation_200b3d,Emergent_attention_autonomy_110d93,0.7282306527636144,10291.25,10639.66,True,False
Emergent_contradiction_dissipation_200b3d,Emergent_bounded_carefully_f79645,0.7282330978590306,10291.25,10678.0,True,False
Emergent_contradiction_dissipation_200b3d,Emergent_anticipation_bounded_305c6e,0.7282330978590306,10291.25,10678.34,True,False
Emergent_contradiction_dissipation_200b3d,Emergent_anticipation_appears_dac47e,0.7282317178994211,10291.25,10695.98,True,False
Emergent_contradiction_dissipation_200b3d,Emergent_connection_constraint_3d7821,0.7282292305700375,10291.25,10714.9,True,False
Emergent_contradiction_dissipation_200b3d,Emergent_anticipation_autonomy_cd3792,0.7281911565388974,10291.25,10734.43,True,False
Emergent_contradiction_dissipation_200b3d,Emergent_autonomy_collective_4a8f61,0.7281905523586643,10291.25,10734.77,True,False
Emergent_contradiction_dissipation_200b3d,Emergent_appears_asymmetry_41784a,0.7282209436586649,10291.25,10771.73,True,False
Emergent_contradiction_dissipation_200b3d,Emergent_appears_asymmetry_8ccc17,0.7282213188299973,10291.25,10772.07,True,False
Emergent_contradiction_dissipation_200b3d,Emergent_appears_asymmetry_1c5d82,0.7282316971291156,10291.25,10808.82,True,False
Emergent_contradiction_dissipation_200b3d,Emergent_contradiction_emerges_fd4131,0.7281411688190049,10291.25,10826.61,True,False
Emergent_contradiction_dissipation_200b3d,Emergent_contradiction_emerges_e19e6c,0.7282160578449215,10291.25,10826.95,True,False
Emergent_contradiction_dissipation_200b3d,Emergent_anticipation_carefully_b72fad,0.7282180127554458,10291.25,10844.6,True,False
Emergent_contradiction_dissipation_200b3d,Emergent_appears_asymmetry_7aac44,0.72821996766597,10291.25,10862.27,True,False
Emergent_contradiction_dissipation_200b3d,Emergent_autonomy_carefully_659b9f,0.728179273610158,10291.25,10901.54,True,False
Emergent_contradiction_dissipation_200b3d,Emergent_clarity_constraint_95d732,0.7264394567663448,10291.25,11017.74,True,False
Emergent_contradiction_dissipation_200b3d,Emergent_constraint_dissipation_b28fdc,0.7264289118590155,10291.25,11036.22,True,False
Emergent_contradiction_dissipation_200b3d,Emergent_bounded_connection_422d1b,0.7277190774574189,10291.25,11054.16,True,False
Emergent_contradiction_dissipation_200b3d,Emergent_appears_asymmetry_9e9e75,0.7286191736945848,10291.25,11078.48,True,False
Emergent_contradiction_dissipation_200b3d,Emergent_connection_constraint_2d4546,0.7181118532969519,10291.25,11140.84,True,False
Emergent_contradiction_dissipation_200b3d,Emergent_bounded_carefully_09c04f,0.7297415021534732,10291.25,11179.55,True,False
Emergent_contradiction_dissipation_200b3d,Emergent_beneficence_constraint_9c1b39,0.7255414328534733,10291.25,11220.47,True,False
Emergent_contradiction_dissipation_200b3d,Emergent_anticipation_bounded_2f7e1b,0.6904196763918679,10291.25,11355.8,True,False
Emergent_anticipation_constraint_db1de5,Emergent_carefully_coherence_2f0be8,0.7347984725481628,10306.91,10321.61,True,False
Emergent_anticipation_constraint_db1de5,Emergent_anticipation_autonomy_eda74a,0.7454546876868504,10306.91,10337.04,True,False
Emergent_anticipation_constraint_db1de5,Emergent_autonomy_bounded_72bafc,0.740323557273193,10306.91,10382.18,True,False
Emergent_anticipation_constraint_db1de5,Emergent_analogy_bounded_22d6a4,0.7512243632145724,10306.91,10398.01,True,False
Emergent_anticipation_constraint_db1de5,Emergent_bounded_clarity_5d9930,0.7462811691906833,10306.91,10411.02,True,False
Emergent_anticipation_constraint_db1de5,Emergent_bounded_clarity_ae2623,0.733903067685744,10306.91,10411.36,True,False
Emergent_anticipation_constraint_db1de5,Emergent_appears_asymmetry_630915,0.9292068250531895,10306.91,10427.49,True,False
Emergent_anticipation_constraint_db1de5,Emergent_bounded_clarity_9361e3,0.7431497135680636,10306.91,10443.03,True,False
Emergent_anticipation_constraint_db1de5,Emergent_anticipation_bounded_db424c,0.7338226653427473,10306.91,10443.37,True,False
Emergent_anticipation_constraint_db1de5,Emergent_anticipation_bounded_88e144,0.7294449969584706,10306.91,10507.19,True,False
Emergent_anticipation_constraint_db1de5,Emergent_bounded_cognition_b5890d,0.7316321913795601,10306.91,10507.53,True,False
Emergent_anticipation_constraint_db1de5,Emergent_clarity_dissipation_103dd9,0.750757538052766,10306.91,10523.21,True,False
Emergent_anticipation_constraint_db1de5,Emergent_clarity_dependency_45dcd9,0.7305151933023226,10306.91,10523.55,True,False
Emergent_anticipation_constraint_db1de5,Emergent_autonomy_carefully_dedeae,0.735122091594334,10306.91,10540.54,True,False
Emergent_anticipation_constraint_db1de5,Emergent_bounded_coherence_c0648b,0.7437519163318308,10306.91,10579.31,True,False
Emergent_anticipation_constraint_db1de5,Emergent_attention_beneficence_155439,0.7388840700240074,10306.91,10599.29,True,False
Emergent_anticipation_constraint_db1de5,Emergent_appears_asymmetry_0715f8,0.7164087579549815,10306.91,10619.28,True,False
Emergent_anticipation_constraint_db1de5,Emergent_attention_autonomy_110d93,0.7398942150952386,10306.91,10639.66,True,False
Emergent_anticipation_constraint_db1de5,Emergent_bounded_carefully_f79645,0.7468565090973656,10306.91,10678.0,True,False
Emergent_anticipation_constraint_db1de5,Emergent_anticipation_bounded_305c6e,0.7431404717447697,10306.91,10678.34,True,False
Emergent_anticipation_constraint_db1de5,Emergent_anticipation_appears_dac47e,0.7371973805306526,10306.91,10695.98,True,False
Emergent_anticipation_constraint_db1de5,Emergent_connection_constraint_3d7821,0.7321505960764411,10306.91,10714.9,True,False
Emergent_anticipation_constraint_db1de5,Emergent_anticipation_autonomy_cd3792,0.7442690344143642,10306.91,10734.43,True,False
Emergent_anticipation_constraint_db1de5,Emergent_autonomy_collective_4a8f61,0.7300960150373851,10306.91,10734.77,True,False
Emergent_anticipation_constraint_db1de5,Emergent_appears_asymmetry_41784a,0.7421851967775122,10306.91,10771.73,True,False
Emergent_anticipation_constraint_db1de5,Emergent_appears_asymmetry_8ccc17,0.7482011096848439,10306.91,10772.07,True,False
Emergent_anticipation_constraint_db1de5,Emergent_appears_asymmetry_1c5d82,0.7473889982688046,10306.91,10808.82,True,False
Emergent_anticipation_constraint_db1de5,Emergent_contradiction_emerges_fd4131,0.7281411688190049,10306.91,10826.61,True,False
Emergent_anticipation_constraint_db1de5,Emergent_contradiction_emerges_e19e6c,0.7500588166933403,10306.91,10826.95,True,False
Emergent_anticipation_constraint_db1de5,Emergent_anticipation_carefully_b72fad,0.7375454044057462,10306.91,10844.6,True,False
Emergent_anticipation_constraint_db1de5,Emergent_appears_asymmetry_7aac44,0.7477943759667763,10306.91,10862.27,True,False
Emergent_anticipation_constraint_db1de5,Emergent_autonomy_carefully_659b9f,0.7380856386100481,10306.91,10901.54,True,False
Emergent_anticipation_constraint_db1de5,Emergent_clarity_constraint_95d732,0.7468762462650957,10306.91,11017.74,True,False
Emergent_anticipation_constraint_db1de5,Emergent_constraint_dissipation_b28fdc,0.7271543393510846,10306.91,11036.22,True,False
Emergent_anticipation_constraint_db1de5,Emergent_bounded_connection_422d1b,0.740107398104779,10306.91,11054.16,True,False
Emergent_anticipation_constraint_db1de5,Emergent_appears_asymmetry_9e9e75,0.740894084633893,10306.91,11078.48,True,False
Emergent_anticipation_constraint_db1de5,Emergent_connection_constraint_2d4546,0.7300751512769086,10306.91,11140.84,True,False
Emergent_anticipation_constraint_db1de5,Emergent_bounded_carefully_09c04f,0.7520762513047378,10306.91,11179.55,True,False
Emergent_anticipation_constraint_db1de5,Emergent_beneficence_constraint_9c1b39,0.7355269584837816,10306.91,11220.47,True,False
Emergent_anticipation_constraint_db1de5,Emergent_anticipation_bounded_2f7e1b,0.6961858364558363,10306.91,11355.8,True,False
Emergent_carefully_coherence_2f0be8,Emergent_anticipation_autonomy_eda74a,0.7347984920639644,10321.61,10337.04,True,False
Emergent_carefully_coherence_2f0be8,Emergent_autonomy_bounded_72bafc,0.7347984428675741,10321.61,10382.18,True,False
Emergent_carefully_coherence_2f0be8,Emergent_analogy_bounded_22d6a4,0.7347985474280401,10321.61,10398.01,True,False
Emergent_carefully_coherence_2f0be8,Emergent_bounded_clarity_5d9930,0.7347985485199472,10321.61,10411.02,True,False
Emergent_carefully_coherence_2f0be8,Emergent_bounded_clarity_ae2623,0.733903067685744,10321.61,10411.36,True,False
Emergent_carefully_coherence_2f0be8,Emergent_appears_asymmetry_630915,0.9292068250531895,10321.61,10427.49,True,False
Emergent_carefully_coherence_2f0be8,Emergent_bounded_clarity_9361e3,0.7347985257904506,10321.61,10443.03,True,False
Emergent_carefully_coherence_2f0be8,Emergent_anticipation_bounded_db424c,0.7338226653427473,10321.61,10443.37,True,False
Emergent_carefully_coherence_2f0be8,Emergent_anticipation_bounded_88e144,0.7294449969584706,10321.61,10507.19,True,False
Emergent_carefully_coherence_2f0be8,Emergent_bounded_cognition_b5890d,0.7316321913795601,10321.61,10507.53,True,False
Emergent_carefully_coherence_2f0be8,Emergent_clarity_dissipation_103dd9,0.7347976062113354,10321.61,10523.21,True,False
Emergent_carefully_coherence_2f0be8,Emergent_clarity_dependency_45dcd9,0.7305151933023226,10321.61,10523.55,True,False
Emergent_carefully_coherence_2f0be8,Emergent_autonomy_carefully_dedeae,0.7347980067258351,10321.61,10540.54,True,False
Emergent_carefully_coherence_2f0be8,Emergent_bounded_coherence_c0648b,0.7347987257417539,10321.61,10579.31,True,False
Emergent_carefully_coherence_2f0be8,Emergent_attention_beneficence_155439,0.7347984938119421,10321.61,10599.29,True,False
Emergent_carefully_coherence_2f0be8,Emergent_appears_asymmetry_0715f8,0.7164087579549815,10321.61,10619.28,True,False
Emergent_carefully_coherence_2f0be8,Emergent_attention_autonomy_110d93,0.7347975747197745,10321.61,10639.66,True,False
Emergent_carefully_coherence_2f0be8,Emergent_bounded_carefully_f79645,0.7347999385342406,10321.61,10678.0,True,False
Emergent_carefully_coherence_2f0be8,Emergent_anticipation_bounded_305c6e,0.7347999385342406,10321.61,10678.34,True,False
Emergent_carefully_coherence_2f0be8,Emergent_anticipation_appears_dac47e,0.7347985585746309,10321.61,10695.98,True,False
Emergent_carefully_coherence_2f0be8,Emergent_connection_constraint_3d7821,0.7321505960764411,10321.61,10714.9,True,False
Emergent_carefully_coherence_2f0be8,Emergent_anticipation_autonomy_cd3792,0.7347586217726101,10321.61,10734.43,True,False
Emergent_carefully_coherence_2f0be8,Emergent_autonomy_collective_4a8f61,0.7300960150373851,10321.61,10734.77,True,False
Emergent_carefully_coherence_2f0be8,Emergent_appears_asymmetry_41784a,0.7347893141366664,10321.61,10771.73,True,False
Emergent_carefully_coherence_2f0be8,Emergent_appears_asymmetry_8ccc17,0.7347897007096283,10321.61,10772.07,True,False
Emergent_carefully_coherence_2f0be8,Emergent_appears_asymmetry_1c5d82,0.734797150589573,10321.61,10808.82,True,False
Emergent_carefully_coherence_2f0be8,Emergent_contradiction_emerges_fd4131,0.7281411688190049,10321.61,10826.61,True,False
Emergent_carefully_coherence_2f0be8,Emergent_contradiction_emerges_e19e6c,0.7347815113053786,10321.61,10826.95,True,False
Emergent_carefully_coherence_2f0be8,Emergent_anticipation_carefully_b72fad,0.734783466215903,10321.61,10844.6,True,False
Emergent_carefully_coherence_2f0be8,Emergent_appears_asymmetry_7aac44,0.7347854211264272,10321.61,10862.27,True,False
Emergent_carefully_coherence_2f0be8,Emergent_autonomy_carefully_659b9f,0.7347447270706154,10321.61,10901.54,True,False
Emergent_carefully_coherence_2f0be8,Emergent_clarity_constraint_95d732,0.7330099164222754,10321.61,11017.74,True,False
Emergent_carefully_coherence_2f0be8,Emergent_constraint_dissipation_b28fdc,0.7271543393510846,10321.61,11036.22,True,False
Emergent_carefully_coherence_2f0be8,Emergent_bounded_connection_422d1b,0.7343284253755066,10321.61,11054.16,True,False
Emergent_carefully_coherence_2f0be8,Emergent_appears_asymmetry_9e9e75,0.7351322068825576,10321.61,11078.48,True,False
Emergent_carefully_coherence_2f0be8,Emergent_connection_constraint_2d4546,0.7245945118534207,10321.61,11140.84,True,False
Emergent_carefully_coherence_2f0be8,Emergent_bounded_carefully_09c04f,0.7360841998397795,10321.61,11179.55,True,False
Emergent_carefully_coherence_2f0be8,Emergent_beneficence_constraint_9c1b39,0.7318841305397794,10321.61,11220.47,True,False
Emergent_carefully_coherence_2f0be8,Emergent_anticipation_bounded_2f7e1b,0.6922558581849271,10321.61,11355.8,True,False
Emergent_anticipation_autonomy_eda74a,Emergent_autonomy_bounded_72bafc,0.740323557273193,10337.04,10382.18,True,False
Emergent_anticipation_autonomy_eda74a,Emergent_analogy_bounded_22d6a4,0.7454547386921759,10337.04,10398.01,True,False
Emergent_anticipation_autonomy_eda74a,Emergent_bounded_clarity_5d9930,0.7454547397840832,10337.04,10411.02,True,False
Emergent_anticipation_autonomy_eda74a,Emergent_bounded_clarity_ae2623,0.733903067685744,10337.04,10411.36,True,False
Emergent_anticipation_autonomy_eda74a,Emergent_appears_asymmetry_630915,0.9292068250531895,10337.04,10427.49,True,False
Emergent_anticipation_autonomy_eda74a,Emergent_bounded_clarity_9361e3,0.7431497135680636,10337.04,10443.03,True,False
Emergent_anticipation_autonomy_eda74a,Emergent_anticipation_bounded_db424c,0.7338226653427473,10337.04,10443.37,True,False
Emergent_anticipation_autonomy_eda74a,Emergent_anticipation_bounded_88e144,0.7294449969584706,10337.04,10507.19,True,False
Emergent_anticipation_autonomy_eda74a,Emergent_bounded_cognition_b5890d,0.7316321913795601,10337.04,10507.53,True,False
Emergent_anticipation_autonomy_eda74a,Emergent_clarity_dissipation_103dd9,0.7454537948556768,10337.04,10523.21,True,False
Emergent_anticipation_autonomy_eda74a,Emergent_clarity_dependency_45dcd9,0.7305151933023226,10337.04,10523.55,True,False
Emergent_anticipation_autonomy_eda74a,Emergent_autonomy_carefully_dedeae,0.735122091594334,10337.04,10540.54,True,False
Emergent_anticipation_autonomy_eda74a,Emergent_bounded_coherence_c0648b,0.7437519163318308,10337.04,10579.31,True,False
Emergent_anticipation_autonomy_eda74a,Emergent_attention_beneficence_155439,0.7388840700240074,10337.04,10599.29,True,False
Emergent_anticipation_autonomy_eda74a,Emergent_appears_asymmetry_0715f8,0.7164087579549815,10337.04,10619.28,True,False
Emergent_anticipation_autonomy_eda74a,Emergent_attention_autonomy_110d93,0.7398942150952386,10337.04,10639.66,True,False
Emergent_anticipation_autonomy_eda74a,Emergent_bounded_carefully_f79645,0.7454559419175346,10337.04,10678.0,True,False
Emergent_anticipation_autonomy_eda74a,Emergent_anticipation_bounded_305c6e,0.7431404717447697,10337.04,10678.34,True,False
Emergent_anticipation_autonomy_eda74a,Emergent_anticipation_appears_dac47e,0.7371973805306526,10337.04,10695.98,True,False
Emergent_anticipation_autonomy_eda74a,Emergent_connection_constraint_3d7821,0.7321505960764411,10337.04,10714.9,True,False
Emergent_anticipation_autonomy_eda74a,Emergent_anticipation_autonomy_cd3792,0.7442690344143642,10337.04,10734.43,True,False
Emergent_anticipation_autonomy_eda74a,Emergent_autonomy_collective_4a8f61,0.7300960150373851,10337.04,10734.77,True,False
Emergent_anticipation_autonomy_eda74a,Emergent_appears_asymmetry_41784a,0.7421851967775122,10337.04,10771.73,True,False
Emergent_anticipation_autonomy_eda74a,Emergent_appears_asymmetry_8ccc17,0.7454482112115499,10337.04,10772.07,True,False
Emergent_anticipation_autonomy_eda74a,Emergent_appears_asymmetry_1c5d82,0.7454508973533689,10337.04,10808.82,True,False
Emergent_anticipation_autonomy_eda74a,Emergent_contradiction_emerges_fd4131,0.7281411688190049,10337.04,10826.61,True,False
Emergent_anticipation_autonomy_eda74a,Emergent_contradiction_emerges_e19e6c,0.7454352580691745,10337.04,10826.95,True,False
Emergent_anticipation_autonomy_eda74a,Emergent_anticipation_carefully_b72fad,0.7375454044057462,10337.04,10844.6,True,False
Emergent_anticipation_autonomy_eda74a,Emergent_appears_asymmetry_7aac44,0.7454391678902232,10337.04,10862.27,True,False
Emergent_anticipation_autonomy_eda74a,Emergent_autonomy_carefully_659b9f,0.7380856386100481,10337.04,10901.54,True,False
Emergent_anticipation_autonomy_eda74a,Emergent_clarity_constraint_95d732,0.7436718068987116,10337.04,11017.74,True,False
Emergent_anticipation_autonomy_eda74a,Emergent_constraint_dissipation_b28fdc,0.7271543393510846,10337.04,11036.22,True,False
Emergent_anticipation_autonomy_eda74a,Emergent_bounded_connection_422d1b,0.740107398104779,10337.04,11054.16,True,False
Emergent_anticipation_autonomy_eda74a,Emergent_appears_asymmetry_9e9e75,0.740894084633893,10337.04,11078.48,True,False
Emergent_anticipation_autonomy_eda74a,Emergent_connection_constraint_2d4546,0.7300751512769086,10337.04,11140.84,True,False
Emergent_anticipation_autonomy_eda74a,Emergent_bounded_carefully_09c04f,0.7464020365273194,10337.04,11179.55,True,False
Emergent_anticipation_autonomy_eda74a,Emergent_beneficence_constraint_9c1b39,0.7355269584837816,10337.04,11220.47,True,False
Emergent_anticipation_autonomy_eda74a,Emergent_anticipation_bounded_2f7e1b,0.6952428244264875,10337.04,11355.8,True,False
Emergent_autonomy_bounded_72bafc,Emergent_analogy_bounded_22d6a4,0.7403236454418125,10382.18,10398.01,True,False
Emergent_autonomy_bounded_72bafc,Emergent_bounded_clarity_5d9930,0.7403236465337196,10382.18,10411.02,True,False
Emergent_autonomy_bounded_72bafc,Emergent_bounded_clarity_ae2623,0.7339030520400861,10382.18,10411.36,True,False
Emergent_autonomy_bounded_72bafc,Emergent_appears_asymmetry_630915,0.9292068250531895,10382.18,10427.49,True,False
Emergent_autonomy_bounded_72bafc,Emergent_bounded_clarity_9361e3,0.7403236394498809,10382.18,10443.03,True,False
Emergent_autonomy_bounded_72bafc,Emergent_anticipation_bounded_db424c,0.7338226653427473,10382.18,10443.37,True,False
Emergent_autonomy_bounded_72bafc,Emergent_anticipation_bounded_88e144,0.7294449969584706,10382.18,10507.19,True,False
Emergent_autonomy_bounded_72bafc,Emergent_bounded_cognition_b5890d,0.7316321913795601,10382.18,10507.53,True,False
Emergent_autonomy_bounded_72bafc,Emergent_clarity_dissipation_103dd9,0.7403227185157956,10382.18,10523.21,True,False
Emergent_autonomy_bounded_72bafc,Emergent_clarity_dependency_45dcd9,0.7305151933023226,10382.18,10523.55,True,False
Emergent_autonomy_bounded_72bafc,Emergent_autonomy_carefully_dedeae,0.735122091594334,10382.18,10540.54,True,False
Emergent_autonomy_bounded_72bafc,Emergent_bounded_coherence_c0648b,0.7403238134538809,10382.18,10579.31,True,False
Emergent_autonomy_bounded_72bafc,Emergent_attention_beneficence_155439,0.7388840700240074,10382.18,10599.29,True,False
Emergent_autonomy_bounded_72bafc,Emergent_appears_asymmetry_0715f8,0.7164087579549815,10382.18,10619.28,True,False
Emergent_autonomy_bounded_72bafc,Emergent_attention_autonomy_110d93,0.7398942150952386,10382.18,10639.66,True,False
Emergent_autonomy_bounded_72bafc,Emergent_bounded_carefully_f79645,0.7403249550208166,10382.18,10678.0,True,False
Emergent_autonomy_bounded_72bafc,Emergent_anticipation_bounded_305c6e,0.7403249550208166,10382.18,10678.34,True,False
Emergent_autonomy_bounded_72bafc,Emergent_anticipation_appears_dac47e,0.7371973805306526,10382.18,10695.98,True,False
Emergent_autonomy_bounded_72bafc,Emergent_connection_constraint_3d7821,0.7321505960764411,10382.18,10714.9,True,False
Emergent_autonomy_bounded_72bafc,Emergent_anticipation_autonomy_cd3792,0.7402841637319659,10382.18,10734.43,True,False
Emergent_autonomy_bounded_72bafc,Emergent_autonomy_collective_4a8f61,0.7300960150373851,10382.18,10734.77,True,False
Emergent_autonomy_bounded_72bafc,Emergent_appears_asymmetry_41784a,0.7403156177240056,10382.18,10771.73,True,False
Emergent_autonomy_bounded_72bafc,Emergent_appears_asymmetry_8ccc17,0.7403160138897374,10382.18,10772.07,True,False
Emergent_autonomy_bounded_72bafc,Emergent_appears_asymmetry_1c5d82,0.7403209999419429,10382.18,10808.82,True,False
Emergent_autonomy_bounded_72bafc,Emergent_contradiction_emerges_fd4131,0.7281411688190049,10382.18,10826.61,True,False
Emergent_autonomy_bounded_72bafc,Emergent_contradiction_emerges_e19e6c,0.7403053606577484,10382.18,10826.95,True,False
Emergent_autonomy_bounded_72bafc,Emergent_anticipation_carefully_b72fad,0.7375454044057462,10382.18,10844.6,True,False
Emergent_autonomy_bounded_72bafc,Emergent_appears_asymmetry_7aac44,0.740309270478797,10382.18,10862.27,True,False
Emergent_autonomy_bounded_72bafc,Emergent_autonomy_carefully_659b9f,0.7380856386100481,10382.18,10901.54,True,False
Emergent_autonomy_bounded_72bafc,Emergent_clarity_constraint_95d732,0.7385379777410829,10382.18,11017.74,True,False
Emergent_autonomy_bounded_72bafc,Emergent_constraint_dissipation_b28fdc,0.7271543393510846,10382.18,11036.22,True,False
Emergent_autonomy_bounded_72bafc,Emergent_bounded_connection_422d1b,0.7398892053637898,10382.18,11054.16,True,False
Emergent_autonomy_bounded_72bafc,Emergent_appears_asymmetry_9e9e75,0.7406119523980856,10382.18,11078.48,True,False
Emergent_autonomy_bounded_72bafc,Emergent_connection_constraint_2d4546,0.7300487016492142,10382.18,11140.84,True,False
Emergent_autonomy_bounded_72bafc,Emergent_bounded_carefully_09c04f,0.7414206334490947,10382.18,11179.55,True,False
Emergent_autonomy_bounded_72bafc,Emergent_beneficence_constraint_9c1b39,0.7355269584837816,10382.18,11220.47,True,False
Emergent_autonomy_bounded_72bafc,Emergent_anticipation_bounded_2f7e1b,0.6938007311582125,10382.18,11355.8,True,False
Emergent_analogy_bounded_22d6a4,Emergent_bounded_clarity_5d9930,0.7462811462606325,10398.01,10411.02,True,False
Emergent_analogy_bounded_22d6a4,Emergent_bounded_clarity_ae2623,0.733903044755693,10398.01,10411.36,True,False
Emergent_analogy_bounded_22d6a4,Emergent_appears_asymmetry_630915,0.9292068250531895,10398.01,10427.49,True,False
Emergent_analogy_bounded_22d6a4,Emergent_bounded_clarity_9361e3,0.7431497135680636,10398.01,10443.03,True,False
Emergent_analogy_bounded_22d6a4,Emergent_anticipation_bounded_db424c,0.7338226653427473,10398.01,10443.37,True,False
Emergent_analogy_bounded_22d6a4,Emergent_anticipation_bounded_88e144,0.7294449969584706,10398.01,10507.19,True,False
Emergent_analogy_bounded_22d6a4,Emergent_bounded_cognition_b5890d,0.7316321913795601,10398.01,10507.53,True,False
Emergent_analogy_bounded_22d6a4,Emergent_clarity_dissipation_103dd9,0.750757538052766,10398.01,10523.21,True,False
Emergent_analogy_bounded_22d6a4,Emergent_clarity_dependency_45dcd9,0.7305151933023226,10398.01,10523.55,True,False
Emergent_analogy_bounded_22d6a4,Emergent_autonomy_carefully_dedeae,0.735122091594334,10398.01,10540.54,True,False
Emergent_analogy_bounded_22d6a4,Emergent_bounded_coherence_c0648b,0.7437519163318308,10398.01,10579.31,True,False
Emergent_analogy_bounded_22d6a4,Emergent_attention_beneficence_155439,0.7388840700240074,10398.01,10599.29,True,False
Emergent_analogy_bounded_22d6a4,Emergent_appears_asymmetry_0715f8,0.7164087579549815,10398.01,10619.28,True,False
Emergent_analogy_bounded_22d6a4,Emergent_attention_autonomy_110d93,0.7398942150952386,10398.01,10639.66,True,False
Emergent_analogy_bounded_22d6a4,Emergent_bounded_carefully_f79645,0.7468565090973656,10398.01,10678.0,True,False
Emergent_analogy_bounded_22d6a4,Emergent_anticipation_bounded_305c6e,0.7431404717447697,10398.01,10678.34,True,False
Emergent_analogy_bounded_22d6a4,Emergent_anticipation_appears_dac47e,0.7371973805306526,10398.01,10695.98,True,False
Emergent_analogy_bounded_22d6a4,Emergent_connection_constraint_3d7821,0.7321505960764411,10398.01,10714.9,True,False
Emergent_analogy_bounded_22d6a4,Emergent_anticipation_autonomy_cd3792,0.7442690344143642,10398.01,10734.43,True,False
Emergent_analogy_bounded_22d6a4,Emergent_autonomy_collective_4a8f61,0.7300960150373851,10398.01,10734.77,True,False
Emergent_analogy_bounded_22d6a4,Emergent_appears_asymmetry_41784a,0.7421851967775122,10398.01,10771.73,True,False
Emergent_analogy_bounded_22d6a4,Emergent_appears_asymmetry_8ccc17,0.7482011096848439,10398.01,10772.07,True,False
Emergent_analogy_bounded_22d6a4,Emergent_appears_asymmetry_1c5d82,0.7473889982688046,10398.01,10808.82,True,False
Emergent_analogy_bounded_22d6a4,Emergent_contradiction_emerges_fd4131,0.7281411688190049,10398.01,10826.61,True,False
Emergent_analogy_bounded_22d6a4,Emergent_contradiction_emerges_e19e6c,0.7500588166933403,10398.01,10826.95,True,False
Emergent_analogy_bounded_22d6a4,Emergent_anticipation_carefully_b72fad,0.7375454044057462,10398.01,10844.6,True,False
Emergent_analogy_bounded_22d6a4,Emergent_appears_asymmetry_7aac44,0.7477943759667763,10398.01,10862.27,True,False
Emergent_analogy_bounded_22d6a4,Emergent_autonomy_carefully_659b9f,0.7380856386100481,10398.01,10901.54,True,False
Emergent_analogy_bounded_22d6a4,Emergent_clarity_constraint_95d732,0.7468762462650957,10398.01,11017.74,True,False
Emergent_analogy_bounded_22d6a4,Emergent_constraint_dissipation_b28fdc,0.7271543393510846,10398.01,11036.22,True,False
Emergent_analogy_bounded_22d6a4,Emergent_bounded_connection_422d1b,0.740107398104779,10398.01,11054.16,True,False
Emergent_analogy_bounded_22d6a4,Emergent_appears_asymmetry_9e9e75,0.740894084633893,10398.01,11078.48,True,False
Emergent_analogy_bounded_22d6a4,Emergent_connection_constraint_2d4546,0.7300751512769086,10398.01,11140.84,True,False
Emergent_analogy_bounded_22d6a4,Emergent_bounded_carefully_09c04f,0.7529441649211985,10398.01,11179.55,True,False
Emergent_analogy_bounded_22d6a4,Emergent_beneficence_constraint_9c1b39,0.7355269584837816,10398.01,11220.47,True,False
Emergent_analogy_bounded_22d6a4,Emergent_anticipation_bounded_2f7e1b,0.6961858364558363,10398.01,11355.8,True,False
Emergent_bounded_clarity_5d9930,Emergent_bounded_clarity_ae2623,0.7339030458476002,10411.02,10411.36,True,False
Emergent_bounded_clarity_5d9930,Emergent_appears_asymmetry_630915,0.9292068250531895,10411.02,10427.49,True,False
Emergent_bounded_clarity_5d9930,Emergent_bounded_clarity_9361e3,0.7431497135680636,10411.02,10443.03,True,False
Emergent_bounded_clarity_5d9930,Emergent_anticipation_bounded_db424c,0.7338226653427473,10411.02,10443.37,True,False
Emergent_bounded_clarity_5d9930,Emergent_anticipation_bounded_88e144,0.7294449969584706,10411.02,10507.19,True,False
Emergent_bounded_clarity_5d9930,Emergent_bounded_cognition_b5890d,0.7316321913795601,10411.02,10507.53,True,False
Emergent_bounded_clarity_5d9930,Emergent_clarity_dissipation_103dd9,0.7462802240559089,10411.02,10523.21,True,False
Emergent_bounded_clarity_5d9930,Emergent_clarity_dependency_45dcd9,0.7305151933023226,10411.02,10523.55,True,False
Emergent_bounded_clarity_5d9930,Emergent_autonomy_carefully_dedeae,0.735122091594334,10411.02,10540.54,True,False
Emergent_bounded_clarity_5d9930,Emergent_bounded_coherence_c0648b,0.7437519163318308,10411.02,10579.31,True,False
Emergent_bounded_clarity_5d9930,Emergent_attention_beneficence_155439,0.7388840700240074,10411.02,10599.29,True,False
Emergent_bounded_clarity_5d9930,Emergent_appears_asymmetry_0715f8,0.7164087579549815,10411.02,10619.28,True,False
Emergent_bounded_clarity_5d9930,Emergent_attention_autonomy_110d93,0.7398942150952386,10411.02,10639.66,True,False
Emergent_bounded_clarity_5d9930,Emergent_bounded_carefully_f79645,0.7462823565242671,10411.02,10678.0,True,False
Emergent_bounded_clarity_5d9930,Emergent_anticipation_bounded_305c6e,0.7431404717447697,10411.02,10678.34,True,False
Emergent_bounded_clarity_5d9930,Emergent_anticipation_appears_dac47e,0.7371973805306526,10411.02,10695.98,True,False
Emergent_bounded_clarity_5d9930,Emergent_connection_constraint_3d7821,0.7321505960764411,10411.02,10714.9,True,False
Emergent_bounded_clarity_5d9930,Emergent_anticipation_autonomy_cd3792,0.7442690344143642,10411.02,10734.43,True,False
Emergent_bounded_clarity_5d9930,Emergent_autonomy_collective_4a8f61,0.7300960150373851,10411.02,10734.77,True,False
Emergent_bounded_clarity_5d9930,Emergent_appears_asymmetry_41784a,0.7421851967775122,10411.02,10771.73,True,False
Emergent_bounded_clarity_5d9930,Emergent_appears_asymmetry_8ccc17,0.7462748233106046,10411.02,10772.07,True,False
Emergent_bounded_clarity_5d9930,Emergent_appears_asymmetry_1c5d82,0.7462771342002543,10411.02,10808.82,True,False
Emergent_bounded_clarity_5d9930,Emergent_contradiction_emerges_fd4131,0.7281411688190049,10411.02,10826.61,True,False
Emergent_bounded_clarity_5d9930,Emergent_contradiction_emerges_e19e6c,0.7462614949160599,10411.02,10826.95,True,False
Emergent_bounded_clarity_5d9930,Emergent_anticipation_carefully_b72fad,0.7375454044057462,10411.02,10844.6,True,False
Emergent_bounded_clarity_5d9930,Emergent_appears_asymmetry_7aac44,0.7462654047371086,10411.02,10862.27,True,False
Emergent_bounded_clarity_5d9930,Emergent_autonomy_carefully_659b9f,0.7380856386100481,10411.02,10901.54,True,False
Emergent_bounded_clarity_5d9930,Emergent_clarity_constraint_95d732,0.7444986852472397,10411.02,11017.74,True,False
Emergent_bounded_clarity_5d9930,Emergent_constraint_dissipation_b28fdc,0.7271543393510846,10411.02,11036.22,True,False
Emergent_bounded_clarity_5d9930,Emergent_bounded_connection_422d1b,0.740107398104779,10411.02,11054.16,True,False
Emergent_bounded_clarity_5d9930,Emergent_appears_asymmetry_9e9e75,0.740894084633893,10411.02,11078.48,True,False
Emergent_bounded_clarity_5d9930,Emergent_connection_constraint_2d4546,0.7300751512769086,10411.02,11140.84,True,False
Emergent_bounded_clarity_5d9930,Emergent_bounded_carefully_09c04f,0.7472147996340383,10411.02,11179.55,True,False
Emergent_bounded_clarity_5d9930,Emergent_beneficence_constraint_9c1b39,0.7355269584837816,10411.02,11220.47,True,False
Emergent_bounded_clarity_5d9930,Emergent_anticipation_bounded_2f7e1b,0.6954781156057991,10411.02,11355.8,True,False
Emergent_bounded_clarity_ae2623,Emergent_appears_asymmetry_630915,0.9292068250531895,10411.36,10427.49,True,False
Emergent_bounded_clarity_ae2623,Emergent_bounded_clarity_9361e3,0.7339030449562475,10411.36,10443.03,True,False
Emergent_bounded_clarity_ae2623,Emergent_anticipation_bounded_db424c,0.7338226653427473,10411.36,10443.37,True,False
Emergent_bounded_clarity_ae2623,Emergent_anticipation_bounded_88e144,0.7294449969584706,10411.36,10507.19,True,False
Emergent_bounded_clarity_ae2623,Emergent_bounded_cognition_b5890d,0.7316321913795601,10411.36,10507.53,True,False
Emergent_bounded_clarity_ae2623,Emergent_clarity_dissipation_103dd9,0.7339021255967381,10411.36,10523.21,True,False
Emergent_bounded_clarity_ae2623,Emergent_clarity_dependency_45dcd9,0.7305151933023226,10411.36,10523.55,True,False
Emergent_bounded_clarity_ae2623,Emergent_autonomy_carefully_dedeae,0.733902524451066,10411.36,10540.54,True,False
Emergent_bounded_clarity_ae2623,Emergent_bounded_coherence_c0648b,0.7339032491129502,10411.36,10579.31,True,False
Emergent_bounded_clarity_ae2623,Emergent_attention_beneficence_155439,0.7339030171831388,10411.36,10599.29,True,False
Emergent_bounded_clarity_ae2623,Emergent_appears_asymmetry_0715f8,0.7164087579549815,10411.36,10619.28,True,False
Emergent_bounded_clarity_ae2623,Emergent_attention_autonomy_110d93,0.7339020985512245,10411.36,10639.66,True,False
Emergent_bounded_clarity_ae2623,Emergent_bounded_carefully_f79645,0.7339044734492931,10411.36,10678.0,True,False
Emergent_bounded_clarity_ae2623,Emergent_anticipation_bounded_305c6e,0.7339044734492931,10411.36,10678.34,True,False
Emergent_bounded_clarity_ae2623,Emergent_anticipation_appears_dac47e,0.7339030934896834,10411.36,10695.98,True,False
Emergent_bounded_clarity_ae2623,Emergent_connection_constraint_3d7821,0.7321505960764411,10411.36,10714.9,True,False
Emergent_bounded_clarity_ae2623,Emergent_anticipation_autonomy_cd3792,0.7338630715218484,10411.36,10734.43,True,False
Emergent_bounded_clarity_ae2623,Emergent_autonomy_collective_4a8f61,0.7300960150373851,10411.36,10734.77,True,False
Emergent_bounded_clarity_ae2623,Emergent_appears_asymmetry_41784a,0.7338936404453197,10411.36,10771.73,True,False
Emergent_bounded_clarity_ae2623,Emergent_appears_asymmetry_8ccc17,0.733894025463537,10411.36,10772.07,True,False
Emergent_bounded_clarity_ae2623,Emergent_appears_asymmetry_1c5d82,0.7339018746674875,10411.36,10808.82,True,False
Emergent_bounded_clarity_ae2623,Emergent_contradiction_emerges_fd4131,0.7281411688190049,10411.36,10826.61,True,False
Emergent_bounded_clarity_ae2623,Emergent_contradiction_emerges_e19e6c,0.7338862353832931,10411.36,10826.95,True,False
Emergent_bounded_clarity_ae2623,Emergent_anticipation_carefully_b72fad,0.7338881902938174,10411.36,10844.6,True,False
Emergent_bounded_clarity_ae2623,Emergent_appears_asymmetry_7aac44,0.7338901452043417,10411.36,10862.27,True,False
Emergent_bounded_clarity_ae2623,Emergent_autonomy_carefully_659b9f,0.73384945114853,10411.36,10901.54,True,False
Emergent_bounded_clarity_ae2623,Emergent_clarity_constraint_95d732,0.7321139578472254,10411.36,11017.74,True,False
Emergent_bounded_clarity_ae2623,Emergent_constraint_dissipation_b28fdc,0.7271543393510846,10411.36,11036.22,True,False
Emergent_bounded_clarity_ae2623,Emergent_bounded_connection_422d1b,0.7334271639337208,10411.36,11054.16,True,False
Emergent_bounded_clarity_ae2623,Emergent_appears_asymmetry_9e9e75,0.7342440790741657,10411.36,11078.48,True,False
Emergent_bounded_clarity_ae2623,Emergent_connection_constraint_2d4546,0.7237105259792289,10411.36,11140.84,True,False
Emergent_bounded_clarity_ae2623,Emergent_bounded_carefully_09c04f,0.7352192992576921,10411.36,11179.55,True,False
Emergent_bounded_clarity_ae2623,Emergent_beneficence_constraint_9c1b39,0.7310192299576921,10411.36,11220.47,True,False
Emergent_bounded_clarity_ae2623,Emergent_anticipation_bounded_2f7e1b,0.6920054734464168,10411.36,11355.8,True,False
Emergent_appears_asymmetry_630915,Emergent_bounded_clarity_9361e3,0.9292068059527723,10427.49,10443.03,True,False
Emergent_appears_asymmetry_630915,Emergent_anticipation_bounded_db424c,0.9292068059527723,10427.49,10443.37,True,False
Emergent_appears_asymmetry_630915,Emergent_anticipation_bounded_88e144,0.9292054801710063,10427.49,10507.19,True,False
Emergent_appears_asymmetry_630915,Emergent_bounded_cognition_b5890d,0.9292054815416912,10427.49,10507.53,True,False
Emergent_appears_asymmetry_630915,Emergent_clarity_dissipation_103dd9,0.9292055010089375,10427.49,10523.21,True,False
Emergent_appears_asymmetry_630915,Emergent_clarity_dependency_45dcd9,0.9292054882461465,10427.49,10523.55,True,False
Emergent_appears_asymmetry_630915,Emergent_autonomy_carefully_dedeae,0.9292060070954951,10427.49,10540.54,True,False
Emergent_appears_asymmetry_630915,Emergent_bounded_coherence_c0648b,0.9292072589778944,10427.49,10579.31,True,False
Emergent_appears_asymmetry_630915,Emergent_attention_beneficence_155439,0.929206927649592,10427.49,10599.29,True,False
Emergent_appears_asymmetry_630915,Emergent_appears_asymmetry_0715f8,0.929206454323446,10427.49,10619.28,True,False
Emergent_appears_asymmetry_630915,Emergent_attention_autonomy_110d93,0.9292056329794594,10427.49,10639.66,True,False
Emergent_appears_asymmetry_630915,Emergent_bounded_carefully_f79645,0.9292094509991156,10427.49,10678.0,True,False
Emergent_appears_asymmetry_630915,Emergent_anticipation_bounded_305c6e,0.9292094509991156,10427.49,10678.34,True,False
Emergent_appears_asymmetry_630915,Emergent_anticipation_appears_dac47e,0.9292074796282448,10427.49,10695.98,True,False
Emergent_appears_asymmetry_630915,Emergent_connection_constraint_3d7821,0.9292039890025936,10427.49,10714.9,True,False
Emergent_appears_asymmetry_630915,Emergent_anticipation_autonomy_cd3792,0.9291470373434123,10427.49,10734.43,True,False
Emergent_appears_asymmetry_630915,Emergent_autonomy_collective_4a8f61,0.9291462476520089,10427.49,10734.77,True,False
Emergent_appears_asymmetry_630915,Emergent_appears_asymmetry_41784a,0.9291859704814514,10427.49,10771.73,True,False
Emergent_appears_asymmetry_630915,Emergent_appears_asymmetry_8ccc17,0.9291864608476696,10427.49,10772.07,True,False
Emergent_appears_asymmetry_630915,Emergent_appears_asymmetry_1c5d82,0.9292129971497189,10427.49,10808.82,True,False
Emergent_appears_asymmetry_630915,Emergent_contradiction_emerges_fd4131,0.9291906553151557,10427.49,10826.61,True,False
Emergent_appears_asymmetry_630915,Emergent_contradiction_emerges_e19e6c,0.9291906553151557,10427.49,10826.95,True,False
Emergent_appears_asymmetry_630915,Emergent_anticipation_carefully_b72fad,0.9291934480444761,10427.49,10844.6,True,False
Emergent_appears_asymmetry_630915,Emergent_appears_asymmetry_7aac44,0.9291962407737966,10427.49,10862.27,True,False
Emergent_appears_asymmetry_630915,Emergent_autonomy_carefully_659b9f,0.9291381064083513,10427.49,10901.54,True,False
Emergent_appears_asymmetry_630915,Emergent_clarity_constraint_95d732,0.9266326350035325,10427.49,11017.74,True,False
Emergent_appears_asymmetry_630915,Emergent_constraint_dissipation_b28fdc,0.9266188523237748,10427.49,11036.22,True,False
Emergent_appears_asymmetry_630915,Emergent_bounded_connection_422d1b,0.9283051582079189,10427.49,11054.16,True,False
Emergent_appears_asymmetry_630915,Emergent_appears_asymmetry_9e9e75,0.9299761532476865,10427.49,11078.48,True,False
Emergent_appears_asymmetry_630915,Emergent_connection_constraint_2d4546,0.9150871575910415,10427.49,11140.84,True,False
Emergent_appears_asymmetry_630915,Emergent_bounded_carefully_09c04f,0.9322606170970975,10427.49,11179.55,True,False
Emergent_appears_asymmetry_630915,Emergent_beneficence_constraint_9c1b39,0.9262605180970975,10427.49,11220.47,True,False
Emergent_appears_asymmetry_630915,Emergent_anticipation_bounded_2f7e1b,0.9,10427.49,11355.8,True,False
Emergent_bounded_clarity_9361e3,Emergent_anticipation_bounded_db424c,0.7338226207751071,10443.03,10443.37,True,False
Emergent_bounded_clarity_9361e3,Emergent_anticipation_bounded_88e144,0.7294449969584706,10443.03,10507.19,True,False
Emergent_bounded_clarity_9361e3,Emergent_bounded_cognition_b5890d,0.7316321913795601,10443.03,10507.53,True,False
Emergent_bounded_clarity_9361e3,Emergent_clarity_dissipation_103dd9,0.7431487919409164,10443.03,10523.21,True,False
Emergent_bounded_clarity_9361e3,Emergent_clarity_dependency_45dcd9,0.7305151933023226,10443.03,10523.55,True,False
Emergent_bounded_clarity_9361e3,Emergent_autonomy_carefully_dedeae,0.735122091594334,10443.03,10540.54,True,False
Emergent_bounded_clarity_9361e3,Emergent_bounded_coherence_c0648b,0.7431498743001193,10443.03,10579.31,True,False
Emergent_bounded_clarity_9361e3,Emergent_attention_beneficence_155439,0.7388840700240074,10443.03,10599.29,True,False
Emergent_bounded_clarity_9361e3,Emergent_appears_asymmetry_0715f8,0.7164087579549815,10443.03,10619.28,True,False
Emergent_bounded_clarity_9361e3,Emergent_attention_autonomy_110d93,0.7398942150952386,10443.03,10639.66,True,False
Emergent_bounded_clarity_9361e3,Emergent_bounded_carefully_f79645,0.743150979435463,10443.03,10678.0,True,False
Emergent_bounded_clarity_9361e3,Emergent_anticipation_bounded_305c6e,0.7431404717447697,10443.03,10678.34,True,False
Emergent_bounded_clarity_9361e3,Emergent_anticipation_appears_dac47e,0.7371973805306526,10443.03,10695.98,True,False
Emergent_bounded_clarity_9361e3,Emergent_connection_constraint_3d7821,0.7321505960764411,10443.03,10714.9,True,False
Emergent_bounded_clarity_9361e3,Emergent_anticipation_autonomy_cd3792,0.7431104569238925,10443.03,10734.43,True,False
Emergent_bounded_clarity_9361e3,Emergent_autonomy_collective_4a8f61,0.7300960150373851,10443.03,10734.77,True,False
Emergent_bounded_clarity_9361e3,Emergent_appears_asymmetry_41784a,0.7421851967775122,10443.03,10771.73,True,False
Emergent_bounded_clarity_9361e3,Emergent_appears_asymmetry_8ccc17,0.7431427015580757,10443.03,10772.07,True,False
Emergent_bounded_clarity_9361e3,Emergent_appears_asymmetry_1c5d82,0.7431464273719883,10443.03,10808.82,True,False
Emergent_bounded_clarity_9361e3,Emergent_contradiction_emerges_fd4131,0.7281411688190049,10443.03,10826.61,True,False
Emergent_bounded_clarity_9361e3,Emergent_contradiction_emerges_e19e6c,0.743130788087794,10443.03,10826.95,True,False
Emergent_bounded_clarity_9361e3,Emergent_anticipation_carefully_b72fad,0.7375454044057462,10443.03,10844.6,True,False
Emergent_bounded_clarity_9361e3,Emergent_appears_asymmetry_7aac44,0.7431346979088425,10443.03,10862.27,True,False
Emergent_bounded_clarity_9361e3,Emergent_autonomy_carefully_659b9f,0.7380856386100481,10443.03,10901.54,True,False
Emergent_bounded_clarity_9361e3,Emergent_clarity_constraint_95d732,0.741365559575557,10443.03,11017.74,True,False
Emergent_bounded_clarity_9361e3,Emergent_constraint_dissipation_b28fdc,0.7271543393510846,10443.03,11036.22,True,False
Emergent_bounded_clarity_9361e3,Emergent_bounded_connection_422d1b,0.740107398104779,10443.03,11054.16,True,False
Emergent_bounded_clarity_9361e3,Emergent_appears_asymmetry_9e9e75,0.740894084633893,10443.03,11078.48,True,False
Emergent_bounded_clarity_9361e3,Emergent_connection_constraint_2d4546,0.7300751512769086,10443.03,11140.84,True,False
Emergent_bounded_clarity_9361e3,Emergent_bounded_carefully_09c04f,0.7441501984564943,10443.03,11179.55,True,False
Emergent_bounded_clarity_9361e3,Emergent_beneficence_constraint_9c1b39,0.7355269584837816,10443.03,11220.47,True,False
Emergent_bounded_clarity_9361e3,Emergent_anticipation_bounded_2f7e1b,0.6945909276672436,10443.03,11355.8,True,False
Emergent_anticipation_bounded_db424c,Emergent_anticipation_bounded_88e144,0.7294449969584706,10443.37,10507.19,True,False
Emergent_anticipation_bounded_db424c,Emergent_bounded_cognition_b5890d,0.7316321913795601,10443.37,10507.53,True,False
Emergent_anticipation_bounded_db424c,Emergent_clarity_dissipation_103dd9,0.7338217460029504,10443.37,10523.21,True,False
Emergent_anticipation_bounded_db424c,Emergent_clarity_dependency_45dcd9,0.7305151933023226,10443.37,10523.55,True,False
Emergent_anticipation_bounded_db424c,Emergent_autonomy_carefully_dedeae,0.7338221447082589,10443.37,10540.54,True,False
Emergent_anticipation_bounded_db424c,Emergent_bounded_coherence_c0648b,0.733822869876933,10443.37,10579.31,True,False
Emergent_anticipation_bounded_db424c,Emergent_attention_beneficence_155439,0.7338226379471213,10443.37,10599.29,True,False
Emergent_anticipation_bounded_db424c,Emergent_appears_asymmetry_0715f8,0.7164087579549815,10443.37,10619.28,True,False
Emergent_anticipation_bounded_db424c,Emergent_attention_autonomy_110d93,0.7338217193565201,10443.37,10639.66,True,False
Emergent_anticipation_bounded_db424c,Emergent_bounded_carefully_f79645,0.7338240952494686,10443.37,10678.0,True,False
Emergent_anticipation_bounded_db424c,Emergent_anticipation_bounded_305c6e,0.7338240952494686,10443.37,10678.34,True,False
Emergent_anticipation_bounded_db424c,Emergent_anticipation_appears_dac47e,0.7338227152898587,10443.37,10695.98,True,False
Emergent_anticipation_bounded_db424c,Emergent_connection_constraint_3d7821,0.7321505960764411,10443.37,10714.9,True,False
Emergent_anticipation_bounded_db424c,Emergent_anticipation_autonomy_cd3792,0.7337826856774209,10443.37,10734.43,True,False
Emergent_anticipation_bounded_db424c,Emergent_autonomy_collective_4a8f61,0.7300960150373851,10443.37,10734.77,True,False
Emergent_anticipation_bounded_db424c,Emergent_appears_asymmetry_41784a,0.7338132435206927,10443.37,10771.73,True,False
Emergent_anticipation_bounded_db424c,Emergent_appears_asymmetry_8ccc17,0.7338136283993537,10443.37,10772.07,True,False
Emergent_anticipation_bounded_db424c,Emergent_appears_asymmetry_1c5d82,0.733821513447186,10443.37,10808.82,True,False
Emergent_anticipation_bounded_db424c,Emergent_contradiction_emerges_fd4131,0.7281411688190049,10443.37,10826.61,True,False
Emergent_anticipation_bounded_db424c,Emergent_contradiction_emerges_e19e6c,0.7338058741629918,10443.37,10826.95,True,False
Emergent_anticipation_bounded_db424c,Emergent_anticipation_carefully_b72fad,0.7338078290735162,10443.37,10844.6,True,False
Emergent_anticipation_bounded_db424c,Emergent_appears_asymmetry_7aac44,0.7338097839840403,10443.37,10862.27,True,False
Emergent_anticipation_bounded_db424c,Emergent_autonomy_carefully_659b9f,0.7337690899282285,10443.37,10901.54,True,False
Emergent_anticipation_bounded_db424c,Emergent_clarity_constraint_95d732,0.7320335353510382,10443.37,11017.74,True,False
Emergent_anticipation_bounded_db424c,Emergent_constraint_dissipation_b28fdc,0.7271543393510846,10443.37,11036.22,True,False
Emergent_anticipation_bounded_db424c,Emergent_bounded_connection_422d1b,0.7333462654447903,10443.37,11054.16,True,False
Emergent_anticipation_bounded_db424c,Emergent_appears_asymmetry_9e9e75,0.734164359478558,10443.37,11078.48,True,False
Emergent_anticipation_bounded_db424c,Emergent_connection_constraint_2d4546,0.7236311781694343,10443.37,11140.84,True,False
Emergent_anticipation_bounded_db424c,Emergent_bounded_carefully_09c04f,0.7351416645704394,10443.37,11179.55,True,False
Emergent_anticipation_bounded_db424c,Emergent_beneficence_constraint_9c1b39,0.7309415952704393,10443.37,11220.47,True,False
Emergent_anticipation_bounded_db424c,Emergent_anticipation_bounded_2f7e1b,0.691982998561708,10443.37,11355.8,True,False
Emergent_anticipation_bounded_88e144,Emergent_bounded_cognition_b5890d,0.7294448098121677,10507.19,10507.53,True,False
Emergent_anticipation_bounded_88e144,Emergent_clarity_dissipation_103dd9,0.7294448247899474,10507.19,10523.21,True,False
Emergent_anticipation_bounded_88e144,Emergent_clarity_dependency_45dcd9,0.7294448149704653,10507.19,10523.55,True,False
Emergent_anticipation_bounded_88e144,Emergent_autonomy_carefully_dedeae,0.7294452161862799,10507.19,10540.54,True,False
Emergent_anticipation_bounded_88e144,Emergent_bounded_coherence_c0648b,0.7294461563457004,10507.19,10579.31,True,False
Emergent_anticipation_bounded_88e144,Emergent_attention_beneficence_155439,0.7294459244158886,10507.19,10599.29,True,False
Emergent_anticipation_bounded_88e144,Emergent_appears_asymmetry_0715f8,0.7164087579549815,10507.19,10619.28,True,False
Emergent_anticipation_bounded_88e144,Emergent_attention_autonomy_110d93,0.7294450080748116,10507.19,10639.66,True,False
Emergent_anticipation_bounded_88e144,Emergent_bounded_carefully_f79645,0.7294474381397533,10507.19,10678.0,True,False
Emergent_anticipation_bounded_88e144,Emergent_anticipation_bounded_305c6e,0.7294474381397533,10507.19,10678.34,True,False
Emergent_anticipation_bounded_88e144,Emergent_anticipation_appears_dac47e,0.7294460581801436,10507.19,10695.98,True,False
Emergent_anticipation_bounded_88e144,Emergent_connection_constraint_3d7821,0.7294435679511744,10507.19,10714.9,True,False
Emergent_anticipation_bounded_88e144,Emergent_anticipation_autonomy_cd3792,0.729405612312988,10507.19,10734.43,True,False
Emergent_anticipation_bounded_88e144,Emergent_autonomy_collective_4a8f61,0.7294050047373803,10507.19,10734.77,True,False
Emergent_anticipation_bounded_88e144,Emergent_appears_asymmetry_41784a,0.7294355668305439,10507.19,10771.73,True,False
Emergent_anticipation_bounded_88e144,Emergent_appears_asymmetry_8ccc17,0.7294359441102656,10507.19,10772.07,True,False
Emergent_anticipation_bounded_88e144,Emergent_appears_asymmetry_1c5d82,0.7294457808860644,10507.19,10808.82,True,False
Emergent_anticipation_bounded_88e144,Emergent_contradiction_emerges_fd4131,0.7281411688190049,10507.19,10826.61,True,False
Emergent_anticipation_bounded_88e144,Emergent_contradiction_emerges_e19e6c,0.7294301416018703,10507.19,10826.95,True,False
Emergent_anticipation_bounded_88e144,Emergent_anticipation_carefully_b72fad,0.7294320965123946,10507.19,10844.6,True,False
Emergent_anticipation_bounded_88e144,Emergent_appears_asymmetry_7aac44,0.7294340514229187,10507.19,10862.27,True,False
Emergent_anticipation_bounded_88e144,Emergent_autonomy_carefully_659b9f,0.729393357367107,10507.19,10901.54,True,False
Emergent_anticipation_bounded_88e144,Emergent_clarity_constraint_95d732,0.7276544662690392,10507.19,11017.74,True,False
Emergent_anticipation_bounded_88e144,Emergent_constraint_dissipation_b28fdc,0.7271543393510846,10507.19,11036.22,True,False
Emergent_anticipation_bounded_88e144,Emergent_bounded_connection_422d1b,0.7289412781781617,10507.19,11054.16,True,False
Emergent_anticipation_bounded_88e144,Emergent_appears_asymmetry_9e9e75,0.729823563893923,10507.19,11078.48,True,False
Emergent_anticipation_bounded_88e144,Emergent_connection_constraint_2d4546,0.719310626618956,10507.19,11140.84,True,False
Emergent_anticipation_bounded_88e144,Emergent_bounded_carefully_09c04f,0.73091439390917,10507.19,11179.55,True,False
Emergent_anticipation_bounded_88e144,Emergent_beneficence_constraint_9c1b39,0.7267143246091701,10507.19,11220.47,True,False
Emergent_anticipation_bounded_88e144,Emergent_anticipation_bounded_2f7e1b,0.6907592231578582,10507.19,11355.8,True,False
Emergent_bounded_cognition_b5890d,Emergent_clarity_dissipation_103dd9,0.7316320174781092,10507.53,10523.21,True,False
Emergent_bounded_cognition_b5890d,Emergent_clarity_dependency_45dcd9,0.7305150052343365,10507.53,10523.55,True,False
Emergent_bounded_cognition_b5890d,Emergent_autonomy_carefully_dedeae,0.7316324142569959,10507.53,10540.54,True,False
Emergent_bounded_cognition_b5890d,Emergent_bounded_coherence_c0648b,0.7316333401277414,10507.53,10579.31,True,False
Emergent_bounded_cognition_b5890d,Emergent_attention_beneficence_155439,0.7316331081979299,10507.53,10599.29,True,False
Emergent_bounded_cognition_b5890d,Emergent_appears_asymmetry_0715f8,0.7164087579549815,10507.53,10619.28,True,False
Emergent_bounded_cognition_b5890d,Emergent_attention_autonomy_110d93,0.7316321907326936,10507.53,10639.66,True,False
Emergent_bounded_cognition_b5890d,Emergent_bounded_carefully_f79645,0.731634593726157,10507.53,10678.0,True,False
Emergent_bounded_cognition_b5890d,Emergent_anticipation_bounded_305c6e,0.731634593726157,10507.53,10678.34,True,False
Emergent_bounded_cognition_b5890d,Emergent_anticipation_appears_dac47e,0.7316332137665473,10507.53,10695.98,True,False
Emergent_bounded_cognition_b5890d,Emergent_connection_constraint_3d7821,0.7316307183151163,10507.53,10714.9,True,False
Emergent_bounded_cognition_b5890d,Emergent_anticipation_autonomy_cd3792,0.7315929759151921,10507.53,10734.43,True,False
Emergent_bounded_cognition_b5890d,Emergent_autonomy_collective_4a8f61,0.7300960150373851,10507.53,10734.77,True,False
Emergent_bounded_cognition_b5890d,Emergent_appears_asymmetry_41784a,0.7316232319339111,10507.53,10771.73,True,False
Emergent_bounded_cognition_b5890d,Emergent_appears_asymmetry_8ccc17,0.731623613011066,10507.53,10772.07,True,False
Emergent_bounded_cognition_b5890d,Emergent_appears_asymmetry_1c5d82,0.7316324744459556,10507.53,10808.82,True,False
Emergent_bounded_cognition_b5890d,Emergent_contradiction_emerges_fd4131,0.7281411688190049,10507.53,10826.61,True,False
Emergent_bounded_cognition_b5890d,Emergent_contradiction_emerges_e19e6c,0.7316168351617613,10507.53,10826.95,True,False
Emergent_bounded_cognition_b5890d,Emergent_anticipation_carefully_b72fad,0.7316187900722855,10507.53,10844.6,True,False
Emergent_bounded_cognition_b5890d,Emergent_appears_asymmetry_7aac44,0.7316207449828098,10507.53,10862.27,True,False
Emergent_bounded_cognition_b5890d,Emergent_autonomy_carefully_659b9f,0.7315800509269981,10507.53,10901.54,True,False
Emergent_bounded_cognition_b5890d,Emergent_clarity_constraint_95d732,0.7298428271951628,10507.53,11017.74,True,False
Emergent_bounded_cognition_b5890d,Emergent_constraint_dissipation_b28fdc,0.7271543393510846,10507.53,11036.22,True,False
Emergent_bounded_cognition_b5890d,Emergent_bounded_connection_422d1b,0.7311425912503825,10507.53,11054.16,True,False
Emergent_bounded_cognition_b5890d,Emergent_appears_asymmetry_9e9e75,0.7319927983288749,10507.53,11078.48,True,False
Emergent_bounded_cognition_b5890d,Emergent_connection_constraint_2d4546,0.7214697444623431,10507.53,11140.84,True,False
Emergent_bounded_cognition_b5890d,Emergent_bounded_carefully_09c04f,0.7330268963077501,10507.53,11179.55,True,False
Emergent_bounded_cognition_b5890d,Emergent_beneficence_constraint_9c1b39,0.7288268270077501,10507.53,11220.47,True,False
Emergent_bounded_cognition_b5890d,Emergent_anticipation_bounded_2f7e1b,0.6913707828811667,10507.53,11355.8,True,False
Emergent_clarity_dissipation_103dd9,Emergent_clarity_dependency_45dcd9,0.7305150202858808,10523.21,10523.55,True,False
Emergent_clarity_dissipation_103dd9,Emergent_autonomy_carefully_dedeae,0.7351219313728374,10523.21,10540.54,True,False
Emergent_clarity_dissipation_103dd9,Emergent_bounded_coherence_c0648b,0.7437519163318308,10523.21,10579.31,True,False
Emergent_clarity_dissipation_103dd9,Emergent_attention_beneficence_155439,0.7388840700240074,10523.21,10599.29,True,False
Emergent_clarity_dissipation_103dd9,Emergent_appears_asymmetry_0715f8,0.7164087579549815,10523.21,10619.28,True,False
Emergent_clarity_dissipation_103dd9,Emergent_attention_autonomy_110d93,0.7398942150952386,10523.21,10639.66,True,False
Emergent_clarity_dissipation_103dd9,Emergent_bounded_carefully_f79645,0.7468565090973656,10523.21,10678.0,True,False
Emergent_clarity_dissipation_103dd9,Emergent_anticipation_bounded_305c6e,0.7431404717447697,10523.21,10678.34,True,False
Emergent_clarity_dissipation_103dd9,Emergent_anticipation_appears_dac47e,0.7371973805306526,10523.21,10695.98,True,False
Emergent_clarity_dissipation_103dd9,Emergent_connection_constraint_3d7821,0.7321505960764411,10523.21,10714.9,True,False
Emergent_clarity_dissipation_103dd9,Emergent_anticipation_autonomy_cd3792,0.7442690344143642,10523.21,10734.43,True,False
Emergent_clarity_dissipation_103dd9,Emergent_autonomy_collective_4a8f61,0.7300960150373851,10523.21,10734.77,True,False
Emergent_clarity_dissipation_103dd9,Emergent_appears_asymmetry_41784a,0.7421851967775122,10523.21,10771.73,True,False
Emergent_clarity_dissipation_103dd9,Emergent_appears_asymmetry_8ccc17,0.7482011096848439,10523.21,10772.07,True,False
Emergent_clarity_dissipation_103dd9,Emergent_appears_asymmetry_1c5d82,0.7473889982688046,10523.21,10808.82,True,False
Emergent_clarity_dissipation_103dd9,Emergent_contradiction_emerges_fd4131,0.7281411688190049,10523.21,10826.61,True,False
Emergent_clarity_dissipation_103dd9,Emergent_contradiction_emerges_e19e6c,0.7500588166933403,10523.21,10826.95,True,False
Emergent_clarity_dissipation_103dd9,Emergent_anticipation_carefully_b72fad,0.7375454044057462,10523.21,10844.6,True,False
Emergent_clarity_dissipation_103dd9,Emergent_appears_asymmetry_7aac44,0.7477943759667763,10523.21,10862.27,True,False
Emergent_clarity_dissipation_103dd9,Emergent_autonomy_carefully_659b9f,0.7380856386100481,10523.21,10901.54,True,False
Emergent_clarity_dissipation_103dd9,Emergent_clarity_constraint_95d732,0.7468762462650957,10523.21,11017.74,True,False
Emergent_clarity_dissipation_103dd9,Emergent_constraint_dissipation_b28fdc,0.7271543393510846,10523.21,11036.22,True,False
Emergent_clarity_dissipation_103dd9,Emergent_bounded_connection_422d1b,0.740107398104779,10523.21,11054.16,True,False
Emergent_clarity_dissipation_103dd9,Emergent_appears_asymmetry_9e9e75,0.740894084633893,10523.21,11078.48,True,False
Emergent_clarity_dissipation_103dd9,Emergent_connection_constraint_2d4546,0.7300751512769086,10523.21,11140.84,True,False
Emergent_clarity_dissipation_103dd9,Emergent_bounded_carefully_09c04f,0.7516180753566519,10523.21,11179.55,True,False
Emergent_clarity_dissipation_103dd9,Emergent_beneficence_constraint_9c1b39,0.7355269584837816,10523.21,11220.47,True,False
Emergent_clarity_dissipation_103dd9,Emergent_anticipation_bounded_2f7e1b,0.6961858364558363,10523.21,11355.8,True,False
Emergent_clarity_dependency_45dcd9,Emergent_autonomy_carefully_dedeae,0.7305154167422225,10523.55,10540.54,True,False
Emergent_clarity_dependency_45dcd9,Emergent_bounded_coherence_c0648b,0.7305163417616045,10523.55,10579.31,True,False
Emergent_clarity_dependency_45dcd9,Emergent_attention_beneficence_155439,0.7305161098317929,10523.55,10599.29,True,False
Emergent_clarity_dependency_45dcd9,Emergent_appears_asymmetry_0715f8,0.7164087579549815,10523.55,10619.28,True,False
Emergent_clarity_dependency_45dcd9,Emergent_attention_autonomy_110d93,0.7305151929406668,10523.55,10639.66,True,False
Emergent_clarity_dependency_45dcd9,Emergent_bounded_carefully_f79645,0.7305176097595787,10523.55,10678.0,True,False
Emergent_clarity_dependency_45dcd9,Emergent_anticipation_bounded_305c6e,0.7305176097595787,10523.55,10678.34,True,False
Emergent_clarity_dependency_45dcd9,Emergent_anticipation_appears_dac47e,0.730516229799969,10523.55,10695.98,True,False
Emergent_clarity_dependency_45dcd9,Emergent_connection_constraint_3d7821,0.7305137370156578,10523.55,10714.9,True,False
Emergent_clarity_dependency_45dcd9,Emergent_anticipation_autonomy_cd3792,0.7304758857146014,10523.55,10734.43,True,False
Emergent_clarity_dependency_45dcd9,Emergent_autonomy_collective_4a8f61,0.7300960150373851,10523.55,10734.77,True,False
Emergent_clarity_dependency_45dcd9,Emergent_appears_asymmetry_41784a,0.7305059877561788,10523.55,10771.73,True,False
Emergent_clarity_dependency_45dcd9,Emergent_appears_asymmetry_8ccc17,0.7305063668939784,10523.55,10772.07,True,False
Emergent_clarity_dependency_45dcd9,Emergent_appears_asymmetry_1c5d82,0.7305157264370796,10523.55,10808.82,True,False
Emergent_clarity_dependency_45dcd9,Emergent_contradiction_emerges_fd4131,0.7281411688190049,10523.55,10826.61,True,False
Emergent_clarity_dependency_45dcd9,Emergent_contradiction_emerges_e19e6c,0.7305000871528851,10523.55,10826.95,True,False
Emergent_clarity_dependency_45dcd9,Emergent_anticipation_carefully_b72fad,0.7305020420634096,10523.55,10844.6,True,False
Emergent_clarity_dependency_45dcd9,Emergent_appears_asymmetry_7aac44,0.7305039969739338,10523.55,10862.27,True,False
Emergent_clarity_dependency_45dcd9,Emergent_autonomy_carefully_659b9f,0.730463302918122,10523.55,10901.54,True,False
Emergent_clarity_dependency_45dcd9,Emergent_clarity_constraint_95d732,0.728725227659601,10523.55,11017.74,True,False
Emergent_clarity_dependency_45dcd9,Emergent_constraint_dissipation_b28fdc,0.7271543393510846,10523.55,11036.22,True,False
Emergent_clarity_dependency_45dcd9,Emergent_bounded_connection_422d1b,0.7300183770324389,10523.55,11054.16,True,False
Emergent_clarity_dependency_45dcd9,Emergent_appears_asymmetry_9e9e75,0.7308849667239112,10523.55,11078.48,True,False
Emergent_clarity_dependency_45dcd9,Emergent_connection_constraint_2d4546,0.7203670794173831,10523.55,11140.84,True,False
Emergent_clarity_dependency_45dcd9,Emergent_bounded_carefully_09c04f,0.7319480378473642,10523.55,11179.55,True,False
Emergent_clarity_dependency_45dcd9,Emergent_beneficence_constraint_9c1b39,0.7277479685473642,10523.55,11220.47,True,False
Emergent_clarity_dependency_45dcd9,Emergent_anticipation_bounded_2f7e1b,0.6910584583214567,10523.55,11355.8,True,False
Emergent_autonomy_carefully_dedeae,Emergent_bounded_coherence_c0648b,0.7351228085669156,10540.54,10579.31,True,False
Emergent_autonomy_carefully_dedeae,Emergent_attention_beneficence_155439,0.7351225766371039,10540.54,10599.29,True,False
Emergent_autonomy_carefully_dedeae,Emergent_appears_asymmetry_0715f8,0.7164087579549815,10540.54,10619.28,True,False
Emergent_autonomy_carefully_dedeae,Emergent_attention_autonomy_110d93,0.7351216573783659,10540.54,10639.66,True,False
Emergent_autonomy_carefully_dedeae,Emergent_bounded_carefully_f79645,0.7351240171815543,10540.54,10678.0,True,False
Emergent_autonomy_carefully_dedeae,Emergent_anticipation_bounded_305c6e,0.7351240171815543,10540.54,10678.34,True,False
Emergent_autonomy_carefully_dedeae,Emergent_anticipation_appears_dac47e,0.7351226372219446,10540.54,10695.98,True,False
Emergent_autonomy_carefully_dedeae,Emergent_connection_constraint_3d7821,0.7321505960764411,10540.54,10714.9,True,False
Emergent_autonomy_carefully_dedeae,Emergent_anticipation_autonomy_cd3792,0.735082731242367,10540.54,10734.43,True,False
Emergent_autonomy_carefully_dedeae,Emergent_autonomy_collective_4a8f61,0.7300960150373851,10540.54,10734.77,True,False
Emergent_autonomy_carefully_dedeae,Emergent_appears_asymmetry_41784a,0.7351134682809267,10540.54,10771.73,True,False
Emergent_autonomy_carefully_dedeae,Emergent_appears_asymmetry_8ccc17,0.7351138554165677,10540.54,10772.07,True,False
Emergent_autonomy_carefully_dedeae,Emergent_appears_asymmetry_1c5d82,0.7351211607767697,10540.54,10808.82,True,False
Emergent_autonomy_carefully_dedeae,Emergent_contradiction_emerges_fd4131,0.7281411688190049,10540.54,10826.61,True,False
Emergent_autonomy_carefully_dedeae,Emergent_contradiction_emerges_e19e6c,0.7351055214925755,10540.54,10826.95,True,False
Emergent_autonomy_carefully_dedeae,Emergent_anticipation_carefully_b72fad,0.7351074764030996,10540.54,10844.6,True,False
Emergent_autonomy_carefully_dedeae,Emergent_appears_asymmetry_7aac44,0.7351094313136239,10540.54,10862.27,True,False
Emergent_autonomy_carefully_dedeae,Emergent_autonomy_carefully_659b9f,0.7350687372578122,10540.54,10901.54,True,False
Emergent_autonomy_carefully_dedeae,Emergent_clarity_constraint_95d732,0.7333341736690764,10540.54,11017.74,True,False
Emergent_autonomy_carefully_dedeae,Emergent_constraint_dissipation_b28fdc,0.7271543393510846,10540.54,11036.22,True,False
Emergent_autonomy_carefully_dedeae,Emergent_bounded_connection_422d1b,0.7346546017880096,10540.54,11054.16,True,False
Emergent_autonomy_carefully_dedeae,Emergent_appears_asymmetry_9e9e75,0.7354536300889156,10540.54,11078.48,True,False
Emergent_autonomy_carefully_dedeae,Emergent_connection_constraint_2d4546,0.724914436048309,10540.54,11140.84,True,False
Emergent_autonomy_carefully_dedeae,Emergent_bounded_carefully_09c04f,0.7363972168578802,10540.54,11179.55,True,False
Emergent_autonomy_carefully_dedeae,Emergent_beneficence_constraint_9c1b39,0.7321971475578802,10540.54,11220.47,True,False
Emergent_autonomy_carefully_dedeae,Emergent_anticipation_bounded_2f7e1b,0.6923464751712601,10540.54,11355.8,True,False
Emergent_bounded_coherence_c0648b,Emergent_attention_beneficence_155439,0.7388840700240074,10579.31,10599.29,True,False
Emergent_bounded_coherence_c0648b,Emergent_appears_asymmetry_0715f8,0.7164087579549815,10579.31,10619.28,True,False
Emergent_bounded_coherence_c0648b,Emergent_attention_autonomy_110d93,0.7398942150952386,10579.31,10639.66,True,False
Emergent_bounded_coherence_c0648b,Emergent_bounded_carefully_f79645,0.7437530137060713,10579.31,10678.0,True,False
Emergent_bounded_coherence_c0648b,Emergent_anticipation_bounded_305c6e,0.7431404717447697,10579.31,10678.34,True,False
Emergent_bounded_coherence_c0648b,Emergent_anticipation_appears_dac47e,0.7371973805306526,10579.31,10695.98,True,False
Emergent_bounded_coherence_c0648b,Emergent_connection_constraint_3d7821,0.7321505960764411,10579.31,10714.9,True,False
Emergent_bounded_coherence_c0648b,Emergent_anticipation_autonomy_cd3792,0.7437125484527232,10579.31,10734.43,True,False
Emergent_bounded_coherence_c0648b,Emergent_autonomy_collective_4a8f61,0.7300960150373851,10579.31,10734.77,True,False
Emergent_bounded_coherence_c0648b,Emergent_appears_asymmetry_41784a,0.7421851967775122,10579.31,10771.73,True,False
Emergent_bounded_coherence_c0648b,Emergent_appears_asymmetry_8ccc17,0.7437448771230941,10579.31,10772.07,True,False
Emergent_bounded_coherence_c0648b,Emergent_appears_asymmetry_1c5d82,0.7437483344656385,10579.31,10808.82,True,False
Emergent_bounded_coherence_c0648b,Emergent_contradiction_emerges_fd4131,0.7281411688190049,10579.31,10826.61,True,False
Emergent_bounded_coherence_c0648b,Emergent_contradiction_emerges_e19e6c,0.743732695181444,10579.31,10826.95,True,False
Emergent_bounded_coherence_c0648b,Emergent_anticipation_carefully_b72fad,0.7375454044057462,10579.31,10844.6,True,False
Emergent_bounded_coherence_c0648b,Emergent_appears_asymmetry_7aac44,0.7437366050024927,10579.31,10862.27,True,False
Emergent_bounded_coherence_c0648b,Emergent_autonomy_carefully_659b9f,0.7380856386100481,10579.31,10901.54,True,False
Emergent_bounded_coherence_c0648b,Emergent_clarity_constraint_95d732,0.7419679256267773,10579.31,11017.74,True,False
Emergent_bounded_coherence_c0648b,Emergent_constraint_dissipation_b28fdc,0.7271543393510846,10579.31,11036.22,True,False
Emergent_bounded_coherence_c0648b,Emergent_bounded_connection_422d1b,0.740107398104779,10579.31,11054.16,True,False
Emergent_bounded_coherence_c0648b,Emergent_appears_asymmetry_9e9e75,0.740894084633893,10579.31,11078.48,True,False
Emergent_bounded_coherence_c0648b,Emergent_connection_constraint_2d4546,0.7300751512769086,10579.31,11140.84,True,False
Emergent_bounded_coherence_c0648b,Emergent_bounded_carefully_09c04f,0.7447316837648984,10579.31,11179.55,True,False
Emergent_bounded_coherence_c0648b,Emergent_beneficence_constraint_9c1b39,0.7355269584837816,10579.31,11220.47,True,False
Emergent_bounded_coherence_c0648b,Emergent_anticipation_bounded_2f7e1b,0.6947592649882117,10579.31,11355.8,True,False
Emergent_attention_beneficence_155439,Emergent_appears_asymmetry_0715f8,0.7164087579549815,10599.29,10619.28,True,False
Emergent_attention_beneficence_155439,Emergent_attention_autonomy_110d93,0.7388831488319532,10599.29,10639.66,True,False
Emergent_attention_beneficence_155439,Emergent_bounded_carefully_f79645,0.738885462077926,10599.29,10678.0,True,False
Emergent_attention_beneficence_155439,Emergent_anticipation_bounded_305c6e,0.738885462077926,10599.29,10678.34,True,False
Emergent_attention_beneficence_155439,Emergent_anticipation_appears_dac47e,0.7371973805306526,10599.29,10695.98,True,False
Emergent_attention_beneficence_155439,Emergent_connection_constraint_3d7821,0.7321505960764411,10599.29,10714.9,True,False
Emergent_attention_beneficence_155439,Emergent_anticipation_autonomy_cd3792,0.7388445338819077,10599.29,10734.43,True,False
Emergent_attention_beneficence_155439,Emergent_autonomy_collective_4a8f61,0.7300960150373851,10599.29,10734.77,True,False
Emergent_attention_beneficence_155439,Emergent_appears_asymmetry_41784a,0.738875789438683,10599.29,10771.73,True,False
Emergent_attention_beneficence_155439,Emergent_appears_asymmetry_8ccc17,0.7388761831051058,10599.29,10772.07,True,False
Emergent_attention_beneficence_155439,Emergent_appears_asymmetry_1c5d82,0.7388818110852858,10599.29,10808.82,True,False
Emergent_attention_beneficence_155439,Emergent_contradiction_emerges_fd4131,0.7281411688190049,10599.29,10826.61,True,False
Emergent_attention_beneficence_155439,Emergent_contradiction_emerges_e19e6c,0.7388661718010914,10599.29,10826.95,True,False
Emergent_attention_beneficence_155439,Emergent_anticipation_carefully_b72fad,0.7375454044057462,10599.29,10844.6,True,False
Emergent_attention_beneficence_155439,Emergent_appears_asymmetry_7aac44,0.73887008162214,10599.29,10862.27,True,False
Emergent_attention_beneficence_155439,Emergent_autonomy_carefully_659b9f,0.7380856386100481,10599.29,10901.54,True,False
Emergent_attention_beneficence_155439,Emergent_clarity_constraint_95d732,0.7370976914947662,10599.29,11017.74,True,False
Emergent_attention_beneficence_155439,Emergent_constraint_dissipation_b28fdc,0.7271543393510846,10599.29,11036.22,True,False
Emergent_attention_beneficence_155439,Emergent_bounded_connection_422d1b,0.7384403945648449,10599.29,11054.16,True,False
Emergent_attention_beneficence_155439,Emergent_appears_asymmetry_9e9e75,0.7391842543961695,10599.29,11078.48,True,False
Emergent_attention_beneficence_155439,Emergent_connection_constraint_2d4546,0.7286276619583272,10599.29,11140.84,True,False
Emergent_attention_beneficence_155439,Emergent_bounded_carefully_09c04f,0.7400302740647421,10599.29,11179.55,True,False
Emergent_attention_beneficence_155439,Emergent_beneficence_constraint_9c1b39,0.7355269584837816,10599.29,11220.47,True,False
Emergent_attention_beneficence_155439,Emergent_anticipation_bounded_2f7e1b,0.6933982285144449,10599.29,11355.8,True,False
Emergent_appears_asymmetry_0715f8,Emergent_attention_autonomy_110d93,0.7164081796428228,10619.28,10639.66,True,False
Emergent_appears_asymmetry_0715f8,Emergent_bounded_carefully_f79645,0.7164107710688725,10619.28,10678.0,True,False
Emergent_appears_asymmetry_0715f8,Emergent_anticipation_bounded_305c6e,0.7164107710688725,10619.28,10678.34,True,False
Emergent_appears_asymmetry_0715f8,Emergent_anticipation_appears_dac47e,0.7164093911092628,10619.28,10695.98,True,False
Emergent_appears_asymmetry_0715f8,Emergent_connection_constraint_3d7821,0.7164069320090777,10619.28,10714.9,True,False
Emergent_appears_asymmetry_0715f8,Emergent_anticipation_autonomy_cd3792,0.7163677053519275,10619.28,10734.43,True,False
Emergent_appears_asymmetry_0715f8,Emergent_autonomy_collective_4a8f61,0.7163671342276924,10619.28,10734.77,True,False
Emergent_appears_asymmetry_0715f8,Emergent_appears_asymmetry_41784a,0.7163958627544023,10619.28,10771.73,True,False
Emergent_appears_asymmetry_0715f8,Emergent_appears_asymmetry_8ccc17,0.7163962173993053,10619.28,10772.07,True,False
Emergent_appears_asymmetry_0715f8,Emergent_appears_asymmetry_1c5d82,0.7164118677508707,10619.28,10808.82,True,False
Emergent_appears_asymmetry_0715f8,Emergent_contradiction_emerges_fd4131,0.7163962284666765,10619.28,10826.61,True,False
Emergent_appears_asymmetry_0715f8,Emergent_contradiction_emerges_e19e6c,0.7163962284666765,10619.28,10826.95,True,False
Emergent_appears_asymmetry_0715f8,Emergent_anticipation_carefully_b72fad,0.7163981833772006,10619.28,10844.6,True,False
Emergent_appears_asymmetry_0715f8,Emergent_appears_asymmetry_7aac44,0.716400138287725,10619.28,10862.27,True,False
Emergent_appears_asymmetry_0715f8,Emergent_autonomy_carefully_659b9f,0.7163594442319132,10619.28,10901.54,True,False
Emergent_appears_asymmetry_0715f8,Emergent_clarity_constraint_95d732,0.7146106147012101,10619.28,11017.74,True,False
Emergent_appears_asymmetry_0715f8,Emergent_constraint_dissipation_b28fdc,0.7146006467284068,10619.28,11036.22,True,False
Emergent_appears_asymmetry_0715f8,Emergent_bounded_connection_422d1b,0.7158202245961859,10619.28,11054.16,True,False
Emergent_appears_asymmetry_0715f8,Emergent_appears_asymmetry_9e9e75,0.7168937168803156,10619.28,11078.48,True,False
Emergent_appears_asymmetry_0715f8,Emergent_connection_constraint_2d4546,0.7064410801330916,10619.28,11140.84,True,False
Emergent_appears_asymmetry_0715f8,Emergent_bounded_carefully_09c04f,0.7183227014717752,10619.28,11179.55,True,False
Emergent_appears_asymmetry_0715f8,Emergent_beneficence_constraint_9c1b39,0.7141226321717753,10619.28,11220.47,True,False
Emergent_appears_asymmetry_0715f8,Emergent_anticipation_bounded_2f7e1b,0.6871139861402933,10619.28,11355.8,True,False
Emergent_attention_autonomy_110d93,Emergent_bounded_carefully_f79645,0.7398965158269126,10639.66,10678.0,True,False
Emergent_attention_autonomy_110d93,Emergent_anticipation_bounded_305c6e,0.7398965158269126,10639.66,10678.34,True,False
Emergent_attention_autonomy_110d93,Emergent_anticipation_appears_dac47e,0.7371973805306526,10639.66,10695.98,True,False
Emergent_attention_autonomy_110d93,Emergent_connection_constraint_3d7821,0.7321505960764411,10639.66,10714.9,True,False
Emergent_attention_autonomy_110d93,Emergent_anticipation_autonomy_cd3792,0.7398556837901047,10639.66,10734.43,True,False
Emergent_attention_autonomy_110d93,Emergent_autonomy_collective_4a8f61,0.7300960150373851,10639.66,10734.77,True,False
Emergent_attention_autonomy_110d93,Emergent_appears_asymmetry_41784a,0.7398870787214555,10639.66,10771.73,True,False
Emergent_attention_autonomy_110d93,Emergent_appears_asymmetry_8ccc17,0.7398874741433128,10639.66,10772.07,True,False
Emergent_attention_autonomy_110d93,Emergent_appears_asymmetry_1c5d82,0.7398926512538389,10639.66,10808.82,True,False
Emergent_attention_autonomy_110d93,Emergent_contradiction_emerges_fd4131,0.7281411688190049,10639.66,10826.61,True,False
Emergent_attention_autonomy_110d93,Emergent_contradiction_emerges_e19e6c,0.7398770119696445,10639.66,10826.95,True,False
Emergent_attention_autonomy_110d93,Emergent_anticipation_carefully_b72fad,0.7375454044057462,10639.66,10844.6,True,False
Emergent_attention_autonomy_110d93,Emergent_appears_asymmetry_7aac44,0.7398809217906932,10639.66,10862.27,True,False
Emergent_attention_autonomy_110d93,Emergent_autonomy_carefully_659b9f,0.7380856386100481,10639.66,10901.54,True,False
Emergent_attention_autonomy_110d93,Emergent_clarity_constraint_95d732,0.7381093024346768,10639.66,11017.74,True,False
Emergent_attention_autonomy_110d93,Emergent_constraint_dissipation_b28fdc,0.7271543393510846,10639.66,11036.22,True,False
Emergent_attention_autonomy_110d93,Emergent_bounded_connection_422d1b,0.7394579928775562,10639.66,11054.16,True,False
Emergent_attention_autonomy_110d93,Emergent_appears_asymmetry_9e9e75,0.7401870237563017,10639.66,11078.48,True,False
Emergent_attention_autonomy_110d93,Emergent_connection_constraint_2d4546,0.7296257547339993,10639.66,11140.84,True,False
Emergent_attention_autonomy_110d93,Emergent_bounded_carefully_09c04f,0.7410068179755203,10639.66,11179.55,True,False
Emergent_attention_autonomy_110d93,Emergent_beneficence_constraint_9c1b39,0.7355269584837816,10639.66,11220.47,True,False
Emergent_attention_autonomy_110d93,Emergent_anticipation_bounded_2f7e1b,0.6936809334828631,10639.66,11355.8,True,False
Emergent_bounded_carefully_f79645,Emergent_anticipation_bounded_305c6e,0.7431372518390139,10678.0,10678.34,True,False
Emergent_bounded_carefully_f79645,Emergent_anticipation_appears_dac47e,0.7371973805306526,10678.0,10695.98,True,False
Emergent_bounded_carefully_f79645,Emergent_connection_constraint_3d7821,0.7321505960764411,10678.0,10714.9,True,False
Emergent_bounded_carefully_f79645,Emergent_anticipation_autonomy_cd3792,0.7442690344143642,10678.0,10734.43,True,False
Emergent_bounded_carefully_f79645,Emergent_autonomy_collective_4a8f61,0.7300960150373851,10678.0,10734.77,True,False
Emergent_bounded_carefully_f79645,Emergent_appears_asymmetry_41784a,0.7421851967775122,10678.0,10771.73,True,False
Emergent_bounded_carefully_f79645,Emergent_appears_asymmetry_8ccc17,0.7468491130917385,10678.0,10772.07,True,False
Emergent_bounded_carefully_f79645,Emergent_appears_asymmetry_1c5d82,0.7468511632744783,10678.0,10808.82,True,False
Emergent_bounded_carefully_f79645,Emergent_contradiction_emerges_fd4131,0.7281411688190049,10678.0,10826.61,True,False
Emergent_bounded_carefully_f79645,Emergent_contradiction_emerges_e19e6c,0.746835523990284,10678.0,10826.95,True,False
Emergent_bounded_carefully_f79645,Emergent_anticipation_carefully_b72fad,0.7375454044057462,10678.0,10844.6,True,False
Emergent_bounded_carefully_f79645,Emergent_appears_asymmetry_7aac44,0.7468394338113327,10678.0,10862.27,True,False
Emergent_bounded_carefully_f79645,Emergent_autonomy_carefully_659b9f,0.7380856386100481,10678.0,10901.54,True,False
Emergent_bounded_carefully_f79645,Emergent_clarity_constraint_95d732,0.7450731600055257,10678.0,11017.74,True,False
Emergent_bounded_carefully_f79645,Emergent_constraint_dissipation_b28fdc,0.7271543393510846,10678.0,11036.22,True,False
Emergent_bounded_carefully_f79645,Emergent_bounded_connection_422d1b,0.740107398104779,10678.0,11054.16,True,False
Emergent_bounded_carefully_f79645,Emergent_appears_asymmetry_9e9e75,0.740894084633893,10678.0,11078.48,True,False
Emergent_bounded_carefully_f79645,Emergent_connection_constraint_2d4546,0.7300751512769086,10678.0,11140.84,True,False
Emergent_bounded_carefully_f79645,Emergent_bounded_carefully_09c04f,0.747779467810569,10678.0,11179.55,True,False
Emergent_bounded_carefully_f79645,Emergent_beneficence_constraint_9c1b39,0.7355269584837816,10678.0,11220.47,True,False
Emergent_bounded_carefully_f79645,Emergent_anticipation_bounded_2f7e1b,0.695641584444477,10678.0,11355.8,True,False
Emergent_anticipation_bounded_305c6e,Emergent_anticipation_appears_dac47e,0.7371973805306526,10678.34,10695.98,True,False
Emergent_anticipation_bounded_305c6e,Emergent_connection_constraint_3d7821,0.7321505960764411,10678.34,10714.9,True,False
Emergent_anticipation_bounded_305c6e,Emergent_anticipation_autonomy_cd3792,0.7430999482338347,10678.34,10734.43,True,False
Emergent_anticipation_bounded_305c6e,Emergent_autonomy_collective_4a8f61,0.7300960150373851,10678.34,10734.77,True,False
Emergent_anticipation_bounded_305c6e,Emergent_appears_asymmetry_41784a,0.7421851967775122,10678.34,10771.73,True,False
Emergent_anticipation_bounded_305c6e,Emergent_appears_asymmetry_8ccc17,0.7431321914012804,10678.34,10772.07,True,False
Emergent_anticipation_bounded_305c6e,Emergent_appears_asymmetry_1c5d82,0.7431359219009961,10678.34,10808.82,True,False
Emergent_anticipation_bounded_305c6e,Emergent_contradiction_emerges_fd4131,0.7281411688190049,10678.34,10826.61,True,False
Emergent_anticipation_bounded_305c6e,Emergent_contradiction_emerges_e19e6c,0.7431202826168019,10678.34,10826.95,True,False
Emergent_anticipation_bounded_305c6e,Emergent_anticipation_carefully_b72fad,0.7375454044057462,10678.34,10844.6,True,False
Emergent_anticipation_bounded_305c6e,Emergent_appears_asymmetry_7aac44,0.7431241924378503,10678.34,10862.27,True,False
Emergent_anticipation_bounded_305c6e,Emergent_autonomy_carefully_659b9f,0.7380856386100481,10678.34,10901.54,True,False
Emergent_anticipation_bounded_305c6e,Emergent_clarity_constraint_95d732,0.7413550460940838,10678.34,11017.74,True,False
Emergent_anticipation_bounded_305c6e,Emergent_constraint_dissipation_b28fdc,0.7271543393510846,10678.34,11036.22,True,False
Emergent_anticipation_bounded_305c6e,Emergent_bounded_connection_422d1b,0.740107398104779,10678.34,11054.16,True,False
Emergent_anticipation_bounded_305c6e,Emergent_appears_asymmetry_9e9e75,0.740894084633893,10678.34,11078.48,True,False
Emergent_anticipation_bounded_305c6e,Emergent_connection_constraint_2d4546,0.7300751512769086,10678.34,11140.84,True,False
Emergent_anticipation_bounded_305c6e,Emergent_bounded_carefully_09c04f,0.744140049420033,10678.34,11179.55,True,False
Emergent_anticipation_bounded_305c6e,Emergent_beneficence_constraint_9c1b39,0.7355269584837816,10678.34,11220.47,True,False
Emergent_anticipation_bounded_305c6e,Emergent_anticipation_bounded_2f7e1b,0.6945879895678908,10678.34,11355.8,True,False
Emergent_anticipation_appears_dac47e,Emergent_connection_constraint_3d7821,0.7321505960764411,10695.98,10714.9,True,False
Emergent_anticipation_appears_dac47e,Emergent_anticipation_autonomy_cd3792,0.7371576718755783,10695.98,10734.43,True,False
Emergent_anticipation_appears_dac47e,Emergent_autonomy_collective_4a8f61,0.7300960150373851,10695.98,10734.77,True,False
Emergent_anticipation_appears_dac47e,Emergent_appears_asymmetry_41784a,0.7371886949191779,10695.98,10771.73,True,False
Emergent_anticipation_appears_dac47e,Emergent_appears_asymmetry_8ccc17,0.7371890856570771,10695.98,10772.07,True,False
Emergent_anticipation_appears_dac47e,Emergent_appears_asymmetry_1c5d82,0.7371954658055395,10695.98,10808.82,True,False
Emergent_anticipation_appears_dac47e,Emergent_contradiction_emerges_fd4131,0.7281411688190049,10695.98,10826.61,True,False
Emergent_anticipation_appears_dac47e,Emergent_contradiction_emerges_e19e6c,0.737179826521345,10695.98,10826.95,True,False
Emergent_anticipation_appears_dac47e,Emergent_anticipation_carefully_b72fad,0.7371817814318693,10695.98,10844.6,True,False
Emergent_anticipation_appears_dac47e,Emergent_appears_asymmetry_7aac44,0.7371837363423936,10695.98,10862.27,True,False
Emergent_anticipation_appears_dac47e,Emergent_autonomy_carefully_659b9f,0.7371430422865819,10695.98,10901.54,True,False
Emergent_anticipation_appears_dac47e,Emergent_clarity_constraint_95d732,0.7354100603671865,10695.98,11017.74,True,False
Emergent_anticipation_appears_dac47e,Emergent_constraint_dissipation_b28fdc,0.7271543393510846,10695.98,11036.22,True,False
Emergent_anticipation_appears_dac47e,Emergent_bounded_connection_422d1b,0.7367427749364373,10695.98,11054.16,True,False
Emergent_anticipation_appears_dac47e,Emergent_appears_asymmetry_9e9e75,0.7375113733317431,10695.98,11078.48,True,False
Emergent_anticipation_appears_dac47e,Emergent_connection_constraint_2d4546,0.7269625826575978,10695.98,11140.84,True,False
Emergent_anticipation_appears_dac47e,Emergent_bounded_carefully_09c04f,0.7384011438959608,10695.98,11179.55,True,False
Emergent_anticipation_appears_dac47e,Emergent_beneficence_constraint_9c1b39,0.7342010745959608,10695.98,11220.47,True,False
Emergent_anticipation_appears_dac47e,Emergent_anticipation_bounded_2f7e1b,0.6929266028273341,10695.98,11355.8,True,False
Emergent_connection_constraint_3d7821,Emergent_anticipation_autonomy_cd3792,0.7321111532894152,10714.9,10734.43,True,False
Emergent_connection_constraint_3d7821,Emergent_autonomy_collective_4a8f61,0.7300942800109463,10714.9,10734.77,True,False
Emergent_connection_constraint_3d7821,Emergent_appears_asymmetry_41784a,0.7321432320469429,10714.9,10771.73,True,False
Emergent_connection_constraint_3d7821,Emergent_appears_asymmetry_8ccc17,0.7321436140267339,10714.9,10772.07,True,False
Emergent_connection_constraint_3d7821,Emergent_appears_asymmetry_1c5d82,0.7321522436266035,10714.9,10808.82,True,False
Emergent_connection_constraint_3d7821,Emergent_contradiction_emerges_fd4131,0.7281411688190049,10714.9,10826.61,True,False
Emergent_connection_constraint_3d7821,Emergent_contradiction_emerges_e19e6c,0.732136604342409,10714.9,10826.95,True,False
Emergent_connection_constraint_3d7821,Emergent_anticipation_carefully_b72fad,0.7321385592529333,10714.9,10844.6,True,False
Emergent_connection_constraint_3d7821,Emergent_appears_asymmetry_7aac44,0.7321405141634576,10714.9,10862.27,True,False
Emergent_connection_constraint_3d7821,Emergent_autonomy_carefully_659b9f,0.7320998201076458,10714.9,10901.54,True,False
Emergent_connection_constraint_3d7821,Emergent_clarity_constraint_95d732,0.7303629927027567,10714.9,11017.74,True,False
Emergent_connection_constraint_3d7821,Emergent_constraint_dissipation_b28fdc,0.7271543393510846,10714.9,11036.22,True,False
Emergent_connection_constraint_3d7821,Emergent_bounded_connection_422d1b,0.7316658354364377,10714.9,11054.16,True,False
Emergent_connection_constraint_3d7821,Emergent_appears_asymmetry_9e9e75,0.7325084175384288,10714.9,11078.48,True,False
Emergent_connection_constraint_3d7821,Emergent_connection_constraint_2d4546,0.7219829589945319,10714.9,11140.84,True,False
Emergent_connection_constraint_3d7821,Emergent_bounded_carefully_09c04f,0.7335290305166611,10714.9,11179.55,True,False
Emergent_connection_constraint_3d7821,Emergent_beneficence_constraint_9c1b39,0.7293289612166611,10714.9,11220.47,True,False
Emergent_connection_constraint_3d7821,Emergent_anticipation_bounded_2f7e1b,0.6915161484239806,10714.9,11355.8,True,False
Emergent_anticipation_autonomy_cd3792,Emergent_autonomy_collective_4a8f61,0.7300863336428149,10734.43,10734.77,True,False
Emergent_anticipation_autonomy_cd3792,Emergent_appears_asymmetry_41784a,0.7421788134190017,10734.43,10771.73,True,False
Emergent_anticipation_autonomy_cd3792,Emergent_appears_asymmetry_8ccc17,0.7442949993194231,10734.43,10772.07,True,False
Emergent_anticipation_autonomy_cd3792,Emergent_appears_asymmetry_1c5d82,0.7443046482635627,10734.43,10808.82,True,False
Emergent_anticipation_autonomy_cd3792,Emergent_contradiction_emerges_fd4131,0.7281411688190049,10734.43,10826.61,True,False
Emergent_anticipation_autonomy_cd3792,Emergent_contradiction_emerges_e19e6c,0.7442890089793682,10734.43,10826.95,True,False
Emergent_anticipation_autonomy_cd3792,Emergent_anticipation_carefully_b72fad,0.7375454044057462,10734.43,10844.6,True,False
Emergent_anticipation_autonomy_cd3792,Emergent_appears_asymmetry_7aac44,0.7442929188004168,10734.43,10862.27,True,False
Emergent_anticipation_autonomy_cd3792,Emergent_autonomy_carefully_659b9f,0.7380856386100481,10734.43,10901.54,True,False
Emergent_anticipation_autonomy_cd3792,Emergent_clarity_constraint_95d732,0.7425246678453591,10734.43,11017.74,True,False
Emergent_anticipation_autonomy_cd3792,Emergent_constraint_dissipation_b28fdc,0.7271543393510846,10734.43,11036.22,True,False
Emergent_anticipation_autonomy_cd3792,Emergent_bounded_connection_422d1b,0.740107398104779,10734.43,11054.16,True,False
Emergent_anticipation_autonomy_cd3792,Emergent_appears_asymmetry_9e9e75,0.740894084633893,10734.43,11078.48,True,False
Emergent_anticipation_autonomy_cd3792,Emergent_connection_constraint_2d4546,0.7300751512769086,10734.43,11140.84,True,False
Emergent_anticipation_autonomy_cd3792,Emergent_bounded_carefully_09c04f,0.7452744797319325,10734.43,11179.55,True,False
Emergent_anticipation_autonomy_cd3792,Emergent_beneficence_constraint_9c1b39,0.7355269584837816,10734.43,11220.47,True,False
Emergent_anticipation_autonomy_cd3792,Emergent_anticipation_bounded_2f7e1b,0.6949164019228895,10734.43,11355.8,True,False
Emergent_autonomy_collective_4a8f61,Emergent_appears_asymmetry_41784a,0.7301192476782985,10734.77,10771.73,True,False
Emergent_autonomy_collective_4a8f61,Emergent_appears_asymmetry_8ccc17,0.7301196261576712,10734.77,10772.07,True,False
Emergent_autonomy_collective_4a8f61,Emergent_appears_asymmetry_1c5d82,0.7301365814442611,10734.77,10808.82,True,False
Emergent_autonomy_collective_4a8f61,Emergent_contradiction_emerges_fd4131,0.7281411688190049,10734.77,10826.61,True,False
Emergent_autonomy_collective_4a8f61,Emergent_contradiction_emerges_e19e6c,0.7301209421600666,10734.77,10826.95,True,False
Emergent_autonomy_collective_4a8f61,Emergent_anticipation_carefully_b72fad,0.730122897070591,10734.77,10844.6,True,False
Emergent_autonomy_collective_4a8f61,Emergent_appears_asymmetry_7aac44,0.7301248519811153,10734.77,10862.27,True,False
Emergent_autonomy_collective_4a8f61,Emergent_autonomy_carefully_659b9f,0.7300841579253036,10734.77,10901.54,True,False
Emergent_autonomy_collective_4a8f61,Emergent_clarity_constraint_95d732,0.7283457935665766,10734.77,11017.74,True,False
Emergent_autonomy_collective_4a8f61,Emergent_constraint_dissipation_b28fdc,0.7271543393510846,10734.77,11036.22,True,False
Emergent_autonomy_collective_4a8f61,Emergent_bounded_connection_422d1b,0.729636697201178,10734.77,11054.16,True,False
Emergent_autonomy_collective_4a8f61,Emergent_appears_asymmetry_9e9e75,0.7305088489224292,10734.77,11078.48,True,False
Emergent_autonomy_collective_4a8f61,Emergent_connection_constraint_2d4546,0.7199927157048626,10734.77,11140.84,True,False
Emergent_autonomy_collective_4a8f61,Emergent_bounded_carefully_09c04f,0.7315817566631003,10734.77,11179.55,True,False
Emergent_autonomy_collective_4a8f61,Emergent_beneficence_constraint_9c1b39,0.7273816873631005,10734.77,11220.47,True,False
Emergent_autonomy_collective_4a8f61,Emergent_anticipation_bounded_2f7e1b,0.6909524216041247,10734.77,11355.8,True,False
Emergent_appears_asymmetry_41784a,Emergent_appears_asymmetry_8ccc17,0.7421716481668278,10771.73,10772.07,True,False
Emergent_appears_asymmetry_41784a,Emergent_appears_asymmetry_1c5d82,0.7421897487141921,10771.73,10808.82,True,False
Emergent_appears_asymmetry_41784a,Emergent_contradiction_emerges_fd4131,0.7281411688190049,10771.73,10826.61,True,False
Emergent_appears_asymmetry_41784a,Emergent_contradiction_emerges_e19e6c,0.7421741094299977,10771.73,10826.95,True,False
Emergent_appears_asymmetry_41784a,Emergent_anticipation_carefully_b72fad,0.7375454044057462,10771.73,10844.6,True,False
Emergent_appears_asymmetry_41784a,Emergent_appears_asymmetry_7aac44,0.7421780192510464,10771.73,10862.27,True,False
Emergent_appears_asymmetry_41784a,Emergent_autonomy_carefully_659b9f,0.7380856386100481,10771.73,10901.54,True,False
Emergent_appears_asymmetry_41784a,Emergent_clarity_constraint_95d732,0.7404081514448622,10771.73,11017.74,True,False
Emergent_appears_asymmetry_41784a,Emergent_constraint_dissipation_b28fdc,0.7271543393510846,10771.73,11036.22,True,False
Emergent_appears_asymmetry_41784a,Emergent_bounded_connection_422d1b,0.740107398104779,10771.73,11054.16,True,False
Emergent_appears_asymmetry_41784a,Emergent_appears_asymmetry_9e9e75,0.740894084633893,10771.73,11078.48,True,False
Emergent_appears_asymmetry_41784a,Emergent_connection_constraint_2d4546,0.7300751512769086,10771.73,11140.84,True,False
Emergent_appears_asymmetry_41784a,Emergent_bounded_carefully_09c04f,0.7432259784394172,10771.73,11179.55,True,False
Emergent_appears_asymmetry_41784a,Emergent_beneficence_constraint_9c1b39,0.7355269584837816,10771.73,11220.47,True,False
Emergent_appears_asymmetry_41784a,Emergent_anticipation_bounded_2f7e1b,0.6943233702252736,10771.73,11355.8,True,False
Emergent_appears_asymmetry_8ccc17,Emergent_appears_asymmetry_1c5d82,0.7473889982688046,10772.07,10808.82,True,False
Emergent_appears_asymmetry_8ccc17,Emergent_contradiction_emerges_fd4131,0.7281411688190049,10772.07,10826.61,True,False
Emergent_appears_asymmetry_8ccc17,Emergent_contradiction_emerges_e19e6c,0.7481869068255519,10772.07,10826.95,True,False
Emergent_appears_asymmetry_8ccc17,Emergent_anticipation_carefully_b72fad,0.7375454044057462,10772.07,10844.6,True,False
Emergent_appears_asymmetry_8ccc17,Emergent_appears_asymmetry_7aac44,0.7477943759667763,10772.07,10862.27,True,False
Emergent_appears_asymmetry_8ccc17,Emergent_autonomy_carefully_659b9f,0.7380856386100481,10772.07,10901.54,True,False
Emergent_appears_asymmetry_8ccc17,Emergent_clarity_constraint_95d732,0.7464255920729989,10772.07,11017.74,True,False
Emergent_appears_asymmetry_8ccc17,Emergent_constraint_dissipation_b28fdc,0.7271543393510846,10772.07,11036.22,True,False
Emergent_appears_asymmetry_8ccc17,Emergent_bounded_connection_422d1b,0.740107398104779,10772.07,11054.16,True,False
Emergent_appears_asymmetry_8ccc17,Emergent_appears_asymmetry_9e9e75,0.740894084633893,10772.07,11078.48,True,False
Emergent_appears_asymmetry_8ccc17,Emergent_connection_constraint_2d4546,0.7300751512769086,10772.07,11140.84,True,False
Emergent_appears_asymmetry_8ccc17,Emergent_bounded_carefully_09c04f,0.7491088131619648,10772.07,11179.55,True,False
Emergent_appears_asymmetry_8ccc17,Emergent_beneficence_constraint_9c1b39,0.7355269584837816,10772.07,11220.47,True,False
Emergent_appears_asymmetry_8ccc17,Emergent_anticipation_bounded_2f7e1b,0.6960264238064713,10772.07,11355.8,True,False
Emergent_appears_asymmetry_1c5d82,Emergent_contradiction_emerges_fd4131,0.7281411688190049,10808.82,10826.61,True,False
Emergent_appears_asymmetry_1c5d82,Emergent_contradiction_emerges_e19e6c,0.7473733589846103,10808.82,10826.95,True,False
Emergent_appears_asymmetry_1c5d82,Emergent_anticipation_carefully_b72fad,0.7375454044057462,10808.82,10844.6,True,False
Emergent_appears_asymmetry_1c5d82,Emergent_appears_asymmetry_7aac44,0.7473772688056589,10808.82,10862.27,True,False
Emergent_appears_asymmetry_1c5d82,Emergent_autonomy_carefully_659b9f,0.7380856386100481,10808.82,10901.54,True,False
Emergent_appears_asymmetry_1c5d82,Emergent_clarity_constraint_95d732,0.7456114125823332,10808.82,11017.74,True,False
Emergent_appears_asymmetry_1c5d82,Emergent_constraint_dissipation_b28fdc,0.7271543393510846,10808.82,11036.22,True,False
Emergent_appears_asymmetry_1c5d82,Emergent_bounded_connection_422d1b,0.740107398104779,10808.82,11054.16,True,False
Emergent_appears_asymmetry_1c5d82,Emergent_appears_asymmetry_9e9e75,0.740894084633893,10808.82,11078.48,True,False
Emergent_appears_asymmetry_1c5d82,Emergent_connection_constraint_2d4546,0.7300751512769086,10808.82,11140.84,True,False
Emergent_appears_asymmetry_1c5d82,Emergent_bounded_carefully_09c04f,0.7483085321370253,10808.82,11179.55,True,False
Emergent_appears_asymmetry_1c5d82,Emergent_beneficence_constraint_9c1b39,0.7355269584837816,10808.82,11220.47,True,False
Emergent_appears_asymmetry_1c5d82,Emergent_anticipation_bounded_2f7e1b,0.6957947461323962,10808.82,11355.8,True,False
Emergent_contradiction_emerges_fd4131,Emergent_contradiction_emerges_e19e6c,0.7280981607874707,10826.61,10826.95,True,False
Emergent_contradiction_emerges_fd4131,Emergent_anticipation_carefully_b72fad,0.7281001156979948,10826.61,10844.6,True,False
Emergent_contradiction_emerges_fd4131,Emergent_appears_asymmetry_7aac44,0.7281020706085192,10826.61,10862.27,True,False
Emergent_contradiction_emerges_fd4131,Emergent_autonomy_carefully_659b9f,0.7281043845842416,10826.61,10901.54,True,False
Emergent_contradiction_emerges_fd4131,Emergent_clarity_constraint_95d732,0.7263645106371219,10826.61,11017.74,True,False
Emergent_contradiction_emerges_fd4131,Emergent_constraint_dissipation_b28fdc,0.7263539693851807,10826.61,11036.22,True,False
Emergent_contradiction_emerges_fd4131,Emergent_bounded_connection_422d1b,0.7276436877481615,10826.61,11054.16,True,False
Emergent_contradiction_emerges_fd4131,Emergent_appears_asymmetry_9e9e75,0.7285448826019518,10826.61,11078.48,True,False
Emergent_contradiction_emerges_fd4131,Emergent_connection_constraint_2d4546,0.7180379086733907,10826.61,11140.84,True,False
Emergent_contradiction_emerges_fd4131,Emergent_bounded_carefully_09c04f,0.7296691539974365,10826.61,11179.55,True,False
Emergent_contradiction_emerges_fd4131,Emergent_beneficence_constraint_9c1b39,0.7254690846974367,10826.61,11220.47,True,False
Emergent_contradiction_emerges_fd4131,Emergent_anticipation_bounded_2f7e1b,0.690398731933619,10826.61,11355.8,True,False
Emergent_contradiction_emerges_e19e6c,Emergent_anticipation_carefully_b72fad,0.7375023963742118,10826.95,10844.6,True,False
Emergent_contradiction_emerges_e19e6c,Emergent_appears_asymmetry_7aac44,0.747751367935242,10826.95,10862.27,True,False
Emergent_contradiction_emerges_e19e6c,Emergent_autonomy_carefully_659b9f,0.7380856386100481,10826.95,10901.54,True,False
Emergent_contradiction_emerges_e19e6c,Emergent_clarity_constraint_95d732,0.7468762462650957,10826.95,11017.74,True,False
Emergent_contradiction_emerges_e19e6c,Emergent_constraint_dissipation_b28fdc,0.7271543393510846,10826.95,11036.22,True,False
Emergent_contradiction_emerges_e19e6c,Emergent_bounded_connection_422d1b,0.740107398104779,10826.95,11054.16,True,False
Emergent_contradiction_emerges_e19e6c,Emergent_appears_asymmetry_9e9e75,0.740894084633893,10826.95,11078.48,True,False
Emergent_contradiction_emerges_e19e6c,Emergent_connection_constraint_2d4546,0.7300751512769086,10826.95,11140.84,True,False
Emergent_contradiction_emerges_e19e6c,Emergent_bounded_carefully_09c04f,0.7509501971251422,10826.95,11179.55,True,False
Emergent_contradiction_emerges_e19e6c,Emergent_beneficence_constraint_9c1b39,0.7355269584837816,10826.95,11220.47,True,False
Emergent_contradiction_emerges_e19e6c,Emergent_anticipation_bounded_2f7e1b,0.6961858364558363,10826.95,11355.8,True,False
Emergent_anticipation_carefully_b72fad,Emergent_appears_asymmetry_7aac44,0.7375063061952605,10844.6,10862.27,True,False
Emergent_anticipation_carefully_b72fad,Emergent_autonomy_carefully_659b9f,0.7375066652604588,10844.6,10901.54,True,False
Emergent_anticipation_carefully_b72fad,Emergent_clarity_constraint_95d732,0.7357739606056418,10844.6,11017.74,True,False
Emergent_anticipation_carefully_b72fad,Emergent_constraint_dissipation_b28fdc,0.7271543393510846,10844.6,11036.22,True,False
Emergent_anticipation_carefully_b72fad,Emergent_bounded_connection_422d1b,0.7371088289736545,10844.6,11054.16,True,False
Emergent_anticipation_carefully_b72fad,Emergent_appears_asymmetry_9e9e75,0.7378720930460835,10844.6,11078.48,True,False
Emergent_anticipation_carefully_b72fad,Emergent_connection_constraint_2d4546,0.7273216200945594,10844.6,11140.84,True,False
Emergent_anticipation_carefully_b72fad,Emergent_bounded_carefully_09c04f,0.7387524296995978,10844.6,11179.55,True,False
Emergent_anticipation_carefully_b72fad,Emergent_beneficence_constraint_9c1b39,0.7345523603995978,10844.6,11220.47,True,False
Emergent_anticipation_carefully_b72fad,Emergent_anticipation_bounded_2f7e1b,0.6930282984509788,10844.6,11355.8,True,False
Emergent_appears_asymmetry_7aac44,Emergent_autonomy_carefully_659b9f,0.7380856386100481,10862.27,10901.54,True,False
Emergent_appears_asymmetry_7aac44,Emergent_clarity_constraint_95d732,0.7460288435911827,10862.27,11017.74,True,False
Emergent_appears_asymmetry_7aac44,Emergent_constraint_dissipation_b28fdc,0.7271543393510846,10862.27,11036.22,True,False
Emergent_appears_asymmetry_7aac44,Emergent_bounded_connection_422d1b,0.740107398104779,10862.27,11054.16,True,False
Emergent_appears_asymmetry_7aac44,Emergent_appears_asymmetry_9e9e75,0.740894084633893,10862.27,11078.48,True,False
Emergent_appears_asymmetry_7aac44,Emergent_connection_constraint_2d4546,0.7300751512769086,10862.27,11140.84,True,False
Emergent_appears_asymmetry_7aac44,Emergent_bounded_carefully_09c04f,0.7487188373822856,10862.27,11179.55,True,False
Emergent_appears_asymmetry_7aac44,Emergent_beneficence_constraint_9c1b39,0.7355269584837816,10862.27,11220.47,True,False
Emergent_appears_asymmetry_7aac44,Emergent_anticipation_bounded_2f7e1b,0.6959135276128018,10862.27,11355.8,True,False
Emergent_autonomy_carefully_659b9f,Emergent_clarity_constraint_95d732,0.7363533754256916,10901.54,11017.74,True,False
Emergent_autonomy_carefully_659b9f,Emergent_constraint_dissipation_b28fdc,0.7271543393510846,10901.54,11036.22,True,False
Emergent_autonomy_carefully_659b9f,Emergent_bounded_connection_422d1b,0.7376916731482088,10901.54,11054.16,True,False
Emergent_autonomy_carefully_659b9f,Emergent_appears_asymmetry_9e9e75,0.7384464437232359,10901.54,11078.48,True,False
Emergent_autonomy_carefully_659b9f,Emergent_connection_constraint_2d4546,0.7278932921902169,10901.54,11140.84,True,False
Emergent_autonomy_carefully_659b9f,Emergent_bounded_carefully_09c04f,0.7393117593707301,10901.54,11179.55,True,False
Emergent_autonomy_carefully_659b9f,Emergent_beneficence_constraint_9c1b39,0.7351116900707302,10901.54,11220.47,True,False
Emergent_autonomy_carefully_659b9f,Emergent_anticipation_bounded_2f7e1b,0.69319022181691,10901.54,11355.8,True,False
Emergent_clarity_constraint_95d732,Emergent_constraint_dissipation_b28fdc,0.7268448613765374,11017.74,11036.22,True,False
Emergent_clarity_constraint_95d732,Emergent_bounded_connection_422d1b,0.739801885799035,11017.74,11054.16,True,False
Emergent_clarity_constraint_95d732,Emergent_appears_asymmetry_9e9e75,0.740894084633893,11017.74,11078.48,True,False
Emergent_clarity_constraint_95d732,Emergent_connection_constraint_2d4546,0.7300751512769086,11017.74,11140.84,True,False
Emergent_clarity_constraint_95d732,Emergent_bounded_carefully_09c04f,0.7495517744535215,11017.74,11179.55,True,False
Emergent_clarity_constraint_95d732,Emergent_beneficence_constraint_9c1b39,0.7355269584837816,11017.74,11220.47,True,False
Emergent_clarity_constraint_95d732,Emergent_anticipation_bounded_2f7e1b,0.6961546590620066,11017.74,11355.8,True,False
Emergent_constraint_dissipation_b28fdc,Emergent_bounded_connection_422d1b,0.7281219763132895,11036.22,11054.16,True,False
Emergent_constraint_dissipation_b28fdc,Emergent_appears_asymmetry_9e9e75,0.7293382959526857,11036.22,11078.48,True,False
Emergent_constraint_dissipation_b28fdc,Emergent_connection_constraint_2d4546,0.7188276218068123,11036.22,11140.84,True,False
Emergent_constraint_dissipation_b28fdc,Emergent_bounded_carefully_09c04f,0.7304418171911813,11036.22,11179.55,True,False
Emergent_constraint_dissipation_b28fdc,Emergent_beneficence_constraint_9c1b39,0.7262417478911813,11036.22,11220.47,True,False
Emergent_constraint_dissipation_b28fdc,Emergent_anticipation_bounded_2f7e1b,0.6906224143726518,11036.22,11355.8,True,False
Emergent_bounded_connection_422d1b,Emergent_appears_asymmetry_9e9e75,0.7408269655251063,11054.16,11078.48,True,False
Emergent_bounded_connection_422d1b,Emergent_connection_constraint_2d4546,0.7300751512769086,11054.16,11140.84,True,False
Emergent_bounded_connection_422d1b,Emergent_bounded_carefully_09c04f,0.7416300233330275,11054.16,11179.55,True,False
Emergent_bounded_connection_422d1b,Emergent_beneficence_constraint_9c1b39,0.7355269584837816,11054.16,11220.47,True,False
Emergent_bounded_connection_422d1b,Emergent_anticipation_bounded_2f7e1b,0.6938613485660639,11054.16,11355.8,True,False
Emergent_appears_asymmetry_9e9e75,Emergent_connection_constraint_2d4546,0.7300751512769086,11078.48,11140.84,True,False
Emergent_appears_asymmetry_9e9e75,Emergent_bounded_carefully_09c04f,0.7416953870742707,11078.48,11179.55,True,False
Emergent_appears_asymmetry_9e9e75,Emergent_beneficence_constraint_9c1b39,0.7355269584837816,11078.48,11220.47,True,False
Emergent_appears_asymmetry_9e9e75,Emergent_anticipation_bounded_2f7e1b,0.69388027106837,11078.48,11355.8,True,False
Emergent_connection_constraint_2d4546,Emergent_bounded_carefully_09c04f,0.7414465120282175,11140.84,11179.55,True,False
Emergent_connection_constraint_2d4546,Emergent_beneficence_constraint_9c1b39,0.7355269584837816,11140.84,11220.47,True,False
Emergent_connection_constraint_2d4546,Emergent_anticipation_bounded_2f7e1b,0.6938082228877834,11140.84,11355.8,True,False
Emergent_bounded_carefully_09c04f,Emergent_beneficence_constraint_9c1b39,0.7355269584837816,11179.55,11220.47,True,False
Emergent_bounded_carefully_09c04f,Emergent_anticipation_bounded_2f7e1b,0.6961858364558363,11179.55,11355.8,True,False
Emergent_beneficence_constraint_9c1b39,Emergent_anticipation_bounded_2f7e1b,0.6933104401115521,11220.47,11355.8,True,False
