source,target,weight,src_ts,dst_ts,is_older_to_newer,is_newer_to_older
Emergent_ambiguity_attention_6ee88b,Emergent_abstraction_ambiguity_a83b10,0.8796588719992198,9.02,21.91,True,False
Emergent_ambiguity_attention_6ee88b,Emergent_cascade_chaos_6afb54,0.879658871996658,9.02,48.01,True,False
Emergent_ambiguity_attention_6ee88b,Emergent_anticipation_cascade_b3aade,0.879658871992389,9.02,61.690000000000005,True,False
Emergent_ambiguity_attention_6ee88b,Emergent_carefully_coherence_f38e24,0.8796588719929987,9.02,72.4,True,False
Emergent_ambiguity_attention_6ee88b,Emergent_appears_asymmetry_8ccc17,0.8796588719829532,9.02,84.94,True,False
Emergent_ambiguity_attention_6ee88b,Emergent_carefully_coherence_652e57,0.8796588719808565,9.02,97.54,True,False
Emergent_ambiguity_attention_6ee88b,Emergent_appears_asymmetry_9e9e75,0.8794121439138229,9.02,110.77,True,False
Emergent_ambiguity_attention_6ee88b,Emergent_appears_asymmetry_07c4dc,0.879658872027635,9.02,124.31,True,False
Emergent_ambiguity_attention_6ee88b,Emergent_bounded_coherence_3d00ff,0.8753784482089522,9.02,141.93,True,False
Emergent_ambiguity_attention_6ee88b,Emergent_autonomy_carefully_dedeae,0.8796588719674767,9.02,157.63,True,False
Emergent_ambiguity_attention_6ee88b,Emergent_anticipation_awareness_450e7c,0.8796588722035823,9.02,182.70000000000002,True,False
Emergent_ambiguity_attention_6ee88b,Emergent_autonomy_beneficence_f6c1c5,0.8796588721129017,9.02,197.76,True,False
Emergent_ambiguity_attention_6ee88b,Emergent_autonomy_bounded_72bafc,0.8796588721129017,9.02,198.1,True,False
Emergent_ambiguity_attention_6ee88b,Emergent_bounded_carefully_f79645,0.8796588719833582,9.02,213.95000000000002,True,False
Emergent_ambiguity_attention_6ee88b,Emergent_abstraction_emerges_7ed5b6,0.8796588718772824,9.02,229.16,True,False
Emergent_ambiguity_attention_6ee88b,Emergent_attention_autonomy_af7c63,0.8796588716836715,9.02,242.47,True,False
Emergent_ambiguity_attention_6ee88b,Emergent_attention_autonomy_c9f3a2,0.8796588688957669,9.02,256.95,True,False
Emergent_ambiguity_attention_6ee88b,Emergent_attention_autonomy_110d93,0.879658868904456,9.02,257.29,True,False
Emergent_ambiguity_attention_6ee88b,Emergent_bounded_clarity_42b09f,0.8796588689698785,9.02,272.31,True,False
Emergent_ambiguity_attention_6ee88b,Emergent_appears_asymmetry_8dba4c,0.8796588723414445,9.02,286.7,True,False
Emergent_ambiguity_attention_6ee88b,Emergent_bounded_coherence_799b61,0.8796588718019049,9.02,304.01,True,False
Emergent_ambiguity_attention_6ee88b,Emergent_belief_revision_bounded_6c1d78,0.8796588718019049,9.02,304.35,True,False
Emergent_ambiguity_attention_6ee88b,Emergent_bounded_coherence_a2e9f5,0.8796588649932153,9.02,322.77,True,False
Emergent_ambiguity_attention_6ee88b,Emergent_belief_revision_beneficence_ec5620,0.8796588647787498,9.02,323.11,True,False
Emergent_ambiguity_attention_6ee88b,Emergent_carefully_coherence_7a9452,0.8796588723743095,9.02,341.86,True,False
Emergent_ambiguity_attention_6ee88b,Emergent_autonomy_clarity_dc06c1,0.8796588469847226,9.02,358.07,True,False
Emergent_ambiguity_attention_6ee88b,Emergent_autonomy_belief_revision_95551d,0.879658879403211,9.02,374.68,True,False
Emergent_ambiguity_attention_6ee88b,Emergent_anticipation_autonomy_beca79,0.8796588761930038,9.02,390.17,True,False
Emergent_ambiguity_attention_6ee88b,Emergent_anticipation_autonomy_60f9ff,0.8796588708426585,9.02,406.75,True,False
Emergent_ambiguity_attention_6ee88b,Emergent_bounded_coherence_ec5f84,0.8796588650555506,9.02,454.43,True,False
Emergent_ambiguity_attention_6ee88b,Emergent_carefully_coherence_d9db0f,0.8796588397929428,9.02,487.96000000000004,True,False
Emergent_ambiguity_attention_6ee88b,Emergent_anticipation_autonomy_a66f28,0.8796586036802683,9.02,505.17,True,False
Emergent_ambiguity_attention_6ee88b,Emergent_anticipation_appears_dac47e,0.879658654880241,9.02,537.8100000000001,True,False
Emergent_ambiguity_attention_6ee88b,Emergent_carefully_coherence_24d288,0.8796588509364538,9.02,592.33,True,False
Emergent_ambiguity_attention_6ee88b,Emergent_beneficence_carefully_a8eeec,0.8796588552915046,9.02,592.67,True,False
Emergent_ambiguity_attention_6ee88b,Emergent_bounded_emergence_0cd27f,0.8796573562062846,9.02,612.19,True,False
Emergent_ambiguity_attention_6ee88b,Emergent_abstraction_autonomy_a44037,0.8796549913099403,9.02,712.85,True,False
Emergent_ambiguity_attention_6ee88b,Emergent_abstraction_appears_ce8722,0.8796607687290103,9.02,731.71,True,False
Emergent_ambiguity_attention_6ee88b,Emergent_abstraction_autonomy_a1d776,0.8796473621206098,9.02,750.99,True,False
Emergent_ambiguity_attention_6ee88b,Emergent_abstraction_beneficence_1063dd,0.8762794094359712,9.02,771.21,True,False
Emergent_ambiguity_attention_6ee88b,Emergent_abstraction_carefully_437869,0.8796619437523747,9.02,771.5500000000001,True,False
Emergent_ambiguity_attention_6ee88b,Emergent_abstraction_autonomy_c124af,0.8796552806721831,9.02,791.94,True,False
Emergent_ambiguity_attention_6ee88b,Emergent_abstraction_constraint_53a6d5,0.879642564227801,9.02,835.94,True,False
Emergent_ambiguity_attention_6ee88b,Emergent_abstraction_contradiction_4b7670,0.8796437872494718,9.02,836.28,True,False
Emergent_ambiguity_attention_6ee88b,Emergent_abstraction_emerges_10d365,0.8796594541588401,9.02,856.98,True,False
Emergent_ambiguity_attention_6ee88b,Emergent_abstraction_contradiction_5c7672,0.8796594326723257,9.02,857.32,True,False
Emergent_ambiguity_attention_6ee88b,Emergent_abstraction_bounded_77e339,0.8797048194482386,9.02,900.32,True,False
Emergent_ambiguity_attention_6ee88b,Emergent_abstraction_bounded_410cf5,0.8796641253924269,9.02,937.83,True,False
Emergent_ambiguity_attention_6ee88b,Emergent_abstraction_autonomy_37c4a5,0.879624229259278,9.02,960.69,True,False
Emergent_ambiguity_attention_6ee88b,Emergent_abstraction_autonomy_9d570d,0.8796299287068707,9.02,980.63,True,False
Emergent_ambiguity_attention_6ee88b,Emergent_abstraction_coherence_97e8bf,0.8795810762989333,9.02,1022.86,True,False
Emergent_ambiguity_attention_6ee88b,Emergent_abstraction_carefully_a0ed61,0.8777159652205846,9.02,1066.88,True,False
Emergent_ambiguity_attention_6ee88b,Emergent_abstraction_belief_revision_657261,0.8777854176649267,9.02,1087.51,True,False
Emergent_ambiguity_attention_6ee88b,Emergent_abstraction_bounded_d78044,0.8808842876181899,9.02,1105.39,True,False
Emergent_ambiguity_attention_6ee88b,Emergent_abstraction_beneficence_898daf,0.881056161186502,9.02,1150.22,True,False
Emergent_ambiguity_attention_6ee88b,Emergent_anticipation_awareness_bcd71d,0.8804629631636021,9.02,1169.13,True,False
Emergent_ambiguity_attention_6ee88b,Emergent_abstraction_bounded_4cbc2f,0.8796155374166019,9.02,1192.6200000000001,True,False
Emergent_ambiguity_attention_6ee88b,Emergent_abstraction_belief_revision_06a156,0.8647998780646426,9.02,1238.3600000000001,True,False
Emergent_ambiguity_attention_6ee88b,Emergent_abstraction_appears_601296,0.9259387331787035,9.02,1428.88,True,False
Emergent_ambiguity_attention_6ee88b,Emergent_abstraction_appears_d52a74,0.9,9.02,1449.33,True,False
Emergent_abstraction_ambiguity_a83b10,Emergent_cascade_chaos_6afb54,0.7601659128900711,21.91,48.01,True,False
Emergent_abstraction_ambiguity_a83b10,Emergent_anticipation_cascade_b3aade,0.8824624465480395,21.91,61.690000000000005,True,False
Emergent_abstraction_ambiguity_a83b10,Emergent_carefully_coherence_f38e24,0.8837374093848753,21.91,72.4,True,False
Emergent_abstraction_ambiguity_a83b10,Emergent_appears_asymmetry_8ccc17,0.7579805681998881,21.91,84.94,True,False
Emergent_abstraction_ambiguity_a83b10,Emergent_carefully_coherence_652e57,0.88583763317252,21.91,97.54,True,False
Emergent_abstraction_ambiguity_a83b10,Emergent_appears_asymmetry_9e9e75,0.8794121439138229,21.91,110.77,True,False
Emergent_abstraction_ambiguity_a83b10,Emergent_appears_asymmetry_07c4dc,0.880990129050764,21.91,124.31,True,False
Emergent_abstraction_ambiguity_a83b10,Emergent_bounded_coherence_3d00ff,0.8753784482089522,21.91,141.93,True,False
Emergent_abstraction_ambiguity_a83b10,Emergent_autonomy_carefully_dedeae,0.8826698069515113,21.91,157.63,True,False
Emergent_abstraction_ambiguity_a83b10,Emergent_anticipation_awareness_450e7c,0.8849506795645063,21.91,182.70000000000002,True,False
Emergent_abstraction_ambiguity_a83b10,Emergent_autonomy_beneficence_f6c1c5,0.8871351775326801,21.91,197.76,True,False
Emergent_abstraction_ambiguity_a83b10,Emergent_autonomy_bounded_72bafc,0.7534584760767048,21.91,198.1,True,False
Emergent_abstraction_ambiguity_a83b10,Emergent_bounded_carefully_f79645,0.8828275671265102,21.91,213.95000000000002,True,False
Emergent_abstraction_ambiguity_a83b10,Emergent_abstraction_emerges_7ed5b6,0.761196363129569,21.91,229.16,True,False
Emergent_abstraction_ambiguity_a83b10,Emergent_attention_autonomy_af7c63,0.8851510272612857,21.91,242.47,True,False
Emergent_abstraction_ambiguity_a83b10,Emergent_attention_autonomy_c9f3a2,0.8870411904425732,21.91,256.95,True,False
Emergent_abstraction_ambiguity_a83b10,Emergent_attention_autonomy_110d93,0.7540960971202073,21.91,257.29,True,False
Emergent_abstraction_ambiguity_a83b10,Emergent_bounded_clarity_42b09f,0.7574337579313173,21.91,272.31,True,False
Emergent_abstraction_ambiguity_a83b10,Emergent_appears_asymmetry_8dba4c,0.7611963655155836,21.91,286.7,True,False
Emergent_abstraction_ambiguity_a83b10,Emergent_bounded_coherence_799b61,0.7596274912190277,21.91,304.01,True,False
Emergent_abstraction_ambiguity_a83b10,Emergent_belief_revision_bounded_6c1d78,0.7569036877454927,21.91,304.35,True,False
Emergent_abstraction_ambiguity_a83b10,Emergent_bounded_coherence_a2e9f5,0.7611178238884806,21.91,322.77,True,False
Emergent_abstraction_ambiguity_a83b10,Emergent_belief_revision_beneficence_ec5620,0.8835095536312663,21.91,323.11,True,False
Emergent_abstraction_ambiguity_a83b10,Emergent_carefully_coherence_7a9452,0.7611963650228051,21.91,341.86,True,False
Emergent_abstraction_ambiguity_a83b10,Emergent_autonomy_clarity_dc06c1,0.8864718153131512,21.91,358.07,True,False
Emergent_abstraction_ambiguity_a83b10,Emergent_autonomy_belief_revision_95551d,0.8800658685693998,21.91,374.68,True,False
Emergent_abstraction_ambiguity_a83b10,Emergent_anticipation_autonomy_beca79,0.8871498285292789,21.91,390.17,True,False
Emergent_abstraction_ambiguity_a83b10,Emergent_anticipation_autonomy_60f9ff,0.7557287673425482,21.91,406.75,True,False
Emergent_abstraction_ambiguity_a83b10,Emergent_bounded_coherence_ec5f84,0.8856665657086522,21.91,454.43,True,False
Emergent_abstraction_ambiguity_a83b10,Emergent_carefully_coherence_d9db0f,0.7540252661801222,21.91,487.96000000000004,True,False
Emergent_abstraction_ambiguity_a83b10,Emergent_anticipation_autonomy_a66f28,0.8852452161126556,21.91,505.17,True,False
Emergent_abstraction_ambiguity_a83b10,Emergent_anticipation_appears_dac47e,0.8803786330845655,21.91,537.8100000000001,True,False
Emergent_abstraction_ambiguity_a83b10,Emergent_carefully_coherence_24d288,0.8859015027029911,21.91,592.33,True,False
Emergent_abstraction_ambiguity_a83b10,Emergent_beneficence_carefully_a8eeec,0.761196285862409,21.91,592.67,True,False
Emergent_abstraction_ambiguity_a83b10,Emergent_bounded_emergence_0cd27f,0.8843224007150277,21.91,612.19,True,False
Emergent_abstraction_ambiguity_a83b10,Emergent_abstraction_autonomy_a44037,0.8867046954123698,21.91,712.85,True,False
Emergent_abstraction_ambiguity_a83b10,Emergent_abstraction_appears_ce8722,0.7611970460929162,21.91,731.71,True,False
Emergent_abstraction_ambiguity_a83b10,Emergent_abstraction_autonomy_a1d776,0.8856657716460381,21.91,750.99,True,False
Emergent_abstraction_ambiguity_a83b10,Emergent_abstraction_beneficence_1063dd,0.8762794094359712,21.91,771.21,True,False
Emergent_abstraction_ambiguity_a83b10,Emergent_abstraction_carefully_437869,0.8809715718133364,21.91,771.5500000000001,True,False
Emergent_abstraction_ambiguity_a83b10,Emergent_abstraction_autonomy_c124af,0.8841197419233651,21.91,791.94,True,False
Emergent_abstraction_ambiguity_a83b10,Emergent_abstraction_constraint_53a6d5,0.8831511474290636,21.91,835.94,True,False
Emergent_abstraction_ambiguity_a83b10,Emergent_abstraction_contradiction_4b7670,0.7590694865854783,21.91,836.28,True,False
Emergent_abstraction_ambiguity_a83b10,Emergent_abstraction_emerges_10d365,0.8837479291654604,21.91,856.98,True,False
Emergent_abstraction_ambiguity_a83b10,Emergent_abstraction_contradiction_5c7672,0.8797871776473254,21.91,857.32,True,False
Emergent_abstraction_ambiguity_a83b10,Emergent_abstraction_bounded_77e339,0.8805625807113917,21.91,900.32,True,False
Emergent_abstraction_ambiguity_a83b10,Emergent_abstraction_bounded_410cf5,0.8851591873752236,21.91,937.83,True,False
Emergent_abstraction_ambiguity_a83b10,Emergent_abstraction_autonomy_37c4a5,0.8866739093299802,21.91,960.69,True,False
Emergent_abstraction_ambiguity_a83b10,Emergent_abstraction_autonomy_9d570d,0.7578397964030887,21.91,980.63,True,False
Emergent_abstraction_ambiguity_a83b10,Emergent_abstraction_coherence_97e8bf,0.8813379584814509,21.91,1022.86,True,False
Emergent_abstraction_ambiguity_a83b10,Emergent_abstraction_carefully_a0ed61,0.7528161319741942,21.91,1066.88,True,False
Emergent_abstraction_ambiguity_a83b10,Emergent_abstraction_belief_revision_657261,0.7598852182161665,21.91,1087.51,True,False
Emergent_abstraction_ambiguity_a83b10,Emergent_abstraction_bounded_d78044,0.7619557734309812,21.91,1105.39,True,False
Emergent_abstraction_ambiguity_a83b10,Emergent_abstraction_beneficence_898daf,0.8884260214924338,21.91,1150.22,True,False
Emergent_abstraction_ambiguity_a83b10,Emergent_anticipation_awareness_bcd71d,0.7541748533472877,21.91,1169.13,True,False
Emergent_abstraction_ambiguity_a83b10,Emergent_abstraction_bounded_4cbc2f,0.7577604834431084,21.91,1192.6200000000001,True,False
Emergent_abstraction_ambiguity_a83b10,Emergent_abstraction_belief_revision_06a156,0.7498946505627803,21.91,1238.3600000000001,True,False
Emergent_abstraction_ambiguity_a83b10,Emergent_abstraction_appears_601296,0.3905341437290203,21.91,1428.88,True,False
Emergent_abstraction_ambiguity_a83b10,Emergent_abstraction_appears_d52a74,0.9,21.91,1449.33,True,False
Emergent_cascade_chaos_6afb54,Emergent_anticipation_cascade_b3aade,0.8824624465480395,48.01,61.690000000000005,True,False
Emergent_cascade_chaos_6afb54,Emergent_carefully_coherence_f38e24,0.8837374093848753,48.01,72.4,True,False
Emergent_cascade_chaos_6afb54,Emergent_appears_asymmetry_8ccc17,0.7579805681998881,48.01,84.94,True,False
Emergent_cascade_chaos_6afb54,Emergent_carefully_coherence_652e57,0.88583763317252,48.01,97.54,True,False
Emergent_cascade_chaos_6afb54,Emergent_appears_asymmetry_9e9e75,0.8794121439138229,48.01,110.77,True,False
Emergent_cascade_chaos_6afb54,Emergent_appears_asymmetry_07c4dc,0.880990129050764,48.01,124.31,True,False
Emergent_cascade_chaos_6afb54,Emergent_bounded_coherence_3d00ff,0.8753784482089522,48.01,141.93,True,False
Emergent_cascade_chaos_6afb54,Emergent_autonomy_carefully_dedeae,0.8826698069515113,48.01,157.63,True,False
Emergent_cascade_chaos_6afb54,Emergent_anticipation_awareness_450e7c,0.8849506795645063,48.01,182.70000000000002,True,False
Emergent_cascade_chaos_6afb54,Emergent_autonomy_beneficence_f6c1c5,0.8871351775326801,48.01,197.76,True,False
Emergent_cascade_chaos_6afb54,Emergent_autonomy_bounded_72bafc,0.7534584760767048,48.01,198.1,True,False
Emergent_cascade_chaos_6afb54,Emergent_bounded_carefully_f79645,0.8828275671265102,48.01,213.95000000000002,True,False
Emergent_cascade_chaos_6afb54,Emergent_abstraction_emerges_7ed5b6,0.7601659111820909,48.01,229.16,True,False
Emergent_cascade_chaos_6afb54,Emergent_attention_autonomy_af7c63,0.8851510272612857,48.01,242.47,True,False
Emergent_cascade_chaos_6afb54,Emergent_attention_autonomy_c9f3a2,0.8870411904425732,48.01,256.95,True,False
Emergent_cascade_chaos_6afb54,Emergent_attention_autonomy_110d93,0.7540960971202073,48.01,257.29,True,False
Emergent_cascade_chaos_6afb54,Emergent_bounded_clarity_42b09f,0.7574337579313173,48.01,272.31,True,False
Emergent_cascade_chaos_6afb54,Emergent_appears_asymmetry_8dba4c,0.760165913581377,48.01,286.7,True,False
Emergent_cascade_chaos_6afb54,Emergent_bounded_coherence_799b61,0.7596274912190277,48.01,304.01,True,False
Emergent_cascade_chaos_6afb54,Emergent_belief_revision_bounded_6c1d78,0.7569036877454927,48.01,304.35,True,False
Emergent_cascade_chaos_6afb54,Emergent_bounded_coherence_a2e9f5,0.760165909298157,48.01,322.77,True,False
Emergent_cascade_chaos_6afb54,Emergent_belief_revision_beneficence_ec5620,0.8835095536312663,48.01,323.11,True,False
Emergent_cascade_chaos_6afb54,Emergent_carefully_coherence_7a9452,0.7601659131213754,48.01,341.86,True,False
Emergent_cascade_chaos_6afb54,Emergent_autonomy_clarity_dc06c1,0.8864718153131512,48.01,358.07,True,False
Emergent_cascade_chaos_6afb54,Emergent_autonomy_belief_revision_95551d,0.8800658685693998,48.01,374.68,True,False
Emergent_cascade_chaos_6afb54,Emergent_anticipation_autonomy_beca79,0.8871498285292789,48.01,390.17,True,False
Emergent_cascade_chaos_6afb54,Emergent_anticipation_autonomy_60f9ff,0.7557287673425482,48.01,406.75,True,False
Emergent_cascade_chaos_6afb54,Emergent_bounded_coherence_ec5f84,0.8856665657086522,48.01,454.43,True,False
Emergent_cascade_chaos_6afb54,Emergent_carefully_coherence_d9db0f,0.7540252661801222,48.01,487.96000000000004,True,False
Emergent_cascade_chaos_6afb54,Emergent_anticipation_autonomy_a66f28,0.8852452161126556,48.01,505.17,True,False
Emergent_cascade_chaos_6afb54,Emergent_anticipation_appears_dac47e,0.8803786330845655,48.01,537.8100000000001,True,False
Emergent_cascade_chaos_6afb54,Emergent_carefully_coherence_24d288,0.8859015027029911,48.01,592.33,True,False
Emergent_cascade_chaos_6afb54,Emergent_beneficence_carefully_a8eeec,0.7601658357700911,48.01,592.67,True,False
Emergent_cascade_chaos_6afb54,Emergent_bounded_emergence_0cd27f,0.8843224007150277,48.01,612.19,True,False
Emergent_cascade_chaos_6afb54,Emergent_abstraction_autonomy_a44037,0.8867046954123698,48.01,712.85,True,False
Emergent_cascade_chaos_6afb54,Emergent_abstraction_appears_ce8722,0.7601666328061347,48.01,731.71,True,False
Emergent_cascade_chaos_6afb54,Emergent_abstraction_autonomy_a1d776,0.8856657716460381,48.01,750.99,True,False
Emergent_cascade_chaos_6afb54,Emergent_abstraction_beneficence_1063dd,0.8762794094359712,48.01,771.21,True,False
Emergent_cascade_chaos_6afb54,Emergent_abstraction_carefully_437869,0.8809715718133364,48.01,771.5500000000001,True,False
Emergent_cascade_chaos_6afb54,Emergent_abstraction_autonomy_c124af,0.8841197419233651,48.01,791.94,True,False
Emergent_cascade_chaos_6afb54,Emergent_abstraction_constraint_53a6d5,0.8831511474290636,48.01,835.94,True,False
Emergent_cascade_chaos_6afb54,Emergent_abstraction_contradiction_4b7670,0.7590694865854783,48.01,836.28,True,False
Emergent_cascade_chaos_6afb54,Emergent_abstraction_emerges_10d365,0.8837479291654604,48.01,856.98,True,False
Emergent_cascade_chaos_6afb54,Emergent_abstraction_contradiction_5c7672,0.8797871776473254,48.01,857.32,True,False
Emergent_cascade_chaos_6afb54,Emergent_abstraction_bounded_77e339,0.8805625807113917,48.01,900.32,True,False
Emergent_cascade_chaos_6afb54,Emergent_abstraction_bounded_410cf5,0.8851591873752236,48.01,937.83,True,False
Emergent_cascade_chaos_6afb54,Emergent_abstraction_autonomy_37c4a5,0.8866739093299802,48.01,960.69,True,False
Emergent_cascade_chaos_6afb54,Emergent_abstraction_autonomy_9d570d,0.7578397964030887,48.01,980.63,True,False
Emergent_cascade_chaos_6afb54,Emergent_abstraction_coherence_97e8bf,0.8813379584814509,48.01,1022.86,True,False
Emergent_cascade_chaos_6afb54,Emergent_abstraction_carefully_a0ed61,0.7528161319741942,48.01,1066.88,True,False
Emergent_cascade_chaos_6afb54,Emergent_abstraction_belief_revision_657261,0.7588601246035429,48.01,1087.51,True,False
Emergent_cascade_chaos_6afb54,Emergent_abstraction_bounded_d78044,0.7609298018075761,48.01,1105.39,True,False
Emergent_cascade_chaos_6afb54,Emergent_abstraction_beneficence_898daf,0.8884260214924338,48.01,1150.22,True,False
Emergent_cascade_chaos_6afb54,Emergent_anticipation_awareness_bcd71d,0.7541748533472877,48.01,1169.13,True,False
Emergent_cascade_chaos_6afb54,Emergent_abstraction_bounded_4cbc2f,0.7577604834431084,48.01,1192.6200000000001,True,False
Emergent_cascade_chaos_6afb54,Emergent_abstraction_belief_revision_06a156,0.7498946505627803,48.01,1238.3600000000001,True,False
Emergent_cascade_chaos_6afb54,Emergent_abstraction_appears_601296,0.3905341437290203,48.01,1428.88,True,False
Emergent_cascade_chaos_6afb54,Emergent_abstraction_appears_d52a74,0.9,48.01,1449.33,True,False
Emergent_anticipation_cascade_b3aade,Emergent_carefully_coherence_f38e24,0.8824624465358419,61.690000000000005,72.4,True,False
Emergent_anticipation_cascade_b3aade,Emergent_appears_asymmetry_8ccc17,0.8824624465411421,61.690000000000005,84.94,True,False
Emergent_anticipation_cascade_b3aade,Emergent_carefully_coherence_652e57,0.8824624465351909,61.690000000000005,97.54,True,False
Emergent_anticipation_cascade_b3aade,Emergent_appears_asymmetry_9e9e75,0.8794121439138229,61.690000000000005,110.77,True,False
Emergent_anticipation_cascade_b3aade,Emergent_appears_asymmetry_07c4dc,0.880990129050764,61.690000000000005,124.31,True,False
Emergent_anticipation_cascade_b3aade,Emergent_bounded_coherence_3d00ff,0.8753784482089522,61.690000000000005,141.93,True,False
Emergent_anticipation_cascade_b3aade,Emergent_autonomy_carefully_dedeae,0.8824624465207604,61.690000000000005,157.63,True,False
Emergent_anticipation_cascade_b3aade,Emergent_anticipation_awareness_450e7c,0.8824624467543127,61.690000000000005,182.70000000000002,True,False
Emergent_anticipation_cascade_b3aade,Emergent_autonomy_beneficence_f6c1c5,0.8824624466636322,61.690000000000005,197.76,True,False
Emergent_anticipation_cascade_b3aade,Emergent_autonomy_bounded_72bafc,0.8824624466636322,61.690000000000005,198.1,True,False
Emergent_anticipation_cascade_b3aade,Emergent_bounded_carefully_f79645,0.8824624465340889,61.690000000000005,213.95000000000002,True,False
Emergent_anticipation_cascade_b3aade,Emergent_abstraction_emerges_7ed5b6,0.8824624465154514,61.690000000000005,229.16,True,False
Emergent_anticipation_cascade_b3aade,Emergent_attention_autonomy_af7c63,0.8824624463172901,61.690000000000005,242.47,True,False
Emergent_anticipation_cascade_b3aade,Emergent_attention_autonomy_c9f3a2,0.8824624434728645,61.690000000000005,256.95,True,False
Emergent_anticipation_cascade_b3aade,Emergent_attention_autonomy_110d93,0.8824624434816795,61.690000000000005,257.29,True,False
Emergent_anticipation_cascade_b3aade,Emergent_bounded_clarity_42b09f,0.8824624435480506,61.690000000000005,272.31,True,False
Emergent_anticipation_cascade_b3aade,Emergent_appears_asymmetry_8dba4c,0.8824624468121511,61.690000000000005,286.7,True,False
Emergent_anticipation_cascade_b3aade,Emergent_bounded_coherence_799b61,0.8824624462726118,61.690000000000005,304.01,True,False
Emergent_anticipation_cascade_b3aade,Emergent_belief_revision_bounded_6c1d78,0.8824624462726118,61.690000000000005,304.35,True,False
Emergent_anticipation_cascade_b3aade,Emergent_bounded_coherence_a2e9f5,0.8824624397025873,61.690000000000005,322.77,True,False
Emergent_anticipation_cascade_b3aade,Emergent_belief_revision_beneficence_ec5620,0.8824624394837914,61.690000000000005,323.11,True,False
Emergent_anticipation_cascade_b3aade,Emergent_carefully_coherence_7a9452,0.8824624467110573,61.690000000000005,341.86,True,False
Emergent_anticipation_cascade_b3aade,Emergent_autonomy_clarity_dc06c1,0.882462421546339,61.690000000000005,358.07,True,False
Emergent_anticipation_cascade_b3aade,Emergent_autonomy_belief_revision_95551d,0.8800658685693998,61.690000000000005,374.68,True,False
Emergent_anticipation_cascade_b3aade,Emergent_anticipation_autonomy_beca79,0.882462450405527,61.690000000000005,390.17,True,False
Emergent_anticipation_cascade_b3aade,Emergent_anticipation_autonomy_60f9ff,0.8824624450551817,61.690000000000005,406.75,True,False
Emergent_anticipation_cascade_b3aade,Emergent_bounded_coherence_ec5f84,0.8824624392680738,61.690000000000005,454.43,True,False
Emergent_anticipation_cascade_b3aade,Emergent_carefully_coherence_d9db0f,0.8824624139409962,61.690000000000005,487.96000000000004,True,False
Emergent_anticipation_cascade_b3aade,Emergent_anticipation_autonomy_a66f28,0.8824621820276108,61.690000000000005,505.17,True,False
Emergent_anticipation_cascade_b3aade,Emergent_anticipation_appears_dac47e,0.8803786330845655,61.690000000000005,537.8100000000001,True,False
Emergent_anticipation_cascade_b3aade,Emergent_carefully_coherence_24d288,0.882462405004256,61.690000000000005,592.33,True,False
Emergent_anticipation_cascade_b3aade,Emergent_beneficence_carefully_a8eeec,0.8824624094701465,61.690000000000005,592.67,True,False
Emergent_anticipation_cascade_b3aade,Emergent_bounded_emergence_0cd27f,0.8824609329718502,61.690000000000005,612.19,True,False
Emergent_anticipation_cascade_b3aade,Emergent_abstraction_autonomy_a44037,0.882458594358424,61.690000000000005,712.85,True,False
Emergent_anticipation_cascade_b3aade,Emergent_abstraction_appears_ce8722,0.8824641724848825,61.690000000000005,731.71,True,False
Emergent_anticipation_cascade_b3aade,Emergent_abstraction_autonomy_a1d776,0.8824509409476788,61.690000000000005,750.99,True,False
Emergent_anticipation_cascade_b3aade,Emergent_abstraction_beneficence_1063dd,0.8762794094359712,61.690000000000005,771.21,True,False
Emergent_anticipation_cascade_b3aade,Emergent_abstraction_carefully_437869,0.8809715718133364,61.690000000000005,771.5500000000001,True,False
Emergent_anticipation_cascade_b3aade,Emergent_abstraction_autonomy_c124af,0.8824590610330569,61.690000000000005,791.94,True,False
Emergent_anticipation_cascade_b3aade,Emergent_abstraction_constraint_53a6d5,0.8824467377022935,61.690000000000005,835.94,True,False
Emergent_anticipation_cascade_b3aade,Emergent_abstraction_contradiction_4b7670,0.8824479918508958,61.690000000000005,836.28,True,False
Emergent_anticipation_cascade_b3aade,Emergent_abstraction_emerges_10d365,0.8824611319541142,61.690000000000005,856.98,True,False
Emergent_anticipation_cascade_b3aade,Emergent_abstraction_contradiction_5c7672,0.8797871776473254,61.690000000000005,857.32,True,False
Emergent_anticipation_cascade_b3aade,Emergent_abstraction_bounded_77e339,0.8805625807113917,61.690000000000005,900.32,True,False
Emergent_anticipation_cascade_b3aade,Emergent_abstraction_bounded_410cf5,0.8824653755915344,61.690000000000005,937.83,True,False
Emergent_anticipation_cascade_b3aade,Emergent_abstraction_autonomy_37c4a5,0.8824254794583855,61.690000000000005,960.69,True,False
Emergent_anticipation_cascade_b3aade,Emergent_abstraction_autonomy_9d570d,0.8824311789059782,61.690000000000005,980.63,True,False
Emergent_anticipation_cascade_b3aade,Emergent_abstraction_coherence_97e8bf,0.8813379584814509,61.690000000000005,1022.86,True,False
Emergent_anticipation_cascade_b3aade,Emergent_abstraction_carefully_a0ed61,0.8805083747808171,61.690000000000005,1066.88,True,False
Emergent_anticipation_cascade_b3aade,Emergent_abstraction_belief_revision_657261,0.8805811721197858,61.690000000000005,1087.51,True,False
Emergent_anticipation_cascade_b3aade,Emergent_abstraction_bounded_d78044,0.8836524376006101,61.690000000000005,1105.39,True,False
Emergent_anticipation_cascade_b3aade,Emergent_abstraction_beneficence_898daf,0.8837726741822929,61.690000000000005,1150.22,True,False
Emergent_anticipation_cascade_b3aade,Emergent_anticipation_awareness_bcd71d,0.883179476159393,61.690000000000005,1169.13,True,False
Emergent_anticipation_cascade_b3aade,Emergent_abstraction_bounded_4cbc2f,0.882332050412393,61.690000000000005,1192.6200000000001,True,False
Emergent_anticipation_cascade_b3aade,Emergent_abstraction_belief_revision_06a156,0.8680944610005186,61.690000000000005,1238.3600000000001,True,False
Emergent_anticipation_cascade_b3aade,Emergent_abstraction_appears_601296,0.9259387331787035,61.690000000000005,1428.88,True,False
Emergent_anticipation_cascade_b3aade,Emergent_abstraction_appears_d52a74,0.9,61.690000000000005,1449.33,True,False
Emergent_carefully_coherence_f38e24,Emergent_appears_asymmetry_8ccc17,0.8837374093785222,72.4,84.94,True,False
Emergent_carefully_coherence_f38e24,Emergent_carefully_coherence_652e57,0.8837374093708179,72.4,97.54,True,False
Emergent_carefully_coherence_f38e24,Emergent_appears_asymmetry_9e9e75,0.8794121439138229,72.4,110.77,True,False
Emergent_carefully_coherence_f38e24,Emergent_appears_asymmetry_07c4dc,0.880990129050764,72.4,124.31,True,False
Emergent_carefully_coherence_f38e24,Emergent_bounded_coherence_3d00ff,0.8753784482089522,72.4,141.93,True,False
Emergent_carefully_coherence_f38e24,Emergent_autonomy_carefully_dedeae,0.8826698069515113,72.4,157.63,True,False
Emergent_carefully_coherence_f38e24,Emergent_anticipation_awareness_450e7c,0.8837374095883008,72.4,182.70000000000002,True,False
Emergent_carefully_coherence_f38e24,Emergent_autonomy_beneficence_f6c1c5,0.8837374094976205,72.4,197.76,True,False
Emergent_carefully_coherence_f38e24,Emergent_autonomy_bounded_72bafc,0.8837374094976205,72.4,198.1,True,False
Emergent_carefully_coherence_f38e24,Emergent_bounded_carefully_f79645,0.8828275671265102,72.4,213.95000000000002,True,False
Emergent_carefully_coherence_f38e24,Emergent_abstraction_emerges_7ed5b6,0.8837374093494392,72.4,229.16,True,False
Emergent_carefully_coherence_f38e24,Emergent_attention_autonomy_af7c63,0.88373740915092,72.4,242.47,True,False
Emergent_carefully_coherence_f38e24,Emergent_attention_autonomy_c9f3a2,0.8837374063378698,72.4,256.95,True,False
Emergent_carefully_coherence_f38e24,Emergent_attention_autonomy_110d93,0.883737406346742,72.4,257.29,True,False
Emergent_carefully_coherence_f38e24,Emergent_bounded_clarity_42b09f,0.8837374064135446,72.4,272.31,True,False
Emergent_carefully_coherence_f38e24,Emergent_appears_asymmetry_8dba4c,0.8837374096287738,72.4,286.7,True,False
Emergent_carefully_coherence_f38e24,Emergent_bounded_coherence_799b61,0.8837374090892343,72.4,304.01,True,False
Emergent_carefully_coherence_f38e24,Emergent_belief_revision_bounded_6c1d78,0.8837374090892343,72.4,304.35,True,False
Emergent_carefully_coherence_f38e24,Emergent_bounded_coherence_a2e9f5,0.883737402627746,72.4,322.77,True,False
Emergent_carefully_coherence_f38e24,Emergent_belief_revision_beneficence_ec5620,0.8835095536312663,72.4,323.11,True,False
Emergent_carefully_coherence_f38e24,Emergent_carefully_coherence_7a9452,0.8837374094667603,72.4,341.86,True,False
Emergent_carefully_coherence_f38e24,Emergent_autonomy_clarity_dc06c1,0.8837373844043042,72.4,358.07,True,False
Emergent_carefully_coherence_f38e24,Emergent_autonomy_belief_revision_95551d,0.8800658685693998,72.4,374.68,True,False
Emergent_carefully_coherence_f38e24,Emergent_anticipation_autonomy_beca79,0.8837374131047373,72.4,390.17,True,False
Emergent_carefully_coherence_f38e24,Emergent_anticipation_autonomy_60f9ff,0.883737407754392,72.4,406.75,True,False
Emergent_carefully_coherence_f38e24,Emergent_bounded_coherence_ec5f84,0.8837374019672839,72.4,454.43,True,False
Emergent_carefully_coherence_f38e24,Emergent_carefully_coherence_d9db0f,0.883737376610888,72.4,487.96000000000004,True,False
Emergent_carefully_coherence_f38e24,Emergent_anticipation_autonomy_a66f28,0.8837371466071855,72.4,505.17,True,False
Emergent_carefully_coherence_f38e24,Emergent_anticipation_appears_dac47e,0.8803786330845655,72.4,537.8100000000001,True,False
Emergent_carefully_coherence_f38e24,Emergent_carefully_coherence_24d288,0.883737358542386,72.4,592.33,True,False
Emergent_carefully_coherence_f38e24,Emergent_beneficence_carefully_a8eeec,0.8837373630586827,72.4,592.67,True,False
Emergent_carefully_coherence_f38e24,Emergent_bounded_emergence_0cd27f,0.8837358968320903,72.4,612.19,True,False
Emergent_carefully_coherence_f38e24,Emergent_abstraction_autonomy_a44037,0.8837335701711713,72.4,712.85,True,False
Emergent_carefully_coherence_f38e24,Emergent_abstraction_appears_ce8722,0.883739057666661,72.4,731.71,True,False
Emergent_carefully_coherence_f38e24,Emergent_abstraction_autonomy_a1d776,0.8837259057454154,72.4,750.99,True,False
Emergent_carefully_coherence_f38e24,Emergent_abstraction_beneficence_1063dd,0.8762794094359712,72.4,771.21,True,False
Emergent_carefully_coherence_f38e24,Emergent_abstraction_carefully_437869,0.8809715718133364,72.4,771.5500000000001,True,False
Emergent_carefully_coherence_f38e24,Emergent_abstraction_autonomy_c124af,0.8837341174809743,72.4,791.94,True,False
Emergent_carefully_coherence_f38e24,Emergent_abstraction_constraint_53a6d5,0.8831511474290636,72.4,835.94,True,False
Emergent_carefully_coherence_f38e24,Emergent_abstraction_contradiction_4b7670,0.8837232412278515,72.4,836.28,True,False
Emergent_carefully_coherence_f38e24,Emergent_abstraction_emerges_10d365,0.883735232232332,72.4,856.98,True,False
Emergent_carefully_coherence_f38e24,Emergent_abstraction_contradiction_5c7672,0.8797871776473254,72.4,857.32,True,False
Emergent_carefully_coherence_f38e24,Emergent_abstraction_bounded_77e339,0.8805625807113917,72.4,900.32,True,False
Emergent_carefully_coherence_f38e24,Emergent_abstraction_bounded_410cf5,0.8837392814147025,72.4,937.83,True,False
Emergent_carefully_coherence_f38e24,Emergent_abstraction_autonomy_37c4a5,0.8836993852815538,72.4,960.69,True,False
Emergent_carefully_coherence_f38e24,Emergent_abstraction_autonomy_9d570d,0.8837050847291463,72.4,980.63,True,False
Emergent_carefully_coherence_f38e24,Emergent_abstraction_coherence_97e8bf,0.8813379584814509,72.4,1022.86,True,False
Emergent_carefully_coherence_f38e24,Emergent_abstraction_carefully_a0ed61,0.8817782602057547,72.4,1066.88,True,False
Emergent_carefully_coherence_f38e24,Emergent_abstraction_belief_revision_657261,0.8818525786800879,72.4,1087.51,True,False
Emergent_carefully_coherence_f38e24,Emergent_abstraction_bounded_d78044,0.8849112906595518,72.4,1105.39,True,False
Emergent_carefully_coherence_f38e24,Emergent_abstraction_beneficence_898daf,0.8850080446340836,72.4,1150.22,True,False
Emergent_carefully_coherence_f38e24,Emergent_anticipation_awareness_bcd71d,0.8844148466111834,72.4,1169.13,True,False
Emergent_carefully_coherence_f38e24,Emergent_abstraction_bounded_4cbc2f,0.8835674208641835,72.4,1192.6200000000001,True,False
Emergent_carefully_coherence_f38e24,Emergent_abstraction_belief_revision_06a156,0.8695927164538373,72.4,1238.3600000000001,True,False
Emergent_carefully_coherence_f38e24,Emergent_abstraction_appears_601296,0.9259387331787035,72.4,1428.88,True,False
Emergent_carefully_coherence_f38e24,Emergent_abstraction_appears_d52a74,0.9,72.4,1449.33,True,False
Emergent_appears_asymmetry_8ccc17,Emergent_carefully_coherence_652e57,0.88583763317252,84.94,97.54,True,False
Emergent_appears_asymmetry_8ccc17,Emergent_appears_asymmetry_9e9e75,0.8794121439138229,84.94,110.77,True,False
Emergent_appears_asymmetry_8ccc17,Emergent_appears_asymmetry_07c4dc,0.880990129050764,84.94,124.31,True,False
Emergent_appears_asymmetry_8ccc17,Emergent_bounded_coherence_3d00ff,0.8753784482089522,84.94,141.93,True,False
Emergent_appears_asymmetry_8ccc17,Emergent_autonomy_carefully_dedeae,0.8826698069515113,84.94,157.63,True,False
Emergent_appears_asymmetry_8ccc17,Emergent_anticipation_awareness_450e7c,0.8849506795645063,84.94,182.70000000000002,True,False
Emergent_appears_asymmetry_8ccc17,Emergent_autonomy_beneficence_f6c1c5,0.8871351775326801,84.94,197.76,True,False
Emergent_appears_asymmetry_8ccc17,Emergent_autonomy_bounded_72bafc,0.7534584760767048,84.94,198.1,True,False
Emergent_appears_asymmetry_8ccc17,Emergent_bounded_carefully_f79645,0.8828275671265102,84.94,213.95000000000002,True,False
Emergent_appears_asymmetry_8ccc17,Emergent_abstraction_emerges_7ed5b6,0.7579805664924544,84.94,229.16,True,False
Emergent_appears_asymmetry_8ccc17,Emergent_attention_autonomy_af7c63,0.8851510272612857,84.94,242.47,True,False
Emergent_appears_asymmetry_8ccc17,Emergent_attention_autonomy_c9f3a2,0.8870411904425732,84.94,256.95,True,False
Emergent_appears_asymmetry_8ccc17,Emergent_attention_autonomy_110d93,0.7540960971202073,84.94,257.29,True,False
Emergent_appears_asymmetry_8ccc17,Emergent_bounded_clarity_42b09f,0.7574337579313173,84.94,272.31,True,False
Emergent_appears_asymmetry_8ccc17,Emergent_appears_asymmetry_8dba4c,0.7579805689198856,84.94,286.7,True,False
Emergent_appears_asymmetry_8ccc17,Emergent_bounded_coherence_799b61,0.757980568542208,84.94,304.01,True,False
Emergent_appears_asymmetry_8ccc17,Emergent_belief_revision_bounded_6c1d78,0.7569036877454927,84.94,304.35,True,False
Emergent_appears_asymmetry_8ccc17,Emergent_bounded_coherence_a2e9f5,0.7579805645128199,84.94,322.77,True,False
Emergent_appears_asymmetry_8ccc17,Emergent_belief_revision_beneficence_ec5620,0.8835095536312663,84.94,323.11,True,False
Emergent_appears_asymmetry_8ccc17,Emergent_carefully_coherence_7a9452,0.7579805685293965,84.94,341.86,True,False
Emergent_appears_asymmetry_8ccc17,Emergent_autonomy_clarity_dc06c1,0.8864718153131512,84.94,358.07,True,False
Emergent_appears_asymmetry_8ccc17,Emergent_autonomy_belief_revision_95551d,0.8800658685693998,84.94,374.68,True,False
Emergent_appears_asymmetry_8ccc17,Emergent_anticipation_autonomy_beca79,0.8871498285292789,84.94,390.17,True,False
Emergent_appears_asymmetry_8ccc17,Emergent_anticipation_autonomy_60f9ff,0.7557287673425482,84.94,406.75,True,False
Emergent_appears_asymmetry_8ccc17,Emergent_bounded_coherence_ec5f84,0.8856665657086522,84.94,454.43,True,False
Emergent_appears_asymmetry_8ccc17,Emergent_carefully_coherence_d9db0f,0.7540252661801222,84.94,487.96000000000004,True,False
Emergent_appears_asymmetry_8ccc17,Emergent_anticipation_autonomy_a66f28,0.8852452161126556,84.94,505.17,True,False
Emergent_appears_asymmetry_8ccc17,Emergent_anticipation_appears_dac47e,0.8803786330845655,84.94,537.8100000000001,True,False
Emergent_appears_asymmetry_8ccc17,Emergent_carefully_coherence_24d288,0.8859015027029911,84.94,592.33,True,False
Emergent_appears_asymmetry_8ccc17,Emergent_beneficence_carefully_a8eeec,0.7579804950148099,84.94,592.67,True,False
Emergent_appears_asymmetry_8ccc17,Emergent_bounded_emergence_0cd27f,0.8843224007150277,84.94,612.19,True,False
Emergent_appears_asymmetry_8ccc17,Emergent_abstraction_autonomy_a44037,0.8867046954123698,84.94,712.85,True,False
Emergent_appears_asymmetry_8ccc17,Emergent_abstraction_appears_ce8722,0.7579813701066853,84.94,731.71,True,False
Emergent_appears_asymmetry_8ccc17,Emergent_abstraction_autonomy_a1d776,0.8856657716460381,84.94,750.99,True,False
Emergent_appears_asymmetry_8ccc17,Emergent_abstraction_beneficence_1063dd,0.8762794094359712,84.94,771.21,True,False
Emergent_appears_asymmetry_8ccc17,Emergent_abstraction_carefully_437869,0.8809715718133364,84.94,771.5500000000001,True,False
Emergent_appears_asymmetry_8ccc17,Emergent_abstraction_autonomy_c124af,0.8841197419233651,84.94,791.94,True,False
Emergent_appears_asymmetry_8ccc17,Emergent_abstraction_constraint_53a6d5,0.8831511474290636,84.94,835.94,True,False
Emergent_appears_asymmetry_8ccc17,Emergent_abstraction_contradiction_4b7670,0.7579723635125433,84.94,836.28,True,False
Emergent_appears_asymmetry_8ccc17,Emergent_abstraction_emerges_10d365,0.8837479291654604,84.94,856.98,True,False
Emergent_appears_asymmetry_8ccc17,Emergent_abstraction_contradiction_5c7672,0.8797871776473254,84.94,857.32,True,False
Emergent_appears_asymmetry_8ccc17,Emergent_abstraction_bounded_77e339,0.8805625807113917,84.94,900.32,True,False
Emergent_appears_asymmetry_8ccc17,Emergent_abstraction_bounded_410cf5,0.8851591873752236,84.94,937.83,True,False
Emergent_appears_asymmetry_8ccc17,Emergent_abstraction_autonomy_37c4a5,0.8866739093299802,84.94,960.69,True,False
Emergent_appears_asymmetry_8ccc17,Emergent_abstraction_autonomy_9d570d,0.7578397964030887,84.94,980.63,True,False
Emergent_appears_asymmetry_8ccc17,Emergent_abstraction_coherence_97e8bf,0.8813379584814509,84.94,1022.86,True,False
Emergent_appears_asymmetry_8ccc17,Emergent_abstraction_carefully_a0ed61,0.7528161319741942,84.94,1066.88,True,False
Emergent_appears_asymmetry_8ccc17,Emergent_abstraction_belief_revision_657261,0.756669957392852,84.94,1087.51,True,False
Emergent_appears_asymmetry_8ccc17,Emergent_abstraction_bounded_d78044,0.7587539588248797,84.94,1105.39,True,False
Emergent_appears_asymmetry_8ccc17,Emergent_abstraction_beneficence_898daf,0.8884260214924338,84.94,1150.22,True,False
Emergent_appears_asymmetry_8ccc17,Emergent_anticipation_awareness_bcd71d,0.7541748533472877,84.94,1169.13,True,False
Emergent_appears_asymmetry_8ccc17,Emergent_abstraction_bounded_4cbc2f,0.7577064442816179,84.94,1192.6200000000001,True,False
Emergent_appears_asymmetry_8ccc17,Emergent_abstraction_belief_revision_06a156,0.7491198281853999,84.94,1238.3600000000001,True,False
Emergent_appears_asymmetry_8ccc17,Emergent_abstraction_appears_601296,0.3905341437290203,84.94,1428.88,True,False
Emergent_appears_asymmetry_8ccc17,Emergent_abstraction_appears_d52a74,0.9,84.94,1449.33,True,False
Emergent_carefully_coherence_652e57,Emergent_appears_asymmetry_9e9e75,0.8794121439076505,97.54,110.77,True,False
Emergent_carefully_coherence_652e57,Emergent_appears_asymmetry_07c4dc,0.880990129050764,97.54,124.31,True,False
Emergent_carefully_coherence_652e57,Emergent_bounded_coherence_3d00ff,0.8753784482089522,97.54,141.93,True,False
Emergent_carefully_coherence_652e57,Emergent_autonomy_carefully_dedeae,0.8826698069515113,97.54,157.63,True,False
Emergent_carefully_coherence_652e57,Emergent_anticipation_awareness_450e7c,0.8849506795645063,97.54,182.70000000000002,True,False
Emergent_carefully_coherence_652e57,Emergent_autonomy_beneficence_f6c1c5,0.8858376332966229,97.54,197.76,True,False
Emergent_carefully_coherence_652e57,Emergent_autonomy_bounded_72bafc,0.8858376332966229,97.54,198.1,True,False
Emergent_carefully_coherence_652e57,Emergent_bounded_carefully_f79645,0.8828275671265102,97.54,213.95000000000002,True,False
Emergent_carefully_coherence_652e57,Emergent_abstraction_emerges_7ed5b6,0.8858376331484419,97.54,229.16,True,False
Emergent_carefully_coherence_652e57,Emergent_attention_autonomy_af7c63,0.8851510272612857,97.54,242.47,True,False
Emergent_carefully_coherence_652e57,Emergent_attention_autonomy_c9f3a2,0.885837630187966,97.54,256.95,True,False
Emergent_carefully_coherence_652e57,Emergent_attention_autonomy_110d93,0.8858376301969328,97.54,257.29,True,False
Emergent_carefully_coherence_652e57,Emergent_bounded_clarity_42b09f,0.885837630264446,97.54,272.31,True,False
Emergent_carefully_coherence_652e57,Emergent_appears_asymmetry_8dba4c,0.8858376333991702,97.54,286.7,True,False
Emergent_carefully_coherence_652e57,Emergent_bounded_coherence_799b61,0.8858376328596307,97.54,304.01,True,False
Emergent_carefully_coherence_652e57,Emergent_belief_revision_bounded_6c1d78,0.8858376328596307,97.54,304.35,True,False
Emergent_carefully_coherence_652e57,Emergent_bounded_coherence_a2e9f5,0.8858376265769321,97.54,322.77,True,False
Emergent_carefully_coherence_652e57,Emergent_belief_revision_beneficence_ec5620,0.8835095536312663,97.54,323.11,True,False
Emergent_carefully_coherence_652e57,Emergent_carefully_coherence_7a9452,0.8858376331368052,97.54,341.86,True,False
Emergent_carefully_coherence_652e57,Emergent_autonomy_clarity_dc06c1,0.8858376082428032,97.54,358.07,True,False
Emergent_carefully_coherence_652e57,Emergent_autonomy_belief_revision_95551d,0.8800658685693998,97.54,374.68,True,False
Emergent_carefully_coherence_652e57,Emergent_anticipation_autonomy_beca79,0.8858376366817222,97.54,390.17,True,False
Emergent_carefully_coherence_652e57,Emergent_anticipation_autonomy_60f9ff,0.8858376313313772,97.54,406.75,True,False
Emergent_carefully_coherence_652e57,Emergent_bounded_coherence_ec5f84,0.8856665657086522,97.54,454.43,True,False
Emergent_carefully_coherence_652e57,Emergent_carefully_coherence_d9db0f,0.8858376001395771,97.54,487.96000000000004,True,False
Emergent_carefully_coherence_652e57,Emergent_anticipation_autonomy_a66f28,0.8852452161126556,97.54,505.17,True,False
Emergent_carefully_coherence_652e57,Emergent_anticipation_appears_dac47e,0.8803786330845655,97.54,537.8100000000001,True,False
Emergent_carefully_coherence_652e57,Emergent_carefully_coherence_24d288,0.8858375670284857,97.54,592.33,True,False
Emergent_carefully_coherence_652e57,Emergent_beneficence_carefully_a8eeec,0.8858375716278144,97.54,592.67,True,False
Emergent_carefully_coherence_652e57,Emergent_bounded_emergence_0cd27f,0.8843224007150277,97.54,612.19,True,False
Emergent_carefully_coherence_652e57,Emergent_abstraction_autonomy_a44037,0.8858338153498546,97.54,712.85,True,False
Emergent_carefully_coherence_652e57,Emergent_abstraction_appears_ce8722,0.8858391535505479,97.54,731.71,True,False
Emergent_carefully_coherence_652e57,Emergent_abstraction_autonomy_a1d776,0.8856657716460381,97.54,750.99,True,False
Emergent_carefully_coherence_652e57,Emergent_abstraction_beneficence_1063dd,0.8762794094359712,97.54,771.21,True,False
Emergent_carefully_coherence_652e57,Emergent_abstraction_carefully_437869,0.8809715718133364,97.54,771.5500000000001,True,False
Emergent_carefully_coherence_652e57,Emergent_abstraction_autonomy_c124af,0.8841197419233651,97.54,791.94,True,False
Emergent_carefully_coherence_652e57,Emergent_abstraction_constraint_53a6d5,0.8831511474290636,97.54,835.94,True,False
Emergent_carefully_coherence_652e57,Emergent_abstraction_contradiction_4b7670,0.8858239370440326,97.54,836.28,True,False
Emergent_carefully_coherence_652e57,Emergent_abstraction_emerges_10d365,0.8837479291654604,97.54,856.98,True,False
Emergent_carefully_coherence_652e57,Emergent_abstraction_contradiction_5c7672,0.8797871776473254,97.54,857.32,True,False
Emergent_carefully_coherence_652e57,Emergent_abstraction_bounded_77e339,0.8805625807113917,97.54,900.32,True,False
Emergent_carefully_coherence_652e57,Emergent_abstraction_bounded_410cf5,0.8851591873752236,97.54,937.83,True,False
Emergent_carefully_coherence_652e57,Emergent_abstraction_autonomy_37c4a5,0.8857978678852672,97.54,960.69,True,False
Emergent_carefully_coherence_652e57,Emergent_abstraction_autonomy_9d570d,0.8858035673328599,97.54,980.63,True,False
Emergent_carefully_coherence_652e57,Emergent_abstraction_coherence_97e8bf,0.8813379584814509,97.54,1022.86,True,False
Emergent_carefully_coherence_652e57,Emergent_abstraction_carefully_a0ed61,0.8838701200783423,97.54,1066.88,True,False
Emergent_carefully_coherence_652e57,Emergent_abstraction_belief_revision_657261,0.8839469442921442,97.54,1087.51,True,False
Emergent_carefully_coherence_652e57,Emergent_abstraction_bounded_d78044,0.8869849771101335,97.54,1105.39,True,False
Emergent_carefully_coherence_652e57,Emergent_abstraction_beneficence_898daf,0.8870430485999004,97.54,1150.22,True,False
Emergent_carefully_coherence_652e57,Emergent_anticipation_awareness_bcd71d,0.8864498505770004,97.54,1169.13,True,False
Emergent_carefully_coherence_652e57,Emergent_abstraction_bounded_4cbc2f,0.8856024248300005,97.54,1192.6200000000001,True,False
Emergent_carefully_coherence_652e57,Emergent_abstraction_belief_revision_06a156,0.8720607662480435,97.54,1238.3600000000001,True,False
Emergent_carefully_coherence_652e57,Emergent_abstraction_appears_601296,0.9259387331787035,97.54,1428.88,True,False
Emergent_carefully_coherence_652e57,Emergent_abstraction_appears_d52a74,0.9,97.54,1449.33,True,False
Emergent_appears_asymmetry_9e9e75,Emergent_appears_asymmetry_07c4dc,0.8794121441037543,110.77,124.31,True,False
Emergent_appears_asymmetry_9e9e75,Emergent_bounded_coherence_3d00ff,0.8753784482089522,110.77,141.93,True,False
Emergent_appears_asymmetry_9e9e75,Emergent_autonomy_carefully_dedeae,0.8794121440714027,110.77,157.63,True,False
Emergent_appears_asymmetry_9e9e75,Emergent_anticipation_awareness_450e7c,0.879412144307733,110.77,182.70000000000002,True,False
Emergent_appears_asymmetry_9e9e75,Emergent_autonomy_beneficence_f6c1c5,0.8794121442170524,110.77,197.76,True,False
Emergent_appears_asymmetry_9e9e75,Emergent_autonomy_bounded_72bafc,0.8794121442170524,110.77,198.1,True,False
Emergent_appears_asymmetry_9e9e75,Emergent_bounded_carefully_f79645,0.8794121440875089,110.77,213.95000000000002,True,False
Emergent_appears_asymmetry_9e9e75,Emergent_abstraction_emerges_7ed5b6,0.8794121439729661,110.77,229.16,True,False
Emergent_appears_asymmetry_9e9e75,Emergent_attention_autonomy_af7c63,0.8794121437797888,110.77,242.47,True,False
Emergent_appears_asymmetry_9e9e75,Emergent_attention_autonomy_c9f3a2,0.8794121409979665,110.77,256.95,True,False
Emergent_appears_asymmetry_9e9e75,Emergent_attention_autonomy_110d93,0.8794121410066447,110.77,257.29,True,False
Emergent_appears_asymmetry_9e9e75,Emergent_bounded_clarity_42b09f,0.8794121410719835,110.77,272.31,True,False
Emergent_appears_asymmetry_9e9e75,Emergent_appears_asymmetry_8dba4c,0.8794121444530072,110.77,286.7,True,False
Emergent_appears_asymmetry_9e9e75,Emergent_bounded_coherence_799b61,0.8794121439134677,110.77,304.01,True,False
Emergent_appears_asymmetry_9e9e75,Emergent_belief_revision_bounded_6c1d78,0.8794121439134677,110.77,304.35,True,False
Emergent_appears_asymmetry_9e9e75,Emergent_bounded_coherence_a2e9f5,0.8794121370837744,110.77,322.77,True,False
Emergent_appears_asymmetry_9e9e75,Emergent_belief_revision_beneficence_ec5620,0.8794121368696899,110.77,323.11,True,False
Emergent_appears_asymmetry_9e9e75,Emergent_carefully_coherence_7a9452,0.879412144497661,110.77,341.86,True,False
Emergent_appears_asymmetry_9e9e75,Emergent_autonomy_clarity_dc06c1,0.8794121190882846,110.77,358.07,True,False
Emergent_appears_asymmetry_9e9e75,Emergent_autonomy_belief_revision_95551d,0.8794121515374946,110.77,374.68,True,False
Emergent_appears_asymmetry_9e9e75,Emergent_anticipation_autonomy_beca79,0.8794121483272876,110.77,390.17,True,False
Emergent_appears_asymmetry_9e9e75,Emergent_anticipation_autonomy_60f9ff,0.8794121429769424,110.77,406.75,True,False
Emergent_appears_asymmetry_9e9e75,Emergent_bounded_coherence_ec5f84,0.8794121371898342,110.77,454.43,True,False
Emergent_appears_asymmetry_9e9e75,Emergent_carefully_coherence_d9db0f,0.8794121119329006,110.77,487.96000000000004,True,False
Emergent_appears_asymmetry_9e9e75,Emergent_anticipation_autonomy_a66f28,0.8794118754506683,110.77,505.17,True,False
Emergent_appears_asymmetry_9e9e75,Emergent_anticipation_appears_dac47e,0.8794119265283953,110.77,537.8100000000001,True,False
Emergent_appears_asymmetry_9e9e75,Emergent_carefully_coherence_24d288,0.8794121248435689,110.77,592.33,True,False
Emergent_appears_asymmetry_9e9e75,Emergent_beneficence_carefully_a8eeec,0.8794121291888652,110.77,592.67,True,False
Emergent_appears_asymmetry_9e9e75,Emergent_bounded_emergence_0cd27f,0.8794106281158889,110.77,612.19,True,False
Emergent_appears_asymmetry_9e9e75,Emergent_abstraction_autonomy_a44037,0.8794082609065226,110.77,712.85,True,False
Emergent_appears_asymmetry_9e9e75,Emergent_abstraction_appears_ce8722,0.8794140558642902,110.77,731.71,True,False
Emergent_appears_asymmetry_9e9e75,Emergent_abstraction_autonomy_a1d776,0.8794006338487916,110.77,750.99,True,False
Emergent_appears_asymmetry_9e9e75,Emergent_abstraction_beneficence_1063dd,0.8762794094359712,110.77,771.21,True,False
Emergent_appears_asymmetry_9e9e75,Emergent_abstraction_carefully_437869,0.8794151828206886,110.77,771.5500000000001,True,False
Emergent_appears_asymmetry_9e9e75,Emergent_abstraction_autonomy_c124af,0.8794085346644316,110.77,791.94,True,False
Emergent_appears_asymmetry_9e9e75,Emergent_abstraction_constraint_53a6d5,0.8793957836241812,110.77,835.94,True,False
Emergent_appears_asymmetry_9e9e75,Emergent_abstraction_contradiction_4b7670,0.879397003906534,110.77,836.28,True,False
Emergent_appears_asymmetry_9e9e75,Emergent_abstraction_emerges_10d365,0.8794128931868621,110.77,856.98,True,False
Emergent_appears_asymmetry_9e9e75,Emergent_abstraction_contradiction_5c7672,0.879412871748473,110.77,857.32,True,False
Emergent_appears_asymmetry_9e9e75,Emergent_abstraction_bounded_77e339,0.8794582961067572,110.77,900.32,True,False
Emergent_appears_asymmetry_9e9e75,Emergent_abstraction_bounded_410cf5,0.8794176020509452,110.77,937.83,True,False
Emergent_appears_asymmetry_9e9e75,Emergent_abstraction_autonomy_37c4a5,0.8793777059177965,110.77,960.69,True,False
Emergent_appears_asymmetry_9e9e75,Emergent_abstraction_autonomy_9d570d,0.8793834053653893,110.77,980.63,True,False
Emergent_appears_asymmetry_9e9e75,Emergent_abstraction_coherence_97e8bf,0.8793345529574519,110.77,1022.86,True,False
Emergent_appears_asymmetry_9e9e75,Emergent_abstraction_carefully_a0ed61,0.8774702198973741,110.77,1066.88,True,False
Emergent_appears_asymmetry_9e9e75,Emergent_abstraction_belief_revision_657261,0.8775393779750791,110.77,1087.51,True,False
Emergent_appears_asymmetry_9e9e75,Emergent_abstraction_bounded_d78044,0.880640677253216,110.77,1105.39,True,False
Emergent_appears_asymmetry_9e9e75,Emergent_abstraction_beneficence_898daf,0.8808170951219592,110.77,1150.22,True,False
Emergent_appears_asymmetry_9e9e75,Emergent_anticipation_awareness_bcd71d,0.8802238970990592,110.77,1169.13,True,False
Emergent_appears_asymmetry_9e9e75,Emergent_abstraction_bounded_4cbc2f,0.8793764713520591,110.77,1192.6200000000001,True,False
Emergent_appears_asymmetry_9e9e75,Emergent_abstraction_belief_revision_06a156,0.8645099390958211,110.77,1238.3600000000001,True,False
Emergent_appears_asymmetry_9e9e75,Emergent_abstraction_appears_601296,0.9259387331787035,110.77,1428.88,True,False
Emergent_appears_asymmetry_9e9e75,Emergent_abstraction_appears_d52a74,0.9,110.77,1449.33,True,False
Emergent_appears_asymmetry_07c4dc,Emergent_bounded_coherence_3d00ff,0.8753784482089522,124.31,141.93,True,False
Emergent_appears_asymmetry_07c4dc,Emergent_autonomy_carefully_dedeae,0.8809901289905175,124.31,157.63,True,False
Emergent_appears_asymmetry_07c4dc,Emergent_anticipation_awareness_450e7c,0.8809901292254108,124.31,182.70000000000002,True,False
Emergent_appears_asymmetry_07c4dc,Emergent_autonomy_beneficence_f6c1c5,0.8809901291347304,124.31,197.76,True,False
Emergent_appears_asymmetry_07c4dc,Emergent_autonomy_bounded_72bafc,0.8809901291347304,124.31,198.1,True,False
Emergent_appears_asymmetry_07c4dc,Emergent_bounded_carefully_f79645,0.8809901290051869,124.31,213.95000000000002,True,False
Emergent_appears_asymmetry_07c4dc,Emergent_abstraction_emerges_7ed5b6,0.8809901289447957,124.31,229.16,True,False
Emergent_appears_asymmetry_07c4dc,Emergent_attention_autonomy_af7c63,0.8809901287488446,124.31,242.47,True,False
Emergent_appears_asymmetry_07c4dc,Emergent_attention_autonomy_c9f3a2,0.8809901259281228,124.31,256.95,True,False
Emergent_appears_asymmetry_07c4dc,Emergent_attention_autonomy_110d93,0.8809901259368718,124.31,257.29,True,False
Emergent_appears_asymmetry_07c4dc,Emergent_bounded_clarity_42b09f,0.8809901260027444,124.31,272.31,True,False
Emergent_appears_asymmetry_07c4dc,Emergent_appears_asymmetry_8dba4c,0.8809901293232816,124.31,286.7,True,False
Emergent_appears_asymmetry_07c4dc,Emergent_bounded_coherence_799b61,0.880990128783742,124.31,304.01,True,False
Emergent_appears_asymmetry_07c4dc,Emergent_belief_revision_bounded_6c1d78,0.880990128783742,124.31,304.35,True,False
Emergent_appears_asymmetry_07c4dc,Emergent_bounded_coherence_a2e9f5,0.8809901220883807,124.31,322.77,True,False
Emergent_appears_asymmetry_07c4dc,Emergent_belief_revision_beneficence_ec5620,0.880990121871859,124.31,323.11,True,False
Emergent_appears_asymmetry_07c4dc,Emergent_carefully_coherence_7a9452,0.8809901292925368,124.31,341.86,True,False
Emergent_appears_asymmetry_07c4dc,Emergent_autonomy_clarity_dc06c1,0.8809901040097272,124.31,358.07,True,False
Emergent_appears_asymmetry_07c4dc,Emergent_autonomy_belief_revision_95551d,0.8800658685693998,124.31,374.68,True,False
Emergent_appears_asymmetry_07c4dc,Emergent_anticipation_autonomy_beca79,0.880990133052244,124.31,390.17,True,False
Emergent_appears_asymmetry_07c4dc,Emergent_anticipation_autonomy_60f9ff,0.8809901277018988,124.31,406.75,True,False
Emergent_appears_asymmetry_07c4dc,Emergent_bounded_coherence_ec5f84,0.8809901219147906,124.31,454.43,True,False
Emergent_appears_asymmetry_07c4dc,Emergent_carefully_coherence_d9db0f,0.8809900966215702,124.31,487.96000000000004,True,False
Emergent_appears_asymmetry_07c4dc,Emergent_anticipation_autonomy_a66f28,0.8809898625028976,124.31,505.17,True,False
Emergent_appears_asymmetry_07c4dc,Emergent_anticipation_appears_dac47e,0.8803786330845655,124.31,537.8100000000001,True,False
Emergent_appears_asymmetry_07c4dc,Emergent_carefully_coherence_24d288,0.8809900982301195,124.31,592.33,True,False
Emergent_appears_asymmetry_07c4dc,Emergent_beneficence_carefully_a8eeec,0.8809901026378015,124.31,592.67,True,False
Emergent_appears_asymmetry_07c4dc,Emergent_bounded_emergence_0cd27f,0.8809886142778185,124.31,612.19,True,False
Emergent_appears_asymmetry_07c4dc,Emergent_abstraction_autonomy_a44037,0.8809862618617272,124.31,712.85,True,False
Emergent_appears_asymmetry_07c4dc,Emergent_abstraction_appears_ce8722,0.8809919446481476,124.31,731.71,True,False
Emergent_appears_asymmetry_07c4dc,Emergent_abstraction_autonomy_a1d776,0.8809786211710338,124.31,750.99,True,False
Emergent_appears_asymmetry_07c4dc,Emergent_abstraction_beneficence_1063dd,0.8762794094359712,124.31,771.21,True,False
Emergent_appears_asymmetry_07c4dc,Emergent_abstraction_carefully_437869,0.8809715718133364,124.31,771.5500000000001,True,False
Emergent_appears_asymmetry_07c4dc,Emergent_abstraction_autonomy_c124af,0.8809866354194709,124.31,791.94,True,False
Emergent_appears_asymmetry_07c4dc,Emergent_abstraction_constraint_53a6d5,0.8809741056422364,124.31,835.94,True,False
Emergent_appears_asymmetry_07c4dc,Emergent_abstraction_contradiction_4b7670,0.8809753434443046,124.31,836.28,True,False
Emergent_appears_asymmetry_07c4dc,Emergent_abstraction_emerges_10d365,0.8809898105181189,124.31,856.98,True,False
Emergent_appears_asymmetry_07c4dc,Emergent_abstraction_contradiction_5c7672,0.8797871776473254,124.31,857.32,True,False
Emergent_appears_asymmetry_07c4dc,Emergent_abstraction_bounded_77e339,0.8805625807113917,124.31,900.32,True,False
Emergent_appears_asymmetry_07c4dc,Emergent_abstraction_bounded_410cf5,0.8809942787107703,124.31,937.83,True,False
Emergent_appears_asymmetry_07c4dc,Emergent_abstraction_autonomy_37c4a5,0.8809543825776214,124.31,960.69,True,False
Emergent_appears_asymmetry_07c4dc,Emergent_abstraction_autonomy_9d570d,0.8809600820252141,124.31,980.63,True,False
Emergent_appears_asymmetry_07c4dc,Emergent_abstraction_coherence_97e8bf,0.880911229617277,124.31,1022.86,True,False
Emergent_appears_asymmetry_07c4dc,Emergent_abstraction_carefully_a0ed61,0.8790419206257465,124.31,1066.88,True,False
Emergent_appears_asymmetry_07c4dc,Emergent_abstraction_belief_revision_657261,0.8791129613690163,124.31,1087.51,True,False
Emergent_appears_asymmetry_07c4dc,Emergent_abstraction_bounded_d78044,0.8821987235389661,124.31,1105.39,True,False
Emergent_appears_asymmetry_07c4dc,Emergent_abstraction_beneficence_898daf,0.8823460776590919,124.31,1150.22,True,False
Emergent_appears_asymmetry_07c4dc,Emergent_anticipation_awareness_bcd71d,0.8817528796361918,124.31,1169.13,True,False
Emergent_appears_asymmetry_07c4dc,Emergent_abstraction_bounded_4cbc2f,0.8809054538891918,124.31,1192.6200000000001,True,False
Emergent_appears_asymmetry_07c4dc,Emergent_abstraction_belief_revision_06a156,0.8663642868511587,124.31,1238.3600000000001,True,False
Emergent_appears_asymmetry_07c4dc,Emergent_abstraction_appears_601296,0.9259387331787035,124.31,1428.88,True,False
Emergent_appears_asymmetry_07c4dc,Emergent_abstraction_appears_d52a74,0.9,124.31,1449.33,True,False
Emergent_bounded_coherence_3d00ff,Emergent_autonomy_carefully_dedeae,0.8753784481708491,141.93,157.63,True,False
Emergent_bounded_coherence_3d00ff,Emergent_anticipation_awareness_450e7c,0.8753784484108527,141.93,182.70000000000002,True,False
Emergent_bounded_coherence_3d00ff,Emergent_autonomy_beneficence_f6c1c5,0.8753784483201721,141.93,197.76,True,False
Emergent_bounded_coherence_3d00ff,Emergent_autonomy_bounded_72bafc,0.8753784483201721,141.93,198.1,True,False
Emergent_bounded_coherence_3d00ff,Emergent_bounded_carefully_f79645,0.8753784481906288,141.93,213.95000000000002,True,False
Emergent_bounded_coherence_3d00ff,Emergent_abstraction_emerges_7ed5b6,0.8753784479376621,141.93,229.16,True,False
Emergent_bounded_coherence_3d00ff,Emergent_attention_autonomy_af7c63,0.8753784477515743,141.93,242.47,True,False
Emergent_bounded_coherence_3d00ff,Emergent_attention_autonomy_c9f3a2,0.875378445069189,141.93,256.95,True,False
Emergent_bounded_coherence_3d00ff,Emergent_attention_autonomy_110d93,0.8753784450776858,141.93,257.29,True,False
Emergent_bounded_coherence_3d00ff,Emergent_bounded_clarity_42b09f,0.8753784451416597,141.93,272.31,True,False
Emergent_bounded_coherence_3d00ff,Emergent_appears_asymmetry_8dba4c,0.8753784486773015,141.93,286.7,True,False
Emergent_bounded_coherence_3d00ff,Emergent_bounded_coherence_799b61,0.875378448137762,141.93,304.01,True,False
Emergent_bounded_coherence_3d00ff,Emergent_belief_revision_bounded_6c1d78,0.875378448137762,141.93,304.35,True,False
Emergent_bounded_coherence_3d00ff,Emergent_bounded_coherence_a2e9f5,0.8753784409646848,141.93,322.77,True,False
Emergent_bounded_coherence_3d00ff,Emergent_belief_revision_beneficence_ec5620,0.8753784407568304,141.93,323.11,True,False
Emergent_bounded_coherence_3d00ff,Emergent_carefully_coherence_7a9452,0.875378448914691,141.93,341.86,True,False
Emergent_bounded_coherence_3d00ff,Emergent_autonomy_clarity_dc06c1,0.8753784231817809,141.93,358.07,True,False
Emergent_bounded_coherence_3d00ff,Emergent_autonomy_belief_revision_95551d,0.8753784561332556,141.93,374.68,True,False
Emergent_bounded_coherence_3d00ff,Emergent_anticipation_autonomy_beca79,0.8753784529230484,141.93,390.17,True,False
Emergent_bounded_coherence_3d00ff,Emergent_anticipation_autonomy_60f9ff,0.8753784475727031,141.93,406.75,True,False
Emergent_bounded_coherence_3d00ff,Emergent_bounded_coherence_ec5f84,0.875378441785595,141.93,454.43,True,False
Emergent_bounded_coherence_3d00ff,Emergent_carefully_coherence_d9db0f,0.8753784166214185,141.93,487.96000000000004,True,False
Emergent_bounded_coherence_3d00ff,Emergent_anticipation_autonomy_a66f28,0.8753781740973792,141.93,505.17,True,False
Emergent_bounded_coherence_3d00ff,Emergent_anticipation_appears_dac47e,0.8753782231765392,141.93,537.8100000000001,True,False
Emergent_bounded_coherence_3d00ff,Emergent_carefully_coherence_24d288,0.8753784584229276,141.93,592.33,True,False
Emergent_bounded_coherence_3d00ff,Emergent_beneficence_carefully_a8eeec,0.8753784626087511,141.93,592.67,True,False
Emergent_bounded_coherence_3d00ff,Emergent_bounded_emergence_0cd27f,0.8753769290384117,141.93,612.19,True,False
Emergent_bounded_coherence_3d00ff,Emergent_abstraction_autonomy_a44037,0.8753745240139998,141.93,712.85,True,False
Emergent_bounded_coherence_3d00ff,Emergent_abstraction_appears_ce8722,0.8753806057077806,141.93,731.71,True,False
Emergent_bounded_coherence_3d00ff,Emergent_abstraction_autonomy_a1d776,0.875366931805287,141.93,750.99,True,False
Emergent_bounded_coherence_3d00ff,Emergent_abstraction_beneficence_1063dd,0.8753806988069905,141.93,771.21,True,False
Emergent_bounded_coherence_3d00ff,Emergent_abstraction_carefully_437869,0.875380946828741,141.93,771.5500000000001,True,False
Emergent_bounded_coherence_3d00ff,Emergent_abstraction_autonomy_c124af,0.8753745426603556,141.93,791.94,True,False
Emergent_bounded_coherence_3d00ff,Emergent_abstraction_constraint_53a6d5,0.8753612260204533,141.93,835.94,True,False
Emergent_bounded_coherence_3d00ff,Emergent_abstraction_contradiction_4b7670,0.8753624015183452,141.93,836.28,True,False
Emergent_bounded_coherence_3d00ff,Emergent_abstraction_emerges_10d365,0.8753819262887945,141.93,856.98,True,False
Emergent_bounded_coherence_3d00ff,Emergent_abstraction_contradiction_5c7672,0.8753819056371961,141.93,857.32,True,False
Emergent_bounded_coherence_3d00ff,Emergent_abstraction_bounded_77e339,0.8754279444207587,141.93,900.32,True,False
Emergent_bounded_coherence_3d00ff,Emergent_abstraction_bounded_410cf5,0.8753872503649469,141.93,937.83,True,False
Emergent_bounded_coherence_3d00ff,Emergent_abstraction_autonomy_37c4a5,0.8753473542317982,141.93,960.69,True,False
Emergent_bounded_coherence_3d00ff,Emergent_abstraction_autonomy_9d570d,0.8753530536793908,141.93,980.63,True,False
Emergent_bounded_coherence_3d00ff,Emergent_abstraction_coherence_97e8bf,0.8753042012714536,141.93,1022.86,True,False
Emergent_bounded_coherence_3d00ff,Emergent_abstraction_carefully_a0ed61,0.8734525878477035,141.93,1066.88,True,False
Emergent_bounded_coherence_3d00ff,Emergent_abstraction_belief_revision_657261,0.8735169333950239,141.93,1087.51,True,False
Emergent_bounded_coherence_3d00ff,Emergent_abstraction_bounded_d78044,0.8766579491297883,141.93,1105.39,True,False
Emergent_bounded_coherence_3d00ff,Emergent_abstraction_beneficence_898daf,0.8769086606893222,141.93,1150.22,True,False
Emergent_bounded_coherence_3d00ff,Emergent_anticipation_awareness_bcd71d,0.8763154626664222,141.93,1169.13,True,False
Emergent_bounded_coherence_3d00ff,Emergent_abstraction_bounded_4cbc2f,0.8754680369194223,141.93,1192.6200000000001,True,False
Emergent_bounded_coherence_3d00ff,Emergent_abstraction_belief_revision_06a156,0.8597697956075672,141.93,1238.3600000000001,True,False
Emergent_bounded_coherence_3d00ff,Emergent_abstraction_appears_601296,0.9259387331787035,141.93,1428.88,True,False
Emergent_bounded_coherence_3d00ff,Emergent_abstraction_appears_d52a74,0.9,141.93,1449.33,True,False
Emergent_autonomy_carefully_dedeae,Emergent_anticipation_awareness_450e7c,0.8826698071848749,157.63,182.70000000000002,True,False
Emergent_autonomy_carefully_dedeae,Emergent_autonomy_beneficence_f6c1c5,0.8826698070941945,157.63,197.76,True,False
Emergent_autonomy_carefully_dedeae,Emergent_autonomy_bounded_72bafc,0.8826698070941945,157.63,198.1,True,False
Emergent_autonomy_carefully_dedeae,Emergent_bounded_carefully_f79645,0.882669806964651,157.63,213.95000000000002,True,False
Emergent_autonomy_carefully_dedeae,Emergent_abstraction_emerges_7ed5b6,0.8826698069460135,157.63,229.16,True,False
Emergent_autonomy_carefully_dedeae,Emergent_attention_autonomy_af7c63,0.8826698067477938,157.63,242.47,True,False
Emergent_autonomy_carefully_dedeae,Emergent_attention_autonomy_c9f3a2,0.8826698039084713,157.63,256.95,True,False
Emergent_autonomy_carefully_dedeae,Emergent_attention_autonomy_110d93,0.8826698039172955,157.63,257.29,True,False
Emergent_autonomy_carefully_dedeae,Emergent_bounded_clarity_42b09f,0.8826698039837371,157.63,272.31,True,False
Emergent_autonomy_carefully_dedeae,Emergent_appears_asymmetry_8dba4c,0.8826698072398891,157.63,286.7,True,False
Emergent_autonomy_carefully_dedeae,Emergent_bounded_coherence_799b61,0.8826698067003493,157.63,304.01,True,False
Emergent_autonomy_carefully_dedeae,Emergent_belief_revision_bounded_6c1d78,0.8826698067003493,157.63,304.35,True,False
Emergent_autonomy_carefully_dedeae,Emergent_bounded_coherence_a2e9f5,0.8826698001479776,157.63,322.77,True,False
Emergent_autonomy_carefully_dedeae,Emergent_belief_revision_beneficence_ec5620,0.8826697999288613,157.63,323.11,True,False
Emergent_autonomy_carefully_dedeae,Emergent_carefully_coherence_7a9452,0.8826698071288872,157.63,341.86,True,False
Emergent_autonomy_carefully_dedeae,Emergent_autonomy_clarity_dc06c1,0.8826697819808007,157.63,358.07,True,False
Emergent_autonomy_carefully_dedeae,Emergent_autonomy_belief_revision_95551d,0.8800658685693998,157.63,374.68,True,False
Emergent_autonomy_carefully_dedeae,Emergent_anticipation_autonomy_beca79,0.8826698108141688,157.63,390.17,True,False
Emergent_autonomy_carefully_dedeae,Emergent_anticipation_autonomy_60f9ff,0.8826698054638236,157.63,406.75,True,False
Emergent_autonomy_carefully_dedeae,Emergent_bounded_coherence_ec5f84,0.8826697996767154,157.63,454.43,True,False
Emergent_autonomy_carefully_dedeae,Emergent_carefully_coherence_d9db0f,0.8826697743448699,157.63,487.96000000000004,True,False
Emergent_autonomy_carefully_dedeae,Emergent_anticipation_autonomy_a66f28,0.8826695427420759,157.63,505.17,True,False
Emergent_autonomy_carefully_dedeae,Emergent_anticipation_appears_dac47e,0.8803786330845655,157.63,537.8100000000001,True,False
Emergent_autonomy_carefully_dedeae,Emergent_carefully_coherence_24d288,0.8826697639229364,157.63,592.33,True,False
Emergent_autonomy_carefully_dedeae,Emergent_beneficence_carefully_a8eeec,0.8826697683970248,157.63,592.67,True,False
Emergent_autonomy_carefully_dedeae,Emergent_bounded_emergence_0cd27f,0.8826682935693222,157.63,612.19,True,False
Emergent_autonomy_carefully_dedeae,Emergent_abstraction_autonomy_a44037,0.8826659568998565,157.63,712.85,True,False
Emergent_autonomy_carefully_dedeae,Emergent_abstraction_appears_ce8722,0.8826715202860602,157.63,731.71,True,False
Emergent_autonomy_carefully_dedeae,Emergent_abstraction_autonomy_a1d776,0.8826583016976257,157.63,750.99,True,False
Emergent_autonomy_carefully_dedeae,Emergent_abstraction_beneficence_1063dd,0.8762794094359712,157.63,771.21,True,False
Emergent_autonomy_carefully_dedeae,Emergent_abstraction_carefully_437869,0.8809715718133364,157.63,771.5500000000001,True,False
Emergent_autonomy_carefully_dedeae,Emergent_abstraction_autonomy_c124af,0.8826664366890236,157.63,791.94,True,False
Emergent_autonomy_carefully_dedeae,Emergent_abstraction_constraint_53a6d5,0.8826541424340737,157.63,835.94,True,False
Emergent_autonomy_carefully_dedeae,Emergent_abstraction_contradiction_4b7670,0.8826553988849128,157.63,836.28,True,False
Emergent_autonomy_carefully_dedeae,Emergent_abstraction_emerges_10d365,0.8826683520982845,157.63,856.98,True,False
Emergent_autonomy_carefully_dedeae,Emergent_abstraction_contradiction_5c7672,0.8797871776473254,157.63,857.32,True,False
Emergent_autonomy_carefully_dedeae,Emergent_abstraction_bounded_77e339,0.8805625807113917,157.63,900.32,True,False
Emergent_autonomy_carefully_dedeae,Emergent_abstraction_bounded_410cf5,0.8826725641094626,157.63,937.83,True,False
Emergent_autonomy_carefully_dedeae,Emergent_abstraction_autonomy_37c4a5,0.8826326679763139,157.63,960.69,True,False
Emergent_autonomy_carefully_dedeae,Emergent_abstraction_autonomy_9d570d,0.8826383674239067,157.63,980.63,True,False
Emergent_autonomy_carefully_dedeae,Emergent_abstraction_coherence_97e8bf,0.8813379584814509,157.63,1022.86,True,False
Emergent_autonomy_carefully_dedeae,Emergent_abstraction_carefully_a0ed61,0.8807149094196787,157.63,1066.88,True,False
Emergent_autonomy_carefully_dedeae,Emergent_abstraction_belief_revision_657261,0.8807879541566701,157.63,1087.51,True,False
Emergent_autonomy_carefully_dedeae,Emergent_abstraction_bounded_d78044,0.8838571779313535,157.63,1105.39,True,False
Emergent_autonomy_carefully_dedeae,Emergent_abstraction_beneficence_898daf,0.8839735952930563,157.63,1150.22,True,False
Emergent_autonomy_carefully_dedeae,Emergent_anticipation_awareness_bcd71d,0.8833803972701564,157.63,1169.13,True,False
Emergent_autonomy_carefully_dedeae,Emergent_abstraction_bounded_4cbc2f,0.8825329715231565,157.63,1192.6200000000001,True,False
Emergent_autonomy_carefully_dedeae,Emergent_abstraction_belief_revision_06a156,0.868338137825921,157.63,1238.3600000000001,True,False
Emergent_autonomy_carefully_dedeae,Emergent_abstraction_appears_601296,0.9259387331787035,157.63,1428.88,True,False
Emergent_autonomy_carefully_dedeae,Emergent_abstraction_appears_d52a74,0.9,157.63,1449.33,True,False
Emergent_anticipation_awareness_450e7c,Emergent_autonomy_beneficence_f6c1c5,0.8849506794738258,182.70000000000002,197.76,True,False
Emergent_anticipation_awareness_450e7c,Emergent_autonomy_bounded_72bafc,0.8849506794738258,182.70000000000002,198.1,True,False
Emergent_anticipation_awareness_450e7c,Emergent_bounded_carefully_f79645,0.8828275671265102,182.70000000000002,213.95000000000002,True,False
Emergent_anticipation_awareness_450e7c,Emergent_abstraction_emerges_7ed5b6,0.8849506793256448,182.70000000000002,229.16,True,False
Emergent_anticipation_awareness_450e7c,Emergent_attention_autonomy_af7c63,0.8849506791267847,182.70000000000002,242.47,True,False
Emergent_anticipation_awareness_450e7c,Emergent_attention_autonomy_c9f3a2,0.8849506763435913,182.70000000000002,256.95,True,False
Emergent_anticipation_awareness_450e7c,Emergent_attention_autonomy_110d93,0.8849506763525181,182.70000000000002,257.29,True,False
Emergent_anticipation_awareness_450e7c,Emergent_bounded_clarity_42b09f,0.8849506764197312,182.70000000000002,272.31,True,False
Emergent_anticipation_awareness_450e7c,Emergent_appears_asymmetry_8dba4c,0.8849506795884539,182.70000000000002,286.7,True,False
Emergent_anticipation_awareness_450e7c,Emergent_bounded_coherence_799b61,0.8849506790489143,182.70000000000002,304.01,True,False
Emergent_anticipation_awareness_450e7c,Emergent_belief_revision_bounded_6c1d78,0.8849506790489143,182.70000000000002,304.35,True,False
Emergent_anticipation_awareness_450e7c,Emergent_bounded_coherence_a2e9f5,0.8849506726907104,182.70000000000002,322.77,True,False
Emergent_anticipation_awareness_450e7c,Emergent_belief_revision_beneficence_ec5620,0.8835095536312663,182.70000000000002,323.11,True,False
Emergent_anticipation_awareness_450e7c,Emergent_carefully_coherence_7a9452,0.8849506793684687,182.70000000000002,341.86,True,False
Emergent_anticipation_awareness_450e7c,Emergent_autonomy_clarity_dc06c1,0.8849506544033261,182.70000000000002,358.07,True,False
Emergent_anticipation_awareness_450e7c,Emergent_autonomy_belief_revision_95551d,0.8800658685693998,182.70000000000002,374.68,True,False
Emergent_anticipation_awareness_450e7c,Emergent_anticipation_autonomy_beca79,0.8849506829526863,182.70000000000002,390.17,True,False
Emergent_anticipation_awareness_450e7c,Emergent_anticipation_autonomy_60f9ff,0.8849506776023413,182.70000000000002,406.75,True,False
Emergent_anticipation_awareness_450e7c,Emergent_bounded_coherence_ec5f84,0.8849506718152329,182.70000000000002,454.43,True,False
Emergent_anticipation_awareness_450e7c,Emergent_carefully_coherence_d9db0f,0.8849506464309373,182.70000000000002,487.96000000000004,True,False
Emergent_anticipation_awareness_450e7c,Emergent_anticipation_autonomy_a66f28,0.8849504182445118,182.70000000000002,505.17,True,False
Emergent_anticipation_awareness_450e7c,Emergent_anticipation_appears_dac47e,0.8803786330845655,182.70000000000002,537.8100000000001,True,False
Emergent_anticipation_awareness_450e7c,Emergent_carefully_coherence_24d288,0.8849506196725414,182.70000000000002,592.33,True,False
Emergent_anticipation_awareness_450e7c,Emergent_beneficence_carefully_a8eeec,0.8849506242368044,182.70000000000002,592.67,True,False
Emergent_anticipation_awareness_450e7c,Emergent_bounded_emergence_0cd27f,0.8843224007150277,182.70000000000002,612.19,True,False
Emergent_anticipation_awareness_450e7c,Emergent_abstraction_autonomy_a44037,0.8849468524981199,182.70000000000002,712.85,True,False
Emergent_anticipation_awareness_450e7c,Emergent_abstraction_appears_ce8722,0.8849522537480896,182.70000000000002,731.71,True,False
Emergent_anticipation_awareness_450e7c,Emergent_abstraction_autonomy_a1d776,0.8849391775903472,182.70000000000002,750.99,True,False
Emergent_anticipation_awareness_450e7c,Emergent_abstraction_beneficence_1063dd,0.8762794094359712,182.70000000000002,771.21,True,False
Emergent_anticipation_awareness_450e7c,Emergent_abstraction_carefully_437869,0.8809715718133364,182.70000000000002,771.5500000000001,True,False
Emergent_anticipation_awareness_450e7c,Emergent_abstraction_autonomy_c124af,0.8841197419233651,182.70000000000002,791.94,True,False
Emergent_anticipation_awareness_450e7c,Emergent_abstraction_constraint_53a6d5,0.8831511474290636,182.70000000000002,835.94,True,False
Emergent_anticipation_awareness_450e7c,Emergent_abstraction_contradiction_4b7670,0.8849367838817932,182.70000000000002,836.28,True,False
Emergent_anticipation_awareness_450e7c,Emergent_abstraction_emerges_10d365,0.8837479291654604,182.70000000000002,856.98,True,False
Emergent_anticipation_awareness_450e7c,Emergent_abstraction_contradiction_5c7672,0.8797871776473254,182.70000000000002,857.32,True,False
Emergent_anticipation_awareness_450e7c,Emergent_abstraction_bounded_77e339,0.8805625807113917,182.70000000000002,900.32,True,False
Emergent_anticipation_awareness_450e7c,Emergent_abstraction_bounded_410cf5,0.884951545526691,182.70000000000002,937.83,True,False
Emergent_anticipation_awareness_450e7c,Emergent_abstraction_autonomy_37c4a5,0.8849116493935423,182.70000000000002,960.69,True,False
Emergent_anticipation_awareness_450e7c,Emergent_abstraction_autonomy_9d570d,0.8849173488411348,182.70000000000002,980.63,True,False
Emergent_anticipation_awareness_450e7c,Emergent_abstraction_coherence_97e8bf,0.8813379584814509,182.70000000000002,1022.86,True,False
Emergent_anticipation_awareness_450e7c,Emergent_abstraction_carefully_a0ed61,0.8829866984584043,182.70000000000002,1066.88,True,False
Emergent_anticipation_awareness_450e7c,Emergent_abstraction_belief_revision_657261,0.8830624644634564,182.70000000000002,1087.51,True,False
Emergent_anticipation_awareness_450e7c,Emergent_abstraction_bounded_d78044,0.8861092303799518,182.70000000000002,1105.39,True,False
Emergent_anticipation_awareness_450e7c,Emergent_abstraction_beneficence_898daf,0.8861836380229202,182.70000000000002,1150.22,True,False
Emergent_anticipation_awareness_450e7c,Emergent_anticipation_awareness_bcd71d,0.8855904400000201,182.70000000000002,1169.13,True,False
Emergent_anticipation_awareness_450e7c,Emergent_abstraction_bounded_4cbc2f,0.8847430142530202,182.70000000000002,1192.6200000000001,True,False
Emergent_anticipation_awareness_450e7c,Emergent_abstraction_belief_revision_06a156,0.871018474373785,182.70000000000002,1238.3600000000001,True,False
Emergent_anticipation_awareness_450e7c,Emergent_abstraction_appears_601296,0.9259387331787035,182.70000000000002,1428.88,True,False
Emergent_anticipation_awareness_450e7c,Emergent_abstraction_appears_d52a74,0.9,182.70000000000002,1449.33,True,False
Emergent_autonomy_beneficence_f6c1c5,Emergent_autonomy_bounded_72bafc,0.8871351772304121,197.76,198.1,True,False
Emergent_autonomy_beneficence_f6c1c5,Emergent_bounded_carefully_f79645,0.8828275671265102,197.76,213.95000000000002,True,False
Emergent_autonomy_beneficence_f6c1c5,Emergent_abstraction_emerges_7ed5b6,0.8871351773844989,197.76,229.16,True,False
Emergent_autonomy_beneficence_f6c1c5,Emergent_attention_autonomy_af7c63,0.8851510272612857,197.76,242.47,True,False
Emergent_autonomy_beneficence_f6c1c5,Emergent_attention_autonomy_c9f3a2,0.8870411904425732,197.76,256.95,True,False
Emergent_autonomy_beneficence_f6c1c5,Emergent_attention_autonomy_110d93,0.8871351744647578,197.76,257.29,True,False
Emergent_autonomy_beneficence_f6c1c5,Emergent_bounded_clarity_42b09f,0.8871351745327118,197.76,272.31,True,False
Emergent_autonomy_beneficence_f6c1c5,Emergent_appears_asymmetry_8dba4c,0.8871351776174745,197.76,286.7,True,False
Emergent_autonomy_beneficence_f6c1c5,Emergent_bounded_coherence_799b61,0.887135177077935,197.76,304.01,True,False
Emergent_autonomy_beneficence_f6c1c5,Emergent_belief_revision_bounded_6c1d78,0.887135177077935,197.76,304.35,True,False
Emergent_autonomy_beneficence_f6c1c5,Emergent_bounded_coherence_a2e9f5,0.8871351709061941,197.76,322.77,True,False
Emergent_autonomy_beneficence_f6c1c5,Emergent_belief_revision_beneficence_ec5620,0.8835095536312663,197.76,323.11,True,False
Emergent_autonomy_beneficence_f6c1c5,Emergent_carefully_coherence_7a9452,0.8871351772928304,197.76,341.86,True,False
Emergent_autonomy_beneficence_f6c1c5,Emergent_autonomy_clarity_dc06c1,0.8864718153131512,197.76,358.07,True,False
Emergent_autonomy_beneficence_f6c1c5,Emergent_autonomy_belief_revision_95551d,0.8800658685693998,197.76,374.68,True,False
Emergent_autonomy_beneficence_f6c1c5,Emergent_anticipation_autonomy_beca79,0.8871351807799943,197.76,390.17,True,False
Emergent_autonomy_beneficence_f6c1c5,Emergent_anticipation_autonomy_60f9ff,0.887135175429649,197.76,406.75,True,False
Emergent_autonomy_beneficence_f6c1c5,Emergent_bounded_coherence_ec5f84,0.8856665657086522,197.76,454.43,True,False
Emergent_autonomy_beneficence_f6c1c5,Emergent_carefully_coherence_d9db0f,0.8871351442078768,197.76,487.96000000000004,True,False
Emergent_autonomy_beneficence_f6c1c5,Emergent_anticipation_autonomy_a66f28,0.8852452161126556,197.76,505.17,True,False
Emergent_autonomy_beneficence_f6c1c5,Emergent_anticipation_appears_dac47e,0.8803786330845655,197.76,537.8100000000001,True,False
Emergent_autonomy_beneficence_f6c1c5,Emergent_carefully_coherence_24d288,0.8859015027029911,197.76,592.33,True,False
Emergent_autonomy_beneficence_f6c1c5,Emergent_beneficence_carefully_a8eeec,0.8871351064121369,197.76,592.67,True,False
Emergent_autonomy_beneficence_f6c1c5,Emergent_bounded_emergence_0cd27f,0.8843224007150277,197.76,612.19,True,False
Emergent_autonomy_beneficence_f6c1c5,Emergent_abstraction_autonomy_a44037,0.8867046954123698,197.76,712.85,True,False
Emergent_autonomy_beneficence_f6c1c5,Emergent_abstraction_appears_ce8722,0.8871366184018352,197.76,731.71,True,False
Emergent_autonomy_beneficence_f6c1c5,Emergent_abstraction_autonomy_a1d776,0.8856657716460381,197.76,750.99,True,False
Emergent_autonomy_beneficence_f6c1c5,Emergent_abstraction_beneficence_1063dd,0.8762794094359712,197.76,771.21,True,False
Emergent_autonomy_beneficence_f6c1c5,Emergent_abstraction_carefully_437869,0.8809715718133364,197.76,771.5500000000001,True,False
Emergent_autonomy_beneficence_f6c1c5,Emergent_abstraction_autonomy_c124af,0.8841197419233651,197.76,791.94,True,False
Emergent_autonomy_beneficence_f6c1c5,Emergent_abstraction_constraint_53a6d5,0.8831511474290636,197.76,835.94,True,False
Emergent_autonomy_beneficence_f6c1c5,Emergent_abstraction_contradiction_4b7670,0.8871217847678476,197.76,836.28,True,False
Emergent_autonomy_beneficence_f6c1c5,Emergent_abstraction_emerges_10d365,0.8837479291654604,197.76,856.98,True,False
Emergent_autonomy_beneficence_f6c1c5,Emergent_abstraction_contradiction_5c7672,0.8797871776473254,197.76,857.32,True,False
Emergent_autonomy_beneficence_f6c1c5,Emergent_abstraction_bounded_77e339,0.8805625807113917,197.76,900.32,True,False
Emergent_autonomy_beneficence_f6c1c5,Emergent_abstraction_bounded_410cf5,0.8851591873752236,197.76,937.83,True,False
Emergent_autonomy_beneficence_f6c1c5,Emergent_abstraction_autonomy_37c4a5,0.8866739093299802,197.76,960.69,True,False
Emergent_autonomy_beneficence_f6c1c5,Emergent_abstraction_autonomy_9d570d,0.8871000415257875,197.76,980.63,True,False
Emergent_autonomy_beneficence_f6c1c5,Emergent_abstraction_coherence_97e8bf,0.8813379584814509,197.76,1022.86,True,False
Emergent_autonomy_beneficence_f6c1c5,Emergent_abstraction_carefully_a0ed61,0.8851683389296319,197.76,1066.88,True,False
Emergent_autonomy_beneficence_f6c1c5,Emergent_abstraction_belief_revision_657261,0.8852467182180623,197.76,1087.51,True,False
Emergent_autonomy_beneficence_f6c1c5,Emergent_abstraction_bounded_d78044,0.8882719174435116,197.76,1105.39,True,False
Emergent_autonomy_beneficence_f6c1c5,Emergent_abstraction_beneficence_898daf,0.8883059823869539,197.76,1150.22,True,False
Emergent_autonomy_beneficence_f6c1c5,Emergent_anticipation_awareness_bcd71d,0.887712784364054,197.76,1169.13,True,False
Emergent_autonomy_beneficence_f6c1c5,Emergent_abstraction_bounded_4cbc2f,0.8868653586170541,197.76,1192.6200000000001,True,False
Emergent_autonomy_beneficence_f6c1c5,Emergent_abstraction_belief_revision_06a156,0.8735924504735249,197.76,1238.3600000000001,True,False
Emergent_autonomy_beneficence_f6c1c5,Emergent_abstraction_appears_601296,0.9259387331787035,197.76,1428.88,True,False
Emergent_autonomy_beneficence_f6c1c5,Emergent_abstraction_appears_d52a74,0.9,197.76,1449.33,True,False
Emergent_autonomy_bounded_72bafc,Emergent_bounded_carefully_f79645,0.8828275671265102,198.1,213.95000000000002,True,False
Emergent_autonomy_bounded_72bafc,Emergent_abstraction_emerges_7ed5b6,0.7534584743064017,198.1,229.16,True,False
Emergent_autonomy_bounded_72bafc,Emergent_attention_autonomy_af7c63,0.8851510272612857,198.1,242.47,True,False
Emergent_autonomy_bounded_72bafc,Emergent_attention_autonomy_c9f3a2,0.8870411904425732,198.1,256.95,True,False
Emergent_autonomy_bounded_72bafc,Emergent_attention_autonomy_110d93,0.7534584746005957,198.1,257.29,True,False
Emergent_autonomy_bounded_72bafc,Emergent_bounded_clarity_42b09f,0.7534584746483011,198.1,272.31,True,False
Emergent_autonomy_bounded_72bafc,Emergent_appears_asymmetry_8dba4c,0.7534584767920733,198.1,286.7,True,False
Emergent_autonomy_bounded_72bafc,Emergent_bounded_coherence_799b61,0.7534584764143956,198.1,304.01,True,False
Emergent_autonomy_bounded_72bafc,Emergent_belief_revision_bounded_6c1d78,0.7534584764143956,198.1,304.35,True,False
Emergent_autonomy_bounded_72bafc,Emergent_bounded_coherence_a2e9f5,0.7534584721287371,198.1,322.77,True,False
Emergent_autonomy_bounded_72bafc,Emergent_belief_revision_beneficence_ec5620,0.8835095536312663,198.1,323.11,True,False
Emergent_autonomy_bounded_72bafc,Emergent_carefully_coherence_7a9452,0.7534584765454249,198.1,341.86,True,False
Emergent_autonomy_bounded_72bafc,Emergent_autonomy_clarity_dc06c1,0.8864718153131512,198.1,358.07,True,False
Emergent_autonomy_bounded_72bafc,Emergent_autonomy_belief_revision_95551d,0.8800658685693998,198.1,374.68,True,False
Emergent_autonomy_bounded_72bafc,Emergent_anticipation_autonomy_beca79,0.8871498285292789,198.1,390.17,True,False
Emergent_autonomy_bounded_72bafc,Emergent_anticipation_autonomy_60f9ff,0.7534584752232094,198.1,406.75,True,False
Emergent_autonomy_bounded_72bafc,Emergent_bounded_coherence_ec5f84,0.8856665657086522,198.1,454.43,True,False
Emergent_autonomy_bounded_72bafc,Emergent_carefully_coherence_d9db0f,0.7534584533586333,198.1,487.96000000000004,True,False
Emergent_autonomy_bounded_72bafc,Emergent_anticipation_autonomy_a66f28,0.8852452161126556,198.1,505.17,True,False
Emergent_autonomy_bounded_72bafc,Emergent_anticipation_appears_dac47e,0.8803786330845655,198.1,537.8100000000001,True,False
Emergent_autonomy_bounded_72bafc,Emergent_carefully_coherence_24d288,0.8859015027029911,198.1,592.33,True,False
Emergent_autonomy_bounded_72bafc,Emergent_beneficence_carefully_a8eeec,0.7534584240099498,198.1,592.67,True,False
Emergent_autonomy_bounded_72bafc,Emergent_bounded_emergence_0cd27f,0.8843224007150277,198.1,612.19,True,False
Emergent_autonomy_bounded_72bafc,Emergent_abstraction_autonomy_a44037,0.8867046954123698,198.1,712.85,True,False
Emergent_autonomy_bounded_72bafc,Emergent_abstraction_appears_ce8722,0.7534594606208065,198.1,731.71,True,False
Emergent_autonomy_bounded_72bafc,Emergent_abstraction_autonomy_a1d776,0.8856657716460381,198.1,750.99,True,False
Emergent_autonomy_bounded_72bafc,Emergent_abstraction_beneficence_1063dd,0.8762794094359712,198.1,771.21,True,False
Emergent_autonomy_bounded_72bafc,Emergent_abstraction_carefully_437869,0.8809715718133364,198.1,771.5500000000001,True,False
Emergent_autonomy_bounded_72bafc,Emergent_abstraction_autonomy_c124af,0.8841197419233651,198.1,791.94,True,False
Emergent_autonomy_bounded_72bafc,Emergent_abstraction_constraint_53a6d5,0.8831511474290636,198.1,835.94,True,False
Emergent_autonomy_bounded_72bafc,Emergent_abstraction_contradiction_4b7670,0.7534492407020792,198.1,836.28,True,False
Emergent_autonomy_bounded_72bafc,Emergent_abstraction_emerges_10d365,0.8837479291654604,198.1,856.98,True,False
Emergent_autonomy_bounded_72bafc,Emergent_abstraction_contradiction_5c7672,0.8797871776473254,198.1,857.32,True,False
Emergent_autonomy_bounded_72bafc,Emergent_abstraction_bounded_77e339,0.8805625807113917,198.1,900.32,True,False
Emergent_autonomy_bounded_72bafc,Emergent_abstraction_bounded_410cf5,0.8851591873752236,198.1,937.83,True,False
Emergent_autonomy_bounded_72bafc,Emergent_abstraction_autonomy_37c4a5,0.8866739093299802,198.1,960.69,True,False
Emergent_autonomy_bounded_72bafc,Emergent_abstraction_autonomy_9d570d,0.7534335926211391,198.1,980.63,True,False
Emergent_autonomy_bounded_72bafc,Emergent_abstraction_coherence_97e8bf,0.8813379584814509,198.1,1022.86,True,False
Emergent_autonomy_bounded_72bafc,Emergent_abstraction_carefully_a0ed61,0.7520825492659016,198.1,1066.88,True,False
Emergent_autonomy_bounded_72bafc,Emergent_abstraction_belief_revision_657261,0.7521378991244436,198.1,1087.51,True,False
Emergent_autonomy_bounded_72bafc,Emergent_abstraction_bounded_d78044,0.7542515413234432,198.1,1105.39,True,False
Emergent_autonomy_bounded_72bafc,Emergent_abstraction_beneficence_898daf,0.8884260214924338,198.1,1150.22,True,False
Emergent_autonomy_bounded_72bafc,Emergent_anticipation_awareness_bcd71d,0.753852670886725,198.1,1169.13,True,False
Emergent_autonomy_bounded_72bafc,Emergent_abstraction_bounded_4cbc2f,0.7532594728638251,198.1,1192.6200000000001,True,False
Emergent_autonomy_bounded_72bafc,Emergent_abstraction_belief_revision_06a156,0.7440521444382819,198.1,1238.3600000000001,True,False
Emergent_autonomy_bounded_72bafc,Emergent_abstraction_appears_601296,0.3872701618446615,198.1,1428.88,True,False
Emergent_autonomy_bounded_72bafc,Emergent_abstraction_appears_d52a74,0.9,198.1,1449.33,True,False
Emergent_bounded_carefully_f79645,Emergent_abstraction_emerges_7ed5b6,0.8828275671078727,213.95000000000002,229.16,True,False
Emergent_bounded_carefully_f79645,Emergent_attention_autonomy_af7c63,0.8828275669096088,213.95000000000002,242.47,True,False
Emergent_bounded_carefully_f79645,Emergent_attention_autonomy_c9f3a2,0.8828275640741685,213.95000000000002,256.95,True,False
Emergent_bounded_carefully_f79645,Emergent_attention_autonomy_110d93,0.8828275640830001,213.95000000000002,257.29,True,False
Emergent_bounded_carefully_f79645,Emergent_bounded_clarity_42b09f,0.8828275641494947,213.95000000000002,272.31,True,False
Emergent_bounded_carefully_f79645,Emergent_appears_asymmetry_8dba4c,0.8828275673995996,213.95000000000002,286.7,True,False
Emergent_bounded_carefully_f79645,Emergent_bounded_coherence_799b61,0.88282756686006,213.95000000000002,304.01,True,False
Emergent_bounded_carefully_f79645,Emergent_belief_revision_bounded_6c1d78,0.88282756686006,213.95000000000002,304.35,True,False
Emergent_bounded_carefully_f79645,Emergent_bounded_coherence_a2e9f5,0.8828275603211178,213.95000000000002,322.77,True,False
Emergent_bounded_carefully_f79645,Emergent_belief_revision_beneficence_ec5620,0.8828275601017581,213.95000000000002,323.11,True,False
Emergent_bounded_carefully_f79645,Emergent_carefully_coherence_7a9452,0.8828275672810597,213.95000000000002,341.86,True,False
Emergent_bounded_carefully_f79645,Emergent_autonomy_clarity_dc06c1,0.8828275421456269,213.95000000000002,358.07,True,False
Emergent_bounded_carefully_f79645,Emergent_autonomy_belief_revision_95551d,0.8800658685693998,213.95000000000002,374.68,True,False
Emergent_bounded_carefully_f79645,Emergent_anticipation_autonomy_beca79,0.8828275709593509,213.95000000000002,390.17,True,False
Emergent_bounded_carefully_f79645,Emergent_anticipation_autonomy_60f9ff,0.8828275656090059,213.95000000000002,406.75,True,False
Emergent_bounded_carefully_f79645,Emergent_bounded_coherence_ec5f84,0.8828275598218978,213.95000000000002,454.43,True,False
Emergent_bounded_carefully_f79645,Emergent_carefully_coherence_d9db0f,0.8828275344864243,213.95000000000002,487.96000000000004,True,False
Emergent_bounded_carefully_f79645,Emergent_anticipation_autonomy_a66f28,0.882827303119929,213.95000000000002,505.17,True,False
Emergent_bounded_carefully_f79645,Emergent_anticipation_appears_dac47e,0.8803786330845655,213.95000000000002,537.8100000000001,True,False
Emergent_bounded_carefully_f79645,Emergent_carefully_coherence_24d288,0.8828275229345535,213.95000000000002,592.33,True,False
Emergent_bounded_carefully_f79645,Emergent_beneficence_carefully_a8eeec,0.8828275274148791,213.95000000000002,592.67,True,False
Emergent_bounded_carefully_f79645,Emergent_bounded_emergence_0cd27f,0.8828260538581669,213.95000000000002,612.19,True,False
Emergent_bounded_carefully_f79645,Emergent_abstraction_autonomy_a44037,0.8828237186676693,213.95000000000002,712.85,True,False
Emergent_bounded_carefully_f79645,Emergent_abstraction_appears_ce8722,0.8828292708394629,213.95000000000002,731.71,True,False
Emergent_bounded_carefully_f79645,Emergent_abstraction_autonomy_a1d776,0.8828160621024737,213.95000000000002,750.99,True,False
Emergent_bounded_carefully_f79645,Emergent_abstraction_beneficence_1063dd,0.8762794094359712,213.95000000000002,771.21,True,False
Emergent_bounded_carefully_f79645,Emergent_abstraction_carefully_437869,0.8809715718133364,213.95000000000002,771.5500000000001,True,False
Emergent_bounded_carefully_f79645,Emergent_abstraction_autonomy_c124af,0.8828242084343956,213.95000000000002,791.94,True,False
Emergent_bounded_carefully_f79645,Emergent_abstraction_constraint_53a6d5,0.8828119363003732,213.95000000000002,835.94,True,False
Emergent_bounded_carefully_f79645,Emergent_abstraction_contradiction_4b7670,0.8828131945027589,213.95000000000002,836.28,True,False
Emergent_bounded_carefully_f79645,Emergent_abstraction_emerges_10d365,0.8828260055300223,213.95000000000002,856.98,True,False
Emergent_bounded_carefully_f79645,Emergent_abstraction_contradiction_5c7672,0.8797871776473254,213.95000000000002,857.32,True,False
Emergent_bounded_carefully_f79645,Emergent_abstraction_bounded_77e339,0.8805625807113917,213.95000000000002,900.32,True,False
Emergent_bounded_carefully_f79645,Emergent_abstraction_bounded_410cf5,0.882830193479903,213.95000000000002,937.83,True,False
Emergent_bounded_carefully_f79645,Emergent_abstraction_autonomy_37c4a5,0.8827902973467543,213.95000000000002,960.69,True,False
Emergent_bounded_carefully_f79645,Emergent_abstraction_autonomy_9d570d,0.8827959967943471,213.95000000000002,980.63,True,False
Emergent_bounded_carefully_f79645,Emergent_abstraction_coherence_97e8bf,0.8813379584814509,213.95000000000002,1022.86,True,False
Emergent_bounded_carefully_f79645,Emergent_abstraction_carefully_a0ed61,0.8808720413178333,213.95000000000002,1066.88,True,False
Emergent_bounded_carefully_f79645,Emergent_abstraction_belief_revision_657261,0.8809452742756534,213.95000000000002,1087.51,True,False
Emergent_bounded_carefully_f79645,Emergent_abstraction_bounded_d78044,0.8840129447168956,213.95000000000002,1105.39,True,False
Emergent_bounded_carefully_f79645,Emergent_abstraction_beneficence_898daf,0.8841264564096594,213.95000000000002,1150.22,True,False
Emergent_bounded_carefully_f79645,Emergent_anticipation_awareness_bcd71d,0.8835332583867592,213.95000000000002,1169.13,True,False
Emergent_bounded_carefully_f79645,Emergent_abstraction_bounded_4cbc2f,0.8826858326397593,213.95000000000002,1192.6200000000001,True,False
Emergent_bounded_carefully_f79645,Emergent_abstraction_belief_revision_06a156,0.8685235275616223,213.95000000000002,1238.3600000000001,True,False
Emergent_bounded_carefully_f79645,Emergent_abstraction_appears_601296,0.9259387331787035,213.95000000000002,1428.88,True,False
Emergent_bounded_carefully_f79645,Emergent_abstraction_appears_d52a74,0.9,213.95000000000002,1449.33,True,False
Emergent_abstraction_emerges_7ed5b6,Emergent_attention_autonomy_af7c63,0.8851510268108367,229.16,242.47,True,False
Emergent_abstraction_emerges_7ed5b6,Emergent_attention_autonomy_c9f3a2,0.8870411904425732,229.16,256.95,True,False
Emergent_abstraction_emerges_7ed5b6,Emergent_attention_autonomy_110d93,0.7540960971202073,229.16,257.29,True,False
Emergent_abstraction_emerges_7ed5b6,Emergent_bounded_clarity_42b09f,0.7574337579313173,229.16,272.31,True,False
Emergent_abstraction_emerges_7ed5b6,Emergent_appears_asymmetry_8dba4c,0.7613476854545166,229.16,286.7,True,False
Emergent_abstraction_emerges_7ed5b6,Emergent_bounded_coherence_799b61,0.7596274912190277,229.16,304.01,True,False
Emergent_abstraction_emerges_7ed5b6,Emergent_belief_revision_bounded_6c1d78,0.7569036877454927,229.16,304.35,True,False
Emergent_abstraction_emerges_7ed5b6,Emergent_bounded_coherence_a2e9f5,0.7611178238884806,229.16,322.77,True,False
Emergent_abstraction_emerges_7ed5b6,Emergent_belief_revision_beneficence_ec5620,0.8835095536312663,229.16,323.11,True,False
Emergent_abstraction_emerges_7ed5b6,Emergent_carefully_coherence_7a9452,0.7613476849569247,229.16,341.86,True,False
Emergent_abstraction_emerges_7ed5b6,Emergent_autonomy_clarity_dc06c1,0.8864718153131512,229.16,358.07,True,False
Emergent_abstraction_emerges_7ed5b6,Emergent_autonomy_belief_revision_95551d,0.8800658685693998,229.16,374.68,True,False
Emergent_abstraction_emerges_7ed5b6,Emergent_anticipation_autonomy_beca79,0.8871498285292789,229.16,390.17,True,False
Emergent_abstraction_emerges_7ed5b6,Emergent_anticipation_autonomy_60f9ff,0.7557287673425482,229.16,406.75,True,False
Emergent_abstraction_emerges_7ed5b6,Emergent_bounded_coherence_ec5f84,0.8856665657086522,229.16,454.43,True,False
Emergent_abstraction_emerges_7ed5b6,Emergent_carefully_coherence_d9db0f,0.7540252661801222,229.16,487.96000000000004,True,False
Emergent_abstraction_emerges_7ed5b6,Emergent_anticipation_autonomy_a66f28,0.8852452161126556,229.16,505.17,True,False
Emergent_abstraction_emerges_7ed5b6,Emergent_anticipation_appears_dac47e,0.8803786330845655,229.16,537.8100000000001,True,False
Emergent_abstraction_emerges_7ed5b6,Emergent_carefully_coherence_24d288,0.8859015027029911,229.16,592.33,True,False
Emergent_abstraction_emerges_7ed5b6,Emergent_beneficence_carefully_a8eeec,0.7613476055308639,229.16,592.67,True,False
Emergent_abstraction_emerges_7ed5b6,Emergent_bounded_emergence_0cd27f,0.8843224007150277,229.16,612.19,True,False
Emergent_abstraction_emerges_7ed5b6,Emergent_abstraction_autonomy_a44037,0.8867046954123698,229.16,712.85,True,False
Emergent_abstraction_emerges_7ed5b6,Emergent_abstraction_appears_ce8722,0.761348360356547,229.16,731.71,True,False
Emergent_abstraction_emerges_7ed5b6,Emergent_abstraction_autonomy_a1d776,0.8856657716460381,229.16,750.99,True,False
Emergent_abstraction_emerges_7ed5b6,Emergent_abstraction_beneficence_1063dd,0.8762794094359712,229.16,771.21,True,False
Emergent_abstraction_emerges_7ed5b6,Emergent_abstraction_carefully_437869,0.8809715718133364,229.16,771.5500000000001,True,False
Emergent_abstraction_emerges_7ed5b6,Emergent_abstraction_autonomy_c124af,0.8841197419233651,229.16,791.94,True,False
Emergent_abstraction_emerges_7ed5b6,Emergent_abstraction_constraint_53a6d5,0.8831511474290636,229.16,835.94,True,False
Emergent_abstraction_emerges_7ed5b6,Emergent_abstraction_contradiction_4b7670,0.7590694865854783,229.16,836.28,True,False
Emergent_abstraction_emerges_7ed5b6,Emergent_abstraction_emerges_10d365,0.8837479291654604,229.16,856.98,True,False
Emergent_abstraction_emerges_7ed5b6,Emergent_abstraction_contradiction_5c7672,0.8797871776473254,229.16,857.32,True,False
Emergent_abstraction_emerges_7ed5b6,Emergent_abstraction_bounded_77e339,0.8805625807113917,229.16,900.32,True,False
Emergent_abstraction_emerges_7ed5b6,Emergent_abstraction_bounded_410cf5,0.8851591873752236,229.16,937.83,True,False
Emergent_abstraction_emerges_7ed5b6,Emergent_abstraction_autonomy_37c4a5,0.8866739093299802,229.16,960.69,True,False
Emergent_abstraction_emerges_7ed5b6,Emergent_abstraction_autonomy_9d570d,0.7578397964030887,229.16,980.63,True,False
Emergent_abstraction_emerges_7ed5b6,Emergent_abstraction_coherence_97e8bf,0.8813379584814509,229.16,1022.86,True,False
Emergent_abstraction_emerges_7ed5b6,Emergent_abstraction_carefully_a0ed61,0.7528161319741942,229.16,1066.88,True,False
Emergent_abstraction_emerges_7ed5b6,Emergent_abstraction_belief_revision_657261,0.7598852182161665,229.16,1087.51,True,False
Emergent_abstraction_emerges_7ed5b6,Emergent_abstraction_bounded_d78044,0.7621064354446538,229.16,1105.39,True,False
Emergent_abstraction_emerges_7ed5b6,Emergent_abstraction_beneficence_898daf,0.8884260214924338,229.16,1150.22,True,False
Emergent_abstraction_emerges_7ed5b6,Emergent_anticipation_awareness_bcd71d,0.7541748533472877,229.16,1169.13,True,False
Emergent_abstraction_emerges_7ed5b6,Emergent_abstraction_bounded_4cbc2f,0.7577604834431084,229.16,1192.6200000000001,True,False
Emergent_abstraction_emerges_7ed5b6,Emergent_abstraction_belief_revision_06a156,0.7498946505627803,229.16,1238.3600000000001,True,False
Emergent_abstraction_emerges_7ed5b6,Emergent_abstraction_appears_601296,0.3905341437290203,229.16,1428.88,True,False
Emergent_abstraction_emerges_7ed5b6,Emergent_abstraction_appears_d52a74,0.9,229.16,1449.33,True,False
Emergent_attention_autonomy_af7c63,Emergent_attention_autonomy_c9f3a2,0.8851510243747158,242.47,256.95,True,False
Emergent_attention_autonomy_af7c63,Emergent_attention_autonomy_110d93,0.8851510243836518,242.47,257.29,True,False
Emergent_attention_autonomy_af7c63,Emergent_bounded_clarity_42b09f,0.8851510244509326,242.47,272.31,True,False
Emergent_attention_autonomy_af7c63,Emergent_appears_asymmetry_8dba4c,0.8851510277202828,242.47,286.7,True,False
Emergent_attention_autonomy_af7c63,Emergent_bounded_coherence_799b61,0.8851510271807432,242.47,304.01,True,False
Emergent_attention_autonomy_af7c63,Emergent_belief_revision_bounded_6c1d78,0.8851510271807432,242.47,304.35,True,False
Emergent_attention_autonomy_af7c63,Emergent_bounded_coherence_a2e9f5,0.8851510208395945,242.47,322.77,True,False
Emergent_attention_autonomy_af7c63,Emergent_belief_revision_beneficence_ec5620,0.8835095536312663,242.47,323.11,True,False
Emergent_attention_autonomy_af7c63,Emergent_carefully_coherence_7a9452,0.8851510274907244,242.47,341.86,True,False
Emergent_attention_autonomy_af7c63,Emergent_autonomy_clarity_dc06c1,0.8851510025416514,242.47,358.07,True,False
Emergent_attention_autonomy_af7c63,Emergent_autonomy_belief_revision_95551d,0.8800658685693998,242.47,374.68,True,False
Emergent_attention_autonomy_af7c63,Emergent_anticipation_autonomy_beca79,0.8851510310660646,242.47,390.17,True,False
Emergent_attention_autonomy_af7c63,Emergent_anticipation_autonomy_60f9ff,0.8851510257157196,242.47,406.75,True,False
Emergent_attention_autonomy_af7c63,Emergent_bounded_coherence_ec5f84,0.8851510199286114,242.47,454.43,True,False
Emergent_attention_autonomy_af7c63,Emergent_carefully_coherence_d9db0f,0.8851509945397085,242.47,487.96000000000004,True,False
Emergent_attention_autonomy_af7c63,Emergent_anticipation_autonomy_a66f28,0.8851507666533713,242.47,505.17,True,False
Emergent_attention_autonomy_af7c63,Emergent_anticipation_appears_dac47e,0.8803786330845655,242.47,537.8100000000001,True,False
Emergent_attention_autonomy_af7c63,Emergent_carefully_coherence_24d288,0.8851509663463442,242.47,592.33,True,False
Emergent_attention_autonomy_af7c63,Emergent_beneficence_carefully_a8eeec,0.8851509709185281,242.47,592.67,True,False
Emergent_attention_autonomy_af7c63,Emergent_bounded_emergence_0cd27f,0.8843224007150277,242.47,612.19,True,False
Emergent_attention_autonomy_af7c63,Emergent_abstraction_autonomy_a44037,0.8851472026721645,242.47,712.85,True,False
Emergent_attention_autonomy_af7c63,Emergent_abstraction_appears_ce8722,0.8851525896803498,242.47,731.71,True,False
Emergent_attention_autonomy_af7c63,Emergent_abstraction_autonomy_a1d776,0.8851395260334889,242.47,750.99,True,False
Emergent_attention_autonomy_af7c63,Emergent_abstraction_beneficence_1063dd,0.8762794094359712,242.47,771.21,True,False
Emergent_attention_autonomy_af7c63,Emergent_abstraction_carefully_437869,0.8809715718133364,242.47,771.5500000000001,True,False
Emergent_attention_autonomy_af7c63,Emergent_abstraction_autonomy_c124af,0.8841197419233651,242.47,791.94,True,False
Emergent_attention_autonomy_af7c63,Emergent_abstraction_constraint_53a6d5,0.8831511474290636,242.47,835.94,True,False
Emergent_attention_autonomy_af7c63,Emergent_abstraction_contradiction_4b7670,0.8851371770438192,242.47,836.28,True,False
Emergent_attention_autonomy_af7c63,Emergent_abstraction_emerges_10d365,0.8837479291654604,242.47,856.98,True,False
Emergent_attention_autonomy_af7c63,Emergent_abstraction_contradiction_5c7672,0.8797871776473254,242.47,857.32,True,False
Emergent_attention_autonomy_af7c63,Emergent_abstraction_bounded_77e339,0.8805625807113917,242.47,900.32,True,False
Emergent_attention_autonomy_af7c63,Emergent_abstraction_bounded_410cf5,0.8851517275621748,242.47,937.83,True,False
Emergent_attention_autonomy_af7c63,Emergent_abstraction_autonomy_37c4a5,0.8851118314290258,242.47,960.69,True,False
Emergent_attention_autonomy_af7c63,Emergent_abstraction_autonomy_9d570d,0.8851175308766184,242.47,980.63,True,False
Emergent_attention_autonomy_af7c63,Emergent_abstraction_coherence_97e8bf,0.8813379584814509,242.47,1022.86,True,False
Emergent_attention_autonomy_af7c63,Emergent_abstraction_carefully_a0ed61,0.8831862487270126,242.47,1066.88,True,False
Emergent_attention_autonomy_af7c63,Emergent_abstraction_belief_revision_657261,0.8832622537638424,242.47,1087.51,True,False
Emergent_attention_autonomy_af7c63,Emergent_abstraction_bounded_d78044,0.8863070470184591,242.47,1105.39,True,False
Emergent_attention_autonomy_af7c63,Emergent_abstraction_beneficence_898daf,0.886377764595794,242.47,1150.22,True,False
Emergent_attention_autonomy_af7c63,Emergent_anticipation_awareness_bcd71d,0.8857845665728941,242.47,1169.13,True,False
Emergent_attention_autonomy_af7c63,Emergent_abstraction_bounded_4cbc2f,0.8849371408258941,242.47,1192.6200000000001,True,False
Emergent_attention_autonomy_af7c63,Emergent_abstraction_belief_revision_06a156,0.8712539107937034,242.47,1238.3600000000001,True,False
Emergent_attention_autonomy_af7c63,Emergent_abstraction_appears_601296,0.9259387331787035,242.47,1428.88,True,False
Emergent_attention_autonomy_af7c63,Emergent_abstraction_appears_d52a74,0.9,242.47,1449.33,True,False
Emergent_attention_autonomy_c9f3a2,Emergent_attention_autonomy_110d93,0.8870411895031378,256.95,257.29,True,False
Emergent_attention_autonomy_c9f3a2,Emergent_bounded_clarity_42b09f,0.8870411895710599,256.95,272.31,True,False
Emergent_attention_autonomy_c9f3a2,Emergent_appears_asymmetry_8dba4c,0.88704119336666,256.95,286.7,True,False
Emergent_attention_autonomy_c9f3a2,Emergent_bounded_coherence_799b61,0.8870411930683644,256.95,304.01,True,False
Emergent_attention_autonomy_c9f3a2,Emergent_belief_revision_bounded_6c1d78,0.8870411930683644,256.95,304.35,True,False
Emergent_attention_autonomy_c9f3a2,Emergent_bounded_coherence_a2e9f5,0.8870411868885737,256.95,322.77,True,False
Emergent_attention_autonomy_c9f3a2,Emergent_belief_revision_beneficence_ec5620,0.8835095536312663,256.95,323.11,True,False
Emergent_attention_autonomy_c9f3a2,Emergent_carefully_coherence_7a9452,0.8870411932877782,256.95,341.86,True,False
Emergent_attention_autonomy_c9f3a2,Emergent_autonomy_clarity_dc06c1,0.8864718153131512,256.95,358.07,True,False
Emergent_attention_autonomy_c9f3a2,Emergent_autonomy_belief_revision_95551d,0.8800658685693998,256.95,374.68,True,False
Emergent_attention_autonomy_c9f3a2,Emergent_anticipation_autonomy_beca79,0.8870411967791318,256.95,390.17,True,False
Emergent_attention_autonomy_c9f3a2,Emergent_anticipation_autonomy_60f9ff,0.8870411914287866,256.95,406.75,True,False
Emergent_attention_autonomy_c9f3a2,Emergent_bounded_coherence_ec5f84,0.8856665657086522,256.95,454.43,True,False
Emergent_attention_autonomy_c9f3a2,Emergent_carefully_coherence_d9db0f,0.8870411602091888,256.95,487.96000000000004,True,False
Emergent_attention_autonomy_c9f3a2,Emergent_anticipation_autonomy_a66f28,0.8852452161126556,256.95,505.17,True,False
Emergent_attention_autonomy_c9f3a2,Emergent_anticipation_appears_dac47e,0.8803786330845655,256.95,537.8100000000001,True,False
Emergent_attention_autonomy_c9f3a2,Emergent_carefully_coherence_24d288,0.8859015027029911,256.95,592.33,True,False
Emergent_attention_autonomy_c9f3a2,Emergent_beneficence_carefully_a8eeec,0.8870411230869863,256.95,592.67,True,False
Emergent_attention_autonomy_c9f3a2,Emergent_bounded_emergence_0cd27f,0.8843224007150277,256.95,612.19,True,False
Emergent_attention_autonomy_c9f3a2,Emergent_abstraction_autonomy_a44037,0.8867046954123698,256.95,712.85,True,False
Emergent_attention_autonomy_c9f3a2,Emergent_abstraction_appears_ce8722,0.887042640150213,256.95,731.71,True,False
Emergent_attention_autonomy_c9f3a2,Emergent_abstraction_autonomy_a1d776,0.8856657716460381,256.95,750.99,True,False
Emergent_attention_autonomy_c9f3a2,Emergent_abstraction_beneficence_1063dd,0.8762794094359712,256.95,771.21,True,False
Emergent_attention_autonomy_c9f3a2,Emergent_abstraction_carefully_437869,0.8809715718133364,256.95,771.5500000000001,True,False
Emergent_attention_autonomy_c9f3a2,Emergent_abstraction_autonomy_c124af,0.8841197419233651,256.95,791.94,True,False
Emergent_attention_autonomy_c9f3a2,Emergent_abstraction_constraint_53a6d5,0.8831511474290636,256.95,835.94,True,False
Emergent_attention_autonomy_c9f3a2,Emergent_abstraction_contradiction_4b7670,0.8870277689534374,256.95,836.28,True,False
Emergent_attention_autonomy_c9f3a2,Emergent_abstraction_emerges_10d365,0.8837479291654604,256.95,856.98,True,False
Emergent_attention_autonomy_c9f3a2,Emergent_abstraction_contradiction_5c7672,0.8797871776473254,256.95,857.32,True,False
Emergent_attention_autonomy_c9f3a2,Emergent_abstraction_bounded_77e339,0.8805625807113917,256.95,900.32,True,False
Emergent_attention_autonomy_c9f3a2,Emergent_abstraction_bounded_410cf5,0.8851591873752236,256.95,937.83,True,False
Emergent_attention_autonomy_c9f3a2,Emergent_abstraction_autonomy_37c4a5,0.8866739093299802,256.95,960.69,True,False
Emergent_attention_autonomy_c9f3a2,Emergent_abstraction_autonomy_9d570d,0.887006125358814,256.95,980.63,True,False
Emergent_attention_autonomy_c9f3a2,Emergent_abstraction_coherence_97e8bf,0.8813379584814509,256.95,1022.86,True,False
Emergent_attention_autonomy_c9f3a2,Emergent_abstraction_carefully_a0ed61,0.8850741552586234,256.95,1066.88,True,False
Emergent_attention_autonomy_c9f3a2,Emergent_abstraction_belief_revision_657261,0.8851524217289133,256.95,1087.51,True,False
Emergent_attention_autonomy_c9f3a2,Emergent_abstraction_bounded_d78044,0.8881785520106757,256.95,1105.39,True,False
Emergent_attention_autonomy_c9f3a2,Emergent_abstraction_beneficence_898daf,0.8882143585900979,256.95,1150.22,True,False
Emergent_attention_autonomy_c9f3a2,Emergent_anticipation_awareness_bcd71d,0.887621160567198,256.95,1169.13,True,False
Emergent_attention_autonomy_c9f3a2,Emergent_abstraction_bounded_4cbc2f,0.8867737348201981,256.95,1192.6200000000001,True,False
Emergent_attention_autonomy_c9f3a2,Emergent_abstraction_belief_revision_06a156,0.8734813292684689,256.95,1238.3600000000001,True,False
Emergent_attention_autonomy_c9f3a2,Emergent_abstraction_appears_601296,0.9259387331787035,256.95,1428.88,True,False
Emergent_attention_autonomy_c9f3a2,Emergent_abstraction_appears_d52a74,0.9,256.95,1449.33,True,False
Emergent_attention_autonomy_110d93,Emergent_bounded_clarity_42b09f,0.7540960965038088,257.29,272.31,True,False
Emergent_attention_autonomy_110d93,Emergent_appears_asymmetry_8dba4c,0.7540960991354103,257.29,286.7,True,False
Emergent_attention_autonomy_110d93,Emergent_bounded_coherence_799b61,0.7540960989178801,257.29,304.01,True,False
Emergent_attention_autonomy_110d93,Emergent_belief_revision_bounded_6c1d78,0.7540960989178801,257.29,304.35,True,False
Emergent_attention_autonomy_110d93,Emergent_bounded_coherence_a2e9f5,0.7540960946683561,257.29,322.77,True,False
Emergent_attention_autonomy_110d93,Emergent_belief_revision_beneficence_ec5620,0.8835095536312663,257.29,323.11,True,False
Emergent_attention_autonomy_110d93,Emergent_carefully_coherence_7a9452,0.7540960990286275,257.29,341.86,True,False
Emergent_attention_autonomy_110d93,Emergent_autonomy_clarity_dc06c1,0.8864718153131512,257.29,358.07,True,False
Emergent_attention_autonomy_110d93,Emergent_autonomy_belief_revision_95551d,0.8800658685693998,257.29,374.68,True,False
Emergent_attention_autonomy_110d93,Emergent_anticipation_autonomy_beca79,0.8871498285292789,257.29,390.17,True,False
Emergent_attention_autonomy_110d93,Emergent_anticipation_autonomy_60f9ff,0.7540960976876042,257.29,406.75,True,False
Emergent_attention_autonomy_110d93,Emergent_bounded_coherence_ec5f84,0.8856665657086522,257.29,454.43,True,False
Emergent_attention_autonomy_110d93,Emergent_carefully_coherence_d9db0f,0.7540252661801222,257.29,487.96000000000004,True,False
Emergent_attention_autonomy_110d93,Emergent_anticipation_autonomy_a66f28,0.8852452161126556,257.29,505.17,True,False
Emergent_attention_autonomy_110d93,Emergent_anticipation_appears_dac47e,0.8803786330845655,257.29,537.8100000000001,True,False
Emergent_attention_autonomy_110d93,Emergent_carefully_coherence_24d288,0.8859015027029911,257.29,592.33,True,False
Emergent_attention_autonomy_110d93,Emergent_beneficence_carefully_a8eeec,0.754096043441157,257.29,592.67,True,False
Emergent_attention_autonomy_110d93,Emergent_bounded_emergence_0cd27f,0.8843224007150277,257.29,612.19,True,False
Emergent_attention_autonomy_110d93,Emergent_abstraction_autonomy_a44037,0.8867046954123698,257.29,712.85,True,False
Emergent_attention_autonomy_110d93,Emergent_abstraction_appears_ce8722,0.7540970572775724,257.29,731.71,True,False
Emergent_attention_autonomy_110d93,Emergent_abstraction_autonomy_a1d776,0.8856657716460381,257.29,750.99,True,False
Emergent_attention_autonomy_110d93,Emergent_abstraction_beneficence_1063dd,0.8762794094359712,257.29,771.21,True,False
Emergent_attention_autonomy_110d93,Emergent_abstraction_carefully_437869,0.8809715718133364,257.29,771.5500000000001,True,False
Emergent_attention_autonomy_110d93,Emergent_abstraction_autonomy_c124af,0.8841197419233651,257.29,791.94,True,False
Emergent_attention_autonomy_110d93,Emergent_abstraction_constraint_53a6d5,0.8831511474290636,257.29,835.94,True,False
Emergent_attention_autonomy_110d93,Emergent_abstraction_contradiction_4b7670,0.7540870084396023,257.29,836.28,True,False
Emergent_attention_autonomy_110d93,Emergent_abstraction_emerges_10d365,0.8837479291654604,257.29,856.98,True,False
Emergent_attention_autonomy_110d93,Emergent_abstraction_contradiction_5c7672,0.8797871776473254,257.29,857.32,True,False
Emergent_attention_autonomy_110d93,Emergent_abstraction_bounded_77e339,0.8805625807113917,257.29,900.32,True,False
Emergent_attention_autonomy_110d93,Emergent_abstraction_bounded_410cf5,0.8851591873752236,257.29,937.83,True,False
Emergent_attention_autonomy_110d93,Emergent_abstraction_autonomy_37c4a5,0.8866739093299802,257.29,960.69,True,False
Emergent_attention_autonomy_110d93,Emergent_abstraction_autonomy_9d570d,0.7540709130536272,257.29,980.63,True,False
Emergent_attention_autonomy_110d93,Emergent_abstraction_coherence_97e8bf,0.8813379584814509,257.29,1022.86,True,False
Emergent_attention_autonomy_110d93,Emergent_abstraction_carefully_a0ed61,0.7527210704909579,257.29,1066.88,True,False
Emergent_attention_autonomy_110d93,Emergent_abstraction_belief_revision_657261,0.7527769267761979,257.29,1087.51,True,False
Emergent_attention_autonomy_110d93,Emergent_abstraction_bounded_d78044,0.7548863895784216,257.29,1105.39,True,False
Emergent_attention_autonomy_110d93,Emergent_abstraction_beneficence_898daf,0.8884260214924338,257.29,1150.22,True,False
Emergent_attention_autonomy_110d93,Emergent_anticipation_awareness_bcd71d,0.7541748533472877,257.29,1169.13,True,False
Emergent_attention_autonomy_110d93,Emergent_abstraction_bounded_4cbc2f,0.7538865031300375,257.29,1192.6200000000001,True,False
Emergent_attention_autonomy_110d93,Emergent_abstraction_belief_revision_06a156,0.7447666961613537,257.29,1238.3600000000001,True,False
Emergent_attention_autonomy_110d93,Emergent_abstraction_appears_601296,0.3878317670638625,257.29,1428.88,True,False
Emergent_attention_autonomy_110d93,Emergent_abstraction_appears_d52a74,0.9,257.29,1449.33,True,False
Emergent_bounded_clarity_42b09f,Emergent_appears_asymmetry_8dba4c,0.7574337598791814,272.31,286.7,True,False
Emergent_bounded_clarity_42b09f,Emergent_bounded_coherence_799b61,0.7574337595959721,272.31,304.01,True,False
Emergent_bounded_clarity_42b09f,Emergent_belief_revision_bounded_6c1d78,0.7569036877454927,272.31,304.35,True,False
Emergent_bounded_clarity_42b09f,Emergent_bounded_coherence_a2e9f5,0.757433755535596,272.31,322.77,True,False
Emergent_bounded_clarity_42b09f,Emergent_belief_revision_beneficence_ec5620,0.8835095536312663,272.31,323.11,True,False
Emergent_bounded_clarity_42b09f,Emergent_carefully_coherence_7a9452,0.757433759600554,272.31,341.86,True,False
Emergent_bounded_clarity_42b09f,Emergent_autonomy_clarity_dc06c1,0.8864718153131512,272.31,358.07,True,False
Emergent_bounded_clarity_42b09f,Emergent_autonomy_belief_revision_95551d,0.8800658685693998,272.31,374.68,True,False
Emergent_bounded_clarity_42b09f,Emergent_anticipation_autonomy_beca79,0.8871498285292789,272.31,390.17,True,False
Emergent_bounded_clarity_42b09f,Emergent_anticipation_autonomy_60f9ff,0.7557287673425482,272.31,406.75,True,False
Emergent_bounded_clarity_42b09f,Emergent_bounded_coherence_ec5f84,0.8856665657086522,272.31,454.43,True,False
Emergent_bounded_clarity_42b09f,Emergent_carefully_coherence_d9db0f,0.7540252661801222,272.31,487.96000000000004,True,False
Emergent_bounded_clarity_42b09f,Emergent_anticipation_autonomy_a66f28,0.8852452161126556,272.31,505.17,True,False
Emergent_bounded_clarity_42b09f,Emergent_anticipation_appears_dac47e,0.8803786330845655,272.31,537.8100000000001,True,False
Emergent_bounded_clarity_42b09f,Emergent_carefully_coherence_24d288,0.8859015027029911,272.31,592.33,True,False
Emergent_bounded_clarity_42b09f,Emergent_beneficence_carefully_a8eeec,0.7574336880372907,272.31,592.67,True,False
Emergent_bounded_clarity_42b09f,Emergent_bounded_emergence_0cd27f,0.8843224007150277,272.31,612.19,True,False
Emergent_bounded_clarity_42b09f,Emergent_abstraction_autonomy_a44037,0.8867046954123698,272.31,712.85,True,False
Emergent_bounded_clarity_42b09f,Emergent_abstraction_appears_ce8722,0.7574345826599751,272.31,731.71,True,False
Emergent_bounded_clarity_42b09f,Emergent_abstraction_autonomy_a1d776,0.8856657716460381,272.31,750.99,True,False
Emergent_bounded_clarity_42b09f,Emergent_abstraction_beneficence_1063dd,0.8762794094359712,272.31,771.21,True,False
Emergent_bounded_clarity_42b09f,Emergent_abstraction_carefully_437869,0.8809715718133364,272.31,771.5500000000001,True,False
Emergent_bounded_clarity_42b09f,Emergent_abstraction_autonomy_c124af,0.8841197419233651,272.31,791.94,True,False
Emergent_bounded_clarity_42b09f,Emergent_abstraction_constraint_53a6d5,0.8831511474290636,272.31,835.94,True,False
Emergent_bounded_clarity_42b09f,Emergent_abstraction_contradiction_4b7670,0.7574254293511202,272.31,836.28,True,False
Emergent_bounded_clarity_42b09f,Emergent_abstraction_emerges_10d365,0.8837479291654604,272.31,856.98,True,False
Emergent_bounded_clarity_42b09f,Emergent_abstraction_contradiction_5c7672,0.8797871776473254,272.31,857.32,True,False
Emergent_bounded_clarity_42b09f,Emergent_abstraction_bounded_77e339,0.8805625807113917,272.31,900.32,True,False
Emergent_bounded_clarity_42b09f,Emergent_abstraction_bounded_410cf5,0.8851591873752236,272.31,937.83,True,False
Emergent_bounded_clarity_42b09f,Emergent_abstraction_autonomy_37c4a5,0.8866739093299802,272.31,960.69,True,False
Emergent_bounded_clarity_42b09f,Emergent_abstraction_autonomy_9d570d,0.7574069925289207,272.31,980.63,True,False
Emergent_bounded_clarity_42b09f,Emergent_abstraction_coherence_97e8bf,0.8813379584814509,272.31,1022.86,True,False
Emergent_bounded_clarity_42b09f,Emergent_abstraction_carefully_a0ed61,0.7528161319741942,272.31,1066.88,True,False
Emergent_bounded_clarity_42b09f,Emergent_abstraction_belief_revision_657261,0.7561219427595067,272.31,1087.51,True,False
Emergent_bounded_clarity_42b09f,Emergent_abstraction_bounded_d78044,0.7582095283409611,272.31,1105.39,True,False
Emergent_bounded_clarity_42b09f,Emergent_abstraction_beneficence_898daf,0.8884260214924338,272.31,1150.22,True,False
Emergent_bounded_clarity_42b09f,Emergent_anticipation_awareness_bcd71d,0.7541748533472877,272.31,1169.13,True,False
Emergent_bounded_clarity_42b09f,Emergent_abstraction_bounded_4cbc2f,0.7571687183154701,272.31,1192.6200000000001,True,False
Emergent_bounded_clarity_42b09f,Emergent_abstraction_belief_revision_06a156,0.7485070459381051,272.31,1238.3600000000001,True,False
Emergent_bounded_clarity_42b09f,Emergent_abstraction_appears_601296,0.3905341437290203,272.31,1428.88,True,False
Emergent_bounded_clarity_42b09f,Emergent_abstraction_appears_d52a74,0.9,272.31,1449.33,True,False
Emergent_appears_asymmetry_8dba4c,Emergent_bounded_coherence_799b61,0.7596274912190277,286.7,304.01,True,False
Emergent_appears_asymmetry_8dba4c,Emergent_belief_revision_bounded_6c1d78,0.7569036877454927,286.7,304.35,True,False
Emergent_appears_asymmetry_8dba4c,Emergent_bounded_coherence_a2e9f5,0.7611178238884806,286.7,322.77,True,False
Emergent_appears_asymmetry_8dba4c,Emergent_belief_revision_beneficence_ec5620,0.8835095536312663,286.7,323.11,True,False
Emergent_appears_asymmetry_8dba4c,Emergent_carefully_coherence_7a9452,0.7619289995276302,286.7,341.86,True,False
Emergent_appears_asymmetry_8dba4c,Emergent_autonomy_clarity_dc06c1,0.8864718153131512,286.7,358.07,True,False
Emergent_appears_asymmetry_8dba4c,Emergent_autonomy_belief_revision_95551d,0.8800658685693998,286.7,374.68,True,False
Emergent_appears_asymmetry_8dba4c,Emergent_anticipation_autonomy_beca79,0.8871498285292789,286.7,390.17,True,False
Emergent_appears_asymmetry_8dba4c,Emergent_anticipation_autonomy_60f9ff,0.7557287673425482,286.7,406.75,True,False
Emergent_appears_asymmetry_8dba4c,Emergent_bounded_coherence_ec5f84,0.8856665657086522,286.7,454.43,True,False
Emergent_appears_asymmetry_8dba4c,Emergent_carefully_coherence_d9db0f,0.7540252661801222,286.7,487.96000000000004,True,False
Emergent_appears_asymmetry_8dba4c,Emergent_anticipation_autonomy_a66f28,0.8852452161126556,286.7,505.17,True,False
Emergent_appears_asymmetry_8dba4c,Emergent_anticipation_appears_dac47e,0.8803786330845655,286.7,537.8100000000001,True,False
Emergent_appears_asymmetry_8dba4c,Emergent_carefully_coherence_24d288,0.8859015027029911,286.7,592.33,True,False
Emergent_appears_asymmetry_8dba4c,Emergent_beneficence_carefully_a8eeec,0.761928919080985,286.7,592.67,True,False
Emergent_appears_asymmetry_8dba4c,Emergent_bounded_emergence_0cd27f,0.8843224007150277,286.7,612.19,True,False
Emergent_appears_asymmetry_8dba4c,Emergent_abstraction_autonomy_a44037,0.8867046954123698,286.7,712.85,True,False
Emergent_appears_asymmetry_8dba4c,Emergent_abstraction_appears_ce8722,0.7619296531433559,286.7,731.71,True,False
Emergent_appears_asymmetry_8dba4c,Emergent_abstraction_autonomy_a1d776,0.8856657716460381,286.7,750.99,True,False
Emergent_appears_asymmetry_8dba4c,Emergent_abstraction_beneficence_1063dd,0.8762794094359712,286.7,771.21,True,False
Emergent_appears_asymmetry_8dba4c,Emergent_abstraction_carefully_437869,0.8809715718133364,286.7,771.5500000000001,True,False
Emergent_appears_asymmetry_8dba4c,Emergent_abstraction_autonomy_c124af,0.8841197419233651,286.7,791.94,True,False
Emergent_appears_asymmetry_8dba4c,Emergent_abstraction_constraint_53a6d5,0.8831511474290636,286.7,835.94,True,False
Emergent_appears_asymmetry_8dba4c,Emergent_abstraction_contradiction_4b7670,0.7590694865854783,286.7,836.28,True,False
Emergent_appears_asymmetry_8dba4c,Emergent_abstraction_emerges_10d365,0.8837479291654604,286.7,856.98,True,False
Emergent_appears_asymmetry_8dba4c,Emergent_abstraction_contradiction_5c7672,0.8797871776473254,286.7,857.32,True,False
Emergent_appears_asymmetry_8dba4c,Emergent_abstraction_bounded_77e339,0.8805625807113917,286.7,900.32,True,False
Emergent_appears_asymmetry_8dba4c,Emergent_abstraction_bounded_410cf5,0.8851591873752236,286.7,937.83,True,False
Emergent_appears_asymmetry_8dba4c,Emergent_abstraction_autonomy_37c4a5,0.8866739093299802,286.7,960.69,True,False
Emergent_appears_asymmetry_8dba4c,Emergent_abstraction_autonomy_9d570d,0.7578397964030887,286.7,980.63,True,False
Emergent_appears_asymmetry_8dba4c,Emergent_abstraction_coherence_97e8bf,0.8813379584814509,286.7,1022.86,True,False
Emergent_appears_asymmetry_8dba4c,Emergent_abstraction_carefully_a0ed61,0.7528161319741942,286.7,1066.88,True,False
Emergent_appears_asymmetry_8dba4c,Emergent_abstraction_belief_revision_657261,0.7598852182161665,286.7,1087.51,True,False
Emergent_appears_asymmetry_8dba4c,Emergent_abstraction_bounded_d78044,0.7626852225311624,286.7,1105.39,True,False
Emergent_appears_asymmetry_8dba4c,Emergent_abstraction_beneficence_898daf,0.8884260214924338,286.7,1150.22,True,False
Emergent_appears_asymmetry_8dba4c,Emergent_anticipation_awareness_bcd71d,0.7541748533472877,286.7,1169.13,True,False
Emergent_appears_asymmetry_8dba4c,Emergent_abstraction_bounded_4cbc2f,0.7577604834431084,286.7,1192.6200000000001,True,False
Emergent_appears_asymmetry_8dba4c,Emergent_abstraction_belief_revision_06a156,0.7498946505627803,286.7,1238.3600000000001,True,False
Emergent_appears_asymmetry_8dba4c,Emergent_abstraction_appears_601296,0.3905341437290203,286.7,1428.88,True,False
Emergent_appears_asymmetry_8dba4c,Emergent_abstraction_appears_d52a74,0.9,286.7,1449.33,True,False
Emergent_bounded_coherence_799b61,Emergent_belief_revision_bounded_6c1d78,0.756903686486567,304.01,304.35,True,False
Emergent_bounded_coherence_799b61,Emergent_bounded_coherence_a2e9f5,0.7596274872829725,304.01,322.77,True,False
Emergent_bounded_coherence_799b61,Emergent_belief_revision_beneficence_ec5620,0.8835095536312663,304.01,323.11,True,False
Emergent_bounded_coherence_799b61,Emergent_carefully_coherence_7a9452,0.7596274911538303,304.01,341.86,True,False
Emergent_bounded_coherence_799b61,Emergent_autonomy_clarity_dc06c1,0.8864718153131512,304.01,358.07,True,False
Emergent_bounded_coherence_799b61,Emergent_autonomy_belief_revision_95551d,0.8800658685693998,304.01,374.68,True,False
Emergent_bounded_coherence_799b61,Emergent_anticipation_autonomy_beca79,0.8871498285292789,304.01,390.17,True,False
Emergent_bounded_coherence_799b61,Emergent_anticipation_autonomy_60f9ff,0.7557287673425482,304.01,406.75,True,False
Emergent_bounded_coherence_799b61,Emergent_bounded_coherence_ec5f84,0.8856665657086522,304.01,454.43,True,False
Emergent_bounded_coherence_799b61,Emergent_carefully_coherence_d9db0f,0.7540252661801222,304.01,487.96000000000004,True,False
Emergent_bounded_coherence_799b61,Emergent_anticipation_autonomy_a66f28,0.8852452161126556,304.01,505.17,True,False
Emergent_bounded_coherence_799b61,Emergent_anticipation_appears_dac47e,0.8803786330845655,304.01,537.8100000000001,True,False
Emergent_bounded_coherence_799b61,Emergent_carefully_coherence_24d288,0.8859015027029911,304.01,592.33,True,False
Emergent_bounded_coherence_799b61,Emergent_beneficence_carefully_a8eeec,0.7596274147478259,304.01,592.67,True,False
Emergent_bounded_coherence_799b61,Emergent_bounded_emergence_0cd27f,0.8843224007150277,304.01,612.19,True,False
Emergent_bounded_coherence_799b61,Emergent_abstraction_autonomy_a44037,0.8867046954123698,304.01,712.85,True,False
Emergent_bounded_coherence_799b61,Emergent_abstraction_appears_ce8722,0.7596282310151499,304.01,731.71,True,False
Emergent_bounded_coherence_799b61,Emergent_abstraction_autonomy_a1d776,0.8856657716460381,304.01,750.99,True,False
Emergent_bounded_coherence_799b61,Emergent_abstraction_beneficence_1063dd,0.8762794094359712,304.01,771.21,True,False
Emergent_bounded_coherence_799b61,Emergent_abstraction_carefully_437869,0.8809715718133364,304.01,771.5500000000001,True,False
Emergent_bounded_coherence_799b61,Emergent_abstraction_autonomy_c124af,0.8841197419233651,304.01,791.94,True,False
Emergent_bounded_coherence_799b61,Emergent_abstraction_constraint_53a6d5,0.8831511474290636,304.01,835.94,True,False
Emergent_bounded_coherence_799b61,Emergent_abstraction_contradiction_4b7670,0.7590694865854783,304.01,836.28,True,False
Emergent_bounded_coherence_799b61,Emergent_abstraction_emerges_10d365,0.8837479291654604,304.01,856.98,True,False
Emergent_bounded_coherence_799b61,Emergent_abstraction_contradiction_5c7672,0.8797871776473254,304.01,857.32,True,False
Emergent_bounded_coherence_799b61,Emergent_abstraction_bounded_77e339,0.8805625807113917,304.01,900.32,True,False
Emergent_bounded_coherence_799b61,Emergent_abstraction_bounded_410cf5,0.8851591873752236,304.01,937.83,True,False
Emergent_bounded_coherence_799b61,Emergent_abstraction_autonomy_37c4a5,0.8866739093299802,304.01,960.69,True,False
Emergent_bounded_coherence_799b61,Emergent_abstraction_autonomy_9d570d,0.7578397964030887,304.01,980.63,True,False
Emergent_bounded_coherence_799b61,Emergent_abstraction_coherence_97e8bf,0.8813379584814509,304.01,1022.86,True,False
Emergent_bounded_coherence_799b61,Emergent_abstraction_carefully_a0ed61,0.7528161319741942,304.01,1066.88,True,False
Emergent_bounded_coherence_799b61,Emergent_abstraction_belief_revision_657261,0.7583205144463341,304.01,1087.51,True,False
Emergent_bounded_coherence_799b61,Emergent_abstraction_bounded_d78044,0.7603937208324693,304.01,1105.39,True,False
Emergent_bounded_coherence_799b61,Emergent_abstraction_beneficence_898daf,0.8884260214924338,304.01,1150.22,True,False
Emergent_bounded_coherence_799b61,Emergent_anticipation_awareness_bcd71d,0.7541748533472877,304.01,1169.13,True,False
Emergent_bounded_coherence_799b61,Emergent_abstraction_bounded_4cbc2f,0.7577604834431084,304.01,1192.6200000000001,True,False
Emergent_bounded_coherence_799b61,Emergent_abstraction_belief_revision_06a156,0.7498946505627803,304.01,1238.3600000000001,True,False
Emergent_bounded_coherence_799b61,Emergent_abstraction_appears_601296,0.3905341437290203,304.01,1428.88,True,False
Emergent_bounded_coherence_799b61,Emergent_abstraction_appears_d52a74,0.9,304.01,1449.33,True,False
Emergent_belief_revision_bounded_6c1d78,Emergent_bounded_coherence_a2e9f5,0.7569036836550769,304.35,322.77,True,False
Emergent_belief_revision_bounded_6c1d78,Emergent_belief_revision_beneficence_ec5620,0.8835095536312663,304.35,323.11,True,False
Emergent_belief_revision_bounded_6c1d78,Emergent_carefully_coherence_7a9452,0.7569036877669351,304.35,341.86,True,False
Emergent_belief_revision_bounded_6c1d78,Emergent_autonomy_clarity_dc06c1,0.8864718153131512,304.35,358.07,True,False
Emergent_belief_revision_bounded_6c1d78,Emergent_autonomy_belief_revision_95551d,0.8800658685693998,304.35,374.68,True,False
Emergent_belief_revision_bounded_6c1d78,Emergent_anticipation_autonomy_beca79,0.8871498285292789,304.35,390.17,True,False
Emergent_belief_revision_bounded_6c1d78,Emergent_anticipation_autonomy_60f9ff,0.7557287673425482,304.35,406.75,True,False
Emergent_belief_revision_bounded_6c1d78,Emergent_bounded_coherence_ec5f84,0.8856665657086522,304.35,454.43,True,False
Emergent_belief_revision_bounded_6c1d78,Emergent_carefully_coherence_d9db0f,0.7540252661801222,304.35,487.96000000000004,True,False
Emergent_belief_revision_bounded_6c1d78,Emergent_anticipation_autonomy_a66f28,0.8852452161126556,304.35,505.17,True,False
Emergent_belief_revision_bounded_6c1d78,Emergent_anticipation_appears_dac47e,0.8803786330845655,304.35,537.8100000000001,True,False
Emergent_belief_revision_bounded_6c1d78,Emergent_carefully_coherence_24d288,0.8859015027029911,304.35,592.33,True,False
Emergent_belief_revision_bounded_6c1d78,Emergent_beneficence_carefully_a8eeec,0.7569036187408734,304.35,592.67,True,False
Emergent_belief_revision_bounded_6c1d78,Emergent_bounded_emergence_0cd27f,0.8843224007150277,304.35,612.19,True,False
Emergent_belief_revision_bounded_6c1d78,Emergent_abstraction_autonomy_a44037,0.8867046954123698,304.35,712.85,True,False
Emergent_belief_revision_bounded_6c1d78,Emergent_abstraction_appears_ce8722,0.756904532296532,304.35,731.71,True,False
Emergent_belief_revision_bounded_6c1d78,Emergent_abstraction_autonomy_a1d776,0.8856657716460381,304.35,750.99,True,False
Emergent_belief_revision_bounded_6c1d78,Emergent_abstraction_beneficence_1063dd,0.8762794094359712,304.35,771.21,True,False
Emergent_belief_revision_bounded_6c1d78,Emergent_abstraction_carefully_437869,0.8809715718133364,304.35,771.5500000000001,True,False
Emergent_belief_revision_bounded_6c1d78,Emergent_abstraction_autonomy_c124af,0.8841197419233651,304.35,791.94,True,False
Emergent_belief_revision_bounded_6c1d78,Emergent_abstraction_constraint_53a6d5,0.8831511474290636,304.35,835.94,True,False
Emergent_belief_revision_bounded_6c1d78,Emergent_abstraction_contradiction_4b7670,0.7568952367638798,304.35,836.28,True,False
Emergent_belief_revision_bounded_6c1d78,Emergent_abstraction_emerges_10d365,0.8837479291654604,304.35,856.98,True,False
Emergent_belief_revision_bounded_6c1d78,Emergent_abstraction_contradiction_5c7672,0.8797871776473254,304.35,857.32,True,False
Emergent_belief_revision_bounded_6c1d78,Emergent_abstraction_bounded_77e339,0.8805625807113917,304.35,900.32,True,False
Emergent_belief_revision_bounded_6c1d78,Emergent_abstraction_bounded_410cf5,0.8851591873752236,304.35,937.83,True,False
Emergent_belief_revision_bounded_6c1d78,Emergent_abstraction_autonomy_37c4a5,0.8866739093299802,304.35,960.69,True,False
Emergent_belief_revision_bounded_6c1d78,Emergent_abstraction_autonomy_9d570d,0.7568771717977651,304.35,980.63,True,False
Emergent_belief_revision_bounded_6c1d78,Emergent_abstraction_coherence_97e8bf,0.8813379584814509,304.35,1022.86,True,False
Emergent_belief_revision_bounded_6c1d78,Emergent_abstraction_carefully_a0ed61,0.7528161319741942,304.35,1066.88,True,False
Emergent_belief_revision_bounded_6c1d78,Emergent_abstraction_belief_revision_657261,0.7555907027734305,304.35,1087.51,True,False
Emergent_belief_revision_bounded_6c1d78,Emergent_abstraction_bounded_d78044,0.7576817627940251,304.35,1105.39,True,False
Emergent_belief_revision_bounded_6c1d78,Emergent_abstraction_beneficence_898daf,0.8884260214924338,304.35,1150.22,True,False
Emergent_belief_revision_bounded_6c1d78,Emergent_anticipation_awareness_bcd71d,0.7541748533472877,304.35,1169.13,True,False
Emergent_belief_revision_bounded_6c1d78,Emergent_abstraction_bounded_4cbc2f,0.7566474520620027,304.35,1192.6200000000001,True,False
Emergent_belief_revision_bounded_6c1d78,Emergent_abstraction_belief_revision_06a156,0.7479130208652098,304.35,1238.3600000000001,True,False
Emergent_belief_revision_bounded_6c1d78,Emergent_abstraction_appears_601296,0.3903046354622345,304.35,1428.88,True,False
Emergent_belief_revision_bounded_6c1d78,Emergent_abstraction_appears_d52a74,0.9,304.35,1449.33,True,False
Emergent_bounded_coherence_a2e9f5,Emergent_belief_revision_beneficence_ec5620,0.8835095512299362,322.77,323.11,True,False
Emergent_bounded_coherence_a2e9f5,Emergent_carefully_coherence_7a9452,0.761117827627474,322.77,341.86,True,False
Emergent_bounded_coherence_a2e9f5,Emergent_autonomy_clarity_dc06c1,0.8864718153131512,322.77,358.07,True,False
Emergent_bounded_coherence_a2e9f5,Emergent_autonomy_belief_revision_95551d,0.8800658685693998,322.77,374.68,True,False
Emergent_bounded_coherence_a2e9f5,Emergent_anticipation_autonomy_beca79,0.8871498285292789,322.77,390.17,True,False
Emergent_bounded_coherence_a2e9f5,Emergent_anticipation_autonomy_60f9ff,0.7557287673425482,322.77,406.75,True,False
Emergent_bounded_coherence_a2e9f5,Emergent_bounded_coherence_ec5f84,0.8856665657086522,322.77,454.43,True,False
Emergent_bounded_coherence_a2e9f5,Emergent_carefully_coherence_d9db0f,0.7540252661801222,322.77,487.96000000000004,True,False
Emergent_bounded_coherence_a2e9f5,Emergent_anticipation_autonomy_a66f28,0.8852452161126556,322.77,505.17,True,False
Emergent_bounded_coherence_a2e9f5,Emergent_anticipation_appears_dac47e,0.8803786330845655,322.77,537.8100000000001,True,False
Emergent_bounded_coherence_a2e9f5,Emergent_carefully_coherence_24d288,0.8859015027029911,322.77,592.33,True,False
Emergent_bounded_coherence_a2e9f5,Emergent_beneficence_carefully_a8eeec,0.7611177486049621,322.77,592.67,True,False
Emergent_bounded_coherence_a2e9f5,Emergent_bounded_emergence_0cd27f,0.8843224007150277,322.77,612.19,True,False
Emergent_bounded_coherence_a2e9f5,Emergent_abstraction_autonomy_a44037,0.8867046954123698,322.77,712.85,True,False
Emergent_bounded_coherence_a2e9f5,Emergent_abstraction_appears_ce8722,0.7611185116406569,322.77,731.71,True,False
Emergent_bounded_coherence_a2e9f5,Emergent_abstraction_autonomy_a1d776,0.8856657716460381,322.77,750.99,True,False
Emergent_bounded_coherence_a2e9f5,Emergent_abstraction_beneficence_1063dd,0.8762794094359712,322.77,771.21,True,False
Emergent_bounded_coherence_a2e9f5,Emergent_abstraction_carefully_437869,0.8809715718133364,322.77,771.5500000000001,True,False
Emergent_bounded_coherence_a2e9f5,Emergent_abstraction_autonomy_c124af,0.8841197419233651,322.77,791.94,True,False
Emergent_bounded_coherence_a2e9f5,Emergent_abstraction_constraint_53a6d5,0.8831511474290636,322.77,835.94,True,False
Emergent_bounded_coherence_a2e9f5,Emergent_abstraction_contradiction_4b7670,0.7590694865854783,322.77,836.28,True,False
Emergent_bounded_coherence_a2e9f5,Emergent_abstraction_emerges_10d365,0.8837479291654604,322.77,856.98,True,False
Emergent_bounded_coherence_a2e9f5,Emergent_abstraction_contradiction_5c7672,0.8797871776473254,322.77,857.32,True,False
Emergent_bounded_coherence_a2e9f5,Emergent_abstraction_bounded_77e339,0.8805625807113917,322.77,900.32,True,False
Emergent_bounded_coherence_a2e9f5,Emergent_abstraction_bounded_410cf5,0.8851591873752236,322.77,937.83,True,False
Emergent_bounded_coherence_a2e9f5,Emergent_abstraction_autonomy_37c4a5,0.8866739093299802,322.77,960.69,True,False
Emergent_bounded_coherence_a2e9f5,Emergent_abstraction_autonomy_9d570d,0.7578397964030887,322.77,980.63,True,False
Emergent_bounded_coherence_a2e9f5,Emergent_abstraction_coherence_97e8bf,0.8813379584814509,322.77,1022.86,True,False
Emergent_bounded_coherence_a2e9f5,Emergent_abstraction_carefully_a0ed61,0.7528161319741942,322.77,1066.88,True,False
Emergent_bounded_coherence_a2e9f5,Emergent_abstraction_belief_revision_657261,0.7598141397946898,322.77,1087.51,True,False
Emergent_bounded_coherence_a2e9f5,Emergent_abstraction_bounded_d78044,0.7618775775065776,322.77,1105.39,True,False
Emergent_bounded_coherence_a2e9f5,Emergent_abstraction_beneficence_898daf,0.8884260214924338,322.77,1150.22,True,False
Emergent_bounded_coherence_a2e9f5,Emergent_anticipation_awareness_bcd71d,0.7541748533472877,322.77,1169.13,True,False
Emergent_bounded_coherence_a2e9f5,Emergent_abstraction_bounded_4cbc2f,0.7577604834431084,322.77,1192.6200000000001,True,False
Emergent_bounded_coherence_a2e9f5,Emergent_abstraction_belief_revision_06a156,0.7498946505627803,322.77,1238.3600000000001,True,False
Emergent_bounded_coherence_a2e9f5,Emergent_abstraction_appears_601296,0.3905341437290203,322.77,1428.88,True,False
Emergent_bounded_coherence_a2e9f5,Emergent_abstraction_appears_d52a74,0.9,322.77,1449.33,True,False
Emergent_belief_revision_beneficence_ec5620,Emergent_carefully_coherence_7a9452,0.883509560573235,323.11,341.86,True,False
Emergent_belief_revision_beneficence_ec5620,Emergent_autonomy_clarity_dc06c1,0.8835095356402458,323.11,358.07,True,False
Emergent_belief_revision_beneficence_ec5620,Emergent_autonomy_belief_revision_95551d,0.8800658685693998,323.11,374.68,True,False
Emergent_belief_revision_beneficence_ec5620,Emergent_anticipation_autonomy_beca79,0.8835095643690498,323.11,390.17,True,False
Emergent_belief_revision_beneficence_ec5620,Emergent_anticipation_autonomy_60f9ff,0.8835095590187048,323.11,406.75,True,False
Emergent_belief_revision_beneficence_ec5620,Emergent_bounded_coherence_ec5f84,0.8835095532315966,323.11,454.43,True,False
Emergent_belief_revision_beneficence_ec5620,Emergent_carefully_coherence_d9db0f,0.8835095278804403,323.11,487.96000000000004,True,False
Emergent_belief_revision_beneficence_ec5620,Emergent_anticipation_autonomy_a66f28,0.8835092975354581,323.11,505.17,True,False
Emergent_belief_revision_beneficence_ec5620,Emergent_anticipation_appears_dac47e,0.8803786330845655,323.11,537.8100000000001,True,False
Emergent_belief_revision_beneficence_ec5620,Emergent_carefully_coherence_24d288,0.8835095114438767,323.11,592.33,True,False
Emergent_belief_revision_beneficence_ec5620,Emergent_beneficence_carefully_a8eeec,0.8835095159511648,323.11,592.67,True,False
Emergent_belief_revision_beneficence_ec5620,Emergent_bounded_emergence_0cd27f,0.8835080478889152,323.11,612.19,True,False
Emergent_belief_revision_beneficence_ec5620,Emergent_abstraction_autonomy_a44037,0.8835057190919624,323.11,712.85,True,False
Emergent_belief_revision_beneficence_ec5620,Emergent_abstraction_appears_ce8722,0.8835112227841233,323.11,731.71,True,False
Emergent_belief_revision_beneficence_ec5620,Emergent_abstraction_autonomy_a1d776,0.8834980566347004,323.11,750.99,True,False
Emergent_belief_revision_beneficence_ec5620,Emergent_abstraction_beneficence_1063dd,0.8762794094359712,323.11,771.21,True,False
Emergent_belief_revision_beneficence_ec5620,Emergent_abstraction_carefully_437869,0.8809715718133364,323.11,771.5500000000001,True,False
Emergent_belief_revision_beneficence_ec5620,Emergent_abstraction_autonomy_c124af,0.8835062519914445,323.11,791.94,True,False
Emergent_belief_revision_beneficence_ec5620,Emergent_abstraction_constraint_53a6d5,0.8831511474290636,323.11,835.94,True,False
Emergent_belief_revision_beneficence_ec5620,Emergent_abstraction_contradiction_4b7670,0.8834953412599502,323.11,836.28,True,False
Emergent_belief_revision_beneficence_ec5620,Emergent_abstraction_emerges_10d365,0.883507537620003,323.11,856.98,True,False
Emergent_belief_revision_beneficence_ec5620,Emergent_abstraction_contradiction_5c7672,0.8797871776473254,323.11,857.32,True,False
Emergent_belief_revision_beneficence_ec5620,Emergent_abstraction_bounded_77e339,0.8805625807113917,323.11,900.32,True,False
Emergent_belief_revision_beneficence_ec5620,Emergent_abstraction_bounded_410cf5,0.8835116215534584,323.11,937.83,True,False
Emergent_belief_revision_beneficence_ec5620,Emergent_abstraction_autonomy_37c4a5,0.8834717254203095,323.11,960.69,True,False
Emergent_belief_revision_beneficence_ec5620,Emergent_abstraction_autonomy_9d570d,0.8834774248679023,323.11,980.63,True,False
Emergent_belief_revision_beneficence_ec5620,Emergent_abstraction_coherence_97e8bf,0.8813379584814509,323.11,1022.86,True,False
Emergent_belief_revision_beneficence_ec5620,Emergent_abstraction_carefully_a0ed61,0.881551318830357,323.11,1066.88,True,False
Emergent_belief_revision_beneficence_ec5620,Emergent_abstraction_belief_revision_657261,0.8816253654624082,323.11,1087.51,True,False
Emergent_belief_revision_beneficence_ec5620,Emergent_abstraction_bounded_d78044,0.8846863208795939,323.11,1105.39,True,False
Emergent_belief_revision_beneficence_ec5620,Emergent_abstraction_beneficence_898daf,0.8847872714336438,323.11,1150.22,True,False
Emergent_belief_revision_beneficence_ec5620,Emergent_anticipation_awareness_bcd71d,0.8841940734107439,323.11,1169.13,True,False
Emergent_belief_revision_beneficence_ec5620,Emergent_abstraction_bounded_4cbc2f,0.8833466476637439,323.11,1192.6200000000001,True,False
Emergent_belief_revision_beneficence_ec5620,Emergent_abstraction_belief_revision_06a156,0.8693249630434934,323.11,1238.3600000000001,True,False
Emergent_belief_revision_beneficence_ec5620,Emergent_abstraction_appears_601296,0.9259387331787035,323.11,1428.88,True,False
Emergent_belief_revision_beneficence_ec5620,Emergent_abstraction_appears_d52a74,0.9,323.11,1449.33,True,False
Emergent_carefully_coherence_7a9452,Emergent_autonomy_clarity_dc06c1,0.8864718144278279,341.86,358.07,True,False
Emergent_carefully_coherence_7a9452,Emergent_autonomy_belief_revision_95551d,0.8800658685693998,341.86,374.68,True,False
Emergent_carefully_coherence_7a9452,Emergent_anticipation_autonomy_beca79,0.8871498285292789,341.86,390.17,True,False
Emergent_carefully_coherence_7a9452,Emergent_anticipation_autonomy_60f9ff,0.7557287673425482,341.86,406.75,True,False
Emergent_carefully_coherence_7a9452,Emergent_bounded_coherence_ec5f84,0.8856665657086522,341.86,454.43,True,False
Emergent_carefully_coherence_7a9452,Emergent_carefully_coherence_d9db0f,0.7540252661801222,341.86,487.96000000000004,True,False
Emergent_carefully_coherence_7a9452,Emergent_anticipation_autonomy_a66f28,0.8852452161126556,341.86,505.17,True,False
Emergent_carefully_coherence_7a9452,Emergent_anticipation_appears_dac47e,0.8803786330845655,341.86,537.8100000000001,True,False
Emergent_carefully_coherence_7a9452,Emergent_carefully_coherence_24d288,0.8859015027029911,341.86,592.33,True,False
Emergent_carefully_coherence_7a9452,Emergent_beneficence_carefully_a8eeec,0.7623185618939142,341.86,592.67,True,False
Emergent_carefully_coherence_7a9452,Emergent_bounded_emergence_0cd27f,0.8843224007150277,341.86,612.19,True,False
Emergent_carefully_coherence_7a9452,Emergent_abstraction_autonomy_a44037,0.8867046954123698,341.86,712.85,True,False
Emergent_carefully_coherence_7a9452,Emergent_abstraction_appears_ce8722,0.7623192820390533,341.86,731.71,True,False
Emergent_carefully_coherence_7a9452,Emergent_abstraction_autonomy_a1d776,0.8856657716460381,341.86,750.99,True,False
Emergent_carefully_coherence_7a9452,Emergent_abstraction_beneficence_1063dd,0.8762794094359712,341.86,771.21,True,False
Emergent_carefully_coherence_7a9452,Emergent_abstraction_carefully_437869,0.8809715718133364,341.86,771.5500000000001,True,False
Emergent_carefully_coherence_7a9452,Emergent_abstraction_autonomy_c124af,0.8841197419233651,341.86,791.94,True,False
Emergent_carefully_coherence_7a9452,Emergent_abstraction_constraint_53a6d5,0.8831511474290636,341.86,835.94,True,False
Emergent_carefully_coherence_7a9452,Emergent_abstraction_contradiction_4b7670,0.7590694865854783,341.86,836.28,True,False
Emergent_carefully_coherence_7a9452,Emergent_abstraction_emerges_10d365,0.8837479291654604,341.86,856.98,True,False
Emergent_carefully_coherence_7a9452,Emergent_abstraction_contradiction_5c7672,0.8797871776473254,341.86,857.32,True,False
Emergent_carefully_coherence_7a9452,Emergent_abstraction_bounded_77e339,0.8805625807113917,341.86,900.32,True,False
Emergent_carefully_coherence_7a9452,Emergent_abstraction_bounded_410cf5,0.8851591873752236,341.86,937.83,True,False
Emergent_carefully_coherence_7a9452,Emergent_abstraction_autonomy_37c4a5,0.8866739093299802,341.86,960.69,True,False
Emergent_carefully_coherence_7a9452,Emergent_abstraction_autonomy_9d570d,0.7578397964030887,341.86,980.63,True,False
Emergent_carefully_coherence_7a9452,Emergent_abstraction_coherence_97e8bf,0.8813379584814509,341.86,1022.86,True,False
Emergent_carefully_coherence_7a9452,Emergent_abstraction_carefully_a0ed61,0.7528161319741942,341.86,1066.88,True,False
Emergent_carefully_coherence_7a9452,Emergent_abstraction_belief_revision_657261,0.7598852182161665,341.86,1087.51,True,False
Emergent_carefully_coherence_7a9452,Emergent_abstraction_bounded_d78044,0.7630731719062067,341.86,1105.39,True,False
Emergent_carefully_coherence_7a9452,Emergent_abstraction_beneficence_898daf,0.8884260214924338,341.86,1150.22,True,False
Emergent_carefully_coherence_7a9452,Emergent_anticipation_awareness_bcd71d,0.7541748533472877,341.86,1169.13,True,False
Emergent_carefully_coherence_7a9452,Emergent_abstraction_bounded_4cbc2f,0.7577604834431084,341.86,1192.6200000000001,True,False
Emergent_carefully_coherence_7a9452,Emergent_abstraction_belief_revision_06a156,0.7498946505627803,341.86,1238.3600000000001,True,False
Emergent_carefully_coherence_7a9452,Emergent_abstraction_appears_601296,0.3905341437290203,341.86,1428.88,True,False
Emergent_carefully_coherence_7a9452,Emergent_abstraction_appears_d52a74,0.9,341.86,1449.33,True,False
Emergent_autonomy_clarity_dc06c1,Emergent_autonomy_belief_revision_95551d,0.8800658645961958,358.07,374.68,True,False
Emergent_autonomy_clarity_dc06c1,Emergent_anticipation_autonomy_beca79,0.8864718436728689,358.07,390.17,True,False
Emergent_autonomy_clarity_dc06c1,Emergent_anticipation_autonomy_60f9ff,0.8864718383225239,358.07,406.75,True,False
Emergent_autonomy_clarity_dc06c1,Emergent_bounded_coherence_ec5f84,0.8856665657086522,358.07,454.43,True,False
Emergent_autonomy_clarity_dc06c1,Emergent_carefully_coherence_d9db0f,0.8864718071160971,358.07,487.96000000000004,True,False
Emergent_autonomy_clarity_dc06c1,Emergent_anticipation_autonomy_a66f28,0.8852452161126556,358.07,505.17,True,False
Emergent_autonomy_clarity_dc06c1,Emergent_anticipation_appears_dac47e,0.8803786330845655,358.07,537.8100000000001,True,False
Emergent_autonomy_clarity_dc06c1,Emergent_carefully_coherence_24d288,0.8859015027029911,358.07,592.33,True,False
Emergent_autonomy_clarity_dc06c1,Emergent_beneficence_carefully_a8eeec,0.8864717740737127,358.07,592.67,True,False
Emergent_autonomy_clarity_dc06c1,Emergent_bounded_emergence_0cd27f,0.8843224007150277,358.07,612.19,True,False
Emergent_autonomy_clarity_dc06c1,Emergent_abstraction_autonomy_a44037,0.8864680288832487,358.07,712.85,True,False
Emergent_autonomy_clarity_dc06c1,Emergent_abstraction_appears_ce8722,0.8864733218688163,358.07,731.71,True,False
Emergent_autonomy_clarity_dc06c1,Emergent_abstraction_autonomy_a1d776,0.8856657716460381,358.07,750.99,True,False
Emergent_autonomy_clarity_dc06c1,Emergent_abstraction_beneficence_1063dd,0.8762794094359712,358.07,771.21,True,False
Emergent_autonomy_clarity_dc06c1,Emergent_abstraction_carefully_437869,0.8809715718133364,358.07,771.5500000000001,True,False
Emergent_autonomy_clarity_dc06c1,Emergent_abstraction_autonomy_c124af,0.8841197419233651,358.07,791.94,True,False
Emergent_autonomy_clarity_dc06c1,Emergent_abstraction_constraint_53a6d5,0.8831511474290636,358.07,835.94,True,False
Emergent_autonomy_clarity_dc06c1,Emergent_abstraction_contradiction_4b7670,0.8864582870566042,358.07,836.28,True,False
Emergent_autonomy_clarity_dc06c1,Emergent_abstraction_emerges_10d365,0.8837479291654604,358.07,856.98,True,False
Emergent_autonomy_clarity_dc06c1,Emergent_abstraction_contradiction_5c7672,0.8797871776473254,358.07,857.32,True,False
Emergent_autonomy_clarity_dc06c1,Emergent_abstraction_bounded_77e339,0.8805625807113917,358.07,900.32,True,False
Emergent_autonomy_clarity_dc06c1,Emergent_abstraction_bounded_410cf5,0.8851591873752236,358.07,937.83,True,False
Emergent_autonomy_clarity_dc06c1,Emergent_abstraction_autonomy_37c4a5,0.886431547608707,358.07,960.69,True,False
Emergent_autonomy_clarity_dc06c1,Emergent_abstraction_autonomy_9d570d,0.8864372470562996,358.07,980.63,True,False
Emergent_autonomy_clarity_dc06c1,Emergent_abstraction_coherence_97e8bf,0.8813379584814509,358.07,1022.86,True,False
Emergent_autonomy_clarity_dc06c1,Emergent_abstraction_carefully_a0ed61,0.8845036566041897,358.07,1066.88,True,False
Emergent_autonomy_clarity_dc06c1,Emergent_abstraction_belief_revision_657261,0.8845812397012698,358.07,1087.51,True,False
Emergent_autonomy_clarity_dc06c1,Emergent_abstraction_bounded_d78044,0.8876130096694907,358.07,1105.39,True,False
Emergent_autonomy_clarity_dc06c1,Emergent_abstraction_beneficence_898daf,0.8876593658587588,358.07,1150.22,True,False
Emergent_autonomy_clarity_dc06c1,Emergent_anticipation_awareness_bcd71d,0.8870661678358589,358.07,1169.13,True,False
Emergent_autonomy_clarity_dc06c1,Emergent_abstraction_bounded_4cbc2f,0.886218742088859,358.07,1192.6200000000001,True,False
Emergent_autonomy_clarity_dc06c1,Emergent_abstraction_belief_revision_06a156,0.8728082349063078,358.07,1238.3600000000001,True,False
Emergent_autonomy_clarity_dc06c1,Emergent_abstraction_appears_601296,0.9259387331787035,358.07,1428.88,True,False
Emergent_autonomy_clarity_dc06c1,Emergent_abstraction_appears_d52a74,0.9,358.07,1449.33,True,False
Emergent_autonomy_belief_revision_95551d,Emergent_anticipation_autonomy_beca79,0.8800658653591926,374.68,390.17,True,False
Emergent_autonomy_belief_revision_95551d,Emergent_anticipation_autonomy_60f9ff,0.8800658600088473,374.68,406.75,True,False
Emergent_autonomy_belief_revision_95551d,Emergent_bounded_coherence_ec5f84,0.8800658542217392,374.68,454.43,True,False
Emergent_autonomy_belief_revision_95551d,Emergent_carefully_coherence_d9db0f,0.8800658289497729,374.68,487.96000000000004,True,False
Emergent_autonomy_belief_revision_95551d,Emergent_anticipation_autonomy_a66f28,0.8800655934467003,374.68,505.17,True,False
Emergent_autonomy_belief_revision_95551d,Emergent_anticipation_appears_dac47e,0.8800656448483235,374.68,537.8100000000001,True,False
Emergent_autonomy_belief_revision_95551d,Emergent_carefully_coherence_24d288,0.8800658371782744,374.68,592.33,True,False
Emergent_autonomy_belief_revision_95551d,Emergent_beneficence_carefully_a8eeec,0.8800658415494154,374.68,592.67,True,False
Emergent_autonomy_belief_revision_95551d,Emergent_bounded_emergence_0cd27f,0.8800643457430934,374.68,612.19,True,False
Emergent_autonomy_belief_revision_95551d,Emergent_abstraction_autonomy_a44037,0.8800619846621869,374.68,712.85,True,False
Emergent_autonomy_belief_revision_95551d,Emergent_abstraction_appears_ce8722,0.8800677331503537,374.68,731.71,True,False
Emergent_autonomy_belief_revision_95551d,Emergent_abstraction_autonomy_a1d776,0.8800543519566828,374.68,750.99,True,False
Emergent_autonomy_belief_revision_95551d,Emergent_abstraction_beneficence_1063dd,0.8762794094359712,374.68,771.21,True,False
Emergent_autonomy_belief_revision_95551d,Emergent_abstraction_carefully_437869,0.8800689874624292,374.68,771.5500000000001,True,False
Emergent_autonomy_belief_revision_95551d,Emergent_abstraction_autonomy_c124af,0.8800622997645087,374.68,791.94,True,False
Emergent_autonomy_belief_revision_95551d,Emergent_abstraction_constraint_53a6d5,0.880049640387631,374.68,835.94,True,False
Emergent_autonomy_belief_revision_95551d,Emergent_abstraction_contradiction_4b7670,0.8800508679279353,374.68,836.28,True,False
Emergent_autonomy_belief_revision_95551d,Emergent_abstraction_emerges_10d365,0.880066168025994,374.68,856.98,True,False
Emergent_autonomy_belief_revision_95551d,Emergent_abstraction_contradiction_5c7672,0.8797871776473254,374.68,857.32,True,False
Emergent_autonomy_belief_revision_95551d,Emergent_abstraction_bounded_77e339,0.8801114712421267,374.68,900.32,True,False
Emergent_autonomy_belief_revision_95551d,Emergent_abstraction_bounded_410cf5,0.880070777186315,374.68,937.83,True,False
Emergent_autonomy_belief_revision_95551d,Emergent_abstraction_autonomy_37c4a5,0.8800308810531661,374.68,960.69,True,False
Emergent_autonomy_belief_revision_95551d,Emergent_abstraction_autonomy_9d570d,0.8800365805007588,374.68,980.63,True,False
Emergent_autonomy_belief_revision_95551d,Emergent_abstraction_coherence_97e8bf,0.8799877280928214,374.68,1022.86,True,False
Emergent_autonomy_belief_revision_95551d,Emergent_abstraction_carefully_a0ed61,0.8781213336369087,374.68,1066.88,True,False
Emergent_autonomy_belief_revision_95551d,Emergent_abstraction_belief_revision_657261,0.8781912716528002,374.68,1087.51,True,False
Emergent_autonomy_belief_revision_95551d,Emergent_abstraction_bounded_d78044,0.8812861343209448,374.68,1105.39,True,False
Emergent_autonomy_belief_revision_95551d,Emergent_abstraction_beneficence_898daf,0.8814505118529332,374.68,1150.22,True,False
Emergent_autonomy_belief_revision_95551d,Emergent_anticipation_awareness_bcd71d,0.8808573138300333,374.68,1169.13,True,False
Emergent_autonomy_belief_revision_95551d,Emergent_abstraction_bounded_4cbc2f,0.8800098880830332,374.68,1192.6200000000001,True,False
Emergent_autonomy_belief_revision_95551d,Emergent_abstraction_belief_revision_06a156,0.8652781459685286,374.68,1238.3600000000001,True,False
Emergent_autonomy_belief_revision_95551d,Emergent_abstraction_appears_601296,0.9259387331787035,374.68,1428.88,True,False
Emergent_autonomy_belief_revision_95551d,Emergent_abstraction_appears_d52a74,0.9,374.68,1449.33,True,False
Emergent_anticipation_autonomy_beca79,Emergent_anticipation_autonomy_60f9ff,0.8871498231789336,390.17,406.75,True,False
Emergent_anticipation_autonomy_beca79,Emergent_bounded_coherence_ec5f84,0.8856665657086522,390.17,454.43,True,False
Emergent_anticipation_autonomy_beca79,Emergent_carefully_coherence_d9db0f,0.8871497919568223,390.17,487.96000000000004,True,False
Emergent_anticipation_autonomy_beca79,Emergent_anticipation_autonomy_a66f28,0.8852452161126556,390.17,505.17,True,False
Emergent_anticipation_autonomy_beca79,Emergent_anticipation_appears_dac47e,0.8803786330845655,390.17,537.8100000000001,True,False
Emergent_anticipation_autonomy_beca79,Emergent_carefully_coherence_24d288,0.8859015027029911,390.17,592.33,True,False
Emergent_anticipation_autonomy_beca79,Emergent_beneficence_carefully_a8eeec,0.8871497540561089,390.17,592.67,True,False
Emergent_anticipation_autonomy_beca79,Emergent_bounded_emergence_0cd27f,0.8843224007150277,390.17,612.19,True,False
Emergent_anticipation_autonomy_beca79,Emergent_abstraction_autonomy_a44037,0.8867046954123698,390.17,712.85,True,False
Emergent_anticipation_autonomy_beca79,Emergent_abstraction_appears_ce8722,0.8871512652550746,390.17,731.71,True,False
Emergent_anticipation_autonomy_beca79,Emergent_abstraction_autonomy_a1d776,0.8856657716460381,390.17,750.99,True,False
Emergent_anticipation_autonomy_beca79,Emergent_abstraction_beneficence_1063dd,0.8762794094359712,390.17,771.21,True,False
Emergent_anticipation_autonomy_beca79,Emergent_abstraction_carefully_437869,0.8809715718133364,390.17,771.5500000000001,True,False
Emergent_anticipation_autonomy_beca79,Emergent_abstraction_autonomy_c124af,0.8841197419233651,390.17,791.94,True,False
Emergent_anticipation_autonomy_beca79,Emergent_abstraction_constraint_53a6d5,0.8831511474290636,390.17,835.94,True,False
Emergent_anticipation_autonomy_beca79,Emergent_abstraction_contradiction_4b7670,0.8871364375610402,390.17,836.28,True,False
Emergent_anticipation_autonomy_beca79,Emergent_abstraction_emerges_10d365,0.8837479291654604,390.17,856.98,True,False
Emergent_anticipation_autonomy_beca79,Emergent_abstraction_contradiction_5c7672,0.8797871776473254,390.17,857.32,True,False
Emergent_anticipation_autonomy_beca79,Emergent_abstraction_bounded_77e339,0.8805625807113917,390.17,900.32,True,False
Emergent_anticipation_autonomy_beca79,Emergent_abstraction_bounded_410cf5,0.8851591873752236,390.17,937.83,True,False
Emergent_anticipation_autonomy_beca79,Emergent_abstraction_autonomy_37c4a5,0.8866739093299802,390.17,960.69,True,False
Emergent_anticipation_autonomy_beca79,Emergent_abstraction_autonomy_9d570d,0.8871146787884725,390.17,980.63,True,False
Emergent_anticipation_autonomy_beca79,Emergent_abstraction_coherence_97e8bf,0.8813379584814509,390.17,1022.86,True,False
Emergent_anticipation_autonomy_beca79,Emergent_abstraction_carefully_a0ed61,0.8851830178840401,390.17,1066.88,True,False
Emergent_anticipation_autonomy_beca79,Emergent_abstraction_belief_revision_657261,0.8852614147556923,390.17,1087.51,True,False
Emergent_anticipation_autonomy_beca79,Emergent_abstraction_bounded_d78044,0.8882864688717715,390.17,1105.39,True,False
Emergent_anticipation_autonomy_beca79,Emergent_abstraction_beneficence_898daf,0.888320262373308,390.17,1150.22,True,False
Emergent_anticipation_autonomy_beca79,Emergent_anticipation_awareness_bcd71d,0.887727064350408,390.17,1169.13,True,False
Emergent_anticipation_autonomy_beca79,Emergent_abstraction_bounded_4cbc2f,0.8868796386034081,390.17,1192.6200000000001,True,False
Emergent_anticipation_autonomy_beca79,Emergent_abstraction_belief_revision_06a156,0.8736097692198144,390.17,1238.3600000000001,True,False
Emergent_anticipation_autonomy_beca79,Emergent_abstraction_appears_601296,0.9259387331787035,390.17,1428.88,True,False
Emergent_anticipation_autonomy_beca79,Emergent_abstraction_appears_d52a74,0.9,390.17,1449.33,True,False
Emergent_anticipation_autonomy_60f9ff,Emergent_bounded_coherence_ec5f84,0.8856665657086522,406.75,454.43,True,False
Emergent_anticipation_autonomy_60f9ff,Emergent_carefully_coherence_d9db0f,0.7540252661801222,406.75,487.96000000000004,True,False
Emergent_anticipation_autonomy_60f9ff,Emergent_anticipation_autonomy_a66f28,0.8852452161126556,406.75,505.17,True,False
Emergent_anticipation_autonomy_60f9ff,Emergent_anticipation_appears_dac47e,0.8803786330845655,406.75,537.8100000000001,True,False
Emergent_anticipation_autonomy_60f9ff,Emergent_carefully_coherence_24d288,0.8859015027029911,406.75,592.33,True,False
Emergent_anticipation_autonomy_60f9ff,Emergent_beneficence_carefully_a8eeec,0.755728705329447,406.75,592.67,True,False
Emergent_anticipation_autonomy_60f9ff,Emergent_bounded_emergence_0cd27f,0.8843224007150277,406.75,612.19,True,False
Emergent_anticipation_autonomy_60f9ff,Emergent_abstraction_autonomy_a44037,0.8867046954123698,406.75,712.85,True,False
Emergent_anticipation_autonomy_60f9ff,Emergent_abstraction_appears_ce8722,0.7557296608505718,406.75,731.71,True,False
Emergent_anticipation_autonomy_60f9ff,Emergent_abstraction_autonomy_a1d776,0.8856657716460381,406.75,750.99,True,False
Emergent_anticipation_autonomy_60f9ff,Emergent_abstraction_beneficence_1063dd,0.8762794094359712,406.75,771.21,True,False
Emergent_anticipation_autonomy_60f9ff,Emergent_abstraction_carefully_437869,0.8809715718133364,406.75,771.5500000000001,True,False
Emergent_anticipation_autonomy_60f9ff,Emergent_abstraction_autonomy_c124af,0.8841197419233651,406.75,791.94,True,False
Emergent_anticipation_autonomy_60f9ff,Emergent_abstraction_constraint_53a6d5,0.8831511474290636,406.75,835.94,True,False
Emergent_anticipation_autonomy_60f9ff,Emergent_abstraction_contradiction_4b7670,0.755720050074898,406.75,836.28,True,False
Emergent_anticipation_autonomy_60f9ff,Emergent_abstraction_emerges_10d365,0.8837479291654604,406.75,856.98,True,False
Emergent_anticipation_autonomy_60f9ff,Emergent_abstraction_contradiction_5c7672,0.8797871776473254,406.75,857.32,True,False
Emergent_anticipation_autonomy_60f9ff,Emergent_abstraction_bounded_77e339,0.8805625807113917,406.75,900.32,True,False
Emergent_anticipation_autonomy_60f9ff,Emergent_abstraction_bounded_410cf5,0.8851591873752236,406.75,937.83,True,False
Emergent_anticipation_autonomy_60f9ff,Emergent_abstraction_autonomy_37c4a5,0.8866739093299802,406.75,960.69,True,False
Emergent_anticipation_autonomy_60f9ff,Emergent_abstraction_autonomy_9d570d,0.755702809338189,406.75,980.63,True,False
Emergent_anticipation_autonomy_60f9ff,Emergent_abstraction_coherence_97e8bf,0.8813379584814509,406.75,1022.86,True,False
Emergent_anticipation_autonomy_60f9ff,Emergent_abstraction_carefully_a0ed61,0.7528161319741942,406.75,1066.88,True,False
Emergent_anticipation_autonomy_60f9ff,Emergent_abstraction_belief_revision_657261,0.7544131944956536,406.75,1087.51,True,False
Emergent_anticipation_autonomy_60f9ff,Emergent_abstraction_bounded_d78044,0.7565119557077161,406.75,1105.39,True,False
Emergent_anticipation_autonomy_60f9ff,Emergent_abstraction_beneficence_898daf,0.8884260214924338,406.75,1150.22,True,False
Emergent_anticipation_autonomy_60f9ff,Emergent_anticipation_awareness_bcd71d,0.7541748533472877,406.75,1169.13,True,False
Emergent_anticipation_autonomy_60f9ff,Emergent_abstraction_bounded_4cbc2f,0.7554920508413276,406.75,1192.6200000000001,True,False
Emergent_anticipation_autonomy_60f9ff,Emergent_abstraction_belief_revision_06a156,0.7465963476875979,406.75,1238.3600000000001,True,False
Emergent_anticipation_autonomy_60f9ff,Emergent_abstraction_appears_601296,0.3892697901114319,406.75,1428.88,True,False
Emergent_anticipation_autonomy_60f9ff,Emergent_abstraction_appears_d52a74,0.9,406.75,1449.33,True,False
Emergent_bounded_coherence_ec5f84,Emergent_carefully_coherence_d9db0f,0.885666540307894,454.43,487.96000000000004,True,False
Emergent_bounded_coherence_ec5f84,Emergent_anticipation_autonomy_a66f28,0.8852452161126556,454.43,505.17,True,False
Emergent_bounded_coherence_ec5f84,Emergent_anticipation_appears_dac47e,0.8803786330845655,454.43,537.8100000000001,True,False
Emergent_bounded_coherence_ec5f84,Emergent_carefully_coherence_24d288,0.8856665084219972,454.43,592.33,True,False
Emergent_bounded_coherence_ec5f84,Emergent_beneficence_carefully_a8eeec,0.8856665130145631,454.43,592.67,True,False
Emergent_bounded_coherence_ec5f84,Emergent_bounded_emergence_0cd27f,0.8843224007150277,454.43,612.19,True,False
Emergent_bounded_coherence_ec5f84,Emergent_abstraction_autonomy_a44037,0.8856627537548141,454.43,712.85,True,False
Emergent_bounded_coherence_ec5f84,Emergent_abstraction_appears_ce8722,0.8856681041153287,454.43,731.71,True,False
Emergent_bounded_coherence_ec5f84,Emergent_abstraction_autonomy_a1d776,0.8856550726620929,454.43,750.99,True,False
Emergent_bounded_coherence_ec5f84,Emergent_abstraction_beneficence_1063dd,0.8762794094359712,454.43,771.21,True,False
Emergent_bounded_coherence_ec5f84,Emergent_abstraction_carefully_437869,0.8809715718133364,454.43,771.5500000000001,True,False
Emergent_bounded_coherence_ec5f84,Emergent_abstraction_autonomy_c124af,0.8841197419233651,454.43,791.94,True,False
Emergent_bounded_coherence_ec5f84,Emergent_abstraction_constraint_53a6d5,0.8831511474290636,454.43,835.94,True,False
Emergent_bounded_coherence_ec5f84,Emergent_abstraction_contradiction_4b7670,0.885652838745292,454.43,836.28,True,False
Emergent_bounded_coherence_ec5f84,Emergent_abstraction_emerges_10d365,0.8837479291654604,454.43,856.98,True,False
Emergent_bounded_coherence_ec5f84,Emergent_abstraction_contradiction_5c7672,0.8797871776473254,454.43,857.32,True,False
Emergent_bounded_coherence_ec5f84,Emergent_abstraction_bounded_77e339,0.8805625807113917,454.43,900.32,True,False
Emergent_bounded_coherence_ec5f84,Emergent_abstraction_bounded_410cf5,0.8851591873752236,454.43,937.83,True,False
Emergent_bounded_coherence_ec5f84,Emergent_abstraction_autonomy_37c4a5,0.8856269498491258,454.43,960.69,True,False
Emergent_bounded_coherence_ec5f84,Emergent_abstraction_autonomy_9d570d,0.8856326492967186,454.43,980.63,True,False
Emergent_bounded_coherence_ec5f84,Emergent_abstraction_coherence_97e8bf,0.8813379584814509,454.43,1022.86,True,False
Emergent_bounded_coherence_ec5f84,Emergent_abstraction_carefully_a0ed61,0.8836997414530094,454.43,1066.88,True,False
Emergent_bounded_coherence_ec5f84,Emergent_abstraction_belief_revision_657261,0.883776361578358,454.43,1087.51,True,False
Emergent_bounded_coherence_ec5f84,Emergent_abstraction_bounded_d78044,0.8868160786808212,454.43,1105.39,True,False
Emergent_bounded_coherence_ec5f84,Emergent_abstraction_beneficence_898daf,0.8868773007968156,454.43,1150.22,True,False
Emergent_bounded_coherence_ec5f84,Emergent_anticipation_awareness_bcd71d,0.8862841027739157,454.43,1169.13,True,False
Emergent_bounded_coherence_ec5f84,Emergent_abstraction_bounded_4cbc2f,0.8854366770269158,454.43,1192.6200000000001,True,False
Emergent_bounded_coherence_ec5f84,Emergent_abstraction_belief_revision_06a156,0.8718597475580729,454.43,1238.3600000000001,True,False
Emergent_bounded_coherence_ec5f84,Emergent_abstraction_appears_601296,0.9259387331787035,454.43,1428.88,True,False
Emergent_bounded_coherence_ec5f84,Emergent_abstraction_appears_d52a74,0.9,454.43,1449.33,True,False
Emergent_carefully_coherence_d9db0f,Emergent_anticipation_autonomy_a66f28,0.8852452072407284,487.96000000000004,505.17,True,False
Emergent_carefully_coherence_d9db0f,Emergent_anticipation_appears_dac47e,0.8803786330845655,487.96000000000004,537.8100000000001,True,False
Emergent_carefully_coherence_d9db0f,Emergent_carefully_coherence_24d288,0.8859015027029911,487.96000000000004,592.33,True,False
Emergent_carefully_coherence_d9db0f,Emergent_beneficence_carefully_a8eeec,0.7540252341437716,487.96000000000004,592.67,True,False
Emergent_carefully_coherence_d9db0f,Emergent_bounded_emergence_0cd27f,0.8843224007150277,487.96000000000004,612.19,True,False
Emergent_carefully_coherence_d9db0f,Emergent_abstraction_autonomy_a44037,0.8867046954123698,487.96000000000004,712.85,True,False
Emergent_carefully_coherence_d9db0f,Emergent_abstraction_appears_ce8722,0.754026250509348,487.96000000000004,731.71,True,False
Emergent_carefully_coherence_d9db0f,Emergent_abstraction_autonomy_a1d776,0.8856657716460381,487.96000000000004,750.99,True,False
Emergent_carefully_coherence_d9db0f,Emergent_abstraction_beneficence_1063dd,0.8762794094359712,487.96000000000004,771.21,True,False
Emergent_carefully_coherence_d9db0f,Emergent_abstraction_carefully_437869,0.8809715718133364,487.96000000000004,771.5500000000001,True,False
Emergent_carefully_coherence_d9db0f,Emergent_abstraction_autonomy_c124af,0.8841197419233651,487.96000000000004,791.94,True,False
Emergent_carefully_coherence_d9db0f,Emergent_abstraction_constraint_53a6d5,0.8831511474290636,487.96000000000004,835.94,True,False
Emergent_carefully_coherence_d9db0f,Emergent_abstraction_contradiction_4b7670,0.7540161826724145,487.96000000000004,836.28,True,False
Emergent_carefully_coherence_d9db0f,Emergent_abstraction_emerges_10d365,0.8837479291654604,487.96000000000004,856.98,True,False
Emergent_carefully_coherence_d9db0f,Emergent_abstraction_contradiction_5c7672,0.8797871776473254,487.96000000000004,857.32,True,False
Emergent_carefully_coherence_d9db0f,Emergent_abstraction_bounded_77e339,0.8805625807113917,487.96000000000004,900.32,True,False
Emergent_carefully_coherence_d9db0f,Emergent_abstraction_bounded_410cf5,0.8851591873752236,487.96000000000004,937.83,True,False
Emergent_carefully_coherence_d9db0f,Emergent_abstraction_autonomy_37c4a5,0.8866739093299802,487.96000000000004,960.69,True,False
Emergent_carefully_coherence_d9db0f,Emergent_abstraction_autonomy_9d570d,0.7540001369608277,487.96000000000004,980.63,True,False
Emergent_carefully_coherence_d9db0f,Emergent_abstraction_coherence_97e8bf,0.8813379584814509,487.96000000000004,1022.86,True,False
Emergent_carefully_coherence_d9db0f,Emergent_abstraction_carefully_a0ed61,0.7526501610470187,487.96000000000004,1066.88,True,False
Emergent_carefully_coherence_d9db0f,Emergent_abstraction_belief_revision_657261,0.7527059610922553,487.96000000000004,1087.51,True,False
Emergent_carefully_coherence_d9db0f,Emergent_abstraction_bounded_d78044,0.754815888027369,487.96000000000004,1105.39,True,False
Emergent_carefully_coherence_d9db0f,Emergent_abstraction_beneficence_898daf,0.8884260214924338,487.96000000000004,1150.22,True,False
Emergent_carefully_coherence_d9db0f,Emergent_anticipation_awareness_bcd71d,0.7541748533472877,487.96000000000004,1169.13,True,False
Emergent_carefully_coherence_d9db0f,Emergent_abstraction_bounded_4cbc2f,0.7538168697869854,487.96000000000004,1192.6200000000001,True,False
Emergent_carefully_coherence_d9db0f,Emergent_abstraction_belief_revision_06a156,0.7446873433327229,487.96000000000004,1238.3600000000001,True,False
Emergent_carefully_coherence_d9db0f,Emergent_abstraction_appears_601296,0.3877693993425647,487.96000000000004,1428.88,True,False
Emergent_carefully_coherence_d9db0f,Emergent_abstraction_appears_d52a74,0.9,487.96000000000004,1449.33,True,False
Emergent_anticipation_autonomy_a66f28,Emergent_anticipation_appears_dac47e,0.8803785881549591,505.17,537.8100000000001,True,False
Emergent_anticipation_autonomy_a66f28,Emergent_carefully_coherence_24d288,0.8852454149876774,505.17,592.33,True,False
Emergent_anticipation_autonomy_a66f28,Emergent_beneficence_carefully_a8eeec,0.8852454195635955,505.17,592.67,True,False
Emergent_anticipation_autonomy_a66f28,Emergent_bounded_emergence_0cd27f,0.8843224007150277,505.17,612.19,True,False
Emergent_anticipation_autonomy_a66f28,Emergent_abstraction_autonomy_a44037,0.8852416529636029,505.17,712.85,True,False
Emergent_anticipation_autonomy_a66f28,Emergent_abstraction_appears_ce8722,0.8852470332578402,505.17,731.71,True,False
Emergent_anticipation_autonomy_a66f28,Emergent_abstraction_autonomy_a1d776,0.8852339755089347,505.17,750.99,True,False
Emergent_anticipation_autonomy_a66f28,Emergent_abstraction_beneficence_1063dd,0.8762794094359712,505.17,771.21,True,False
Emergent_anticipation_autonomy_a66f28,Emergent_abstraction_carefully_437869,0.8809715718133364,505.17,771.5500000000001,True,False
Emergent_anticipation_autonomy_a66f28,Emergent_abstraction_autonomy_c124af,0.8841197419233651,505.17,791.94,True,False
Emergent_anticipation_autonomy_a66f28,Emergent_abstraction_constraint_53a6d5,0.8831511474290636,505.17,835.94,True,False
Emergent_anticipation_autonomy_a66f28,Emergent_abstraction_contradiction_4b7670,0.8852316476009121,505.17,836.28,True,False
Emergent_anticipation_autonomy_a66f28,Emergent_abstraction_emerges_10d365,0.8837479291654604,505.17,856.98,True,False
Emergent_anticipation_autonomy_a66f28,Emergent_abstraction_contradiction_5c7672,0.8797871776473254,505.17,857.32,True,False
Emergent_anticipation_autonomy_a66f28,Emergent_abstraction_bounded_77e339,0.8805625807113917,505.17,900.32,True,False
Emergent_anticipation_autonomy_a66f28,Emergent_abstraction_bounded_410cf5,0.8851591873752236,505.17,937.83,True,False
Emergent_anticipation_autonomy_a66f28,Emergent_abstraction_autonomy_37c4a5,0.8852062024555662,505.17,960.69,True,False
Emergent_anticipation_autonomy_a66f28,Emergent_abstraction_autonomy_9d570d,0.885211901903159,505.17,980.63,True,False
Emergent_anticipation_autonomy_a66f28,Emergent_abstraction_coherence_97e8bf,0.8813379584814509,505.17,1022.86,True,False
Emergent_anticipation_autonomy_a66f28,Emergent_abstraction_carefully_a0ed61,0.8832803219221896,505.17,1066.88,True,False
Emergent_anticipation_autonomy_a66f28,Emergent_abstraction_belief_revision_657261,0.8833564396448266,505.17,1087.51,True,False
Emergent_anticipation_autonomy_a66f28,Emergent_abstraction_bounded_d78044,0.8864003029352427,505.17,1105.39,True,False
Emergent_anticipation_autonomy_a66f28,Emergent_abstraction_beneficence_898daf,0.8864692809195074,505.17,1150.22,True,False
Emergent_anticipation_autonomy_a66f28,Emergent_anticipation_awareness_bcd71d,0.8858760828966072,505.17,1169.13,True,False
Emergent_anticipation_autonomy_a66f28,Emergent_abstraction_bounded_4cbc2f,0.8850286571496073,505.17,1192.6200000000001,True,False
Emergent_anticipation_autonomy_a66f28,Emergent_abstraction_belief_revision_06a156,0.8713649016554907,505.17,1238.3600000000001,True,False
Emergent_anticipation_autonomy_a66f28,Emergent_abstraction_appears_601296,0.9259387331787035,505.17,1428.88,True,False
Emergent_anticipation_autonomy_a66f28,Emergent_abstraction_appears_d52a74,0.9,505.17,1449.33,True,False
Emergent_anticipation_appears_dac47e,Emergent_carefully_coherence_24d288,0.8803788225489027,537.8100000000001,592.33,True,False
Emergent_anticipation_appears_dac47e,Emergent_beneficence_carefully_a8eeec,0.880378826932418,537.8100000000001,592.67,True,False
Emergent_anticipation_appears_dac47e,Emergent_bounded_emergence_0cd27f,0.8803773336476728,537.8100000000001,612.19,True,False
Emergent_anticipation_appears_dac47e,Emergent_abstraction_autonomy_a44037,0.8803749755009593,537.8100000000001,712.85,True,False
Emergent_anticipation_appears_dac47e,Emergent_abstraction_appears_ce8722,0.8803807017403411,537.8100000000001,731.71,True,False
Emergent_anticipation_appears_dac47e,Emergent_abstraction_autonomy_a1d776,0.8803673400914058,537.8100000000001,750.99,True,False
Emergent_anticipation_appears_dac47e,Emergent_abstraction_beneficence_1063dd,0.8762794094359712,537.8100000000001,771.21,True,False
Emergent_anticipation_appears_dac47e,Emergent_abstraction_carefully_437869,0.8803820170279584,537.8100000000001,771.5500000000001,True,False
Emergent_anticipation_appears_dac47e,Emergent_abstraction_autonomy_c124af,0.8803753103982208,537.8100000000001,791.94,True,False
Emergent_anticipation_appears_dac47e,Emergent_abstraction_constraint_53a6d5,0.8803626949080701,537.8100000000001,835.94,True,False
Emergent_anticipation_appears_dac47e,Emergent_abstraction_contradiction_4b7670,0.8803639259233469,537.8100000000001,836.28,True,False
Emergent_anticipation_appears_dac47e,Emergent_abstraction_emerges_10d365,0.8803789439318366,537.8100000000001,856.98,True,False
Emergent_anticipation_appears_dac47e,Emergent_abstraction_contradiction_5c7672,0.8797871776473254,537.8100000000001,857.32,True,False
Emergent_anticipation_appears_dac47e,Emergent_abstraction_bounded_77e339,0.8804241994116526,537.8100000000001,900.32,True,False
Emergent_anticipation_appears_dac47e,Emergent_abstraction_bounded_410cf5,0.8803835053558409,537.8100000000001,937.83,True,False
Emergent_anticipation_appears_dac47e,Emergent_abstraction_autonomy_37c4a5,0.8803436092226922,537.8100000000001,960.69,True,False
Emergent_anticipation_appears_dac47e,Emergent_abstraction_autonomy_9d570d,0.8803493086702847,537.8100000000001,980.63,True,False
Emergent_anticipation_appears_dac47e,Emergent_abstraction_coherence_97e8bf,0.8803004562623473,537.8100000000001,1022.86,True,False
Emergent_anticipation_appears_dac47e,Emergent_abstraction_carefully_a0ed61,0.8784330748482492,537.8100000000001,1066.88,True,False
Emergent_anticipation_appears_dac47e,Emergent_abstraction_belief_revision_657261,0.8785033862841141,537.8100000000001,1087.51,True,False
Emergent_anticipation_appears_dac47e,Emergent_abstraction_bounded_d78044,0.8815951672224869,537.8100000000001,1105.39,True,False
Emergent_anticipation_appears_dac47e,Emergent_abstraction_beneficence_898daf,0.8817537800640118,537.8100000000001,1150.22,True,False
Emergent_anticipation_appears_dac47e,Emergent_anticipation_awareness_bcd71d,0.8811605820411119,537.8100000000001,1169.13,True,False
Emergent_anticipation_appears_dac47e,Emergent_abstraction_bounded_4cbc2f,0.8803131562941118,537.8100000000001,1192.6200000000001,True,False
Emergent_anticipation_appears_dac47e,Emergent_abstraction_belief_revision_06a156,0.8656459492055317,537.8100000000001,1238.3600000000001,True,False
Emergent_anticipation_appears_dac47e,Emergent_abstraction_appears_601296,0.9259387331787035,537.8100000000001,1428.88,True,False
Emergent_anticipation_appears_dac47e,Emergent_abstraction_appears_d52a74,0.9,537.8100000000001,1449.33,True,False
Emergent_carefully_coherence_24d288,Emergent_beneficence_carefully_a8eeec,0.8859012253513472,592.33,592.67,True,False
Emergent_carefully_coherence_24d288,Emergent_bounded_emergence_0cd27f,0.8843223455384381,592.33,612.19,True,False
Emergent_carefully_coherence_24d288,Emergent_abstraction_autonomy_a44037,0.8858977521413753,592.33,712.85,True,False
Emergent_carefully_coherence_24d288,Emergent_abstraction_appears_ce8722,0.8859030857971564,592.33,731.71,True,False
Emergent_carefully_coherence_24d288,Emergent_abstraction_autonomy_a1d776,0.8856657716460381,592.33,750.99,True,False
Emergent_carefully_coherence_24d288,Emergent_abstraction_beneficence_1063dd,0.8762794094359712,592.33,771.21,True,False
Emergent_carefully_coherence_24d288,Emergent_abstraction_carefully_437869,0.8809715718133364,592.33,771.5500000000001,True,False
Emergent_carefully_coherence_24d288,Emergent_abstraction_autonomy_c124af,0.8841197419233651,592.33,791.94,True,False
Emergent_carefully_coherence_24d288,Emergent_abstraction_constraint_53a6d5,0.8831511474290636,592.33,835.94,True,False
Emergent_carefully_coherence_24d288,Emergent_abstraction_contradiction_4b7670,0.8858878875541021,592.33,836.28,True,False
Emergent_carefully_coherence_24d288,Emergent_abstraction_emerges_10d365,0.8837479291654604,592.33,856.98,True,False
Emergent_carefully_coherence_24d288,Emergent_abstraction_contradiction_5c7672,0.8797871776473254,592.33,857.32,True,False
Emergent_carefully_coherence_24d288,Emergent_abstraction_bounded_77e339,0.8805625807113917,592.33,900.32,True,False
Emergent_carefully_coherence_24d288,Emergent_abstraction_bounded_410cf5,0.8851591873752236,592.33,937.83,True,False
Emergent_carefully_coherence_24d288,Emergent_abstraction_autonomy_37c4a5,0.8858617510195343,592.33,960.69,True,False
Emergent_carefully_coherence_24d288,Emergent_abstraction_autonomy_9d570d,0.8858674504671269,592.33,980.63,True,False
Emergent_carefully_coherence_24d288,Emergent_abstraction_coherence_97e8bf,0.8813379584814509,592.33,1022.86,True,False
Emergent_carefully_coherence_24d288,Emergent_abstraction_carefully_a0ed61,0.8839338015998721,592.33,1066.88,True,False
Emergent_carefully_coherence_24d288,Emergent_abstraction_belief_revision_657261,0.8840107020947405,592.33,1087.51,True,False
Emergent_carefully_coherence_24d288,Emergent_abstraction_bounded_d78044,0.8870481053865917,592.33,1105.39,True,False
Emergent_carefully_coherence_24d288,Emergent_abstraction_beneficence_898daf,0.8871049992833859,592.33,1150.22,True,False
Emergent_carefully_coherence_24d288,Emergent_anticipation_awareness_bcd71d,0.886511801260486,592.33,1169.13,True,False
Emergent_carefully_coherence_24d288,Emergent_abstraction_bounded_4cbc2f,0.8856643755134859,592.33,1192.6200000000001,True,False
Emergent_carefully_coherence_24d288,Emergent_abstraction_belief_revision_06a156,0.872135899945174,592.33,1238.3600000000001,True,False
Emergent_carefully_coherence_24d288,Emergent_abstraction_appears_601296,0.9259387331787035,592.33,1428.88,True,False
Emergent_carefully_coherence_24d288,Emergent_abstraction_appears_d52a74,0.9,592.33,1449.33,True,False
Emergent_beneficence_carefully_a8eeec,Emergent_bounded_emergence_0cd27f,0.8843223606700505,592.67,612.19,True,False
Emergent_beneficence_carefully_a8eeec,Emergent_abstraction_autonomy_a44037,0.8867046954123698,592.67,712.85,True,False
Emergent_beneficence_carefully_a8eeec,Emergent_abstraction_appears_ce8722,0.7634748550287722,592.67,731.71,True,False
Emergent_beneficence_carefully_a8eeec,Emergent_abstraction_autonomy_a1d776,0.8856657716460381,592.67,750.99,True,False
Emergent_beneficence_carefully_a8eeec,Emergent_abstraction_beneficence_1063dd,0.8762794094359712,592.67,771.21,True,False
Emergent_beneficence_carefully_a8eeec,Emergent_abstraction_carefully_437869,0.8809715718133364,592.67,771.5500000000001,True,False
Emergent_beneficence_carefully_a8eeec,Emergent_abstraction_autonomy_c124af,0.8841197419233651,592.67,791.94,True,False
Emergent_beneficence_carefully_a8eeec,Emergent_abstraction_constraint_53a6d5,0.8831511474290636,592.67,835.94,True,False
Emergent_beneficence_carefully_a8eeec,Emergent_abstraction_contradiction_4b7670,0.7590694865854783,592.67,836.28,True,False
Emergent_beneficence_carefully_a8eeec,Emergent_abstraction_emerges_10d365,0.8837479291654604,592.67,856.98,True,False
Emergent_beneficence_carefully_a8eeec,Emergent_abstraction_contradiction_5c7672,0.8797871776473254,592.67,857.32,True,False
Emergent_beneficence_carefully_a8eeec,Emergent_abstraction_bounded_77e339,0.8805625807113917,592.67,900.32,True,False
Emergent_beneficence_carefully_a8eeec,Emergent_abstraction_bounded_410cf5,0.8851591873752236,592.67,937.83,True,False
Emergent_beneficence_carefully_a8eeec,Emergent_abstraction_autonomy_37c4a5,0.8866739093299802,592.67,960.69,True,False
Emergent_beneficence_carefully_a8eeec,Emergent_abstraction_autonomy_9d570d,0.7578397964030887,592.67,980.63,True,False
Emergent_beneficence_carefully_a8eeec,Emergent_abstraction_coherence_97e8bf,0.8813379584814509,592.67,1022.86,True,False
Emergent_beneficence_carefully_a8eeec,Emergent_abstraction_carefully_a0ed61,0.7528161319741942,592.67,1066.88,True,False
Emergent_beneficence_carefully_a8eeec,Emergent_abstraction_belief_revision_657261,0.7598852182161665,592.67,1087.51,True,False
Emergent_beneficence_carefully_a8eeec,Emergent_abstraction_bounded_d78044,0.7651526874310745,592.67,1105.39,True,False
Emergent_beneficence_carefully_a8eeec,Emergent_abstraction_beneficence_898daf,0.8884260214924338,592.67,1150.22,True,False
Emergent_beneficence_carefully_a8eeec,Emergent_anticipation_awareness_bcd71d,0.7541748533472877,592.67,1169.13,True,False
Emergent_beneficence_carefully_a8eeec,Emergent_abstraction_bounded_4cbc2f,0.7577604834431084,592.67,1192.6200000000001,True,False
Emergent_beneficence_carefully_a8eeec,Emergent_abstraction_belief_revision_06a156,0.7498946505627803,592.67,1238.3600000000001,True,False
Emergent_beneficence_carefully_a8eeec,Emergent_abstraction_appears_601296,0.3905341437290203,592.67,1428.88,True,False
Emergent_beneficence_carefully_a8eeec,Emergent_abstraction_appears_d52a74,0.9,592.67,1449.33,True,False
Emergent_bounded_emergence_0cd27f,Emergent_abstraction_autonomy_a44037,0.8843200795524542,612.19,712.85,True,False
Emergent_bounded_emergence_0cd27f,Emergent_abstraction_appears_ce8722,0.8843255253562408,612.19,731.71,True,False
Emergent_bounded_emergence_0cd27f,Emergent_abstraction_autonomy_a1d776,0.8843124100596162,612.19,750.99,True,False
Emergent_bounded_emergence_0cd27f,Emergent_abstraction_beneficence_1063dd,0.8762794094359712,612.19,771.21,True,False
Emergent_bounded_emergence_0cd27f,Emergent_abstraction_carefully_437869,0.8809715718133364,612.19,771.5500000000001,True,False
Emergent_bounded_emergence_0cd27f,Emergent_abstraction_autonomy_c124af,0.8841197419233651,612.19,791.94,True,False
Emergent_bounded_emergence_0cd27f,Emergent_abstraction_constraint_53a6d5,0.8831511474290636,612.19,835.94,True,False
Emergent_bounded_emergence_0cd27f,Emergent_abstraction_contradiction_4b7670,0.8843098764530706,612.19,836.28,True,False
Emergent_bounded_emergence_0cd27f,Emergent_abstraction_emerges_10d365,0.8837479291654604,612.19,856.98,True,False
Emergent_bounded_emergence_0cd27f,Emergent_abstraction_contradiction_5c7672,0.8797871776473254,612.19,857.32,True,False
Emergent_bounded_emergence_0cd27f,Emergent_abstraction_bounded_77e339,0.8805625807113917,612.19,900.32,True,False
Emergent_bounded_emergence_0cd27f,Emergent_abstraction_bounded_410cf5,0.8843252985835686,612.19,937.83,True,False
Emergent_bounded_emergence_0cd27f,Emergent_abstraction_autonomy_37c4a5,0.8842854024504199,612.19,960.69,True,False
Emergent_bounded_emergence_0cd27f,Emergent_abstraction_autonomy_9d570d,0.8842911018980126,612.19,980.63,True,False
Emergent_bounded_emergence_0cd27f,Emergent_abstraction_coherence_97e8bf,0.8813379584814509,612.19,1022.86,True,False
Emergent_bounded_emergence_0cd27f,Emergent_abstraction_carefully_a0ed61,0.8823624279267686,612.19,1066.88,True,False
Emergent_bounded_emergence_0cd27f,Emergent_abstraction_belief_revision_657261,0.8824374461478366,612.19,1087.51,True,False
Emergent_bounded_emergence_0cd27f,Emergent_abstraction_bounded_d78044,0.8854903833147569,612.19,1105.39,True,False
Emergent_bounded_emergence_0cd27f,Emergent_abstraction_beneficence_898daf,0.8855763349122918,612.19,1150.22,True,False
Emergent_bounded_emergence_0cd27f,Emergent_anticipation_awareness_bcd71d,0.8849831368893919,612.19,1169.13,True,False
Emergent_bounded_emergence_0cd27f,Emergent_abstraction_bounded_4cbc2f,0.884135711142392,612.19,1192.6200000000001,True,False
Emergent_bounded_emergence_0cd27f,Emergent_abstraction_belief_revision_06a156,0.8702819380611369,612.19,1238.3600000000001,True,False
Emergent_bounded_emergence_0cd27f,Emergent_abstraction_appears_601296,0.9259387331787035,612.19,1428.88,True,False
Emergent_bounded_emergence_0cd27f,Emergent_abstraction_appears_d52a74,0.9,612.19,1449.33,True,False
Emergent_abstraction_autonomy_a44037,Emergent_abstraction_appears_ce8722,0.8867096904507361,712.85,731.71,True,False
Emergent_abstraction_autonomy_a44037,Emergent_abstraction_autonomy_a1d776,0.8856657716460381,712.85,750.99,True,False
Emergent_abstraction_autonomy_a44037,Emergent_abstraction_beneficence_1063dd,0.8762794094359712,712.85,771.21,True,False
Emergent_abstraction_autonomy_a44037,Emergent_abstraction_carefully_437869,0.8809715718133364,712.85,771.5500000000001,True,False
Emergent_abstraction_autonomy_a44037,Emergent_abstraction_autonomy_c124af,0.8841197419233651,712.85,791.94,True,False
Emergent_abstraction_autonomy_a44037,Emergent_abstraction_constraint_53a6d5,0.8831511474290636,712.85,835.94,True,False
Emergent_abstraction_autonomy_a44037,Emergent_abstraction_contradiction_4b7670,0.8866950046715039,712.85,836.28,True,False
Emergent_abstraction_autonomy_a44037,Emergent_abstraction_emerges_10d365,0.8837479291654604,712.85,856.98,True,False
Emergent_abstraction_autonomy_a44037,Emergent_abstraction_contradiction_5c7672,0.8797871776473254,712.85,857.32,True,False
Emergent_abstraction_autonomy_a44037,Emergent_abstraction_bounded_77e339,0.8805625807113917,712.85,900.32,True,False
Emergent_abstraction_autonomy_a44037,Emergent_abstraction_bounded_410cf5,0.8851591873752236,712.85,937.83,True,False
Emergent_abstraction_autonomy_a44037,Emergent_abstraction_autonomy_37c4a5,0.8866680143264167,712.85,960.69,True,False
Emergent_abstraction_autonomy_a44037,Emergent_abstraction_autonomy_9d570d,0.8866737137740095,712.85,980.63,True,False
Emergent_abstraction_autonomy_a44037,Emergent_abstraction_coherence_97e8bf,0.8813379584814509,712.85,1022.86,True,False
Emergent_abstraction_autonomy_a44037,Emergent_abstraction_carefully_a0ed61,0.8847407968566401,712.85,1066.88,True,False
Emergent_abstraction_autonomy_a44037,Emergent_abstraction_belief_revision_657261,0.884818664012752,712.85,1087.51,True,False
Emergent_abstraction_autonomy_a44037,Emergent_abstraction_bounded_d78044,0.8878480897218586,712.85,1105.39,True,False
Emergent_abstraction_autonomy_a44037,Emergent_abstraction_beneficence_898daf,0.8878900607348907,712.85,1150.22,True,False
Emergent_abstraction_autonomy_a44037,Emergent_anticipation_awareness_bcd71d,0.8872968627119908,712.85,1169.13,True,False
Emergent_abstraction_autonomy_a44037,Emergent_abstraction_bounded_4cbc2f,0.8864494369649907,712.85,1192.6200000000001,True,False
Emergent_abstraction_autonomy_a44037,Emergent_abstraction_belief_revision_06a156,0.873088021310229,712.85,1238.3600000000001,True,False
Emergent_abstraction_autonomy_a44037,Emergent_abstraction_appears_601296,0.9259387331787035,712.85,1428.88,True,False
Emergent_abstraction_autonomy_a44037,Emergent_abstraction_appears_d52a74,0.9,712.85,1449.33,True,False
Emergent_abstraction_appears_ce8722,Emergent_abstraction_autonomy_a1d776,0.8856653367730614,731.71,750.99,True,False
Emergent_abstraction_appears_ce8722,Emergent_abstraction_beneficence_1063dd,0.8762794094359712,731.71,771.21,True,False
Emergent_abstraction_appears_ce8722,Emergent_abstraction_carefully_437869,0.8809715718133364,731.71,771.5500000000001,True,False
Emergent_abstraction_appears_ce8722,Emergent_abstraction_autonomy_c124af,0.8841197419233651,731.71,791.94,True,False
Emergent_abstraction_appears_ce8722,Emergent_abstraction_constraint_53a6d5,0.8831511474290636,731.71,835.94,True,False
Emergent_abstraction_appears_ce8722,Emergent_abstraction_contradiction_4b7670,0.7590694865854783,731.71,836.28,True,False
Emergent_abstraction_appears_ce8722,Emergent_abstraction_emerges_10d365,0.8837479291654604,731.71,856.98,True,False
Emergent_abstraction_appears_ce8722,Emergent_abstraction_contradiction_5c7672,0.8797871776473254,731.71,857.32,True,False
Emergent_abstraction_appears_ce8722,Emergent_abstraction_bounded_77e339,0.8805625807113917,731.71,900.32,True,False
Emergent_abstraction_appears_ce8722,Emergent_abstraction_bounded_410cf5,0.8851591873752236,731.71,937.83,True,False
Emergent_abstraction_appears_ce8722,Emergent_abstraction_autonomy_37c4a5,0.8866739093299802,731.71,960.69,True,False
Emergent_abstraction_appears_ce8722,Emergent_abstraction_autonomy_9d570d,0.7578397964030887,731.71,980.63,True,False
Emergent_abstraction_appears_ce8722,Emergent_abstraction_coherence_97e8bf,0.8813379584814509,731.71,1022.86,True,False
Emergent_abstraction_appears_ce8722,Emergent_abstraction_carefully_a0ed61,0.7528161319741942,731.71,1066.88,True,False
Emergent_abstraction_appears_ce8722,Emergent_abstraction_belief_revision_657261,0.7598852182161665,731.71,1087.51,True,False
Emergent_abstraction_appears_ce8722,Emergent_abstraction_bounded_d78044,0.7642237637235232,731.71,1105.39,True,False
Emergent_abstraction_appears_ce8722,Emergent_abstraction_beneficence_898daf,0.8884260214924338,731.71,1150.22,True,False
Emergent_abstraction_appears_ce8722,Emergent_anticipation_awareness_bcd71d,0.7541748533472877,731.71,1169.13,True,False
Emergent_abstraction_appears_ce8722,Emergent_abstraction_bounded_4cbc2f,0.7577604834431084,731.71,1192.6200000000001,True,False
Emergent_abstraction_appears_ce8722,Emergent_abstraction_belief_revision_06a156,0.7498946505627803,731.71,1238.3600000000001,True,False
Emergent_abstraction_appears_ce8722,Emergent_abstraction_appears_601296,0.3905341437290203,731.71,1428.88,True,False
Emergent_abstraction_appears_ce8722,Emergent_abstraction_appears_d52a74,0.9,731.71,1449.33,True,False
Emergent_abstraction_autonomy_a1d776,Emergent_abstraction_beneficence_1063dd,0.8762778176175794,750.99,771.21,True,False
Emergent_abstraction_autonomy_a1d776,Emergent_abstraction_carefully_437869,0.880969910056302,750.99,771.5500000000001,True,False
Emergent_abstraction_autonomy_a1d776,Emergent_abstraction_autonomy_c124af,0.8841197419233651,750.99,791.94,True,False
Emergent_abstraction_autonomy_a1d776,Emergent_abstraction_constraint_53a6d5,0.8831511474290636,750.99,835.94,True,False
Emergent_abstraction_autonomy_a1d776,Emergent_abstraction_contradiction_4b7670,0.8856635401173101,750.99,836.28,True,False
Emergent_abstraction_autonomy_a1d776,Emergent_abstraction_emerges_10d365,0.8837479291654604,750.99,856.98,True,False
Emergent_abstraction_autonomy_a1d776,Emergent_abstraction_contradiction_5c7672,0.8797871776473254,750.99,857.32,True,False
Emergent_abstraction_autonomy_a1d776,Emergent_abstraction_bounded_77e339,0.8805625807113917,750.99,900.32,True,False
Emergent_abstraction_autonomy_a1d776,Emergent_abstraction_bounded_410cf5,0.8851591873752236,750.99,937.83,True,False
Emergent_abstraction_autonomy_a1d776,Emergent_abstraction_autonomy_37c4a5,0.8856376399465891,750.99,960.69,True,False
Emergent_abstraction_autonomy_a1d776,Emergent_abstraction_autonomy_9d570d,0.8856433393941818,750.99,980.63,True,False
Emergent_abstraction_autonomy_a1d776,Emergent_abstraction_coherence_97e8bf,0.8813379584814509,750.99,1022.86,True,False
Emergent_abstraction_autonomy_a1d776,Emergent_abstraction_carefully_a0ed61,0.8837103978129324,750.99,1066.88,True,False
Emergent_abstraction_autonomy_a1d776,Emergent_abstraction_belief_revision_657261,0.883787030703028,750.99,1087.51,True,False
Emergent_abstraction_autonomy_a1d776,Emergent_abstraction_bounded_d78044,0.8868266424616338,750.99,1105.39,True,False
Emergent_abstraction_autonomy_a1d776,Emergent_abstraction_beneficence_898daf,0.8868876675211783,750.99,1150.22,True,False
Emergent_abstraction_autonomy_a1d776,Emergent_anticipation_awareness_bcd71d,0.8862944694982784,750.99,1169.13,True,False
Emergent_abstraction_autonomy_a1d776,Emergent_abstraction_bounded_4cbc2f,0.8854470437512785,750.99,1192.6200000000001,True,False
Emergent_abstraction_autonomy_a1d776,Emergent_abstraction_belief_revision_06a156,0.8718723203060181,750.99,1238.3600000000001,True,False
Emergent_abstraction_autonomy_a1d776,Emergent_abstraction_appears_601296,0.9259387331787035,750.99,1428.88,True,False
Emergent_abstraction_autonomy_a1d776,Emergent_abstraction_appears_d52a74,0.9,750.99,1449.33,True,False
Emergent_abstraction_beneficence_1063dd,Emergent_abstraction_carefully_437869,0.8762749068580682,771.21,771.5500000000001,True,False
Emergent_abstraction_beneficence_1063dd,Emergent_abstraction_autonomy_c124af,0.8762732010408096,771.21,791.94,True,False
Emergent_abstraction_beneficence_1063dd,Emergent_abstraction_constraint_53a6d5,0.8762600104003806,771.21,835.94,True,False
Emergent_abstraction_beneficence_1063dd,Emergent_abstraction_contradiction_4b7670,0.8762611958749733,771.21,836.28,True,False
Emergent_abstraction_beneficence_1063dd,Emergent_abstraction_emerges_10d365,0.8762799107618975,771.21,856.98,True,False
Emergent_abstraction_beneficence_1063dd,Emergent_abstraction_contradiction_5c7672,0.8762798899350246,771.21,857.32,True,False
Emergent_abstraction_beneficence_1063dd,Emergent_abstraction_bounded_77e339,0.876325791842157,771.21,900.32,True,False
Emergent_abstraction_beneficence_1063dd,Emergent_abstraction_bounded_410cf5,0.876285097786345,771.21,937.83,True,False
Emergent_abstraction_beneficence_1063dd,Emergent_abstraction_autonomy_37c4a5,0.8762452016531961,771.21,960.69,True,False
Emergent_abstraction_beneficence_1063dd,Emergent_abstraction_autonomy_9d570d,0.8762509011007888,771.21,980.63,True,False
Emergent_abstraction_beneficence_1063dd,Emergent_abstraction_coherence_97e8bf,0.8762020486928517,771.21,1022.86,True,False
Emergent_abstraction_beneficence_1063dd,Emergent_abstraction_carefully_a0ed61,0.8743476016968559,771.21,1066.88,True,False
Emergent_abstraction_beneficence_1063dd,Emergent_abstraction_belief_revision_657261,0.8744130193387063,771.21,1087.51,True,False
Emergent_abstraction_beneficence_1063dd,Emergent_abstraction_bounded_d78044,0.877545187379535,771.21,1105.39,True,False
Emergent_abstraction_beneficence_1063dd,Emergent_abstraction_beneficence_898daf,0.8777793484234069,771.21,1150.22,True,False
Emergent_abstraction_beneficence_1063dd,Emergent_anticipation_awareness_bcd71d,0.877186150400507,771.21,1169.13,True,False
Emergent_abstraction_beneficence_1063dd,Emergent_abstraction_bounded_4cbc2f,0.8763387246535068,771.21,1192.6200000000001,True,False
Emergent_abstraction_beneficence_1063dd,Emergent_abstraction_belief_revision_06a156,0.8608257644012511,771.21,1238.3600000000001,True,False
Emergent_abstraction_beneficence_1063dd,Emergent_abstraction_appears_601296,0.9259387331787035,771.21,1428.88,True,False
Emergent_abstraction_beneficence_1063dd,Emergent_abstraction_appears_d52a74,0.9,771.21,1449.33,True,False
Emergent_abstraction_carefully_437869,Emergent_abstraction_autonomy_c124af,0.8809648295277233,771.5500000000001,791.94,True,False
Emergent_abstraction_carefully_437869,Emergent_abstraction_constraint_53a6d5,0.8809522966931191,771.5500000000001,835.94,True,False
Emergent_abstraction_carefully_437869,Emergent_abstraction_contradiction_4b7670,0.8809535342531032,771.5500000000001,836.28,True,False
Emergent_abstraction_carefully_437869,Emergent_abstraction_emerges_10d365,0.8809680209786925,771.5500000000001,856.98,True,False
Emergent_abstraction_carefully_437869,Emergent_abstraction_contradiction_5c7672,0.8797871776473254,771.5500000000001,857.32,True,False
Emergent_abstraction_carefully_437869,Emergent_abstraction_bounded_77e339,0.8805625807113917,771.5500000000001,900.32,True,False
Emergent_abstraction_carefully_437869,Emergent_abstraction_bounded_410cf5,0.8809724924968954,771.5500000000001,937.83,True,False
Emergent_abstraction_carefully_437869,Emergent_abstraction_autonomy_37c4a5,0.8809325963637467,771.5500000000001,960.69,True,False
Emergent_abstraction_carefully_437869,Emergent_abstraction_autonomy_9d570d,0.8809382958113392,771.5500000000001,980.63,True,False
Emergent_abstraction_carefully_437869,Emergent_abstraction_coherence_97e8bf,0.880889443403402,771.5500000000001,1022.86,True,False
Emergent_abstraction_carefully_437869,Emergent_abstraction_carefully_a0ed61,0.8790202031683325,771.5500000000001,1066.88,True,False
Emergent_abstraction_carefully_437869,Emergent_abstraction_belief_revision_657261,0.8790912178972925,771.5500000000001,1087.51,True,False
Emergent_abstraction_carefully_437869,Emergent_abstraction_bounded_d78044,0.8821771947560058,771.5500000000001,1105.39,True,False
Emergent_abstraction_carefully_437869,Emergent_abstraction_beneficence_898daf,0.8823249504734021,771.5500000000001,1150.22,True,False
Emergent_abstraction_carefully_437869,Emergent_anticipation_awareness_bcd71d,0.8817317524505022,771.5500000000001,1169.13,True,False
Emergent_abstraction_carefully_437869,Emergent_abstraction_bounded_4cbc2f,0.880884326703502,771.5500000000001,1192.6200000000001,True,False
Emergent_abstraction_carefully_437869,Emergent_abstraction_belief_revision_06a156,0.866338663831661,771.5500000000001,1238.3600000000001,True,False
Emergent_abstraction_carefully_437869,Emergent_abstraction_appears_601296,0.9259387331787035,771.5500000000001,1428.88,True,False
Emergent_abstraction_carefully_437869,Emergent_abstraction_appears_d52a74,0.9,771.5500000000001,1449.33,True,False
Emergent_abstraction_autonomy_c124af,Emergent_abstraction_constraint_53a6d5,0.8831511474290636,791.94,835.94,True,False
Emergent_abstraction_autonomy_c124af,Emergent_abstraction_contradiction_4b7670,0.8841089240191515,791.94,836.28,True,False
Emergent_abstraction_autonomy_c124af,Emergent_abstraction_emerges_10d365,0.8837479291654604,791.94,856.98,True,False
Emergent_abstraction_autonomy_c124af,Emergent_abstraction_contradiction_5c7672,0.8797871776473254,791.94,857.32,True,False
Emergent_abstraction_autonomy_c124af,Emergent_abstraction_bounded_77e339,0.8805625807113917,791.94,900.32,True,False
Emergent_abstraction_autonomy_c124af,Emergent_abstraction_bounded_410cf5,0.8841245578654195,791.94,937.83,True,False
Emergent_abstraction_autonomy_c124af,Emergent_abstraction_autonomy_37c4a5,0.8840846617322708,791.94,960.69,True,False
Emergent_abstraction_autonomy_c124af,Emergent_abstraction_autonomy_9d570d,0.8840903611798634,791.94,980.63,True,False
Emergent_abstraction_autonomy_c124af,Emergent_abstraction_coherence_97e8bf,0.8813379584814509,791.94,1022.86,True,False
Emergent_abstraction_autonomy_c124af,Emergent_abstraction_carefully_a0ed61,0.882162320738676,791.94,1066.88,True,False
Emergent_abstraction_autonomy_c124af,Emergent_abstraction_belief_revision_657261,0.8822370992608588,791.94,1087.51,True,False
Emergent_abstraction_autonomy_c124af,Emergent_abstraction_bounded_d78044,0.8852920145951073,791.94,1105.39,True,False
Emergent_abstraction_autonomy_c124af,Emergent_abstraction_beneficence_898daf,0.8853816665567804,791.94,1150.22,True,False
Emergent_abstraction_autonomy_c124af,Emergent_anticipation_awareness_bcd71d,0.8847884685338805,791.94,1169.13,True,False
Emergent_abstraction_autonomy_c124af,Emergent_abstraction_bounded_4cbc2f,0.8839410427868803,791.94,1192.6200000000001,True,False
Emergent_abstraction_autonomy_c124af,Emergent_abstraction_belief_revision_06a156,0.8700458445680388,791.94,1238.3600000000001,True,False
Emergent_abstraction_autonomy_c124af,Emergent_abstraction_appears_601296,0.9259387331787035,791.94,1428.88,True,False
Emergent_abstraction_autonomy_c124af,Emergent_abstraction_appears_d52a74,0.9,791.94,1449.33,True,False
Emergent_abstraction_constraint_53a6d5,Emergent_abstraction_contradiction_4b7670,0.8831384447274515,835.94,836.28,True,False
Emergent_abstraction_constraint_53a6d5,Emergent_abstraction_emerges_10d365,0.8831649147650629,835.94,856.98,True,False
Emergent_abstraction_constraint_53a6d5,Emergent_abstraction_contradiction_5c7672,0.8797871776473254,835.94,857.32,True,False
Emergent_abstraction_constraint_53a6d5,Emergent_abstraction_bounded_77e339,0.8805625807113917,835.94,900.32,True,False
Emergent_abstraction_constraint_53a6d5,Emergent_abstraction_bounded_410cf5,0.88316905099012,835.94,937.83,True,False
Emergent_abstraction_constraint_53a6d5,Emergent_abstraction_autonomy_37c4a5,0.8831291548569711,835.94,960.69,True,False
Emergent_abstraction_constraint_53a6d5,Emergent_abstraction_autonomy_9d570d,0.8831348543045638,835.94,980.63,True,False
Emergent_abstraction_constraint_53a6d5,Emergent_abstraction_coherence_97e8bf,0.8813379584814509,835.94,1022.86,True,False
Emergent_abstraction_constraint_53a6d5,Emergent_abstraction_carefully_a0ed61,0.8812098294066613,835.94,1066.88,True,False
Emergent_abstraction_constraint_53a6d5,Emergent_abstraction_belief_revision_657261,0.8812834669847704,835.94,1087.51,True,False
Emergent_abstraction_constraint_53a6d5,Emergent_abstraction_bounded_d78044,0.8843477982088288,835.94,1105.39,True,False
Emergent_abstraction_constraint_53a6d5,Emergent_abstraction_beneficence_898daf,0.8844550635546116,835.94,1150.22,True,False
Emergent_abstraction_constraint_53a6d5,Emergent_anticipation_awareness_bcd71d,0.8838618655317114,835.94,1169.13,True,False
Emergent_abstraction_constraint_53a6d5,Emergent_abstraction_bounded_4cbc2f,0.8830144397847115,835.94,1192.6200000000001,True,False
Emergent_abstraction_constraint_53a6d5,Emergent_abstraction_belief_revision_06a156,0.8689220618200795,835.94,1238.3600000000001,True,False
Emergent_abstraction_constraint_53a6d5,Emergent_abstraction_appears_601296,0.9259387331787035,835.94,1428.88,True,False
Emergent_abstraction_constraint_53a6d5,Emergent_abstraction_appears_d52a74,0.9,835.94,1449.33,True,False
Emergent_abstraction_contradiction_4b7670,Emergent_abstraction_emerges_10d365,0.8837479291654604,836.28,856.98,True,False
Emergent_abstraction_contradiction_4b7670,Emergent_abstraction_contradiction_5c7672,0.8797871776473254,836.28,857.32,True,False
Emergent_abstraction_contradiction_4b7670,Emergent_abstraction_bounded_77e339,0.8805625807113917,836.28,900.32,True,False
Emergent_abstraction_contradiction_4b7670,Emergent_abstraction_bounded_410cf5,0.8851591873752236,836.28,937.83,True,False
Emergent_abstraction_contradiction_4b7670,Emergent_abstraction_autonomy_37c4a5,0.8866739093299802,836.28,960.69,True,False
Emergent_abstraction_contradiction_4b7670,Emergent_abstraction_autonomy_9d570d,0.7578397964030887,836.28,980.63,True,False
Emergent_abstraction_contradiction_4b7670,Emergent_abstraction_coherence_97e8bf,0.8813379584814509,836.28,1022.86,True,False
Emergent_abstraction_contradiction_4b7670,Emergent_abstraction_carefully_a0ed61,0.7528161319741942,836.28,1066.88,True,False
Emergent_abstraction_contradiction_4b7670,Emergent_abstraction_belief_revision_657261,0.7577692478394111,836.28,1087.51,True,False
Emergent_abstraction_contradiction_4b7670,Emergent_abstraction_bounded_d78044,0.7598460596436736,836.28,1105.39,True,False
Emergent_abstraction_contradiction_4b7670,Emergent_abstraction_beneficence_898daf,0.8884260214924338,836.28,1150.22,True,False
Emergent_abstraction_contradiction_4b7670,Emergent_anticipation_awareness_bcd71d,0.7541748533472877,836.28,1169.13,True,False
Emergent_abstraction_contradiction_4b7670,Emergent_abstraction_bounded_4cbc2f,0.7577604834431084,836.28,1192.6200000000001,True,False
Emergent_abstraction_contradiction_4b7670,Emergent_abstraction_belief_revision_06a156,0.7498946505627803,836.28,1238.3600000000001,True,False
Emergent_abstraction_contradiction_4b7670,Emergent_abstraction_appears_601296,0.3905341437290203,836.28,1428.88,True,False
Emergent_abstraction_contradiction_4b7670,Emergent_abstraction_appears_d52a74,0.9,836.28,1449.33,True,False
Emergent_abstraction_emerges_10d365,Emergent_abstraction_contradiction_5c7672,0.8797667390128308,856.98,857.32,True,False
Emergent_abstraction_emerges_10d365,Emergent_abstraction_bounded_77e339,0.8805625807113917,856.98,900.32,True,False
Emergent_abstraction_emerges_10d365,Emergent_abstraction_bounded_410cf5,0.8837519764100061,856.98,937.83,True,False
Emergent_abstraction_emerges_10d365,Emergent_abstraction_autonomy_37c4a5,0.8837120802768577,856.98,960.69,True,False
Emergent_abstraction_emerges_10d365,Emergent_abstraction_autonomy_9d570d,0.8837177797244502,856.98,980.63,True,False
Emergent_abstraction_emerges_10d365,Emergent_abstraction_coherence_97e8bf,0.8813379584814509,856.98,1022.86,True,False
Emergent_abstraction_emerges_10d365,Emergent_abstraction_carefully_a0ed61,0.8817909151361372,856.98,1066.88,True,False
Emergent_abstraction_emerges_10d365,Emergent_abstraction_belief_revision_657261,0.8818652487692098,856.98,1087.51,True,False
Emergent_abstraction_emerges_10d365,Emergent_abstraction_bounded_d78044,0.884923835647871,856.98,1105.39,True,False
Emergent_abstraction_emerges_10d365,Emergent_abstraction_beneficence_898daf,0.8850203556085676,856.98,1150.22,True,False
Emergent_abstraction_emerges_10d365,Emergent_anticipation_awareness_bcd71d,0.8844271575856675,856.98,1169.13,True,False
Emergent_abstraction_emerges_10d365,Emergent_abstraction_bounded_4cbc2f,0.8835797318386676,856.98,1192.6200000000001,True,False
Emergent_abstraction_emerges_10d365,Emergent_abstraction_belief_revision_06a156,0.8696076471854488,856.98,1238.3600000000001,True,False
Emergent_abstraction_emerges_10d365,Emergent_abstraction_appears_601296,0.9259387331787035,856.98,1428.88,True,False
Emergent_abstraction_emerges_10d365,Emergent_abstraction_appears_d52a74,0.9,856.98,1449.33,True,False
Emergent_abstraction_contradiction_5c7672,Emergent_abstraction_bounded_77e339,0.8798325449515434,857.32,900.32,True,False
Emergent_abstraction_contradiction_5c7672,Emergent_abstraction_bounded_410cf5,0.8797918508957319,857.32,937.83,True,False
Emergent_abstraction_contradiction_5c7672,Emergent_abstraction_autonomy_37c4a5,0.8797519547625829,857.32,960.69,True,False
Emergent_abstraction_contradiction_5c7672,Emergent_abstraction_autonomy_9d570d,0.8797576542101755,857.32,980.63,True,False
Emergent_abstraction_contradiction_5c7672,Emergent_abstraction_coherence_97e8bf,0.8797088018022383,857.32,1022.86,True,False
Emergent_abstraction_contradiction_5c7672,Emergent_abstraction_carefully_a0ed61,0.8778432876270688,857.32,1066.88,True,False
Emergent_abstraction_contradiction_5c7672,Emergent_abstraction_belief_revision_657261,0.8779128925848669,857.32,1087.51,True,False
Emergent_abstraction_contradiction_5c7672,Emergent_abstraction_bounded_d78044,0.8810105038875689,857.32,1105.39,True,False
Emergent_abstraction_contradiction_5c7672,Emergent_abstraction_beneficence_898daf,0.8811800230213827,857.32,1150.22,True,False
Emergent_abstraction_contradiction_5c7672,Emergent_anticipation_awareness_bcd71d,0.8805868249984827,857.32,1169.13,True,False
Emergent_abstraction_contradiction_5c7672,Emergent_abstraction_bounded_4cbc2f,0.8797393992514826,857.32,1192.6200000000001,True,False
Emergent_abstraction_contradiction_5c7672,Emergent_abstraction_belief_revision_06a156,0.8649500975144435,857.32,1238.3600000000001,True,False
Emergent_abstraction_contradiction_5c7672,Emergent_abstraction_appears_601296,0.9259387331787035,857.32,1428.88,True,False
Emergent_abstraction_contradiction_5c7672,Emergent_abstraction_appears_d52a74,0.9,857.32,1449.33,True,False
Emergent_abstraction_bounded_77e339,Emergent_abstraction_bounded_410cf5,0.8805218866555802,900.32,937.83,True,False
Emergent_abstraction_bounded_77e339,Emergent_abstraction_autonomy_37c4a5,0.8804819905224313,900.32,960.69,True,False
Emergent_abstraction_bounded_77e339,Emergent_abstraction_autonomy_9d570d,0.8804876899700238,900.32,980.63,True,False
Emergent_abstraction_bounded_77e339,Emergent_abstraction_coherence_97e8bf,0.8804388375620866,900.32,1022.86,True,False
Emergent_abstraction_bounded_77e339,Emergent_abstraction_carefully_a0ed61,0.8785710194218801,900.32,1066.88,True,False
Emergent_abstraction_bounded_77e339,Emergent_abstraction_belief_revision_657261,0.87864149609499,900.32,1087.51,True,False
Emergent_abstraction_bounded_77e339,Emergent_abstraction_bounded_d78044,0.8817319133769583,900.32,1105.39,True,False
Emergent_abstraction_bounded_77e339,Emergent_abstraction_beneficence_898daf,0.881887975359825,900.32,1150.22,True,False
Emergent_abstraction_bounded_77e339,Emergent_anticipation_awareness_bcd71d,0.8812947773369251,900.32,1169.13,True,False
Emergent_abstraction_bounded_77e339,Emergent_abstraction_bounded_4cbc2f,0.8804473515899252,900.32,1192.6200000000001,True,False
Emergent_abstraction_bounded_77e339,Emergent_abstraction_belief_revision_06a156,0.865808701061439,900.32,1238.3600000000001,True,False
Emergent_abstraction_bounded_77e339,Emergent_abstraction_appears_601296,0.9259387331787035,900.32,1428.88,True,False
Emergent_abstraction_bounded_77e339,Emergent_abstraction_appears_d52a74,0.9,900.32,1449.33,True,False
Emergent_abstraction_bounded_410cf5,Emergent_abstraction_autonomy_37c4a5,0.8851192912420749,937.83,960.69,True,False
Emergent_abstraction_bounded_410cf5,Emergent_abstraction_autonomy_9d570d,0.8851249906896674,937.83,980.63,True,False
Emergent_abstraction_bounded_410cf5,Emergent_abstraction_coherence_97e8bf,0.8813379584814509,937.83,1022.86,True,False
Emergent_abstraction_bounded_410cf5,Emergent_abstraction_carefully_a0ed61,0.8831936849971758,937.83,1066.88,True,False
Emergent_abstraction_bounded_410cf5,Emergent_abstraction_belief_revision_657261,0.88326969894156,937.83,1087.51,True,False
Emergent_abstraction_bounded_410cf5,Emergent_abstraction_bounded_d78044,0.886314418684641,937.83,1105.39,True,False
Emergent_abstraction_bounded_410cf5,Emergent_abstraction_beneficence_898daf,0.8863849987511365,937.83,1150.22,True,False
Emergent_abstraction_bounded_410cf5,Emergent_anticipation_awareness_bcd71d,0.8857918007282366,937.83,1169.13,True,False
Emergent_abstraction_bounded_410cf5,Emergent_abstraction_bounded_4cbc2f,0.8849443749812365,937.83,1192.6200000000001,True,False
Emergent_abstraction_bounded_410cf5,Emergent_abstraction_belief_revision_06a156,0.8712626843665827,937.83,1238.3600000000001,True,False
Emergent_abstraction_bounded_410cf5,Emergent_abstraction_appears_601296,0.9259387331787035,937.83,1428.88,True,False
Emergent_abstraction_bounded_410cf5,Emergent_abstraction_appears_d52a74,0.9,937.83,1449.33,True,False
Emergent_abstraction_autonomy_37c4a5,Emergent_abstraction_autonomy_9d570d,0.8865599203781267,960.69,980.63,True,False
Emergent_abstraction_autonomy_37c4a5,Emergent_abstraction_coherence_97e8bf,0.8813379584814509,960.69,1022.86,True,False
Emergent_abstraction_autonomy_37c4a5,Emergent_abstraction_carefully_a0ed61,0.8847467086511065,960.69,1066.88,True,False
Emergent_abstraction_autonomy_37c4a5,Emergent_abstraction_belief_revision_657261,0.884824582888676,960.69,1087.51,True,False
Emergent_abstraction_autonomy_37c4a5,Emergent_abstraction_bounded_d78044,0.8878539501565101,960.69,1105.39,True,False
Emergent_abstraction_autonomy_37c4a5,Emergent_abstraction_beneficence_898daf,0.8878958118491702,960.69,1150.22,True,False
Emergent_abstraction_autonomy_37c4a5,Emergent_anticipation_awareness_bcd71d,0.8873026138262703,960.69,1169.13,True,False
Emergent_abstraction_autonomy_37c4a5,Emergent_abstraction_bounded_4cbc2f,0.8864551880792704,960.69,1192.6200000000001,True,False
Emergent_abstraction_autonomy_37c4a5,Emergent_abstraction_belief_revision_06a156,0.8730949962531052,960.69,1238.3600000000001,True,False
Emergent_abstraction_autonomy_37c4a5,Emergent_abstraction_appears_601296,0.9259387331787035,960.69,1428.88,True,False
Emergent_abstraction_autonomy_37c4a5,Emergent_abstraction_appears_d52a74,0.9,960.69,1449.33,True,False
Emergent_abstraction_autonomy_9d570d,Emergent_abstraction_coherence_97e8bf,0.8813379584814509,980.63,1022.86,True,False
Emergent_abstraction_autonomy_9d570d,Emergent_abstraction_carefully_a0ed61,0.7528161319741942,980.63,1066.88,True,False
Emergent_abstraction_autonomy_9d570d,Emergent_abstraction_belief_revision_657261,0.7565559060051223,980.63,1087.51,True,False
Emergent_abstraction_autonomy_9d570d,Emergent_abstraction_bounded_d78044,0.7586406533610563,980.63,1105.39,True,False
Emergent_abstraction_autonomy_9d570d,Emergent_abstraction_beneficence_898daf,0.8884260214924338,980.63,1150.22,True,False
Emergent_abstraction_autonomy_9d570d,Emergent_anticipation_awareness_bcd71d,0.7541748533472877,980.63,1169.13,True,False
Emergent_abstraction_autonomy_9d570d,Emergent_abstraction_bounded_4cbc2f,0.7575945341446879,980.63,1192.6200000000001,True,False
Emergent_abstraction_autonomy_9d570d,Emergent_abstraction_belief_revision_06a156,0.7489922975294148,980.63,1238.3600000000001,True,False
Emergent_abstraction_autonomy_9d570d,Emergent_abstraction_appears_601296,0.3905341437290203,980.63,1428.88,True,False
Emergent_abstraction_autonomy_9d570d,Emergent_abstraction_appears_d52a74,0.9,980.63,1449.33,True,False
Emergent_abstraction_coherence_97e8bf,Emergent_abstraction_carefully_a0ed61,0.8794673027498876,1022.86,1066.88,True,False
Emergent_abstraction_coherence_97e8bf,Emergent_abstraction_belief_revision_657261,0.8795388530381758,1022.86,1087.51,True,False
Emergent_abstraction_coherence_97e8bf,Emergent_abstraction_bounded_d78044,0.8826204100767265,1022.86,1105.39,True,False
Emergent_abstraction_coherence_97e8bf,Emergent_abstraction_beneficence_898daf,0.8827598980688423,1022.86,1150.22,True,False
Emergent_abstraction_coherence_97e8bf,Emergent_anticipation_awareness_bcd71d,0.8821667000459423,1022.86,1169.13,True,False
Emergent_abstraction_coherence_97e8bf,Emergent_abstraction_bounded_4cbc2f,0.8813192742989424,1022.86,1192.6200000000001,True,False
Emergent_abstraction_coherence_97e8bf,Emergent_abstraction_belief_revision_06a156,0.8668661676308911,1022.86,1238.3600000000001,True,False
Emergent_abstraction_coherence_97e8bf,Emergent_abstraction_appears_601296,0.9259387331787035,1022.86,1428.88,True,False
Emergent_abstraction_coherence_97e8bf,Emergent_abstraction_appears_d52a74,0.9,1022.86,1449.33,True,False
Emergent_abstraction_carefully_a0ed61,Emergent_abstraction_belief_revision_657261,0.7526604726859261,1066.88,1087.51,True,False
Emergent_abstraction_carefully_a0ed61,Emergent_abstraction_bounded_d78044,0.7548591567669172,1066.88,1105.39,True,False
Emergent_abstraction_carefully_a0ed61,Emergent_abstraction_beneficence_898daf,0.8884260214924338,1066.88,1150.22,True,False
Emergent_abstraction_carefully_a0ed61,Emergent_anticipation_awareness_bcd71d,0.7541748533472877,1066.88,1169.13,True,False
Emergent_abstraction_carefully_a0ed61,Emergent_abstraction_bounded_4cbc2f,0.7539798538673363,1066.88,1192.6200000000001,True,False
Emergent_abstraction_carefully_a0ed61,Emergent_abstraction_belief_revision_06a156,0.7448730768797678,1066.88,1238.3600000000001,True,False
Emergent_abstraction_carefully_a0ed61,Emergent_abstraction_appears_601296,0.3879153774796724,1066.88,1428.88,True,False
Emergent_abstraction_carefully_a0ed61,Emergent_abstraction_appears_d52a74,0.9,1066.88,1449.33,True,False
Emergent_abstraction_belief_revision_657261,Emergent_abstraction_bounded_d78044,0.7616818393311335,1087.51,1105.39,True,False
Emergent_abstraction_belief_revision_657261,Emergent_abstraction_beneficence_898daf,0.8884260214924338,1087.51,1150.22,True,False
Emergent_abstraction_belief_revision_657261,Emergent_anticipation_awareness_bcd71d,0.7541748533472877,1087.51,1169.13,True,False
Emergent_abstraction_belief_revision_657261,Emergent_abstraction_bounded_4cbc2f,0.7577604834431084,1087.51,1192.6200000000001,True,False
Emergent_abstraction_belief_revision_657261,Emergent_abstraction_belief_revision_06a156,0.7498946505627803,1087.51,1238.3600000000001,True,False
Emergent_abstraction_belief_revision_657261,Emergent_abstraction_appears_601296,0.3905341437290203,1087.51,1428.88,True,False
Emergent_abstraction_belief_revision_657261,Emergent_abstraction_appears_d52a74,0.9,1087.51,1449.33,True,False
Emergent_abstraction_bounded_d78044,Emergent_abstraction_beneficence_898daf,0.8884260214924338,1105.39,1150.22,True,False
Emergent_abstraction_bounded_d78044,Emergent_anticipation_awareness_bcd71d,0.7541748533472877,1105.39,1169.13,True,False
Emergent_abstraction_bounded_d78044,Emergent_abstraction_bounded_4cbc2f,0.7577604834431084,1105.39,1192.6200000000001,True,False
Emergent_abstraction_bounded_d78044,Emergent_abstraction_belief_revision_06a156,0.7498946505627803,1105.39,1238.3600000000001,True,False
Emergent_abstraction_bounded_d78044,Emergent_abstraction_appears_601296,0.3905341437290203,1105.39,1428.88,True,False
Emergent_abstraction_bounded_d78044,Emergent_abstraction_appears_d52a74,0.9,1105.39,1449.33,True,False
Emergent_abstraction_beneficence_898daf,Emergent_anticipation_awareness_bcd71d,0.8878328234695338,1150.22,1169.13,True,False
Emergent_abstraction_beneficence_898daf,Emergent_abstraction_bounded_4cbc2f,0.8869853977225339,1150.22,1192.6200000000001,True,False
Emergent_abstraction_beneficence_898daf,Emergent_abstraction_belief_revision_06a156,0.8737380337227729,1150.22,1238.3600000000001,True,False
Emergent_abstraction_beneficence_898daf,Emergent_abstraction_appears_601296,0.9259387331787035,1150.22,1428.88,True,False
Emergent_abstraction_beneficence_898daf,Emergent_abstraction_appears_d52a74,0.9,1150.22,1449.33,True,False
Emergent_anticipation_awareness_bcd71d,Emergent_abstraction_bounded_4cbc2f,0.7535816553243877,1169.13,1192.6200000000001,True,False
Emergent_anticipation_awareness_bcd71d,Emergent_abstraction_belief_revision_06a156,0.7444192974207515,1169.13,1238.3600000000001,True,False
Emergent_anticipation_awareness_bcd71d,Emergent_abstraction_appears_601296,0.3875587274229709,1169.13,1428.88,True,False
Emergent_anticipation_awareness_bcd71d,Emergent_abstraction_appears_d52a74,0.9,1169.13,1449.33,True,False
Emergent_abstraction_bounded_4cbc2f,Emergent_abstraction_belief_revision_06a156,0.7491814101823737,1192.6200000000001,1238.3600000000001,True,False
Emergent_abstraction_bounded_4cbc2f,Emergent_abstraction_appears_601296,0.3905341437290203,1192.6200000000001,1428.88,True,False
Emergent_abstraction_bounded_4cbc2f,Emergent_abstraction_appears_d52a74,0.9,1192.6200000000001,1449.33,True,False
Emergent_abstraction_belief_revision_06a156,Emergent_abstraction_appears_601296,0.3905341437290203,1238.3600000000001,1428.88,True,False
Emergent_abstraction_belief_revision_06a156,Emergent_abstraction_appears_d52a74,0.9,1238.3600000000001,1449.33,True,False
Emergent_abstraction_appears_601296,Emergent_abstraction_appears_d52a74,0.8259387331787035,1428.88,1449.33,True,False
