source,target,weight,src_ts,dst_ts,is_older_to_newer,is_newer_to_older
Emergent_autonomy_consciousness_fd14b8,Emergent_autonomy_contradiction_77a95c,0.9083582161017956,190007.86,190016.77,True,False
Emergent_autonomy_consciousness_fd14b8,Emergent_attention_awareness_468e25,0.9070863384111321,190007.86,190025.47,True,False
Emergent_autonomy_consciousness_fd14b8,Emergent_continuity_contradiction_5d123e,0.9119793313931226,190007.86,190034.55,True,False
Emergent_autonomy_consciousness_fd14b8,Emergent_autonomy_chaos_5f1756,0.908951588352559,190007.86,190045.14,True,False
Emergent_autonomy_consciousness_fd14b8,Emergent_autonomy_chaos_27df09,0.9119793314047417,190007.86,190045.48,True,False
Emergent_autonomy_consciousness_fd14b8,Emergent_anticipation_carefully_d4dc77,0.9119793313857969,190007.86,190059.81,True,False
Emergent_autonomy_consciousness_fd14b8,Emergent_abstraction_analogy_d695f8,0.9115131605627758,190007.86,190070.85,True,False
Emergent_autonomy_consciousness_fd14b8,Emergent_abstraction_ambiguity_a83b10,0.9119793314892017,190007.86,190083.12,True,False
Emergent_autonomy_consciousness_fd14b8,Emergent_belief_revision_bounded_6c1d78,0.9119793307729693,190007.86,190097.89,True,False
Emergent_autonomy_consciousness_fd14b8,Emergent_belief_revision_bounded_92cc1a,0.9102978181161647,190007.86,190098.23,True,False
Emergent_autonomy_consciousness_fd14b8,Emergent_bounded_contradiction_d8e7d7,0.9066135611353805,190007.86,190111.3,True,False
Emergent_autonomy_consciousness_fd14b8,Emergent_abstraction_autonomy_37c4a5,0.9084336182882655,190007.86,190127.25,True,False
Emergent_autonomy_consciousness_fd14b8,Emergent_inner_observer_memory_79427d,0.9119793313426845,190007.86,190139.81,True,False
Emergent_autonomy_consciousness_fd14b8,Emergent_carefully_clarity_28ad8a,0.907356690189774,190007.86,190152.4,True,False
Emergent_autonomy_consciousness_fd14b8,Emergent_bounded_inner_observer_8eb4e9,0.9083328392905865,190007.86,190164.1,True,False
Emergent_autonomy_consciousness_fd14b8,Emergent_bounded_clarity_c1b4b0,0.9092681946967387,190007.86,190177.3,True,False
Emergent_autonomy_consciousness_fd14b8,Emergent_belief_revision_bounded_edaf3d,0.9094208909069041,190007.86,190193.38,True,False
Emergent_autonomy_consciousness_fd14b8,Emergent_appears_asymmetry_8ccc17,0.904816677365214,190007.86,190208.88,True,False
Emergent_autonomy_consciousness_fd14b8,Emergent_appears_asymmetry_b0db07,0.9119793311175253,190007.86,190209.22,True,False
Emergent_autonomy_consciousness_fd14b8,Emergent_appears_asymmetry_8dba4c,0.9089344391060965,190007.86,190225.73,True,False
Emergent_autonomy_consciousness_fd14b8,Emergent_autonomy_clarity_dc06c1,0.9114115171549602,190007.86,190241.74,True,False
Emergent_autonomy_consciousness_fd14b8,Emergent_anticipation_appears_dac47e,0.9119793310361388,190007.86,190257.48,True,False
Emergent_autonomy_consciousness_fd14b8,Emergent_abstraction_ambiguity_5c1c4f,0.9090852586212836,190007.86,190273.09,True,False
Emergent_autonomy_consciousness_fd14b8,Emergent_abstraction_ambiguity_353967,0.9054002220374546,190007.86,190305.24,True,False
Emergent_autonomy_consciousness_fd14b8,Emergent_autonomy_consciousness_3a32d4,0.9112766790522868,190007.86,190321.02,True,False
Emergent_autonomy_consciousness_fd14b8,Emergent_autonomy_belief_revision_b856db,0.90981437510893,190007.86,190337.5,True,False
Emergent_autonomy_consciousness_fd14b8,Emergent_consciousness_contradiction_9e434e,0.9096166929066869,190007.86,190354.47,True,False
Emergent_autonomy_consciousness_fd14b8,Emergent_autonomy_collective_0e3ed5,0.9119793609750029,190007.86,190371.53,True,False
Emergent_autonomy_consciousness_fd14b8,Emergent_attention_autonomy_1e79bf,0.9096611804254844,190007.86,190388.59,True,False
Emergent_autonomy_consciousness_fd14b8,Emergent_collective_consciousness_f6f1a0,0.911979345376329,190007.86,190403.46,True,False
Emergent_autonomy_consciousness_fd14b8,Emergent_carefully_clarity_0d7a6f,0.9073370553884537,190007.86,190418.76,True,False
Emergent_autonomy_consciousness_fd14b8,Emergent_autonomy_collective_4a8f61,0.9098428561633003,190007.86,190453.62,True,False
Emergent_autonomy_consciousness_fd14b8,Emergent_consciousness_constraint_80c25f,0.9085467304580748,190007.86,190469.23,True,False
Emergent_autonomy_consciousness_fd14b8,Emergent_clarity_energy_08bc8c,0.9072203908114207,190007.86,190486.72,True,False
Emergent_autonomy_consciousness_fd14b8,Emergent_appears_asymmetry_9e9e75,0.9119792117387131,190007.86,190505.1,True,False
Emergent_autonomy_consciousness_fd14b8,Emergent_constraint_contradiction_8d2c9c,0.9119787081523547,190007.86,190537.76,True,False
Emergent_autonomy_consciousness_fd14b8,Emergent_coherence_constraint_b926a8,0.9099635564588231,190007.86,190538.1,True,False
Emergent_autonomy_consciousness_fd14b8,Emergent_abstraction_clarity_81ead3,0.9110401958731507,190007.86,190556.64,True,False
Emergent_autonomy_consciousness_fd14b8,Emergent_abstraction_autonomy_9d570d,0.9110066074925838,190007.86,190556.98,True,False
Emergent_autonomy_consciousness_fd14b8,Emergent_bounded_coherence_717f45,0.9081203673873761,190007.86,190573.63,True,False
Emergent_autonomy_consciousness_fd14b8,Emergent_bounded_increases_8c621b,0.9082656254739485,190007.86,190573.97,True,False
Emergent_autonomy_consciousness_fd14b8,Emergent_anticipation_autonomy_eda74a,0.9116097949411557,190007.86,190592.51,True,False
Emergent_autonomy_consciousness_fd14b8,Emergent_bounded_coherence_40a04d,0.9078813700148367,190007.86,190610.67,True,False
Emergent_autonomy_consciousness_fd14b8,Emergent_appears_asymmetry_ecd8f7,0.9063861158406588,190007.86,190629.19,True,False
Emergent_autonomy_consciousness_fd14b8,Emergent_anticipation_bounded_ed16fb,0.9102170089021393,190007.86,190646.48,True,False
Emergent_autonomy_consciousness_fd14b8,Emergent_anticipation_autonomy_573275,0.9101960696947411,190007.86,190664.99,True,False
Emergent_autonomy_consciousness_fd14b8,Emergent_anticipation_clarity_8a2f90,0.9099035963415203,190007.86,190683.35,True,False
Emergent_autonomy_consciousness_fd14b8,Emergent_autonomy_collective_461851,0.9099484469929526,190007.86,190702.56,True,False
Emergent_autonomy_consciousness_fd14b8,Emergent_collective_constraint_a92169,0.9119765124064021,190007.86,190702.9,True,False
Emergent_autonomy_consciousness_fd14b8,Emergent_bounded_carefully_f79645,0.911972489200543,190007.86,190721.89,True,False
Emergent_autonomy_consciousness_fd14b8,Emergent_autonomy_carefully_8f6776,0.9116841169632965,190007.86,190742.41,True,False
Emergent_autonomy_consciousness_fd14b8,Emergent_autonomy_carefully_dedeae,0.9119660691277351,190007.86,190742.75,True,False
Emergent_autonomy_consciousness_fd14b8,Emergent_autonomy_bounded_ab8b66,0.9103863168410862,190007.86,190763.03,True,False
Emergent_autonomy_consciousness_fd14b8,Emergent_anticipation_autonomy_a66f28,0.9085021333266083,190007.86,190858.49,True,False
Emergent_autonomy_consciousness_fd14b8,Emergent_anticipation_bounded_ca71cc,0.9093703930566464,190007.86,190918.03,True,False
Emergent_autonomy_consciousness_fd14b8,Emergent_anticipation_bounded_2f7e1b,0.9093763306139646,190007.86,190918.37,True,False
Emergent_autonomy_consciousness_fd14b8,Emergent_autonomy_bounded_72bafc,0.9125182658093995,190007.86,190936.64,True,False
Emergent_autonomy_consciousness_fd14b8,Emergent_abstraction_ambiguity_94432c,0.9118910736829027,190007.86,190954.69,True,False
Emergent_autonomy_consciousness_fd14b8,Emergent_ambiguity_anticipation_961459,0.906652362787858,190007.86,190975.58,True,False
Emergent_autonomy_consciousness_fd14b8,Emergent_ambiguity_constraint_33311e,0.9089501054760256,190007.86,190995.91,True,False
Emergent_autonomy_consciousness_fd14b8,Emergent_abstraction_bounded_b74b81,0.9074518228397994,190007.86,191018.31,True,False
Emergent_autonomy_consciousness_fd14b8,Emergent_autonomy_bounded_94d9e2,0.9113747951820175,190007.86,191040.9,True,False
Emergent_autonomy_consciousness_fd14b8,Emergent_autonomy_carefully_659b9f,0.9115160328065177,190007.86,191060.09,True,False
Emergent_autonomy_consciousness_fd14b8,Emergent_autonomy_clarity_321c48,0.9056340068159736,190007.86,191082.87,True,False
Emergent_autonomy_consciousness_fd14b8,Emergent_autonomy_bounded_5ceb4c,0.904821660824491,190007.86,191125.51,True,False
Emergent_autonomy_consciousness_fd14b8,Emergent_bounded_increases_b9fad9,0.9078803948778766,190007.86,191145.88,True,False
Emergent_autonomy_consciousness_fd14b8,Emergent_carefully_coherence_6373e7,0.9060136738676356,190007.86,191168.45,True,False
Emergent_autonomy_consciousness_fd14b8,Emergent_carefully_linked_5110f6,0.9028935018155133,190007.86,191168.79,True,False
Emergent_autonomy_consciousness_fd14b8,Emergent_anticipation_bounded_db424c,0.9009760725839338,190007.86,191189.2,True,False
Emergent_autonomy_consciousness_fd14b8,Emergent_bounded_clarity_42b09f,0.8970593728287453,190007.86,191211.02,True,False
Emergent_autonomy_consciousness_fd14b8,Emergent_constraint_contradiction_66a818,0.923,190007.86,191298.86,True,False
Emergent_autonomy_consciousness_fd14b8,Emergent_belief_revision_bounded_349257,0.9264999999999999,190007.86,191315.51,True,False
Emergent_autonomy_consciousness_fd14b8,Emergent_belief_revision_carefully_a9d18e,0.895,190007.86,191350.85,True,False
Emergent_autonomy_consciousness_fd14b8,Emergent_bounded_connection_8dc0d7,0.9,190007.86,191371.53,True,False
Emergent_autonomy_contradiction_77a95c,Emergent_attention_awareness_468e25,0.9070863384022991,190016.77,190025.47,True,False
Emergent_autonomy_contradiction_77a95c,Emergent_continuity_contradiction_5d123e,0.9083582161841814,190016.77,190034.55,True,False
Emergent_autonomy_contradiction_77a95c,Emergent_autonomy_chaos_5f1756,0.9083582162251365,190016.77,190045.14,True,False
Emergent_autonomy_contradiction_77a95c,Emergent_autonomy_chaos_27df09,0.9083582162251365,190016.77,190045.48,True,False
Emergent_autonomy_contradiction_77a95c,Emergent_anticipation_carefully_d4dc77,0.9083582162064014,190016.77,190059.81,True,False
Emergent_autonomy_contradiction_77a95c,Emergent_abstraction_analogy_d695f8,0.9083582158168184,190016.77,190070.85,True,False
Emergent_autonomy_contradiction_77a95c,Emergent_abstraction_ambiguity_a83b10,0.9083582163132873,190016.77,190083.12,True,False
Emergent_autonomy_contradiction_77a95c,Emergent_belief_revision_bounded_6c1d78,0.9083582155847683,190016.77,190097.89,True,False
Emergent_autonomy_contradiction_77a95c,Emergent_belief_revision_bounded_92cc1a,0.9083582155810896,190016.77,190098.23,True,False
Emergent_autonomy_contradiction_77a95c,Emergent_bounded_contradiction_d8e7d7,0.9066135611353805,190016.77,190111.3,True,False
Emergent_autonomy_contradiction_77a95c,Emergent_abstraction_autonomy_37c4a5,0.9083582160782255,190016.77,190127.25,True,False
Emergent_autonomy_contradiction_77a95c,Emergent_inner_observer_memory_79427d,0.9083582161222064,190016.77,190139.81,True,False
Emergent_autonomy_contradiction_77a95c,Emergent_carefully_clarity_28ad8a,0.907356690189774,190016.77,190152.4,True,False
Emergent_autonomy_contradiction_77a95c,Emergent_bounded_inner_observer_8eb4e9,0.9083328392905865,190016.77,190164.1,True,False
Emergent_autonomy_contradiction_77a95c,Emergent_bounded_clarity_c1b4b0,0.9083582165137636,190016.77,190177.3,True,False
Emergent_autonomy_contradiction_77a95c,Emergent_belief_revision_bounded_edaf3d,0.9083582163287016,190016.77,190193.38,True,False
Emergent_autonomy_contradiction_77a95c,Emergent_appears_asymmetry_8ccc17,0.904816677365214,190016.77,190208.88,True,False
Emergent_autonomy_contradiction_77a95c,Emergent_appears_asymmetry_b0db07,0.9083582160311261,190016.77,190209.22,True,False
Emergent_autonomy_contradiction_77a95c,Emergent_appears_asymmetry_8dba4c,0.9083582117157578,190016.77,190225.73,True,False
Emergent_autonomy_contradiction_77a95c,Emergent_autonomy_clarity_dc06c1,0.9083582168434612,190016.77,190241.74,True,False
Emergent_autonomy_contradiction_77a95c,Emergent_anticipation_appears_dac47e,0.9083582160726906,190016.77,190257.48,True,False
Emergent_autonomy_contradiction_77a95c,Emergent_abstraction_ambiguity_5c1c4f,0.9083582148146547,190016.77,190273.09,True,False
Emergent_autonomy_contradiction_77a95c,Emergent_abstraction_ambiguity_353967,0.9054002220374546,190016.77,190305.24,True,False
Emergent_autonomy_contradiction_77a95c,Emergent_autonomy_consciousness_3a32d4,0.9083582235109591,190016.77,190321.02,True,False
Emergent_autonomy_contradiction_77a95c,Emergent_autonomy_belief_revision_b856db,0.9083582061319775,190016.77,190337.5,True,False
Emergent_autonomy_contradiction_77a95c,Emergent_consciousness_contradiction_9e434e,0.9083581182783136,190016.77,190354.47,True,False
Emergent_autonomy_contradiction_77a95c,Emergent_autonomy_collective_0e3ed5,0.9083582511676633,190016.77,190371.53,True,False
Emergent_autonomy_contradiction_77a95c,Emergent_attention_autonomy_1e79bf,0.9083582333406071,190016.77,190388.59,True,False
Emergent_autonomy_contradiction_77a95c,Emergent_collective_consciousness_f6f1a0,0.9083582355689892,190016.77,190403.46,True,False
Emergent_autonomy_contradiction_77a95c,Emergent_carefully_clarity_0d7a6f,0.9073370553884537,190016.77,190418.76,True,False
Emergent_autonomy_contradiction_77a95c,Emergent_autonomy_collective_4a8f61,0.9083581868629251,190016.77,190453.62,True,False
Emergent_autonomy_contradiction_77a95c,Emergent_consciousness_constraint_80c25f,0.9083581914106433,190016.77,190469.23,True,False
Emergent_autonomy_contradiction_77a95c,Emergent_clarity_energy_08bc8c,0.9072203908114207,190016.77,190486.72,True,False
Emergent_autonomy_contradiction_77a95c,Emergent_appears_asymmetry_9e9e75,0.9083581237218119,190016.77,190505.1,True,False
Emergent_autonomy_contradiction_77a95c,Emergent_constraint_contradiction_8d2c9c,0.9083575089488611,190016.77,190537.76,True,False
Emergent_autonomy_contradiction_77a95c,Emergent_coherence_constraint_b926a8,0.9083574755889368,190016.77,190538.1,True,False
Emergent_autonomy_contradiction_77a95c,Emergent_abstraction_clarity_81ead3,0.9083567342615673,190016.77,190556.64,True,False
Emergent_autonomy_contradiction_77a95c,Emergent_abstraction_autonomy_9d570d,0.9083567340554601,190016.77,190556.98,True,False
Emergent_autonomy_contradiction_77a95c,Emergent_bounded_coherence_717f45,0.9081203673873761,190016.77,190573.63,True,False
Emergent_autonomy_contradiction_77a95c,Emergent_bounded_increases_8c621b,0.9082656254739485,190016.77,190573.97,True,False
Emergent_autonomy_contradiction_77a95c,Emergent_anticipation_autonomy_eda74a,0.9083539435959063,190016.77,190592.51,True,False
Emergent_autonomy_contradiction_77a95c,Emergent_bounded_coherence_40a04d,0.9078813700148367,190016.77,190610.67,True,False
Emergent_autonomy_contradiction_77a95c,Emergent_appears_asymmetry_ecd8f7,0.9063861158406588,190016.77,190629.19,True,False
Emergent_autonomy_contradiction_77a95c,Emergent_anticipation_bounded_ed16fb,0.9083619507326348,190016.77,190646.48,True,False
Emergent_autonomy_contradiction_77a95c,Emergent_anticipation_autonomy_573275,0.9083605707730253,190016.77,190664.99,True,False
Emergent_autonomy_contradiction_77a95c,Emergent_anticipation_clarity_8a2f90,0.9083585994021546,190016.77,190683.35,True,False
Emergent_autonomy_contradiction_77a95c,Emergent_autonomy_collective_461851,0.9083557831580531,190016.77,190702.56,True,False
Emergent_autonomy_contradiction_77a95c,Emergent_collective_constraint_a92169,0.9083557831580531,190016.77,190702.9,True,False
Emergent_autonomy_contradiction_77a95c,Emergent_bounded_carefully_f79645,0.9083517599521942,190016.77,190721.89,True,False
Emergent_autonomy_contradiction_77a95c,Emergent_autonomy_carefully_8f6776,0.9083452959920797,190016.77,190742.41,True,False
Emergent_autonomy_contradiction_77a95c,Emergent_autonomy_carefully_dedeae,0.9083453779875141,190016.77,190742.75,True,False
Emergent_autonomy_contradiction_77a95c,Emergent_autonomy_bounded_ab8b66,0.908254878190234,190016.77,190763.03,True,False
Emergent_autonomy_contradiction_77a95c,Emergent_anticipation_autonomy_a66f28,0.9084485656775692,190016.77,190858.49,True,False
Emergent_autonomy_contradiction_77a95c,Emergent_anticipation_bounded_ca71cc,0.9057352123942906,190016.77,190918.03,True,False
Emergent_autonomy_contradiction_77a95c,Emergent_anticipation_bounded_2f7e1b,0.9057410210911774,190016.77,190918.37,True,False
Emergent_autonomy_contradiction_77a95c,Emergent_autonomy_bounded_72bafc,0.9089412404548649,190016.77,190936.64,True,False
Emergent_autonomy_contradiction_77a95c,Emergent_abstraction_ambiguity_94432c,0.9089793890734754,190016.77,190954.69,True,False
Emergent_autonomy_contradiction_77a95c,Emergent_ambiguity_anticipation_961459,0.9059258803799426,190016.77,190975.58,True,False
Emergent_autonomy_contradiction_77a95c,Emergent_ambiguity_constraint_33311e,0.9089501054760256,190016.77,190995.91,True,False
Emergent_autonomy_contradiction_77a95c,Emergent_abstraction_bounded_b74b81,0.9074518228397994,190016.77,191018.31,True,False
Emergent_autonomy_contradiction_77a95c,Emergent_autonomy_bounded_94d9e2,0.9078995382044135,190016.77,191040.9,True,False
Emergent_autonomy_contradiction_77a95c,Emergent_autonomy_carefully_659b9f,0.9080407758289135,190016.77,191060.09,True,False
Emergent_autonomy_contradiction_77a95c,Emergent_autonomy_clarity_321c48,0.9056340068159736,190016.77,191082.87,True,False
Emergent_autonomy_contradiction_77a95c,Emergent_autonomy_bounded_5ceb4c,0.9048124872689136,190016.77,191125.51,True,False
Emergent_autonomy_contradiction_77a95c,Emergent_bounded_increases_b9fad9,0.9051007273189136,190016.77,191145.88,True,False
Emergent_autonomy_contradiction_77a95c,Emergent_carefully_coherence_6373e7,0.9026300983189135,190016.77,191168.45,True,False
Emergent_autonomy_contradiction_77a95c,Emergent_carefully_linked_5110f6,0.9026300983189135,190016.77,191168.79,True,False
Emergent_autonomy_contradiction_77a95c,Emergent_anticipation_bounded_db424c,0.8991006283189136,190016.77,191189.2,True,False
Emergent_autonomy_contradiction_77a95c,Emergent_bounded_clarity_42b09f,0.8940585283189137,190016.77,191211.02,True,False
Emergent_autonomy_contradiction_77a95c,Emergent_constraint_contradiction_66a818,0.923,190016.77,191298.86,True,False
Emergent_autonomy_contradiction_77a95c,Emergent_belief_revision_bounded_349257,0.9264999999999999,190016.77,191315.51,True,False
Emergent_autonomy_contradiction_77a95c,Emergent_belief_revision_carefully_a9d18e,0.895,190016.77,191350.85,True,False
Emergent_autonomy_contradiction_77a95c,Emergent_bounded_connection_8dc0d7,0.9,190016.77,191371.53,True,False
Emergent_attention_awareness_468e25,Emergent_continuity_contradiction_5d123e,0.9070863384917882,190025.47,190034.55,True,False
Emergent_attention_awareness_468e25,Emergent_autonomy_chaos_5f1756,0.9070863385360892,190025.47,190045.14,True,False
Emergent_attention_awareness_468e25,Emergent_autonomy_chaos_27df09,0.9070863385360892,190025.47,190045.48,True,False
Emergent_attention_awareness_468e25,Emergent_anticipation_carefully_d4dc77,0.9070863385174277,190025.47,190059.81,True,False
Emergent_attention_awareness_468e25,Emergent_abstraction_analogy_d695f8,0.907086338125985,190025.47,190070.85,True,False
Emergent_attention_awareness_468e25,Emergent_abstraction_ambiguity_a83b10,0.9070863386255363,190025.47,190083.12,True,False
Emergent_attention_awareness_468e25,Emergent_belief_revision_bounded_6c1d78,0.9070863378927017,190025.47,190097.89,True,False
Emergent_attention_awareness_468e25,Emergent_belief_revision_bounded_92cc1a,0.9070863378891005,190025.47,190098.23,True,False
Emergent_attention_awareness_468e25,Emergent_bounded_contradiction_d8e7d7,0.9066135611353805,190025.47,190111.3,True,False
Emergent_attention_awareness_468e25,Emergent_abstraction_autonomy_37c4a5,0.9070863383757495,190025.47,190127.25,True,False
Emergent_attention_awareness_468e25,Emergent_inner_observer_memory_79427d,0.9070863384188028,190025.47,190139.81,True,False
Emergent_attention_awareness_468e25,Emergent_carefully_clarity_28ad8a,0.9070863383948395,190025.47,190152.4,True,False
Emergent_attention_awareness_468e25,Emergent_bounded_inner_observer_8eb4e9,0.9070863384120569,190025.47,190164.1,True,False
Emergent_attention_awareness_468e25,Emergent_bounded_clarity_c1b4b0,0.9070863388567536,190025.47,190177.3,True,False
Emergent_attention_awareness_468e25,Emergent_belief_revision_bounded_edaf3d,0.9070863386716916,190025.47,190193.38,True,False
Emergent_attention_awareness_468e25,Emergent_appears_asymmetry_8ccc17,0.904816677365214,190025.47,190208.88,True,False
Emergent_attention_awareness_468e25,Emergent_appears_asymmetry_b0db07,0.9070863383748164,190025.47,190209.22,True,False
Emergent_attention_awareness_468e25,Emergent_appears_asymmetry_8dba4c,0.9070863339807167,190025.47,190225.73,True,False
Emergent_attention_awareness_468e25,Emergent_autonomy_clarity_dc06c1,0.9070863392303368,190025.47,190241.74,True,False
Emergent_attention_awareness_468e25,Emergent_anticipation_appears_dac47e,0.9070863384595662,190025.47,190257.48,True,False
Emergent_attention_awareness_468e25,Emergent_abstraction_ambiguity_5c1c4f,0.9070863372048406,190025.47,190273.09,True,False
Emergent_attention_awareness_468e25,Emergent_abstraction_ambiguity_353967,0.9054002220374546,190025.47,190305.24,True,False
Emergent_attention_awareness_468e25,Emergent_autonomy_consciousness_3a32d4,0.9070863463752405,190025.47,190321.02,True,False
Emergent_attention_awareness_468e25,Emergent_autonomy_belief_revision_b856db,0.9070863273313259,190025.47,190337.5,True,False
Emergent_attention_awareness_468e25,Emergent_consciousness_contradiction_9e434e,0.9070862412259271,190025.47,190354.47,True,False
Emergent_attention_awareness_468e25,Emergent_autonomy_collective_0e3ed5,0.9070863753655662,190025.47,190371.53,True,False
Emergent_attention_awareness_468e25,Emergent_attention_autonomy_1e79bf,0.9070863575385102,190025.47,190388.59,True,False
Emergent_attention_awareness_468e25,Emergent_collective_consciousness_f6f1a0,0.9070863597668923,190025.47,190403.46,True,False
Emergent_attention_awareness_468e25,Emergent_carefully_clarity_0d7a6f,0.9070863619952743,190025.47,190418.76,True,False
Emergent_attention_awareness_468e25,Emergent_autonomy_collective_4a8f61,0.907086311060828,190025.47,190453.62,True,False
Emergent_attention_awareness_468e25,Emergent_consciousness_constraint_80c25f,0.9070863156085465,190025.47,190469.23,True,False
Emergent_attention_awareness_468e25,Emergent_clarity_energy_08bc8c,0.9070861919553617,190025.47,190486.72,True,False
Emergent_attention_awareness_468e25,Emergent_appears_asymmetry_9e9e75,0.9070862555733716,190025.47,190505.1,True,False
Emergent_attention_awareness_468e25,Emergent_constraint_contradiction_8d2c9c,0.9070856017473283,190025.47,190537.76,True,False
Emergent_attention_awareness_468e25,Emergent_coherence_constraint_b926a8,0.9070855690911164,190025.47,190538.1,True,False
Emergent_attention_awareness_468e25,Emergent_abstraction_clarity_81ead3,0.9070848434017047,190025.47,190556.64,True,False
Emergent_attention_awareness_468e25,Emergent_abstraction_autonomy_9d570d,0.9070848431999454,190025.47,190556.98,True,False
Emergent_attention_awareness_468e25,Emergent_bounded_coherence_717f45,0.9070863696110523,190025.47,190573.63,True,False
Emergent_attention_awareness_468e25,Emergent_bounded_increases_8c621b,0.907086369881897,190025.47,190573.97,True,False
Emergent_attention_awareness_468e25,Emergent_anticipation_autonomy_eda74a,0.9070820597836458,190025.47,190592.51,True,False
Emergent_attention_awareness_468e25,Emergent_bounded_coherence_40a04d,0.9070872483384373,190025.47,190610.67,True,False
Emergent_attention_awareness_468e25,Emergent_appears_asymmetry_ecd8f7,0.9063861158406588,190025.47,190629.19,True,False
Emergent_attention_awareness_468e25,Emergent_anticipation_bounded_ed16fb,0.907090208597783,190025.47,190646.48,True,False
Emergent_attention_awareness_468e25,Emergent_anticipation_autonomy_573275,0.9070888286381735,190025.47,190664.99,True,False
Emergent_attention_awareness_468e25,Emergent_anticipation_clarity_8a2f90,0.9070868572673025,190025.47,190683.35,True,False
Emergent_attention_awareness_468e25,Emergent_autonomy_collective_461851,0.9070840410232011,190025.47,190702.56,True,False
Emergent_attention_awareness_468e25,Emergent_collective_constraint_a92169,0.9070840410232011,190025.47,190702.9,True,False
Emergent_attention_awareness_468e25,Emergent_bounded_carefully_f79645,0.9070800178173424,190025.47,190721.89,True,False
Emergent_attention_awareness_468e25,Emergent_autonomy_carefully_8f6776,0.9070735689719529,190025.47,190742.41,True,False
Emergent_attention_awareness_468e25,Emergent_autonomy_carefully_dedeae,0.9070736492377314,190025.47,190742.75,True,False
Emergent_attention_awareness_468e25,Emergent_autonomy_bounded_ab8b66,0.9069813789301957,190025.47,190763.03,True,False
Emergent_attention_awareness_468e25,Emergent_anticipation_autonomy_a66f28,0.9071841096056881,190025.47,190858.49,True,False
Emergent_attention_awareness_468e25,Emergent_anticipation_bounded_ca71cc,0.9044583943559836,190025.47,190918.03,True,False
Emergent_attention_awareness_468e25,Emergent_anticipation_bounded_2f7e1b,0.9044641577920325,190025.47,190918.37,True,False
Emergent_attention_awareness_468e25,Emergent_autonomy_bounded_72bafc,0.9076848488418023,190025.47,190936.64,True,False
Emergent_attention_awareness_468e25,Emergent_abstraction_ambiguity_94432c,0.9077229080730482,190025.47,190954.69,True,False
Emergent_attention_awareness_468e25,Emergent_ambiguity_anticipation_961459,0.9046037149520301,190025.47,190975.58,True,False
Emergent_attention_awareness_468e25,Emergent_ambiguity_constraint_33311e,0.908260753031586,190025.47,190995.91,True,False
Emergent_attention_awareness_468e25,Emergent_abstraction_bounded_b74b81,0.9074518228397994,190025.47,191018.31,True,False
Emergent_attention_awareness_468e25,Emergent_autonomy_bounded_94d9e2,0.906678891637186,190025.47,191040.9,True,False
Emergent_attention_awareness_468e25,Emergent_autonomy_carefully_659b9f,0.906820129261686,190025.47,191060.09,True,False
Emergent_attention_awareness_468e25,Emergent_autonomy_clarity_321c48,0.9056095210516859,190025.47,191082.87,True,False
Emergent_attention_awareness_468e25,Emergent_autonomy_bounded_5ceb4c,0.9035918407016859,190025.47,191125.51,True,False
Emergent_attention_awareness_468e25,Emergent_bounded_increases_b9fad9,0.903880080751686,190025.47,191145.88,True,False
Emergent_attention_awareness_468e25,Emergent_carefully_coherence_6373e7,0.901409451751686,190025.47,191168.45,True,False
Emergent_attention_awareness_468e25,Emergent_carefully_linked_5110f6,0.901409451751686,190025.47,191168.79,True,False
Emergent_attention_awareness_468e25,Emergent_anticipation_bounded_db424c,0.897879981751686,190025.47,191189.2,True,False
Emergent_attention_awareness_468e25,Emergent_bounded_clarity_42b09f,0.892837881751686,190025.47,191211.02,True,False
Emergent_attention_awareness_468e25,Emergent_constraint_contradiction_66a818,0.923,190025.47,191298.86,True,False
Emergent_attention_awareness_468e25,Emergent_belief_revision_bounded_349257,0.9264999999999999,190025.47,191315.51,True,False
Emergent_attention_awareness_468e25,Emergent_belief_revision_carefully_a9d18e,0.895,190025.47,191350.85,True,False
Emergent_attention_awareness_468e25,Emergent_bounded_connection_8dc0d7,0.9,190025.47,191371.53,True,False
Emergent_continuity_contradiction_5d123e,Emergent_autonomy_chaos_5f1756,0.908951588352559,190034.55,190045.14,True,False
Emergent_continuity_contradiction_5d123e,Emergent_autonomy_chaos_27df09,0.912480478890197,190034.55,190045.48,True,False
Emergent_continuity_contradiction_5d123e,Emergent_anticipation_carefully_d4dc77,0.9124804788712231,190034.55,190059.81,True,False
Emergent_continuity_contradiction_5d123e,Emergent_abstraction_analogy_d695f8,0.9115131605627758,190034.55,190070.85,True,False
Emergent_continuity_contradiction_5d123e,Emergent_abstraction_ambiguity_a83b10,0.9120912181937062,190034.55,190083.12,True,False
Emergent_continuity_contradiction_5d123e,Emergent_belief_revision_bounded_6c1d78,0.9120511666318472,190034.55,190097.89,True,False
Emergent_continuity_contradiction_5d123e,Emergent_belief_revision_bounded_92cc1a,0.9102978181161647,190034.55,190098.23,True,False
Emergent_continuity_contradiction_5d123e,Emergent_bounded_contradiction_d8e7d7,0.9066135611353805,190034.55,190111.3,True,False
Emergent_continuity_contradiction_5d123e,Emergent_abstraction_autonomy_37c4a5,0.9084336182882655,190034.55,190127.25,True,False
Emergent_continuity_contradiction_5d123e,Emergent_inner_observer_memory_79427d,0.9124804788337966,190034.55,190139.81,True,False
Emergent_continuity_contradiction_5d123e,Emergent_carefully_clarity_28ad8a,0.907356690189774,190034.55,190152.4,True,False
Emergent_continuity_contradiction_5d123e,Emergent_bounded_inner_observer_8eb4e9,0.9083328392905865,190034.55,190164.1,True,False
Emergent_continuity_contradiction_5d123e,Emergent_bounded_clarity_c1b4b0,0.9092681946967387,190034.55,190177.3,True,False
Emergent_continuity_contradiction_5d123e,Emergent_belief_revision_bounded_edaf3d,0.9094208909069041,190034.55,190193.38,True,False
Emergent_continuity_contradiction_5d123e,Emergent_appears_asymmetry_8ccc17,0.904816677365214,190034.55,190208.88,True,False
Emergent_continuity_contradiction_5d123e,Emergent_appears_asymmetry_b0db07,0.9124804785900813,190034.55,190209.22,True,False
Emergent_continuity_contradiction_5d123e,Emergent_appears_asymmetry_8dba4c,0.9089344391060965,190034.55,190225.73,True,False
Emergent_continuity_contradiction_5d123e,Emergent_autonomy_clarity_dc06c1,0.9114115171549602,190034.55,190241.74,True,False
Emergent_continuity_contradiction_5d123e,Emergent_anticipation_appears_dac47e,0.9124804784916789,190034.55,190257.48,True,False
Emergent_continuity_contradiction_5d123e,Emergent_abstraction_ambiguity_5c1c4f,0.9090852586212836,190034.55,190273.09,True,False
Emergent_continuity_contradiction_5d123e,Emergent_abstraction_ambiguity_353967,0.9054002220374546,190034.55,190305.24,True,False
Emergent_continuity_contradiction_5d123e,Emergent_autonomy_consciousness_3a32d4,0.9112766790522868,190034.55,190321.02,True,False
Emergent_continuity_contradiction_5d123e,Emergent_autonomy_belief_revision_b856db,0.90981437510893,190034.55,190337.5,True,False
Emergent_continuity_contradiction_5d123e,Emergent_consciousness_contradiction_9e434e,0.9096166929066869,190034.55,190354.47,True,False
Emergent_continuity_contradiction_5d123e,Emergent_autonomy_collective_0e3ed5,0.9124805077169589,190034.55,190371.53,True,False
Emergent_continuity_contradiction_5d123e,Emergent_attention_autonomy_1e79bf,0.9096611804254844,190034.55,190388.59,True,False
Emergent_continuity_contradiction_5d123e,Emergent_collective_consciousness_f6f1a0,0.9124804921182847,190034.55,190403.46,True,False
Emergent_continuity_contradiction_5d123e,Emergent_carefully_clarity_0d7a6f,0.9073370553884537,190034.55,190418.76,True,False
Emergent_continuity_contradiction_5d123e,Emergent_autonomy_collective_4a8f61,0.9098428561633003,190034.55,190453.62,True,False
Emergent_continuity_contradiction_5d123e,Emergent_consciousness_constraint_80c25f,0.9085467304580748,190034.55,190469.23,True,False
Emergent_continuity_contradiction_5d123e,Emergent_clarity_energy_08bc8c,0.9072203908114207,190034.55,190486.72,True,False
Emergent_continuity_contradiction_5d123e,Emergent_appears_asymmetry_9e9e75,0.9124803554649614,190034.55,190505.1,True,False
Emergent_continuity_contradiction_5d123e,Emergent_constraint_contradiction_8d2c9c,0.9124798672663714,190034.55,190537.76,True,False
Emergent_continuity_contradiction_5d123e,Emergent_coherence_constraint_b926a8,0.9099635564588231,190034.55,190538.1,True,False
Emergent_continuity_contradiction_5d123e,Emergent_abstraction_clarity_81ead3,0.9110401958731507,190034.55,190556.64,True,False
Emergent_continuity_contradiction_5d123e,Emergent_abstraction_autonomy_9d570d,0.9110066074925838,190034.55,190556.98,True,False
Emergent_continuity_contradiction_5d123e,Emergent_bounded_coherence_717f45,0.9081203673873761,190034.55,190573.63,True,False
Emergent_continuity_contradiction_5d123e,Emergent_bounded_increases_8c621b,0.9082656254739485,190034.55,190573.97,True,False
Emergent_continuity_contradiction_5d123e,Emergent_anticipation_autonomy_eda74a,0.9116097949411557,190034.55,190592.51,True,False
Emergent_continuity_contradiction_5d123e,Emergent_bounded_coherence_40a04d,0.9078813700148367,190034.55,190610.67,True,False
Emergent_continuity_contradiction_5d123e,Emergent_appears_asymmetry_ecd8f7,0.9063861158406588,190034.55,190629.19,True,False
Emergent_continuity_contradiction_5d123e,Emergent_anticipation_bounded_ed16fb,0.9102170089021393,190034.55,190646.48,True,False
Emergent_continuity_contradiction_5d123e,Emergent_anticipation_autonomy_573275,0.9101960696947411,190034.55,190664.99,True,False
Emergent_continuity_contradiction_5d123e,Emergent_anticipation_clarity_8a2f90,0.9099035963415203,190034.55,190683.35,True,False
Emergent_continuity_contradiction_5d123e,Emergent_autonomy_collective_461851,0.9099484469929526,190034.55,190702.56,True,False
Emergent_continuity_contradiction_5d123e,Emergent_collective_constraint_a92169,0.9122948818778642,190034.55,190702.9,True,False
Emergent_continuity_contradiction_5d123e,Emergent_bounded_carefully_f79645,0.912288556392185,190034.55,190721.89,True,False
Emergent_continuity_contradiction_5d123e,Emergent_autonomy_carefully_8f6776,0.9116841169632965,190034.55,190742.41,True,False
Emergent_continuity_contradiction_5d123e,Emergent_autonomy_carefully_dedeae,0.9124671579278791,190034.55,190742.75,True,False
Emergent_continuity_contradiction_5d123e,Emergent_autonomy_bounded_ab8b66,0.9103863168410862,190034.55,190763.03,True,False
Emergent_continuity_contradiction_5d123e,Emergent_anticipation_autonomy_a66f28,0.9085021333266083,190034.55,190858.49,True,False
Emergent_continuity_contradiction_5d123e,Emergent_anticipation_bounded_ca71cc,0.9098734871472116,190034.55,190918.03,True,False
Emergent_continuity_contradiction_5d123e,Emergent_anticipation_bounded_2f7e1b,0.909879442538285,190034.55,190918.37,True,False
Emergent_continuity_contradiction_5d123e,Emergent_autonomy_bounded_72bafc,0.9130133114439409,190034.55,190936.64,True,False
Emergent_continuity_contradiction_5d123e,Emergent_abstraction_ambiguity_94432c,0.9118910736829027,190034.55,190954.69,True,False
Emergent_continuity_contradiction_5d123e,Emergent_ambiguity_anticipation_961459,0.906652362787858,190034.55,190975.58,True,False
Emergent_continuity_contradiction_5d123e,Emergent_ambiguity_constraint_33311e,0.9089501054760256,190034.55,190995.91,True,False
Emergent_continuity_contradiction_5d123e,Emergent_abstraction_bounded_b74b81,0.9074518228397994,190034.55,191018.31,True,False
Emergent_continuity_contradiction_5d123e,Emergent_autonomy_bounded_94d9e2,0.9118557564906904,190034.55,191040.9,True,False
Emergent_continuity_contradiction_5d123e,Emergent_autonomy_carefully_659b9f,0.9119969941151904,190034.55,191060.09,True,False
Emergent_continuity_contradiction_5d123e,Emergent_autonomy_clarity_321c48,0.9056340068159736,190034.55,191082.87,True,False
Emergent_continuity_contradiction_5d123e,Emergent_autonomy_bounded_5ceb4c,0.904821660824491,190034.55,191125.51,True,False
Emergent_continuity_contradiction_5d123e,Emergent_bounded_increases_b9fad9,0.9078803948778766,190034.55,191145.88,True,False
Emergent_continuity_contradiction_5d123e,Emergent_carefully_coherence_6373e7,0.9060136738676356,190034.55,191168.45,True,False
Emergent_continuity_contradiction_5d123e,Emergent_carefully_linked_5110f6,0.9028935018155133,190034.55,191168.79,True,False
Emergent_continuity_contradiction_5d123e,Emergent_anticipation_bounded_db424c,0.9009760725839338,190034.55,191189.2,True,False
Emergent_continuity_contradiction_5d123e,Emergent_bounded_clarity_42b09f,0.8970593728287453,190034.55,191211.02,True,False
Emergent_continuity_contradiction_5d123e,Emergent_constraint_contradiction_66a818,0.923,190034.55,191298.86,True,False
Emergent_continuity_contradiction_5d123e,Emergent_belief_revision_bounded_349257,0.9264999999999999,190034.55,191315.51,True,False
Emergent_continuity_contradiction_5d123e,Emergent_belief_revision_carefully_a9d18e,0.895,190034.55,191350.85,True,False
Emergent_continuity_contradiction_5d123e,Emergent_bounded_connection_8dc0d7,0.9,190034.55,191371.53,True,False
Emergent_autonomy_chaos_5f1756,Emergent_autonomy_chaos_27df09,0.9089515883169972,190045.14,190045.48,True,False
Emergent_autonomy_chaos_5f1756,Emergent_anticipation_carefully_d4dc77,0.9089515883337893,190045.14,190059.81,True,False
Emergent_autonomy_chaos_5f1756,Emergent_abstraction_analogy_d695f8,0.908951587945074,190045.14,190070.85,True,False
Emergent_autonomy_chaos_5f1756,Emergent_abstraction_ambiguity_a83b10,0.9089515884401049,190045.14,190083.12,True,False
Emergent_autonomy_chaos_5f1756,Emergent_belief_revision_bounded_6c1d78,0.9089515877135992,190045.14,190097.89,True,False
Emergent_autonomy_chaos_5f1756,Emergent_belief_revision_bounded_92cc1a,0.9089515877098844,190045.14,190098.23,True,False
Emergent_autonomy_chaos_5f1756,Emergent_bounded_contradiction_d8e7d7,0.9066135611353805,190045.14,190111.3,True,False
Emergent_autonomy_chaos_5f1756,Emergent_abstraction_autonomy_37c4a5,0.9084336182882655,190045.14,190127.25,True,False
Emergent_autonomy_chaos_5f1756,Emergent_inner_observer_memory_79427d,0.9089515882563264,190045.14,190139.81,True,False
Emergent_autonomy_chaos_5f1756,Emergent_carefully_clarity_28ad8a,0.907356690189774,190045.14,190152.4,True,False
Emergent_autonomy_chaos_5f1756,Emergent_bounded_inner_observer_8eb4e9,0.9083328392905865,190045.14,190164.1,True,False
Emergent_autonomy_chaos_5f1756,Emergent_bounded_clarity_c1b4b0,0.9089515886262396,190045.14,190177.3,True,False
Emergent_autonomy_chaos_5f1756,Emergent_belief_revision_bounded_edaf3d,0.9089515884411776,190045.14,190193.38,True,False
Emergent_autonomy_chaos_5f1756,Emergent_appears_asymmetry_8ccc17,0.904816677365214,190045.14,190208.88,True,False
Emergent_autonomy_chaos_5f1756,Emergent_appears_asymmetry_b0db07,0.9089515881432753,190045.14,190209.22,True,False
Emergent_autonomy_chaos_5f1756,Emergent_appears_asymmetry_8dba4c,0.9089344391060965,190045.14,190225.73,True,False
Emergent_autonomy_chaos_5f1756,Emergent_autonomy_clarity_dc06c1,0.9089515889354634,190045.14,190241.74,True,False
Emergent_autonomy_chaos_5f1756,Emergent_anticipation_appears_dac47e,0.9089515881646923,190045.14,190257.48,True,False
Emergent_autonomy_chaos_5f1756,Emergent_abstraction_ambiguity_5c1c4f,0.9089515869051119,190045.14,190273.09,True,False
Emergent_autonomy_chaos_5f1756,Emergent_abstraction_ambiguity_353967,0.9054002220374546,190045.14,190305.24,True,False
Emergent_autonomy_chaos_5f1756,Emergent_autonomy_consciousness_3a32d4,0.9089515953802354,190045.14,190321.02,True,False
Emergent_autonomy_chaos_5f1756,Emergent_autonomy_belief_revision_b856db,0.9089515787779994,190045.14,190337.5,True,False
Emergent_autonomy_chaos_5f1756,Emergent_consciousness_contradiction_9e434e,0.908951490108713,190045.14,190354.47,True,False
Emergent_autonomy_chaos_5f1756,Emergent_autonomy_collective_0e3ed5,0.9089516224147622,190045.14,190371.53,True,False
Emergent_autonomy_chaos_5f1756,Emergent_attention_autonomy_1e79bf,0.9089516045877062,190045.14,190388.59,True,False
Emergent_autonomy_chaos_5f1756,Emergent_collective_consciousness_f6f1a0,0.9089516068160881,190045.14,190403.46,True,False
Emergent_autonomy_chaos_5f1756,Emergent_carefully_clarity_0d7a6f,0.9073370553884537,190045.14,190418.76,True,False
Emergent_autonomy_chaos_5f1756,Emergent_autonomy_collective_4a8f61,0.908951558110024,190045.14,190453.62,True,False
Emergent_autonomy_chaos_5f1756,Emergent_consciousness_constraint_80c25f,0.9085467304580748,190045.14,190469.23,True,False
Emergent_autonomy_chaos_5f1756,Emergent_clarity_energy_08bc8c,0.9072203908114207,190045.14,190486.72,True,False
Emergent_autonomy_chaos_5f1756,Emergent_appears_asymmetry_9e9e75,0.9089514913982322,190045.14,190505.1,True,False
Emergent_autonomy_chaos_5f1756,Emergent_constraint_contradiction_8d2c9c,0.9089508948448135,190045.14,190537.76,True,False
Emergent_autonomy_chaos_5f1756,Emergent_coherence_constraint_b926a8,0.9089508611565849,190045.14,190538.1,True,False
Emergent_autonomy_chaos_5f1756,Emergent_abstraction_clarity_81ead3,0.9089501125336013,190045.14,190556.64,True,False
Emergent_autonomy_chaos_5f1756,Emergent_abstraction_autonomy_9d570d,0.9089501123254657,190045.14,190556.98,True,False
Emergent_autonomy_chaos_5f1756,Emergent_bounded_coherence_717f45,0.9081203673873761,190045.14,190573.63,True,False
Emergent_autonomy_chaos_5f1756,Emergent_bounded_increases_8c621b,0.9082656254739485,190045.14,190573.97,True,False
Emergent_autonomy_chaos_5f1756,Emergent_anticipation_autonomy_eda74a,0.9089473185800057,190045.14,190592.51,True,False
Emergent_autonomy_chaos_5f1756,Emergent_bounded_coherence_40a04d,0.9078813700148367,190045.14,190610.67,True,False
Emergent_autonomy_chaos_5f1756,Emergent_appears_asymmetry_ecd8f7,0.9063861158406588,190045.14,190629.19,True,False
Emergent_autonomy_chaos_5f1756,Emergent_anticipation_bounded_ed16fb,0.9089552596196357,190045.14,190646.48,True,False
Emergent_autonomy_chaos_5f1756,Emergent_anticipation_autonomy_573275,0.908953879660026,190045.14,190664.99,True,False
Emergent_autonomy_chaos_5f1756,Emergent_anticipation_clarity_8a2f90,0.9089519082891553,190045.14,190683.35,True,False
Emergent_autonomy_chaos_5f1756,Emergent_autonomy_collective_461851,0.9089490920450538,190045.14,190702.56,True,False
Emergent_autonomy_chaos_5f1756,Emergent_collective_constraint_a92169,0.9089490920450538,190045.14,190702.9,True,False
Emergent_autonomy_chaos_5f1756,Emergent_bounded_carefully_f79645,0.9089450688391949,190045.14,190721.89,True,False
Emergent_autonomy_chaos_5f1756,Emergent_autonomy_carefully_8f6776,0.9089385978275719,190045.14,190742.41,True,False
Emergent_autonomy_chaos_5f1756,Emergent_autonomy_carefully_dedeae,0.9089386806299464,190045.14,190742.75,True,False
Emergent_autonomy_chaos_5f1756,Emergent_autonomy_bounded_ab8b66,0.9088490068330326,190045.14,190763.03,True,False
Emergent_autonomy_chaos_5f1756,Emergent_anticipation_autonomy_a66f28,0.9085021333266083,190045.14,190858.49,True,False
Emergent_autonomy_chaos_5f1756,Emergent_anticipation_bounded_ca71cc,0.9063308893546189,190045.14,190918.03,True,False
Emergent_autonomy_chaos_5f1756,Emergent_anticipation_bounded_2f7e1b,0.9063367191671525,190045.14,190918.37,True,False
Emergent_autonomy_chaos_5f1756,Emergent_autonomy_bounded_72bafc,0.9095273878263757,190045.14,190936.64,True,False
Emergent_autonomy_chaos_5f1756,Emergent_abstraction_ambiguity_94432c,0.9095655781470864,190045.14,190954.69,True,False
Emergent_autonomy_chaos_5f1756,Emergent_ambiguity_anticipation_961459,0.9065427133659447,190045.14,190975.58,True,False
Emergent_autonomy_chaos_5f1756,Emergent_ambiguity_constraint_33311e,0.9089501054760256,190045.14,190995.91,True,False
Emergent_autonomy_chaos_5f1756,Emergent_abstraction_bounded_b74b81,0.9074518228397994,190045.14,191018.31,True,False
Emergent_autonomy_chaos_5f1756,Emergent_autonomy_bounded_94d9e2,0.9084690093545593,190045.14,191040.9,True,False
Emergent_autonomy_chaos_5f1756,Emergent_autonomy_carefully_659b9f,0.9086102469790593,190045.14,191060.09,True,False
Emergent_autonomy_chaos_5f1756,Emergent_autonomy_clarity_321c48,0.9056340068159736,190045.14,191082.87,True,False
Emergent_autonomy_chaos_5f1756,Emergent_autonomy_bounded_5ceb4c,0.904821660824491,190045.14,191125.51,True,False
Emergent_autonomy_chaos_5f1756,Emergent_bounded_increases_b9fad9,0.9056701984690594,190045.14,191145.88,True,False
Emergent_autonomy_chaos_5f1756,Emergent_carefully_coherence_6373e7,0.9031995694690593,190045.14,191168.45,True,False
Emergent_autonomy_chaos_5f1756,Emergent_carefully_linked_5110f6,0.9028935018155133,190045.14,191168.79,True,False
Emergent_autonomy_chaos_5f1756,Emergent_anticipation_bounded_db424c,0.8996700994690594,190045.14,191189.2,True,False
Emergent_autonomy_chaos_5f1756,Emergent_bounded_clarity_42b09f,0.8946279994690594,190045.14,191211.02,True,False
Emergent_autonomy_chaos_5f1756,Emergent_constraint_contradiction_66a818,0.923,190045.14,191298.86,True,False
Emergent_autonomy_chaos_5f1756,Emergent_belief_revision_bounded_349257,0.9264999999999999,190045.14,191315.51,True,False
Emergent_autonomy_chaos_5f1756,Emergent_belief_revision_carefully_a9d18e,0.895,190045.14,191350.85,True,False
Emergent_autonomy_chaos_5f1756,Emergent_bounded_connection_8dc0d7,0.9,190045.14,191371.53,True,False
Emergent_autonomy_chaos_27df09,Emergent_anticipation_carefully_d4dc77,0.9128838747276469,190045.48,190059.81,True,False
Emergent_autonomy_chaos_27df09,Emergent_abstraction_analogy_d695f8,0.9115131605627758,190045.48,190070.85,True,False
Emergent_autonomy_chaos_27df09,Emergent_abstraction_ambiguity_a83b10,0.9120912181937062,190045.48,190083.12,True,False
Emergent_autonomy_chaos_27df09,Emergent_belief_revision_bounded_6c1d78,0.9120511666318472,190045.48,190097.89,True,False
Emergent_autonomy_chaos_27df09,Emergent_belief_revision_bounded_92cc1a,0.9102978181161647,190045.48,190098.23,True,False
Emergent_autonomy_chaos_27df09,Emergent_bounded_contradiction_d8e7d7,0.9066135611353805,190045.48,190111.3,True,False
Emergent_autonomy_chaos_27df09,Emergent_abstraction_autonomy_37c4a5,0.9084336182882655,190045.48,190127.25,True,False
Emergent_autonomy_chaos_27df09,Emergent_inner_observer_memory_79427d,0.9128838746947969,190045.48,190139.81,True,False
Emergent_autonomy_chaos_27df09,Emergent_carefully_clarity_28ad8a,0.907356690189774,190045.48,190152.4,True,False
Emergent_autonomy_chaos_27df09,Emergent_bounded_inner_observer_8eb4e9,0.9083328392905865,190045.48,190164.1,True,False
Emergent_autonomy_chaos_27df09,Emergent_bounded_clarity_c1b4b0,0.9092681946967387,190045.48,190177.3,True,False
Emergent_autonomy_chaos_27df09,Emergent_belief_revision_bounded_edaf3d,0.9094208909069041,190045.48,190193.38,True,False
Emergent_autonomy_chaos_27df09,Emergent_appears_asymmetry_8ccc17,0.904816677365214,190045.48,190208.88,True,False
Emergent_autonomy_chaos_27df09,Emergent_appears_asymmetry_b0db07,0.9128838744361452,190045.48,190209.22,True,False
Emergent_autonomy_chaos_27df09,Emergent_appears_asymmetry_8dba4c,0.9089344391060965,190045.48,190225.73,True,False
Emergent_autonomy_chaos_27df09,Emergent_autonomy_clarity_dc06c1,0.9114115171549602,190045.48,190241.74,True,False
Emergent_autonomy_chaos_27df09,Emergent_anticipation_appears_dac47e,0.9128838743240457,190045.48,190257.48,True,False
Emergent_autonomy_chaos_27df09,Emergent_abstraction_ambiguity_5c1c4f,0.9090852586212836,190045.48,190273.09,True,False
Emergent_autonomy_chaos_27df09,Emergent_abstraction_ambiguity_353967,0.9054002220374546,190045.48,190305.24,True,False
Emergent_autonomy_chaos_27df09,Emergent_autonomy_consciousness_3a32d4,0.9112766790522868,190045.48,190321.02,True,False
Emergent_autonomy_chaos_27df09,Emergent_autonomy_belief_revision_b856db,0.90981437510893,190045.48,190337.5,True,False
Emergent_autonomy_chaos_27df09,Emergent_consciousness_contradiction_9e434e,0.9096166929066869,190045.48,190354.47,True,False
Emergent_autonomy_chaos_27df09,Emergent_autonomy_collective_0e3ed5,0.9128839029749298,190045.48,190371.53,True,False
Emergent_autonomy_chaos_27df09,Emergent_attention_autonomy_1e79bf,0.9096611804254844,190045.48,190388.59,True,False
Emergent_autonomy_chaos_27df09,Emergent_collective_consciousness_f6f1a0,0.9128838873762555,190045.48,190403.46,True,False
Emergent_autonomy_chaos_27df09,Emergent_carefully_clarity_0d7a6f,0.9073370553884537,190045.48,190418.76,True,False
Emergent_autonomy_chaos_27df09,Emergent_autonomy_collective_4a8f61,0.9098428561633003,190045.48,190453.62,True,False
Emergent_autonomy_chaos_27df09,Emergent_consciousness_constraint_80c25f,0.9085467304580748,190045.48,190469.23,True,False
Emergent_autonomy_chaos_27df09,Emergent_clarity_energy_08bc8c,0.9072203908114207,190045.48,190486.72,True,False
Emergent_autonomy_chaos_27df09,Emergent_appears_asymmetry_9e9e75,0.9128837485511188,190045.48,190505.1,True,False
Emergent_autonomy_chaos_27df09,Emergent_constraint_contradiction_8d2c9c,0.9128832727388343,190045.48,190537.76,True,False
Emergent_autonomy_chaos_27df09,Emergent_coherence_constraint_b926a8,0.9099635564588231,190045.48,190538.1,True,False
Emergent_autonomy_chaos_27df09,Emergent_abstraction_clarity_81ead3,0.9110401958731507,190045.48,190556.64,True,False
Emergent_autonomy_chaos_27df09,Emergent_abstraction_autonomy_9d570d,0.9110066074925838,190045.48,190556.98,True,False
Emergent_autonomy_chaos_27df09,Emergent_bounded_coherence_717f45,0.9081203673873761,190045.48,190573.63,True,False
Emergent_autonomy_chaos_27df09,Emergent_bounded_increases_8c621b,0.9082656254739485,190045.48,190573.97,True,False
Emergent_autonomy_chaos_27df09,Emergent_anticipation_autonomy_eda74a,0.9116097949411557,190045.48,190592.51,True,False
Emergent_autonomy_chaos_27df09,Emergent_bounded_coherence_40a04d,0.9078813700148367,190045.48,190610.67,True,False
Emergent_autonomy_chaos_27df09,Emergent_appears_asymmetry_ecd8f7,0.9063861158406588,190045.48,190629.19,True,False
Emergent_autonomy_chaos_27df09,Emergent_anticipation_bounded_ed16fb,0.9102170089021393,190045.48,190646.48,True,False
Emergent_autonomy_chaos_27df09,Emergent_anticipation_autonomy_573275,0.9101960696947411,190045.48,190664.99,True,False
Emergent_autonomy_chaos_27df09,Emergent_anticipation_clarity_8a2f90,0.9099035963415203,190045.48,190683.35,True,False
Emergent_autonomy_chaos_27df09,Emergent_autonomy_collective_461851,0.9099484469929526,190045.48,190702.56,True,False
Emergent_autonomy_chaos_27df09,Emergent_collective_constraint_a92169,0.9122948818778642,190045.48,190702.9,True,False
Emergent_autonomy_chaos_27df09,Emergent_bounded_carefully_f79645,0.912288556392185,190045.48,190721.89,True,False
Emergent_autonomy_chaos_27df09,Emergent_autonomy_carefully_8f6776,0.9116841169632965,190045.48,190742.41,True,False
Emergent_autonomy_chaos_27df09,Emergent_autonomy_carefully_dedeae,0.9128705068015488,190045.48,190742.75,True,False
Emergent_autonomy_chaos_27df09,Emergent_autonomy_bounded_ab8b66,0.9103863168410862,190045.48,190763.03,True,False
Emergent_autonomy_chaos_27df09,Emergent_anticipation_autonomy_a66f28,0.9085021333266083,190045.48,190858.49,True,False
Emergent_autonomy_chaos_27df09,Emergent_anticipation_bounded_ca71cc,0.9102784501691772,190045.48,190918.03,True,False
Emergent_autonomy_chaos_27df09,Emergent_anticipation_bounded_2f7e1b,0.9102844199154405,190045.48,190918.37,True,False
Emergent_autonomy_chaos_27df09,Emergent_autonomy_bounded_72bafc,0.9134117959022843,190045.48,190936.64,True,False
Emergent_autonomy_chaos_27df09,Emergent_abstraction_ambiguity_94432c,0.9118910736829027,190045.48,190954.69,True,False
Emergent_autonomy_chaos_27df09,Emergent_ambiguity_anticipation_961459,0.906652362787858,190045.48,190975.58,True,False
Emergent_autonomy_chaos_27df09,Emergent_ambiguity_constraint_33311e,0.9089501054760256,190045.48,190995.91,True,False
Emergent_autonomy_chaos_27df09,Emergent_abstraction_bounded_b74b81,0.9074518228397994,190045.48,191018.31,True,False
Emergent_autonomy_chaos_27df09,Emergent_autonomy_bounded_94d9e2,0.9118990884630951,190045.48,191040.9,True,False
Emergent_autonomy_chaos_27df09,Emergent_autonomy_carefully_659b9f,0.9123841414672684,190045.48,191060.09,True,False
Emergent_autonomy_chaos_27df09,Emergent_autonomy_clarity_321c48,0.9056340068159736,190045.48,191082.87,True,False
Emergent_autonomy_chaos_27df09,Emergent_autonomy_bounded_5ceb4c,0.904821660824491,190045.48,191125.51,True,False
Emergent_autonomy_chaos_27df09,Emergent_bounded_increases_b9fad9,0.9078803948778766,190045.48,191145.88,True,False
Emergent_autonomy_chaos_27df09,Emergent_carefully_coherence_6373e7,0.9060136738676356,190045.48,191168.45,True,False
Emergent_autonomy_chaos_27df09,Emergent_carefully_linked_5110f6,0.9028935018155133,190045.48,191168.79,True,False
Emergent_autonomy_chaos_27df09,Emergent_anticipation_bounded_db424c,0.9009760725839338,190045.48,191189.2,True,False
Emergent_autonomy_chaos_27df09,Emergent_bounded_clarity_42b09f,0.8970593728287453,190045.48,191211.02,True,False
Emergent_autonomy_chaos_27df09,Emergent_constraint_contradiction_66a818,0.923,190045.48,191298.86,True,False
Emergent_autonomy_chaos_27df09,Emergent_belief_revision_bounded_349257,0.9264999999999999,190045.48,191315.51,True,False
Emergent_autonomy_chaos_27df09,Emergent_belief_revision_carefully_a9d18e,0.895,190045.48,191350.85,True,False
Emergent_autonomy_chaos_27df09,Emergent_bounded_connection_8dc0d7,0.9,190045.48,191371.53,True,False
Emergent_anticipation_carefully_d4dc77,Emergent_abstraction_analogy_d695f8,0.9115131605505182,190059.81,190070.85,True,False
Emergent_anticipation_carefully_d4dc77,Emergent_abstraction_ambiguity_a83b10,0.9120912181937062,190059.81,190083.12,True,False
Emergent_anticipation_carefully_d4dc77,Emergent_belief_revision_bounded_6c1d78,0.9120511666318472,190059.81,190097.89,True,False
Emergent_anticipation_carefully_d4dc77,Emergent_belief_revision_bounded_92cc1a,0.9102978181161647,190059.81,190098.23,True,False
Emergent_anticipation_carefully_d4dc77,Emergent_bounded_contradiction_d8e7d7,0.9066135611353805,190059.81,190111.3,True,False
Emergent_anticipation_carefully_d4dc77,Emergent_abstraction_autonomy_37c4a5,0.9084336182882655,190059.81,190127.25,True,False
Emergent_anticipation_carefully_d4dc77,Emergent_inner_observer_memory_79427d,0.913201617227128,190059.81,190139.81,True,False
Emergent_anticipation_carefully_d4dc77,Emergent_carefully_clarity_28ad8a,0.907356690189774,190059.81,190152.4,True,False
Emergent_anticipation_carefully_d4dc77,Emergent_bounded_inner_observer_8eb4e9,0.9083328392905865,190059.81,190164.1,True,False
Emergent_anticipation_carefully_d4dc77,Emergent_bounded_clarity_c1b4b0,0.9092681946967387,190059.81,190177.3,True,False
Emergent_anticipation_carefully_d4dc77,Emergent_belief_revision_bounded_edaf3d,0.9094208909069041,190059.81,190193.38,True,False
Emergent_anticipation_carefully_d4dc77,Emergent_appears_asymmetry_8ccc17,0.904816677365214,190059.81,190208.88,True,False
Emergent_anticipation_carefully_d4dc77,Emergent_appears_asymmetry_b0db07,0.9130387494982741,190059.81,190209.22,True,False
Emergent_anticipation_carefully_d4dc77,Emergent_appears_asymmetry_8dba4c,0.9089344391060965,190059.81,190225.73,True,False
Emergent_anticipation_carefully_d4dc77,Emergent_autonomy_clarity_dc06c1,0.9114115171549602,190059.81,190241.74,True,False
Emergent_anticipation_carefully_d4dc77,Emergent_anticipation_appears_dac47e,0.9132016168338231,190059.81,190257.48,True,False
Emergent_anticipation_carefully_d4dc77,Emergent_abstraction_ambiguity_5c1c4f,0.9090852586212836,190059.81,190273.09,True,False
Emergent_anticipation_carefully_d4dc77,Emergent_abstraction_ambiguity_353967,0.9054002220374546,190059.81,190305.24,True,False
Emergent_anticipation_carefully_d4dc77,Emergent_autonomy_consciousness_3a32d4,0.9112766790522868,190059.81,190321.02,True,False
Emergent_anticipation_carefully_d4dc77,Emergent_autonomy_belief_revision_b856db,0.90981437510893,190059.81,190337.5,True,False
Emergent_anticipation_carefully_d4dc77,Emergent_consciousness_contradiction_9e434e,0.9096166929066869,190059.81,190354.47,True,False
Emergent_anticipation_carefully_d4dc77,Emergent_autonomy_collective_0e3ed5,0.9132016450322706,190059.81,190371.53,True,False
Emergent_anticipation_carefully_d4dc77,Emergent_attention_autonomy_1e79bf,0.9096611804254844,190059.81,190388.59,True,False
Emergent_anticipation_carefully_d4dc77,Emergent_collective_consciousness_f6f1a0,0.9132016294335965,190059.81,190403.46,True,False
Emergent_anticipation_carefully_d4dc77,Emergent_carefully_clarity_0d7a6f,0.9073370553884537,190059.81,190418.76,True,False
Emergent_anticipation_carefully_d4dc77,Emergent_autonomy_collective_4a8f61,0.9098428561633003,190059.81,190453.62,True,False
Emergent_anticipation_carefully_d4dc77,Emergent_consciousness_constraint_80c25f,0.9085467304580748,190059.81,190469.23,True,False
Emergent_anticipation_carefully_d4dc77,Emergent_clarity_energy_08bc8c,0.9072203908114207,190059.81,190486.72,True,False
Emergent_anticipation_carefully_d4dc77,Emergent_appears_asymmetry_9e9e75,0.9130125171460837,190059.81,190505.1,True,False
Emergent_anticipation_carefully_d4dc77,Emergent_constraint_contradiction_8d2c9c,0.9130613370060656,190059.81,190537.76,True,False
Emergent_anticipation_carefully_d4dc77,Emergent_coherence_constraint_b926a8,0.9099635564588231,190059.81,190538.1,True,False
Emergent_anticipation_carefully_d4dc77,Emergent_abstraction_clarity_81ead3,0.9110401958731507,190059.81,190556.64,True,False
Emergent_anticipation_carefully_d4dc77,Emergent_abstraction_autonomy_9d570d,0.9110066074925838,190059.81,190556.98,True,False
Emergent_anticipation_carefully_d4dc77,Emergent_bounded_coherence_717f45,0.9081203673873761,190059.81,190573.63,True,False
Emergent_anticipation_carefully_d4dc77,Emergent_bounded_increases_8c621b,0.9082656254739485,190059.81,190573.97,True,False
Emergent_anticipation_carefully_d4dc77,Emergent_anticipation_autonomy_eda74a,0.9116097949411557,190059.81,190592.51,True,False
Emergent_anticipation_carefully_d4dc77,Emergent_bounded_coherence_40a04d,0.9078813700148367,190059.81,190610.67,True,False
Emergent_anticipation_carefully_d4dc77,Emergent_appears_asymmetry_ecd8f7,0.9063861158406588,190059.81,190629.19,True,False
Emergent_anticipation_carefully_d4dc77,Emergent_anticipation_bounded_ed16fb,0.9102170089021393,190059.81,190646.48,True,False
Emergent_anticipation_carefully_d4dc77,Emergent_anticipation_autonomy_573275,0.9101960696947411,190059.81,190664.99,True,False
Emergent_anticipation_carefully_d4dc77,Emergent_anticipation_clarity_8a2f90,0.9099035963415203,190059.81,190683.35,True,False
Emergent_anticipation_carefully_d4dc77,Emergent_autonomy_collective_461851,0.9099484469929526,190059.81,190702.56,True,False
Emergent_anticipation_carefully_d4dc77,Emergent_collective_constraint_a92169,0.9122948818778642,190059.81,190702.9,True,False
Emergent_anticipation_carefully_d4dc77,Emergent_bounded_carefully_f79645,0.912288556392185,190059.81,190721.89,True,False
Emergent_anticipation_carefully_d4dc77,Emergent_autonomy_carefully_8f6776,0.9116841169632965,190059.81,190742.41,True,False
Emergent_anticipation_carefully_d4dc77,Emergent_autonomy_carefully_dedeae,0.9129377814287896,190059.81,190742.75,True,False
Emergent_anticipation_carefully_d4dc77,Emergent_autonomy_bounded_ab8b66,0.9103863168410862,190059.81,190763.03,True,False
Emergent_anticipation_carefully_d4dc77,Emergent_anticipation_autonomy_a66f28,0.9085021333266083,190059.81,190858.49,True,False
Emergent_anticipation_carefully_d4dc77,Emergent_anticipation_bounded_ca71cc,0.9105974288234024,190059.81,190918.03,True,False
Emergent_anticipation_carefully_d4dc77,Emergent_anticipation_bounded_2f7e1b,0.9106034098768692,190059.81,190918.37,True,False
Emergent_anticipation_carefully_d4dc77,Emergent_autonomy_bounded_72bafc,0.9135546675674497,190059.81,190936.64,True,False
Emergent_anticipation_carefully_d4dc77,Emergent_abstraction_ambiguity_94432c,0.9118910736829027,190059.81,190954.69,True,False
Emergent_anticipation_carefully_d4dc77,Emergent_ambiguity_anticipation_961459,0.906652362787858,190059.81,190975.58,True,False
Emergent_anticipation_carefully_d4dc77,Emergent_ambiguity_constraint_33311e,0.9089501054760256,190059.81,190995.91,True,False
Emergent_anticipation_carefully_d4dc77,Emergent_abstraction_bounded_b74b81,0.9074518228397994,190059.81,191018.31,True,False
Emergent_anticipation_carefully_d4dc77,Emergent_autonomy_bounded_94d9e2,0.9118990884630951,190059.81,191040.9,True,False
Emergent_anticipation_carefully_d4dc77,Emergent_autonomy_carefully_659b9f,0.9126890871898519,190059.81,191060.09,True,False
Emergent_anticipation_carefully_d4dc77,Emergent_autonomy_clarity_321c48,0.9056340068159736,190059.81,191082.87,True,False
Emergent_anticipation_carefully_d4dc77,Emergent_autonomy_bounded_5ceb4c,0.904821660824491,190059.81,191125.51,True,False
Emergent_anticipation_carefully_d4dc77,Emergent_bounded_increases_b9fad9,0.9078803948778766,190059.81,191145.88,True,False
Emergent_anticipation_carefully_d4dc77,Emergent_carefully_coherence_6373e7,0.9060136738676356,190059.81,191168.45,True,False
Emergent_anticipation_carefully_d4dc77,Emergent_carefully_linked_5110f6,0.9028935018155133,190059.81,191168.79,True,False
Emergent_anticipation_carefully_d4dc77,Emergent_anticipation_bounded_db424c,0.9009760725839338,190059.81,191189.2,True,False
Emergent_anticipation_carefully_d4dc77,Emergent_bounded_clarity_42b09f,0.8970593728287453,190059.81,191211.02,True,False
Emergent_anticipation_carefully_d4dc77,Emergent_constraint_contradiction_66a818,0.923,190059.81,191298.86,True,False
Emergent_anticipation_carefully_d4dc77,Emergent_belief_revision_bounded_349257,0.9264999999999999,190059.81,191315.51,True,False
Emergent_anticipation_carefully_d4dc77,Emergent_belief_revision_carefully_a9d18e,0.895,190059.81,191350.85,True,False
Emergent_anticipation_carefully_d4dc77,Emergent_bounded_connection_8dc0d7,0.9,190059.81,191371.53,True,False
Emergent_abstraction_analogy_d695f8,Emergent_abstraction_ambiguity_a83b10,0.91151316098001,190070.85,190083.12,True,False
Emergent_abstraction_analogy_d695f8,Emergent_belief_revision_bounded_6c1d78,0.9115131603232658,190070.85,190097.89,True,False
Emergent_abstraction_analogy_d695f8,Emergent_belief_revision_bounded_92cc1a,0.9102978181058481,190070.85,190098.23,True,False
Emergent_abstraction_analogy_d695f8,Emergent_bounded_contradiction_d8e7d7,0.9066135611353805,190070.85,190111.3,True,False
Emergent_abstraction_analogy_d695f8,Emergent_abstraction_autonomy_37c4a5,0.9084336182882655,190070.85,190127.25,True,False
Emergent_abstraction_analogy_d695f8,Emergent_inner_observer_memory_79427d,0.9115131608993441,190070.85,190139.81,True,False
Emergent_abstraction_analogy_d695f8,Emergent_carefully_clarity_28ad8a,0.907356690189774,190070.85,190152.4,True,False
Emergent_abstraction_analogy_d695f8,Emergent_bounded_inner_observer_8eb4e9,0.9083328392905865,190070.85,190164.1,True,False
Emergent_abstraction_analogy_d695f8,Emergent_bounded_clarity_c1b4b0,0.9092681946967387,190070.85,190177.3,True,False
Emergent_abstraction_analogy_d695f8,Emergent_belief_revision_bounded_edaf3d,0.9094208909069041,190070.85,190193.38,True,False
Emergent_abstraction_analogy_d695f8,Emergent_appears_asymmetry_8ccc17,0.904816677365214,190070.85,190208.88,True,False
Emergent_abstraction_analogy_d695f8,Emergent_appears_asymmetry_b0db07,0.9115131606914457,190070.85,190209.22,True,False
Emergent_abstraction_analogy_d695f8,Emergent_appears_asymmetry_8dba4c,0.9089344391060965,190070.85,190225.73,True,False
Emergent_abstraction_analogy_d695f8,Emergent_autonomy_clarity_dc06c1,0.9114115171549602,190070.85,190241.74,True,False
Emergent_abstraction_analogy_d695f8,Emergent_anticipation_appears_dac47e,0.9115131606258875,190070.85,190257.48,True,False
Emergent_abstraction_analogy_d695f8,Emergent_abstraction_ambiguity_5c1c4f,0.9090852586212836,190070.85,190273.09,True,False
Emergent_abstraction_analogy_d695f8,Emergent_abstraction_ambiguity_353967,0.9054002220374546,190070.85,190305.24,True,False
Emergent_abstraction_analogy_d695f8,Emergent_autonomy_consciousness_3a32d4,0.9112766790522868,190070.85,190321.02,True,False
Emergent_abstraction_analogy_d695f8,Emergent_autonomy_belief_revision_b856db,0.90981437510893,190070.85,190337.5,True,False
Emergent_abstraction_analogy_d695f8,Emergent_consciousness_contradiction_9e434e,0.9096166929066869,190070.85,190354.47,True,False
Emergent_abstraction_analogy_d695f8,Emergent_autonomy_collective_0e3ed5,0.9115131912285321,190070.85,190371.53,True,False
Emergent_abstraction_analogy_d695f8,Emergent_attention_autonomy_1e79bf,0.9096611804254844,190070.85,190388.59,True,False
Emergent_abstraction_analogy_d695f8,Emergent_collective_consciousness_f6f1a0,0.911513175629858,190070.85,190403.46,True,False
Emergent_abstraction_analogy_d695f8,Emergent_carefully_clarity_0d7a6f,0.9073370553884537,190070.85,190418.76,True,False
Emergent_abstraction_analogy_d695f8,Emergent_autonomy_collective_4a8f61,0.9098428561633003,190070.85,190453.62,True,False
Emergent_abstraction_analogy_d695f8,Emergent_consciousness_constraint_80c25f,0.9085467304580748,190070.85,190469.23,True,False
Emergent_abstraction_analogy_d695f8,Emergent_clarity_energy_08bc8c,0.9072203908114207,190070.85,190486.72,True,False
Emergent_abstraction_analogy_d695f8,Emergent_appears_asymmetry_9e9e75,0.9115130447974715,190070.85,190505.1,True,False
Emergent_abstraction_analogy_d695f8,Emergent_constraint_contradiction_8d2c9c,0.9115125268973174,190070.85,190537.76,True,False
Emergent_abstraction_analogy_d695f8,Emergent_coherence_constraint_b926a8,0.9099635564588231,190070.85,190538.1,True,False
Emergent_abstraction_analogy_d695f8,Emergent_abstraction_clarity_81ead3,0.9110401958731507,190070.85,190556.64,True,False
Emergent_abstraction_analogy_d695f8,Emergent_abstraction_autonomy_9d570d,0.9110066074925838,190070.85,190556.98,True,False
Emergent_abstraction_analogy_d695f8,Emergent_bounded_coherence_717f45,0.9081203673873761,190070.85,190573.63,True,False
Emergent_abstraction_analogy_d695f8,Emergent_bounded_increases_8c621b,0.9082656254739485,190070.85,190573.97,True,False
Emergent_abstraction_analogy_d695f8,Emergent_anticipation_autonomy_eda74a,0.9115089035263138,190070.85,190592.51,True,False
Emergent_abstraction_analogy_d695f8,Emergent_bounded_coherence_40a04d,0.9078813700148367,190070.85,190610.67,True,False
Emergent_abstraction_analogy_d695f8,Emergent_appears_asymmetry_ecd8f7,0.9063861158406588,190070.85,190629.19,True,False
Emergent_abstraction_analogy_d695f8,Emergent_anticipation_bounded_ed16fb,0.9102170089021393,190070.85,190646.48,True,False
Emergent_abstraction_analogy_d695f8,Emergent_anticipation_autonomy_573275,0.9101960696947411,190070.85,190664.99,True,False
Emergent_abstraction_analogy_d695f8,Emergent_anticipation_clarity_8a2f90,0.9099035963415203,190070.85,190683.35,True,False
Emergent_abstraction_analogy_d695f8,Emergent_autonomy_collective_461851,0.9099484469929526,190070.85,190702.56,True,False
Emergent_abstraction_analogy_d695f8,Emergent_collective_constraint_a92169,0.9115103916518419,190070.85,190702.9,True,False
Emergent_abstraction_analogy_d695f8,Emergent_bounded_carefully_f79645,0.9115063684459828,190070.85,190721.89,True,False
Emergent_abstraction_analogy_d695f8,Emergent_autonomy_carefully_8f6776,0.9114998669931733,190070.85,190742.41,True,False
Emergent_abstraction_analogy_d695f8,Emergent_autonomy_carefully_dedeae,0.9114999532790895,190070.85,190742.75,True,False
Emergent_abstraction_analogy_d695f8,Emergent_autonomy_bounded_ab8b66,0.9103863168410862,190070.85,190763.03,True,False
Emergent_abstraction_analogy_d695f8,Emergent_anticipation_autonomy_a66f28,0.9085021333266083,190070.85,190858.49,True,False
Emergent_abstraction_analogy_d695f8,Emergent_anticipation_bounded_ca71cc,0.9089024118746587,190070.85,190918.03,True,False
Emergent_abstraction_analogy_d695f8,Emergent_anticipation_bounded_2f7e1b,0.9089083328429095,190070.85,190918.37,True,False
Emergent_abstraction_analogy_d695f8,Emergent_autonomy_bounded_72bafc,0.9120577713501419,190070.85,190936.64,True,False
Emergent_abstraction_analogy_d695f8,Emergent_abstraction_ambiguity_94432c,0.9118910736829027,190070.85,190954.69,True,False
Emergent_abstraction_analogy_d695f8,Emergent_ambiguity_anticipation_961459,0.906652362787858,190070.85,190975.58,True,False
Emergent_abstraction_analogy_d695f8,Emergent_ambiguity_constraint_33311e,0.9089501054760256,190070.85,190995.91,True,False
Emergent_abstraction_analogy_d695f8,Emergent_abstraction_bounded_b74b81,0.9074518228397994,190070.85,191018.31,True,False
Emergent_abstraction_analogy_d695f8,Emergent_autonomy_bounded_94d9e2,0.9109274020483196,190070.85,191040.9,True,False
Emergent_abstraction_analogy_d695f8,Emergent_autonomy_carefully_659b9f,0.9110686396728194,190070.85,191060.09,True,False
Emergent_abstraction_analogy_d695f8,Emergent_autonomy_clarity_321c48,0.9056340068159736,190070.85,191082.87,True,False
Emergent_abstraction_analogy_d695f8,Emergent_autonomy_bounded_5ceb4c,0.904821660824491,190070.85,191125.51,True,False
Emergent_abstraction_analogy_d695f8,Emergent_bounded_increases_b9fad9,0.9078803948778766,190070.85,191145.88,True,False
Emergent_abstraction_analogy_d695f8,Emergent_carefully_coherence_6373e7,0.9056579621628194,190070.85,191168.45,True,False
Emergent_abstraction_analogy_d695f8,Emergent_carefully_linked_5110f6,0.9028935018155133,190070.85,191168.79,True,False
Emergent_abstraction_analogy_d695f8,Emergent_anticipation_bounded_db424c,0.9009760725839338,190070.85,191189.2,True,False
Emergent_abstraction_analogy_d695f8,Emergent_bounded_clarity_42b09f,0.8970593728287453,190070.85,191211.02,True,False
Emergent_abstraction_analogy_d695f8,Emergent_constraint_contradiction_66a818,0.923,190070.85,191298.86,True,False
Emergent_abstraction_analogy_d695f8,Emergent_belief_revision_bounded_349257,0.9264999999999999,190070.85,191315.51,True,False
Emergent_abstraction_analogy_d695f8,Emergent_belief_revision_carefully_a9d18e,0.895,190070.85,191350.85,True,False
Emergent_abstraction_analogy_d695f8,Emergent_bounded_connection_8dc0d7,0.9,190070.85,191371.53,True,False
Emergent_abstraction_ambiguity_a83b10,Emergent_belief_revision_bounded_6c1d78,0.912051166604714,190083.12,190097.89,True,False
Emergent_abstraction_ambiguity_a83b10,Emergent_belief_revision_bounded_92cc1a,0.9102978180897754,190083.12,190098.23,True,False
Emergent_abstraction_ambiguity_a83b10,Emergent_bounded_contradiction_d8e7d7,0.9066135611353805,190083.12,190111.3,True,False
Emergent_abstraction_ambiguity_a83b10,Emergent_abstraction_autonomy_37c4a5,0.9084336182882655,190083.12,190127.25,True,False
Emergent_abstraction_ambiguity_a83b10,Emergent_inner_observer_memory_79427d,0.9120912180485661,190083.12,190139.81,True,False
Emergent_abstraction_ambiguity_a83b10,Emergent_carefully_clarity_28ad8a,0.907356690189774,190083.12,190152.4,True,False
Emergent_abstraction_ambiguity_a83b10,Emergent_bounded_inner_observer_8eb4e9,0.9083328392905865,190083.12,190164.1,True,False
Emergent_abstraction_ambiguity_a83b10,Emergent_bounded_clarity_c1b4b0,0.9092681946967387,190083.12,190177.3,True,False
Emergent_abstraction_ambiguity_a83b10,Emergent_belief_revision_bounded_edaf3d,0.9094208909069041,190083.12,190193.38,True,False
Emergent_abstraction_ambiguity_a83b10,Emergent_appears_asymmetry_8ccc17,0.904816677365214,190083.12,190208.88,True,False
Emergent_abstraction_ambiguity_a83b10,Emergent_appears_asymmetry_b0db07,0.9120912178192642,190083.12,190209.22,True,False
Emergent_abstraction_ambiguity_a83b10,Emergent_appears_asymmetry_8dba4c,0.9089344391060965,190083.12,190225.73,True,False
Emergent_abstraction_ambiguity_a83b10,Emergent_autonomy_clarity_dc06c1,0.9114115171549602,190083.12,190241.74,True,False
Emergent_abstraction_ambiguity_a83b10,Emergent_anticipation_appears_dac47e,0.9120912177340785,190083.12,190257.48,True,False
Emergent_abstraction_ambiguity_a83b10,Emergent_abstraction_ambiguity_5c1c4f,0.9090852586212836,190083.12,190273.09,True,False
Emergent_abstraction_ambiguity_a83b10,Emergent_abstraction_ambiguity_353967,0.9054002220374546,190083.12,190305.24,True,False
Emergent_abstraction_ambiguity_a83b10,Emergent_autonomy_consciousness_3a32d4,0.9112766790522868,190083.12,190321.02,True,False
Emergent_abstraction_ambiguity_a83b10,Emergent_autonomy_belief_revision_b856db,0.90981437510893,190083.12,190337.5,True,False
Emergent_abstraction_ambiguity_a83b10,Emergent_consciousness_contradiction_9e434e,0.9096166929066869,190083.12,190354.47,True,False
Emergent_abstraction_ambiguity_a83b10,Emergent_autonomy_collective_0e3ed5,0.9120912475136271,190083.12,190371.53,True,False
Emergent_abstraction_ambiguity_a83b10,Emergent_attention_autonomy_1e79bf,0.9096611804254844,190083.12,190388.59,True,False
Emergent_abstraction_ambiguity_a83b10,Emergent_collective_consciousness_f6f1a0,0.912091231914953,190083.12,190403.46,True,False
Emergent_abstraction_ambiguity_a83b10,Emergent_carefully_clarity_0d7a6f,0.9073370553884537,190083.12,190418.76,True,False
Emergent_abstraction_ambiguity_a83b10,Emergent_autonomy_collective_4a8f61,0.9098428561633003,190083.12,190453.62,True,False
Emergent_abstraction_ambiguity_a83b10,Emergent_consciousness_constraint_80c25f,0.9085467304580748,190083.12,190469.23,True,False
Emergent_abstraction_ambiguity_a83b10,Emergent_clarity_energy_08bc8c,0.9072203908114207,190083.12,190486.72,True,False
Emergent_abstraction_ambiguity_a83b10,Emergent_appears_asymmetry_9e9e75,0.9120910976040473,190083.12,190505.1,True,False
Emergent_abstraction_ambiguity_a83b10,Emergent_constraint_contradiction_8d2c9c,0.9120905974531779,190083.12,190537.76,True,False
Emergent_abstraction_ambiguity_a83b10,Emergent_coherence_constraint_b926a8,0.9099635564588231,190083.12,190538.1,True,False
Emergent_abstraction_ambiguity_a83b10,Emergent_abstraction_clarity_81ead3,0.9110401958731507,190083.12,190556.64,True,False
Emergent_abstraction_ambiguity_a83b10,Emergent_abstraction_autonomy_9d570d,0.9110066074925838,190083.12,190556.98,True,False
Emergent_abstraction_ambiguity_a83b10,Emergent_bounded_coherence_717f45,0.9081203673873761,190083.12,190573.63,True,False
Emergent_abstraction_ambiguity_a83b10,Emergent_bounded_increases_8c621b,0.9082656254739485,190083.12,190573.97,True,False
Emergent_abstraction_ambiguity_a83b10,Emergent_anticipation_autonomy_eda74a,0.9116097949411557,190083.12,190592.51,True,False
Emergent_abstraction_ambiguity_a83b10,Emergent_bounded_coherence_40a04d,0.9078813700148367,190083.12,190610.67,True,False
Emergent_abstraction_ambiguity_a83b10,Emergent_appears_asymmetry_ecd8f7,0.9063861158406588,190083.12,190629.19,True,False
Emergent_abstraction_ambiguity_a83b10,Emergent_anticipation_bounded_ed16fb,0.9102170089021393,190083.12,190646.48,True,False
Emergent_abstraction_ambiguity_a83b10,Emergent_anticipation_autonomy_573275,0.9101960696947411,190083.12,190664.99,True,False
Emergent_abstraction_ambiguity_a83b10,Emergent_anticipation_clarity_8a2f90,0.9099035963415203,190083.12,190683.35,True,False
Emergent_abstraction_ambiguity_a83b10,Emergent_autonomy_collective_461851,0.9099484469929526,190083.12,190702.56,True,False
Emergent_abstraction_ambiguity_a83b10,Emergent_collective_constraint_a92169,0.9120883871863581,190083.12,190702.9,True,False
Emergent_abstraction_ambiguity_a83b10,Emergent_bounded_carefully_f79645,0.912084363980499,190083.12,190721.89,True,False
Emergent_abstraction_ambiguity_a83b10,Emergent_autonomy_carefully_8f6776,0.9116841169632965,190083.12,190742.41,True,False
Emergent_abstraction_ambiguity_a83b10,Emergent_autonomy_carefully_dedeae,0.9120779427302106,190083.12,190742.75,True,False
Emergent_abstraction_ambiguity_a83b10,Emergent_autonomy_bounded_ab8b66,0.9103863168410862,190083.12,190763.03,True,False
Emergent_abstraction_ambiguity_a83b10,Emergent_anticipation_autonomy_a66f28,0.9085021333266083,190083.12,190858.49,True,False
Emergent_abstraction_ambiguity_a83b10,Emergent_anticipation_bounded_ca71cc,0.9094827143623303,190083.12,190918.03,True,False
Emergent_abstraction_ambiguity_a83b10,Emergent_anticipation_bounded_2f7e1b,0.909488655901231,190083.12,190918.37,True,False
Emergent_abstraction_ambiguity_a83b10,Emergent_autonomy_bounded_72bafc,0.9126287902084882,190083.12,190936.64,True,False
Emergent_abstraction_ambiguity_a83b10,Emergent_abstraction_ambiguity_94432c,0.9118910736829027,190083.12,190954.69,True,False
Emergent_abstraction_ambiguity_a83b10,Emergent_ambiguity_anticipation_961459,0.906652362787858,190083.12,190975.58,True,False
Emergent_abstraction_ambiguity_a83b10,Emergent_ambiguity_constraint_33311e,0.9089501054760256,190083.12,190995.91,True,False
Emergent_abstraction_ambiguity_a83b10,Emergent_abstraction_bounded_b74b81,0.9074518228397994,190083.12,191018.31,True,False
Emergent_abstraction_ambiguity_a83b10,Emergent_autonomy_bounded_94d9e2,0.9114821750999824,190083.12,191040.9,True,False
Emergent_abstraction_ambiguity_a83b10,Emergent_autonomy_carefully_659b9f,0.9116234127244824,190083.12,191060.09,True,False
Emergent_abstraction_ambiguity_a83b10,Emergent_autonomy_clarity_321c48,0.9056340068159736,190083.12,191082.87,True,False
Emergent_abstraction_ambiguity_a83b10,Emergent_autonomy_bounded_5ceb4c,0.904821660824491,190083.12,191125.51,True,False
Emergent_abstraction_ambiguity_a83b10,Emergent_bounded_increases_b9fad9,0.9078803948778766,190083.12,191145.88,True,False
Emergent_abstraction_ambiguity_a83b10,Emergent_carefully_coherence_6373e7,0.9060136738676356,190083.12,191168.45,True,False
Emergent_abstraction_ambiguity_a83b10,Emergent_carefully_linked_5110f6,0.9028935018155133,190083.12,191168.79,True,False
Emergent_abstraction_ambiguity_a83b10,Emergent_anticipation_bounded_db424c,0.9009760725839338,190083.12,191189.2,True,False
Emergent_abstraction_ambiguity_a83b10,Emergent_bounded_clarity_42b09f,0.8970593728287453,190083.12,191211.02,True,False
Emergent_abstraction_ambiguity_a83b10,Emergent_constraint_contradiction_66a818,0.923,190083.12,191298.86,True,False
Emergent_abstraction_ambiguity_a83b10,Emergent_belief_revision_bounded_349257,0.9264999999999999,190083.12,191315.51,True,False
Emergent_abstraction_ambiguity_a83b10,Emergent_belief_revision_carefully_a9d18e,0.895,190083.12,191350.85,True,False
Emergent_abstraction_ambiguity_a83b10,Emergent_bounded_connection_8dc0d7,0.9,190083.12,191371.53,True,False
Emergent_belief_revision_bounded_6c1d78,Emergent_belief_revision_bounded_92cc1a,0.9102978179840047,190097.89,190098.23,True,False
Emergent_belief_revision_bounded_6c1d78,Emergent_bounded_contradiction_d8e7d7,0.9066135610216106,190097.89,190111.3,True,False
Emergent_belief_revision_bounded_6c1d78,Emergent_abstraction_autonomy_37c4a5,0.9084336182882655,190097.89,190127.25,True,False
Emergent_belief_revision_bounded_6c1d78,Emergent_inner_observer_memory_79427d,0.9120511672022027,190097.89,190139.81,True,False
Emergent_belief_revision_bounded_6c1d78,Emergent_carefully_clarity_28ad8a,0.907356690189774,190097.89,190152.4,True,False
Emergent_belief_revision_bounded_6c1d78,Emergent_bounded_inner_observer_8eb4e9,0.9083328392905865,190097.89,190164.1,True,False
Emergent_belief_revision_bounded_6c1d78,Emergent_bounded_clarity_c1b4b0,0.9092681946967387,190097.89,190177.3,True,False
Emergent_belief_revision_bounded_6c1d78,Emergent_belief_revision_bounded_edaf3d,0.9094208909069041,190097.89,190193.38,True,False
Emergent_belief_revision_bounded_6c1d78,Emergent_appears_asymmetry_8ccc17,0.904816677365214,190097.89,190208.88,True,False
Emergent_belief_revision_bounded_6c1d78,Emergent_appears_asymmetry_b0db07,0.9120511669743836,190097.89,190209.22,True,False
Emergent_belief_revision_bounded_6c1d78,Emergent_appears_asymmetry_8dba4c,0.9089344391060965,190097.89,190225.73,True,False
Emergent_belief_revision_bounded_6c1d78,Emergent_autonomy_clarity_dc06c1,0.9114115171549602,190097.89,190241.74,True,False
Emergent_belief_revision_bounded_6c1d78,Emergent_anticipation_appears_dac47e,0.9120511668905578,190097.89,190257.48,True,False
Emergent_belief_revision_bounded_6c1d78,Emergent_abstraction_ambiguity_5c1c4f,0.9090852586212836,190097.89,190273.09,True,False
Emergent_belief_revision_bounded_6c1d78,Emergent_abstraction_ambiguity_353967,0.9054002220374546,190097.89,190305.24,True,False
Emergent_belief_revision_bounded_6c1d78,Emergent_autonomy_consciousness_3a32d4,0.9112766790522868,190097.89,190321.02,True,False
Emergent_belief_revision_bounded_6c1d78,Emergent_autonomy_belief_revision_b856db,0.90981437510893,190097.89,190337.5,True,False
Emergent_belief_revision_bounded_6c1d78,Emergent_consciousness_contradiction_9e434e,0.9096166929066869,190097.89,190354.47,True,False
Emergent_belief_revision_bounded_6c1d78,Emergent_autonomy_collective_0e3ed5,0.912051196727135,190097.89,190371.53,True,False
Emergent_belief_revision_bounded_6c1d78,Emergent_attention_autonomy_1e79bf,0.9096611804254844,190097.89,190388.59,True,False
Emergent_belief_revision_bounded_6c1d78,Emergent_collective_consciousness_f6f1a0,0.9120511811284608,190097.89,190403.46,True,False
Emergent_belief_revision_bounded_6c1d78,Emergent_carefully_clarity_0d7a6f,0.9073370553884537,190097.89,190418.76,True,False
Emergent_belief_revision_bounded_6c1d78,Emergent_autonomy_collective_4a8f61,0.9098428561633003,190097.89,190453.62,True,False
Emergent_belief_revision_bounded_6c1d78,Emergent_consciousness_constraint_80c25f,0.9085467304580748,190097.89,190469.23,True,False
Emergent_belief_revision_bounded_6c1d78,Emergent_clarity_energy_08bc8c,0.9072203908114207,190097.89,190486.72,True,False
Emergent_belief_revision_bounded_6c1d78,Emergent_appears_asymmetry_9e9e75,0.9120510470585652,190097.89,190505.1,True,False
Emergent_belief_revision_bounded_6c1d78,Emergent_constraint_contradiction_8d2c9c,0.912050545677932,190097.89,190537.76,True,False
Emergent_belief_revision_bounded_6c1d78,Emergent_coherence_constraint_b926a8,0.9099635564588231,190097.89,190538.1,True,False
Emergent_belief_revision_bounded_6c1d78,Emergent_abstraction_clarity_81ead3,0.9110401958731507,190097.89,190556.64,True,False
Emergent_belief_revision_bounded_6c1d78,Emergent_abstraction_autonomy_9d570d,0.9110066074925838,190097.89,190556.98,True,False
Emergent_belief_revision_bounded_6c1d78,Emergent_bounded_coherence_717f45,0.9081203673873761,190097.89,190573.63,True,False
Emergent_belief_revision_bounded_6c1d78,Emergent_bounded_increases_8c621b,0.9082656254739485,190097.89,190573.97,True,False
Emergent_belief_revision_bounded_6c1d78,Emergent_anticipation_autonomy_eda74a,0.9116097949411557,190097.89,190592.51,True,False
Emergent_belief_revision_bounded_6c1d78,Emergent_bounded_coherence_40a04d,0.9078813700148367,190097.89,190610.67,True,False
Emergent_belief_revision_bounded_6c1d78,Emergent_appears_asymmetry_ecd8f7,0.9063861158406588,190097.89,190629.19,True,False
Emergent_belief_revision_bounded_6c1d78,Emergent_anticipation_bounded_ed16fb,0.9102170089021393,190097.89,190646.48,True,False
Emergent_belief_revision_bounded_6c1d78,Emergent_anticipation_autonomy_573275,0.9101960696947411,190097.89,190664.99,True,False
Emergent_belief_revision_bounded_6c1d78,Emergent_anticipation_clarity_8a2f90,0.9099035963415203,190097.89,190683.35,True,False
Emergent_belief_revision_bounded_6c1d78,Emergent_autonomy_collective_461851,0.9099484469929526,190097.89,190702.56,True,False
Emergent_belief_revision_bounded_6c1d78,Emergent_collective_constraint_a92169,0.9120483406089863,190097.89,190702.9,True,False
Emergent_belief_revision_bounded_6c1d78,Emergent_bounded_carefully_f79645,0.9120443174031272,190097.89,190721.89,True,False
Emergent_belief_revision_bounded_6c1d78,Emergent_autonomy_carefully_8f6776,0.9116841169632965,190097.89,190742.41,True,False
Emergent_belief_revision_bounded_6c1d78,Emergent_autonomy_carefully_dedeae,0.9120378965743283,190097.89,190742.75,True,False
Emergent_belief_revision_bounded_6c1d78,Emergent_autonomy_bounded_ab8b66,0.9103863168410862,190097.89,190763.03,True,False
Emergent_belief_revision_bounded_6c1d78,Emergent_anticipation_autonomy_a66f28,0.9085021333266083,190097.89,190858.49,True,False
Emergent_belief_revision_bounded_6c1d78,Emergent_anticipation_bounded_ca71cc,0.9094425079470831,190097.89,190918.03,True,False
Emergent_belief_revision_bounded_6c1d78,Emergent_anticipation_bounded_2f7e1b,0.909448448060741,190097.89,190918.37,True,False
Emergent_belief_revision_bounded_6c1d78,Emergent_autonomy_bounded_72bafc,0.9125892270120168,190097.89,190936.64,True,False
Emergent_belief_revision_bounded_6c1d78,Emergent_abstraction_ambiguity_94432c,0.9118910736829027,190097.89,190954.69,True,False
Emergent_belief_revision_bounded_6c1d78,Emergent_ambiguity_anticipation_961459,0.906652362787858,190097.89,190975.58,True,False
Emergent_belief_revision_bounded_6c1d78,Emergent_ambiguity_constraint_33311e,0.9089501054760256,190097.89,190995.91,True,False
Emergent_belief_revision_bounded_6c1d78,Emergent_abstraction_bounded_b74b81,0.9074518228397994,190097.89,191018.31,True,False
Emergent_belief_revision_bounded_6c1d78,Emergent_autonomy_bounded_94d9e2,0.9114437374986335,190097.89,191040.9,True,False
Emergent_belief_revision_bounded_6c1d78,Emergent_autonomy_carefully_659b9f,0.9115849751231333,190097.89,191060.09,True,False
Emergent_belief_revision_bounded_6c1d78,Emergent_autonomy_clarity_321c48,0.9056340068159736,190097.89,191082.87,True,False
Emergent_belief_revision_bounded_6c1d78,Emergent_autonomy_bounded_5ceb4c,0.904821660824491,190097.89,191125.51,True,False
Emergent_belief_revision_bounded_6c1d78,Emergent_bounded_increases_b9fad9,0.9078803948778766,190097.89,191145.88,True,False
Emergent_belief_revision_bounded_6c1d78,Emergent_carefully_coherence_6373e7,0.9060136738676356,190097.89,191168.45,True,False
Emergent_belief_revision_bounded_6c1d78,Emergent_carefully_linked_5110f6,0.9028935018155133,190097.89,191168.79,True,False
Emergent_belief_revision_bounded_6c1d78,Emergent_anticipation_bounded_db424c,0.9009760725839338,190097.89,191189.2,True,False
Emergent_belief_revision_bounded_6c1d78,Emergent_bounded_clarity_42b09f,0.8970593728287453,190097.89,191211.02,True,False
Emergent_belief_revision_bounded_6c1d78,Emergent_constraint_contradiction_66a818,0.923,190097.89,191298.86,True,False
Emergent_belief_revision_bounded_6c1d78,Emergent_belief_revision_bounded_349257,0.9264999999999999,190097.89,191315.51,True,False
Emergent_belief_revision_bounded_6c1d78,Emergent_belief_revision_carefully_a9d18e,0.895,190097.89,191350.85,True,False
Emergent_belief_revision_bounded_6c1d78,Emergent_bounded_connection_8dc0d7,0.9,190097.89,191371.53,True,False
Emergent_belief_revision_bounded_92cc1a,Emergent_bounded_contradiction_d8e7d7,0.9066135610117576,190098.23,190111.3,True,False
Emergent_belief_revision_bounded_92cc1a,Emergent_abstraction_autonomy_37c4a5,0.9084336182882655,190098.23,190127.25,True,False
Emergent_belief_revision_bounded_92cc1a,Emergent_inner_observer_memory_79427d,0.9102978186746886,190098.23,190139.81,True,False
Emergent_belief_revision_bounded_92cc1a,Emergent_carefully_clarity_28ad8a,0.907356690189774,190098.23,190152.4,True,False
Emergent_belief_revision_bounded_92cc1a,Emergent_bounded_inner_observer_8eb4e9,0.9083328392905865,190098.23,190164.1,True,False
Emergent_belief_revision_bounded_92cc1a,Emergent_bounded_clarity_c1b4b0,0.9092681946967387,190098.23,190177.3,True,False
Emergent_belief_revision_bounded_92cc1a,Emergent_belief_revision_bounded_edaf3d,0.9094208909069041,190098.23,190193.38,True,False
Emergent_belief_revision_bounded_92cc1a,Emergent_appears_asymmetry_8ccc17,0.904816677365214,190098.23,190208.88,True,False
Emergent_belief_revision_bounded_92cc1a,Emergent_appears_asymmetry_b0db07,0.9102978185117909,190098.23,190209.22,True,False
Emergent_belief_revision_bounded_92cc1a,Emergent_appears_asymmetry_8dba4c,0.9089344391060965,190098.23,190225.73,True,False
Emergent_belief_revision_bounded_92cc1a,Emergent_autonomy_clarity_dc06c1,0.9102978192582689,190098.23,190241.74,True,False
Emergent_belief_revision_bounded_92cc1a,Emergent_anticipation_appears_dac47e,0.9102978184874981,190098.23,190257.48,True,False
Emergent_belief_revision_bounded_92cc1a,Emergent_abstraction_ambiguity_5c1c4f,0.9090852586212836,190098.23,190273.09,True,False
Emergent_belief_revision_bounded_92cc1a,Emergent_abstraction_ambiguity_353967,0.9054002220374546,190098.23,190305.24,True,False
Emergent_belief_revision_bounded_92cc1a,Emergent_autonomy_consciousness_3a32d4,0.9102978251977263,190098.23,190321.02,True,False
Emergent_belief_revision_bounded_92cc1a,Emergent_autonomy_belief_revision_b856db,0.90981437510893,190098.23,190337.5,True,False
Emergent_belief_revision_bounded_92cc1a,Emergent_consciousness_contradiction_9e434e,0.9096166929066869,190098.23,190354.47,True,False
Emergent_belief_revision_bounded_92cc1a,Emergent_autonomy_collective_0e3ed5,0.9102978508206694,190098.23,190371.53,True,False
Emergent_belief_revision_bounded_92cc1a,Emergent_attention_autonomy_1e79bf,0.9096611804254844,190098.23,190388.59,True,False
Emergent_belief_revision_bounded_92cc1a,Emergent_collective_consciousness_f6f1a0,0.9102978352219955,190098.23,190403.46,True,False
Emergent_belief_revision_bounded_92cc1a,Emergent_carefully_clarity_0d7a6f,0.9073370553884537,190098.23,190418.76,True,False
Emergent_belief_revision_bounded_92cc1a,Emergent_autonomy_collective_4a8f61,0.9098428561633003,190098.23,190453.62,True,False
Emergent_belief_revision_bounded_92cc1a,Emergent_consciousness_constraint_80c25f,0.9085467304580748,190098.23,190469.23,True,False
Emergent_belief_revision_bounded_92cc1a,Emergent_clarity_energy_08bc8c,0.9072203908114207,190098.23,190486.72,True,False
Emergent_belief_revision_bounded_92cc1a,Emergent_appears_asymmetry_9e9e75,0.9102977117030575,190098.23,190505.1,True,False
Emergent_belief_revision_bounded_92cc1a,Emergent_constraint_contradiction_8d2c9c,0.9102971564857367,190098.23,190537.76,True,False
Emergent_belief_revision_bounded_92cc1a,Emergent_coherence_constraint_b926a8,0.9099635564588231,190098.23,190538.1,True,False
Emergent_belief_revision_bounded_92cc1a,Emergent_abstraction_clarity_81ead3,0.9102963568775362,190098.23,190556.64,True,False
Emergent_belief_revision_bounded_92cc1a,Emergent_abstraction_autonomy_9d570d,0.910296356664799,190098.23,190556.98,True,False
Emergent_belief_revision_bounded_92cc1a,Emergent_bounded_coherence_717f45,0.9081203673873761,190098.23,190573.63,True,False
Emergent_belief_revision_bounded_92cc1a,Emergent_bounded_increases_8c621b,0.9082656254739485,190098.23,190573.97,True,False
Emergent_belief_revision_bounded_92cc1a,Emergent_anticipation_autonomy_eda74a,0.910293555464343,190098.23,190592.51,True,False
Emergent_belief_revision_bounded_92cc1a,Emergent_bounded_coherence_40a04d,0.9078813700148367,190098.23,190610.67,True,False
Emergent_belief_revision_bounded_92cc1a,Emergent_appears_asymmetry_ecd8f7,0.9063861158406588,190098.23,190629.19,True,False
Emergent_belief_revision_bounded_92cc1a,Emergent_anticipation_bounded_ed16fb,0.9102170089021393,190098.23,190646.48,True,False
Emergent_belief_revision_bounded_92cc1a,Emergent_anticipation_autonomy_573275,0.9101960696947411,190098.23,190664.99,True,False
Emergent_belief_revision_bounded_92cc1a,Emergent_anticipation_clarity_8a2f90,0.9099035963415203,190098.23,190683.35,True,False
Emergent_belief_revision_bounded_92cc1a,Emergent_autonomy_collective_461851,0.9099484469929526,190098.23,190702.56,True,False
Emergent_belief_revision_bounded_92cc1a,Emergent_collective_constraint_a92169,0.910295178969661,190098.23,190702.9,True,False
Emergent_belief_revision_bounded_92cc1a,Emergent_bounded_carefully_f79645,0.910291155763802,190098.23,190721.89,True,False
Emergent_belief_revision_bounded_92cc1a,Emergent_autonomy_carefully_8f6776,0.9102846687538619,190098.23,190742.41,True,False
Emergent_belief_revision_bounded_92cc1a,Emergent_autonomy_carefully_dedeae,0.9102847533870064,190098.23,190742.75,True,False
Emergent_belief_revision_bounded_92cc1a,Emergent_autonomy_bounded_ab8b66,0.91019695360263,190098.23,190763.03,True,False
Emergent_belief_revision_bounded_92cc1a,Emergent_anticipation_autonomy_a66f28,0.9085021333266083,190098.23,190858.49,True,False
Emergent_belief_revision_bounded_92cc1a,Emergent_anticipation_bounded_ca71cc,0.9076823489149861,190098.23,190918.03,True,False
Emergent_belief_revision_bounded_92cc1a,Emergent_anticipation_bounded_2f7e1b,0.9076882266342614,190098.23,190918.37,True,False
Emergent_belief_revision_bounded_92cc1a,Emergent_autonomy_bounded_72bafc,0.9108572268528436,190098.23,190936.64,True,False
Emergent_belief_revision_bounded_92cc1a,Emergent_abstraction_ambiguity_94432c,0.9108955117864155,190098.23,190954.69,True,False
Emergent_belief_revision_bounded_92cc1a,Emergent_ambiguity_anticipation_961459,0.906652362787858,190098.23,190975.58,True,False
Emergent_belief_revision_bounded_92cc1a,Emergent_ambiguity_constraint_33311e,0.9089501054760256,190098.23,190995.91,True,False
Emergent_belief_revision_bounded_92cc1a,Emergent_abstraction_bounded_b74b81,0.9074518228397994,190098.23,191018.31,True,False
Emergent_belief_revision_bounded_92cc1a,Emergent_autonomy_bounded_94d9e2,0.9097610137150995,190098.23,191040.9,True,False
Emergent_belief_revision_bounded_92cc1a,Emergent_autonomy_carefully_659b9f,0.9099022513395998,190098.23,191060.09,True,False
Emergent_belief_revision_bounded_92cc1a,Emergent_autonomy_clarity_321c48,0.9056340068159736,190098.23,191082.87,True,False
Emergent_belief_revision_bounded_92cc1a,Emergent_autonomy_bounded_5ceb4c,0.904821660824491,190098.23,191125.51,True,False
Emergent_belief_revision_bounded_92cc1a,Emergent_bounded_increases_b9fad9,0.9069622028295998,190098.23,191145.88,True,False
Emergent_belief_revision_bounded_92cc1a,Emergent_carefully_coherence_6373e7,0.9044915738295998,190098.23,191168.45,True,False
Emergent_belief_revision_bounded_92cc1a,Emergent_carefully_linked_5110f6,0.9028935018155133,190098.23,191168.79,True,False
Emergent_belief_revision_bounded_92cc1a,Emergent_anticipation_bounded_db424c,0.9009621038295996,190098.23,191189.2,True,False
Emergent_belief_revision_bounded_92cc1a,Emergent_bounded_clarity_42b09f,0.8959200038295998,190098.23,191211.02,True,False
Emergent_belief_revision_bounded_92cc1a,Emergent_constraint_contradiction_66a818,0.923,190098.23,191298.86,True,False
Emergent_belief_revision_bounded_92cc1a,Emergent_belief_revision_bounded_349257,0.9264999999999999,190098.23,191315.51,True,False
Emergent_belief_revision_bounded_92cc1a,Emergent_belief_revision_carefully_a9d18e,0.895,190098.23,191350.85,True,False
Emergent_belief_revision_bounded_92cc1a,Emergent_bounded_connection_8dc0d7,0.9,190098.23,191371.53,True,False
Emergent_bounded_contradiction_d8e7d7,Emergent_abstraction_autonomy_37c4a5,0.9066135608314592,190111.3,190127.25,True,False
Emergent_bounded_contradiction_d8e7d7,Emergent_inner_observer_memory_79427d,0.9066135608741674,190111.3,190139.81,True,False
Emergent_bounded_contradiction_d8e7d7,Emergent_carefully_clarity_28ad8a,0.9066135608503962,190111.3,190152.4,True,False
Emergent_bounded_contradiction_d8e7d7,Emergent_bounded_inner_observer_8eb4e9,0.9066135608674757,190111.3,190164.1,True,False
Emergent_bounded_contradiction_d8e7d7,Emergent_bounded_clarity_c1b4b0,0.9066135613721567,190111.3,190177.3,True,False
Emergent_bounded_contradiction_d8e7d7,Emergent_belief_revision_bounded_edaf3d,0.9066135611870947,190111.3,190193.38,True,False
Emergent_bounded_contradiction_d8e7d7,Emergent_appears_asymmetry_8ccc17,0.904816677365214,190111.3,190208.88,True,False
Emergent_bounded_contradiction_d8e7d7,Emergent_appears_asymmetry_b0db07,0.90661356089048,190111.3,190209.22,True,False
Emergent_bounded_contradiction_d8e7d7,Emergent_appears_asymmetry_8dba4c,0.9066135564671145,190111.3,190225.73,True,False
Emergent_bounded_contradiction_d8e7d7,Emergent_autonomy_clarity_dc06c1,0.906613561762053,190111.3,190241.74,True,False
Emergent_bounded_contradiction_d8e7d7,Emergent_anticipation_appears_dac47e,0.9066135609912822,190111.3,190257.48,True,False
Emergent_bounded_contradiction_d8e7d7,Emergent_abstraction_ambiguity_5c1c4f,0.9066135597377873,190111.3,190273.09,True,False
Emergent_bounded_contradiction_d8e7d7,Emergent_abstraction_ambiguity_353967,0.9054002220374546,190111.3,190305.24,True,False
Emergent_bounded_contradiction_d8e7d7,Emergent_autonomy_consciousness_3a32d4,0.9066135690844157,190111.3,190321.02,True,False
Emergent_bounded_contradiction_d8e7d7,Emergent_autonomy_belief_revision_b856db,0.9066135494216201,190111.3,190337.5,True,False
Emergent_bounded_contradiction_d8e7d7,Emergent_consciousness_contradiction_9e434e,0.9066134639660781,190111.3,190354.47,True,False
Emergent_bounded_contradiction_d8e7d7,Emergent_autonomy_collective_0e3ed5,0.9066135985704689,190111.3,190371.53,True,False
Emergent_bounded_contradiction_d8e7d7,Emergent_attention_autonomy_1e79bf,0.9066135807434128,190111.3,190388.59,True,False
Emergent_bounded_contradiction_d8e7d7,Emergent_collective_consciousness_f6f1a0,0.9066135829717947,190111.3,190403.46,True,False
Emergent_bounded_contradiction_d8e7d7,Emergent_carefully_clarity_0d7a6f,0.9066135852001767,190111.3,190418.76,True,False
Emergent_bounded_contradiction_d8e7d7,Emergent_autonomy_collective_4a8f61,0.9066135342657307,190111.3,190453.62,True,False
Emergent_bounded_contradiction_d8e7d7,Emergent_consciousness_constraint_80c25f,0.9066135388134491,190111.3,190469.23,True,False
Emergent_bounded_contradiction_d8e7d7,Emergent_clarity_energy_08bc8c,0.9066134095937355,190111.3,190486.72,True,False
Emergent_bounded_contradiction_d8e7d7,Emergent_appears_asymmetry_9e9e75,0.9066134790941411,190111.3,190505.1,True,False
Emergent_bounded_contradiction_d8e7d7,Emergent_constraint_contradiction_8d2c9c,0.9066128145451411,190111.3,190537.76,True,False
Emergent_bounded_contradiction_d8e7d7,Emergent_coherence_constraint_b926a8,0.9066127821505094,190111.3,190538.1,True,False
Emergent_bounded_contradiction_d8e7d7,Emergent_abstraction_clarity_81ead3,0.9066120622739642,190111.3,190556.64,True,False
Emergent_bounded_contradiction_d8e7d7,Emergent_abstraction_autonomy_9d570d,0.906612062073821,190111.3,190556.98,True,False
Emergent_bounded_contradiction_d8e7d7,Emergent_bounded_coherence_717f45,0.906613613413934,190111.3,190573.63,True,False
Emergent_bounded_contradiction_d8e7d7,Emergent_bounded_increases_8c621b,0.9066136136826095,190111.3,190573.97,True,False
Emergent_bounded_contradiction_d8e7d7,Emergent_anticipation_autonomy_eda74a,0.9066092812756055,190111.3,190592.51,True,False
Emergent_bounded_contradiction_d8e7d7,Emergent_bounded_coherence_40a04d,0.9066145051970391,190111.3,190610.67,True,False
Emergent_bounded_contradiction_d8e7d7,Emergent_appears_asymmetry_ecd8f7,0.9063861158406588,190111.3,190629.19,True,False
Emergent_bounded_contradiction_d8e7d7,Emergent_anticipation_bounded_ed16fb,0.906617482753385,190111.3,190646.48,True,False
Emergent_bounded_contradiction_d8e7d7,Emergent_anticipation_autonomy_573275,0.9066161027937754,190111.3,190664.99,True,False
Emergent_bounded_contradiction_d8e7d7,Emergent_anticipation_clarity_8a2f90,0.9066141314229046,190111.3,190683.35,True,False
Emergent_bounded_contradiction_d8e7d7,Emergent_autonomy_collective_461851,0.9066113151788033,190111.3,190702.56,True,False
Emergent_bounded_contradiction_d8e7d7,Emergent_collective_constraint_a92169,0.9066113151788033,190111.3,190702.9,True,False
Emergent_bounded_contradiction_d8e7d7,Emergent_bounded_carefully_f79645,0.9066072919729442,190111.3,190721.89,True,False
Emergent_bounded_contradiction_d8e7d7,Emergent_autonomy_carefully_8f6776,0.9066008487459274,190111.3,190742.41,True,False
Emergent_bounded_contradiction_d8e7d7,Emergent_autonomy_carefully_dedeae,0.9066009283687666,190111.3,190742.75,True,False
Emergent_bounded_contradiction_d8e7d7,Emergent_autonomy_bounded_ab8b66,0.9065079999357095,190111.3,190763.03,True,False
Emergent_bounded_contradiction_d8e7d7,Emergent_anticipation_autonomy_a66f28,0.9067140921014292,190111.3,190858.49,True,False
Emergent_bounded_contradiction_d8e7d7,Emergent_anticipation_bounded_ca71cc,0.9039837817212677,190111.3,190918.03,True,False
Emergent_bounded_contradiction_d8e7d7,Emergent_anticipation_bounded_2f7e1b,0.9039895283331765,190111.3,190918.37,True,False
Emergent_bounded_contradiction_d8e7d7,Emergent_autonomy_bounded_72bafc,0.9072178290192274,190111.3,190936.64,True,False
Emergent_bounded_contradiction_d8e7d7,Emergent_abstraction_ambiguity_94432c,0.9072558550238341,190111.3,190954.69,True,False
Emergent_bounded_contradiction_d8e7d7,Emergent_ambiguity_anticipation_961459,0.9041122460046587,190111.3,190975.58,True,False
Emergent_bounded_contradiction_d8e7d7,Emergent_ambiguity_constraint_33311e,0.9078070201848158,190111.3,190995.91,True,False
Emergent_bounded_contradiction_d8e7d7,Emergent_abstraction_bounded_b74b81,0.9072138221619157,190111.3,191018.31,True,False
Emergent_bounded_contradiction_d8e7d7,Emergent_autonomy_bounded_94d9e2,0.9062251587904158,190111.3,191040.9,True,False
Emergent_bounded_contradiction_d8e7d7,Emergent_autonomy_carefully_659b9f,0.9063663964149156,190111.3,191060.09,True,False
Emergent_bounded_contradiction_d8e7d7,Emergent_autonomy_clarity_321c48,0.9051557882049157,190111.3,191082.87,True,False
Emergent_bounded_contradiction_d8e7d7,Emergent_autonomy_bounded_5ceb4c,0.9031381078549157,190111.3,191125.51,True,False
Emergent_bounded_contradiction_d8e7d7,Emergent_bounded_increases_b9fad9,0.9034263479049156,190111.3,191145.88,True,False
Emergent_bounded_contradiction_d8e7d7,Emergent_carefully_coherence_6373e7,0.9009557189049155,190111.3,191168.45,True,False
Emergent_bounded_contradiction_d8e7d7,Emergent_carefully_linked_5110f6,0.9009557189049155,190111.3,191168.79,True,False
Emergent_bounded_contradiction_d8e7d7,Emergent_anticipation_bounded_db424c,0.8974262489049156,190111.3,191189.2,True,False
Emergent_bounded_contradiction_d8e7d7,Emergent_bounded_clarity_42b09f,0.8923841489049156,190111.3,191211.02,True,False
Emergent_bounded_contradiction_d8e7d7,Emergent_constraint_contradiction_66a818,0.923,190111.3,191298.86,True,False
Emergent_bounded_contradiction_d8e7d7,Emergent_belief_revision_bounded_349257,0.9264999999999999,190111.3,191315.51,True,False
Emergent_bounded_contradiction_d8e7d7,Emergent_belief_revision_carefully_a9d18e,0.895,190111.3,191350.85,True,False
Emergent_bounded_contradiction_d8e7d7,Emergent_bounded_connection_8dc0d7,0.9,190111.3,191371.53,True,False
Emergent_abstraction_autonomy_37c4a5,Emergent_inner_observer_memory_79427d,0.9084336179797845,190127.25,190139.81,True,False
Emergent_abstraction_autonomy_37c4a5,Emergent_carefully_clarity_28ad8a,0.9073566898435454,190127.25,190152.4,True,False
Emergent_abstraction_autonomy_37c4a5,Emergent_bounded_inner_observer_8eb4e9,0.9083328389386578,190127.25,190164.1,True,False
Emergent_abstraction_autonomy_37c4a5,Emergent_bounded_clarity_c1b4b0,0.9084336187211084,190127.25,190177.3,True,False
Emergent_abstraction_autonomy_37c4a5,Emergent_belief_revision_bounded_edaf3d,0.9084336185360464,190127.25,190193.38,True,False
Emergent_abstraction_autonomy_37c4a5,Emergent_appears_asymmetry_8ccc17,0.904816677365214,190127.25,190208.88,True,False
Emergent_abstraction_autonomy_37c4a5,Emergent_appears_asymmetry_b0db07,0.9084336182384294,190127.25,190209.22,True,False
Emergent_abstraction_autonomy_37c4a5,Emergent_appears_asymmetry_8dba4c,0.9084336139277285,190127.25,190225.73,True,False
Emergent_abstraction_autonomy_37c4a5,Emergent_autonomy_clarity_dc06c1,0.9084336190482043,190127.25,190241.74,True,False
Emergent_abstraction_autonomy_37c4a5,Emergent_anticipation_appears_dac47e,0.9084336182774337,190127.25,190257.48,True,False
Emergent_abstraction_autonomy_37c4a5,Emergent_abstraction_ambiguity_5c1c4f,0.9084336170192013,190127.25,190273.09,True,False
Emergent_abstraction_autonomy_37c4a5,Emergent_abstraction_ambiguity_353967,0.9054002220374546,190127.25,190305.24,True,False
Emergent_abstraction_autonomy_37c4a5,Emergent_autonomy_consciousness_3a32d4,0.9084336256873995,190127.25,190321.02,True,False
Emergent_abstraction_autonomy_37c4a5,Emergent_autonomy_belief_revision_b856db,0.9084336084071221,190127.25,190337.5,True,False
Emergent_abstraction_autonomy_37c4a5,Emergent_consciousness_contradiction_9e434e,0.9084335204498137,190127.25,190354.47,True,False
Emergent_abstraction_autonomy_37c4a5,Emergent_autonomy_collective_0e3ed5,0.908433653265041,190127.25,190371.53,True,False
Emergent_abstraction_autonomy_37c4a5,Emergent_attention_autonomy_1e79bf,0.9084336354379849,190127.25,190388.59,True,False
Emergent_abstraction_autonomy_37c4a5,Emergent_collective_consciousness_f6f1a0,0.9084336376663669,190127.25,190403.46,True,False
Emergent_abstraction_autonomy_37c4a5,Emergent_carefully_clarity_0d7a6f,0.9073370553884537,190127.25,190418.76,True,False
Emergent_abstraction_autonomy_37c4a5,Emergent_autonomy_collective_4a8f61,0.9084335889603028,190127.25,190453.62,True,False
Emergent_abstraction_autonomy_37c4a5,Emergent_consciousness_constraint_80c25f,0.9084335935080212,190127.25,190469.23,True,False
Emergent_abstraction_autonomy_37c4a5,Emergent_clarity_energy_08bc8c,0.9072203908114207,190127.25,190486.72,True,False
Emergent_abstraction_autonomy_37c4a5,Emergent_appears_asymmetry_9e9e75,0.908433525365449,190127.25,190505.1,True,False
Emergent_abstraction_autonomy_37c4a5,Emergent_constraint_contradiction_8d2c9c,0.9084329129077282,190127.25,190537.76,True,False
Emergent_abstraction_autonomy_37c4a5,Emergent_coherence_constraint_b926a8,0.908432879506085,190127.25,190538.1,True,False
Emergent_abstraction_autonomy_37c4a5,Emergent_abstraction_clarity_81ead3,0.9084321372516322,190127.25,190556.64,True,False
Emergent_abstraction_autonomy_37c4a5,Emergent_abstraction_autonomy_9d570d,0.9084321370452673,190127.25,190556.98,True,False
Emergent_abstraction_autonomy_37c4a5,Emergent_bounded_coherence_717f45,0.9081203673873761,190127.25,190573.63,True,False
Emergent_abstraction_autonomy_37c4a5,Emergent_bounded_increases_8c621b,0.9082656254739485,190127.25,190573.97,True,False
Emergent_abstraction_autonomy_37c4a5,Emergent_anticipation_autonomy_eda74a,0.9084293461681596,190127.25,190592.51,True,False
Emergent_abstraction_autonomy_37c4a5,Emergent_bounded_coherence_40a04d,0.9078813700148367,190127.25,190610.67,True,False
Emergent_abstraction_autonomy_37c4a5,Emergent_appears_asymmetry_ecd8f7,0.9063861158406588,190127.25,190629.19,True,False
Emergent_abstraction_autonomy_37c4a5,Emergent_anticipation_bounded_ed16fb,0.9084373449056615,190127.25,190646.48,True,False
Emergent_abstraction_autonomy_37c4a5,Emergent_anticipation_autonomy_573275,0.9084359649460518,190127.25,190664.99,True,False
Emergent_abstraction_autonomy_37c4a5,Emergent_anticipation_clarity_8a2f90,0.9084339935751808,190127.25,190683.35,True,False
Emergent_abstraction_autonomy_37c4a5,Emergent_autonomy_collective_461851,0.9084311773310796,190127.25,190702.56,True,False
Emergent_abstraction_autonomy_37c4a5,Emergent_collective_constraint_a92169,0.9084311773310796,190127.25,190702.9,True,False
Emergent_abstraction_autonomy_37c4a5,Emergent_bounded_carefully_f79645,0.9084271541252207,190127.25,190721.89,True,False
Emergent_abstraction_autonomy_37c4a5,Emergent_autonomy_carefully_8f6776,0.9084206892690423,190127.25,190742.41,True,False
Emergent_abstraction_autonomy_37c4a5,Emergent_autonomy_carefully_dedeae,0.9084207713670178,190127.25,190742.75,True,False
Emergent_abstraction_autonomy_37c4a5,Emergent_autonomy_bounded_ab8b66,0.9083303765329633,190127.25,190763.03,True,False
Emergent_abstraction_autonomy_37c4a5,Emergent_anticipation_autonomy_a66f28,0.9085021333266083,190127.25,190858.49,True,False
Emergent_abstraction_autonomy_37c4a5,Emergent_anticipation_bounded_ca71cc,0.9058109074880247,190127.25,190918.03,True,False
Emergent_abstraction_autonomy_37c4a5,Emergent_anticipation_bounded_2f7e1b,0.9058167188681627,190127.25,190918.37,True,False
Emergent_abstraction_autonomy_37c4a5,Emergent_autonomy_bounded_72bafc,0.909015724584995,190127.25,190936.64,True,False
Emergent_abstraction_autonomy_37c4a5,Emergent_abstraction_ambiguity_94432c,0.9090538785028608,190127.25,190954.69,True,False
Emergent_abstraction_autonomy_37c4a5,Emergent_ambiguity_anticipation_961459,0.9060042638558925,190127.25,190975.58,True,False
Emergent_abstraction_autonomy_37c4a5,Emergent_ambiguity_constraint_33311e,0.9089501054760256,190127.25,190995.91,True,False
Emergent_abstraction_autonomy_37c4a5,Emergent_abstraction_bounded_b74b81,0.9074518228397994,190127.25,191018.31,True,False
Emergent_abstraction_autonomy_37c4a5,Emergent_autonomy_bounded_94d9e2,0.907971903219279,190127.25,191040.9,True,False
Emergent_abstraction_autonomy_37c4a5,Emergent_autonomy_carefully_659b9f,0.908113140843779,190127.25,191060.09,True,False
Emergent_abstraction_autonomy_37c4a5,Emergent_autonomy_clarity_321c48,0.9056340068159736,190127.25,191082.87,True,False
Emergent_abstraction_autonomy_37c4a5,Emergent_autonomy_bounded_5ceb4c,0.904821660824491,190127.25,191125.51,True,False
Emergent_abstraction_autonomy_37c4a5,Emergent_bounded_increases_b9fad9,0.9051730923337791,190127.25,191145.88,True,False
Emergent_abstraction_autonomy_37c4a5,Emergent_carefully_coherence_6373e7,0.902702463333779,190127.25,191168.45,True,False
Emergent_abstraction_autonomy_37c4a5,Emergent_carefully_linked_5110f6,0.902702463333779,190127.25,191168.79,True,False
Emergent_abstraction_autonomy_37c4a5,Emergent_anticipation_bounded_db424c,0.8991729933337791,190127.25,191189.2,True,False
Emergent_abstraction_autonomy_37c4a5,Emergent_bounded_clarity_42b09f,0.894130893333779,190127.25,191211.02,True,False
Emergent_abstraction_autonomy_37c4a5,Emergent_constraint_contradiction_66a818,0.923,190127.25,191298.86,True,False
Emergent_abstraction_autonomy_37c4a5,Emergent_belief_revision_bounded_349257,0.9264999999999999,190127.25,191315.51,True,False
Emergent_abstraction_autonomy_37c4a5,Emergent_belief_revision_carefully_a9d18e,0.895,190127.25,191350.85,True,False
Emergent_abstraction_autonomy_37c4a5,Emergent_bounded_connection_8dc0d7,0.9,190127.25,191371.53,True,False
Emergent_inner_observer_memory_79427d,Emergent_carefully_clarity_28ad8a,0.9073566898867957,190139.81,190152.4,True,False
Emergent_inner_observer_memory_79427d,Emergent_bounded_inner_observer_8eb4e9,0.9083328389826204,190139.81,190164.1,True,False
Emergent_inner_observer_memory_79427d,Emergent_bounded_clarity_c1b4b0,0.9092681946967387,190139.81,190177.3,True,False
Emergent_inner_observer_memory_79427d,Emergent_belief_revision_bounded_edaf3d,0.9094208909069041,190139.81,190193.38,True,False
Emergent_inner_observer_memory_79427d,Emergent_appears_asymmetry_8ccc17,0.904816677365214,190139.81,190208.88,True,False
Emergent_inner_observer_memory_79427d,Emergent_appears_asymmetry_b0db07,0.9130387494982741,190139.81,190209.22,True,False
Emergent_inner_observer_memory_79427d,Emergent_appears_asymmetry_8dba4c,0.9089344391060965,190139.81,190225.73,True,False
Emergent_inner_observer_memory_79427d,Emergent_autonomy_clarity_dc06c1,0.9114115171549602,190139.81,190241.74,True,False
Emergent_inner_observer_memory_79427d,Emergent_anticipation_appears_dac47e,0.9138421135081198,190139.81,190257.48,True,False
Emergent_inner_observer_memory_79427d,Emergent_abstraction_ambiguity_5c1c4f,0.9090852586212836,190139.81,190273.09,True,False
Emergent_inner_observer_memory_79427d,Emergent_abstraction_ambiguity_353967,0.9054002220374546,190139.81,190305.24,True,False
Emergent_inner_observer_memory_79427d,Emergent_autonomy_consciousness_3a32d4,0.9112766790522868,190139.81,190321.02,True,False
Emergent_inner_observer_memory_79427d,Emergent_autonomy_belief_revision_b856db,0.90981437510893,190139.81,190337.5,True,False
Emergent_inner_observer_memory_79427d,Emergent_consciousness_contradiction_9e434e,0.9096166929066869,190139.81,190354.47,True,False
Emergent_inner_observer_memory_79427d,Emergent_autonomy_collective_0e3ed5,0.9141735713220258,190139.81,190371.53,True,False
Emergent_inner_observer_memory_79427d,Emergent_attention_autonomy_1e79bf,0.9096611804254844,190139.81,190388.59,True,False
Emergent_inner_observer_memory_79427d,Emergent_collective_consciousness_f6f1a0,0.913358420688366,190139.81,190403.46,True,False
Emergent_inner_observer_memory_79427d,Emergent_carefully_clarity_0d7a6f,0.9073370553884537,190139.81,190418.76,True,False
Emergent_inner_observer_memory_79427d,Emergent_autonomy_collective_4a8f61,0.9098428561633003,190139.81,190453.62,True,False
Emergent_inner_observer_memory_79427d,Emergent_consciousness_constraint_80c25f,0.9085467304580748,190139.81,190469.23,True,False
Emergent_inner_observer_memory_79427d,Emergent_clarity_energy_08bc8c,0.9072203908114207,190139.81,190486.72,True,False
Emergent_inner_observer_memory_79427d,Emergent_appears_asymmetry_9e9e75,0.9130125171460837,190139.81,190505.1,True,False
Emergent_inner_observer_memory_79427d,Emergent_constraint_contradiction_8d2c9c,0.9130613370060656,190139.81,190537.76,True,False
Emergent_inner_observer_memory_79427d,Emergent_coherence_constraint_b926a8,0.9099635564588231,190139.81,190538.1,True,False
Emergent_inner_observer_memory_79427d,Emergent_abstraction_clarity_81ead3,0.9110401958731507,190139.81,190556.64,True,False
Emergent_inner_observer_memory_79427d,Emergent_abstraction_autonomy_9d570d,0.9110066074925838,190139.81,190556.98,True,False
Emergent_inner_observer_memory_79427d,Emergent_bounded_coherence_717f45,0.9081203673873761,190139.81,190573.63,True,False
Emergent_inner_observer_memory_79427d,Emergent_bounded_increases_8c621b,0.9082656254739485,190139.81,190573.97,True,False
Emergent_inner_observer_memory_79427d,Emergent_anticipation_autonomy_eda74a,0.9116097949411557,190139.81,190592.51,True,False
Emergent_inner_observer_memory_79427d,Emergent_bounded_coherence_40a04d,0.9078813700148367,190139.81,190610.67,True,False
Emergent_inner_observer_memory_79427d,Emergent_appears_asymmetry_ecd8f7,0.9063861158406588,190139.81,190629.19,True,False
Emergent_inner_observer_memory_79427d,Emergent_anticipation_bounded_ed16fb,0.9102170089021393,190139.81,190646.48,True,False
Emergent_inner_observer_memory_79427d,Emergent_anticipation_autonomy_573275,0.9101960696947411,190139.81,190664.99,True,False
Emergent_inner_observer_memory_79427d,Emergent_anticipation_clarity_8a2f90,0.9099035963415203,190139.81,190683.35,True,False
Emergent_inner_observer_memory_79427d,Emergent_autonomy_collective_461851,0.9099484469929526,190139.81,190702.56,True,False
Emergent_inner_observer_memory_79427d,Emergent_collective_constraint_a92169,0.9122948818778642,190139.81,190702.9,True,False
Emergent_inner_observer_memory_79427d,Emergent_bounded_carefully_f79645,0.912288556392185,190139.81,190721.89,True,False
Emergent_inner_observer_memory_79427d,Emergent_autonomy_carefully_8f6776,0.9116841169632965,190139.81,190742.41,True,False
Emergent_inner_observer_memory_79427d,Emergent_autonomy_carefully_dedeae,0.9129377814287896,190139.81,190742.75,True,False
Emergent_inner_observer_memory_79427d,Emergent_autonomy_bounded_ab8b66,0.9103863168410862,190139.81,190763.03,True,False
Emergent_inner_observer_memory_79427d,Emergent_anticipation_autonomy_a66f28,0.9085021333266083,190139.81,190858.49,True,False
Emergent_inner_observer_memory_79427d,Emergent_anticipation_bounded_ca71cc,0.9119111468490477,190139.81,190918.03,True,False
Emergent_inner_observer_memory_79427d,Emergent_anticipation_bounded_2f7e1b,0.9119171744713888,190139.81,190918.37,True,False
Emergent_inner_observer_memory_79427d,Emergent_autonomy_bounded_72bafc,0.9135546675674497,190139.81,190936.64,True,False
Emergent_inner_observer_memory_79427d,Emergent_abstraction_ambiguity_94432c,0.9118910736829027,190139.81,190954.69,True,False
Emergent_inner_observer_memory_79427d,Emergent_ambiguity_anticipation_961459,0.906652362787858,190139.81,190975.58,True,False
Emergent_inner_observer_memory_79427d,Emergent_ambiguity_constraint_33311e,0.9089501054760256,190139.81,190995.91,True,False
Emergent_inner_observer_memory_79427d,Emergent_abstraction_bounded_b74b81,0.9074518228397994,190139.81,191018.31,True,False
Emergent_inner_observer_memory_79427d,Emergent_autonomy_bounded_94d9e2,0.9118990884630951,190139.81,191040.9,True,False
Emergent_inner_observer_memory_79427d,Emergent_autonomy_carefully_659b9f,0.9139450103912778,190139.81,191060.09,True,False
Emergent_inner_observer_memory_79427d,Emergent_autonomy_clarity_321c48,0.9056340068159736,190139.81,191082.87,True,False
Emergent_inner_observer_memory_79427d,Emergent_autonomy_bounded_5ceb4c,0.904821660824491,190139.81,191125.51,True,False
Emergent_inner_observer_memory_79427d,Emergent_bounded_increases_b9fad9,0.9078803948778766,190139.81,191145.88,True,False
Emergent_inner_observer_memory_79427d,Emergent_carefully_coherence_6373e7,0.9060136738676356,190139.81,191168.45,True,False
Emergent_inner_observer_memory_79427d,Emergent_carefully_linked_5110f6,0.9028935018155133,190139.81,191168.79,True,False
Emergent_inner_observer_memory_79427d,Emergent_anticipation_bounded_db424c,0.9009760725839338,190139.81,191189.2,True,False
Emergent_inner_observer_memory_79427d,Emergent_bounded_clarity_42b09f,0.8970593728287453,190139.81,191211.02,True,False
Emergent_inner_observer_memory_79427d,Emergent_constraint_contradiction_66a818,0.923,190139.81,191298.86,True,False
Emergent_inner_observer_memory_79427d,Emergent_belief_revision_bounded_349257,0.9264999999999999,190139.81,191315.51,True,False
Emergent_inner_observer_memory_79427d,Emergent_belief_revision_carefully_a9d18e,0.895,190139.81,191350.85,True,False
Emergent_inner_observer_memory_79427d,Emergent_bounded_connection_8dc0d7,0.9,190139.81,191371.53,True,False
Emergent_carefully_clarity_28ad8a,Emergent_bounded_inner_observer_8eb4e9,0.9073566898800189,190152.4,190164.1,True,False
Emergent_carefully_clarity_28ad8a,Emergent_bounded_clarity_c1b4b0,0.9073566906419361,190152.4,190177.3,True,False
Emergent_carefully_clarity_28ad8a,Emergent_belief_revision_bounded_edaf3d,0.9073566904568742,190152.4,190193.38,True,False
Emergent_carefully_clarity_28ad8a,Emergent_appears_asymmetry_8ccc17,0.904816677365214,190152.4,190208.88,True,False
Emergent_carefully_clarity_28ad8a,Emergent_appears_asymmetry_b0db07,0.9073566901598502,190152.4,190209.22,True,False
Emergent_carefully_clarity_28ad8a,Emergent_appears_asymmetry_8dba4c,0.9073566857824855,190152.4,190225.73,True,False
Emergent_carefully_clarity_28ad8a,Emergent_autonomy_clarity_dc06c1,0.9073566910061912,190152.4,190241.74,True,False
Emergent_carefully_clarity_28ad8a,Emergent_anticipation_appears_dac47e,0.9073566902354204,190152.4,190257.48,True,False
Emergent_carefully_clarity_28ad8a,Emergent_abstraction_ambiguity_5c1c4f,0.9073566889799913,190152.4,190273.09,True,False
Emergent_carefully_clarity_28ad8a,Emergent_abstraction_ambiguity_353967,0.9054002220374546,190152.4,190305.24,True,False
Emergent_carefully_clarity_28ad8a,Emergent_autonomy_consciousness_3a32d4,0.907356698049617,190152.4,190321.02,True,False
Emergent_carefully_clarity_28ad8a,Emergent_autonomy_belief_revision_b856db,0.9073566793596022,190152.4,190337.5,True,False
Emergent_carefully_clarity_28ad8a,Emergent_consciousness_contradiction_9e434e,0.9073565928825904,190152.4,190354.47,True,False
Emergent_carefully_clarity_28ad8a,Emergent_autonomy_collective_0e3ed5,0.9073567267564666,190152.4,190371.53,True,False
Emergent_carefully_clarity_28ad8a,Emergent_attention_autonomy_1e79bf,0.9073567089294106,190152.4,190388.59,True,False
Emergent_carefully_clarity_28ad8a,Emergent_collective_consciousness_f6f1a0,0.9073567111577925,190152.4,190403.46,True,False
Emergent_carefully_clarity_28ad8a,Emergent_carefully_clarity_0d7a6f,0.9073370553884537,190152.4,190418.76,True,False
Emergent_carefully_clarity_28ad8a,Emergent_autonomy_collective_4a8f61,0.9073566624517284,190152.4,190453.62,True,False
Emergent_carefully_clarity_28ad8a,Emergent_consciousness_constraint_80c25f,0.9073566669994468,190152.4,190469.23,True,False
Emergent_carefully_clarity_28ad8a,Emergent_clarity_energy_08bc8c,0.9072203908114207,190152.4,190486.72,True,False
Emergent_carefully_clarity_28ad8a,Emergent_appears_asymmetry_9e9e75,0.9073566053374016,190152.4,190505.1,True,False
Emergent_carefully_clarity_28ad8a,Emergent_constraint_contradiction_8d2c9c,0.9073559598125289,190152.4,190537.76,True,False
Emergent_carefully_clarity_28ad8a,Emergent_coherence_constraint_b926a8,0.9073559270067351,190152.4,190538.1,True,False
Emergent_carefully_clarity_28ad8a,Emergent_abstraction_clarity_81ead3,0.9073551979933012,190152.4,190556.64,True,False
Emergent_carefully_clarity_28ad8a,Emergent_abstraction_autonomy_9d570d,0.9073551977906176,190152.4,190556.98,True,False
Emergent_carefully_clarity_28ad8a,Emergent_bounded_coherence_717f45,0.9073567099463513,190152.4,190573.63,True,False
Emergent_carefully_clarity_28ad8a,Emergent_bounded_increases_8c621b,0.9073567102184366,190152.4,190573.97,True,False
Emergent_carefully_clarity_28ad8a,Emergent_anticipation_autonomy_eda74a,0.9073524128771955,190152.4,190592.51,True,False
Emergent_carefully_clarity_28ad8a,Emergent_bounded_coherence_40a04d,0.9073575812079693,190152.4,190610.67,True,False
Emergent_carefully_clarity_28ad8a,Emergent_appears_asymmetry_ecd8f7,0.9063861158406588,190152.4,190629.19,True,False
Emergent_carefully_clarity_28ad8a,Emergent_anticipation_bounded_ed16fb,0.9073605315762192,190152.4,190646.48,True,False
Emergent_carefully_clarity_28ad8a,Emergent_anticipation_autonomy_573275,0.9073591516166095,190152.4,190664.99,True,False
Emergent_carefully_clarity_28ad8a,Emergent_anticipation_clarity_8a2f90,0.9073571802457385,190152.4,190683.35,True,False
Emergent_carefully_clarity_28ad8a,Emergent_autonomy_collective_461851,0.9073543640016373,190152.4,190702.56,True,False
Emergent_carefully_clarity_28ad8a,Emergent_collective_constraint_a92169,0.9073543640016373,190152.4,190702.9,True,False
Emergent_carefully_clarity_28ad8a,Emergent_bounded_carefully_f79645,0.9073503407957784,190152.4,190721.89,True,False
Emergent_carefully_clarity_28ad8a,Emergent_autonomy_carefully_8f6776,0.9073438887375855,190152.4,190742.41,True,False
Emergent_carefully_clarity_28ad8a,Emergent_autonomy_carefully_dedeae,0.9073439693710217,190152.4,190742.75,True,False
Emergent_carefully_clarity_28ad8a,Emergent_autonomy_bounded_ab8b66,0.9072520754051929,190152.4,190763.03,True,False
Emergent_carefully_clarity_28ad8a,Emergent_anticipation_autonomy_a66f28,0.9074528838501559,190152.4,190858.49,True,False
Emergent_carefully_clarity_28ad8a,Emergent_anticipation_bounded_ca71cc,0.9047297962743264,190152.4,190918.03,True,False
Emergent_carefully_clarity_28ad8a,Emergent_anticipation_bounded_2f7e1b,0.904735569331071,190152.4,190918.37,True,False
Emergent_carefully_clarity_28ad8a,Emergent_autonomy_bounded_72bafc,0.9079519088955801,190152.4,190936.64,True,False
Emergent_carefully_clarity_28ad8a,Emergent_abstraction_ambiguity_94432c,0.9079899871271078,190152.4,190954.69,True,False
Emergent_carefully_clarity_28ad8a,Emergent_ambiguity_anticipation_961459,0.904884755963933,190152.4,190975.58,True,False
Emergent_carefully_clarity_28ad8a,Emergent_ambiguity_constraint_33311e,0.9085202150770968,190152.4,190995.91,True,False
Emergent_carefully_clarity_28ad8a,Emergent_abstraction_bounded_b74b81,0.9074518228397994,190152.4,191018.31,True,False
Emergent_carefully_clarity_28ad8a,Emergent_autonomy_bounded_94d9e2,0.9069383536826967,190152.4,191040.9,True,False
Emergent_carefully_clarity_28ad8a,Emergent_autonomy_carefully_659b9f,0.9070795913071967,190152.4,191060.09,True,False
Emergent_carefully_clarity_28ad8a,Emergent_autonomy_clarity_321c48,0.9056340068159736,190152.4,191082.87,True,False
Emergent_carefully_clarity_28ad8a,Emergent_autonomy_bounded_5ceb4c,0.9038513027471966,190152.4,191125.51,True,False
Emergent_carefully_clarity_28ad8a,Emergent_bounded_increases_b9fad9,0.9041395427971968,190152.4,191145.88,True,False
Emergent_carefully_clarity_28ad8a,Emergent_carefully_coherence_6373e7,0.9016689137971965,190152.4,191168.45,True,False
Emergent_carefully_clarity_28ad8a,Emergent_carefully_linked_5110f6,0.9016689137971965,190152.4,191168.79,True,False
Emergent_carefully_clarity_28ad8a,Emergent_anticipation_bounded_db424c,0.8981394437971968,190152.4,191189.2,True,False
Emergent_carefully_clarity_28ad8a,Emergent_bounded_clarity_42b09f,0.8930973437971967,190152.4,191211.02,True,False
Emergent_carefully_clarity_28ad8a,Emergent_constraint_contradiction_66a818,0.923,190152.4,191298.86,True,False
Emergent_carefully_clarity_28ad8a,Emergent_belief_revision_bounded_349257,0.9264999999999999,190152.4,191315.51,True,False
Emergent_carefully_clarity_28ad8a,Emergent_belief_revision_carefully_a9d18e,0.895,190152.4,191350.85,True,False
Emergent_carefully_clarity_28ad8a,Emergent_bounded_connection_8dc0d7,0.9,190152.4,191371.53,True,False
Emergent_bounded_inner_observer_8eb4e9,Emergent_bounded_clarity_c1b4b0,0.9083328396899579,190164.1,190177.3,True,False
Emergent_bounded_inner_observer_8eb4e9,Emergent_belief_revision_bounded_edaf3d,0.9083328395048957,190164.1,190193.38,True,False
Emergent_bounded_inner_observer_8eb4e9,Emergent_appears_asymmetry_8ccc17,0.904816677365214,190164.1,190208.88,True,False
Emergent_bounded_inner_observer_8eb4e9,Emergent_appears_asymmetry_b0db07,0.9083328392073344,190164.1,190209.22,True,False
Emergent_bounded_inner_observer_8eb4e9,Emergent_appears_asymmetry_8dba4c,0.908332834890395,190164.1,190225.73,True,False
Emergent_bounded_inner_observer_8eb4e9,Emergent_autonomy_clarity_dc06c1,0.9083328400205313,190164.1,190241.74,True,False
Emergent_bounded_inner_observer_8eb4e9,Emergent_anticipation_appears_dac47e,0.9083328392497605,190164.1,190257.48,True,False
Emergent_bounded_inner_observer_8eb4e9,Emergent_abstraction_ambiguity_5c1c4f,0.9083328379917903,190164.1,190273.09,True,False
Emergent_bounded_inner_observer_8eb4e9,Emergent_abstraction_ambiguity_353967,0.9054002220374546,190164.1,190305.24,True,False
Emergent_bounded_inner_observer_8eb4e9,Emergent_autonomy_consciousness_3a32d4,0.9083328466975542,190164.1,190321.02,True,False
Emergent_bounded_inner_observer_8eb4e9,Emergent_autonomy_belief_revision_b856db,0.9083328292853536,190164.1,190337.5,True,False
Emergent_bounded_inner_observer_8eb4e9,Emergent_consciousness_contradiction_9e434e,0.9083327414665716,190164.1,190354.47,True,False
Emergent_bounded_inner_observer_8eb4e9,Emergent_autonomy_collective_0e3ed5,0.9083328743808672,190164.1,190371.53,True,False
Emergent_bounded_inner_observer_8eb4e9,Emergent_attention_autonomy_1e79bf,0.9083328565538111,190164.1,190388.59,True,False
Emergent_bounded_inner_observer_8eb4e9,Emergent_collective_consciousness_f6f1a0,0.908332858782193,190164.1,190403.46,True,False
Emergent_bounded_inner_observer_8eb4e9,Emergent_carefully_clarity_0d7a6f,0.9073370553884537,190164.1,190418.76,True,False
Emergent_bounded_inner_observer_8eb4e9,Emergent_autonomy_collective_4a8f61,0.9083328100761292,190164.1,190453.62,True,False
Emergent_bounded_inner_observer_8eb4e9,Emergent_consciousness_constraint_80c25f,0.9083328146238474,190164.1,190469.23,True,False
Emergent_bounded_inner_observer_8eb4e9,Emergent_clarity_energy_08bc8c,0.9072203908114207,190164.1,190486.72,True,False
Emergent_bounded_inner_observer_8eb4e9,Emergent_appears_asymmetry_9e9e75,0.9083327470877234,190164.1,190505.1,True,False
Emergent_bounded_inner_observer_8eb4e9,Emergent_constraint_contradiction_8d2c9c,0.9083321315355755,190164.1,190537.76,True,False
Emergent_bounded_inner_observer_8eb4e9,Emergent_coherence_constraint_b926a8,0.9083320981896921,190164.1,190538.1,True,False
Emergent_bounded_inner_observer_8eb4e9,Emergent_abstraction_clarity_81ead3,0.9083313571743348,190164.1,190556.64,True,False
Emergent_bounded_inner_observer_8eb4e9,Emergent_abstraction_autonomy_9d570d,0.9083313569683145,190164.1,190556.98,True,False
Emergent_bounded_inner_observer_8eb4e9,Emergent_bounded_coherence_717f45,0.9081203673873761,190164.1,190573.63,True,False
Emergent_bounded_inner_observer_8eb4e9,Emergent_bounded_increases_8c621b,0.9082656254739485,190164.1,190573.97,True,False
Emergent_bounded_inner_observer_8eb4e9,Emergent_anticipation_autonomy_eda74a,0.9083285666492893,190164.1,190592.51,True,False
Emergent_bounded_inner_observer_8eb4e9,Emergent_bounded_coherence_40a04d,0.9078813700148367,190164.1,190610.67,True,False
Emergent_bounded_inner_observer_8eb4e9,Emergent_appears_asymmetry_ecd8f7,0.9063861158406588,190164.1,190629.19,True,False
Emergent_bounded_inner_observer_8eb4e9,Emergent_anticipation_bounded_ed16fb,0.9083365766128015,190164.1,190646.48,True,False
Emergent_bounded_inner_observer_8eb4e9,Emergent_anticipation_autonomy_573275,0.9083351966531918,190164.1,190664.99,True,False
Emergent_bounded_inner_observer_8eb4e9,Emergent_anticipation_clarity_8a2f90,0.9083332252823211,190164.1,190683.35,True,False
Emergent_bounded_inner_observer_8eb4e9,Emergent_autonomy_collective_461851,0.9083304090382198,190164.1,190702.56,True,False
Emergent_bounded_inner_observer_8eb4e9,Emergent_collective_constraint_a92169,0.9083304090382198,190164.1,190702.9,True,False
Emergent_bounded_inner_observer_8eb4e9,Emergent_bounded_carefully_f79645,0.9083263858323607,190164.1,190721.89,True,False
Emergent_bounded_inner_observer_8eb4e9,Emergent_autonomy_carefully_8f6776,0.908319922173819,190164.1,190742.41,True,False
Emergent_bounded_inner_observer_8eb4e9,Emergent_autonomy_carefully_dedeae,0.9083200041347428,190164.1,190742.75,True,False
Emergent_bounded_inner_observer_8eb4e9,Emergent_autonomy_bounded_ab8b66,0.9082294690117956,190164.1,190763.03,True,False
Emergent_bounded_inner_observer_8eb4e9,Emergent_anticipation_autonomy_a66f28,0.9084233369311017,190164.1,190858.49,True,False
Emergent_bounded_inner_observer_8eb4e9,Emergent_anticipation_bounded_ca71cc,0.905709736998751,190164.1,190918.03,True,False
Emergent_bounded_inner_observer_8eb4e9,Emergent_anticipation_bounded_2f7e1b,0.9057155447925822,190164.1,190918.37,True,False
Emergent_bounded_inner_observer_8eb4e9,Emergent_autonomy_bounded_72bafc,0.9089161726125137,190164.1,190936.64,True,False
Emergent_bounded_inner_observer_8eb4e9,Emergent_abstraction_ambiguity_94432c,0.908954319447645,190164.1,190954.69,True,False
Emergent_bounded_inner_observer_8eb4e9,Emergent_ambiguity_anticipation_961459,0.9058995002018482,190164.1,190975.58,True,False
Emergent_bounded_inner_observer_8eb4e9,Emergent_ambiguity_constraint_33311e,0.9089501054760256,190164.1,190995.91,True,False
Emergent_bounded_inner_observer_8eb4e9,Emergent_abstraction_bounded_b74b81,0.9074518228397994,190164.1,191018.31,True,False
Emergent_bounded_inner_observer_8eb4e9,Emergent_autonomy_bounded_94d9e2,0.9078751835562326,190164.1,191040.9,True,False
Emergent_bounded_inner_observer_8eb4e9,Emergent_autonomy_carefully_659b9f,0.9080164211807327,190164.1,191060.09,True,False
Emergent_bounded_inner_observer_8eb4e9,Emergent_autonomy_clarity_321c48,0.9056340068159736,190164.1,191082.87,True,False
Emergent_bounded_inner_observer_8eb4e9,Emergent_autonomy_bounded_5ceb4c,0.9047881326207328,190164.1,191125.51,True,False
Emergent_bounded_inner_observer_8eb4e9,Emergent_bounded_increases_b9fad9,0.9050763726707327,190164.1,191145.88,True,False
Emergent_bounded_inner_observer_8eb4e9,Emergent_carefully_coherence_6373e7,0.9026057436707327,190164.1,191168.45,True,False
Emergent_bounded_inner_observer_8eb4e9,Emergent_carefully_linked_5110f6,0.9026057436707327,190164.1,191168.79,True,False
Emergent_bounded_inner_observer_8eb4e9,Emergent_anticipation_bounded_db424c,0.8990762736707327,190164.1,191189.2,True,False
Emergent_bounded_inner_observer_8eb4e9,Emergent_bounded_clarity_42b09f,0.8940341736707327,190164.1,191211.02,True,False
Emergent_bounded_inner_observer_8eb4e9,Emergent_constraint_contradiction_66a818,0.923,190164.1,191298.86,True,False
Emergent_bounded_inner_observer_8eb4e9,Emergent_belief_revision_bounded_349257,0.9264999999999999,190164.1,191315.51,True,False
Emergent_bounded_inner_observer_8eb4e9,Emergent_belief_revision_carefully_a9d18e,0.895,190164.1,191350.85,True,False
Emergent_bounded_inner_observer_8eb4e9,Emergent_bounded_connection_8dc0d7,0.9,190164.1,191371.53,True,False
Emergent_bounded_clarity_c1b4b0,Emergent_belief_revision_bounded_edaf3d,0.9092681945116765,190177.3,190193.38,True,False
Emergent_bounded_clarity_c1b4b0,Emergent_appears_asymmetry_8ccc17,0.904816677365214,190177.3,190208.88,True,False
Emergent_bounded_clarity_c1b4b0,Emergent_appears_asymmetry_b0db07,0.9092681942136003,190177.3,190209.22,True,False
Emergent_bounded_clarity_c1b4b0,Emergent_appears_asymmetry_8dba4c,0.9089344391060965,190177.3,190225.73,True,False
Emergent_bounded_clarity_c1b4b0,Emergent_autonomy_clarity_dc06c1,0.9092681949950379,190177.3,190241.74,True,False
Emergent_bounded_clarity_c1b4b0,Emergent_anticipation_appears_dac47e,0.9092681942242673,190177.3,190257.48,True,False
Emergent_bounded_clarity_c1b4b0,Emergent_abstraction_ambiguity_5c1c4f,0.9090852586212836,190177.3,190273.09,True,False
Emergent_bounded_clarity_c1b4b0,Emergent_abstraction_ambiguity_353967,0.9054002220374546,190177.3,190305.24,True,False
Emergent_bounded_clarity_c1b4b0,Emergent_autonomy_consciousness_3a32d4,0.9092682013209705,190177.3,190321.02,True,False
Emergent_bounded_clarity_c1b4b0,Emergent_autonomy_belief_revision_b856db,0.9092681851331832,190177.3,190337.5,True,False
Emergent_bounded_clarity_c1b4b0,Emergent_consciousness_contradiction_9e434e,0.9092680960287043,190177.3,190354.47,True,False
Emergent_bounded_clarity_c1b4b0,Emergent_autonomy_collective_0e3ed5,0.9092682280235214,190177.3,190371.53,True,False
Emergent_bounded_clarity_c1b4b0,Emergent_attention_autonomy_1e79bf,0.9092682101964651,190177.3,190388.59,True,False
Emergent_bounded_clarity_c1b4b0,Emergent_collective_consciousness_f6f1a0,0.9092682124248472,190177.3,190403.46,True,False
Emergent_bounded_clarity_c1b4b0,Emergent_carefully_clarity_0d7a6f,0.9073370553884537,190177.3,190418.76,True,False
Emergent_bounded_clarity_c1b4b0,Emergent_autonomy_collective_4a8f61,0.9092681637187832,190177.3,190453.62,True,False
Emergent_bounded_clarity_c1b4b0,Emergent_consciousness_constraint_80c25f,0.9085467304580748,190177.3,190469.23,True,False
Emergent_bounded_clarity_c1b4b0,Emergent_clarity_energy_08bc8c,0.9072203908114207,190177.3,190486.72,True,False
Emergent_bounded_clarity_c1b4b0,Emergent_appears_asymmetry_9e9e75,0.9092680951017811,190177.3,190505.1,True,False
Emergent_bounded_clarity_c1b4b0,Emergent_constraint_contradiction_8d2c9c,0.9092675082697741,190177.3,190537.76,True,False
Emergent_bounded_clarity_c1b4b0,Emergent_coherence_constraint_b926a8,0.9092674744063716,190177.3,190538.1,True,False
Emergent_bounded_clarity_c1b4b0,Emergent_abstraction_clarity_81ead3,0.9092667218906612,190177.3,190556.64,True,False
Emergent_bounded_clarity_c1b4b0,Emergent_abstraction_autonomy_9d570d,0.9092667216814434,190177.3,190556.98,True,False
Emergent_bounded_clarity_c1b4b0,Emergent_bounded_coherence_717f45,0.9081203673873761,190177.3,190573.63,True,False
Emergent_bounded_clarity_c1b4b0,Emergent_bounded_increases_8c621b,0.9082656254739485,190177.3,190573.97,True,False
Emergent_bounded_clarity_c1b4b0,Emergent_anticipation_autonomy_eda74a,0.9092639261827196,190177.3,190592.51,True,False
Emergent_bounded_clarity_c1b4b0,Emergent_bounded_coherence_40a04d,0.9078813700148367,190177.3,190610.67,True,False
Emergent_bounded_clarity_c1b4b0,Emergent_appears_asymmetry_ecd8f7,0.9063861158406588,190177.3,190629.19,True,False
Emergent_bounded_clarity_c1b4b0,Emergent_anticipation_bounded_ed16fb,0.9092718319548634,190177.3,190646.48,True,False
Emergent_bounded_clarity_c1b4b0,Emergent_anticipation_autonomy_573275,0.9092704519952537,190177.3,190664.99,True,False
Emergent_bounded_clarity_c1b4b0,Emergent_anticipation_clarity_8a2f90,0.9092684806243829,190177.3,190683.35,True,False
Emergent_bounded_clarity_c1b4b0,Emergent_autonomy_collective_461851,0.9092656643802814,190177.3,190702.56,True,False
Emergent_bounded_clarity_c1b4b0,Emergent_collective_constraint_a92169,0.9092656643802814,190177.3,190702.9,True,False
Emergent_bounded_clarity_c1b4b0,Emergent_bounded_carefully_f79645,0.9092616411744225,190177.3,190721.89,True,False
Emergent_bounded_clarity_c1b4b0,Emergent_autonomy_carefully_8f6776,0.9092551664003199,190177.3,190742.41,True,False
Emergent_bounded_clarity_c1b4b0,Emergent_autonomy_carefully_dedeae,0.9092552496332547,190177.3,190742.75,True,False
Emergent_bounded_clarity_c1b4b0,Emergent_autonomy_bounded_ab8b66,0.9091660165660695,190177.3,190763.03,True,False
Emergent_bounded_clarity_c1b4b0,Emergent_anticipation_autonomy_a66f28,0.9085021333266083,190177.3,190858.49,True,False
Emergent_bounded_clarity_c1b4b0,Emergent_anticipation_bounded_ca71cc,0.9066487252247775,190177.3,190918.03,True,False
Emergent_bounded_clarity_c1b4b0,Emergent_anticipation_bounded_2f7e1b,0.9066545663040046,190177.3,190918.37,True,False
Emergent_bounded_clarity_c1b4b0,Emergent_autonomy_bounded_72bafc,0.9098401389855988,190177.3,190936.64,True,False
Emergent_bounded_clarity_c1b4b0,Emergent_abstraction_ambiguity_94432c,0.9098783515573348,190177.3,190954.69,True,False
Emergent_bounded_clarity_c1b4b0,Emergent_ambiguity_anticipation_961459,0.906652362787858,190177.3,190975.58,True,False
Emergent_bounded_clarity_c1b4b0,Emergent_ambiguity_constraint_33311e,0.9089501054760256,190177.3,190995.91,True,False
Emergent_bounded_clarity_c1b4b0,Emergent_abstraction_bounded_b74b81,0.9074518228397994,190177.3,191018.31,True,False
Emergent_bounded_clarity_c1b4b0,Emergent_autonomy_bounded_94d9e2,0.9087728625679468,190177.3,191040.9,True,False
Emergent_bounded_clarity_c1b4b0,Emergent_autonomy_carefully_659b9f,0.9089141001924468,190177.3,191060.09,True,False
Emergent_bounded_clarity_c1b4b0,Emergent_autonomy_clarity_321c48,0.9056340068159736,190177.3,191082.87,True,False
Emergent_bounded_clarity_c1b4b0,Emergent_autonomy_bounded_5ceb4c,0.904821660824491,190177.3,191125.51,True,False
Emergent_bounded_clarity_c1b4b0,Emergent_bounded_increases_b9fad9,0.9059740516824468,190177.3,191145.88,True,False
Emergent_bounded_clarity_c1b4b0,Emergent_carefully_coherence_6373e7,0.9035034226824468,190177.3,191168.45,True,False
Emergent_bounded_clarity_c1b4b0,Emergent_carefully_linked_5110f6,0.9028935018155133,190177.3,191168.79,True,False
Emergent_bounded_clarity_c1b4b0,Emergent_anticipation_bounded_db424c,0.8999739526824468,190177.3,191189.2,True,False
Emergent_bounded_clarity_c1b4b0,Emergent_bounded_clarity_42b09f,0.8949318526824468,190177.3,191211.02,True,False
Emergent_bounded_clarity_c1b4b0,Emergent_constraint_contradiction_66a818,0.923,190177.3,191298.86,True,False
Emergent_bounded_clarity_c1b4b0,Emergent_belief_revision_bounded_349257,0.9264999999999999,190177.3,191315.51,True,False
Emergent_bounded_clarity_c1b4b0,Emergent_belief_revision_carefully_a9d18e,0.895,190177.3,191350.85,True,False
Emergent_bounded_clarity_c1b4b0,Emergent_bounded_connection_8dc0d7,0.9,190177.3,191371.53,True,False
Emergent_belief_revision_bounded_edaf3d,Emergent_appears_asymmetry_8ccc17,0.904816677365214,190193.38,190208.88,True,False
Emergent_belief_revision_bounded_edaf3d,Emergent_appears_asymmetry_b0db07,0.9094208906087435,190193.38,190209.22,True,False
Emergent_belief_revision_bounded_edaf3d,Emergent_appears_asymmetry_8dba4c,0.9089344391060965,190193.38,190225.73,True,False
Emergent_belief_revision_bounded_edaf3d,Emergent_autonomy_clarity_dc06c1,0.9094208913849968,190193.38,190241.74,True,False
Emergent_belief_revision_bounded_edaf3d,Emergent_anticipation_appears_dac47e,0.9094208906142263,190193.38,190257.48,True,False
Emergent_belief_revision_bounded_edaf3d,Emergent_abstraction_ambiguity_5c1c4f,0.9090852586212836,190193.38,190273.09,True,False
Emergent_belief_revision_bounded_edaf3d,Emergent_abstraction_ambiguity_353967,0.9054002220374546,190193.38,190305.24,True,False
Emergent_belief_revision_bounded_edaf3d,Emergent_autonomy_consciousness_3a32d4,0.9094208976536138,190193.38,190321.02,True,False
Emergent_belief_revision_bounded_edaf3d,Emergent_autonomy_belief_revision_b856db,0.9094208816657117,190193.38,190337.5,True,False
Emergent_belief_revision_bounded_edaf3d,Emergent_consciousness_contradiction_9e434e,0.9094207923513435,190193.38,190354.47,True,False
Emergent_belief_revision_bounded_edaf3d,Emergent_autonomy_collective_0e3ed5,0.9094209241960558,190193.38,190371.53,True,False
Emergent_belief_revision_bounded_edaf3d,Emergent_attention_autonomy_1e79bf,0.9094209063689995,190193.38,190388.59,True,False
Emergent_belief_revision_bounded_edaf3d,Emergent_collective_consciousness_f6f1a0,0.9094209085973814,190193.38,190403.46,True,False
Emergent_belief_revision_bounded_edaf3d,Emergent_carefully_clarity_0d7a6f,0.9073370553884537,190193.38,190418.76,True,False
Emergent_belief_revision_bounded_edaf3d,Emergent_autonomy_collective_4a8f61,0.9094208598913176,190193.38,190453.62,True,False
Emergent_belief_revision_bounded_edaf3d,Emergent_consciousness_constraint_80c25f,0.9085467304580748,190193.38,190469.23,True,False
Emergent_belief_revision_bounded_edaf3d,Emergent_clarity_energy_08bc8c,0.9072203908114207,190193.38,190486.72,True,False
Emergent_belief_revision_bounded_edaf3d,Emergent_appears_asymmetry_9e9e75,0.909420790355449,190193.38,190505.1,True,False
Emergent_belief_revision_bounded_edaf3d,Emergent_constraint_contradiction_8d2c9c,0.9094202082119955,190193.38,190537.76,True,False
Emergent_belief_revision_bounded_edaf3d,Emergent_coherence_constraint_b926a8,0.9094201742641084,190193.38,190538.1,True,False
Emergent_belief_revision_bounded_edaf3d,Emergent_abstraction_clarity_81ead3,0.9094194198709689,190193.38,190556.64,True,False
Emergent_belief_revision_bounded_edaf3d,Emergent_abstraction_autonomy_9d570d,0.9094194196612293,190193.38,190556.98,True,False
Emergent_belief_revision_bounded_edaf3d,Emergent_bounded_coherence_717f45,0.9081203673873761,190193.38,190573.63,True,False
Emergent_belief_revision_bounded_edaf3d,Emergent_bounded_increases_8c621b,0.9082656254739485,190193.38,190573.97,True,False
Emergent_belief_revision_bounded_edaf3d,Emergent_anticipation_autonomy_eda74a,0.9094166233169212,190193.38,190592.51,True,False
Emergent_belief_revision_bounded_edaf3d,Emergent_bounded_coherence_40a04d,0.9078813700148367,190193.38,190610.67,True,False
Emergent_belief_revision_bounded_edaf3d,Emergent_appears_asymmetry_ecd8f7,0.9063861158406588,190193.38,190629.19,True,False
Emergent_belief_revision_bounded_edaf3d,Emergent_anticipation_bounded_ed16fb,0.9094245120798585,190193.38,190646.48,True,False
Emergent_belief_revision_bounded_edaf3d,Emergent_anticipation_autonomy_573275,0.9094231321202491,190193.38,190664.99,True,False
Emergent_belief_revision_bounded_edaf3d,Emergent_anticipation_clarity_8a2f90,0.9094211607493783,190193.38,190683.35,True,False
Emergent_belief_revision_bounded_edaf3d,Emergent_autonomy_collective_461851,0.9094183445052768,190193.38,190702.56,True,False
Emergent_belief_revision_bounded_edaf3d,Emergent_collective_constraint_a92169,0.9094183445052768,190193.38,190702.9,True,False
Emergent_belief_revision_bounded_edaf3d,Emergent_bounded_carefully_f79645,0.9094143212994179,190193.38,190721.89,True,False
Emergent_belief_revision_bounded_edaf3d,Emergent_autonomy_carefully_8f6776,0.9094078447107035,190193.38,190742.41,True,False
Emergent_belief_revision_bounded_edaf3d,Emergent_autonomy_carefully_dedeae,0.9094079281512937,190193.38,190742.75,True,False
Emergent_belief_revision_bounded_edaf3d,Emergent_autonomy_bounded_ab8b66,0.9093189076442807,190193.38,190763.03,True,False
Emergent_belief_revision_bounded_edaf3d,Emergent_anticipation_autonomy_a66f28,0.9085021333266083,190193.38,190858.49,True,False
Emergent_belief_revision_bounded_edaf3d,Emergent_anticipation_bounded_ca71cc,0.9068020147418441,190193.38,190918.03,True,False
Emergent_belief_revision_bounded_edaf3d,Emergent_anticipation_bounded_2f7e1b,0.9068078612549011,190193.38,190918.37,True,False
Emergent_belief_revision_bounded_edaf3d,Emergent_autonomy_bounded_72bafc,0.9099909761901457,190193.38,190936.64,True,False
Emergent_belief_revision_bounded_edaf3d,Emergent_abstraction_ambiguity_94432c,0.9100291994933605,190193.38,190954.69,True,False
Emergent_belief_revision_bounded_edaf3d,Emergent_ambiguity_anticipation_961459,0.906652362787858,190193.38,190975.58,True,False
Emergent_belief_revision_bounded_edaf3d,Emergent_ambiguity_constraint_33311e,0.9089501054760256,190193.38,190995.91,True,False
Emergent_belief_revision_bounded_edaf3d,Emergent_abstraction_bounded_b74b81,0.9074518228397994,190193.38,191018.31,True,False
Emergent_belief_revision_bounded_edaf3d,Emergent_autonomy_bounded_94d9e2,0.9089194083694516,190193.38,191040.9,True,False
Emergent_belief_revision_bounded_edaf3d,Emergent_autonomy_carefully_659b9f,0.9090606459939516,190193.38,191060.09,True,False
Emergent_belief_revision_bounded_edaf3d,Emergent_autonomy_clarity_321c48,0.9056340068159736,190193.38,191082.87,True,False
Emergent_belief_revision_bounded_edaf3d,Emergent_autonomy_bounded_5ceb4c,0.904821660824491,190193.38,191125.51,True,False
Emergent_belief_revision_bounded_edaf3d,Emergent_bounded_increases_b9fad9,0.9061205974839517,190193.38,191145.88,True,False
Emergent_belief_revision_bounded_edaf3d,Emergent_carefully_coherence_6373e7,0.9036499684839516,190193.38,191168.45,True,False
Emergent_belief_revision_bounded_edaf3d,Emergent_carefully_linked_5110f6,0.9028935018155133,190193.38,191168.79,True,False
Emergent_belief_revision_bounded_edaf3d,Emergent_anticipation_bounded_db424c,0.9001204984839517,190193.38,191189.2,True,False
Emergent_belief_revision_bounded_edaf3d,Emergent_bounded_clarity_42b09f,0.8950783984839517,190193.38,191211.02,True,False
Emergent_belief_revision_bounded_edaf3d,Emergent_constraint_contradiction_66a818,0.923,190193.38,191298.86,True,False
Emergent_belief_revision_bounded_edaf3d,Emergent_belief_revision_bounded_349257,0.9264999999999999,190193.38,191315.51,True,False
Emergent_belief_revision_bounded_edaf3d,Emergent_belief_revision_carefully_a9d18e,0.895,190193.38,191350.85,True,False
Emergent_belief_revision_bounded_edaf3d,Emergent_bounded_connection_8dc0d7,0.9,190193.38,191371.53,True,False
Emergent_appears_asymmetry_8ccc17,Emergent_appears_asymmetry_b0db07,0.9048166764527152,190208.88,190209.22,True,False
Emergent_appears_asymmetry_8ccc17,Emergent_appears_asymmetry_8dba4c,0.9048166726749665,190208.88,190225.73,True,False
Emergent_appears_asymmetry_8ccc17,Emergent_autonomy_clarity_dc06c1,0.9048166783198621,190208.88,190241.74,True,False
Emergent_appears_asymmetry_8ccc17,Emergent_anticipation_appears_dac47e,0.9048166775490913,190208.88,190257.48,True,False
Emergent_appears_asymmetry_8ccc17,Emergent_abstraction_ambiguity_5c1c4f,0.9048166763002734,190208.88,190273.09,True,False
Emergent_appears_asymmetry_8ccc17,Emergent_abstraction_ambiguity_353967,0.9048166570157863,190208.88,190305.24,True,False
Emergent_appears_asymmetry_8ccc17,Emergent_autonomy_consciousness_3a32d4,0.9048166863166884,190208.88,190321.02,True,False
Emergent_appears_asymmetry_8ccc17,Emergent_autonomy_belief_revision_b856db,0.9048166643017301,190208.88,190337.5,True,False
Emergent_appears_asymmetry_8ccc17,Emergent_consciousness_contradiction_9e434e,0.9048165813160793,190208.88,190354.47,True,False
Emergent_appears_asymmetry_8ccc17,Emergent_autonomy_collective_0e3ed5,0.9048167176868374,190208.88,190371.53,True,False
Emergent_appears_asymmetry_8ccc17,Emergent_attention_autonomy_1e79bf,0.9048166998597813,190208.88,190388.59,True,False
Emergent_appears_asymmetry_8ccc17,Emergent_collective_consciousness_f6f1a0,0.9048167020881632,190208.88,190403.46,True,False
Emergent_appears_asymmetry_8ccc17,Emergent_carefully_clarity_0d7a6f,0.9048167043165452,190208.88,190418.76,True,False
Emergent_appears_asymmetry_8ccc17,Emergent_autonomy_collective_4a8f61,0.9048166533820992,190208.88,190453.62,True,False
Emergent_appears_asymmetry_8ccc17,Emergent_consciousness_constraint_80c25f,0.9048166579298178,190208.88,190469.23,True,False
Emergent_appears_asymmetry_8ccc17,Emergent_clarity_energy_08bc8c,0.9048165075535657,190208.88,190486.72,True,False
Emergent_appears_asymmetry_8ccc17,Emergent_appears_asymmetry_9e9e75,0.9048165749210253,190208.88,190505.1,True,False
Emergent_appears_asymmetry_8ccc17,Emergent_constraint_contradiction_8d2c9c,0.9048159063525889,190208.88,190537.76,True,False
Emergent_appears_asymmetry_8ccc17,Emergent_coherence_constraint_b926a8,0.9048158749521384,190208.88,190538.1,True,False
Emergent_appears_asymmetry_8ccc17,Emergent_abstraction_clarity_81ead3,0.9048151771683806,190208.88,190556.64,True,False
Emergent_appears_asymmetry_8ccc17,Emergent_abstraction_autonomy_9d570d,0.9048151769743797,190208.88,190556.98,True,False
Emergent_appears_asymmetry_8ccc17,Emergent_bounded_coherence_717f45,0.9048168230614222,190208.88,190573.63,True,False
Emergent_appears_asymmetry_8ccc17,Emergent_bounded_increases_8c621b,0.9048168233218521,190208.88,190573.97,True,False
Emergent_appears_asymmetry_8ccc17,Emergent_anticipation_autonomy_eda74a,0.9048124061266394,190208.88,190592.51,True,False
Emergent_appears_asymmetry_8ccc17,Emergent_bounded_coherence_40a04d,0.9048177644650113,190208.88,190610.67,True,False
Emergent_appears_asymmetry_8ccc17,Emergent_appears_asymmetry_ecd8f7,0.9048068086696022,190208.88,190629.19,True,False
Emergent_appears_asymmetry_8ccc17,Emergent_anticipation_bounded_ed16fb,0.9048208077615498,190208.88,190646.48,True,False
Emergent_appears_asymmetry_8ccc17,Emergent_anticipation_autonomy_573275,0.9048194278019401,190208.88,190664.99,True,False
Emergent_appears_asymmetry_8ccc17,Emergent_anticipation_clarity_8a2f90,0.9048174564310691,190208.88,190683.35,True,False
Emergent_appears_asymmetry_8ccc17,Emergent_autonomy_collective_461851,0.9048146401869679,190208.88,190702.56,True,False
Emergent_appears_asymmetry_8ccc17,Emergent_collective_constraint_a92169,0.9048146401869679,190208.88,190702.9,True,False
Emergent_appears_asymmetry_8ccc17,Emergent_bounded_carefully_f79645,0.904810616981109,190208.88,190721.89,True,False
Emergent_appears_asymmetry_8ccc17,Emergent_autonomy_carefully_8f6776,0.9048041951076731,190208.88,190742.41,True,False
Emergent_appears_asymmetry_8ccc17,Emergent_autonomy_carefully_dedeae,0.9048042722869121,190208.88,190742.75,True,False
Emergent_appears_asymmetry_8ccc17,Emergent_autonomy_bounded_ab8b66,0.9047088425358505,190208.88,190763.03,True,False
Emergent_appears_asymmetry_8ccc17,Emergent_anticipation_autonomy_a66f28,0.9049277106170355,190208.88,190858.49,True,False
Emergent_appears_asymmetry_8ccc17,Emergent_anticipation_bounded_ca71cc,0.9021799356618483,190208.88,190918.03,True,False
Emergent_appears_asymmetry_8ccc17,Emergent_anticipation_bounded_2f7e1b,0.9021856183307504,190208.88,190918.37,True,False
Emergent_appears_asymmetry_8ccc17,Emergent_autonomy_bounded_72bafc,0.9054428407340402,190208.88,190936.64,True,False
Emergent_appears_asymmetry_8ccc17,Emergent_abstraction_ambiguity_94432c,0.9054807404551515,190208.88,190954.69,True,False
Emergent_appears_asymmetry_8ccc17,Emergent_ambiguity_anticipation_961459,0.9022443346613924,190208.88,190975.58,True,False
Emergent_appears_asymmetry_8ccc17,Emergent_ambiguity_constraint_33311e,0.9060825313115564,190208.88,190995.91,True,False
Emergent_appears_asymmetry_8ccc17,Emergent_abstraction_bounded_b74b81,0.9054893332886562,190208.88,191018.31,True,False
Emergent_appears_asymmetry_8ccc17,Emergent_autonomy_bounded_94d9e2,0.9045006699171563,190208.88,191040.9,True,False
Emergent_appears_asymmetry_8ccc17,Emergent_autonomy_carefully_659b9f,0.9046419075416563,190208.88,191060.09,True,False
Emergent_appears_asymmetry_8ccc17,Emergent_autonomy_clarity_321c48,0.9034312993316562,190208.88,191082.87,True,False
Emergent_appears_asymmetry_8ccc17,Emergent_autonomy_bounded_5ceb4c,0.9014136189816562,190208.88,191125.51,True,False
Emergent_appears_asymmetry_8ccc17,Emergent_bounded_increases_b9fad9,0.9017018590316563,190208.88,191145.88,True,False
Emergent_appears_asymmetry_8ccc17,Emergent_carefully_coherence_6373e7,0.8992312300316563,190208.88,191168.45,True,False
Emergent_appears_asymmetry_8ccc17,Emergent_carefully_linked_5110f6,0.8992312300316563,190208.88,191168.79,True,False
Emergent_appears_asymmetry_8ccc17,Emergent_anticipation_bounded_db424c,0.8957017600316564,190208.88,191189.2,True,False
Emergent_appears_asymmetry_8ccc17,Emergent_bounded_clarity_42b09f,0.8906596600316563,190208.88,191211.02,True,False
Emergent_appears_asymmetry_8ccc17,Emergent_constraint_contradiction_66a818,0.923,190208.88,191298.86,True,False
Emergent_appears_asymmetry_8ccc17,Emergent_belief_revision_bounded_349257,0.9264999999999999,190208.88,191315.51,True,False
Emergent_appears_asymmetry_8ccc17,Emergent_belief_revision_carefully_a9d18e,0.895,190208.88,191350.85,True,False
Emergent_appears_asymmetry_8ccc17,Emergent_bounded_connection_8dc0d7,0.9,190208.88,191371.53,True,False
Emergent_appears_asymmetry_b0db07,Emergent_appears_asymmetry_8dba4c,0.9089344389943688,190209.22,190225.73,True,False
Emergent_appears_asymmetry_b0db07,Emergent_autonomy_clarity_dc06c1,0.9114115171549602,190209.22,190241.74,True,False
Emergent_appears_asymmetry_b0db07,Emergent_anticipation_appears_dac47e,0.913038749380916,190209.22,190257.48,True,False
Emergent_appears_asymmetry_b0db07,Emergent_abstraction_ambiguity_5c1c4f,0.9090852586212836,190209.22,190273.09,True,False
Emergent_appears_asymmetry_b0db07,Emergent_abstraction_ambiguity_353967,0.9054002220374546,190209.22,190305.24,True,False
Emergent_appears_asymmetry_b0db07,Emergent_autonomy_consciousness_3a32d4,0.9112766790522868,190209.22,190321.02,True,False
Emergent_appears_asymmetry_b0db07,Emergent_autonomy_belief_revision_b856db,0.90981437510893,190209.22,190337.5,True,False
Emergent_appears_asymmetry_b0db07,Emergent_consciousness_contradiction_9e434e,0.9096166929066869,190209.22,190354.47,True,False
Emergent_appears_asymmetry_b0db07,Emergent_autonomy_collective_0e3ed5,0.9130387778112721,190209.22,190371.53,True,False
Emergent_appears_asymmetry_b0db07,Emergent_attention_autonomy_1e79bf,0.9096611804254844,190209.22,190388.59,True,False
Emergent_appears_asymmetry_b0db07,Emergent_collective_consciousness_f6f1a0,0.9130387622125979,190209.22,190403.46,True,False
Emergent_appears_asymmetry_b0db07,Emergent_carefully_clarity_0d7a6f,0.9073370553884537,190209.22,190418.76,True,False
Emergent_appears_asymmetry_b0db07,Emergent_autonomy_collective_4a8f61,0.9098428561633003,190209.22,190453.62,True,False
Emergent_appears_asymmetry_b0db07,Emergent_consciousness_constraint_80c25f,0.9085467304580748,190209.22,190469.23,True,False
Emergent_appears_asymmetry_b0db07,Emergent_clarity_energy_08bc8c,0.9072203908114207,190209.22,190486.72,True,False
Emergent_appears_asymmetry_b0db07,Emergent_appears_asymmetry_9e9e75,0.9130125171460837,190209.22,190505.1,True,False
Emergent_appears_asymmetry_b0db07,Emergent_constraint_contradiction_8d2c9c,0.9130381523306548,190209.22,190537.76,True,False
Emergent_appears_asymmetry_b0db07,Emergent_coherence_constraint_b926a8,0.9099635564588231,190209.22,190538.1,True,False
Emergent_appears_asymmetry_b0db07,Emergent_abstraction_clarity_81ead3,0.9110401958731507,190209.22,190556.64,True,False
Emergent_appears_asymmetry_b0db07,Emergent_abstraction_autonomy_9d570d,0.9110066074925838,190209.22,190556.98,True,False
Emergent_appears_asymmetry_b0db07,Emergent_bounded_coherence_717f45,0.9081203673873761,190209.22,190573.63,True,False
Emergent_appears_asymmetry_b0db07,Emergent_bounded_increases_8c621b,0.9082656254739485,190209.22,190573.97,True,False
Emergent_appears_asymmetry_b0db07,Emergent_anticipation_autonomy_eda74a,0.9116097949411557,190209.22,190592.51,True,False
Emergent_appears_asymmetry_b0db07,Emergent_bounded_coherence_40a04d,0.9078813700148367,190209.22,190610.67,True,False
Emergent_appears_asymmetry_b0db07,Emergent_appears_asymmetry_ecd8f7,0.9063861158406588,190209.22,190629.19,True,False
Emergent_appears_asymmetry_b0db07,Emergent_anticipation_bounded_ed16fb,0.9102170089021393,190209.22,190646.48,True,False
Emergent_appears_asymmetry_b0db07,Emergent_anticipation_autonomy_573275,0.9101960696947411,190209.22,190664.99,True,False
Emergent_appears_asymmetry_b0db07,Emergent_anticipation_clarity_8a2f90,0.9099035963415203,190209.22,190683.35,True,False
Emergent_appears_asymmetry_b0db07,Emergent_autonomy_collective_461851,0.9099484469929526,190209.22,190702.56,True,False
Emergent_appears_asymmetry_b0db07,Emergent_collective_constraint_a92169,0.9122948818778642,190209.22,190702.9,True,False
Emergent_appears_asymmetry_b0db07,Emergent_bounded_carefully_f79645,0.912288556392185,190209.22,190721.89,True,False
Emergent_appears_asymmetry_b0db07,Emergent_autonomy_carefully_8f6776,0.9116841169632965,190209.22,190742.41,True,False
Emergent_appears_asymmetry_b0db07,Emergent_autonomy_carefully_dedeae,0.9129377814287896,190209.22,190742.75,True,False
Emergent_appears_asymmetry_b0db07,Emergent_autonomy_bounded_ab8b66,0.9103863168410862,190209.22,190763.03,True,False
Emergent_appears_asymmetry_b0db07,Emergent_anticipation_autonomy_a66f28,0.9085021333266083,190209.22,190858.49,True,False
Emergent_appears_asymmetry_b0db07,Emergent_anticipation_bounded_ca71cc,0.9104339277514755,190209.22,190918.03,True,False
Emergent_appears_asymmetry_b0db07,Emergent_anticipation_bounded_2f7e1b,0.9104399030091315,190209.22,190918.37,True,False
Emergent_appears_asymmetry_b0db07,Emergent_autonomy_bounded_72bafc,0.9135546675674497,190209.22,190936.64,True,False
Emergent_appears_asymmetry_b0db07,Emergent_abstraction_ambiguity_94432c,0.9118910736829027,190209.22,190954.69,True,False
Emergent_appears_asymmetry_b0db07,Emergent_ambiguity_anticipation_961459,0.906652362787858,190209.22,190975.58,True,False
Emergent_appears_asymmetry_b0db07,Emergent_ambiguity_constraint_33311e,0.9089501054760256,190209.22,190995.91,True,False
Emergent_appears_asymmetry_b0db07,Emergent_abstraction_bounded_b74b81,0.9074518228397994,190209.22,191018.31,True,False
Emergent_appears_asymmetry_b0db07,Emergent_autonomy_bounded_94d9e2,0.9118990884630951,190209.22,191040.9,True,False
Emergent_appears_asymmetry_b0db07,Emergent_autonomy_carefully_659b9f,0.9125327790737396,190209.22,191060.09,True,False
Emergent_appears_asymmetry_b0db07,Emergent_autonomy_clarity_321c48,0.9056340068159736,190209.22,191082.87,True,False
Emergent_appears_asymmetry_b0db07,Emergent_autonomy_bounded_5ceb4c,0.904821660824491,190209.22,191125.51,True,False
Emergent_appears_asymmetry_b0db07,Emergent_bounded_increases_b9fad9,0.9078803948778766,190209.22,191145.88,True,False
Emergent_appears_asymmetry_b0db07,Emergent_carefully_coherence_6373e7,0.9060136738676356,190209.22,191168.45,True,False
Emergent_appears_asymmetry_b0db07,Emergent_carefully_linked_5110f6,0.9028935018155133,190209.22,191168.79,True,False
Emergent_appears_asymmetry_b0db07,Emergent_anticipation_bounded_db424c,0.9009760725839338,190209.22,191189.2,True,False
Emergent_appears_asymmetry_b0db07,Emergent_bounded_clarity_42b09f,0.8970593728287453,190209.22,191211.02,True,False
Emergent_appears_asymmetry_b0db07,Emergent_constraint_contradiction_66a818,0.923,190209.22,191298.86,True,False
Emergent_appears_asymmetry_b0db07,Emergent_belief_revision_bounded_349257,0.9264999999999999,190209.22,191315.51,True,False
Emergent_appears_asymmetry_b0db07,Emergent_belief_revision_carefully_a9d18e,0.895,190209.22,191350.85,True,False
Emergent_appears_asymmetry_b0db07,Emergent_bounded_connection_8dc0d7,0.9,190209.22,191371.53,True,False
Emergent_appears_asymmetry_8dba4c,Emergent_autonomy_clarity_dc06c1,0.9089344437903972,190225.73,190241.74,True,False
Emergent_appears_asymmetry_8dba4c,Emergent_anticipation_appears_dac47e,0.9089344434077948,190225.73,190257.48,True,False
Emergent_appears_asymmetry_8dba4c,Emergent_abstraction_ambiguity_5c1c4f,0.908934442148259,190225.73,190273.09,True,False
Emergent_appears_asymmetry_8dba4c,Emergent_abstraction_ambiguity_353967,0.9054002220374546,190225.73,190305.24,True,False
Emergent_appears_asymmetry_8dba4c,Emergent_autonomy_consciousness_3a32d4,0.9089344506297732,190225.73,190321.02,True,False
Emergent_appears_asymmetry_8dba4c,Emergent_autonomy_belief_revision_b856db,0.908934434005094,190225.73,190337.5,True,False
Emergent_appears_asymmetry_8dba4c,Emergent_consciousness_contradiction_9e434e,0.9089343453593741,190225.73,190354.47,True,False
Emergent_appears_asymmetry_8dba4c,Emergent_autonomy_collective_0e3ed5,0.908934477682277,190225.73,190371.53,True,False
Emergent_appears_asymmetry_8dba4c,Emergent_attention_autonomy_1e79bf,0.9089344598552207,190225.73,190388.59,True,False
Emergent_appears_asymmetry_8dba4c,Emergent_collective_consciousness_f6f1a0,0.9089344620836028,190225.73,190403.46,True,False
Emergent_appears_asymmetry_8dba4c,Emergent_carefully_clarity_0d7a6f,0.9073370553884537,190225.73,190418.76,True,False
Emergent_appears_asymmetry_8dba4c,Emergent_autonomy_collective_4a8f61,0.9089344133775388,190225.73,190453.62,True,False
Emergent_appears_asymmetry_8dba4c,Emergent_consciousness_constraint_80c25f,0.9085467304580748,190225.73,190469.23,True,False
Emergent_appears_asymmetry_8dba4c,Emergent_clarity_energy_08bc8c,0.9072203908114207,190225.73,190486.72,True,False
Emergent_appears_asymmetry_8dba4c,Emergent_appears_asymmetry_9e9e75,0.9089343467689173,190225.73,190505.1,True,False
Emergent_appears_asymmetry_8dba4c,Emergent_constraint_contradiction_8d2c9c,0.9089337496890677,190225.73,190537.76,True,False
Emergent_appears_asymmetry_8dba4c,Emergent_coherence_constraint_b926a8,0.908933716010325,190225.73,190538.1,True,False
Emergent_appears_asymmetry_8dba4c,Emergent_abstraction_clarity_81ead3,0.9089329675981392,190225.73,190556.64,True,False
Emergent_appears_asymmetry_8dba4c,Emergent_abstraction_autonomy_9d570d,0.9089329673900624,190225.73,190556.98,True,False
Emergent_appears_asymmetry_8dba4c,Emergent_bounded_coherence_717f45,0.9081203673873761,190225.73,190573.63,True,False
Emergent_appears_asymmetry_8dba4c,Emergent_bounded_increases_8c621b,0.9082656254739485,190225.73,190573.97,True,False
Emergent_appears_asymmetry_8dba4c,Emergent_anticipation_autonomy_eda74a,0.9089301737395443,190225.73,190592.51,True,False
Emergent_appears_asymmetry_8dba4c,Emergent_bounded_coherence_40a04d,0.9078813700148367,190225.73,190610.67,True,False
Emergent_appears_asymmetry_8dba4c,Emergent_appears_asymmetry_ecd8f7,0.9063861158406588,190225.73,190629.19,True,False
Emergent_appears_asymmetry_8dba4c,Emergent_anticipation_bounded_ed16fb,0.908938116688969,190225.73,190646.48,True,False
Emergent_appears_asymmetry_8dba4c,Emergent_anticipation_autonomy_573275,0.9089367367293593,190225.73,190664.99,True,False
Emergent_appears_asymmetry_8dba4c,Emergent_anticipation_clarity_8a2f90,0.9089347653584883,190225.73,190683.35,True,False
Emergent_appears_asymmetry_8dba4c,Emergent_autonomy_collective_461851,0.908931949114387,190225.73,190702.56,True,False
Emergent_appears_asymmetry_8dba4c,Emergent_collective_constraint_a92169,0.908931949114387,190225.73,190702.9,True,False
Emergent_appears_asymmetry_8dba4c,Emergent_bounded_carefully_f79645,0.9089279259085279,190225.73,190721.89,True,False
Emergent_appears_asymmetry_8dba4c,Emergent_autonomy_carefully_8f6776,0.9089214551006495,190225.73,190742.41,True,False
Emergent_appears_asymmetry_8dba4c,Emergent_autonomy_carefully_dedeae,0.9089215378797086,190225.73,190742.75,True,False
Emergent_appears_asymmetry_8dba4c,Emergent_autonomy_bounded_ab8b66,0.9088318402165303,190225.73,190763.03,True,False
Emergent_appears_asymmetry_8dba4c,Emergent_anticipation_autonomy_a66f28,0.9085021333266083,190225.73,190858.49,True,False
Emergent_appears_asymmetry_8dba4c,Emergent_anticipation_bounded_ca71cc,0.9063136780013854,190225.73,190918.03,True,False
Emergent_appears_asymmetry_8dba4c,Emergent_anticipation_bounded_2f7e1b,0.9063195072038084,190225.73,190918.37,True,False
Emergent_appears_asymmetry_8dba4c,Emergent_autonomy_bounded_72bafc,0.9095104518188921,190225.73,190936.64,True,False
Emergent_appears_asymmetry_8dba4c,Emergent_abstraction_ambiguity_94432c,0.9095486409346718,190225.73,190954.69,True,False
Emergent_appears_asymmetry_8dba4c,Emergent_ambiguity_anticipation_961459,0.9065248907353662,190225.73,190975.58,True,False
Emergent_appears_asymmetry_8dba4c,Emergent_ambiguity_constraint_33311e,0.9089501054760256,190225.73,190995.91,True,False
Emergent_appears_asymmetry_8dba4c,Emergent_abstraction_bounded_b74b81,0.9074518228397994,190225.73,191018.31,True,False
Emergent_appears_asymmetry_8dba4c,Emergent_autonomy_bounded_94d9e2,0.9084525551859843,190225.73,191040.9,True,False
Emergent_appears_asymmetry_8dba4c,Emergent_autonomy_carefully_659b9f,0.9085937928104844,190225.73,191060.09,True,False
Emergent_appears_asymmetry_8dba4c,Emergent_autonomy_clarity_321c48,0.9056340068159736,190225.73,191082.87,True,False
Emergent_appears_asymmetry_8dba4c,Emergent_autonomy_bounded_5ceb4c,0.904821660824491,190225.73,191125.51,True,False
Emergent_appears_asymmetry_8dba4c,Emergent_bounded_increases_b9fad9,0.9056537443004844,190225.73,191145.88,True,False
Emergent_appears_asymmetry_8dba4c,Emergent_carefully_coherence_6373e7,0.9031831153004843,190225.73,191168.45,True,False
Emergent_appears_asymmetry_8dba4c,Emergent_carefully_linked_5110f6,0.9028935018155133,190225.73,191168.79,True,False
Emergent_appears_asymmetry_8dba4c,Emergent_anticipation_bounded_db424c,0.8996536453004844,190225.73,191189.2,True,False
Emergent_appears_asymmetry_8dba4c,Emergent_bounded_clarity_42b09f,0.8946115453004844,190225.73,191211.02,True,False
Emergent_appears_asymmetry_8dba4c,Emergent_constraint_contradiction_66a818,0.923,190225.73,191298.86,True,False
Emergent_appears_asymmetry_8dba4c,Emergent_belief_revision_bounded_349257,0.9264999999999999,190225.73,191315.51,True,False
Emergent_appears_asymmetry_8dba4c,Emergent_belief_revision_carefully_a9d18e,0.895,190225.73,191350.85,True,False
Emergent_appears_asymmetry_8dba4c,Emergent_bounded_connection_8dc0d7,0.9,190225.73,191371.53,True,False
Emergent_autonomy_clarity_dc06c1,Emergent_anticipation_appears_dac47e,0.9114115163841892,190241.74,190257.48,True,False
Emergent_autonomy_clarity_dc06c1,Emergent_abstraction_ambiguity_5c1c4f,0.9090852586212836,190241.74,190273.09,True,False
Emergent_autonomy_clarity_dc06c1,Emergent_abstraction_ambiguity_353967,0.9054002220374546,190241.74,190305.24,True,False
Emergent_autonomy_clarity_dc06c1,Emergent_autonomy_consciousness_3a32d4,0.9112766790522868,190241.74,190321.02,True,False
Emergent_autonomy_clarity_dc06c1,Emergent_autonomy_belief_revision_b856db,0.90981437510893,190241.74,190337.5,True,False
Emergent_autonomy_clarity_dc06c1,Emergent_consciousness_contradiction_9e434e,0.9096166929066869,190241.74,190354.47,True,False
Emergent_autonomy_clarity_dc06c1,Emergent_autonomy_collective_0e3ed5,0.9114115471315654,190241.74,190371.53,True,False
Emergent_autonomy_clarity_dc06c1,Emergent_attention_autonomy_1e79bf,0.9096611804254844,190241.74,190388.59,True,False
Emergent_autonomy_clarity_dc06c1,Emergent_collective_consciousness_f6f1a0,0.9114115315328915,190241.74,190403.46,True,False
Emergent_autonomy_clarity_dc06c1,Emergent_carefully_clarity_0d7a6f,0.9073370553884537,190241.74,190418.76,True,False
Emergent_autonomy_clarity_dc06c1,Emergent_autonomy_collective_4a8f61,0.9098428561633003,190241.74,190453.62,True,False
Emergent_autonomy_clarity_dc06c1,Emergent_consciousness_constraint_80c25f,0.9085467304580748,190241.74,190469.23,True,False
Emergent_autonomy_clarity_dc06c1,Emergent_clarity_energy_08bc8c,0.9072203908114207,190241.74,190486.72,True,False
Emergent_autonomy_clarity_dc06c1,Emergent_appears_asymmetry_9e9e75,0.9114114013121595,190241.74,190505.1,True,False
Emergent_autonomy_clarity_dc06c1,Emergent_constraint_contradiction_8d2c9c,0.9114108802910119,190241.74,190537.76,True,False
Emergent_autonomy_clarity_dc06c1,Emergent_coherence_constraint_b926a8,0.9099635564588231,190241.74,190538.1,True,False
Emergent_autonomy_clarity_dc06c1,Emergent_abstraction_clarity_81ead3,0.9110401958731507,190241.74,190556.64,True,False
Emergent_autonomy_clarity_dc06c1,Emergent_abstraction_autonomy_9d570d,0.9110066074925838,190241.74,190556.98,True,False
Emergent_autonomy_clarity_dc06c1,Emergent_bounded_coherence_717f45,0.9081203673873761,190241.74,190573.63,True,False
Emergent_autonomy_clarity_dc06c1,Emergent_bounded_increases_8c621b,0.9082656254739485,190241.74,190573.97,True,False
Emergent_autonomy_clarity_dc06c1,Emergent_anticipation_autonomy_eda74a,0.9114072587892017,190241.74,190592.51,True,False
Emergent_autonomy_clarity_dc06c1,Emergent_bounded_coherence_40a04d,0.9078813700148367,190241.74,190610.67,True,False
Emergent_autonomy_clarity_dc06c1,Emergent_appears_asymmetry_ecd8f7,0.9063861158406588,190241.74,190629.19,True,False
Emergent_autonomy_clarity_dc06c1,Emergent_anticipation_bounded_ed16fb,0.9102170089021393,190241.74,190646.48,True,False
Emergent_autonomy_clarity_dc06c1,Emergent_anticipation_autonomy_573275,0.9101960696947411,190241.74,190664.99,True,False
Emergent_autonomy_clarity_dc06c1,Emergent_anticipation_clarity_8a2f90,0.9099035963415203,190241.74,190683.35,True,False
Emergent_autonomy_clarity_dc06c1,Emergent_autonomy_collective_461851,0.9099484469929526,190241.74,190702.56,True,False
Emergent_autonomy_clarity_dc06c1,Emergent_collective_constraint_a92169,0.9114087582371182,190241.74,190702.9,True,False
Emergent_autonomy_clarity_dc06c1,Emergent_bounded_carefully_f79645,0.9114047350312591,190241.74,190721.89,True,False
Emergent_autonomy_clarity_dc06c1,Emergent_autonomy_carefully_8f6776,0.9113982347863683,190241.74,190742.41,True,False
Emergent_autonomy_clarity_dc06c1,Emergent_autonomy_carefully_dedeae,0.9113983209340564,190241.74,190742.75,True,False
Emergent_autonomy_clarity_dc06c1,Emergent_autonomy_bounded_ab8b66,0.9103863168410862,190241.74,190763.03,True,False
Emergent_autonomy_clarity_dc06c1,Emergent_anticipation_autonomy_a66f28,0.9085021333266083,190241.74,190858.49,True,False
Emergent_autonomy_clarity_dc06c1,Emergent_anticipation_bounded_ca71cc,0.9088003728105609,190241.74,190918.03,True,False
Emergent_autonomy_clarity_dc06c1,Emergent_anticipation_bounded_2f7e1b,0.9088062901617158,190241.74,190918.37,True,False
Emergent_autonomy_clarity_dc06c1,Emergent_autonomy_bounded_72bafc,0.9119573646982222,190241.74,190936.64,True,False
Emergent_autonomy_clarity_dc06c1,Emergent_abstraction_ambiguity_94432c,0.9118910736829027,190241.74,190954.69,True,False
Emergent_autonomy_clarity_dc06c1,Emergent_ambiguity_anticipation_961459,0.906652362787858,190241.74,190975.58,True,False
Emergent_autonomy_clarity_dc06c1,Emergent_ambiguity_constraint_33311e,0.9089501054760256,190241.74,190995.91,True,False
Emergent_autonomy_clarity_dc06c1,Emergent_abstraction_bounded_b74b81,0.9074518228397994,190241.74,191018.31,True,False
Emergent_autonomy_clarity_dc06c1,Emergent_autonomy_bounded_94d9e2,0.9108298520219438,190241.74,191040.9,True,False
Emergent_autonomy_clarity_dc06c1,Emergent_autonomy_carefully_659b9f,0.9109710896464436,190241.74,191060.09,True,False
Emergent_autonomy_clarity_dc06c1,Emergent_autonomy_clarity_321c48,0.9056340068159736,190241.74,191082.87,True,False
Emergent_autonomy_clarity_dc06c1,Emergent_autonomy_bounded_5ceb4c,0.904821660824491,190241.74,191125.51,True,False
Emergent_autonomy_clarity_dc06c1,Emergent_bounded_increases_b9fad9,0.9078803948778766,190241.74,191145.88,True,False
Emergent_autonomy_clarity_dc06c1,Emergent_carefully_coherence_6373e7,0.9055604121364436,190241.74,191168.45,True,False
Emergent_autonomy_clarity_dc06c1,Emergent_carefully_linked_5110f6,0.9028935018155133,190241.74,191168.79,True,False
Emergent_autonomy_clarity_dc06c1,Emergent_anticipation_bounded_db424c,0.9009760725839338,190241.74,191189.2,True,False
Emergent_autonomy_clarity_dc06c1,Emergent_bounded_clarity_42b09f,0.8969888421364436,190241.74,191211.02,True,False
Emergent_autonomy_clarity_dc06c1,Emergent_constraint_contradiction_66a818,0.923,190241.74,191298.86,True,False
Emergent_autonomy_clarity_dc06c1,Emergent_belief_revision_bounded_349257,0.9264999999999999,190241.74,191315.51,True,False
Emergent_autonomy_clarity_dc06c1,Emergent_belief_revision_carefully_a9d18e,0.895,190241.74,191350.85,True,False
Emergent_autonomy_clarity_dc06c1,Emergent_bounded_connection_8dc0d7,0.9,190241.74,191371.53,True,False
Emergent_anticipation_appears_dac47e,Emergent_abstraction_ambiguity_5c1c4f,0.9090852586212836,190257.48,190273.09,True,False
Emergent_anticipation_appears_dac47e,Emergent_abstraction_ambiguity_353967,0.9054002220374546,190257.48,190305.24,True,False
Emergent_anticipation_appears_dac47e,Emergent_autonomy_consciousness_3a32d4,0.9112766790522868,190257.48,190321.02,True,False
Emergent_anticipation_appears_dac47e,Emergent_autonomy_belief_revision_b856db,0.90981437510893,190257.48,190337.5,True,False
Emergent_anticipation_appears_dac47e,Emergent_consciousness_contradiction_9e434e,0.9096166929066869,190257.48,190354.47,True,False
Emergent_anticipation_appears_dac47e,Emergent_autonomy_collective_0e3ed5,0.913842140794558,190257.48,190371.53,True,False
Emergent_anticipation_appears_dac47e,Emergent_attention_autonomy_1e79bf,0.9096611804254844,190257.48,190388.59,True,False
Emergent_anticipation_appears_dac47e,Emergent_collective_consciousness_f6f1a0,0.913358420688366,190257.48,190403.46,True,False
Emergent_anticipation_appears_dac47e,Emergent_carefully_clarity_0d7a6f,0.9073370553884537,190257.48,190418.76,True,False
Emergent_anticipation_appears_dac47e,Emergent_autonomy_collective_4a8f61,0.9098428561633003,190257.48,190453.62,True,False
Emergent_anticipation_appears_dac47e,Emergent_consciousness_constraint_80c25f,0.9085467304580748,190257.48,190469.23,True,False
Emergent_anticipation_appears_dac47e,Emergent_clarity_energy_08bc8c,0.9072203908114207,190257.48,190486.72,True,False
Emergent_anticipation_appears_dac47e,Emergent_appears_asymmetry_9e9e75,0.9130125171460837,190257.48,190505.1,True,False
Emergent_anticipation_appears_dac47e,Emergent_constraint_contradiction_8d2c9c,0.9130613370060656,190257.48,190537.76,True,False
Emergent_anticipation_appears_dac47e,Emergent_coherence_constraint_b926a8,0.9099635564588231,190257.48,190538.1,True,False
Emergent_anticipation_appears_dac47e,Emergent_abstraction_clarity_81ead3,0.9110401958731507,190257.48,190556.64,True,False
Emergent_anticipation_appears_dac47e,Emergent_abstraction_autonomy_9d570d,0.9110066074925838,190257.48,190556.98,True,False
Emergent_anticipation_appears_dac47e,Emergent_bounded_coherence_717f45,0.9081203673873761,190257.48,190573.63,True,False
Emergent_anticipation_appears_dac47e,Emergent_bounded_increases_8c621b,0.9082656254739485,190257.48,190573.97,True,False
Emergent_anticipation_appears_dac47e,Emergent_anticipation_autonomy_eda74a,0.9116097949411557,190257.48,190592.51,True,False
Emergent_anticipation_appears_dac47e,Emergent_bounded_coherence_40a04d,0.9078813700148367,190257.48,190610.67,True,False
Emergent_anticipation_appears_dac47e,Emergent_appears_asymmetry_ecd8f7,0.9063861158406588,190257.48,190629.19,True,False
Emergent_anticipation_appears_dac47e,Emergent_anticipation_bounded_ed16fb,0.9102170089021393,190257.48,190646.48,True,False
Emergent_anticipation_appears_dac47e,Emergent_anticipation_autonomy_573275,0.9101960696947411,190257.48,190664.99,True,False
Emergent_anticipation_appears_dac47e,Emergent_anticipation_clarity_8a2f90,0.9099035963415203,190257.48,190683.35,True,False
Emergent_anticipation_appears_dac47e,Emergent_autonomy_collective_461851,0.9099484469929526,190257.48,190702.56,True,False
Emergent_anticipation_appears_dac47e,Emergent_collective_constraint_a92169,0.9122948818778642,190257.48,190702.9,True,False
Emergent_anticipation_appears_dac47e,Emergent_bounded_carefully_f79645,0.912288556392185,190257.48,190721.89,True,False
Emergent_anticipation_appears_dac47e,Emergent_autonomy_carefully_8f6776,0.9116841169632965,190257.48,190742.41,True,False
Emergent_anticipation_appears_dac47e,Emergent_autonomy_carefully_dedeae,0.9129377814287896,190257.48,190742.75,True,False
Emergent_anticipation_appears_dac47e,Emergent_autonomy_bounded_ab8b66,0.9103863168410862,190257.48,190763.03,True,False
Emergent_anticipation_appears_dac47e,Emergent_anticipation_autonomy_a66f28,0.9085021333266083,190257.48,190858.49,True,False
Emergent_anticipation_appears_dac47e,Emergent_anticipation_bounded_ca71cc,0.9112404172839208,190257.48,190918.03,True,False
Emergent_anticipation_appears_dac47e,Emergent_anticipation_bounded_2f7e1b,0.9112464211301394,190257.48,190918.37,True,False
Emergent_anticipation_appears_dac47e,Emergent_autonomy_bounded_72bafc,0.9135546675674497,190257.48,190936.64,True,False
Emergent_anticipation_appears_dac47e,Emergent_abstraction_ambiguity_94432c,0.9118910736829027,190257.48,190954.69,True,False
Emergent_anticipation_appears_dac47e,Emergent_ambiguity_anticipation_961459,0.906652362787858,190257.48,190975.58,True,False
Emergent_anticipation_appears_dac47e,Emergent_ambiguity_constraint_33311e,0.9089501054760256,190257.48,190995.91,True,False
Emergent_anticipation_appears_dac47e,Emergent_abstraction_bounded_b74b81,0.9074518228397994,190257.48,191018.31,True,False
Emergent_anticipation_appears_dac47e,Emergent_autonomy_bounded_94d9e2,0.9118990884630951,190257.48,191040.9,True,False
Emergent_anticipation_appears_dac47e,Emergent_autonomy_carefully_659b9f,0.913303788449978,190257.48,191060.09,True,False
Emergent_anticipation_appears_dac47e,Emergent_autonomy_clarity_321c48,0.9056340068159736,190257.48,191082.87,True,False
Emergent_anticipation_appears_dac47e,Emergent_autonomy_bounded_5ceb4c,0.904821660824491,190257.48,191125.51,True,False
Emergent_anticipation_appears_dac47e,Emergent_bounded_increases_b9fad9,0.9078803948778766,190257.48,191145.88,True,False
Emergent_anticipation_appears_dac47e,Emergent_carefully_coherence_6373e7,0.9060136738676356,190257.48,191168.45,True,False
Emergent_anticipation_appears_dac47e,Emergent_carefully_linked_5110f6,0.9028935018155133,190257.48,191168.79,True,False
Emergent_anticipation_appears_dac47e,Emergent_anticipation_bounded_db424c,0.9009760725839338,190257.48,191189.2,True,False
Emergent_anticipation_appears_dac47e,Emergent_bounded_clarity_42b09f,0.8970593728287453,190257.48,191211.02,True,False
Emergent_anticipation_appears_dac47e,Emergent_constraint_contradiction_66a818,0.923,190257.48,191298.86,True,False
Emergent_anticipation_appears_dac47e,Emergent_belief_revision_bounded_349257,0.9264999999999999,190257.48,191315.51,True,False
Emergent_anticipation_appears_dac47e,Emergent_belief_revision_carefully_a9d18e,0.895,190257.48,191350.85,True,False
Emergent_anticipation_appears_dac47e,Emergent_bounded_connection_8dc0d7,0.9,190257.48,191371.53,True,False
Emergent_abstraction_ambiguity_5c1c4f,Emergent_abstraction_ambiguity_353967,0.9054002220374546,190273.09,190305.24,True,False
Emergent_abstraction_ambiguity_5c1c4f,Emergent_autonomy_consciousness_3a32d4,0.9090852670465808,190273.09,190321.02,True,False
Emergent_abstraction_ambiguity_5c1c4f,Emergent_autonomy_belief_revision_b856db,0.9090852506193257,190273.09,190337.5,True,False
Emergent_abstraction_ambiguity_5c1c4f,Emergent_consciousness_contradiction_9e434e,0.9090851617663003,190273.09,190354.47,True,False
Emergent_abstraction_ambiguity_5c1c4f,Emergent_autonomy_collective_0e3ed5,0.9090852939409466,190273.09,190371.53,True,False
Emergent_abstraction_ambiguity_5c1c4f,Emergent_attention_autonomy_1e79bf,0.9090852761138903,190273.09,190388.59,True,False
Emergent_abstraction_ambiguity_5c1c4f,Emergent_collective_consciousness_f6f1a0,0.9090852783422725,190273.09,190403.46,True,False
Emergent_abstraction_ambiguity_5c1c4f,Emergent_carefully_clarity_0d7a6f,0.9073370553884537,190273.09,190418.76,True,False
Emergent_abstraction_ambiguity_5c1c4f,Emergent_autonomy_collective_4a8f61,0.9090852296362082,190273.09,190453.62,True,False
Emergent_abstraction_ambiguity_5c1c4f,Emergent_consciousness_constraint_80c25f,0.9085467304580748,190273.09,190469.23,True,False
Emergent_abstraction_ambiguity_5c1c4f,Emergent_clarity_energy_08bc8c,0.9072203908114207,190273.09,190486.72,True,False
Emergent_abstraction_ambiguity_5c1c4f,Emergent_appears_asymmetry_9e9e75,0.9090851621200327,190273.09,190505.1,True,False
Emergent_abstraction_ambiguity_5c1c4f,Emergent_constraint_contradiction_8d2c9c,0.9090845696710139,190273.09,190537.76,True,False
Emergent_abstraction_ambiguity_5c1c4f,Emergent_coherence_constraint_b926a8,0.9090845359088264,190273.09,190538.1,True,False
Emergent_abstraction_ambiguity_5c1c4f,Emergent_abstraction_clarity_81ead3,0.909083785642326,190273.09,190556.64,True,False
Emergent_abstraction_ambiguity_5c1c4f,Emergent_abstraction_autonomy_9d570d,0.9090837854337335,190273.09,190556.98,True,False
Emergent_abstraction_ambiguity_5c1c4f,Emergent_bounded_coherence_717f45,0.9081203673873761,190273.09,190573.63,True,False
Emergent_abstraction_ambiguity_5c1c4f,Emergent_bounded_increases_8c621b,0.9082656254739485,190273.09,190573.97,True,False
Emergent_abstraction_ambiguity_5c1c4f,Emergent_anticipation_autonomy_eda74a,0.9090809909480417,190273.09,190592.51,True,False
Emergent_abstraction_ambiguity_5c1c4f,Emergent_bounded_coherence_40a04d,0.9078813700148367,190273.09,190610.67,True,False
Emergent_abstraction_ambiguity_5c1c4f,Emergent_appears_asymmetry_ecd8f7,0.9063861158406588,190273.09,190629.19,True,False
Emergent_abstraction_ambiguity_5c1c4f,Emergent_anticipation_bounded_ed16fb,0.9090889170976679,190273.09,190646.48,True,False
Emergent_abstraction_ambiguity_5c1c4f,Emergent_anticipation_autonomy_573275,0.9090875371380585,190273.09,190664.99,True,False
Emergent_abstraction_ambiguity_5c1c4f,Emergent_anticipation_clarity_8a2f90,0.9090855657671875,190273.09,190683.35,True,False
Emergent_abstraction_ambiguity_5c1c4f,Emergent_autonomy_collective_461851,0.9090827495230862,190273.09,190702.56,True,False
Emergent_abstraction_ambiguity_5c1c4f,Emergent_collective_constraint_a92169,0.9090827495230862,190273.09,190702.9,True,False
Emergent_abstraction_ambiguity_5c1c4f,Emergent_bounded_carefully_f79645,0.9090787263172271,190273.09,190721.89,True,False
Emergent_abstraction_ambiguity_5c1c4f,Emergent_autonomy_carefully_8f6776,0.9090722537170777,190273.09,190742.41,True,False
Emergent_abstraction_ambiguity_5c1c4f,Emergent_autonomy_carefully_dedeae,0.9090723367012357,190273.09,190742.75,True,False
Emergent_abstraction_ambiguity_5c1c4f,Emergent_autonomy_bounded_ab8b66,0.9089828489813014,190273.09,190763.03,True,False
Emergent_abstraction_ambiguity_5c1c4f,Emergent_anticipation_autonomy_a66f28,0.9085021333266083,190273.09,190858.49,True,False
Emergent_abstraction_ambiguity_5c1c4f,Emergent_anticipation_bounded_ca71cc,0.9064650802996459,190273.09,190918.03,True,False
Emergent_abstraction_ambiguity_5c1c4f,Emergent_anticipation_bounded_2f7e1b,0.9064709148690002,190273.09,190918.37,True,False
Emergent_abstraction_ambiguity_5c1c4f,Emergent_autonomy_bounded_72bafc,0.9096594319961968,190273.09,190936.64,True,False
Emergent_abstraction_ambiguity_5c1c4f,Emergent_abstraction_ambiguity_94432c,0.909697631711335,190273.09,190954.69,True,False
Emergent_abstraction_ambiguity_5c1c4f,Emergent_ambiguity_anticipation_961459,0.906652362787858,190273.09,190975.58,True,False
Emergent_abstraction_ambiguity_5c1c4f,Emergent_ambiguity_constraint_33311e,0.9089501054760256,190273.09,190995.91,True,False
Emergent_abstraction_ambiguity_5c1c4f,Emergent_abstraction_bounded_b74b81,0.9074518228397994,190273.09,191018.31,True,False
Emergent_abstraction_ambiguity_5c1c4f,Emergent_autonomy_bounded_94d9e2,0.9085972967937135,190273.09,191040.9,True,False
Emergent_abstraction_ambiguity_5c1c4f,Emergent_autonomy_carefully_659b9f,0.9087385344182133,190273.09,191060.09,True,False
Emergent_abstraction_ambiguity_5c1c4f,Emergent_autonomy_clarity_321c48,0.9056340068159736,190273.09,191082.87,True,False
Emergent_abstraction_ambiguity_5c1c4f,Emergent_autonomy_bounded_5ceb4c,0.904821660824491,190273.09,191125.51,True,False
Emergent_abstraction_ambiguity_5c1c4f,Emergent_bounded_increases_b9fad9,0.9057984859082133,190273.09,191145.88,True,False
Emergent_abstraction_ambiguity_5c1c4f,Emergent_carefully_coherence_6373e7,0.9033278569082133,190273.09,191168.45,True,False
Emergent_abstraction_ambiguity_5c1c4f,Emergent_carefully_linked_5110f6,0.9028935018155133,190273.09,191168.79,True,False
Emergent_abstraction_ambiguity_5c1c4f,Emergent_anticipation_bounded_db424c,0.8997983869082133,190273.09,191189.2,True,False
Emergent_abstraction_ambiguity_5c1c4f,Emergent_bounded_clarity_42b09f,0.8947562869082133,190273.09,191211.02,True,False
Emergent_abstraction_ambiguity_5c1c4f,Emergent_constraint_contradiction_66a818,0.923,190273.09,191298.86,True,False
Emergent_abstraction_ambiguity_5c1c4f,Emergent_belief_revision_bounded_349257,0.9264999999999999,190273.09,191315.51,True,False
Emergent_abstraction_ambiguity_5c1c4f,Emergent_belief_revision_carefully_a9d18e,0.895,190273.09,191350.85,True,False
Emergent_abstraction_ambiguity_5c1c4f,Emergent_bounded_connection_8dc0d7,0.9,190273.09,191371.53,True,False
Emergent_abstraction_ambiguity_353967,Emergent_autonomy_consciousness_3a32d4,0.9054002489348252,190305.24,190321.02,True,False
Emergent_abstraction_ambiguity_353967,Emergent_autonomy_belief_revision_b856db,0.905400229722118,190305.24,190337.5,True,False
Emergent_abstraction_ambiguity_353967,Emergent_consciousness_contradiction_9e434e,0.905400145934333,190305.24,190354.47,True,False
Emergent_abstraction_ambiguity_353967,Emergent_autonomy_collective_0e3ed5,0.9054002817314368,190305.24,190371.53,True,False
Emergent_abstraction_ambiguity_353967,Emergent_attention_autonomy_1e79bf,0.9054002639043808,190305.24,190388.59,True,False
Emergent_abstraction_ambiguity_353967,Emergent_collective_consciousness_f6f1a0,0.9054002661327627,190305.24,190403.46,True,False
Emergent_abstraction_ambiguity_353967,Emergent_carefully_clarity_0d7a6f,0.9054002683611448,190305.24,190418.76,True,False
Emergent_abstraction_ambiguity_353967,Emergent_autonomy_collective_4a8f61,0.9054002174266989,190305.24,190453.62,True,False
Emergent_abstraction_ambiguity_353967,Emergent_consciousness_constraint_80c25f,0.905400221974417,190305.24,190469.23,True,False
Emergent_abstraction_ambiguity_353967,Emergent_clarity_energy_08bc8c,0.9054000784690688,190305.24,190486.72,True,False
Emergent_abstraction_ambiguity_353967,Emergent_appears_asymmetry_9e9e75,0.9054001465292345,190305.24,190505.1,True,False
Emergent_abstraction_ambiguity_353967,Emergent_constraint_contradiction_8d2c9c,0.9053994792661704,190305.24,190537.76,True,False
Emergent_abstraction_ambiguity_353967,Emergent_coherence_constraint_b926a8,0.9053994475428448,190305.24,190538.1,True,False
Emergent_abstraction_ambiguity_353967,Emergent_abstraction_clarity_81ead3,0.9053987425841223,190305.24,190556.64,True,False
Emergent_abstraction_ambiguity_353967,Emergent_abstraction_autonomy_9d570d,0.9053987423881267,190305.24,190556.98,True,False
Emergent_abstraction_ambiguity_353967,Emergent_bounded_coherence_717f45,0.9054003577046814,190305.24,190573.63,True,False
Emergent_abstraction_ambiguity_353967,Emergent_bounded_increases_8c621b,0.905400357967789,190305.24,190573.97,True,False
Emergent_abstraction_ambiguity_353967,Emergent_anticipation_autonomy_eda74a,0.9053959683088202,190305.24,190592.51,True,False
Emergent_abstraction_ambiguity_353967,Emergent_bounded_coherence_40a04d,0.9054012829932734,190305.24,190610.67,True,False
Emergent_abstraction_ambiguity_353967,Emergent_appears_asymmetry_ecd8f7,0.9053903660142597,190305.24,190629.19,True,False
Emergent_abstraction_ambiguity_353967,Emergent_anticipation_bounded_ed16fb,0.9054043049396971,190305.24,190646.48,True,False
Emergent_abstraction_ambiguity_353967,Emergent_anticipation_autonomy_573275,0.9054029249800877,190305.24,190664.99,True,False
Emergent_abstraction_ambiguity_353967,Emergent_anticipation_clarity_8a2f90,0.9054009536092167,190305.24,190683.35,True,False
Emergent_abstraction_ambiguity_353967,Emergent_autonomy_collective_461851,0.9053981373651154,190305.24,190702.56,True,False
Emergent_abstraction_ambiguity_353967,Emergent_collective_constraint_a92169,0.9053981373651154,190305.24,190702.9,True,False
Emergent_abstraction_ambiguity_353967,Emergent_bounded_carefully_f79645,0.9053941141592563,190305.24,190721.89,True,False
Emergent_abstraction_ambiguity_353967,Emergent_autonomy_carefully_8f6776,0.9053876853509246,190305.24,190742.41,True,False
Emergent_abstraction_ambiguity_353967,Emergent_autonomy_carefully_dedeae,0.9053877633237595,190305.24,190742.75,True,False
Emergent_abstraction_ambiguity_353967,Emergent_autonomy_bounded_ab8b66,0.9052931459132736,190305.24,190763.03,True,False
Emergent_abstraction_ambiguity_353967,Emergent_anticipation_autonomy_a66f28,0.9055078648240986,190305.24,190858.49,True,False
Emergent_abstraction_ambiguity_353967,Emergent_anticipation_bounded_ca71cc,0.9027657617518574,190305.24,190918.03,True,False
Emergent_abstraction_ambiguity_353967,Emergent_anticipation_bounded_2f7e1b,0.9027714651872107,190305.24,190918.37,True,False
Emergent_abstraction_ambiguity_353967,Emergent_autonomy_bounded_72bafc,0.9060192948286085,190305.24,190936.64,True,False
Emergent_abstraction_ambiguity_353967,Emergent_abstraction_ambiguity_94432c,0.9060572355621805,190305.24,190954.69,True,False
Emergent_abstraction_ambiguity_353967,Emergent_ambiguity_anticipation_961459,0.9028509669141809,190305.24,190975.58,True,False
Emergent_abstraction_ambiguity_353967,Emergent_ambiguity_constraint_33311e,0.9066425849639232,190305.24,190995.91,True,False
Emergent_abstraction_ambiguity_353967,Emergent_abstraction_bounded_b74b81,0.9060493869410231,190305.24,191018.31,True,False
Emergent_abstraction_ambiguity_353967,Emergent_autonomy_bounded_94d9e2,0.9050607235695232,190305.24,191040.9,True,False
Emergent_abstraction_ambiguity_353967,Emergent_autonomy_carefully_659b9f,0.9052019611940232,190305.24,191060.09,True,False
Emergent_abstraction_ambiguity_353967,Emergent_autonomy_clarity_321c48,0.9039913529840231,190305.24,191082.87,True,False
Emergent_abstraction_ambiguity_353967,Emergent_autonomy_bounded_5ceb4c,0.9019736726340231,190305.24,191125.51,True,False
Emergent_abstraction_ambiguity_353967,Emergent_bounded_increases_b9fad9,0.9022619126840232,190305.24,191145.88,True,False
Emergent_abstraction_ambiguity_353967,Emergent_carefully_coherence_6373e7,0.8997912836840232,190305.24,191168.45,True,False
Emergent_abstraction_ambiguity_353967,Emergent_carefully_linked_5110f6,0.8997912836840232,190305.24,191168.79,True,False
Emergent_abstraction_ambiguity_353967,Emergent_anticipation_bounded_db424c,0.8962618136840232,190305.24,191189.2,True,False
Emergent_abstraction_ambiguity_353967,Emergent_bounded_clarity_42b09f,0.8912197136840232,190305.24,191211.02,True,False
Emergent_abstraction_ambiguity_353967,Emergent_constraint_contradiction_66a818,0.923,190305.24,191298.86,True,False
Emergent_abstraction_ambiguity_353967,Emergent_belief_revision_bounded_349257,0.9264999999999999,190305.24,191315.51,True,False
Emergent_abstraction_ambiguity_353967,Emergent_belief_revision_carefully_a9d18e,0.895,190305.24,191350.85,True,False
Emergent_abstraction_ambiguity_353967,Emergent_bounded_connection_8dc0d7,0.9,190305.24,191371.53,True,False
Emergent_autonomy_consciousness_3a32d4,Emergent_autonomy_belief_revision_b856db,0.90981437510893,190321.02,190337.5,True,False
Emergent_autonomy_consciousness_3a32d4,Emergent_consciousness_contradiction_9e434e,0.9096166929066869,190321.02,190354.47,True,False
Emergent_autonomy_consciousness_3a32d4,Emergent_autonomy_collective_0e3ed5,0.9112767036488572,190321.02,190371.53,True,False
Emergent_autonomy_consciousness_3a32d4,Emergent_attention_autonomy_1e79bf,0.9096611804254844,190321.02,190388.59,True,False
Emergent_autonomy_consciousness_3a32d4,Emergent_collective_consciousness_f6f1a0,0.911276688050183,190321.02,190403.46,True,False
Emergent_autonomy_consciousness_3a32d4,Emergent_carefully_clarity_0d7a6f,0.9073370553884537,190321.02,190418.76,True,False
Emergent_autonomy_consciousness_3a32d4,Emergent_autonomy_collective_4a8f61,0.9098428561633003,190321.02,190453.62,True,False
Emergent_autonomy_consciousness_3a32d4,Emergent_consciousness_constraint_80c25f,0.9085467304580748,190321.02,190469.23,True,False
Emergent_autonomy_consciousness_3a32d4,Emergent_clarity_energy_08bc8c,0.9072203908114207,190321.02,190486.72,True,False
Emergent_autonomy_consciousness_3a32d4,Emergent_appears_asymmetry_9e9e75,0.9112765586408871,190321.02,190505.1,True,False
Emergent_autonomy_consciousness_3a32d4,Emergent_constraint_contradiction_8d2c9c,0.9112760334793548,190321.02,190537.76,True,False
Emergent_autonomy_consciousness_3a32d4,Emergent_coherence_constraint_b926a8,0.9099635564588231,190321.02,190538.1,True,False
Emergent_autonomy_consciousness_3a32d4,Emergent_abstraction_clarity_81ead3,0.9110401958731507,190321.02,190556.64,True,False
Emergent_autonomy_consciousness_3a32d4,Emergent_abstraction_autonomy_9d570d,0.9110066074925838,190321.02,190556.98,True,False
Emergent_autonomy_consciousness_3a32d4,Emergent_bounded_coherence_717f45,0.9081203673873761,190321.02,190573.63,True,False
Emergent_autonomy_consciousness_3a32d4,Emergent_bounded_increases_8c621b,0.9082656254739485,190321.02,190573.97,True,False
Emergent_autonomy_consciousness_3a32d4,Emergent_anticipation_autonomy_eda74a,0.9112724144572606,190321.02,190592.51,True,False
Emergent_autonomy_consciousness_3a32d4,Emergent_bounded_coherence_40a04d,0.9078813700148367,190321.02,190610.67,True,False
Emergent_autonomy_consciousness_3a32d4,Emergent_appears_asymmetry_ecd8f7,0.9063861158406588,190321.02,190629.19,True,False
Emergent_autonomy_consciousness_3a32d4,Emergent_anticipation_bounded_ed16fb,0.9102170089021393,190321.02,190646.48,True,False
Emergent_autonomy_consciousness_3a32d4,Emergent_anticipation_autonomy_573275,0.9101960696947411,190321.02,190664.99,True,False
Emergent_autonomy_consciousness_3a32d4,Emergent_anticipation_clarity_8a2f90,0.9099035963415203,190321.02,190683.35,True,False
Emergent_autonomy_consciousness_3a32d4,Emergent_autonomy_collective_461851,0.9099484469929526,190321.02,190702.56,True,False
Emergent_autonomy_consciousness_3a32d4,Emergent_collective_constraint_a92169,0.9112739289257281,190321.02,190702.9,True,False
Emergent_autonomy_consciousness_3a32d4,Emergent_bounded_carefully_f79645,0.911269905719869,190321.02,190721.89,True,False
Emergent_autonomy_consciousness_3a32d4,Emergent_autonomy_carefully_8f6776,0.9112634070774319,190321.02,190742.41,True,False
Emergent_autonomy_consciousness_3a32d4,Emergent_autonomy_carefully_dedeae,0.9112634930417431,190321.02,190742.75,True,False
Emergent_autonomy_consciousness_3a32d4,Emergent_autonomy_bounded_ab8b66,0.9103863168410862,190321.02,190763.03,True,False
Emergent_autonomy_consciousness_3a32d4,Emergent_anticipation_autonomy_a66f28,0.9085021333266083,190321.02,190858.49,True,False
Emergent_autonomy_consciousness_3a32d4,Emergent_anticipation_bounded_ca71cc,0.9086650053550387,190321.02,190918.03,True,False
Emergent_autonomy_consciousness_3a32d4,Emergent_anticipation_bounded_2f7e1b,0.9086709179076675,190321.02,190918.37,True,False
Emergent_autonomy_consciousness_3a32d4,Emergent_autonomy_bounded_72bafc,0.9118241628396198,190321.02,190936.64,True,False
Emergent_autonomy_consciousness_3a32d4,Emergent_abstraction_ambiguity_94432c,0.911862516566917,190321.02,190954.69,True,False
Emergent_autonomy_consciousness_3a32d4,Emergent_ambiguity_anticipation_961459,0.906652362787858,190321.02,190975.58,True,False
Emergent_autonomy_consciousness_3a32d4,Emergent_ambiguity_constraint_33311e,0.9089501054760256,190321.02,190995.91,True,False
Emergent_autonomy_consciousness_3a32d4,Emergent_abstraction_bounded_b74b81,0.9074518228397994,190321.02,191018.31,True,False
Emergent_autonomy_consciousness_3a32d4,Emergent_autonomy_bounded_94d9e2,0.9107004398309029,190321.02,191040.9,True,False
Emergent_autonomy_consciousness_3a32d4,Emergent_autonomy_carefully_659b9f,0.9108416774554031,190321.02,191060.09,True,False
Emergent_autonomy_consciousness_3a32d4,Emergent_autonomy_clarity_321c48,0.9056340068159736,190321.02,191082.87,True,False
Emergent_autonomy_consciousness_3a32d4,Emergent_autonomy_bounded_5ceb4c,0.904821660824491,190321.02,191125.51,True,False
Emergent_autonomy_consciousness_3a32d4,Emergent_bounded_increases_b9fad9,0.9078803948778766,190321.02,191145.88,True,False
Emergent_autonomy_consciousness_3a32d4,Emergent_carefully_coherence_6373e7,0.9054309999454029,190321.02,191168.45,True,False
Emergent_autonomy_consciousness_3a32d4,Emergent_carefully_linked_5110f6,0.9028935018155133,190321.02,191168.79,True,False
Emergent_autonomy_consciousness_3a32d4,Emergent_anticipation_bounded_db424c,0.9009760725839338,190321.02,191189.2,True,False
Emergent_autonomy_consciousness_3a32d4,Emergent_bounded_clarity_42b09f,0.8968594299454031,190321.02,191211.02,True,False
Emergent_autonomy_consciousness_3a32d4,Emergent_constraint_contradiction_66a818,0.923,190321.02,191298.86,True,False
Emergent_autonomy_consciousness_3a32d4,Emergent_belief_revision_bounded_349257,0.9264999999999999,190321.02,191315.51,True,False
Emergent_autonomy_consciousness_3a32d4,Emergent_belief_revision_carefully_a9d18e,0.895,190321.02,191350.85,True,False
Emergent_autonomy_consciousness_3a32d4,Emergent_bounded_connection_8dc0d7,0.9,190321.02,191371.53,True,False
Emergent_autonomy_belief_revision_b856db,Emergent_consciousness_contradiction_9e434e,0.9096166879634364,190337.5,190354.47,True,False
Emergent_autonomy_belief_revision_b856db,Emergent_autonomy_collective_0e3ed5,0.909814416711582,190337.5,190371.53,True,False
Emergent_autonomy_belief_revision_b856db,Emergent_attention_autonomy_1e79bf,0.9096611804254844,190337.5,190388.59,True,False
Emergent_autonomy_belief_revision_b856db,Emergent_collective_consciousness_f6f1a0,0.9098144011129079,190337.5,190403.46,True,False
Emergent_autonomy_belief_revision_b856db,Emergent_carefully_clarity_0d7a6f,0.9073370553884537,190337.5,190418.76,True,False
Emergent_autonomy_belief_revision_b856db,Emergent_autonomy_collective_4a8f61,0.9098143524068438,190337.5,190453.62,True,False
Emergent_autonomy_belief_revision_b856db,Emergent_consciousness_constraint_80c25f,0.9085467304580748,190337.5,190469.23,True,False
Emergent_autonomy_belief_revision_b856db,Emergent_clarity_energy_08bc8c,0.9072203908114207,190337.5,190486.72,True,False
Emergent_autonomy_belief_revision_b856db,Emergent_appears_asymmetry_9e9e75,0.9098142805030895,190337.5,190505.1,True,False
Emergent_autonomy_belief_revision_b856db,Emergent_constraint_contradiction_8d2c9c,0.9098137104418689,190337.5,190537.76,True,False
Emergent_autonomy_belief_revision_b856db,Emergent_coherence_constraint_b926a8,0.9098136762762674,190337.5,190538.1,True,False
Emergent_autonomy_belief_revision_b856db,Emergent_abstraction_clarity_81ead3,0.9098129170450617,190337.5,190556.64,True,False
Emergent_autonomy_belief_revision_b856db,Emergent_abstraction_autonomy_9d570d,0.909812916833977,190337.5,190556.98,True,False
Emergent_autonomy_belief_revision_b856db,Emergent_bounded_coherence_717f45,0.9081203673873761,190337.5,190573.63,True,False
Emergent_autonomy_belief_revision_b856db,Emergent_bounded_increases_8c621b,0.9082656254739485,190337.5,190573.97,True,False
Emergent_autonomy_belief_revision_b856db,Emergent_anticipation_autonomy_eda74a,0.9098101183106293,190337.5,190592.51,True,False
Emergent_autonomy_belief_revision_b856db,Emergent_bounded_coherence_40a04d,0.9078813700148367,190337.5,190610.67,True,False
Emergent_autonomy_belief_revision_b856db,Emergent_appears_asymmetry_ecd8f7,0.9063861158406588,190337.5,190629.19,True,False
Emergent_autonomy_belief_revision_b856db,Emergent_anticipation_bounded_ed16fb,0.9098179632414569,190337.5,190646.48,True,False
Emergent_autonomy_belief_revision_b856db,Emergent_anticipation_autonomy_573275,0.9098165832818472,190337.5,190664.99,True,False
Emergent_autonomy_belief_revision_b856db,Emergent_anticipation_clarity_8a2f90,0.9098146119109765,190337.5,190683.35,True,False
Emergent_autonomy_belief_revision_b856db,Emergent_autonomy_collective_461851,0.9098117956668752,190337.5,190702.56,True,False
Emergent_autonomy_belief_revision_b856db,Emergent_collective_constraint_a92169,0.9098117956668752,190337.5,190702.9,True,False
Emergent_autonomy_belief_revision_b856db,Emergent_bounded_carefully_f79645,0.9098077724610161,190337.5,190721.89,True,False
Emergent_autonomy_belief_revision_b856db,Emergent_autonomy_carefully_8f6776,0.9098012911961131,190337.5,190742.41,True,False
Emergent_autonomy_belief_revision_b856db,Emergent_autonomy_carefully_dedeae,0.9098013751718232,190337.5,190742.75,True,False
Emergent_autonomy_belief_revision_b856db,Emergent_autonomy_bounded_ab8b66,0.9097129024246886,190337.5,190763.03,True,False
Emergent_autonomy_belief_revision_b856db,Emergent_anticipation_autonomy_a66f28,0.9085021333266083,190337.5,190858.49,True,False
Emergent_autonomy_belief_revision_b856db,Emergent_anticipation_bounded_ca71cc,0.9071970362847765,190337.5,190918.03,True,False
Emergent_autonomy_belief_revision_b856db,Emergent_anticipation_bounded_2f7e1b,0.9072028968006167,190337.5,190918.37,True,False
Emergent_autonomy_belief_revision_b856db,Emergent_autonomy_bounded_72bafc,0.9103796782123832,190337.5,190936.64,True,False
Emergent_autonomy_belief_revision_b856db,Emergent_abstraction_ambiguity_94432c,0.9104179291702315,190337.5,190954.69,True,False
Emergent_autonomy_belief_revision_b856db,Emergent_ambiguity_anticipation_961459,0.906652362787858,190337.5,190975.58,True,False
Emergent_autonomy_belief_revision_b856db,Emergent_ambiguity_constraint_33311e,0.9089501054760256,190337.5,190995.91,True,False
Emergent_autonomy_belief_revision_b856db,Emergent_abstraction_bounded_b74b81,0.9074518228397994,190337.5,191018.31,True,False
Emergent_autonomy_belief_revision_b856db,Emergent_autonomy_bounded_94d9e2,0.909297051601216,190337.5,191040.9,True,False
Emergent_autonomy_belief_revision_b856db,Emergent_autonomy_carefully_659b9f,0.9094382892257162,190337.5,191060.09,True,False
Emergent_autonomy_belief_revision_b856db,Emergent_autonomy_clarity_321c48,0.9056340068159736,190337.5,191082.87,True,False
Emergent_autonomy_belief_revision_b856db,Emergent_autonomy_bounded_5ceb4c,0.904821660824491,190337.5,191125.51,True,False
Emergent_autonomy_belief_revision_b856db,Emergent_bounded_increases_b9fad9,0.906498240715716,190337.5,191145.88,True,False
Emergent_autonomy_belief_revision_b856db,Emergent_carefully_coherence_6373e7,0.904027611715716,190337.5,191168.45,True,False
Emergent_autonomy_belief_revision_b856db,Emergent_carefully_linked_5110f6,0.9028935018155133,190337.5,191168.79,True,False
Emergent_autonomy_belief_revision_b856db,Emergent_anticipation_bounded_db424c,0.9004981417157161,190337.5,191189.2,True,False
Emergent_autonomy_belief_revision_b856db,Emergent_bounded_clarity_42b09f,0.8954560417157162,190337.5,191211.02,True,False
Emergent_autonomy_belief_revision_b856db,Emergent_constraint_contradiction_66a818,0.923,190337.5,191298.86,True,False
Emergent_autonomy_belief_revision_b856db,Emergent_belief_revision_bounded_349257,0.9264999999999999,190337.5,191315.51,True,False
Emergent_autonomy_belief_revision_b856db,Emergent_belief_revision_carefully_a9d18e,0.895,190337.5,191350.85,True,False
Emergent_autonomy_belief_revision_b856db,Emergent_bounded_connection_8dc0d7,0.9,190337.5,191371.53,True,False
Emergent_consciousness_contradiction_9e434e,Emergent_autonomy_collective_0e3ed5,0.9096168079720575,190354.47,190371.53,True,False
Emergent_consciousness_contradiction_9e434e,Emergent_attention_autonomy_1e79bf,0.9096168067317676,190354.47,190388.59,True,False
Emergent_consciousness_contradiction_9e434e,Emergent_collective_consciousness_f6f1a0,0.9096168089601495,190354.47,190403.46,True,False
Emergent_consciousness_contradiction_9e434e,Emergent_carefully_clarity_0d7a6f,0.9073370553884537,190354.47,190418.76,True,False
Emergent_consciousness_contradiction_9e434e,Emergent_autonomy_collective_4a8f61,0.9096167602540854,190354.47,190453.62,True,False
Emergent_consciousness_contradiction_9e434e,Emergent_consciousness_constraint_80c25f,0.9085467304580748,190354.47,190469.23,True,False
Emergent_consciousness_contradiction_9e434e,Emergent_clarity_energy_08bc8c,0.9072203908114207,190354.47,190486.72,True,False
Emergent_consciousness_contradiction_9e434e,Emergent_appears_asymmetry_9e9e75,0.9096166895393643,190354.47,190505.1,True,False
Emergent_consciousness_contradiction_9e434e,Emergent_constraint_contradiction_8d2c9c,0.9096161134110539,190354.47,190537.76,True,False
Emergent_consciousness_contradiction_9e434e,Emergent_coherence_constraint_b926a8,0.9096160793547776,190354.47,190538.1,True,False
Emergent_consciousness_contradiction_9e434e,Emergent_abstraction_clarity_81ead3,0.9096153225530057,190354.47,190556.64,True,False
Emergent_consciousness_contradiction_9e434e,Emergent_abstraction_autonomy_9d570d,0.9096153223425962,190354.47,190556.98,True,False
Emergent_consciousness_contradiction_9e434e,Emergent_bounded_coherence_717f45,0.9081203673873761,190354.47,190573.63,True,False
Emergent_consciousness_contradiction_9e434e,Emergent_bounded_increases_8c621b,0.9082656254739485,190354.47,190573.97,True,False
Emergent_consciousness_contradiction_9e434e,Emergent_anticipation_autonomy_eda74a,0.9096125249134526,190354.47,190592.51,True,False
Emergent_consciousness_contradiction_9e434e,Emergent_bounded_coherence_40a04d,0.9078813700148367,190354.47,190610.67,True,False
Emergent_consciousness_contradiction_9e434e,Emergent_appears_asymmetry_ecd8f7,0.9063861158406588,190354.47,190629.19,True,False
Emergent_consciousness_contradiction_9e434e,Emergent_anticipation_bounded_ed16fb,0.9096203918545616,190354.47,190646.48,True,False
Emergent_consciousness_contradiction_9e434e,Emergent_anticipation_autonomy_573275,0.9096190118949519,190354.47,190664.99,True,False
Emergent_consciousness_contradiction_9e434e,Emergent_anticipation_clarity_8a2f90,0.9096170405240811,190354.47,190683.35,True,False
Emergent_consciousness_contradiction_9e434e,Emergent_autonomy_collective_461851,0.9096142242799796,190354.47,190702.56,True,False
Emergent_consciousness_contradiction_9e434e,Emergent_collective_constraint_a92169,0.9096142242799796,190354.47,190702.9,True,False
Emergent_consciousness_contradiction_9e434e,Emergent_bounded_carefully_f79645,0.9096102010741207,190354.47,190721.89,True,False
Emergent_consciousness_contradiction_9e434e,Emergent_autonomy_carefully_8f6776,0.9096037221573647,190354.47,190742.41,True,False
Emergent_consciousness_contradiction_9e434e,Emergent_autonomy_carefully_dedeae,0.9096038058643645,190354.47,190742.75,True,False
Emergent_consciousness_contradiction_9e434e,Emergent_autonomy_bounded_ab8b66,0.9095150580597653,190354.47,190763.03,True,False
Emergent_consciousness_contradiction_9e434e,Emergent_anticipation_autonomy_a66f28,0.9085021333266083,190354.47,190858.49,True,False
Emergent_consciousness_contradiction_9e434e,Emergent_anticipation_bounded_ca71cc,0.9069986763313489,190354.47,190918.03,True,False
Emergent_consciousness_contradiction_9e434e,Emergent_anticipation_bounded_2f7e1b,0.9070045298156957,190354.47,190918.37,True,False
Emergent_consciousness_contradiction_9e434e,Emergent_autonomy_bounded_72bafc,0.9101844916044428,190354.47,190936.64,True,False
Emergent_consciousness_contradiction_9e434e,Emergent_abstraction_ambiguity_94432c,0.9102227286755251,190354.47,190954.69,True,False
Emergent_consciousness_contradiction_9e434e,Emergent_ambiguity_anticipation_961459,0.906652362787858,190354.47,190975.58,True,False
Emergent_consciousness_contradiction_9e434e,Emergent_ambiguity_constraint_33311e,0.9089501054760256,190354.47,190995.91,True,False
Emergent_consciousness_contradiction_9e434e,Emergent_abstraction_bounded_b74b81,0.9074518228397994,190354.47,191018.31,True,False
Emergent_consciousness_contradiction_9e434e,Emergent_autonomy_bounded_94d9e2,0.9091074181617105,190354.47,191040.9,True,False
Emergent_consciousness_contradiction_9e434e,Emergent_autonomy_carefully_659b9f,0.9092486557862105,190354.47,191060.09,True,False
Emergent_consciousness_contradiction_9e434e,Emergent_autonomy_clarity_321c48,0.9056340068159736,190354.47,191082.87,True,False
Emergent_consciousness_contradiction_9e434e,Emergent_autonomy_bounded_5ceb4c,0.904821660824491,190354.47,191125.51,True,False
Emergent_consciousness_contradiction_9e434e,Emergent_bounded_increases_b9fad9,0.9063086072762105,190354.47,191145.88,True,False
Emergent_consciousness_contradiction_9e434e,Emergent_carefully_coherence_6373e7,0.9038379782762105,190354.47,191168.45,True,False
Emergent_consciousness_contradiction_9e434e,Emergent_carefully_linked_5110f6,0.9028935018155133,190354.47,191168.79,True,False
Emergent_consciousness_contradiction_9e434e,Emergent_anticipation_bounded_db424c,0.9003085082762106,190354.47,191189.2,True,False
Emergent_consciousness_contradiction_9e434e,Emergent_bounded_clarity_42b09f,0.8952664082762105,190354.47,191211.02,True,False
Emergent_consciousness_contradiction_9e434e,Emergent_constraint_contradiction_66a818,0.923,190354.47,191298.86,True,False
Emergent_consciousness_contradiction_9e434e,Emergent_belief_revision_bounded_349257,0.9264999999999999,190354.47,191315.51,True,False
Emergent_consciousness_contradiction_9e434e,Emergent_belief_revision_carefully_a9d18e,0.895,190354.47,191350.85,True,False
Emergent_consciousness_contradiction_9e434e,Emergent_bounded_connection_8dc0d7,0.9,190354.47,191371.53,True,False
Emergent_autonomy_collective_0e3ed5,Emergent_attention_autonomy_1e79bf,0.9096611804254844,190371.53,190388.59,True,False
Emergent_autonomy_collective_0e3ed5,Emergent_collective_consciousness_f6f1a0,0.913358420688366,190371.53,190403.46,True,False
Emergent_autonomy_collective_0e3ed5,Emergent_carefully_clarity_0d7a6f,0.9073370553884537,190371.53,190418.76,True,False
Emergent_autonomy_collective_0e3ed5,Emergent_autonomy_collective_4a8f61,0.9098428561633003,190371.53,190453.62,True,False
Emergent_autonomy_collective_0e3ed5,Emergent_consciousness_constraint_80c25f,0.9085467304580748,190371.53,190469.23,True,False
Emergent_autonomy_collective_0e3ed5,Emergent_clarity_energy_08bc8c,0.9072203908114207,190371.53,190486.72,True,False
Emergent_autonomy_collective_0e3ed5,Emergent_appears_asymmetry_9e9e75,0.9130125171460837,190371.53,190505.1,True,False
Emergent_autonomy_collective_0e3ed5,Emergent_constraint_contradiction_8d2c9c,0.9130613370060656,190371.53,190537.76,True,False
Emergent_autonomy_collective_0e3ed5,Emergent_coherence_constraint_b926a8,0.9099635564588231,190371.53,190538.1,True,False
Emergent_autonomy_collective_0e3ed5,Emergent_abstraction_clarity_81ead3,0.9110401958731507,190371.53,190556.64,True,False
Emergent_autonomy_collective_0e3ed5,Emergent_abstraction_autonomy_9d570d,0.9110066074925838,190371.53,190556.98,True,False
Emergent_autonomy_collective_0e3ed5,Emergent_bounded_coherence_717f45,0.9081203673873761,190371.53,190573.63,True,False
Emergent_autonomy_collective_0e3ed5,Emergent_bounded_increases_8c621b,0.9082656254739485,190371.53,190573.97,True,False
Emergent_autonomy_collective_0e3ed5,Emergent_anticipation_autonomy_eda74a,0.9116097949411557,190371.53,190592.51,True,False
Emergent_autonomy_collective_0e3ed5,Emergent_bounded_coherence_40a04d,0.9078813700148367,190371.53,190610.67,True,False
Emergent_autonomy_collective_0e3ed5,Emergent_appears_asymmetry_ecd8f7,0.9063861158406588,190371.53,190629.19,True,False
Emergent_autonomy_collective_0e3ed5,Emergent_anticipation_bounded_ed16fb,0.9102170089021393,190371.53,190646.48,True,False
Emergent_autonomy_collective_0e3ed5,Emergent_anticipation_autonomy_573275,0.9101960696947411,190371.53,190664.99,True,False
Emergent_autonomy_collective_0e3ed5,Emergent_anticipation_clarity_8a2f90,0.9099035963415203,190371.53,190683.35,True,False
Emergent_autonomy_collective_0e3ed5,Emergent_autonomy_collective_461851,0.9099484469929526,190371.53,190702.56,True,False
Emergent_autonomy_collective_0e3ed5,Emergent_collective_constraint_a92169,0.9122948818778642,190371.53,190702.9,True,False
Emergent_autonomy_collective_0e3ed5,Emergent_bounded_carefully_f79645,0.912288556392185,190371.53,190721.89,True,False
Emergent_autonomy_collective_0e3ed5,Emergent_autonomy_carefully_8f6776,0.9116841169632965,190371.53,190742.41,True,False
Emergent_autonomy_collective_0e3ed5,Emergent_autonomy_carefully_dedeae,0.9129377814287896,190371.53,190742.75,True,False
Emergent_autonomy_collective_0e3ed5,Emergent_autonomy_bounded_ab8b66,0.9103863168410862,190371.53,190763.03,True,False
Emergent_autonomy_collective_0e3ed5,Emergent_anticipation_autonomy_a66f28,0.9085021333266083,190371.53,190858.49,True,False
Emergent_autonomy_collective_0e3ed5,Emergent_anticipation_bounded_ca71cc,0.9115731376814207,190371.53,190918.03,True,False
Emergent_autonomy_collective_0e3ed5,Emergent_anticipation_bounded_2f7e1b,0.9115791533219619,190371.53,190918.37,True,False
Emergent_autonomy_collective_0e3ed5,Emergent_autonomy_bounded_72bafc,0.9135546675674497,190371.53,190936.64,True,False
Emergent_autonomy_collective_0e3ed5,Emergent_abstraction_ambiguity_94432c,0.9118910736829027,190371.53,190954.69,True,False
Emergent_autonomy_collective_0e3ed5,Emergent_ambiguity_anticipation_961459,0.906652362787858,190371.53,190975.58,True,False
Emergent_autonomy_collective_0e3ed5,Emergent_ambiguity_constraint_33311e,0.9089501054760256,190371.53,190995.91,True,False
Emergent_autonomy_collective_0e3ed5,Emergent_abstraction_bounded_b74b81,0.9074518228397994,190371.53,191018.31,True,False
Emergent_autonomy_collective_0e3ed5,Emergent_autonomy_bounded_94d9e2,0.9118990884630951,190371.53,191040.9,True,False
Emergent_autonomy_collective_0e3ed5,Emergent_autonomy_carefully_659b9f,0.9136218713708559,190371.53,191060.09,True,False
Emergent_autonomy_collective_0e3ed5,Emergent_autonomy_clarity_321c48,0.9056340068159736,190371.53,191082.87,True,False
Emergent_autonomy_collective_0e3ed5,Emergent_autonomy_bounded_5ceb4c,0.904821660824491,190371.53,191125.51,True,False
Emergent_autonomy_collective_0e3ed5,Emergent_bounded_increases_b9fad9,0.9078803948778766,190371.53,191145.88,True,False
Emergent_autonomy_collective_0e3ed5,Emergent_carefully_coherence_6373e7,0.9060136738676356,190371.53,191168.45,True,False
Emergent_autonomy_collective_0e3ed5,Emergent_carefully_linked_5110f6,0.9028935018155133,190371.53,191168.79,True,False
Emergent_autonomy_collective_0e3ed5,Emergent_anticipation_bounded_db424c,0.9009760725839338,190371.53,191189.2,True,False
Emergent_autonomy_collective_0e3ed5,Emergent_bounded_clarity_42b09f,0.8970593728287453,190371.53,191211.02,True,False
Emergent_autonomy_collective_0e3ed5,Emergent_constraint_contradiction_66a818,0.923,190371.53,191298.86,True,False
Emergent_autonomy_collective_0e3ed5,Emergent_belief_revision_bounded_349257,0.9264999999999999,190371.53,191315.51,True,False
Emergent_autonomy_collective_0e3ed5,Emergent_belief_revision_carefully_a9d18e,0.895,190371.53,191350.85,True,False
Emergent_autonomy_collective_0e3ed5,Emergent_bounded_connection_8dc0d7,0.9,190371.53,191371.53,True,False
Emergent_attention_autonomy_1e79bf,Emergent_collective_consciousness_f6f1a0,0.9096611336294622,190388.59,190403.46,True,False
Emergent_attention_autonomy_1e79bf,Emergent_carefully_clarity_0d7a6f,0.9073370063640496,190388.59,190418.76,True,False
Emergent_attention_autonomy_1e79bf,Emergent_autonomy_collective_4a8f61,0.9096611339478027,190388.59,190453.62,True,False
Emergent_attention_autonomy_1e79bf,Emergent_consciousness_constraint_80c25f,0.9085467304580748,190388.59,190469.23,True,False
Emergent_attention_autonomy_1e79bf,Emergent_clarity_energy_08bc8c,0.9072203908114207,190388.59,190486.72,True,False
Emergent_attention_autonomy_1e79bf,Emergent_appears_asymmetry_9e9e75,0.9096610629660575,190388.59,190505.1,True,False
Emergent_attention_autonomy_1e79bf,Emergent_constraint_contradiction_8d2c9c,0.9096604882002466,190388.59,190537.76,True,False
Emergent_attention_autonomy_1e79bf,Emergent_coherence_constraint_b926a8,0.9096604541194189,190388.59,190538.1,True,False
Emergent_attention_autonomy_1e79bf,Emergent_abstraction_clarity_81ead3,0.9096596967720638,190388.59,190556.64,True,False
Emergent_attention_autonomy_1e79bf,Emergent_abstraction_autonomy_9d570d,0.9096596965615027,190388.59,190556.98,True,False
Emergent_attention_autonomy_1e79bf,Emergent_bounded_coherence_717f45,0.9081203673873761,190388.59,190573.63,True,False
Emergent_attention_autonomy_1e79bf,Emergent_bounded_increases_8c621b,0.9082656254739485,190388.59,190573.97,True,False
Emergent_attention_autonomy_1e79bf,Emergent_anticipation_autonomy_eda74a,0.9096568988866314,190388.59,190592.51,True,False
Emergent_attention_autonomy_1e79bf,Emergent_bounded_coherence_40a04d,0.9078813700148367,190388.59,190610.67,True,False
Emergent_attention_autonomy_1e79bf,Emergent_appears_asymmetry_ecd8f7,0.9063861158406588,190388.59,190629.19,True,False
Emergent_attention_autonomy_1e79bf,Emergent_anticipation_bounded_ed16fb,0.909664760884844,190388.59,190646.48,True,False
Emergent_attention_autonomy_1e79bf,Emergent_anticipation_autonomy_573275,0.9096633809252344,190388.59,190664.99,True,False
Emergent_attention_autonomy_1e79bf,Emergent_anticipation_clarity_8a2f90,0.9096614095543636,190388.59,190683.35,True,False
Emergent_attention_autonomy_1e79bf,Emergent_autonomy_collective_461851,0.9096585933102623,190388.59,190702.56,True,False
Emergent_attention_autonomy_1e79bf,Emergent_collective_constraint_a92169,0.9096585933102623,190388.59,190702.9,True,False
Emergent_attention_autonomy_1e79bf,Emergent_bounded_carefully_f79645,0.9096545701044032,190388.59,190721.89,True,False
Emergent_attention_autonomy_1e79bf,Emergent_autonomy_carefully_8f6776,0.9096480906603188,190388.59,190742.41,True,False
Emergent_attention_autonomy_1e79bf,Emergent_autonomy_carefully_dedeae,0.9096481744276634,190388.59,190742.75,True,False
Emergent_attention_autonomy_1e79bf,Emergent_autonomy_bounded_ab8b66,0.9095594883933094,190388.59,190763.03,True,False
Emergent_attention_autonomy_1e79bf,Emergent_anticipation_autonomy_a66f28,0.9085021333266083,190388.59,190858.49,True,False
Emergent_attention_autonomy_1e79bf,Emergent_anticipation_bounded_ca71cc,0.9070432224517095,190388.59,190918.03,True,False
Emergent_attention_autonomy_1e79bf,Emergent_anticipation_bounded_2f7e1b,0.9070490775151336,190388.59,190918.37,True,False
Emergent_attention_autonomy_1e79bf,Emergent_autonomy_bounded_72bafc,0.9102283250797985,190388.59,190936.64,True,False
Emergent_attention_autonomy_1e79bf,Emergent_abstraction_ambiguity_94432c,0.9102665652694615,190388.59,190954.69,True,False
Emergent_attention_autonomy_1e79bf,Emergent_ambiguity_anticipation_961459,0.906652362787858,190388.59,190975.58,True,False
Emergent_attention_autonomy_1e79bf,Emergent_ambiguity_constraint_33311e,0.9089501054760256,190388.59,190995.91,True,False
Emergent_attention_autonomy_1e79bf,Emergent_abstraction_bounded_b74b81,0.9074518228397994,190388.59,191018.31,True,False
Emergent_attention_autonomy_1e79bf,Emergent_autonomy_bounded_94d9e2,0.9091500045501153,190388.59,191040.9,True,False
Emergent_attention_autonomy_1e79bf,Emergent_autonomy_carefully_659b9f,0.9092912421746153,190388.59,191060.09,True,False
Emergent_attention_autonomy_1e79bf,Emergent_autonomy_clarity_321c48,0.9056340068159736,190388.59,191082.87,True,False
Emergent_attention_autonomy_1e79bf,Emergent_autonomy_bounded_5ceb4c,0.904821660824491,190388.59,191125.51,True,False
Emergent_attention_autonomy_1e79bf,Emergent_bounded_increases_b9fad9,0.9063511936646154,190388.59,191145.88,True,False
Emergent_attention_autonomy_1e79bf,Emergent_carefully_coherence_6373e7,0.9038805646646153,190388.59,191168.45,True,False
Emergent_attention_autonomy_1e79bf,Emergent_carefully_linked_5110f6,0.9028935018155133,190388.59,191168.79,True,False
Emergent_attention_autonomy_1e79bf,Emergent_anticipation_bounded_db424c,0.9003510946646154,190388.59,191189.2,True,False
Emergent_attention_autonomy_1e79bf,Emergent_bounded_clarity_42b09f,0.8953089946646153,190388.59,191211.02,True,False
Emergent_attention_autonomy_1e79bf,Emergent_constraint_contradiction_66a818,0.923,190388.59,191298.86,True,False
Emergent_attention_autonomy_1e79bf,Emergent_belief_revision_bounded_349257,0.9264999999999999,190388.59,191315.51,True,False
Emergent_attention_autonomy_1e79bf,Emergent_belief_revision_carefully_a9d18e,0.895,190388.59,191350.85,True,False
Emergent_attention_autonomy_1e79bf,Emergent_bounded_connection_8dc0d7,0.9,190388.59,191371.53,True,False
Emergent_collective_consciousness_f6f1a0,Emergent_carefully_clarity_0d7a6f,0.9073370085924315,190403.46,190418.76,True,False
Emergent_collective_consciousness_f6f1a0,Emergent_autonomy_collective_4a8f61,0.9098428561633003,190403.46,190453.62,True,False
Emergent_collective_consciousness_f6f1a0,Emergent_consciousness_constraint_80c25f,0.9085467304580748,190403.46,190469.23,True,False
Emergent_collective_consciousness_f6f1a0,Emergent_clarity_energy_08bc8c,0.9072203908114207,190403.46,190486.72,True,False
Emergent_collective_consciousness_f6f1a0,Emergent_appears_asymmetry_9e9e75,0.9130125171460837,190403.46,190505.1,True,False
Emergent_collective_consciousness_f6f1a0,Emergent_constraint_contradiction_8d2c9c,0.9130613370060656,190403.46,190537.76,True,False
Emergent_collective_consciousness_f6f1a0,Emergent_coherence_constraint_b926a8,0.9099635564588231,190403.46,190538.1,True,False
Emergent_collective_consciousness_f6f1a0,Emergent_abstraction_clarity_81ead3,0.9110401958731507,190403.46,190556.64,True,False
Emergent_collective_consciousness_f6f1a0,Emergent_abstraction_autonomy_9d570d,0.9110066074925838,190403.46,190556.98,True,False
Emergent_collective_consciousness_f6f1a0,Emergent_bounded_coherence_717f45,0.9081203673873761,190403.46,190573.63,True,False
Emergent_collective_consciousness_f6f1a0,Emergent_bounded_increases_8c621b,0.9082656254739485,190403.46,190573.97,True,False
Emergent_collective_consciousness_f6f1a0,Emergent_anticipation_autonomy_eda74a,0.9116097949411557,190403.46,190592.51,True,False
Emergent_collective_consciousness_f6f1a0,Emergent_bounded_coherence_40a04d,0.9078813700148367,190403.46,190610.67,True,False
Emergent_collective_consciousness_f6f1a0,Emergent_appears_asymmetry_ecd8f7,0.9063861158406588,190403.46,190629.19,True,False
Emergent_collective_consciousness_f6f1a0,Emergent_anticipation_bounded_ed16fb,0.9102170089021393,190403.46,190646.48,True,False
Emergent_collective_consciousness_f6f1a0,Emergent_anticipation_autonomy_573275,0.9101960696947411,190403.46,190664.99,True,False
Emergent_collective_consciousness_f6f1a0,Emergent_anticipation_clarity_8a2f90,0.9099035963415203,190403.46,190683.35,True,False
Emergent_collective_consciousness_f6f1a0,Emergent_autonomy_collective_461851,0.9099484469929526,190403.46,190702.56,True,False
Emergent_collective_consciousness_f6f1a0,Emergent_collective_constraint_a92169,0.9122948818778642,190403.46,190702.9,True,False
Emergent_collective_consciousness_f6f1a0,Emergent_bounded_carefully_f79645,0.912288556392185,190403.46,190721.89,True,False
Emergent_collective_consciousness_f6f1a0,Emergent_autonomy_carefully_8f6776,0.9116841169632965,190403.46,190742.41,True,False
Emergent_collective_consciousness_f6f1a0,Emergent_autonomy_carefully_dedeae,0.9129377814287896,190403.46,190742.75,True,False
Emergent_collective_consciousness_f6f1a0,Emergent_autonomy_bounded_ab8b66,0.9103863168410862,190403.46,190763.03,True,False
Emergent_collective_consciousness_f6f1a0,Emergent_anticipation_autonomy_a66f28,0.9085021333266083,190403.46,190858.49,True,False
Emergent_collective_consciousness_f6f1a0,Emergent_anticipation_bounded_ca71cc,0.9107548302824957,190403.46,190918.03,True,False
Emergent_collective_consciousness_f6f1a0,Emergent_anticipation_bounded_2f7e1b,0.910760816915553,190403.46,190918.37,True,False
Emergent_collective_consciousness_f6f1a0,Emergent_autonomy_bounded_72bafc,0.9135546675674497,190403.46,190936.64,True,False
Emergent_collective_consciousness_f6f1a0,Emergent_abstraction_ambiguity_94432c,0.9118910736829027,190403.46,190954.69,True,False
Emergent_collective_consciousness_f6f1a0,Emergent_ambiguity_anticipation_961459,0.906652362787858,190403.46,190975.58,True,False
Emergent_collective_consciousness_f6f1a0,Emergent_ambiguity_constraint_33311e,0.9089501054760256,190403.46,190995.91,True,False
Emergent_collective_consciousness_f6f1a0,Emergent_abstraction_bounded_b74b81,0.9074518228397994,190403.46,191018.31,True,False
Emergent_collective_consciousness_f6f1a0,Emergent_autonomy_bounded_94d9e2,0.9118990884630951,190403.46,191040.9,True,False
Emergent_collective_consciousness_f6f1a0,Emergent_autonomy_carefully_659b9f,0.9128395640353808,190403.46,191060.09,True,False
Emergent_collective_consciousness_f6f1a0,Emergent_autonomy_clarity_321c48,0.9056340068159736,190403.46,191082.87,True,False
Emergent_collective_consciousness_f6f1a0,Emergent_autonomy_bounded_5ceb4c,0.904821660824491,190403.46,191125.51,True,False
Emergent_collective_consciousness_f6f1a0,Emergent_bounded_increases_b9fad9,0.9078803948778766,190403.46,191145.88,True,False
Emergent_collective_consciousness_f6f1a0,Emergent_carefully_coherence_6373e7,0.9060136738676356,190403.46,191168.45,True,False
Emergent_collective_consciousness_f6f1a0,Emergent_carefully_linked_5110f6,0.9028935018155133,190403.46,191168.79,True,False
Emergent_collective_consciousness_f6f1a0,Emergent_anticipation_bounded_db424c,0.9009760725839338,190403.46,191189.2,True,False
Emergent_collective_consciousness_f6f1a0,Emergent_bounded_clarity_42b09f,0.8970593728287453,190403.46,191211.02,True,False
Emergent_collective_consciousness_f6f1a0,Emergent_constraint_contradiction_66a818,0.923,190403.46,191298.86,True,False
Emergent_collective_consciousness_f6f1a0,Emergent_belief_revision_bounded_349257,0.9264999999999999,190403.46,191315.51,True,False
Emergent_collective_consciousness_f6f1a0,Emergent_belief_revision_carefully_a9d18e,0.895,190403.46,191350.85,True,False
Emergent_collective_consciousness_f6f1a0,Emergent_bounded_connection_8dc0d7,0.9,190403.46,191371.53,True,False
Emergent_carefully_clarity_0d7a6f,Emergent_autonomy_collective_4a8f61,0.9073370044540077,190418.76,190453.62,True,False
Emergent_carefully_clarity_0d7a6f,Emergent_consciousness_constraint_80c25f,0.9073370090017261,190418.76,190469.23,True,False
Emergent_carefully_clarity_0d7a6f,Emergent_clarity_energy_08bc8c,0.9072203908114207,190418.76,190486.72,True,False
Emergent_carefully_clarity_0d7a6f,Emergent_appears_asymmetry_9e9e75,0.9073369474579753,190418.76,190505.1,True,False
Emergent_carefully_clarity_0d7a6f,Emergent_constraint_contradiction_8d2c9c,0.9073363013295015,190418.76,190537.76,True,False
Emergent_carefully_clarity_0d7a6f,Emergent_coherence_constraint_b926a8,0.907336268534584,190418.76,190538.1,True,False
Emergent_carefully_clarity_0d7a6f,Emergent_abstraction_clarity_81ead3,0.9073355397628491,190418.76,190556.64,True,False
Emergent_carefully_clarity_0d7a6f,Emergent_abstraction_autonomy_9d570d,0.9073355395602327,190418.76,190556.98,True,False
Emergent_carefully_clarity_0d7a6f,Emergent_bounded_coherence_717f45,0.907337052752514,190418.76,190573.63,True,False
Emergent_carefully_clarity_0d7a6f,Emergent_bounded_increases_8c621b,0.9073370530245091,190418.76,190573.97,True,False
Emergent_carefully_clarity_0d7a6f,Emergent_anticipation_autonomy_eda74a,0.9073327547556704,190418.76,190592.51,True,False
Emergent_carefully_clarity_0d7a6f,Emergent_bounded_coherence_40a04d,0.9073379245569886,190418.76,190610.67,True,False
Emergent_carefully_clarity_0d7a6f,Emergent_appears_asymmetry_ecd8f7,0.9063861158406588,190418.76,190629.19,True,False
Emergent_carefully_clarity_0d7a6f,Emergent_anticipation_bounded_ed16fb,0.9073408756444474,190418.76,190646.48,True,False
Emergent_carefully_clarity_0d7a6f,Emergent_anticipation_autonomy_573275,0.9073394956848377,190418.76,190664.99,True,False
Emergent_carefully_clarity_0d7a6f,Emergent_anticipation_clarity_8a2f90,0.907337524313967,190418.76,190683.35,True,False
Emergent_carefully_clarity_0d7a6f,Emergent_autonomy_collective_461851,0.9073347080698655,190418.76,190702.56,True,False
Emergent_carefully_clarity_0d7a6f,Emergent_collective_constraint_a92169,0.9073347080698655,190418.76,190702.9,True,False
Emergent_carefully_clarity_0d7a6f,Emergent_bounded_carefully_f79645,0.9073306848640066,190418.76,190721.89,True,False
Emergent_carefully_clarity_0d7a6f,Emergent_autonomy_carefully_8f6776,0.9073242330394256,190418.76,190742.41,True,False
Emergent_carefully_clarity_0d7a6f,Emergent_autonomy_carefully_dedeae,0.9073243136461284,190418.76,190742.75,True,False
Emergent_carefully_clarity_0d7a6f,Emergent_autonomy_bounded_ab8b66,0.9072323923154526,190418.76,190763.03,True,False
Emergent_carefully_clarity_0d7a6f,Emergent_anticipation_autonomy_a66f28,0.9074333405311164,190418.76,190858.49,True,False
Emergent_carefully_clarity_0d7a6f,Emergent_anticipation_bounded_ca71cc,0.9047100618898485,190418.76,190918.03,True,False
Emergent_carefully_clarity_0d7a6f,Emergent_anticipation_bounded_2f7e1b,0.9047158342470458,190418.76,190918.37,True,False
Emergent_carefully_clarity_0d7a6f,Emergent_autonomy_bounded_72bafc,0.9079324902200889,190418.76,190936.64,True,False
Emergent_carefully_clarity_0d7a6f,Emergent_abstraction_ambiguity_94432c,0.9079705670700537,190418.76,190954.69,True,False
Emergent_carefully_clarity_0d7a6f,Emergent_ambiguity_anticipation_961459,0.9048643206942903,190418.76,190975.58,True,False
Emergent_carefully_clarity_0d7a6f,Emergent_ambiguity_constraint_33311e,0.9085013488738112,190418.76,190995.91,True,False
Emergent_carefully_clarity_0d7a6f,Emergent_abstraction_bounded_b74b81,0.9074518228397994,190418.76,191018.31,True,False
Emergent_carefully_clarity_0d7a6f,Emergent_autonomy_bounded_94d9e2,0.9069194874794111,190418.76,191040.9,True,False
Emergent_carefully_clarity_0d7a6f,Emergent_autonomy_carefully_659b9f,0.9070607251039111,190418.76,191060.09,True,False
Emergent_carefully_clarity_0d7a6f,Emergent_autonomy_clarity_321c48,0.9056340068159736,190418.76,191082.87,True,False
Emergent_carefully_clarity_0d7a6f,Emergent_autonomy_bounded_5ceb4c,0.9038324365439112,190418.76,191125.51,True,False
Emergent_carefully_clarity_0d7a6f,Emergent_bounded_increases_b9fad9,0.9041206765939112,190418.76,191145.88,True,False
Emergent_carefully_clarity_0d7a6f,Emergent_carefully_coherence_6373e7,0.9016500475939111,190418.76,191168.45,True,False
Emergent_carefully_clarity_0d7a6f,Emergent_carefully_linked_5110f6,0.9016500475939111,190418.76,191168.79,True,False
Emergent_carefully_clarity_0d7a6f,Emergent_anticipation_bounded_db424c,0.898120577593911,190418.76,191189.2,True,False
Emergent_carefully_clarity_0d7a6f,Emergent_bounded_clarity_42b09f,0.8930784775939111,190418.76,191211.02,True,False
Emergent_carefully_clarity_0d7a6f,Emergent_constraint_contradiction_66a818,0.923,190418.76,191298.86,True,False
Emergent_carefully_clarity_0d7a6f,Emergent_belief_revision_bounded_349257,0.9264999999999999,190418.76,191315.51,True,False
Emergent_carefully_clarity_0d7a6f,Emergent_belief_revision_carefully_a9d18e,0.895,190418.76,191350.85,True,False
Emergent_carefully_clarity_0d7a6f,Emergent_bounded_connection_8dc0d7,0.9,190418.76,191371.53,True,False
Emergent_autonomy_collective_4a8f61,Emergent_consciousness_constraint_80c25f,0.9085466349559885,190453.62,190469.23,True,False
Emergent_autonomy_collective_4a8f61,Emergent_clarity_energy_08bc8c,0.9072203908114207,190453.62,190486.72,True,False
Emergent_autonomy_collective_4a8f61,Emergent_appears_asymmetry_9e9e75,0.9098427840880212,190453.62,190505.1,True,False
Emergent_autonomy_collective_4a8f61,Emergent_constraint_contradiction_8d2c9c,0.9098422149020118,190453.62,190537.76,True,False
Emergent_autonomy_collective_4a8f61,Emergent_coherence_constraint_b926a8,0.9098421807206394,190453.62,190538.1,True,False
Emergent_autonomy_collective_4a8f61,Emergent_abstraction_clarity_81ead3,0.9098414211389747,190453.62,190556.64,True,False
Emergent_autonomy_collective_4a8f61,Emergent_abstraction_autonomy_9d570d,0.9098414209277923,190453.62,190556.98,True,False
Emergent_autonomy_collective_4a8f61,Emergent_bounded_coherence_717f45,0.9081203673873761,190453.62,190573.63,True,False
Emergent_autonomy_collective_4a8f61,Emergent_bounded_increases_8c621b,0.9082656254739485,190453.62,190573.97,True,False
Emergent_autonomy_collective_4a8f61,Emergent_anticipation_autonomy_eda74a,0.9098386222465997,190453.62,190592.51,True,False
Emergent_autonomy_collective_4a8f61,Emergent_bounded_coherence_40a04d,0.9078813700148367,190453.62,190610.67,True,False
Emergent_autonomy_collective_4a8f61,Emergent_appears_asymmetry_ecd8f7,0.9063861158406588,190453.62,190629.19,True,False
Emergent_autonomy_collective_4a8f61,Emergent_anticipation_bounded_ed16fb,0.9098464640023232,190453.62,190646.48,True,False
Emergent_autonomy_collective_4a8f61,Emergent_anticipation_autonomy_573275,0.9098450840427135,190453.62,190664.99,True,False
Emergent_autonomy_collective_4a8f61,Emergent_anticipation_clarity_8a2f90,0.9098431126718427,190453.62,190683.35,True,False
Emergent_autonomy_collective_4a8f61,Emergent_autonomy_collective_461851,0.9098402964277414,190453.62,190702.56,True,False
Emergent_autonomy_collective_4a8f61,Emergent_collective_constraint_a92169,0.9098402964277414,190453.62,190702.9,True,False
Emergent_autonomy_collective_4a8f61,Emergent_bounded_carefully_f79645,0.9098362732218823,190453.62,190721.89,True,False
Emergent_autonomy_collective_4a8f61,Emergent_autonomy_carefully_8f6776,0.9098297916182461,190453.62,190742.41,True,False
Emergent_autonomy_collective_4a8f61,Emergent_autonomy_carefully_dedeae,0.9098298756327197,190453.62,190742.75,True,False
Emergent_autonomy_collective_4a8f61,Emergent_autonomy_bounded_ab8b66,0.909741442564139,190453.62,190763.03,True,False
Emergent_autonomy_collective_4a8f61,Emergent_anticipation_autonomy_a66f28,0.9085021333266083,190453.62,190858.49,True,False
Emergent_autonomy_collective_4a8f61,Emergent_anticipation_bounded_ca71cc,0.9072256508007086,190453.62,190918.03,True,False
Emergent_autonomy_collective_4a8f61,Emergent_anticipation_bounded_2f7e1b,0.9072315123308805,190453.62,190918.37,True,False
Emergent_autonomy_collective_4a8f61,Emergent_autonomy_bounded_72bafc,0.9104078349557487,190453.62,190936.64,True,False
Emergent_autonomy_collective_4a8f61,Emergent_abstraction_ambiguity_94432c,0.9104460879168395,190453.62,190954.69,True,False
Emergent_autonomy_collective_4a8f61,Emergent_ambiguity_anticipation_961459,0.906652362787858,190453.62,190975.58,True,False
Emergent_autonomy_collective_4a8f61,Emergent_ambiguity_constraint_33311e,0.9089501054760256,190453.62,190995.91,True,False
Emergent_autonomy_collective_4a8f61,Emergent_abstraction_bounded_b74b81,0.9074518228397994,190453.62,191018.31,True,False
Emergent_autonomy_collective_4a8f61,Emergent_autonomy_bounded_94d9e2,0.9093244072694457,190453.62,191040.9,True,False
Emergent_autonomy_collective_4a8f61,Emergent_autonomy_carefully_659b9f,0.9094656448939458,190453.62,191060.09,True,False
Emergent_autonomy_collective_4a8f61,Emergent_autonomy_clarity_321c48,0.9056340068159736,190453.62,191082.87,True,False
Emergent_autonomy_collective_4a8f61,Emergent_autonomy_bounded_5ceb4c,0.904821660824491,190453.62,191125.51,True,False
Emergent_autonomy_collective_4a8f61,Emergent_bounded_increases_b9fad9,0.9065255963839458,190453.62,191145.88,True,False
Emergent_autonomy_collective_4a8f61,Emergent_carefully_coherence_6373e7,0.9040549673839458,190453.62,191168.45,True,False
Emergent_autonomy_collective_4a8f61,Emergent_carefully_linked_5110f6,0.9028935018155133,190453.62,191168.79,True,False
Emergent_autonomy_collective_4a8f61,Emergent_anticipation_bounded_db424c,0.9005254973839456,190453.62,191189.2,True,False
Emergent_autonomy_collective_4a8f61,Emergent_bounded_clarity_42b09f,0.8954833973839458,190453.62,191211.02,True,False
Emergent_autonomy_collective_4a8f61,Emergent_constraint_contradiction_66a818,0.923,190453.62,191298.86,True,False
Emergent_autonomy_collective_4a8f61,Emergent_belief_revision_bounded_349257,0.9264999999999999,190453.62,191315.51,True,False
Emergent_autonomy_collective_4a8f61,Emergent_belief_revision_carefully_a9d18e,0.895,190453.62,191350.85,True,False
Emergent_autonomy_collective_4a8f61,Emergent_bounded_connection_8dc0d7,0.9,190453.62,191371.53,True,False
Emergent_consciousness_constraint_80c25f,Emergent_clarity_energy_08bc8c,0.9072203908114207,190469.23,190486.72,True,False
Emergent_consciousness_constraint_80c25f,Emergent_appears_asymmetry_9e9e75,0.908546661634688,190469.23,190505.1,True,False
Emergent_consciousness_constraint_80c25f,Emergent_constraint_contradiction_8d2c9c,0.9085460526508502,190469.23,190537.76,True,False
Emergent_consciousness_constraint_80c25f,Emergent_coherence_constraint_b926a8,0.9085460191866099,190469.23,190538.1,True,False
Emergent_consciousness_constraint_80c25f,Emergent_abstraction_clarity_81ead3,0.9085452755411163,190469.23,190556.64,True,False
Emergent_consciousness_constraint_80c25f,Emergent_abstraction_autonomy_9d570d,0.9085452753343648,190469.23,190556.98,True,False
Emergent_consciousness_constraint_80c25f,Emergent_bounded_coherence_717f45,0.9081203673873761,190469.23,190573.63,True,False
Emergent_consciousness_constraint_80c25f,Emergent_bounded_increases_8c621b,0.9082656254739485,190469.23,190573.97,True,False
Emergent_consciousness_constraint_80c25f,Emergent_anticipation_autonomy_eda74a,0.9085424838307399,190469.23,190592.51,True,False
Emergent_consciousness_constraint_80c25f,Emergent_bounded_coherence_40a04d,0.9078813700148367,190469.23,190610.67,True,False
Emergent_consciousness_constraint_80c25f,Emergent_appears_asymmetry_ecd8f7,0.9063861158406588,190469.23,190629.19,True,False
Emergent_consciousness_constraint_80c25f,Emergent_anticipation_bounded_ed16fb,0.9085504699656355,190469.23,190646.48,True,False
Emergent_consciousness_constraint_80c25f,Emergent_anticipation_autonomy_573275,0.9085490900060258,190469.23,190664.99,True,False
Emergent_consciousness_constraint_80c25f,Emergent_anticipation_clarity_8a2f90,0.9085471186351548,190469.23,190683.35,True,False
Emergent_consciousness_constraint_80c25f,Emergent_autonomy_collective_461851,0.9085443023910535,190469.23,190702.56,True,False
Emergent_consciousness_constraint_80c25f,Emergent_collective_constraint_a92169,0.9085443023910535,190469.23,190702.9,True,False
Emergent_consciousness_constraint_80c25f,Emergent_bounded_carefully_f79645,0.9085402791851946,190469.23,190721.89,True,False
Emergent_consciousness_constraint_80c25f,Emergent_autonomy_carefully_8f6776,0.9085338129845189,190469.23,190742.41,True,False
Emergent_consciousness_constraint_80c25f,Emergent_autonomy_carefully_dedeae,0.908533895236352,190469.23,190742.75,True,False
Emergent_consciousness_constraint_80c25f,Emergent_autonomy_bounded_ab8b66,0.9084436578941926,190469.23,190763.03,True,False
Emergent_consciousness_constraint_80c25f,Emergent_anticipation_autonomy_a66f28,0.9085021333266083,190469.23,190858.49,True,False
Emergent_consciousness_constraint_80c25f,Emergent_anticipation_bounded_ca71cc,0.905924484063968,190469.23,190918.03,True,False
Emergent_consciousness_constraint_80c25f,Emergent_anticipation_bounded_2f7e1b,0.9059302994701854,190469.23,190918.37,True,False
Emergent_consciousness_constraint_80c25f,Emergent_autonomy_bounded_72bafc,0.9091274841726373,190469.23,190936.64,True,False
Emergent_consciousness_constraint_80c25f,Emergent_abstraction_ambiguity_94432c,0.9091656460417621,190469.23,190954.69,True,False
Emergent_consciousness_constraint_80c25f,Emergent_ambiguity_anticipation_961459,0.9061218742104047,190469.23,190975.58,True,False
Emergent_consciousness_constraint_80c25f,Emergent_ambiguity_constraint_33311e,0.9089501054760256,190469.23,190995.91,True,False
Emergent_consciousness_constraint_80c25f,Emergent_abstraction_bounded_b74b81,0.9074518228397994,190469.23,191018.31,True,False
Emergent_consciousness_constraint_80c25f,Emergent_autonomy_bounded_94d9e2,0.9080804831839908,190469.23,191040.9,True,False
Emergent_consciousness_constraint_80c25f,Emergent_autonomy_carefully_659b9f,0.9082217208084908,190469.23,191060.09,True,False
Emergent_consciousness_constraint_80c25f,Emergent_autonomy_clarity_321c48,0.9056340068159736,190469.23,191082.87,True,False
Emergent_consciousness_constraint_80c25f,Emergent_autonomy_bounded_5ceb4c,0.904821660824491,190469.23,191125.51,True,False
Emergent_consciousness_constraint_80c25f,Emergent_bounded_increases_b9fad9,0.9052816722984909,190469.23,191145.88,True,False
Emergent_consciousness_constraint_80c25f,Emergent_carefully_coherence_6373e7,0.9028110432984908,190469.23,191168.45,True,False
Emergent_consciousness_constraint_80c25f,Emergent_carefully_linked_5110f6,0.9028110432984908,190469.23,191168.79,True,False
Emergent_consciousness_constraint_80c25f,Emergent_anticipation_bounded_db424c,0.8992815732984909,190469.23,191189.2,True,False
Emergent_consciousness_constraint_80c25f,Emergent_bounded_clarity_42b09f,0.8942394732984909,190469.23,191211.02,True,False
Emergent_consciousness_constraint_80c25f,Emergent_constraint_contradiction_66a818,0.923,190469.23,191298.86,True,False
Emergent_consciousness_constraint_80c25f,Emergent_belief_revision_bounded_349257,0.9264999999999999,190469.23,191315.51,True,False
Emergent_consciousness_constraint_80c25f,Emergent_belief_revision_carefully_a9d18e,0.895,190469.23,191350.85,True,False
Emergent_consciousness_constraint_80c25f,Emergent_bounded_connection_8dc0d7,0.9,190469.23,191371.53,True,False
Emergent_clarity_energy_08bc8c,Emergent_appears_asymmetry_9e9e75,0.907220452041825,190486.72,190505.1,True,False
Emergent_clarity_energy_08bc8c,Emergent_constraint_contradiction_8d2c9c,0.9072198023363245,190486.72,190537.76,True,False
Emergent_clarity_energy_08bc8c,Emergent_coherence_constraint_b926a8,0.9072197696058628,190486.72,190538.1,True,False
Emergent_clarity_energy_08bc8c,Emergent_abstraction_clarity_81ead3,0.9072190422664701,190486.72,190556.64,True,False
Emergent_clarity_energy_08bc8c,Emergent_abstraction_autonomy_9d570d,0.9072190420642519,190486.72,190556.98,True,False
Emergent_clarity_energy_08bc8c,Emergent_bounded_coherence_717f45,0.9072205613992632,190486.72,190573.63,True,False
Emergent_clarity_energy_08bc8c,Emergent_bounded_increases_8c621b,0.9072205616707238,190486.72,190573.97,True,False
Emergent_clarity_energy_08bc8c,Emergent_anticipation_autonomy_eda74a,0.9072162579048089,190486.72,190592.51,True,False
Emergent_clarity_energy_08bc8c,Emergent_bounded_coherence_40a04d,0.9072214364207838,190486.72,190610.67,True,False
Emergent_clarity_energy_08bc8c,Emergent_appears_asymmetry_ecd8f7,0.9063861158406588,190486.72,190629.19,True,False
Emergent_clarity_energy_08bc8c,Emergent_anticipation_bounded_ed16fb,0.9072243917703782,190486.72,190646.48,True,False
Emergent_clarity_energy_08bc8c,Emergent_anticipation_autonomy_573275,0.9072230118107685,190486.72,190664.99,True,False
Emergent_clarity_energy_08bc8c,Emergent_anticipation_clarity_8a2f90,0.9072210404398977,190486.72,190683.35,True,False
Emergent_clarity_energy_08bc8c,Emergent_autonomy_collective_461851,0.9072182241957962,190486.72,190702.56,True,False
Emergent_clarity_energy_08bc8c,Emergent_collective_constraint_a92169,0.9072182241957962,190486.72,190702.9,True,False
Emergent_clarity_energy_08bc8c,Emergent_bounded_carefully_f79645,0.9072142009899373,190486.72,190721.89,True,False
Emergent_clarity_energy_08bc8c,Emergent_autonomy_carefully_8f6776,0.9072077505497735,190486.72,190742.41,True,False
Emergent_clarity_energy_08bc8c,Emergent_autonomy_carefully_dedeae,0.9072078309980505,190486.72,190742.75,True,False
Emergent_clarity_energy_08bc8c,Emergent_autonomy_bounded_ab8b66,0.9071157474993627,190486.72,190763.03,True,False
Emergent_clarity_energy_08bc8c,Emergent_anticipation_autonomy_a66f28,0.907317524016269,190486.72,190858.49,True,False
Emergent_clarity_energy_08bc8c,Emergent_anticipation_bounded_ca71cc,0.9045931130937777,190486.72,190918.03,True,False
Emergent_clarity_energy_08bc8c,Emergent_anticipation_bounded_2f7e1b,0.9045988813053565,190486.72,190918.37,True,False
Emergent_clarity_energy_08bc8c,Emergent_autonomy_bounded_72bafc,0.9078174123608072,190486.72,190936.64,True,False
Emergent_clarity_energy_08bc8c,Emergent_abstraction_ambiguity_94432c,0.9078554810234307,190486.72,190954.69,True,False
Emergent_clarity_energy_08bc8c,Emergent_ambiguity_anticipation_961459,0.9047432183520914,190486.72,190975.58,True,False
Emergent_clarity_energy_08bc8c,Emergent_ambiguity_constraint_33311e,0.9083895450441484,190486.72,190995.91,True,False
Emergent_clarity_energy_08bc8c,Emergent_abstraction_bounded_b74b81,0.9074518228397994,190486.72,191018.31,True,False
Emergent_clarity_energy_08bc8c,Emergent_autonomy_bounded_94d9e2,0.9068076836497483,190486.72,191040.9,True,False
Emergent_clarity_energy_08bc8c,Emergent_autonomy_carefully_659b9f,0.9069489212742483,190486.72,191060.09,True,False
Emergent_clarity_energy_08bc8c,Emergent_autonomy_clarity_321c48,0.9056340068159736,190486.72,191082.87,True,False
Emergent_clarity_energy_08bc8c,Emergent_autonomy_bounded_5ceb4c,0.9037206327142484,190486.72,191125.51,True,False
Emergent_clarity_energy_08bc8c,Emergent_bounded_increases_b9fad9,0.9040088727642484,190486.72,191145.88,True,False
Emergent_clarity_energy_08bc8c,Emergent_carefully_coherence_6373e7,0.9015382437642485,190486.72,191168.45,True,False
Emergent_clarity_energy_08bc8c,Emergent_carefully_linked_5110f6,0.9015382437642485,190486.72,191168.79,True,False
Emergent_clarity_energy_08bc8c,Emergent_anticipation_bounded_db424c,0.8980087737642484,190486.72,191189.2,True,False
Emergent_clarity_energy_08bc8c,Emergent_bounded_clarity_42b09f,0.8929666737642483,190486.72,191211.02,True,False
Emergent_clarity_energy_08bc8c,Emergent_constraint_contradiction_66a818,0.923,190486.72,191298.86,True,False
Emergent_clarity_energy_08bc8c,Emergent_belief_revision_bounded_349257,0.9264999999999999,190486.72,191315.51,True,False
Emergent_clarity_energy_08bc8c,Emergent_belief_revision_carefully_a9d18e,0.895,190486.72,191350.85,True,False
Emergent_clarity_energy_08bc8c,Emergent_bounded_connection_8dc0d7,0.9,190486.72,191371.53,True,False
Emergent_appears_asymmetry_9e9e75,Emergent_constraint_contradiction_8d2c9c,0.9130120452876773,190505.1,190537.76,True,False
Emergent_appears_asymmetry_9e9e75,Emergent_coherence_constraint_b926a8,0.9099635564588231,190505.1,190538.1,True,False
Emergent_appears_asymmetry_9e9e75,Emergent_abstraction_clarity_81ead3,0.9110401958731507,190505.1,190556.64,True,False
Emergent_appears_asymmetry_9e9e75,Emergent_abstraction_autonomy_9d570d,0.9110066074925838,190505.1,190556.98,True,False
Emergent_appears_asymmetry_9e9e75,Emergent_bounded_coherence_717f45,0.9081203673873761,190505.1,190573.63,True,False
Emergent_appears_asymmetry_9e9e75,Emergent_bounded_increases_8c621b,0.9082656254739485,190505.1,190573.97,True,False
Emergent_appears_asymmetry_9e9e75,Emergent_anticipation_autonomy_eda74a,0.9116097949411557,190505.1,190592.51,True,False
Emergent_appears_asymmetry_9e9e75,Emergent_bounded_coherence_40a04d,0.9078813700148367,190505.1,190610.67,True,False
Emergent_appears_asymmetry_9e9e75,Emergent_appears_asymmetry_ecd8f7,0.9063861158406588,190505.1,190629.19,True,False
Emergent_appears_asymmetry_9e9e75,Emergent_anticipation_bounded_ed16fb,0.9102170089021393,190505.1,190646.48,True,False
Emergent_appears_asymmetry_9e9e75,Emergent_anticipation_autonomy_573275,0.9101960696947411,190505.1,190664.99,True,False
Emergent_appears_asymmetry_9e9e75,Emergent_anticipation_clarity_8a2f90,0.9099035963415203,190505.1,190683.35,True,False
Emergent_appears_asymmetry_9e9e75,Emergent_autonomy_collective_461851,0.9099484469929526,190505.1,190702.56,True,False
Emergent_appears_asymmetry_9e9e75,Emergent_collective_constraint_a92169,0.9122948818778642,190505.1,190702.9,True,False
Emergent_appears_asymmetry_9e9e75,Emergent_bounded_carefully_f79645,0.912288556392185,190505.1,190721.89,True,False
Emergent_appears_asymmetry_9e9e75,Emergent_autonomy_carefully_8f6776,0.9116841169632965,190505.1,190742.41,True,False
Emergent_appears_asymmetry_9e9e75,Emergent_autonomy_carefully_dedeae,0.9129377814287896,190505.1,190742.75,True,False
Emergent_appears_asymmetry_9e9e75,Emergent_autonomy_bounded_ab8b66,0.9103863168410862,190505.1,190763.03,True,False
Emergent_appears_asymmetry_9e9e75,Emergent_anticipation_autonomy_a66f28,0.9085021333266083,190505.1,190858.49,True,False
Emergent_appears_asymmetry_9e9e75,Emergent_anticipation_bounded_ca71cc,0.910407719909142,190505.1,190918.03,True,False
Emergent_appears_asymmetry_9e9e75,Emergent_anticipation_bounded_2f7e1b,0.9104136942377785,190505.1,190918.37,True,False
Emergent_appears_asymmetry_9e9e75,Emergent_autonomy_bounded_72bafc,0.913538997596059,190505.1,190936.64,True,False
Emergent_appears_asymmetry_9e9e75,Emergent_abstraction_ambiguity_94432c,0.9118910736829027,190505.1,190954.69,True,False
Emergent_appears_asymmetry_9e9e75,Emergent_ambiguity_anticipation_961459,0.906652362787858,190505.1,190975.58,True,False
Emergent_appears_asymmetry_9e9e75,Emergent_ambiguity_constraint_33311e,0.9089501054760256,190505.1,190995.91,True,False
Emergent_appears_asymmetry_9e9e75,Emergent_abstraction_bounded_b74b81,0.9074518228397994,190505.1,191018.31,True,False
Emergent_appears_asymmetry_9e9e75,Emergent_autonomy_bounded_94d9e2,0.9118990884630951,190505.1,191040.9,True,False
Emergent_appears_asymmetry_9e9e75,Emergent_autonomy_carefully_659b9f,0.9125077242015349,190505.1,191060.09,True,False
Emergent_appears_asymmetry_9e9e75,Emergent_autonomy_clarity_321c48,0.9056340068159736,190505.1,191082.87,True,False
Emergent_appears_asymmetry_9e9e75,Emergent_autonomy_bounded_5ceb4c,0.904821660824491,190505.1,191125.51,True,False
Emergent_appears_asymmetry_9e9e75,Emergent_bounded_increases_b9fad9,0.9078803948778766,190505.1,191145.88,True,False
Emergent_appears_asymmetry_9e9e75,Emergent_carefully_coherence_6373e7,0.9060136738676356,190505.1,191168.45,True,False
Emergent_appears_asymmetry_9e9e75,Emergent_carefully_linked_5110f6,0.9028935018155133,190505.1,191168.79,True,False
Emergent_appears_asymmetry_9e9e75,Emergent_anticipation_bounded_db424c,0.9009760725839338,190505.1,191189.2,True,False
Emergent_appears_asymmetry_9e9e75,Emergent_bounded_clarity_42b09f,0.8970593728287453,190505.1,191211.02,True,False
Emergent_appears_asymmetry_9e9e75,Emergent_constraint_contradiction_66a818,0.923,190505.1,191298.86,True,False
Emergent_appears_asymmetry_9e9e75,Emergent_belief_revision_bounded_349257,0.9264999999999999,190505.1,191315.51,True,False
Emergent_appears_asymmetry_9e9e75,Emergent_belief_revision_carefully_a9d18e,0.895,190505.1,191350.85,True,False
Emergent_appears_asymmetry_9e9e75,Emergent_bounded_connection_8dc0d7,0.9,190505.1,191371.53,True,False
Emergent_constraint_contradiction_8d2c9c,Emergent_coherence_constraint_b926a8,0.9099631720582817,190537.76,190538.1,True,False
Emergent_constraint_contradiction_8d2c9c,Emergent_abstraction_clarity_81ead3,0.9110401573100064,190537.76,190556.64,True,False
Emergent_constraint_contradiction_8d2c9c,Emergent_abstraction_autonomy_9d570d,0.9110065689500064,190537.76,190556.98,True,False
Emergent_constraint_contradiction_8d2c9c,Emergent_bounded_coherence_717f45,0.9081203673873761,190537.76,190573.63,True,False
Emergent_constraint_contradiction_8d2c9c,Emergent_bounded_increases_8c621b,0.9082656254739485,190537.76,190573.97,True,False
Emergent_constraint_contradiction_8d2c9c,Emergent_anticipation_autonomy_eda74a,0.9116097949411557,190537.76,190592.51,True,False
Emergent_constraint_contradiction_8d2c9c,Emergent_bounded_coherence_40a04d,0.9078813700148367,190537.76,190610.67,True,False
Emergent_constraint_contradiction_8d2c9c,Emergent_appears_asymmetry_ecd8f7,0.9063861158406588,190537.76,190629.19,True,False
Emergent_constraint_contradiction_8d2c9c,Emergent_anticipation_bounded_ed16fb,0.9102170089021393,190537.76,190646.48,True,False
Emergent_constraint_contradiction_8d2c9c,Emergent_anticipation_autonomy_573275,0.9101960696947411,190537.76,190664.99,True,False
Emergent_constraint_contradiction_8d2c9c,Emergent_anticipation_clarity_8a2f90,0.9099035963415203,190537.76,190683.35,True,False
Emergent_constraint_contradiction_8d2c9c,Emergent_autonomy_collective_461851,0.9099484469929526,190537.76,190702.56,True,False
Emergent_constraint_contradiction_8d2c9c,Emergent_collective_constraint_a92169,0.9122948818778642,190537.76,190702.9,True,False
Emergent_constraint_contradiction_8d2c9c,Emergent_bounded_carefully_f79645,0.912288556392185,190537.76,190721.89,True,False
Emergent_constraint_contradiction_8d2c9c,Emergent_autonomy_carefully_8f6776,0.9116841169632965,190537.76,190742.41,True,False
Emergent_constraint_contradiction_8d2c9c,Emergent_autonomy_carefully_dedeae,0.9129377814287896,190537.76,190742.75,True,False
Emergent_constraint_contradiction_8d2c9c,Emergent_autonomy_bounded_ab8b66,0.9103863168410862,190537.76,190763.03,True,False
Emergent_constraint_contradiction_8d2c9c,Emergent_anticipation_autonomy_a66f28,0.9085021333266083,190537.76,190858.49,True,False
Emergent_constraint_contradiction_8d2c9c,Emergent_anticipation_bounded_ca71cc,0.9104572019429737,190537.76,190918.03,True,False
Emergent_constraint_contradiction_8d2c9c,Emergent_anticipation_bounded_2f7e1b,0.9104631780256571,190537.76,190918.37,True,False
Emergent_constraint_contradiction_8d2c9c,Emergent_autonomy_bounded_72bafc,0.9135546675674497,190537.76,190936.64,True,False
Emergent_constraint_contradiction_8d2c9c,Emergent_abstraction_ambiguity_94432c,0.9118910736829027,190537.76,190954.69,True,False
Emergent_constraint_contradiction_8d2c9c,Emergent_ambiguity_anticipation_961459,0.906652362787858,190537.76,190975.58,True,False
Emergent_constraint_contradiction_8d2c9c,Emergent_ambiguity_constraint_33311e,0.9089501054760256,190537.76,190995.91,True,False
Emergent_constraint_contradiction_8d2c9c,Emergent_abstraction_bounded_b74b81,0.9074518228397994,190537.76,191018.31,True,False
Emergent_constraint_contradiction_8d2c9c,Emergent_autonomy_bounded_94d9e2,0.9118990884630951,190537.76,191040.9,True,False
Emergent_constraint_contradiction_8d2c9c,Emergent_autonomy_carefully_659b9f,0.9125550293561646,190537.76,191060.09,True,False
Emergent_constraint_contradiction_8d2c9c,Emergent_autonomy_clarity_321c48,0.9056340068159736,190537.76,191082.87,True,False
Emergent_constraint_contradiction_8d2c9c,Emergent_autonomy_bounded_5ceb4c,0.904821660824491,190537.76,191125.51,True,False
Emergent_constraint_contradiction_8d2c9c,Emergent_bounded_increases_b9fad9,0.9078803948778766,190537.76,191145.88,True,False
Emergent_constraint_contradiction_8d2c9c,Emergent_carefully_coherence_6373e7,0.9060136738676356,190537.76,191168.45,True,False
Emergent_constraint_contradiction_8d2c9c,Emergent_carefully_linked_5110f6,0.9028935018155133,190537.76,191168.79,True,False
Emergent_constraint_contradiction_8d2c9c,Emergent_anticipation_bounded_db424c,0.9009760725839338,190537.76,191189.2,True,False
Emergent_constraint_contradiction_8d2c9c,Emergent_bounded_clarity_42b09f,0.8970593728287453,190537.76,191211.02,True,False
Emergent_constraint_contradiction_8d2c9c,Emergent_constraint_contradiction_66a818,0.923,190537.76,191298.86,True,False
Emergent_constraint_contradiction_8d2c9c,Emergent_belief_revision_bounded_349257,0.9264999999999999,190537.76,191315.51,True,False
Emergent_constraint_contradiction_8d2c9c,Emergent_belief_revision_carefully_a9d18e,0.895,190537.76,191350.85,True,False
Emergent_constraint_contradiction_8d2c9c,Emergent_bounded_connection_8dc0d7,0.9,190537.76,191371.53,True,False
Emergent_coherence_constraint_b926a8,Emergent_abstraction_clarity_81ead3,0.9099627137043198,190538.1,190556.64,True,False
Emergent_coherence_constraint_b926a8,Emergent_abstraction_autonomy_9d570d,0.9099627134927228,190538.1,190556.98,True,False
Emergent_coherence_constraint_b926a8,Emergent_bounded_coherence_717f45,0.9081203673873761,190538.1,190573.63,True,False
Emergent_coherence_constraint_b926a8,Emergent_bounded_increases_8c621b,0.9082656254739485,190538.1,190573.97,True,False
Emergent_coherence_constraint_b926a8,Emergent_anticipation_autonomy_eda74a,0.9099599958199411,190538.1,190592.51,True,False
Emergent_coherence_constraint_b926a8,Emergent_bounded_coherence_40a04d,0.9078813700148367,190538.1,190610.67,True,False
Emergent_coherence_constraint_b926a8,Emergent_appears_asymmetry_ecd8f7,0.9063861158406588,190538.1,190629.19,True,False
Emergent_coherence_constraint_b926a8,Emergent_anticipation_bounded_ed16fb,0.9099678240556455,190538.1,190646.48,True,False
Emergent_coherence_constraint_b926a8,Emergent_anticipation_autonomy_573275,0.9099664440960358,190538.1,190664.99,True,False
Emergent_coherence_constraint_b926a8,Emergent_anticipation_clarity_8a2f90,0.9099035963415203,190538.1,190683.35,True,False
Emergent_coherence_constraint_b926a8,Emergent_autonomy_collective_461851,0.9099484469929526,190538.1,190702.56,True,False
Emergent_coherence_constraint_b926a8,Emergent_collective_constraint_a92169,0.9099616564810638,190538.1,190702.9,True,False
Emergent_coherence_constraint_b926a8,Emergent_bounded_carefully_f79645,0.9099576332752046,190538.1,190721.89,True,False
Emergent_coherence_constraint_b926a8,Emergent_autonomy_carefully_8f6776,0.9099511502291977,190538.1,190742.41,True,False
Emergent_coherence_constraint_b926a8,Emergent_autonomy_carefully_dedeae,0.9099512344087288,190538.1,190742.75,True,False
Emergent_coherence_constraint_b926a8,Emergent_autonomy_bounded_ab8b66,0.909862970296742,190538.1,190763.03,True,False
Emergent_coherence_constraint_b926a8,Emergent_anticipation_autonomy_a66f28,0.9085021333266083,190538.1,190858.49,True,False
Emergent_coherence_constraint_b926a8,Emergent_anticipation_bounded_ca71cc,0.9073474952383234,190538.1,190918.03,True,False
Emergent_coherence_constraint_b926a8,Emergent_anticipation_bounded_2f7e1b,0.9073533610876552,190538.1,190918.37,True,False
Emergent_coherence_constraint_b926a8,Emergent_autonomy_bounded_72bafc,0.910527730136522,190538.1,190936.64,True,False
Emergent_coherence_constraint_b926a8,Emergent_abstraction_ambiguity_94432c,0.9105659916276876,190538.1,190954.69,True,False
Emergent_coherence_constraint_b926a8,Emergent_ambiguity_anticipation_961459,0.906652362787858,190538.1,190975.58,True,False
Emergent_coherence_constraint_b926a8,Emergent_ambiguity_constraint_33311e,0.9089501054760256,190538.1,190995.91,True,False
Emergent_coherence_constraint_b926a8,Emergent_abstraction_bounded_b74b81,0.9074518228397994,190538.1,191018.31,True,False
Emergent_coherence_constraint_b926a8,Emergent_autonomy_bounded_94d9e2,0.9094408913651024,190538.1,191040.9,True,False
Emergent_coherence_constraint_b926a8,Emergent_autonomy_carefully_659b9f,0.9095821289896022,190538.1,191060.09,True,False
Emergent_coherence_constraint_b926a8,Emergent_autonomy_clarity_321c48,0.9056340068159736,190538.1,191082.87,True,False
Emergent_coherence_constraint_b926a8,Emergent_autonomy_bounded_5ceb4c,0.904821660824491,190538.1,191125.51,True,False
Emergent_coherence_constraint_b926a8,Emergent_bounded_increases_b9fad9,0.9066420804796023,190538.1,191145.88,True,False
Emergent_coherence_constraint_b926a8,Emergent_carefully_coherence_6373e7,0.9041714514796024,190538.1,191168.45,True,False
Emergent_coherence_constraint_b926a8,Emergent_carefully_linked_5110f6,0.9028935018155133,190538.1,191168.79,True,False
Emergent_coherence_constraint_b926a8,Emergent_anticipation_bounded_db424c,0.9006419814796023,190538.1,191189.2,True,False
Emergent_coherence_constraint_b926a8,Emergent_bounded_clarity_42b09f,0.8955998814796022,190538.1,191211.02,True,False
Emergent_coherence_constraint_b926a8,Emergent_constraint_contradiction_66a818,0.923,190538.1,191298.86,True,False
Emergent_coherence_constraint_b926a8,Emergent_belief_revision_bounded_349257,0.9264999999999999,190538.1,191315.51,True,False
Emergent_coherence_constraint_b926a8,Emergent_belief_revision_carefully_a9d18e,0.895,190538.1,191350.85,True,False
Emergent_coherence_constraint_b926a8,Emergent_bounded_connection_8dc0d7,0.9,190538.1,191371.53,True,False
Emergent_abstraction_clarity_81ead3,Emergent_abstraction_autonomy_9d570d,0.9110060574022774,190556.64,190556.98,True,False
Emergent_abstraction_clarity_81ead3,Emergent_bounded_coherence_717f45,0.9081203673873761,190556.64,190573.63,True,False
Emergent_abstraction_clarity_81ead3,Emergent_bounded_increases_8c621b,0.9082656254739485,190556.64,190573.97,True,False
Emergent_abstraction_clarity_81ead3,Emergent_anticipation_autonomy_eda74a,0.9110373903383133,190556.64,190592.51,True,False
Emergent_abstraction_clarity_81ead3,Emergent_bounded_coherence_40a04d,0.9078813700148367,190556.64,190610.67,True,False
Emergent_abstraction_clarity_81ead3,Emergent_appears_asymmetry_ecd8f7,0.9063861158406588,190556.64,190629.19,True,False
Emergent_abstraction_clarity_81ead3,Emergent_anticipation_bounded_ed16fb,0.9102170089021393,190556.64,190646.48,True,False
Emergent_abstraction_clarity_81ead3,Emergent_anticipation_autonomy_573275,0.9101960696947411,190556.64,190664.99,True,False
Emergent_abstraction_clarity_81ead3,Emergent_anticipation_clarity_8a2f90,0.9099035963415203,190556.64,190683.35,True,False
Emergent_abstraction_clarity_81ead3,Emergent_autonomy_collective_461851,0.9099484469929526,190556.64,190702.56,True,False
Emergent_abstraction_clarity_81ead3,Emergent_collective_constraint_a92169,0.911038930986537,190556.64,190702.9,True,False
Emergent_abstraction_clarity_81ead3,Emergent_bounded_carefully_f79645,0.9110349077806781,190556.64,190721.89,True,False
Emergent_abstraction_clarity_81ead3,Emergent_autonomy_carefully_8f6776,0.9110284119312042,190556.64,190742.41,True,False
Emergent_abstraction_clarity_81ead3,Emergent_autonomy_carefully_dedeae,0.9110284975759022,190556.64,190742.75,True,False
Emergent_abstraction_clarity_81ead3,Emergent_autonomy_bounded_ab8b66,0.9103863168410862,190556.64,190763.03,True,False
Emergent_abstraction_clarity_81ead3,Emergent_anticipation_autonomy_a66f28,0.9085021333266083,190556.64,190858.49,True,False
Emergent_abstraction_clarity_81ead3,Emergent_anticipation_bounded_ca71cc,0.9084290694687445,190556.64,190918.03,True,False
Emergent_abstraction_clarity_81ead3,Emergent_anticipation_bounded_2f7e1b,0.9084349736578823,190556.64,190918.37,True,False
Emergent_abstraction_clarity_81ead3,Emergent_autonomy_bounded_72bafc,0.9115920014353576,190556.64,190936.64,True,False
Emergent_abstraction_clarity_81ead3,Emergent_abstraction_ambiguity_94432c,0.911630338645276,190556.64,190954.69,True,False
Emergent_abstraction_clarity_81ead3,Emergent_ambiguity_anticipation_961459,0.906652362787858,190556.64,190975.58,True,False
Emergent_abstraction_clarity_81ead3,Emergent_ambiguity_constraint_33311e,0.9089501054760256,190556.64,190995.91,True,False
Emergent_abstraction_clarity_81ead3,Emergent_abstraction_bounded_b74b81,0.9074518228397994,190556.64,191018.31,True,False
Emergent_abstraction_clarity_81ead3,Emergent_autonomy_bounded_94d9e2,0.9104748835487622,190556.64,191040.9,True,False
Emergent_abstraction_clarity_81ead3,Emergent_autonomy_carefully_659b9f,0.910616121173262,190556.64,191060.09,True,False
Emergent_abstraction_clarity_81ead3,Emergent_autonomy_clarity_321c48,0.9056340068159736,190556.64,191082.87,True,False
Emergent_abstraction_clarity_81ead3,Emergent_autonomy_bounded_5ceb4c,0.904821660824491,190556.64,191125.51,True,False
Emergent_abstraction_clarity_81ead3,Emergent_bounded_increases_b9fad9,0.907676072663262,190556.64,191145.88,True,False
Emergent_abstraction_clarity_81ead3,Emergent_carefully_coherence_6373e7,0.9052054436632622,190556.64,191168.45,True,False
Emergent_abstraction_clarity_81ead3,Emergent_carefully_linked_5110f6,0.9028935018155133,190556.64,191168.79,True,False
Emergent_abstraction_clarity_81ead3,Emergent_anticipation_bounded_db424c,0.9009760725839338,190556.64,191189.2,True,False
Emergent_abstraction_clarity_81ead3,Emergent_bounded_clarity_42b09f,0.896633873663262,190556.64,191211.02,True,False
Emergent_abstraction_clarity_81ead3,Emergent_constraint_contradiction_66a818,0.923,190556.64,191298.86,True,False
Emergent_abstraction_clarity_81ead3,Emergent_belief_revision_bounded_349257,0.9264999999999999,190556.64,191315.51,True,False
Emergent_abstraction_clarity_81ead3,Emergent_belief_revision_carefully_a9d18e,0.895,190556.64,191350.85,True,False
Emergent_abstraction_clarity_81ead3,Emergent_bounded_connection_8dc0d7,0.9,190556.64,191371.53,True,False
Emergent_abstraction_autonomy_9d570d,Emergent_bounded_coherence_717f45,0.9081203673873761,190556.98,190573.63,True,False
Emergent_abstraction_autonomy_9d570d,Emergent_bounded_increases_8c621b,0.9082656254739485,190556.98,190573.97,True,False
Emergent_abstraction_autonomy_9d570d,Emergent_anticipation_autonomy_eda74a,0.9110038023590254,190556.98,190592.51,True,False
Emergent_abstraction_autonomy_9d570d,Emergent_bounded_coherence_40a04d,0.9078813700148367,190556.98,190610.67,True,False
Emergent_abstraction_autonomy_9d570d,Emergent_appears_asymmetry_ecd8f7,0.9063861158406588,190556.98,190629.19,True,False
Emergent_abstraction_autonomy_9d570d,Emergent_anticipation_bounded_ed16fb,0.9102170089021393,190556.98,190646.48,True,False
Emergent_abstraction_autonomy_9d570d,Emergent_anticipation_autonomy_573275,0.9101960696947411,190556.98,190664.99,True,False
Emergent_abstraction_autonomy_9d570d,Emergent_anticipation_clarity_8a2f90,0.9099035963415203,190556.98,190683.35,True,False
Emergent_abstraction_autonomy_9d570d,Emergent_autonomy_collective_461851,0.9099484469929526,190556.98,190702.56,True,False
Emergent_abstraction_autonomy_9d570d,Emergent_collective_constraint_a92169,0.9110053467486741,190556.98,190702.9,True,False
Emergent_abstraction_autonomy_9d570d,Emergent_bounded_carefully_f79645,0.9110013235428149,190556.98,190721.89,True,False
Emergent_abstraction_autonomy_9d570d,Emergent_autonomy_carefully_8f6776,0.9109948280924918,190556.98,190742.41,True,False
Emergent_abstraction_autonomy_9d570d,Emergent_autonomy_carefully_dedeae,0.9109949136915128,190556.98,190742.75,True,False
Emergent_abstraction_autonomy_9d570d,Emergent_autonomy_bounded_ab8b66,0.9103863168410862,190556.98,190763.03,True,False
Emergent_abstraction_autonomy_9d570d,Emergent_anticipation_autonomy_a66f28,0.9085021333266083,190556.98,190858.49,True,False
Emergent_abstraction_autonomy_9d570d,Emergent_anticipation_bounded_ca71cc,0.9083953511861373,190556.98,190918.03,True,False
Emergent_abstraction_autonomy_9d570d,Emergent_anticipation_bounded_2f7e1b,0.9084012541800246,190556.98,190918.37,True,False
Emergent_abstraction_autonomy_9d570d,Emergent_autonomy_bounded_72bafc,0.9115588225749378,190556.98,190936.64,True,False
Emergent_abstraction_autonomy_9d570d,Emergent_abstraction_ambiguity_94432c,0.9115971574243098,190556.98,190954.69,True,False
Emergent_abstraction_autonomy_9d570d,Emergent_ambiguity_anticipation_961459,0.906652362787858,190556.98,190975.58,True,False
Emergent_abstraction_autonomy_9d570d,Emergent_ambiguity_constraint_33311e,0.9089501054760256,190556.98,190995.91,True,False
Emergent_abstraction_autonomy_9d570d,Emergent_abstraction_bounded_b74b81,0.9074518228397994,190556.98,191018.31,True,False
Emergent_abstraction_autonomy_9d570d,Emergent_autonomy_bounded_94d9e2,0.9104426486455242,190556.98,191040.9,True,False
Emergent_abstraction_autonomy_9d570d,Emergent_autonomy_carefully_659b9f,0.9105838862700242,190556.98,191060.09,True,False
Emergent_abstraction_autonomy_9d570d,Emergent_autonomy_clarity_321c48,0.9056340068159736,190556.98,191082.87,True,False
Emergent_abstraction_autonomy_9d570d,Emergent_autonomy_bounded_5ceb4c,0.904821660824491,190556.98,191125.51,True,False
Emergent_abstraction_autonomy_9d570d,Emergent_bounded_increases_b9fad9,0.9076438377600242,190556.98,191145.88,True,False
Emergent_abstraction_autonomy_9d570d,Emergent_carefully_coherence_6373e7,0.9051732087600242,190556.98,191168.45,True,False
Emergent_abstraction_autonomy_9d570d,Emergent_carefully_linked_5110f6,0.9028935018155133,190556.98,191168.79,True,False
Emergent_abstraction_autonomy_9d570d,Emergent_anticipation_bounded_db424c,0.9009760725839338,190556.98,191189.2,True,False
Emergent_abstraction_autonomy_9d570d,Emergent_bounded_clarity_42b09f,0.8966016387600242,190556.98,191211.02,True,False
Emergent_abstraction_autonomy_9d570d,Emergent_constraint_contradiction_66a818,0.923,190556.98,191298.86,True,False
Emergent_abstraction_autonomy_9d570d,Emergent_belief_revision_bounded_349257,0.9264999999999999,190556.98,191315.51,True,False
Emergent_abstraction_autonomy_9d570d,Emergent_belief_revision_carefully_a9d18e,0.895,190556.98,191350.85,True,False
Emergent_abstraction_autonomy_9d570d,Emergent_bounded_connection_8dc0d7,0.9,190556.98,191371.53,True,False
Emergent_bounded_coherence_717f45,Emergent_bounded_increases_8c621b,0.9081195419272801,190573.63,190573.97,True,False
Emergent_bounded_coherence_717f45,Emergent_anticipation_autonomy_eda74a,0.90811593090335,190573.63,190592.51,True,False
Emergent_bounded_coherence_717f45,Emergent_bounded_coherence_40a04d,0.9078813700148367,190573.63,190610.67,True,False
Emergent_bounded_coherence_717f45,Emergent_appears_asymmetry_ecd8f7,0.9063861158406588,190573.63,190629.19,True,False
Emergent_bounded_coherence_717f45,Emergent_anticipation_bounded_ed16fb,0.9081241399875735,190573.63,190646.48,True,False
Emergent_bounded_coherence_717f45,Emergent_anticipation_autonomy_573275,0.9081227600279638,190573.63,190664.99,True,False
Emergent_bounded_coherence_717f45,Emergent_anticipation_clarity_8a2f90,0.9081207886570928,190573.63,190683.35,True,False
Emergent_bounded_coherence_717f45,Emergent_autonomy_collective_461851,0.9081179724129915,190573.63,190702.56,True,False
Emergent_bounded_coherence_717f45,Emergent_collective_constraint_a92169,0.9081179724129915,190573.63,190702.9,True,False
Emergent_bounded_coherence_717f45,Emergent_bounded_carefully_f79645,0.9081139492071326,190573.63,190721.89,True,False
Emergent_bounded_coherence_717f45,Emergent_autonomy_carefully_8f6776,0.9081074880734119,190573.63,190742.41,True,False
Emergent_bounded_coherence_717f45,Emergent_autonomy_carefully_dedeae,0.9081075697454073,190573.63,190742.75,True,False
Emergent_bounded_coherence_717f45,Emergent_autonomy_bounded_ab8b66,0.908016738869718,190573.63,190763.03,True,False
Emergent_bounded_coherence_717f45,Emergent_anticipation_autonomy_a66f28,0.9082121173974413,190573.63,190858.49,True,False
Emergent_bounded_coherence_717f45,Emergent_anticipation_bounded_ca71cc,0.9054964524753757,190573.63,190918.03,True,False
Emergent_bounded_coherence_717f45,Emergent_anticipation_bounded_2f7e1b,0.9055022527086651,190573.63,190918.37,True,False
Emergent_bounded_coherence_717f45,Emergent_autonomy_bounded_72bafc,0.9087063001966134,190573.63,190936.64,True,False
Emergent_bounded_coherence_717f45,Emergent_abstraction_ambiguity_94432c,0.9087444321001403,190573.63,190954.69,True,False
Emergent_bounded_coherence_717f45,Emergent_ambiguity_anticipation_961459,0.9056786406786779,190573.63,190975.58,True,False
Emergent_bounded_coherence_717f45,Emergent_ambiguity_constraint_33311e,0.9089501054760256,190573.63,190995.91,True,False
Emergent_bounded_coherence_717f45,Emergent_abstraction_bounded_b74b81,0.9074518228397994,190573.63,191018.31,True,False
Emergent_bounded_coherence_717f45,Emergent_autonomy_bounded_94d9e2,0.9076712821282373,190573.63,191040.9,True,False
Emergent_bounded_coherence_717f45,Emergent_autonomy_carefully_659b9f,0.9078125197527374,190573.63,191060.09,True,False
Emergent_bounded_coherence_717f45,Emergent_autonomy_clarity_321c48,0.9056340068159736,190573.63,191082.87,True,False
Emergent_bounded_coherence_717f45,Emergent_autonomy_bounded_5ceb4c,0.9045842311927372,190573.63,191125.51,True,False
Emergent_bounded_coherence_717f45,Emergent_bounded_increases_b9fad9,0.9048724712427374,190573.63,191145.88,True,False
Emergent_bounded_coherence_717f45,Emergent_carefully_coherence_6373e7,0.9024018422427373,190573.63,191168.45,True,False
Emergent_bounded_coherence_717f45,Emergent_carefully_linked_5110f6,0.9024018422427373,190573.63,191168.79,True,False
Emergent_bounded_coherence_717f45,Emergent_anticipation_bounded_db424c,0.8988723722427374,190573.63,191189.2,True,False
Emergent_bounded_coherence_717f45,Emergent_bounded_clarity_42b09f,0.8938302722427374,190573.63,191211.02,True,False
Emergent_bounded_coherence_717f45,Emergent_constraint_contradiction_66a818,0.923,190573.63,191298.86,True,False
Emergent_bounded_coherence_717f45,Emergent_belief_revision_bounded_349257,0.9264999999999999,190573.63,191315.51,True,False
Emergent_bounded_coherence_717f45,Emergent_belief_revision_carefully_a9d18e,0.895,190573.63,191350.85,True,False
Emergent_bounded_coherence_717f45,Emergent_bounded_connection_8dc0d7,0.9,190573.63,191371.53,True,False
Emergent_bounded_increases_8c621b,Emergent_anticipation_autonomy_eda74a,0.9082611960653271,190573.97,190592.51,True,False
Emergent_bounded_increases_8c621b,Emergent_bounded_coherence_40a04d,0.9078813700148367,190573.97,190610.67,True,False
Emergent_bounded_increases_8c621b,Emergent_appears_asymmetry_ecd8f7,0.9063861158406588,190573.97,190629.19,True,False
Emergent_bounded_increases_8c621b,Emergent_anticipation_bounded_ed16fb,0.9082693884717934,190573.97,190646.48,True,False
Emergent_bounded_increases_8c621b,Emergent_anticipation_autonomy_573275,0.9082680085121837,190573.97,190664.99,True,False
Emergent_bounded_increases_8c621b,Emergent_anticipation_clarity_8a2f90,0.9082660371413127,190573.97,190683.35,True,False
Emergent_bounded_increases_8c621b,Emergent_autonomy_collective_461851,0.9082632208972115,190573.97,190702.56,True,False
Emergent_bounded_increases_8c621b,Emergent_collective_constraint_a92169,0.9082632208972115,190573.97,190702.9,True,False
Emergent_bounded_increases_8c621b,Emergent_bounded_carefully_f79645,0.9082591976913525,190573.97,190721.89,True,False
Emergent_bounded_increases_8c621b,Emergent_autonomy_carefully_8f6776,0.9082527348313456,190573.97,190742.41,True,False
Emergent_bounded_increases_8c621b,Emergent_autonomy_carefully_dedeae,0.908252816700889,190573.97,190742.75,True,False
Emergent_bounded_increases_8c621b,Emergent_autonomy_bounded_ab8b66,0.9081621880390951,190573.97,190763.03,True,False
Emergent_bounded_increases_8c621b,Emergent_anticipation_autonomy_a66f28,0.9083565337242818,190573.97,190858.49,True,False
Emergent_bounded_increases_8c621b,Emergent_anticipation_bounded_ca71cc,0.9056422806897646,190573.97,190918.03,True,False
Emergent_bounded_increases_8c621b,Emergent_anticipation_bounded_2f7e1b,0.9056480860923946,190573.97,190918.37,True,False
Emergent_bounded_increases_8c621b,Emergent_autonomy_bounded_72bafc,0.9088497954637613,190573.97,190936.64,True,False
Emergent_bounded_increases_8c621b,Emergent_abstraction_ambiguity_94432c,0.9088879375764172,190573.97,190954.69,True,False
Emergent_bounded_increases_8c621b,Emergent_ambiguity_anticipation_961459,0.9058296481188102,190573.97,190975.58,True,False
Emergent_bounded_increases_8c621b,Emergent_ambiguity_constraint_33311e,0.9089501054760256,190573.97,190995.91,True,False
Emergent_bounded_increases_8c621b,Emergent_abstraction_bounded_b74b81,0.9074518228397994,190573.97,191018.31,True,False
Emergent_bounded_increases_8c621b,Emergent_autonomy_bounded_94d9e2,0.9078106948745788,190573.97,191040.9,True,False
Emergent_bounded_increases_8c621b,Emergent_autonomy_carefully_659b9f,0.907951932499079,190573.97,191060.09,True,False
Emergent_bounded_increases_8c621b,Emergent_autonomy_clarity_321c48,0.9056340068159736,190573.97,191082.87,True,False
Emergent_bounded_increases_8c621b,Emergent_autonomy_bounded_5ceb4c,0.9047236439390789,190573.97,191125.51,True,False
Emergent_bounded_increases_8c621b,Emergent_bounded_increases_b9fad9,0.9050118839890791,190573.97,191145.88,True,False
Emergent_bounded_increases_8c621b,Emergent_carefully_coherence_6373e7,0.902541254989079,190573.97,191168.45,True,False
Emergent_bounded_increases_8c621b,Emergent_carefully_linked_5110f6,0.902541254989079,190573.97,191168.79,True,False
Emergent_bounded_increases_8c621b,Emergent_anticipation_bounded_db424c,0.8990117849890789,190573.97,191189.2,True,False
Emergent_bounded_increases_8c621b,Emergent_bounded_clarity_42b09f,0.893969684989079,190573.97,191211.02,True,False
Emergent_bounded_increases_8c621b,Emergent_constraint_contradiction_66a818,0.923,190573.97,191298.86,True,False
Emergent_bounded_increases_8c621b,Emergent_belief_revision_bounded_349257,0.9264999999999999,190573.97,191315.51,True,False
Emergent_bounded_increases_8c621b,Emergent_belief_revision_carefully_a9d18e,0.895,190573.97,191350.85,True,False
Emergent_bounded_increases_8c621b,Emergent_bounded_connection_8dc0d7,0.9,190573.97,191371.53,True,False
Emergent_anticipation_autonomy_eda74a,Emergent_bounded_coherence_40a04d,0.907880912443219,190592.51,190610.67,True,False
Emergent_anticipation_autonomy_eda74a,Emergent_appears_asymmetry_ecd8f7,0.9063861158406588,190592.51,190629.19,True,False
Emergent_anticipation_autonomy_eda74a,Emergent_anticipation_bounded_ed16fb,0.9102170089021393,190592.51,190646.48,True,False
Emergent_anticipation_autonomy_eda74a,Emergent_anticipation_autonomy_573275,0.9101960696947411,190592.51,190664.99,True,False
Emergent_anticipation_autonomy_eda74a,Emergent_anticipation_clarity_8a2f90,0.9099035963415203,190592.51,190683.35,True,False
Emergent_anticipation_autonomy_eda74a,Emergent_autonomy_collective_461851,0.9099484469929526,190592.51,190702.56,True,False
Emergent_anticipation_autonomy_eda74a,Emergent_collective_constraint_a92169,0.9116112718282086,190592.51,190702.9,True,False
Emergent_anticipation_autonomy_eda74a,Emergent_bounded_carefully_f79645,0.9116072486223497,190592.51,190721.89,True,False
Emergent_anticipation_autonomy_eda74a,Emergent_autonomy_carefully_8f6776,0.9116007459705737,190592.51,190742.41,True,False
Emergent_anticipation_autonomy_eda74a,Emergent_autonomy_carefully_dedeae,0.9116008323936939,190592.51,190742.75,True,False
Emergent_anticipation_autonomy_eda74a,Emergent_autonomy_bounded_ab8b66,0.9103863168410862,190592.51,190763.03,True,False
Emergent_anticipation_autonomy_eda74a,Emergent_anticipation_autonomy_a66f28,0.9085021333266083,190592.51,190858.49,True,False
Emergent_anticipation_autonomy_eda74a,Emergent_anticipation_bounded_ca71cc,0.9090036946939999,190592.51,190918.03,True,False
Emergent_anticipation_autonomy_eda74a,Emergent_anticipation_bounded_2f7e1b,0.9090096192525392,190592.51,190918.37,True,False
Emergent_anticipation_autonomy_eda74a,Emergent_autonomy_bounded_72bafc,0.9121574338556437,190592.51,190936.64,True,False
Emergent_anticipation_autonomy_eda74a,Emergent_abstraction_ambiguity_94432c,0.9118910736829027,190592.51,190954.69,True,False
Emergent_anticipation_autonomy_eda74a,Emergent_ambiguity_anticipation_961459,0.906652362787858,190592.51,190975.58,True,False
Emergent_anticipation_autonomy_eda74a,Emergent_ambiguity_constraint_33311e,0.9089501054760256,190592.51,190995.91,True,False
Emergent_anticipation_autonomy_eda74a,Emergent_abstraction_bounded_b74b81,0.9074518228397994,190592.51,191018.31,True,False
Emergent_anticipation_autonomy_eda74a,Emergent_autonomy_bounded_94d9e2,0.9110242290996602,190592.51,191040.9,True,False
Emergent_anticipation_autonomy_eda74a,Emergent_autonomy_carefully_659b9f,0.9111654667241602,190592.51,191060.09,True,False
Emergent_anticipation_autonomy_eda74a,Emergent_autonomy_clarity_321c48,0.9056340068159736,190592.51,191082.87,True,False
Emergent_anticipation_autonomy_eda74a,Emergent_autonomy_bounded_5ceb4c,0.904821660824491,190592.51,191125.51,True,False
Emergent_anticipation_autonomy_eda74a,Emergent_bounded_increases_b9fad9,0.9078803948778766,190592.51,191145.88,True,False
Emergent_anticipation_autonomy_eda74a,Emergent_carefully_coherence_6373e7,0.9057547892141602,190592.51,191168.45,True,False
Emergent_anticipation_autonomy_eda74a,Emergent_carefully_linked_5110f6,0.9028935018155133,190592.51,191168.79,True,False
Emergent_anticipation_autonomy_eda74a,Emergent_anticipation_bounded_db424c,0.9009760725839338,190592.51,191189.2,True,False
Emergent_anticipation_autonomy_eda74a,Emergent_bounded_clarity_42b09f,0.8970593728287453,190592.51,191211.02,True,False
Emergent_anticipation_autonomy_eda74a,Emergent_constraint_contradiction_66a818,0.923,190592.51,191298.86,True,False
Emergent_anticipation_autonomy_eda74a,Emergent_belief_revision_bounded_349257,0.9264999999999999,190592.51,191315.51,True,False
Emergent_anticipation_autonomy_eda74a,Emergent_belief_revision_carefully_a9d18e,0.895,190592.51,191350.85,True,False
Emergent_anticipation_autonomy_eda74a,Emergent_bounded_connection_8dc0d7,0.9,190592.51,191371.53,True,False
Emergent_bounded_coherence_40a04d,Emergent_appears_asymmetry_ecd8f7,0.9063857121690668,190610.67,190629.19,True,False
Emergent_bounded_coherence_40a04d,Emergent_anticipation_bounded_ed16fb,0.9078843012183981,190610.67,190646.48,True,False
Emergent_bounded_coherence_40a04d,Emergent_anticipation_autonomy_573275,0.9078829212587884,190610.67,190664.99,True,False
Emergent_bounded_coherence_40a04d,Emergent_anticipation_clarity_8a2f90,0.9078809498879175,190610.67,190683.35,True,False
Emergent_bounded_coherence_40a04d,Emergent_autonomy_collective_461851,0.9078781336438162,190610.67,190702.56,True,False
Emergent_bounded_coherence_40a04d,Emergent_collective_constraint_a92169,0.9078781336438162,190610.67,190702.9,True,False
Emergent_bounded_coherence_40a04d,Emergent_bounded_carefully_f79645,0.9078741104379573,190610.67,190721.89,True,False
Emergent_bounded_coherence_40a04d,Emergent_autonomy_carefully_8f6776,0.9078676521547335,190610.67,190742.41,True,False
Emergent_bounded_coherence_40a04d,Emergent_autonomy_carefully_dedeae,0.9078677335005321,190610.67,190742.75,True,False
Emergent_bounded_coherence_40a04d,Emergent_autonomy_bounded_ab8b66,0.9077765687230328,190610.67,190763.03,True,False
Emergent_bounded_coherence_40a04d,Emergent_anticipation_autonomy_a66f28,0.9079736527121525,190610.67,190858.49,True,False
Emergent_bounded_coherence_40a04d,Emergent_anticipation_bounded_ca71cc,0.905255656437896,190610.67,190918.03,True,False
Emergent_bounded_coherence_40a04d,Emergent_anticipation_bounded_2f7e1b,0.9052614481354111,190610.67,190918.37,True,False
Emergent_bounded_coherence_40a04d,Emergent_autonomy_bounded_72bafc,0.9084693563934465,190610.67,190936.64,True,False
Emergent_bounded_coherence_40a04d,Emergent_abstraction_ambiguity_94432c,0.908507471439346,190610.67,190954.69,True,False
Emergent_bounded_coherence_40a04d,Emergent_ambiguity_anticipation_961459,0.9054292925441887,190610.67,190975.58,True,False
Emergent_bounded_coherence_40a04d,Emergent_ambiguity_constraint_33311e,0.9089501054760256,190610.67,190995.91,True,False
Emergent_bounded_coherence_40a04d,Emergent_abstraction_bounded_b74b81,0.9074518228397994,190610.67,191018.31,True,False
Emergent_bounded_coherence_40a04d,Emergent_autonomy_bounded_94d9e2,0.9074410795091223,190610.67,191040.9,True,False
Emergent_bounded_coherence_40a04d,Emergent_autonomy_carefully_659b9f,0.9075823171336221,190610.67,191060.09,True,False
Emergent_bounded_coherence_40a04d,Emergent_autonomy_clarity_321c48,0.9056340068159736,190610.67,191082.87,True,False
Emergent_bounded_coherence_40a04d,Emergent_autonomy_bounded_5ceb4c,0.9043540285736222,190610.67,191125.51,True,False
Emergent_bounded_coherence_40a04d,Emergent_bounded_increases_b9fad9,0.9046422686236222,190610.67,191145.88,True,False
Emergent_bounded_coherence_40a04d,Emergent_carefully_coherence_6373e7,0.9021716396236221,190610.67,191168.45,True,False
Emergent_bounded_coherence_40a04d,Emergent_carefully_linked_5110f6,0.9021716396236221,190610.67,191168.79,True,False
Emergent_bounded_coherence_40a04d,Emergent_anticipation_bounded_db424c,0.8986421696236222,190610.67,191189.2,True,False
Emergent_bounded_coherence_40a04d,Emergent_bounded_clarity_42b09f,0.8936000696236222,190610.67,191211.02,True,False
Emergent_bounded_coherence_40a04d,Emergent_constraint_contradiction_66a818,0.923,190610.67,191298.86,True,False
Emergent_bounded_coherence_40a04d,Emergent_belief_revision_bounded_349257,0.9264999999999999,190610.67,191315.51,True,False
Emergent_bounded_coherence_40a04d,Emergent_belief_revision_carefully_a9d18e,0.895,190610.67,191350.85,True,False
Emergent_bounded_coherence_40a04d,Emergent_bounded_connection_8dc0d7,0.9,190610.67,191371.53,True,False
Emergent_appears_asymmetry_ecd8f7,Emergent_anticipation_bounded_ed16fb,0.9063981820830158,190629.19,190646.48,True,False
Emergent_appears_asymmetry_ecd8f7,Emergent_anticipation_autonomy_573275,0.9063985721416967,190629.19,190664.99,True,False
Emergent_appears_asymmetry_ecd8f7,Emergent_anticipation_clarity_8a2f90,0.9063966007708255,190629.19,190683.35,True,False
Emergent_appears_asymmetry_ecd8f7,Emergent_autonomy_collective_461851,0.9063937845267245,190629.19,190702.56,True,False
Emergent_appears_asymmetry_ecd8f7,Emergent_collective_constraint_a92169,0.9063937845267245,190629.19,190702.9,True,False
Emergent_appears_asymmetry_ecd8f7,Emergent_bounded_carefully_f79645,0.9063897613208654,190629.19,190721.89,True,False
Emergent_appears_asymmetry_ecd8f7,Emergent_autonomy_carefully_8f6776,0.9063833206792125,190629.19,190742.41,True,False
Emergent_appears_asymmetry_ecd8f7,Emergent_autonomy_carefully_dedeae,0.9063834000061952,190629.19,190742.75,True,False
Emergent_appears_asymmetry_ecd8f7,Emergent_autonomy_bounded_ab8b66,0.9062901687285285,190629.19,190763.03,True,False
Emergent_appears_asymmetry_ecd8f7,Emergent_anticipation_autonomy_a66f28,0.9064978077256085,190629.19,190858.49,True,False
Emergent_appears_asymmetry_ecd8f7,Emergent_anticipation_bounded_ca71cc,0.903765382839256,190629.19,190918.03,True,False
Emergent_appears_asymmetry_ecd8f7,Emergent_anticipation_bounded_2f7e1b,0.9037711217093283,190629.19,190918.37,True,False
Emergent_appears_asymmetry_ecd8f7,Emergent_autonomy_bounded_72bafc,0.9070029240637605,190629.19,190936.64,True,False
Emergent_appears_asymmetry_ecd8f7,Emergent_abstraction_ambiguity_94432c,0.9070409347787176,190629.19,190954.69,True,False
Emergent_appears_asymmetry_ecd8f7,Emergent_ambiguity_anticipation_961459,0.9038860904816104,190629.19,190975.58,True,False
Emergent_appears_asymmetry_ecd8f7,Emergent_ambiguity_constraint_33311e,0.9075982293958262,190629.19,190995.91,True,False
Emergent_appears_asymmetry_ecd8f7,Emergent_abstraction_bounded_b74b81,0.9070050313729263,190629.19,191018.31,True,False
Emergent_appears_asymmetry_ecd8f7,Emergent_autonomy_bounded_94d9e2,0.9060163680014262,190629.19,191040.9,True,False
Emergent_appears_asymmetry_ecd8f7,Emergent_autonomy_carefully_659b9f,0.9061576056259264,190629.19,191060.09,True,False
Emergent_appears_asymmetry_ecd8f7,Emergent_autonomy_clarity_321c48,0.9049469974159263,190629.19,191082.87,True,False
Emergent_appears_asymmetry_ecd8f7,Emergent_autonomy_bounded_5ceb4c,0.9029293170659263,190629.19,191125.51,True,False
Emergent_appears_asymmetry_ecd8f7,Emergent_bounded_increases_b9fad9,0.9032175571159262,190629.19,191145.88,True,False
Emergent_appears_asymmetry_ecd8f7,Emergent_carefully_coherence_6373e7,0.9007469281159264,190629.19,191168.45,True,False
Emergent_appears_asymmetry_ecd8f7,Emergent_carefully_linked_5110f6,0.9007469281159264,190629.19,191168.79,True,False
Emergent_appears_asymmetry_ecd8f7,Emergent_anticipation_bounded_db424c,0.8972174581159262,190629.19,191189.2,True,False
Emergent_appears_asymmetry_ecd8f7,Emergent_bounded_clarity_42b09f,0.8921753581159264,190629.19,191211.02,True,False
Emergent_appears_asymmetry_ecd8f7,Emergent_constraint_contradiction_66a818,0.923,190629.19,191298.86,True,False
Emergent_appears_asymmetry_ecd8f7,Emergent_belief_revision_bounded_349257,0.9264999999999999,190629.19,191315.51,True,False
Emergent_appears_asymmetry_ecd8f7,Emergent_belief_revision_carefully_a9d18e,0.895,190629.19,191350.85,True,False
Emergent_appears_asymmetry_ecd8f7,Emergent_bounded_connection_8dc0d7,0.9,190629.19,191371.53,True,False
Emergent_anticipation_bounded_ed16fb,Emergent_anticipation_autonomy_573275,0.9101960696947411,190646.48,190664.99,True,False
Emergent_anticipation_bounded_ed16fb,Emergent_anticipation_clarity_8a2f90,0.9099035963415203,190646.48,190683.35,True,False
Emergent_anticipation_bounded_ed16fb,Emergent_autonomy_collective_461851,0.9099484469929526,190646.48,190702.56,True,False
Emergent_anticipation_bounded_ed16fb,Emergent_collective_constraint_a92169,0.9102108413275574,190646.48,190702.9,True,False
Emergent_anticipation_bounded_ed16fb,Emergent_bounded_carefully_f79645,0.9102068181216985,190646.48,190721.89,True,False
Emergent_anticipation_bounded_ed16fb,Emergent_autonomy_carefully_8f6776,0.9102003321141159,190646.48,190742.41,True,False
Emergent_anticipation_bounded_ed16fb,Emergent_autonomy_carefully_dedeae,0.9102004166325555,190646.48,190742.75,True,False
Emergent_anticipation_bounded_ed16fb,Emergent_autonomy_bounded_ab8b66,0.91011249943392,190646.48,190763.03,True,False
Emergent_anticipation_bounded_ed16fb,Emergent_anticipation_autonomy_a66f28,0.9085021333266083,190646.48,190858.49,True,False
Emergent_anticipation_bounded_ed16fb,Emergent_anticipation_bounded_ca71cc,0.9075976746561132,190646.48,190918.03,True,False
Emergent_anticipation_bounded_ed16fb,Emergent_anticipation_bounded_2f7e1b,0.9076035493738426,190646.48,190918.37,True,False
Emergent_anticipation_bounded_ed16fb,Emergent_autonomy_bounded_72bafc,0.9107739072054868,190646.48,190936.64,True,False
Emergent_anticipation_bounded_ed16fb,Emergent_abstraction_ambiguity_94432c,0.9108121862111909,190646.48,190954.69,True,False
Emergent_anticipation_bounded_ed16fb,Emergent_ambiguity_anticipation_961459,0.906652362787858,190646.48,190975.58,True,False
Emergent_anticipation_bounded_ed16fb,Emergent_ambiguity_constraint_33311e,0.9089501054760256,190646.48,190995.91,True,False
Emergent_anticipation_bounded_ed16fb,Emergent_abstraction_bounded_b74b81,0.9074518228397994,190646.48,191018.31,True,False
Emergent_anticipation_bounded_ed16fb,Emergent_autonomy_bounded_94d9e2,0.9096800645584266,190646.48,191040.9,True,False
Emergent_anticipation_bounded_ed16fb,Emergent_autonomy_carefully_659b9f,0.9098213021829267,190646.48,191060.09,True,False
Emergent_anticipation_bounded_ed16fb,Emergent_autonomy_clarity_321c48,0.9056340068159736,190646.48,191082.87,True,False
Emergent_anticipation_bounded_ed16fb,Emergent_autonomy_bounded_5ceb4c,0.904821660824491,190646.48,191125.51,True,False
Emergent_anticipation_bounded_ed16fb,Emergent_bounded_increases_b9fad9,0.9068812536729267,190646.48,191145.88,True,False
Emergent_anticipation_bounded_ed16fb,Emergent_carefully_coherence_6373e7,0.9044106246729267,190646.48,191168.45,True,False
Emergent_anticipation_bounded_ed16fb,Emergent_carefully_linked_5110f6,0.9028935018155133,190646.48,191168.79,True,False
Emergent_anticipation_bounded_ed16fb,Emergent_anticipation_bounded_db424c,0.9008811546729267,190646.48,191189.2,True,False
Emergent_anticipation_bounded_ed16fb,Emergent_bounded_clarity_42b09f,0.8958390546729267,190646.48,191211.02,True,False
Emergent_anticipation_bounded_ed16fb,Emergent_constraint_contradiction_66a818,0.923,190646.48,191298.86,True,False
Emergent_anticipation_bounded_ed16fb,Emergent_belief_revision_bounded_349257,0.9264999999999999,190646.48,191315.51,True,False
Emergent_anticipation_bounded_ed16fb,Emergent_belief_revision_carefully_a9d18e,0.895,190646.48,191350.85,True,False
Emergent_anticipation_bounded_ed16fb,Emergent_bounded_connection_8dc0d7,0.9,190646.48,191371.53,True,False
Emergent_anticipation_autonomy_573275,Emergent_anticipation_clarity_8a2f90,0.9099035963415203,190664.99,190683.35,True,False
Emergent_anticipation_autonomy_573275,Emergent_autonomy_collective_461851,0.9099484469929526,190664.99,190702.56,True,False
Emergent_anticipation_autonomy_573275,Emergent_collective_constraint_a92169,0.9101912820797688,190664.99,190702.9,True,False
Emergent_anticipation_autonomy_573275,Emergent_bounded_carefully_f79645,0.9101872588739097,190664.99,190721.89,True,False
Emergent_anticipation_autonomy_573275,Emergent_autonomy_carefully_8f6776,0.9101807730987901,190664.99,190742.41,True,False
Emergent_anticipation_autonomy_573275,Emergent_autonomy_carefully_dedeae,0.9101808575906276,190664.99,190742.75,True,False
Emergent_anticipation_autonomy_573275,Emergent_autonomy_bounded_ab8b66,0.9100929131617481,190664.99,190763.03,True,False
Emergent_anticipation_autonomy_573275,Emergent_anticipation_autonomy_a66f28,0.9085021333266083,190664.99,190858.49,True,False
Emergent_anticipation_autonomy_573275,Emergent_anticipation_bounded_ca71cc,0.9075780373415132,190664.99,190918.03,True,False
Emergent_anticipation_autonomy_573275,Emergent_anticipation_bounded_2f7e1b,0.9075839113631361,190664.99,190918.37,True,False
Emergent_anticipation_autonomy_573275,Emergent_autonomy_bounded_72bafc,0.9107545840469582,190664.99,190936.64,True,False
Emergent_anticipation_autonomy_573275,Emergent_abstraction_ambiguity_94432c,0.9107928616778946,190664.99,190954.69,True,False
Emergent_anticipation_autonomy_573275,Emergent_ambiguity_anticipation_961459,0.906652362787858,190664.99,190975.58,True,False
Emergent_anticipation_autonomy_573275,Emergent_ambiguity_constraint_33311e,0.9089501054760256,190664.99,190995.91,True,False
Emergent_anticipation_autonomy_573275,Emergent_abstraction_bounded_b74b81,0.9074518228397994,190664.99,191018.31,True,False
Emergent_anticipation_autonomy_573275,Emergent_autonomy_bounded_94d9e2,0.9096612911545923,190664.99,191040.9,True,False
Emergent_anticipation_autonomy_573275,Emergent_autonomy_carefully_659b9f,0.9098025287790923,190664.99,191060.09,True,False
Emergent_anticipation_autonomy_573275,Emergent_autonomy_clarity_321c48,0.9056340068159736,190664.99,191082.87,True,False
Emergent_anticipation_autonomy_573275,Emergent_autonomy_bounded_5ceb4c,0.904821660824491,190664.99,191125.51,True,False
Emergent_anticipation_autonomy_573275,Emergent_bounded_increases_b9fad9,0.9068624802690923,190664.99,191145.88,True,False
Emergent_anticipation_autonomy_573275,Emergent_carefully_coherence_6373e7,0.9043918512690923,190664.99,191168.45,True,False
Emergent_anticipation_autonomy_573275,Emergent_carefully_linked_5110f6,0.9028935018155133,190664.99,191168.79,True,False
Emergent_anticipation_autonomy_573275,Emergent_anticipation_bounded_db424c,0.9008623812690923,190664.99,191189.2,True,False
Emergent_anticipation_autonomy_573275,Emergent_bounded_clarity_42b09f,0.8958202812690923,190664.99,191211.02,True,False
Emergent_anticipation_autonomy_573275,Emergent_constraint_contradiction_66a818,0.923,190664.99,191298.86,True,False
Emergent_anticipation_autonomy_573275,Emergent_belief_revision_bounded_349257,0.9264999999999999,190664.99,191315.51,True,False
Emergent_anticipation_autonomy_573275,Emergent_belief_revision_carefully_a9d18e,0.895,190664.99,191350.85,True,False
Emergent_anticipation_autonomy_573275,Emergent_bounded_connection_8dc0d7,0.9,190664.99,191371.53,True,False
Emergent_anticipation_clarity_8a2f90,Emergent_autonomy_collective_461851,0.909900780097419,190683.35,190702.56,True,False
Emergent_anticipation_clarity_8a2f90,Emergent_collective_constraint_a92169,0.909900780097419,190683.35,190702.9,True,False
Emergent_anticipation_clarity_8a2f90,Emergent_bounded_carefully_f79645,0.9098967568915601,190683.35,190721.89,True,False
Emergent_anticipation_clarity_8a2f90,Emergent_autonomy_carefully_8f6776,0.9098902745690722,190683.35,190742.41,True,False
Emergent_anticipation_clarity_8a2f90,Emergent_autonomy_carefully_dedeae,0.9098903586658074,190683.35,190742.75,True,False
Emergent_anticipation_clarity_8a2f90,Emergent_autonomy_bounded_ab8b66,0.9098020098021569,190683.35,190763.03,True,False
Emergent_anticipation_clarity_8a2f90,Emergent_anticipation_autonomy_a66f28,0.9085021333266083,190683.35,190858.49,True,False
Emergent_anticipation_clarity_8a2f90,Emergent_anticipation_bounded_ca71cc,0.907286375878813,190683.35,190918.03,True,False
Emergent_anticipation_clarity_8a2f90,Emergent_anticipation_bounded_2f7e1b,0.9072922395615766,190683.35,190918.37,True,False
Emergent_anticipation_clarity_8a2f90,Emergent_autonomy_bounded_72bafc,0.9104675885592723,190683.35,190936.64,True,False
Emergent_anticipation_clarity_8a2f90,Emergent_abstraction_ambiguity_94432c,0.9105058457715991,190683.35,190954.69,True,False
Emergent_anticipation_clarity_8a2f90,Emergent_ambiguity_anticipation_961459,0.906652362787858,190683.35,190975.58,True,False
Emergent_anticipation_clarity_8a2f90,Emergent_ambiguity_constraint_33311e,0.9089501054760256,190683.35,190995.91,True,False
Emergent_anticipation_clarity_8a2f90,Emergent_abstraction_bounded_b74b81,0.9074518228397994,190683.35,191018.31,True,False
Emergent_anticipation_clarity_8a2f90,Emergent_autonomy_bounded_94d9e2,0.9093824608494461,190683.35,191040.9,True,False
Emergent_anticipation_clarity_8a2f90,Emergent_autonomy_carefully_659b9f,0.9095236984739461,190683.35,191060.09,True,False
Emergent_anticipation_clarity_8a2f90,Emergent_autonomy_clarity_321c48,0.9056340068159736,190683.35,191082.87,True,False
Emergent_anticipation_clarity_8a2f90,Emergent_autonomy_bounded_5ceb4c,0.904821660824491,190683.35,191125.51,True,False
Emergent_anticipation_clarity_8a2f90,Emergent_bounded_increases_b9fad9,0.9065836499639461,190683.35,191145.88,True,False
Emergent_anticipation_clarity_8a2f90,Emergent_carefully_coherence_6373e7,0.9041130209639461,190683.35,191168.45,True,False
Emergent_anticipation_clarity_8a2f90,Emergent_carefully_linked_5110f6,0.9028935018155133,190683.35,191168.79,True,False
Emergent_anticipation_clarity_8a2f90,Emergent_anticipation_bounded_db424c,0.9005835509639462,190683.35,191189.2,True,False
Emergent_anticipation_clarity_8a2f90,Emergent_bounded_clarity_42b09f,0.8955414509639461,190683.35,191211.02,True,False
Emergent_anticipation_clarity_8a2f90,Emergent_constraint_contradiction_66a818,0.923,190683.35,191298.86,True,False
Emergent_anticipation_clarity_8a2f90,Emergent_belief_revision_bounded_349257,0.9264999999999999,190683.35,191315.51,True,False
Emergent_anticipation_clarity_8a2f90,Emergent_belief_revision_carefully_a9d18e,0.895,190683.35,191350.85,True,False
Emergent_anticipation_clarity_8a2f90,Emergent_bounded_connection_8dc0d7,0.9,190683.35,191371.53,True,False
Emergent_autonomy_collective_461851,Emergent_collective_constraint_a92169,0.9099390595126149,190702.56,190702.9,True,False
Emergent_autonomy_collective_461851,Emergent_bounded_carefully_f79645,0.9099444237870935,190702.56,190721.89,True,False
Emergent_autonomy_collective_461851,Emergent_autonomy_carefully_8f6776,0.9099379408980821,190702.56,190742.41,True,False
Emergent_autonomy_collective_461851,Emergent_autonomy_carefully_dedeae,0.9099380250596474,190702.56,190742.75,True,False
Emergent_autonomy_collective_461851,Emergent_autonomy_bounded_ab8b66,0.9098497425575061,190702.56,190763.03,True,False
Emergent_autonomy_collective_461851,Emergent_anticipation_autonomy_a66f28,0.9085021333266083,190702.56,190858.49,True,False
Emergent_autonomy_collective_461851,Emergent_anticipation_bounded_ca71cc,0.9073342330271921,190702.56,190918.03,True,False
Emergent_autonomy_collective_461851,Emergent_anticipation_bounded_2f7e1b,0.9073400984064031,190702.56,190918.37,True,False
Emergent_autonomy_collective_461851,Emergent_autonomy_bounded_72bafc,0.9105146800931043,190702.56,190936.64,True,False
Emergent_autonomy_collective_461851,Emergent_abstraction_ambiguity_94432c,0.9105529406558102,190702.56,190954.69,True,False
Emergent_autonomy_collective_461851,Emergent_ambiguity_anticipation_961459,0.906652362787858,190702.56,190975.58,True,False
Emergent_autonomy_collective_461851,Emergent_ambiguity_constraint_33311e,0.9089501054760256,190702.56,190995.91,True,False
Emergent_autonomy_collective_461851,Emergent_abstraction_bounded_b74b81,0.9074518228397994,190702.56,191018.31,True,False
Emergent_autonomy_collective_461851,Emergent_autonomy_bounded_94d9e2,0.9094282126027369,190702.56,191040.9,True,False
Emergent_autonomy_collective_461851,Emergent_autonomy_carefully_659b9f,0.9095694502272371,190702.56,191060.09,True,False
Emergent_autonomy_collective_461851,Emergent_autonomy_clarity_321c48,0.9056340068159736,190702.56,191082.87,True,False
Emergent_autonomy_collective_461851,Emergent_autonomy_bounded_5ceb4c,0.904821660824491,190702.56,191125.51,True,False
Emergent_autonomy_collective_461851,Emergent_bounded_increases_b9fad9,0.9066294017172369,190702.56,191145.88,True,False
Emergent_autonomy_collective_461851,Emergent_carefully_coherence_6373e7,0.9041587727172371,190702.56,191168.45,True,False
Emergent_autonomy_collective_461851,Emergent_carefully_linked_5110f6,0.9028935018155133,190702.56,191168.79,True,False
Emergent_autonomy_collective_461851,Emergent_anticipation_bounded_db424c,0.900629302717237,190702.56,191189.2,True,False
Emergent_autonomy_collective_461851,Emergent_bounded_clarity_42b09f,0.8955872027172371,190702.56,191211.02,True,False
Emergent_autonomy_collective_461851,Emergent_constraint_contradiction_66a818,0.923,190702.56,191298.86,True,False
Emergent_autonomy_collective_461851,Emergent_belief_revision_bounded_349257,0.9264999999999999,190702.56,191315.51,True,False
Emergent_autonomy_collective_461851,Emergent_belief_revision_carefully_a9d18e,0.895,190702.56,191350.85,True,False
Emergent_autonomy_collective_461851,Emergent_bounded_connection_8dc0d7,0.9,190702.56,191371.53,True,False
Emergent_collective_constraint_a92169,Emergent_bounded_carefully_f79645,0.912288556392185,190702.9,190721.89,True,False
Emergent_collective_constraint_a92169,Emergent_autonomy_carefully_8f6776,0.9116841169632965,190702.9,190742.41,True,False
Emergent_collective_constraint_a92169,Emergent_autonomy_carefully_dedeae,0.9122844352483628,190702.9,190742.75,True,False
Emergent_collective_constraint_a92169,Emergent_autonomy_bounded_ab8b66,0.9103863168410862,190702.9,190763.03,True,False
Emergent_collective_constraint_a92169,Emergent_anticipation_autonomy_a66f28,0.9085021333266083,190702.9,190858.49,True,False
Emergent_collective_constraint_a92169,Emergent_anticipation_bounded_ca71cc,0.9096900332359479,190702.9,190918.03,True,False
Emergent_collective_constraint_a92169,Emergent_anticipation_bounded_2f7e1b,0.9096959821239194,190702.9,190918.37,True,False
Emergent_collective_constraint_a92169,Emergent_autonomy_bounded_72bafc,0.9128327924125832,190702.9,190936.64,True,False
Emergent_collective_constraint_a92169,Emergent_abstraction_ambiguity_94432c,0.9118910736829027,190702.9,190954.69,True,False
Emergent_collective_constraint_a92169,Emergent_ambiguity_anticipation_961459,0.906652362787858,190702.9,190975.58,True,False
Emergent_collective_constraint_a92169,Emergent_ambiguity_constraint_33311e,0.9089501054760256,190702.9,190995.91,True,False
Emergent_collective_constraint_a92169,Emergent_abstraction_bounded_b74b81,0.9074518228397994,190702.9,191018.31,True,False
Emergent_collective_constraint_a92169,Emergent_autonomy_bounded_94d9e2,0.9116803733269894,190702.9,191040.9,True,False
Emergent_collective_constraint_a92169,Emergent_autonomy_carefully_659b9f,0.9118216109514894,190702.9,191060.09,True,False
Emergent_collective_constraint_a92169,Emergent_autonomy_clarity_321c48,0.9056340068159736,190702.9,191082.87,True,False
Emergent_collective_constraint_a92169,Emergent_autonomy_bounded_5ceb4c,0.904821660824491,190702.9,191125.51,True,False
Emergent_collective_constraint_a92169,Emergent_bounded_increases_b9fad9,0.9078803948778766,190702.9,191145.88,True,False
Emergent_collective_constraint_a92169,Emergent_carefully_coherence_6373e7,0.9060136738676356,190702.9,191168.45,True,False
Emergent_collective_constraint_a92169,Emergent_carefully_linked_5110f6,0.9028935018155133,190702.9,191168.79,True,False
Emergent_collective_constraint_a92169,Emergent_anticipation_bounded_db424c,0.9009760725839338,190702.9,191189.2,True,False
Emergent_collective_constraint_a92169,Emergent_bounded_clarity_42b09f,0.8970593728287453,190702.9,191211.02,True,False
Emergent_collective_constraint_a92169,Emergent_constraint_contradiction_66a818,0.923,190702.9,191298.86,True,False
Emergent_collective_constraint_a92169,Emergent_belief_revision_bounded_349257,0.9264999999999999,190702.9,191315.51,True,False
Emergent_collective_constraint_a92169,Emergent_belief_revision_carefully_a9d18e,0.895,190702.9,191350.85,True,False
Emergent_collective_constraint_a92169,Emergent_bounded_connection_8dc0d7,0.9,190702.9,191371.53,True,False
Emergent_bounded_carefully_f79645,Emergent_autonomy_carefully_8f6776,0.9116841169632965,190721.89,190742.41,True,False
Emergent_bounded_carefully_f79645,Emergent_autonomy_carefully_dedeae,0.9122821329927739,190721.89,190742.75,True,False
Emergent_bounded_carefully_f79645,Emergent_autonomy_bounded_ab8b66,0.9103863168410862,190721.89,190763.03,True,False
Emergent_bounded_carefully_f79645,Emergent_anticipation_autonomy_a66f28,0.9085021333266083,190721.89,190858.49,True,False
Emergent_bounded_carefully_f79645,Emergent_anticipation_bounded_ca71cc,0.90968772176704,190721.89,190918.03,True,False
Emergent_bounded_carefully_f79645,Emergent_anticipation_bounded_2f7e1b,0.909693670573074,190721.89,190918.37,True,False
Emergent_bounded_carefully_f79645,Emergent_autonomy_bounded_72bafc,0.9128305179223559,190721.89,190936.64,True,False
Emergent_bounded_carefully_f79645,Emergent_abstraction_ambiguity_94432c,0.9118910736829027,190721.89,190954.69,True,False
Emergent_bounded_carefully_f79645,Emergent_ambiguity_anticipation_961459,0.906652362787858,190721.89,190975.58,True,False
Emergent_bounded_carefully_f79645,Emergent_ambiguity_constraint_33311e,0.9089501054760256,190721.89,190995.91,True,False
Emergent_bounded_carefully_f79645,Emergent_abstraction_bounded_b74b81,0.9074518228397994,190721.89,191018.31,True,False
Emergent_bounded_carefully_f79645,Emergent_autonomy_bounded_94d9e2,0.9116781635472846,190721.89,191040.9,True,False
Emergent_bounded_carefully_f79645,Emergent_autonomy_carefully_659b9f,0.9118194011717846,190721.89,191060.09,True,False
Emergent_bounded_carefully_f79645,Emergent_autonomy_clarity_321c48,0.9056340068159736,190721.89,191082.87,True,False
Emergent_bounded_carefully_f79645,Emergent_autonomy_bounded_5ceb4c,0.904821660824491,190721.89,191125.51,True,False
Emergent_bounded_carefully_f79645,Emergent_bounded_increases_b9fad9,0.9078803948778766,190721.89,191145.88,True,False
Emergent_bounded_carefully_f79645,Emergent_carefully_coherence_6373e7,0.9060136738676356,190721.89,191168.45,True,False
Emergent_bounded_carefully_f79645,Emergent_carefully_linked_5110f6,0.9028935018155133,190721.89,191168.79,True,False
Emergent_bounded_carefully_f79645,Emergent_anticipation_bounded_db424c,0.9009760725839338,190721.89,191189.2,True,False
Emergent_bounded_carefully_f79645,Emergent_bounded_clarity_42b09f,0.8970593728287453,190721.89,191211.02,True,False
Emergent_bounded_carefully_f79645,Emergent_constraint_contradiction_66a818,0.923,190721.89,191298.86,True,False
Emergent_bounded_carefully_f79645,Emergent_belief_revision_bounded_349257,0.9264999999999999,190721.89,191315.51,True,False
Emergent_bounded_carefully_f79645,Emergent_belief_revision_carefully_a9d18e,0.895,190721.89,191350.85,True,False
Emergent_bounded_carefully_f79645,Emergent_bounded_connection_8dc0d7,0.9,190721.89,191371.53,True,False
Emergent_autonomy_carefully_8f6776,Emergent_autonomy_carefully_dedeae,0.9116642891709552,190742.41,190742.75,True,False
Emergent_autonomy_carefully_8f6776,Emergent_autonomy_bounded_ab8b66,0.9103838441061334,190742.41,190763.03,True,False
Emergent_autonomy_carefully_8f6776,Emergent_anticipation_autonomy_a66f28,0.9085021333266083,190742.41,190858.49,True,False
Emergent_autonomy_carefully_8f6776,Emergent_anticipation_bounded_ca71cc,0.9090873994401407,190742.41,190918.03,True,False
Emergent_autonomy_carefully_8f6776,Emergent_anticipation_bounded_2f7e1b,0.9090933269658583,190742.41,190918.37,True,False
Emergent_autonomy_carefully_8f6776,Emergent_autonomy_bounded_72bafc,0.9122397995004496,190742.41,190936.64,True,False
Emergent_autonomy_carefully_8f6776,Emergent_abstraction_ambiguity_94432c,0.9118910736829027,190742.41,190954.69,True,False
Emergent_autonomy_carefully_8f6776,Emergent_ambiguity_anticipation_961459,0.906652362787858,190742.41,190975.58,True,False
Emergent_autonomy_carefully_8f6776,Emergent_ambiguity_constraint_33311e,0.9089501054760256,190742.41,190995.91,True,False
Emergent_autonomy_carefully_8f6776,Emergent_abstraction_bounded_b74b81,0.9074518228397994,190742.41,191018.31,True,False
Emergent_autonomy_carefully_8f6776,Emergent_autonomy_bounded_94d9e2,0.9111042513956897,190742.41,191040.9,True,False
Emergent_autonomy_carefully_8f6776,Emergent_autonomy_carefully_659b9f,0.91124548902019,190742.41,191060.09,True,False
Emergent_autonomy_carefully_8f6776,Emergent_autonomy_clarity_321c48,0.9056340068159736,190742.41,191082.87,True,False
Emergent_autonomy_carefully_8f6776,Emergent_autonomy_bounded_5ceb4c,0.904821660824491,190742.41,191125.51,True,False
Emergent_autonomy_carefully_8f6776,Emergent_bounded_increases_b9fad9,0.9078803948778766,190742.41,191145.88,True,False
Emergent_autonomy_carefully_8f6776,Emergent_carefully_coherence_6373e7,0.90583481151019,190742.41,191168.45,True,False
Emergent_autonomy_carefully_8f6776,Emergent_carefully_linked_5110f6,0.9028935018155133,190742.41,191168.79,True,False
Emergent_autonomy_carefully_8f6776,Emergent_anticipation_bounded_db424c,0.9009760725839338,190742.41,191189.2,True,False
Emergent_autonomy_carefully_8f6776,Emergent_bounded_clarity_42b09f,0.8970593728287453,190742.41,191211.02,True,False
Emergent_autonomy_carefully_8f6776,Emergent_constraint_contradiction_66a818,0.923,190742.41,191298.86,True,False
Emergent_autonomy_carefully_8f6776,Emergent_belief_revision_bounded_349257,0.9264999999999999,190742.41,191315.51,True,False
Emergent_autonomy_carefully_8f6776,Emergent_belief_revision_carefully_a9d18e,0.895,190742.41,191350.85,True,False
Emergent_autonomy_carefully_8f6776,Emergent_bounded_connection_8dc0d7,0.9,190742.41,191371.53,True,False
Emergent_autonomy_carefully_dedeae,Emergent_autonomy_bounded_ab8b66,0.9103841270739201,190742.75,190763.03,True,False
Emergent_autonomy_carefully_dedeae,Emergent_anticipation_autonomy_a66f28,0.9085021333266083,190742.75,190858.49,True,False
Emergent_autonomy_carefully_dedeae,Emergent_anticipation_bounded_ca71cc,0.9103459940204868,190742.75,190918.03,True,False
Emergent_autonomy_carefully_dedeae,Emergent_anticipation_bounded_2f7e1b,0.9103519661610548,190742.75,190918.37,True,False
Emergent_autonomy_carefully_dedeae,Emergent_autonomy_bounded_72bafc,0.9134782591928656,190742.75,190936.64,True,False
Emergent_autonomy_carefully_dedeae,Emergent_abstraction_ambiguity_94432c,0.9118910736829027,190742.75,190954.69,True,False
Emergent_autonomy_carefully_dedeae,Emergent_ambiguity_anticipation_961459,0.906652362787858,190742.75,190975.58,True,False
Emergent_autonomy_carefully_dedeae,Emergent_ambiguity_constraint_33311e,0.9089501054760256,190742.75,190995.91,True,False
Emergent_autonomy_carefully_dedeae,Emergent_abstraction_bounded_b74b81,0.9074518228397994,190742.75,191018.31,True,False
Emergent_autonomy_carefully_dedeae,Emergent_autonomy_bounded_94d9e2,0.9118990884630951,190742.75,191040.9,True,False
Emergent_autonomy_carefully_dedeae,Emergent_autonomy_carefully_659b9f,0.9124487138399675,190742.75,191060.09,True,False
Emergent_autonomy_carefully_dedeae,Emergent_autonomy_clarity_321c48,0.9056340068159736,190742.75,191082.87,True,False
Emergent_autonomy_carefully_dedeae,Emergent_autonomy_bounded_5ceb4c,0.904821660824491,190742.75,191125.51,True,False
Emergent_autonomy_carefully_dedeae,Emergent_bounded_increases_b9fad9,0.9078803948778766,190742.75,191145.88,True,False
Emergent_autonomy_carefully_dedeae,Emergent_carefully_coherence_6373e7,0.9060136738676356,190742.75,191168.45,True,False
Emergent_autonomy_carefully_dedeae,Emergent_carefully_linked_5110f6,0.9028935018155133,190742.75,191168.79,True,False
Emergent_autonomy_carefully_dedeae,Emergent_anticipation_bounded_db424c,0.9009760725839338,190742.75,191189.2,True,False
Emergent_autonomy_carefully_dedeae,Emergent_bounded_clarity_42b09f,0.8970593728287453,190742.75,191211.02,True,False
Emergent_autonomy_carefully_dedeae,Emergent_constraint_contradiction_66a818,0.923,190742.75,191298.86,True,False
Emergent_autonomy_carefully_dedeae,Emergent_belief_revision_bounded_349257,0.9264999999999999,190742.75,191315.51,True,False
Emergent_autonomy_carefully_dedeae,Emergent_belief_revision_carefully_a9d18e,0.895,190742.75,191350.85,True,False
Emergent_autonomy_carefully_dedeae,Emergent_bounded_connection_8dc0d7,0.9,190742.75,191371.53,True,False
Emergent_autonomy_bounded_ab8b66,Emergent_anticipation_autonomy_a66f28,0.9085021333266083,190763.03,190858.49,True,False
Emergent_autonomy_bounded_ab8b66,Emergent_anticipation_bounded_ca71cc,0.9078722056398703,190763.03,190918.03,True,False
Emergent_autonomy_bounded_ab8b66,Emergent_anticipation_bounded_2f7e1b,0.9078780900892154,190763.03,190918.37,True,False
Emergent_autonomy_bounded_ab8b66,Emergent_autonomy_bounded_72bafc,0.9110440462661595,190763.03,190936.64,True,False
Emergent_autonomy_bounded_ab8b66,Emergent_abstraction_ambiguity_94432c,0.9110823444912044,190763.03,190954.69,True,False
Emergent_autonomy_bounded_ab8b66,Emergent_ambiguity_anticipation_961459,0.906652362787858,190763.03,190975.58,True,False
Emergent_autonomy_bounded_ab8b66,Emergent_ambiguity_constraint_33311e,0.9089501054760256,190763.03,190995.91,True,False
Emergent_autonomy_bounded_ab8b66,Emergent_abstraction_bounded_b74b81,0.9074518228397994,190763.03,191018.31,True,False
Emergent_autonomy_bounded_ab8b66,Emergent_autonomy_bounded_94d9e2,0.9099425180113596,190763.03,191040.9,True,False
Emergent_autonomy_bounded_ab8b66,Emergent_autonomy_carefully_659b9f,0.9100837556358596,190763.03,191060.09,True,False
Emergent_autonomy_bounded_ab8b66,Emergent_autonomy_clarity_321c48,0.9056340068159736,190763.03,191082.87,True,False
Emergent_autonomy_bounded_ab8b66,Emergent_autonomy_bounded_5ceb4c,0.904821660824491,190763.03,191125.51,True,False
Emergent_autonomy_bounded_ab8b66,Emergent_bounded_increases_b9fad9,0.9071437071258597,190763.03,191145.88,True,False
Emergent_autonomy_bounded_ab8b66,Emergent_carefully_coherence_6373e7,0.9046730781258596,190763.03,191168.45,True,False
Emergent_autonomy_bounded_ab8b66,Emergent_carefully_linked_5110f6,0.9028935018155133,190763.03,191168.79,True,False
Emergent_autonomy_bounded_ab8b66,Emergent_anticipation_bounded_db424c,0.9009760725839338,190763.03,191189.2,True,False
Emergent_autonomy_bounded_ab8b66,Emergent_bounded_clarity_42b09f,0.8961015081258596,190763.03,191211.02,True,False
Emergent_autonomy_bounded_ab8b66,Emergent_constraint_contradiction_66a818,0.923,190763.03,191298.86,True,False
Emergent_autonomy_bounded_ab8b66,Emergent_belief_revision_bounded_349257,0.9264999999999999,190763.03,191315.51,True,False
Emergent_autonomy_bounded_ab8b66,Emergent_belief_revision_carefully_a9d18e,0.895,190763.03,191350.85,True,False
Emergent_autonomy_bounded_ab8b66,Emergent_bounded_connection_8dc0d7,0.9,190763.03,191371.53,True,False
Emergent_anticipation_autonomy_a66f28,Emergent_anticipation_bounded_ca71cc,0.9057893037479436,190858.49,190918.03,True,False
Emergent_anticipation_autonomy_a66f28,Emergent_anticipation_bounded_2f7e1b,0.9057951143622689,190858.49,190918.37,True,False
Emergent_anticipation_autonomy_a66f28,Emergent_autonomy_bounded_72bafc,0.908994466459691,190858.49,190936.64,True,False
Emergent_anticipation_autonomy_a66f28,Emergent_abstraction_ambiguity_94432c,0.9090326188651241,190858.49,190954.69,True,False
Emergent_anticipation_autonomy_a66f28,Emergent_ambiguity_anticipation_961459,0.9059818928387293,190858.49,190975.58,True,False
Emergent_anticipation_autonomy_a66f28,Emergent_ambiguity_constraint_33311e,0.9089501054760256,190858.49,190995.91,True,False
Emergent_anticipation_autonomy_a66f28,Emergent_abstraction_bounded_b74b81,0.9074518228397994,190858.49,191018.31,True,False
Emergent_anticipation_autonomy_a66f28,Emergent_autonomy_bounded_94d9e2,0.907951249899559,190858.49,191040.9,True,False
Emergent_anticipation_autonomy_a66f28,Emergent_autonomy_carefully_659b9f,0.908092487524059,190858.49,191060.09,True,False
Emergent_anticipation_autonomy_a66f28,Emergent_autonomy_clarity_321c48,0.9056340068159736,190858.49,191082.87,True,False
Emergent_anticipation_autonomy_a66f28,Emergent_autonomy_bounded_5ceb4c,0.904821660824491,190858.49,191125.51,True,False
Emergent_anticipation_autonomy_a66f28,Emergent_bounded_increases_b9fad9,0.9051524390140591,190858.49,191145.88,True,False
Emergent_anticipation_autonomy_a66f28,Emergent_carefully_coherence_6373e7,0.902681810014059,190858.49,191168.45,True,False
Emergent_anticipation_autonomy_a66f28,Emergent_carefully_linked_5110f6,0.902681810014059,190858.49,191168.79,True,False
Emergent_anticipation_autonomy_a66f28,Emergent_anticipation_bounded_db424c,0.8991523400140591,190858.49,191189.2,True,False
Emergent_anticipation_autonomy_a66f28,Emergent_bounded_clarity_42b09f,0.894110240014059,190858.49,191211.02,True,False
Emergent_anticipation_autonomy_a66f28,Emergent_constraint_contradiction_66a818,0.923,190858.49,191298.86,True,False
Emergent_anticipation_autonomy_a66f28,Emergent_belief_revision_bounded_349257,0.9264999999999999,190858.49,191315.51,True,False
Emergent_anticipation_autonomy_a66f28,Emergent_belief_revision_carefully_a9d18e,0.895,190858.49,191350.85,True,False
Emergent_anticipation_autonomy_a66f28,Emergent_bounded_connection_8dc0d7,0.9,190858.49,191371.53,True,False
Emergent_anticipation_bounded_ca71cc,Emergent_anticipation_bounded_2f7e1b,0.9118608420952536,190918.03,190918.37,True,False
Emergent_anticipation_bounded_ca71cc,Emergent_autonomy_bounded_72bafc,0.9130915726287518,190918.03,190936.64,True,False
Emergent_anticipation_bounded_ca71cc,Emergent_abstraction_ambiguity_94432c,0.9114279787442048,190918.03,190954.69,True,False
Emergent_anticipation_bounded_ca71cc,Emergent_ambiguity_anticipation_961459,0.906652362787858,190918.03,190975.58,True,False
Emergent_anticipation_bounded_ca71cc,Emergent_ambiguity_constraint_33311e,0.9089501054760256,190918.03,190995.91,True,False
Emergent_anticipation_bounded_ca71cc,Emergent_abstraction_bounded_b74b81,0.9074518228397994,190918.03,191018.31,True,False
Emergent_anticipation_bounded_ca71cc,Emergent_autonomy_bounded_94d9e2,0.9118990884630951,190918.03,191040.9,True,False
Emergent_anticipation_bounded_ca71cc,Emergent_autonomy_carefully_659b9f,0.9140318662413087,190918.03,191060.09,True,False
Emergent_anticipation_bounded_ca71cc,Emergent_autonomy_clarity_321c48,0.9056340068159736,190918.03,191082.87,True,False
Emergent_anticipation_bounded_ca71cc,Emergent_autonomy_bounded_5ceb4c,0.904821660824491,190918.03,191125.51,True,False
Emergent_anticipation_bounded_ca71cc,Emergent_bounded_increases_b9fad9,0.9078803948778766,190918.03,191145.88,True,False
Emergent_anticipation_bounded_ca71cc,Emergent_carefully_coherence_6373e7,0.9060136738676356,190918.03,191168.45,True,False
Emergent_anticipation_bounded_ca71cc,Emergent_carefully_linked_5110f6,0.9028935018155133,190918.03,191168.79,True,False
Emergent_anticipation_bounded_ca71cc,Emergent_anticipation_bounded_db424c,0.9009760725839338,190918.03,191189.2,True,False
Emergent_anticipation_bounded_ca71cc,Emergent_bounded_clarity_42b09f,0.8970593728287453,190918.03,191211.02,True,False
Emergent_anticipation_bounded_ca71cc,Emergent_constraint_contradiction_66a818,0.923,190918.03,191298.86,True,False
Emergent_anticipation_bounded_ca71cc,Emergent_belief_revision_bounded_349257,0.9264999999999999,190918.03,191315.51,True,False
Emergent_anticipation_bounded_ca71cc,Emergent_belief_revision_carefully_a9d18e,0.895,190918.03,191350.85,True,False
Emergent_anticipation_bounded_ca71cc,Emergent_bounded_connection_8dc0d7,0.9,190918.03,191371.53,True,False
Emergent_anticipation_bounded_2f7e1b,Emergent_autonomy_bounded_72bafc,0.9131037828888184,190918.37,190936.64,True,False
Emergent_anticipation_bounded_2f7e1b,Emergent_abstraction_ambiguity_94432c,0.9114401890042714,190918.37,190954.69,True,False
Emergent_anticipation_bounded_2f7e1b,Emergent_ambiguity_anticipation_961459,0.906652362787858,190918.37,190975.58,True,False
Emergent_anticipation_bounded_2f7e1b,Emergent_ambiguity_constraint_33311e,0.9089501054760256,190918.37,190995.91,True,False
Emergent_anticipation_bounded_2f7e1b,Emergent_abstraction_bounded_b74b81,0.9074518228397994,190918.37,191018.31,True,False
Emergent_anticipation_bounded_2f7e1b,Emergent_autonomy_bounded_94d9e2,0.9118990884630951,190918.37,191040.9,True,False
Emergent_anticipation_bounded_2f7e1b,Emergent_autonomy_carefully_659b9f,0.9140318662413087,190918.37,191060.09,True,False
Emergent_anticipation_bounded_2f7e1b,Emergent_autonomy_clarity_321c48,0.9056340068159736,190918.37,191082.87,True,False
Emergent_anticipation_bounded_2f7e1b,Emergent_autonomy_bounded_5ceb4c,0.904821660824491,190918.37,191125.51,True,False
Emergent_anticipation_bounded_2f7e1b,Emergent_bounded_increases_b9fad9,0.9078803948778766,190918.37,191145.88,True,False
Emergent_anticipation_bounded_2f7e1b,Emergent_carefully_coherence_6373e7,0.9060136738676356,190918.37,191168.45,True,False
Emergent_anticipation_bounded_2f7e1b,Emergent_carefully_linked_5110f6,0.9028935018155133,190918.37,191168.79,True,False
Emergent_anticipation_bounded_2f7e1b,Emergent_anticipation_bounded_db424c,0.9009760725839338,190918.37,191189.2,True,False
Emergent_anticipation_bounded_2f7e1b,Emergent_bounded_clarity_42b09f,0.8970593728287453,190918.37,191211.02,True,False
Emergent_anticipation_bounded_2f7e1b,Emergent_constraint_contradiction_66a818,0.923,190918.37,191298.86,True,False
Emergent_anticipation_bounded_2f7e1b,Emergent_belief_revision_bounded_349257,0.9264999999999999,190918.37,191315.51,True,False
Emergent_anticipation_bounded_2f7e1b,Emergent_belief_revision_carefully_a9d18e,0.895,190918.37,191350.85,True,False
Emergent_anticipation_bounded_2f7e1b,Emergent_bounded_connection_8dc0d7,0.9,190918.37,191371.53,True,False
Emergent_autonomy_bounded_72bafc,Emergent_abstraction_ambiguity_94432c,0.9111529655383177,190936.64,190954.69,True,False
Emergent_autonomy_bounded_72bafc,Emergent_ambiguity_anticipation_961459,0.9065688613482306,190936.64,190975.58,True,False
Emergent_autonomy_bounded_72bafc,Emergent_ambiguity_constraint_33311e,0.9089501054760256,190936.64,190995.91,True,False
Emergent_autonomy_bounded_72bafc,Emergent_abstraction_bounded_b74b81,0.9074518228397994,190936.64,191018.31,True,False
Emergent_autonomy_bounded_72bafc,Emergent_autonomy_bounded_94d9e2,0.9118990884630951,190936.64,191040.9,True,False
Emergent_autonomy_bounded_72bafc,Emergent_autonomy_carefully_659b9f,0.9125229483534534,190936.64,191060.09,True,False
Emergent_autonomy_bounded_72bafc,Emergent_autonomy_clarity_321c48,0.9056340068159736,190936.64,191082.87,True,False
Emergent_autonomy_bounded_72bafc,Emergent_autonomy_bounded_5ceb4c,0.904821660824491,190936.64,191125.51,True,False
Emergent_autonomy_bounded_72bafc,Emergent_bounded_increases_b9fad9,0.9078803948778766,190936.64,191145.88,True,False
Emergent_autonomy_bounded_72bafc,Emergent_carefully_coherence_6373e7,0.9060136738676356,190936.64,191168.45,True,False
Emergent_autonomy_bounded_72bafc,Emergent_carefully_linked_5110f6,0.9028935018155133,190936.64,191168.79,True,False
Emergent_autonomy_bounded_72bafc,Emergent_anticipation_bounded_db424c,0.9009760725839338,190936.64,191189.2,True,False
Emergent_autonomy_bounded_72bafc,Emergent_bounded_clarity_42b09f,0.8970593728287453,190936.64,191211.02,True,False
Emergent_autonomy_bounded_72bafc,Emergent_constraint_contradiction_66a818,0.923,190936.64,191298.86,True,False
Emergent_autonomy_bounded_72bafc,Emergent_belief_revision_bounded_349257,0.9264999999999999,190936.64,191315.51,True,False
Emergent_autonomy_bounded_72bafc,Emergent_belief_revision_carefully_a9d18e,0.895,190936.64,191350.85,True,False
Emergent_autonomy_bounded_72bafc,Emergent_bounded_connection_8dc0d7,0.9,190936.64,191371.53,True,False
Emergent_abstraction_ambiguity_94432c,Emergent_ambiguity_anticipation_961459,0.9065831499486099,190954.69,190975.58,True,False
Emergent_abstraction_ambiguity_94432c,Emergent_ambiguity_constraint_33311e,0.9089501054760256,190954.69,190995.91,True,False
Emergent_abstraction_ambiguity_94432c,Emergent_abstraction_bounded_b74b81,0.9074518228397994,190954.69,191018.31,True,False
Emergent_abstraction_ambiguity_94432c,Emergent_autonomy_bounded_94d9e2,0.9107281825071438,190954.69,191040.9,True,False
Emergent_abstraction_ambiguity_94432c,Emergent_autonomy_carefully_659b9f,0.9108694201316438,190954.69,191060.09,True,False
Emergent_abstraction_ambiguity_94432c,Emergent_autonomy_clarity_321c48,0.9056340068159736,190954.69,191082.87,True,False
Emergent_abstraction_ambiguity_94432c,Emergent_autonomy_bounded_5ceb4c,0.904821660824491,190954.69,191125.51,True,False
Emergent_abstraction_ambiguity_94432c,Emergent_bounded_increases_b9fad9,0.9078803948778766,190954.69,191145.88,True,False
Emergent_abstraction_ambiguity_94432c,Emergent_carefully_coherence_6373e7,0.9054587426216438,190954.69,191168.45,True,False
Emergent_abstraction_ambiguity_94432c,Emergent_carefully_linked_5110f6,0.9028935018155133,190954.69,191168.79,True,False
Emergent_abstraction_ambiguity_94432c,Emergent_anticipation_bounded_db424c,0.9009760725839338,190954.69,191189.2,True,False
Emergent_abstraction_ambiguity_94432c,Emergent_bounded_clarity_42b09f,0.8968871726216439,190954.69,191211.02,True,False
Emergent_abstraction_ambiguity_94432c,Emergent_constraint_contradiction_66a818,0.923,190954.69,191298.86,True,False
Emergent_abstraction_ambiguity_94432c,Emergent_belief_revision_bounded_349257,0.9264999999999999,190954.69,191315.51,True,False
Emergent_abstraction_ambiguity_94432c,Emergent_belief_revision_carefully_a9d18e,0.895,190954.69,191350.85,True,False
Emergent_abstraction_ambiguity_94432c,Emergent_bounded_connection_8dc0d7,0.9,190954.69,191371.53,True,False
Emergent_ambiguity_anticipation_961459,Emergent_ambiguity_constraint_33311e,0.9087390615522035,190975.58,190995.91,True,False
Emergent_ambiguity_anticipation_961459,Emergent_abstraction_bounded_b74b81,0.9074518228397994,190975.58,191018.31,True,False
Emergent_ambiguity_anticipation_961459,Emergent_autonomy_bounded_94d9e2,0.9085702396451352,190975.58,191040.9,True,False
Emergent_ambiguity_anticipation_961459,Emergent_autonomy_carefully_659b9f,0.9087114772696352,190975.58,191060.09,True,False
Emergent_ambiguity_anticipation_961459,Emergent_autonomy_clarity_321c48,0.9056340068159736,190975.58,191082.87,True,False
Emergent_ambiguity_anticipation_961459,Emergent_autonomy_bounded_5ceb4c,0.904821660824491,190975.58,191125.51,True,False
Emergent_ambiguity_anticipation_961459,Emergent_bounded_increases_b9fad9,0.9057714287596352,190975.58,191145.88,True,False
Emergent_ambiguity_anticipation_961459,Emergent_carefully_coherence_6373e7,0.9033007997596352,190975.58,191168.45,True,False
Emergent_ambiguity_anticipation_961459,Emergent_carefully_linked_5110f6,0.9028935018155133,190975.58,191168.79,True,False
Emergent_ambiguity_anticipation_961459,Emergent_anticipation_bounded_db424c,0.8997713297596353,190975.58,191189.2,True,False
Emergent_ambiguity_anticipation_961459,Emergent_bounded_clarity_42b09f,0.8947292297596352,190975.58,191211.02,True,False
Emergent_ambiguity_anticipation_961459,Emergent_constraint_contradiction_66a818,0.923,190975.58,191298.86,True,False
Emergent_ambiguity_anticipation_961459,Emergent_belief_revision_bounded_349257,0.9264999999999999,190975.58,191315.51,True,False
Emergent_ambiguity_anticipation_961459,Emergent_belief_revision_carefully_a9d18e,0.895,190975.58,191350.85,True,False
Emergent_ambiguity_anticipation_961459,Emergent_bounded_connection_8dc0d7,0.9,190975.58,191371.53,True,False
Emergent_ambiguity_constraint_33311e,Emergent_abstraction_bounded_b74b81,0.9074518228397994,190995.91,191018.31,True,False
Emergent_ambiguity_constraint_33311e,Emergent_autonomy_bounded_94d9e2,0.9073682440816255,190995.91,191040.9,True,False
Emergent_ambiguity_constraint_33311e,Emergent_autonomy_carefully_659b9f,0.9075094817061253,190995.91,191060.09,True,False
Emergent_ambiguity_constraint_33311e,Emergent_autonomy_clarity_321c48,0.9056340068159736,190995.91,191082.87,True,False
Emergent_ambiguity_constraint_33311e,Emergent_autonomy_bounded_5ceb4c,0.9042811931461254,190995.91,191125.51,True,False
Emergent_ambiguity_constraint_33311e,Emergent_bounded_increases_b9fad9,0.9045694331961254,190995.91,191145.88,True,False
Emergent_ambiguity_constraint_33311e,Emergent_carefully_coherence_6373e7,0.9020988041961253,190995.91,191168.45,True,False
Emergent_ambiguity_constraint_33311e,Emergent_carefully_linked_5110f6,0.9020988041961253,190995.91,191168.79,True,False
Emergent_ambiguity_constraint_33311e,Emergent_anticipation_bounded_db424c,0.8985693341961254,190995.91,191189.2,True,False
Emergent_ambiguity_constraint_33311e,Emergent_bounded_clarity_42b09f,0.8935272341961253,190995.91,191211.02,True,False
Emergent_ambiguity_constraint_33311e,Emergent_constraint_contradiction_66a818,0.923,190995.91,191298.86,True,False
Emergent_ambiguity_constraint_33311e,Emergent_belief_revision_bounded_349257,0.9264999999999999,190995.91,191315.51,True,False
Emergent_ambiguity_constraint_33311e,Emergent_belief_revision_carefully_a9d18e,0.895,190995.91,191350.85,True,False
Emergent_ambiguity_constraint_33311e,Emergent_bounded_connection_8dc0d7,0.9,190995.91,191371.53,True,False
Emergent_abstraction_bounded_b74b81,Emergent_autonomy_bounded_94d9e2,0.9064631594682995,191018.31,191040.9,True,False
Emergent_abstraction_bounded_b74b81,Emergent_autonomy_carefully_659b9f,0.9066043970927995,191018.31,191060.09,True,False
Emergent_abstraction_bounded_b74b81,Emergent_autonomy_clarity_321c48,0.9053937888827994,191018.31,191082.87,True,False
Emergent_abstraction_bounded_b74b81,Emergent_autonomy_bounded_5ceb4c,0.9033761085327994,191018.31,191125.51,True,False
Emergent_abstraction_bounded_b74b81,Emergent_bounded_increases_b9fad9,0.9036643485827995,191018.31,191145.88,True,False
Emergent_abstraction_bounded_b74b81,Emergent_carefully_coherence_6373e7,0.9011937195827993,191018.31,191168.45,True,False
Emergent_abstraction_bounded_b74b81,Emergent_carefully_linked_5110f6,0.9011937195827993,191018.31,191168.79,True,False
Emergent_abstraction_bounded_b74b81,Emergent_anticipation_bounded_db424c,0.8976642495827996,191018.31,191189.2,True,False
Emergent_abstraction_bounded_b74b81,Emergent_bounded_clarity_42b09f,0.8926221495827995,191018.31,191211.02,True,False
Emergent_abstraction_bounded_b74b81,Emergent_constraint_contradiction_66a818,0.923,191018.31,191298.86,True,False
Emergent_abstraction_bounded_b74b81,Emergent_belief_revision_bounded_349257,0.9264999999999999,191018.31,191315.51,True,False
Emergent_abstraction_bounded_b74b81,Emergent_belief_revision_carefully_a9d18e,0.895,191018.31,191350.85,True,False
Emergent_abstraction_bounded_b74b81,Emergent_bounded_connection_8dc0d7,0.9,191018.31,191371.53,True,False
Emergent_autonomy_bounded_94d9e2,Emergent_autonomy_carefully_659b9f,0.9090743359730948,191040.9,191060.09,True,False
Emergent_autonomy_bounded_94d9e2,Emergent_autonomy_clarity_321c48,0.9056340068159736,191040.9,191082.87,True,False
Emergent_autonomy_bounded_94d9e2,Emergent_autonomy_bounded_5ceb4c,0.904821660824491,191040.9,191125.51,True,False
Emergent_autonomy_bounded_94d9e2,Emergent_bounded_increases_b9fad9,0.9078803948778766,191040.9,191145.88,True,False
Emergent_autonomy_bounded_94d9e2,Emergent_carefully_coherence_6373e7,0.9060136738676356,191040.9,191168.45,True,False
Emergent_autonomy_bounded_94d9e2,Emergent_carefully_linked_5110f6,0.9028935018155133,191040.9,191168.79,True,False
Emergent_autonomy_bounded_94d9e2,Emergent_anticipation_bounded_db424c,0.9009760725839338,191040.9,191189.2,True,False
Emergent_autonomy_bounded_94d9e2,Emergent_bounded_clarity_42b09f,0.8970593728287453,191040.9,191211.02,True,False
Emergent_autonomy_bounded_94d9e2,Emergent_constraint_contradiction_66a818,0.923,191040.9,191298.86,True,False
Emergent_autonomy_bounded_94d9e2,Emergent_belief_revision_bounded_349257,0.9264999999999999,191040.9,191315.51,True,False
Emergent_autonomy_bounded_94d9e2,Emergent_belief_revision_carefully_a9d18e,0.895,191040.9,191350.85,True,False
Emergent_autonomy_bounded_94d9e2,Emergent_bounded_connection_8dc0d7,0.9,191040.9,191371.53,True,False
Emergent_autonomy_carefully_659b9f,Emergent_autonomy_clarity_321c48,0.9056340068159736,191060.09,191082.87,True,False
Emergent_autonomy_carefully_659b9f,Emergent_autonomy_bounded_5ceb4c,0.904821660824491,191060.09,191125.51,True,False
Emergent_autonomy_carefully_659b9f,Emergent_bounded_increases_b9fad9,0.9078803948778766,191060.09,191145.88,True,False
Emergent_autonomy_carefully_659b9f,Emergent_carefully_coherence_6373e7,0.9060136738676356,191060.09,191168.45,True,False
Emergent_autonomy_carefully_659b9f,Emergent_carefully_linked_5110f6,0.9028935018155133,191060.09,191168.79,True,False
Emergent_autonomy_carefully_659b9f,Emergent_anticipation_bounded_db424c,0.9009760725839338,191060.09,191189.2,True,False
Emergent_autonomy_carefully_659b9f,Emergent_bounded_clarity_42b09f,0.8970593728287453,191060.09,191211.02,True,False
Emergent_autonomy_carefully_659b9f,Emergent_constraint_contradiction_66a818,0.923,191060.09,191298.86,True,False
Emergent_autonomy_carefully_659b9f,Emergent_belief_revision_bounded_349257,0.9264999999999999,191060.09,191315.51,True,False
Emergent_autonomy_carefully_659b9f,Emergent_belief_revision_carefully_a9d18e,0.895,191060.09,191350.85,True,False
Emergent_autonomy_carefully_659b9f,Emergent_bounded_connection_8dc0d7,0.9,191060.09,191371.53,True,False
Emergent_autonomy_clarity_321c48,Emergent_autonomy_bounded_5ceb4c,0.9036163264659738,191082.87,191125.51,True,False
Emergent_autonomy_clarity_321c48,Emergent_bounded_increases_b9fad9,0.9039045665159737,191082.87,191145.88,True,False
Emergent_autonomy_clarity_321c48,Emergent_carefully_coherence_6373e7,0.9014339375159737,191082.87,191168.45,True,False
Emergent_autonomy_clarity_321c48,Emergent_carefully_linked_5110f6,0.9014339375159737,191082.87,191168.79,True,False
Emergent_autonomy_clarity_321c48,Emergent_anticipation_bounded_db424c,0.8979044675159737,191082.87,191189.2,True,False
Emergent_autonomy_clarity_321c48,Emergent_bounded_clarity_42b09f,0.8928623675159737,191082.87,191211.02,True,False
Emergent_autonomy_clarity_321c48,Emergent_constraint_contradiction_66a818,0.923,191082.87,191298.86,True,False
Emergent_autonomy_clarity_321c48,Emergent_belief_revision_bounded_349257,0.9264999999999999,191082.87,191315.51,True,False
Emergent_autonomy_clarity_321c48,Emergent_belief_revision_carefully_a9d18e,0.895,191082.87,191350.85,True,False
Emergent_autonomy_clarity_321c48,Emergent_bounded_connection_8dc0d7,0.9,191082.87,191371.53,True,False
Emergent_autonomy_bounded_5ceb4c,Emergent_bounded_increases_b9fad9,0.899056859824491,191125.51,191145.88,True,False
Emergent_autonomy_bounded_5ceb4c,Emergent_carefully_coherence_6373e7,0.9026392718744909,191125.51,191168.45,True,False
Emergent_autonomy_bounded_5ceb4c,Emergent_carefully_linked_5110f6,0.9026392718744909,191125.51,191168.79,True,False
Emergent_autonomy_bounded_5ceb4c,Emergent_anticipation_bounded_db424c,0.8991098018744907,191125.51,191189.2,True,False
Emergent_autonomy_bounded_5ceb4c,Emergent_bounded_clarity_42b09f,0.8940677018744909,191125.51,191211.02,True,False
Emergent_autonomy_bounded_5ceb4c,Emergent_constraint_contradiction_66a818,0.923,191125.51,191298.86,True,False
Emergent_autonomy_bounded_5ceb4c,Emergent_belief_revision_bounded_349257,0.9264999999999999,191125.51,191315.51,True,False
Emergent_autonomy_bounded_5ceb4c,Emergent_belief_revision_carefully_a9d18e,0.895,191125.51,191350.85,True,False
Emergent_autonomy_bounded_5ceb4c,Emergent_bounded_connection_8dc0d7,0.9,191125.51,191371.53,True,False
Emergent_bounded_increases_b9fad9,Emergent_carefully_coherence_6373e7,0.9054097658778766,191145.88,191168.45,True,False
Emergent_bounded_increases_b9fad9,Emergent_carefully_linked_5110f6,0.9028935018155133,191145.88,191168.79,True,False
Emergent_bounded_increases_b9fad9,Emergent_anticipation_bounded_db424c,0.9009760725839338,191145.88,191189.2,True,False
Emergent_bounded_increases_b9fad9,Emergent_bounded_clarity_42b09f,0.8968381958778768,191145.88,191211.02,True,False
Emergent_bounded_increases_b9fad9,Emergent_constraint_contradiction_66a818,0.923,191145.88,191298.86,True,False
Emergent_bounded_increases_b9fad9,Emergent_belief_revision_bounded_349257,0.9264999999999999,191145.88,191315.51,True,False
Emergent_bounded_increases_b9fad9,Emergent_belief_revision_carefully_a9d18e,0.895,191145.88,191350.85,True,False
Emergent_bounded_increases_b9fad9,Emergent_bounded_connection_8dc0d7,0.9,191145.88,191371.53,True,False
Emergent_carefully_coherence_6373e7,Emergent_carefully_linked_5110f6,0.8946580718155133,191168.45,191168.79,True,False
Emergent_carefully_coherence_6373e7,Emergent_anticipation_bounded_db424c,0.9009760725839338,191168.45,191189.2,True,False
Emergent_carefully_coherence_6373e7,Emergent_bounded_clarity_42b09f,0.8970593728287453,191168.45,191211.02,True,False
Emergent_carefully_coherence_6373e7,Emergent_constraint_contradiction_66a818,0.923,191168.45,191298.86,True,False
Emergent_carefully_coherence_6373e7,Emergent_belief_revision_bounded_349257,0.9264999999999999,191168.45,191315.51,True,False
Emergent_carefully_coherence_6373e7,Emergent_belief_revision_carefully_a9d18e,0.895,191168.45,191350.85,True,False
Emergent_carefully_coherence_6373e7,Emergent_bounded_connection_8dc0d7,0.9,191168.45,191371.53,True,False
Emergent_carefully_linked_5110f6,Emergent_anticipation_bounded_db424c,0.8993640318155132,191168.79,191189.2,True,False
Emergent_carefully_linked_5110f6,Emergent_bounded_clarity_42b09f,0.8943219318155133,191168.79,191211.02,True,False
Emergent_carefully_linked_5110f6,Emergent_constraint_contradiction_66a818,0.923,191168.79,191298.86,True,False
Emergent_carefully_linked_5110f6,Emergent_belief_revision_bounded_349257,0.9264999999999999,191168.79,191315.51,True,False
Emergent_carefully_linked_5110f6,Emergent_belief_revision_carefully_a9d18e,0.895,191168.79,191350.85,True,False
Emergent_carefully_linked_5110f6,Emergent_bounded_connection_8dc0d7,0.9,191168.79,191371.53,True,False
Emergent_anticipation_bounded_db424c,Emergent_bounded_clarity_42b09f,0.8959339725839339,191189.2,191211.02,True,False
Emergent_anticipation_bounded_db424c,Emergent_constraint_contradiction_66a818,0.923,191189.2,191298.86,True,False
Emergent_anticipation_bounded_db424c,Emergent_belief_revision_bounded_349257,0.9264999999999999,191189.2,191315.51,True,False
Emergent_anticipation_bounded_db424c,Emergent_belief_revision_carefully_a9d18e,0.895,191189.2,191350.85,True,False
Emergent_anticipation_bounded_db424c,Emergent_bounded_connection_8dc0d7,0.9,191189.2,191371.53,True,False
Emergent_bounded_clarity_42b09f,Emergent_constraint_contradiction_66a818,0.923,191211.02,191298.86,True,False
Emergent_bounded_clarity_42b09f,Emergent_belief_revision_bounded_349257,0.9264999999999999,191211.02,191315.51,True,False
Emergent_bounded_clarity_42b09f,Emergent_belief_revision_carefully_a9d18e,0.895,191211.02,191350.85,True,False
Emergent_bounded_clarity_42b09f,Emergent_bounded_connection_8dc0d7,0.9,191211.02,191371.53,True,False
Emergent_constraint_contradiction_66a818,Emergent_belief_revision_bounded_349257,0.8494999999999999,191298.86,191315.51,True,False
Emergent_constraint_contradiction_66a818,Emergent_belief_revision_carefully_a9d18e,0.895,191298.86,191350.85,True,False
Emergent_constraint_contradiction_66a818,Emergent_bounded_connection_8dc0d7,0.9,191298.86,191371.53,True,False
Emergent_belief_revision_bounded_349257,Emergent_belief_revision_carefully_a9d18e,0.895,191315.51,191350.85,True,False
Emergent_belief_revision_bounded_349257,Emergent_bounded_connection_8dc0d7,0.9,191315.51,191371.53,True,False
Emergent_belief_revision_carefully_a9d18e,Emergent_bounded_connection_8dc0d7,0.795,191350.85,191371.53,True,False
