source,target,weight,src_ts,dst_ts,is_older_to_newer,is_newer_to_older
Emergent_ambiguity_attention_6ee88b,Emergent_abstraction_analogy_a89166,0.6639953949784128,50009.56,50021.55,True,False
Emergent_ambiguity_attention_6ee88b,Emergent_abstraction_analogy_82c26e,0.6504872052570291,50009.56,50021.89,True,False
Emergent_ambiguity_attention_6ee88b,Emergent_abstraction_carefully_e4d960,0.6566607361401292,50009.56,50033.5,True,False
Emergent_ambiguity_attention_6ee88b,Emergent_abstraction_analogy_94d11e,0.6554234159065025,50009.56,50048.14,True,False
Emergent_ambiguity_attention_6ee88b,Emergent_appears_asymmetry_9e9e75,0.6669830519776156,50009.56,50061.3,True,False
Emergent_ambiguity_attention_6ee88b,Emergent_anticipation_appears_dac47e,0.669595768785091,50009.56,50061.64,True,False
Emergent_ambiguity_attention_6ee88b,Emergent_analogy_appears_18b183,0.665551148777606,50009.56,50075.21,True,False
Emergent_ambiguity_attention_6ee88b,Emergent_autonomy_bounded_72bafc,0.6643291348849354,50009.56,50088.16,True,False
Emergent_ambiguity_attention_6ee88b,Emergent_appears_asymmetry_3b4238,0.6633874161062532,50009.56,50101.34,True,False
Emergent_ambiguity_attention_6ee88b,Emergent_carefully_coherence_6373e7,0.6542585068873735,50009.56,50115.38,True,False
Emergent_ambiguity_attention_6ee88b,Emergent_bounded_coherence_5ce930,0.6695957686773631,50009.56,50128.4,True,False
Emergent_ambiguity_attention_6ee88b,Emergent_abstraction_attention_9ebe0c,0.6405191853558184,50009.56,50142.87,True,False
Emergent_ambiguity_attention_6ee88b,Emergent_abstraction_anticipation_bfad7e,0.6695957685280994,50009.56,50143.21,True,False
Emergent_ambiguity_attention_6ee88b,Emergent_analogy_autonomy_581819,0.6640201604633018,50009.56,50184.37,True,False
Emergent_ambiguity_attention_6ee88b,Emergent_bounded_contradiction_12fedf,0.6409979404406746,50009.56,50210.46,True,False
Emergent_ambiguity_attention_6ee88b,Emergent_anticipation_bounded_6c16c4,0.6695957680485772,50009.56,50210.8,True,False
Emergent_ambiguity_attention_6ee88b,Emergent_beneficence_identity_9dd002,0.6695957581515409,50009.56,50222.52,True,False
Emergent_ambiguity_attention_6ee88b,Emergent_analogy_anticipation_33cf9b,0.6695957708874847,50009.56,50236.14,True,False
Emergent_ambiguity_attention_6ee88b,Emergent_appears_asymmetry_630915,0.6695957710159464,50009.56,50248.8,True,False
Emergent_ambiguity_attention_6ee88b,Emergent_appears_asymmetry_7aac44,0.6446936432393063,50009.56,50249.14,True,False
Emergent_ambiguity_attention_6ee88b,Emergent_ambiguity_analogy_8651fe,0.66959576906733,50009.56,50262.67,True,False
Emergent_ambiguity_attention_6ee88b,Emergent_analogy_autonomy_2771b0,0.6646930752289514,50009.56,50279.0,True,False
Emergent_ambiguity_attention_6ee88b,Emergent_beneficence_complexity_2de0b9,0.6467264155552453,50009.56,50293.64,True,False
Emergent_ambiguity_attention_6ee88b,Emergent_complexity_contradiction_b62804,0.6695957664518437,50009.56,50310.13,True,False
Emergent_ambiguity_attention_6ee88b,Emergent_autonomy_bounded_ab8b66,0.6695957627066019,50009.56,50325.77,True,False
Emergent_ambiguity_attention_6ee88b,Emergent_beneficence_bounded_bb35c2,0.6662654534759695,50009.56,50341.05,True,False
Emergent_ambiguity_attention_6ee88b,Emergent_carefully_coherence_c4d3bc,0.6477330320792481,50009.56,50356.81,True,False
Emergent_ambiguity_attention_6ee88b,Emergent_beneficence_clarity_d9ce73,0.669595751012276,50009.56,50373.84,True,False
Emergent_ambiguity_attention_6ee88b,Emergent_anticipation_clarity_a82e6a,0.6520045335341574,50009.56,50374.18,True,False
Emergent_ambiguity_attention_6ee88b,Emergent_bounded_emergence_f6197f,0.6695957521041832,50009.56,50388.53,True,False
Emergent_ambiguity_attention_6ee88b,Emergent_bounded_enforcing_bf268c,0.6584014871039342,50009.56,50388.87,True,False
Emergent_ambiguity_attention_6ee88b,Emergent_bounded_coherence_9e3f99,0.6695957427449787,50009.56,50404.98,True,False
Emergent_ambiguity_attention_6ee88b,Emergent_contradiction_emerges_20ad0a,0.6598771198379589,50009.56,50421.64,True,False
Emergent_ambiguity_attention_6ee88b,Emergent_contradiction_identity_dc441d,0.663180745075248,50009.56,50421.98,True,False
Emergent_ambiguity_attention_6ee88b,Emergent_beneficence_bounded_5bc638,0.6628928212041809,50009.56,50438.08,True,False
Emergent_ambiguity_attention_6ee88b,Emergent_autonomy_bounded_94d9e2,0.6695958200414672,50009.56,50471.83,True,False
Emergent_ambiguity_attention_6ee88b,Emergent_autonomy_beneficence_f6c1c5,0.6597744819383321,50009.56,50472.17,True,False
Emergent_ambiguity_attention_6ee88b,Emergent_autonomy_clarity_dc06c1,0.6695957810610237,50009.56,50491.32,True,False
Emergent_ambiguity_attention_6ee88b,Emergent_anticipation_bounded_2f7e1b,0.669595725374676,50009.56,50509.06,True,False
Emergent_ambiguity_attention_6ee88b,Emergent_anticipation_autonomy_eda74a,0.6483918614757963,50009.56,50527.27,True,False
Emergent_ambiguity_attention_6ee88b,Emergent_anticipation_autonomy_a66f28,0.669595532177143,50009.56,50545.43,True,False
Emergent_ambiguity_attention_6ee88b,Emergent_autonomy_carefully_2c09b0,0.669595532177143,50009.56,50545.77,True,False
Emergent_ambiguity_attention_6ee88b,Emergent_appears_asymmetry_ecd8f7,0.6695955191358912,50009.56,50582.35,True,False
Emergent_ambiguity_attention_6ee88b,Emergent_beneficence_bounded_21df32,0.6573555399231327,50009.56,50618.38,True,False
Emergent_ambiguity_attention_6ee88b,Emergent_bounded_complexity_bc9326,0.6401896662035782,50009.56,50637.05,True,False
Emergent_ambiguity_attention_6ee88b,Emergent_bounded_carefully_f79645,0.6566443561001757,50009.56,50692.4,True,False
Emergent_ambiguity_attention_6ee88b,Emergent_clarity_complexity_e4a503,0.669580760458574,50009.56,50712.01,True,False
Emergent_ambiguity_attention_6ee88b,Emergent_beneficence_clarity_9107ae,0.6695939677052646,50009.56,50749.3,True,False
Emergent_ambiguity_attention_6ee88b,Emergent_clarity_connection_47e953,0.6550672752254219,50009.56,50749.64,True,False
Emergent_ambiguity_attention_6ee88b,Emergent_autonomy_collective_b1eda1,0.6584991135795918,50009.56,50767.68,True,False
Emergent_ambiguity_attention_6ee88b,Emergent_bounded_coherence_7a6cb5,0.6633234793239663,50009.56,50787.59,True,False
Emergent_ambiguity_attention_6ee88b,Emergent_appears_asymmetry_955aa5,0.6695565749943541,50009.56,50806.58,True,False
Emergent_ambiguity_attention_6ee88b,Emergent_anticipation_autonomy_cd3792,0.6463145261366556,50009.56,50825.88,True,False
Emergent_ambiguity_attention_6ee88b,Emergent_autonomy_beneficence_994988,0.6695867126804085,50009.56,50848.99,True,False
Emergent_ambiguity_attention_6ee88b,Emergent_coherence_complexity_df52ba,0.6601407315528725,50009.56,50896.23,True,False
Emergent_ambiguity_attention_6ee88b,Emergent_emergence_from_interaction_enforcing_c5a296,0.6695765604444727,50009.56,50952.55,True,False
Emergent_ambiguity_attention_6ee88b,Emergent_emergence_from_interaction_entropy_74edc9,0.662789974045919,50009.56,50952.89,True,False
Emergent_ambiguity_attention_6ee88b,Emergent_constraint_contradiction_e4e5c0,0.6514779433697724,50009.56,50973.24,True,False
Emergent_ambiguity_attention_6ee88b,Emergent_constraint_contradiction_25659b,0.6688333122124546,50009.56,50973.58,True,False
Emergent_ambiguity_attention_6ee88b,Emergent_complexity_constraint_9f426d,0.6534292310976655,50009.56,50993.03,True,False
Emergent_ambiguity_attention_6ee88b,Emergent_identity_justice_875606,0.6688771701002029,50009.56,51032.83,True,False
Emergent_ambiguity_attention_6ee88b,Emergent_appears_asymmetry_8dba4c,0.6388769656698277,50009.56,51052.91,True,False
Emergent_ambiguity_attention_6ee88b,Emergent_beneficence_carefully_a8eeec,0.6542651268490958,50009.56,51132.18,True,False
Emergent_ambiguity_attention_6ee88b,Emergent_anticipation_carefully_73a81d,0.659881561627572,50009.56,51132.52,True,False
Emergent_ambiguity_attention_6ee88b,Emergent_autonomy_carefully_dedeae,0.6690555880407811,50009.56,51154.7,True,False
Emergent_ambiguity_attention_6ee88b,Emergent_autonomy_belief_revision_03bb63,0.658334853425681,50009.56,51175.98,True,False
Emergent_ambiguity_attention_6ee88b,Emergent_bounded_cognition_444413,0.5935030025452366,50009.56,51317.2,True,False
Emergent_ambiguity_attention_6ee88b,Emergent_ambiguity_autonomy_b265b2,0.6570021572342222,50009.56,51338.9,True,False
Emergent_ambiguity_attention_6ee88b,Emergent_anticipation_bounded_305c6e,0.663989410606941,50009.56,51360.93,True,False
Emergent_abstraction_analogy_a89166,Emergent_abstraction_analogy_82c26e,0.6504872052513488,50021.55,50021.89,True,False
Emergent_abstraction_analogy_a89166,Emergent_abstraction_carefully_e4d960,0.6566607361401292,50021.55,50033.5,True,False
Emergent_abstraction_analogy_a89166,Emergent_abstraction_analogy_94d11e,0.6554234159065025,50021.55,50048.14,True,False
Emergent_abstraction_analogy_a89166,Emergent_appears_asymmetry_9e9e75,0.6639953949124586,50021.55,50061.3,True,False
Emergent_abstraction_analogy_a89166,Emergent_anticipation_appears_dac47e,0.6639953949133612,50021.55,50061.64,True,False
Emergent_abstraction_analogy_a89166,Emergent_analogy_appears_18b183,0.6639953949668858,50021.55,50075.21,True,False
Emergent_abstraction_analogy_a89166,Emergent_autonomy_bounded_72bafc,0.6639953948425446,50021.55,50088.16,True,False
Emergent_abstraction_analogy_a89166,Emergent_appears_asymmetry_3b4238,0.6633874161062532,50021.55,50101.34,True,False
Emergent_abstraction_analogy_a89166,Emergent_carefully_coherence_6373e7,0.6542585068873735,50021.55,50115.38,True,False
Emergent_abstraction_analogy_a89166,Emergent_bounded_coherence_5ce930,0.6639953947997581,50021.55,50128.4,True,False
Emergent_abstraction_analogy_a89166,Emergent_abstraction_attention_9ebe0c,0.6405191853558184,50021.55,50142.87,True,False
Emergent_abstraction_analogy_a89166,Emergent_abstraction_anticipation_bfad7e,0.6639953946529598,50021.55,50143.21,True,False
Emergent_abstraction_analogy_a89166,Emergent_analogy_autonomy_581819,0.663995394594262,50021.55,50184.37,True,False
Emergent_abstraction_analogy_a89166,Emergent_bounded_contradiction_12fedf,0.6409979404406746,50021.55,50210.46,True,False
Emergent_abstraction_analogy_a89166,Emergent_anticipation_bounded_6c16c4,0.6639953942391787,50021.55,50210.8,True,False
Emergent_abstraction_analogy_a89166,Emergent_beneficence_identity_9dd002,0.6639953843087469,50021.55,50222.52,True,False
Emergent_abstraction_analogy_a89166,Emergent_analogy_anticipation_33cf9b,0.6639953970965473,50021.55,50236.14,True,False
Emergent_abstraction_analogy_a89166,Emergent_appears_asymmetry_630915,0.663995397225009,50021.55,50248.8,True,False
Emergent_abstraction_analogy_a89166,Emergent_appears_asymmetry_7aac44,0.6446936432393063,50021.55,50249.14,True,False
Emergent_abstraction_analogy_a89166,Emergent_ambiguity_analogy_8651fe,0.6639953949266539,50021.55,50262.67,True,False
Emergent_abstraction_analogy_a89166,Emergent_analogy_autonomy_2771b0,0.663995394821854,50021.55,50279.0,True,False
Emergent_abstraction_analogy_a89166,Emergent_beneficence_complexity_2de0b9,0.6467264155552453,50021.55,50293.64,True,False
Emergent_abstraction_analogy_a89166,Emergent_complexity_contradiction_b62804,0.6639953928368758,50021.55,50310.13,True,False
Emergent_abstraction_analogy_a89166,Emergent_autonomy_bounded_ab8b66,0.6639953890916344,50021.55,50325.77,True,False
Emergent_abstraction_analogy_a89166,Emergent_beneficence_bounded_bb35c2,0.6639953896266687,50021.55,50341.05,True,False
Emergent_abstraction_analogy_a89166,Emergent_carefully_coherence_c4d3bc,0.6477330320792481,50021.55,50356.81,True,False
Emergent_abstraction_analogy_a89166,Emergent_beneficence_clarity_d9ce73,0.6639953773973084,50021.55,50373.84,True,False
Emergent_abstraction_analogy_a89166,Emergent_anticipation_clarity_a82e6a,0.6520045335341574,50021.55,50374.18,True,False
Emergent_abstraction_analogy_a89166,Emergent_bounded_emergence_f6197f,0.6639953784892154,50021.55,50388.53,True,False
Emergent_abstraction_analogy_a89166,Emergent_bounded_enforcing_bf268c,0.6584014871039342,50021.55,50388.87,True,False
Emergent_abstraction_analogy_a89166,Emergent_bounded_coherence_9e3f99,0.6639953691300109,50021.55,50404.98,True,False
Emergent_abstraction_analogy_a89166,Emergent_contradiction_emerges_20ad0a,0.6598771198379589,50021.55,50421.64,True,False
Emergent_abstraction_analogy_a89166,Emergent_contradiction_identity_dc441d,0.663180745075248,50021.55,50421.98,True,False
Emergent_abstraction_analogy_a89166,Emergent_beneficence_bounded_5bc638,0.6628928212041809,50021.55,50438.08,True,False
Emergent_abstraction_analogy_a89166,Emergent_autonomy_bounded_94d9e2,0.6639954473176009,50021.55,50471.83,True,False
Emergent_abstraction_analogy_a89166,Emergent_autonomy_beneficence_f6c1c5,0.6597744819383321,50021.55,50472.17,True,False
Emergent_abstraction_analogy_a89166,Emergent_autonomy_clarity_dc06c1,0.6639954083371576,50021.55,50491.32,True,False
Emergent_abstraction_analogy_a89166,Emergent_anticipation_bounded_2f7e1b,0.6639953526508098,50021.55,50509.06,True,False
Emergent_abstraction_analogy_a89166,Emergent_anticipation_autonomy_eda74a,0.6483918614757963,50021.55,50527.27,True,False
Emergent_abstraction_analogy_a89166,Emergent_anticipation_autonomy_a66f28,0.6639951594532767,50021.55,50545.43,True,False
Emergent_abstraction_analogy_a89166,Emergent_autonomy_carefully_2c09b0,0.6639951594532767,50021.55,50545.77,True,False
Emergent_abstraction_analogy_a89166,Emergent_appears_asymmetry_ecd8f7,0.6639951669305497,50021.55,50582.35,True,False
Emergent_abstraction_analogy_a89166,Emergent_beneficence_bounded_21df32,0.6573555399231327,50021.55,50618.38,True,False
Emergent_abstraction_analogy_a89166,Emergent_bounded_complexity_bc9326,0.6401896662035782,50021.55,50637.05,True,False
Emergent_abstraction_analogy_a89166,Emergent_bounded_carefully_f79645,0.6566443561001757,50021.55,50692.4,True,False
Emergent_abstraction_analogy_a89166,Emergent_clarity_complexity_e4a503,0.663980128409805,50021.55,50712.01,True,False
Emergent_abstraction_analogy_a89166,Emergent_beneficence_clarity_9107ae,0.663993767857878,50021.55,50749.3,True,False
Emergent_abstraction_analogy_a89166,Emergent_clarity_connection_47e953,0.6550672752254219,50021.55,50749.64,True,False
Emergent_abstraction_analogy_a89166,Emergent_autonomy_collective_b1eda1,0.6584991135795918,50021.55,50767.68,True,False
Emergent_abstraction_analogy_a89166,Emergent_bounded_coherence_7a6cb5,0.6633234793239663,50021.55,50787.59,True,False
Emergent_abstraction_analogy_a89166,Emergent_appears_asymmetry_955aa5,0.6639555536158305,50021.55,50806.58,True,False
Emergent_abstraction_analogy_a89166,Emergent_anticipation_autonomy_cd3792,0.6463145261366556,50021.55,50825.88,True,False
Emergent_abstraction_analogy_a89166,Emergent_autonomy_beneficence_994988,0.6639869590907486,50021.55,50848.99,True,False
Emergent_abstraction_analogy_a89166,Emergent_coherence_complexity_df52ba,0.6601407315528725,50021.55,50896.23,True,False
Emergent_abstraction_analogy_a89166,Emergent_emergence_from_interaction_enforcing_c5a296,0.664050796152395,50021.55,50952.55,True,False
Emergent_abstraction_analogy_a89166,Emergent_emergence_from_interaction_entropy_74edc9,0.662789974045919,50021.55,50952.89,True,False
Emergent_abstraction_analogy_a89166,Emergent_constraint_contradiction_e4e5c0,0.6514779433697724,50021.55,50973.24,True,False
Emergent_abstraction_analogy_a89166,Emergent_constraint_contradiction_25659b,0.663233690071799,50021.55,50973.58,True,False
Emergent_abstraction_analogy_a89166,Emergent_complexity_constraint_9f426d,0.6534292310976655,50021.55,50993.03,True,False
Emergent_abstraction_analogy_a89166,Emergent_identity_justice_875606,0.6642957216439663,50021.55,51032.83,True,False
Emergent_abstraction_analogy_a89166,Emergent_appears_asymmetry_8dba4c,0.6388769656698277,50021.55,51052.91,True,False
Emergent_abstraction_analogy_a89166,Emergent_beneficence_carefully_a8eeec,0.6542651268490958,50021.55,51132.18,True,False
Emergent_abstraction_analogy_a89166,Emergent_anticipation_carefully_73a81d,0.659881561627572,50021.55,51132.52,True,False
Emergent_abstraction_analogy_a89166,Emergent_autonomy_carefully_dedeae,0.6634832668709629,50021.55,51154.7,True,False
Emergent_abstraction_analogy_a89166,Emergent_autonomy_belief_revision_03bb63,0.658334853425681,50021.55,51175.98,True,False
Emergent_abstraction_analogy_a89166,Emergent_bounded_cognition_444413,0.5861205698628729,50021.55,51317.2,True,False
Emergent_abstraction_analogy_a89166,Emergent_ambiguity_autonomy_b265b2,0.6570021572342222,50021.55,51338.9,True,False
Emergent_abstraction_analogy_a89166,Emergent_anticipation_bounded_305c6e,0.663989410606941,50021.55,51360.93,True,False
Emergent_abstraction_analogy_82c26e,Emergent_abstraction_carefully_e4d960,0.6504872052569681,50021.89,50033.5,True,False
Emergent_abstraction_analogy_82c26e,Emergent_abstraction_analogy_94d11e,0.6504872052515264,50021.89,50048.14,True,False
Emergent_abstraction_analogy_82c26e,Emergent_appears_asymmetry_9e9e75,0.6504872051850962,50021.89,50061.3,True,False
Emergent_abstraction_analogy_82c26e,Emergent_anticipation_appears_dac47e,0.6504872051859623,50021.89,50061.64,True,False
Emergent_abstraction_analogy_82c26e,Emergent_analogy_appears_18b183,0.6504872052496662,50021.89,50075.21,True,False
Emergent_abstraction_analogy_82c26e,Emergent_autonomy_bounded_72bafc,0.6504872051118405,50021.89,50088.16,True,False
Emergent_abstraction_analogy_82c26e,Emergent_appears_asymmetry_3b4238,0.6504872052466122,50021.89,50101.34,True,False
Emergent_abstraction_analogy_82c26e,Emergent_carefully_coherence_6373e7,0.6504872050375692,50021.89,50115.38,True,False
Emergent_abstraction_analogy_82c26e,Emergent_bounded_coherence_5ce930,0.6504872050581879,50021.89,50128.4,True,False
Emergent_abstraction_analogy_82c26e,Emergent_abstraction_attention_9ebe0c,0.6405191853558184,50021.89,50142.87,True,False
Emergent_abstraction_analogy_82c26e,Emergent_abstraction_anticipation_bfad7e,0.6504872049173361,50021.89,50143.21,True,False
Emergent_abstraction_analogy_82c26e,Emergent_analogy_autonomy_581819,0.6504872049217383,50021.89,50184.37,True,False
Emergent_abstraction_analogy_82c26e,Emergent_bounded_contradiction_12fedf,0.6409979404406746,50021.89,50210.46,True,False
Emergent_abstraction_analogy_82c26e,Emergent_anticipation_bounded_6c16c4,0.6504872046621236,50021.89,50210.8,True,False
Emergent_abstraction_analogy_82c26e,Emergent_beneficence_identity_9dd002,0.6504871946511419,50021.89,50222.52,True,False
Emergent_abstraction_analogy_82c26e,Emergent_analogy_anticipation_33cf9b,0.6504872075640211,50021.89,50236.14,True,False
Emergent_abstraction_analogy_82c26e,Emergent_appears_asymmetry_630915,0.650487207692483,50021.89,50248.8,True,False
Emergent_abstraction_analogy_82c26e,Emergent_appears_asymmetry_7aac44,0.6446936432393063,50021.89,50249.14,True,False
Emergent_abstraction_analogy_82c26e,Emergent_ambiguity_analogy_8651fe,0.6504872045505526,50021.89,50262.67,True,False
Emergent_abstraction_analogy_82c26e,Emergent_analogy_autonomy_2771b0,0.6504872057137693,50021.89,50279.0,True,False
Emergent_abstraction_analogy_82c26e,Emergent_beneficence_complexity_2de0b9,0.6467264155552453,50021.89,50293.64,True,False
Emergent_abstraction_analogy_82c26e,Emergent_complexity_contradiction_b62804,0.6504872037287912,50021.89,50310.13,True,False
Emergent_abstraction_analogy_82c26e,Emergent_autonomy_bounded_ab8b66,0.6504871999835496,50021.89,50325.77,True,False
Emergent_abstraction_analogy_82c26e,Emergent_beneficence_bounded_bb35c2,0.6504872005185841,50021.89,50341.05,True,False
Emergent_abstraction_analogy_82c26e,Emergent_carefully_coherence_c4d3bc,0.6477330320792481,50021.89,50356.81,True,False
Emergent_abstraction_analogy_82c26e,Emergent_beneficence_clarity_d9ce73,0.6504871882892236,50021.89,50373.84,True,False
Emergent_abstraction_analogy_82c26e,Emergent_anticipation_clarity_a82e6a,0.6504871882892236,50021.89,50374.18,True,False
Emergent_abstraction_analogy_82c26e,Emergent_bounded_emergence_f6197f,0.6504871893811308,50021.89,50388.53,True,False
Emergent_abstraction_analogy_82c26e,Emergent_bounded_enforcing_bf268c,0.6504871893811308,50021.89,50388.87,True,False
Emergent_abstraction_analogy_82c26e,Emergent_bounded_coherence_9e3f99,0.6504871800219263,50021.89,50404.98,True,False
Emergent_abstraction_analogy_82c26e,Emergent_contradiction_emerges_20ad0a,0.6504871609183033,50021.89,50421.64,True,False
Emergent_abstraction_analogy_82c26e,Emergent_contradiction_identity_dc441d,0.663180745075248,50021.89,50421.98,True,False
Emergent_abstraction_analogy_82c26e,Emergent_beneficence_bounded_5bc638,0.6628928212041809,50021.89,50438.08,True,False
Emergent_abstraction_analogy_82c26e,Emergent_autonomy_bounded_94d9e2,0.6504872603588673,50021.89,50471.83,True,False
Emergent_abstraction_analogy_82c26e,Emergent_autonomy_beneficence_f6c1c5,0.6504872603588673,50021.89,50472.17,True,False
Emergent_abstraction_analogy_82c26e,Emergent_autonomy_clarity_dc06c1,0.6504872213784237,50021.89,50491.32,True,False
Emergent_abstraction_analogy_82c26e,Emergent_anticipation_bounded_2f7e1b,0.6504871656920761,50021.89,50509.06,True,False
Emergent_abstraction_analogy_82c26e,Emergent_anticipation_autonomy_eda74a,0.6483918614757963,50021.89,50527.27,True,False
Emergent_abstraction_analogy_82c26e,Emergent_anticipation_autonomy_a66f28,0.650486972494543,50021.89,50545.43,True,False
Emergent_abstraction_analogy_82c26e,Emergent_autonomy_carefully_2c09b0,0.650486972494543,50021.89,50545.77,True,False
Emergent_abstraction_analogy_82c26e,Emergent_appears_asymmetry_ecd8f7,0.6504870294628197,50021.89,50582.35,True,False
Emergent_abstraction_analogy_82c26e,Emergent_beneficence_bounded_21df32,0.6504866981345174,50021.89,50618.38,True,False
Emergent_abstraction_analogy_82c26e,Emergent_bounded_complexity_bc9326,0.6401896662035782,50021.89,50637.05,True,False
Emergent_abstraction_analogy_82c26e,Emergent_bounded_carefully_f79645,0.6504845081308613,50021.89,50692.4,True,False
Emergent_abstraction_analogy_82c26e,Emergent_clarity_complexity_e4a503,0.6504713159553336,50021.89,50712.01,True,False
Emergent_abstraction_analogy_82c26e,Emergent_beneficence_clarity_9107ae,0.6504859978799278,50021.89,50749.3,True,False
Emergent_abstraction_analogy_82c26e,Emergent_clarity_connection_47e953,0.6504859978799278,50021.89,50749.64,True,False
Emergent_abstraction_analogy_82c26e,Emergent_autonomy_collective_b1eda1,0.6504863264417395,50021.89,50767.68,True,False
Emergent_abstraction_analogy_82c26e,Emergent_bounded_coherence_7a6cb5,0.6504833539467594,50021.89,50787.59,True,False
Emergent_abstraction_analogy_82c26e,Emergent_appears_asymmetry_955aa5,0.6504458020918764,50021.89,50806.58,True,False
Emergent_abstraction_analogy_82c26e,Emergent_anticipation_autonomy_cd3792,0.6463145261366556,50021.89,50825.88,True,False
Emergent_abstraction_analogy_82c26e,Emergent_autonomy_beneficence_994988,0.6504802654934432,50021.89,50848.99,True,False
Emergent_abstraction_analogy_82c26e,Emergent_coherence_complexity_df52ba,0.6501630257536377,50021.89,50896.23,True,False
Emergent_abstraction_analogy_82c26e,Emergent_emergence_from_interaction_enforcing_c5a296,0.6505544922485662,50021.89,50952.55,True,False
Emergent_abstraction_analogy_82c26e,Emergent_emergence_from_interaction_entropy_74edc9,0.6505543667529194,50021.89,50952.89,True,False
Emergent_abstraction_analogy_82c26e,Emergent_constraint_contradiction_e4e5c0,0.649721459938352,50021.89,50973.24,True,False
Emergent_abstraction_analogy_82c26e,Emergent_constraint_contradiction_25659b,0.6497273135315559,50021.89,50973.58,True,False
Emergent_abstraction_analogy_82c26e,Emergent_complexity_constraint_9f426d,0.6507927139612975,50021.89,50993.03,True,False
Emergent_abstraction_analogy_82c26e,Emergent_identity_justice_875606,0.6508350576948165,50021.89,51032.83,True,False
Emergent_abstraction_analogy_82c26e,Emergent_appears_asymmetry_8dba4c,0.6388769656698277,50021.89,51052.91,True,False
Emergent_abstraction_analogy_82c26e,Emergent_beneficence_carefully_a8eeec,0.650890166448117,50021.89,51132.18,True,False
Emergent_abstraction_analogy_82c26e,Emergent_anticipation_carefully_73a81d,0.650890166448117,50021.89,51132.52,True,False
Emergent_abstraction_analogy_82c26e,Emergent_autonomy_carefully_dedeae,0.6500427407011171,50021.89,51154.7,True,False
Emergent_abstraction_analogy_82c26e,Emergent_autonomy_belief_revision_03bb63,0.648832132491117,50021.89,51175.98,True,False
Emergent_abstraction_analogy_82c26e,Emergent_bounded_cognition_444413,0.5683140262986095,50021.89,51317.2,True,False
Emergent_abstraction_analogy_82c26e,Emergent_ambiguity_autonomy_b265b2,0.6570021572342222,50021.89,51338.9,True,False
Emergent_abstraction_analogy_82c26e,Emergent_anticipation_bounded_305c6e,0.663989410606941,50021.89,51360.93,True,False
Emergent_abstraction_carefully_e4d960,Emergent_abstraction_analogy_94d11e,0.6554234159065025,50033.5,50048.14,True,False
Emergent_abstraction_carefully_e4d960,Emergent_appears_asymmetry_9e9e75,0.656660736069272,50033.5,50061.3,True,False
Emergent_abstraction_carefully_e4d960,Emergent_anticipation_appears_dac47e,0.6566607360701548,50033.5,50061.64,True,False
Emergent_abstraction_carefully_e4d960,Emergent_analogy_appears_18b183,0.6566607361292066,50033.5,50075.21,True,False
Emergent_abstraction_carefully_e4d960,Emergent_autonomy_bounded_72bafc,0.6566607359975436,50033.5,50088.16,True,False
Emergent_abstraction_carefully_e4d960,Emergent_appears_asymmetry_3b4238,0.6566607361229131,50033.5,50101.34,True,False
Emergent_abstraction_carefully_e4d960,Emergent_carefully_coherence_6373e7,0.6542585068873735,50033.5,50115.38,True,False
Emergent_abstraction_carefully_e4d960,Emergent_bounded_coherence_5ce930,0.6566607359488572,50033.5,50128.4,True,False
Emergent_abstraction_carefully_e4d960,Emergent_abstraction_attention_9ebe0c,0.6405191853558184,50033.5,50142.87,True,False
Emergent_abstraction_carefully_e4d960,Emergent_abstraction_anticipation_bfad7e,0.6566607358052876,50033.5,50143.21,True,False
Emergent_abstraction_carefully_e4d960,Emergent_analogy_autonomy_581819,0.6566607357808517,50033.5,50184.37,True,False
Emergent_abstraction_carefully_e4d960,Emergent_bounded_contradiction_12fedf,0.6409979404406746,50033.5,50210.46,True,False
Emergent_abstraction_carefully_e4d960,Emergent_anticipation_bounded_6c16c4,0.656660735477606,50033.5,50210.8,True,False
Emergent_abstraction_carefully_e4d960,Emergent_beneficence_identity_9dd002,0.6566607255034372,50033.5,50222.52,True,False
Emergent_abstraction_carefully_e4d960,Emergent_analogy_anticipation_33cf9b,0.6566607383591527,50033.5,50236.14,True,False
Emergent_abstraction_carefully_e4d960,Emergent_appears_asymmetry_630915,0.6566607384876145,50033.5,50248.8,True,False
Emergent_abstraction_carefully_e4d960,Emergent_appears_asymmetry_7aac44,0.6446936432393063,50033.5,50249.14,True,False
Emergent_abstraction_carefully_e4d960,Emergent_ambiguity_analogy_8651fe,0.656660735731216,50033.5,50262.67,True,False
Emergent_abstraction_carefully_e4d960,Emergent_analogy_autonomy_2771b0,0.6566607363149222,50033.5,50279.0,True,False
Emergent_abstraction_carefully_e4d960,Emergent_beneficence_complexity_2de0b9,0.6467264155552453,50033.5,50293.64,True,False
Emergent_abstraction_carefully_e4d960,Emergent_complexity_contradiction_b62804,0.656660734329944,50033.5,50310.13,True,False
Emergent_abstraction_carefully_e4d960,Emergent_autonomy_bounded_ab8b66,0.6566607305847023,50033.5,50325.77,True,False
Emergent_abstraction_carefully_e4d960,Emergent_beneficence_bounded_bb35c2,0.6566607311197368,50033.5,50341.05,True,False
Emergent_abstraction_carefully_e4d960,Emergent_carefully_coherence_c4d3bc,0.6477330320792481,50033.5,50356.81,True,False
Emergent_abstraction_carefully_e4d960,Emergent_beneficence_clarity_d9ce73,0.6566607188903764,50033.5,50373.84,True,False
Emergent_abstraction_carefully_e4d960,Emergent_anticipation_clarity_a82e6a,0.6520045335341574,50033.5,50374.18,True,False
Emergent_abstraction_carefully_e4d960,Emergent_bounded_emergence_f6197f,0.6566607199822836,50033.5,50388.53,True,False
Emergent_abstraction_carefully_e4d960,Emergent_bounded_enforcing_bf268c,0.6566607199822836,50033.5,50388.87,True,False
Emergent_abstraction_carefully_e4d960,Emergent_bounded_coherence_9e3f99,0.6566607106230791,50033.5,50404.98,True,False
Emergent_abstraction_carefully_e4d960,Emergent_contradiction_emerges_20ad0a,0.6566606914518289,50033.5,50421.64,True,False
Emergent_abstraction_carefully_e4d960,Emergent_contradiction_identity_dc441d,0.663180745075248,50033.5,50421.98,True,False
Emergent_abstraction_carefully_e4d960,Emergent_beneficence_bounded_5bc638,0.6628928212041809,50033.5,50438.08,True,False
Emergent_abstraction_carefully_e4d960,Emergent_autonomy_bounded_94d9e2,0.6566607899777208,50033.5,50471.83,True,False
Emergent_abstraction_carefully_e4d960,Emergent_autonomy_beneficence_f6c1c5,0.6566607899777208,50033.5,50472.17,True,False
Emergent_abstraction_carefully_e4d960,Emergent_autonomy_clarity_dc06c1,0.6566607509972773,50033.5,50491.32,True,False
Emergent_abstraction_carefully_e4d960,Emergent_anticipation_bounded_2f7e1b,0.6566606953109295,50033.5,50509.06,True,False
Emergent_abstraction_carefully_e4d960,Emergent_anticipation_autonomy_eda74a,0.6483918614757963,50033.5,50527.27,True,False
Emergent_abstraction_carefully_e4d960,Emergent_anticipation_autonomy_a66f28,0.6566605021133965,50033.5,50545.43,True,False
Emergent_abstraction_carefully_e4d960,Emergent_autonomy_carefully_2c09b0,0.6566605021133965,50033.5,50545.77,True,False
Emergent_abstraction_carefully_e4d960,Emergent_appears_asymmetry_ecd8f7,0.6566605364632286,50033.5,50582.35,True,False
Emergent_abstraction_carefully_e4d960,Emergent_beneficence_bounded_21df32,0.6566602051349264,50033.5,50618.38,True,False
Emergent_abstraction_carefully_e4d960,Emergent_bounded_complexity_bc9326,0.6401896662035782,50033.5,50637.05,True,False
Emergent_abstraction_carefully_e4d960,Emergent_bounded_carefully_f79645,0.6566443561001757,50033.5,50692.4,True,False
Emergent_abstraction_carefully_e4d960,Emergent_clarity_complexity_e4a503,0.6566451314390833,50033.5,50712.01,True,False
Emergent_abstraction_carefully_e4d960,Emergent_beneficence_clarity_9107ae,0.6566593369296675,50033.5,50749.3,True,False
Emergent_abstraction_carefully_e4d960,Emergent_clarity_connection_47e953,0.6550672752254219,50033.5,50749.64,True,False
Emergent_abstraction_carefully_e4d960,Emergent_autonomy_collective_b1eda1,0.6566596654914791,50033.5,50767.68,True,False
Emergent_abstraction_carefully_e4d960,Emergent_bounded_coherence_7a6cb5,0.6566566899816793,50033.5,50787.59,True,False
Emergent_abstraction_carefully_e4d960,Emergent_appears_asymmetry_955aa5,0.6566200467504135,50033.5,50806.58,True,False
Emergent_abstraction_carefully_e4d960,Emergent_anticipation_autonomy_cd3792,0.6463145261366556,50033.5,50825.88,True,False
Emergent_abstraction_carefully_e4d960,Emergent_autonomy_beneficence_994988,0.6566531126142651,50033.5,50848.99,True,False
Emergent_abstraction_carefully_e4d960,Emergent_coherence_complexity_df52ba,0.6563367676412754,50033.5,50896.23,True,False
Emergent_abstraction_carefully_e4d960,Emergent_emergence_from_interaction_enforcing_c5a296,0.6567225910578194,50033.5,50952.55,True,False
Emergent_abstraction_carefully_e4d960,Emergent_emergence_from_interaction_entropy_74edc9,0.6567224631407672,50033.5,50952.89,True,False
Emergent_abstraction_carefully_e4d960,Emergent_constraint_contradiction_e4e5c0,0.6514779433697724,50033.5,50973.24,True,False
Emergent_abstraction_carefully_e4d960,Emergent_constraint_contradiction_25659b,0.6559000157505364,50033.5,50973.58,True,False
Emergent_abstraction_carefully_e4d960,Emergent_complexity_constraint_9f426d,0.6534292310976655,50033.5,50993.03,True,False
Emergent_abstraction_carefully_e4d960,Emergent_identity_justice_875606,0.6569868682844517,50033.5,51032.83,True,False
Emergent_abstraction_carefully_e4d960,Emergent_appears_asymmetry_8dba4c,0.6388769656698277,50033.5,51052.91,True,False
Emergent_abstraction_carefully_e4d960,Emergent_beneficence_carefully_a8eeec,0.6542651268490958,50033.5,51132.18,True,False
Emergent_abstraction_carefully_e4d960,Emergent_anticipation_carefully_73a81d,0.6570327736429984,50033.5,51132.52,True,False
Emergent_abstraction_carefully_e4d960,Emergent_autonomy_carefully_dedeae,0.6561853478959985,50033.5,51154.7,True,False
Emergent_abstraction_carefully_e4d960,Emergent_autonomy_belief_revision_03bb63,0.6549747396859984,50033.5,51175.98,True,False
Emergent_abstraction_carefully_e4d960,Emergent_bounded_cognition_444413,0.5764519965857553,50033.5,51317.2,True,False
Emergent_abstraction_carefully_e4d960,Emergent_ambiguity_autonomy_b265b2,0.6570021572342222,50033.5,51338.9,True,False
Emergent_abstraction_carefully_e4d960,Emergent_anticipation_bounded_305c6e,0.663989410606941,50033.5,51360.93,True,False
Emergent_abstraction_analogy_94d11e,Emergent_appears_asymmetry_9e9e75,0.6554234158425039,50048.14,50061.3,True,False
Emergent_abstraction_analogy_94d11e,Emergent_anticipation_appears_dac47e,0.6554234158433833,50048.14,50061.64,True,False
Emergent_abstraction_analogy_94d11e,Emergent_analogy_appears_18b183,0.6554234159033675,50048.14,50075.21,True,False
Emergent_abstraction_analogy_94d11e,Emergent_autonomy_bounded_72bafc,0.6554234157704693,50048.14,50088.16,True,False
Emergent_abstraction_analogy_94d11e,Emergent_appears_asymmetry_3b4238,0.6554234158977231,50048.14,50101.34,True,False
Emergent_abstraction_analogy_94d11e,Emergent_carefully_coherence_6373e7,0.6542585068873735,50048.14,50115.38,True,False
Emergent_abstraction_analogy_94d11e,Emergent_bounded_coherence_5ce930,0.6554234157207875,50048.14,50128.4,True,False
Emergent_abstraction_analogy_94d11e,Emergent_abstraction_attention_9ebe0c,0.6405191853558184,50048.14,50142.87,True,False
Emergent_abstraction_analogy_94d11e,Emergent_abstraction_anticipation_bfad7e,0.6554234155777626,50048.14,50143.21,True,False
Emergent_abstraction_analogy_94d11e,Emergent_analogy_autonomy_581819,0.6554234155591067,50048.14,50184.37,True,False
Emergent_abstraction_analogy_94d11e,Emergent_bounded_contradiction_12fedf,0.6409979404406746,50048.14,50210.46,True,False
Emergent_abstraction_analogy_94d11e,Emergent_anticipation_bounded_6c16c4,0.6554234152646055,50048.14,50210.8,True,False
Emergent_abstraction_analogy_94d11e,Emergent_beneficence_identity_9dd002,0.6554234052830585,50048.14,50222.52,True,False
Emergent_abstraction_analogy_94d11e,Emergent_analogy_anticipation_33cf9b,0.6554234181502311,50048.14,50236.14,True,False
Emergent_abstraction_analogy_94d11e,Emergent_appears_asymmetry_630915,0.6554234182786929,50048.14,50248.8,True,False
Emergent_abstraction_analogy_94d11e,Emergent_appears_asymmetry_7aac44,0.6446936432393063,50048.14,50249.14,True,False
Emergent_abstraction_analogy_94d11e,Emergent_ambiguity_analogy_8651fe,0.6554234154450247,50048.14,50262.67,True,False
Emergent_abstraction_analogy_94d11e,Emergent_analogy_autonomy_2771b0,0.6554234161448783,50048.14,50279.0,True,False
Emergent_abstraction_analogy_94d11e,Emergent_beneficence_complexity_2de0b9,0.6467264155552453,50048.14,50293.64,True,False
Emergent_abstraction_analogy_94d11e,Emergent_complexity_contradiction_b62804,0.6554234141599001,50048.14,50310.13,True,False
Emergent_abstraction_analogy_94d11e,Emergent_autonomy_bounded_ab8b66,0.6554234104146585,50048.14,50325.77,True,False
Emergent_abstraction_analogy_94d11e,Emergent_beneficence_bounded_bb35c2,0.655423410949693,50048.14,50341.05,True,False
Emergent_abstraction_analogy_94d11e,Emergent_carefully_coherence_c4d3bc,0.6477330320792481,50048.14,50356.81,True,False
Emergent_abstraction_analogy_94d11e,Emergent_beneficence_clarity_d9ce73,0.6554233987203326,50048.14,50373.84,True,False
Emergent_abstraction_analogy_94d11e,Emergent_anticipation_clarity_a82e6a,0.6520045335341574,50048.14,50374.18,True,False
Emergent_abstraction_analogy_94d11e,Emergent_bounded_emergence_f6197f,0.6554233998122398,50048.14,50388.53,True,False
Emergent_abstraction_analogy_94d11e,Emergent_bounded_enforcing_bf268c,0.6554233998122398,50048.14,50388.87,True,False
Emergent_abstraction_analogy_94d11e,Emergent_bounded_coherence_9e3f99,0.6554233904530353,50048.14,50404.98,True,False
Emergent_abstraction_analogy_94d11e,Emergent_contradiction_emerges_20ad0a,0.6554233712953392,50048.14,50421.64,True,False
Emergent_abstraction_analogy_94d11e,Emergent_contradiction_identity_dc441d,0.663180745075248,50048.14,50421.98,True,False
Emergent_abstraction_analogy_94d11e,Emergent_beneficence_bounded_5bc638,0.6628928212041809,50048.14,50438.08,True,False
Emergent_abstraction_analogy_94d11e,Emergent_autonomy_bounded_94d9e2,0.6554234700045528,50048.14,50471.83,True,False
Emergent_abstraction_analogy_94d11e,Emergent_autonomy_beneficence_f6c1c5,0.6554234700045528,50048.14,50472.17,True,False
Emergent_abstraction_analogy_94d11e,Emergent_autonomy_clarity_dc06c1,0.6554234310241094,50048.14,50491.32,True,False
Emergent_abstraction_analogy_94d11e,Emergent_anticipation_bounded_2f7e1b,0.6554233753377616,50048.14,50509.06,True,False
Emergent_abstraction_analogy_94d11e,Emergent_anticipation_autonomy_eda74a,0.6483918614757963,50048.14,50527.27,True,False
Emergent_abstraction_analogy_94d11e,Emergent_anticipation_autonomy_a66f28,0.6554231821402285,50048.14,50545.43,True,False
Emergent_abstraction_analogy_94d11e,Emergent_autonomy_carefully_2c09b0,0.6554231821402285,50048.14,50545.77,True,False
Emergent_abstraction_analogy_94d11e,Emergent_appears_asymmetry_ecd8f7,0.6554232210233268,50048.14,50582.35,True,False
Emergent_abstraction_analogy_94d11e,Emergent_beneficence_bounded_21df32,0.6554228896950246,50048.14,50618.38,True,False
Emergent_abstraction_analogy_94d11e,Emergent_bounded_complexity_bc9326,0.6401896662035782,50048.14,50637.05,True,False
Emergent_abstraction_analogy_94d11e,Emergent_bounded_carefully_f79645,0.6554206985416162,50048.14,50692.4,True,False
Emergent_abstraction_analogy_94d11e,Emergent_clarity_complexity_e4a503,0.6554077541718928,50048.14,50712.01,True,False
Emergent_abstraction_analogy_94d11e,Emergent_beneficence_clarity_9107ae,0.6554220551510146,50048.14,50749.3,True,False
Emergent_abstraction_analogy_94d11e,Emergent_clarity_connection_47e953,0.6550672752254219,50048.14,50749.64,True,False
Emergent_abstraction_analogy_94d11e,Emergent_autonomy_collective_b1eda1,0.6554223837128265,50048.14,50767.68,True,False
Emergent_abstraction_analogy_94d11e,Emergent_bounded_coherence_7a6cb5,0.6554194088072671,50048.14,50787.59,True,False
Emergent_abstraction_analogy_94d11e,Emergent_appears_asymmetry_955aa5,0.6553825834665407,50048.14,50806.58,True,False
Emergent_abstraction_analogy_94d11e,Emergent_anticipation_autonomy_cd3792,0.6463145261366556,50048.14,50825.88,True,False
Emergent_abstraction_analogy_94d11e,Emergent_autonomy_beneficence_994988,0.6554159294296926,50048.14,50848.99,True,False
Emergent_abstraction_analogy_94d11e,Emergent_coherence_complexity_df52ba,0.6550994051244698,50048.14,50896.23,True,False
Emergent_abstraction_analogy_94d11e,Emergent_emergence_from_interaction_enforcing_c5a296,0.6554863595461319,50048.14,50952.55,True,False
Emergent_abstraction_analogy_94d11e,Emergent_emergence_from_interaction_entropy_74edc9,0.6554862321143862,50048.14,50952.89,True,False
Emergent_abstraction_analogy_94d11e,Emergent_constraint_contradiction_e4e5c0,0.6514779433697724,50048.14,50973.24,True,False
Emergent_abstraction_analogy_94d11e,Emergent_constraint_contradiction_25659b,0.6546628616076877,50048.14,50973.58,True,False
Emergent_abstraction_analogy_94d11e,Emergent_complexity_constraint_9f426d,0.6534292310976655,50048.14,50993.03,True,False
Emergent_abstraction_analogy_94d11e,Emergent_identity_justice_875606,0.655753901313587,50048.14,51032.83,True,False
Emergent_abstraction_analogy_94d11e,Emergent_appears_asymmetry_8dba4c,0.6388769656698277,50048.14,51052.91,True,False
Emergent_abstraction_analogy_94d11e,Emergent_beneficence_carefully_a8eeec,0.6542651268490958,50048.14,51132.18,True,False
Emergent_abstraction_analogy_94d11e,Emergent_anticipation_carefully_73a81d,0.6558016512480654,50048.14,51132.52,True,False
Emergent_abstraction_analogy_94d11e,Emergent_autonomy_carefully_dedeae,0.6549542255010655,50048.14,51154.7,True,False
Emergent_abstraction_analogy_94d11e,Emergent_autonomy_belief_revision_03bb63,0.6537436172910654,50048.14,51175.98,True,False
Emergent_abstraction_analogy_94d11e,Emergent_bounded_cognition_444413,0.5748209566784416,50048.14,51317.2,True,False
Emergent_abstraction_analogy_94d11e,Emergent_ambiguity_autonomy_b265b2,0.6570021572342222,50048.14,51338.9,True,False
Emergent_abstraction_analogy_94d11e,Emergent_anticipation_bounded_305c6e,0.663989410606941,50048.14,51360.93,True,False
Emergent_appears_asymmetry_9e9e75,Emergent_anticipation_appears_dac47e,0.666983051941502,50061.3,50061.64,True,False
Emergent_appears_asymmetry_9e9e75,Emergent_analogy_appears_18b183,0.665551148777606,50061.3,50075.21,True,False
Emergent_appears_asymmetry_9e9e75,Emergent_autonomy_bounded_72bafc,0.6643291348849354,50061.3,50088.16,True,False
Emergent_appears_asymmetry_9e9e75,Emergent_appears_asymmetry_3b4238,0.6633874161062532,50061.3,50101.34,True,False
Emergent_appears_asymmetry_9e9e75,Emergent_carefully_coherence_6373e7,0.6542585068873735,50061.3,50115.38,True,False
Emergent_appears_asymmetry_9e9e75,Emergent_bounded_coherence_5ce930,0.6669830518680577,50061.3,50128.4,True,False
Emergent_appears_asymmetry_9e9e75,Emergent_abstraction_attention_9ebe0c,0.6405191853558184,50061.3,50142.87,True,False
Emergent_appears_asymmetry_9e9e75,Emergent_abstraction_anticipation_bfad7e,0.6669830517199441,50061.3,50143.21,True,False
Emergent_appears_asymmetry_9e9e75,Emergent_analogy_autonomy_581819,0.6640201604633018,50061.3,50184.37,True,False
Emergent_appears_asymmetry_9e9e75,Emergent_bounded_contradiction_12fedf,0.6409979404406746,50061.3,50210.46,True,False
Emergent_appears_asymmetry_9e9e75,Emergent_anticipation_bounded_6c16c4,0.6669830512710917,50061.3,50210.8,True,False
Emergent_appears_asymmetry_9e9e75,Emergent_beneficence_identity_9dd002,0.6669830413584756,50061.3,50222.52,True,False
Emergent_appears_asymmetry_9e9e75,Emergent_analogy_anticipation_33cf9b,0.6669830541186118,50061.3,50236.14,True,False
Emergent_appears_asymmetry_9e9e75,Emergent_appears_asymmetry_630915,0.6669830542470736,50061.3,50248.8,True,False
Emergent_appears_asymmetry_9e9e75,Emergent_appears_asymmetry_7aac44,0.6446936432393063,50061.3,50249.14,True,False
Emergent_appears_asymmetry_9e9e75,Emergent_ambiguity_analogy_8651fe,0.6669830521352952,50061.3,50262.67,True,False
Emergent_appears_asymmetry_9e9e75,Emergent_analogy_autonomy_2771b0,0.6646930752289514,50061.3,50279.0,True,False
Emergent_appears_asymmetry_9e9e75,Emergent_beneficence_complexity_2de0b9,0.6467264155552453,50061.3,50293.64,True,False
Emergent_appears_asymmetry_9e9e75,Emergent_complexity_contradiction_b62804,0.6669830497650651,50061.3,50310.13,True,False
Emergent_appears_asymmetry_9e9e75,Emergent_autonomy_bounded_ab8b66,0.6669830460198234,50061.3,50325.77,True,False
Emergent_appears_asymmetry_9e9e75,Emergent_beneficence_bounded_bb35c2,0.6662654534759695,50061.3,50341.05,True,False
Emergent_appears_asymmetry_9e9e75,Emergent_carefully_coherence_c4d3bc,0.6477330320792481,50061.3,50356.81,True,False
Emergent_appears_asymmetry_9e9e75,Emergent_beneficence_clarity_d9ce73,0.6669830343254974,50061.3,50373.84,True,False
Emergent_appears_asymmetry_9e9e75,Emergent_anticipation_clarity_a82e6a,0.6520045335341574,50061.3,50374.18,True,False
Emergent_appears_asymmetry_9e9e75,Emergent_bounded_emergence_f6197f,0.6669830354174046,50061.3,50388.53,True,False
Emergent_appears_asymmetry_9e9e75,Emergent_bounded_enforcing_bf268c,0.6584014871039342,50061.3,50388.87,True,False
Emergent_appears_asymmetry_9e9e75,Emergent_bounded_coherence_9e3f99,0.6669830260582003,50061.3,50404.98,True,False
Emergent_appears_asymmetry_9e9e75,Emergent_contradiction_emerges_20ad0a,0.6598771198379589,50061.3,50421.64,True,False
Emergent_appears_asymmetry_9e9e75,Emergent_contradiction_identity_dc441d,0.663180745075248,50061.3,50421.98,True,False
Emergent_appears_asymmetry_9e9e75,Emergent_beneficence_bounded_5bc638,0.6628928212041809,50061.3,50438.08,True,False
Emergent_appears_asymmetry_9e9e75,Emergent_autonomy_bounded_94d9e2,0.6669831037704101,50061.3,50471.83,True,False
Emergent_appears_asymmetry_9e9e75,Emergent_autonomy_beneficence_f6c1c5,0.6597744819383321,50061.3,50472.17,True,False
Emergent_appears_asymmetry_9e9e75,Emergent_autonomy_clarity_dc06c1,0.6669830647899668,50061.3,50491.32,True,False
Emergent_appears_asymmetry_9e9e75,Emergent_anticipation_bounded_2f7e1b,0.666983009103619,50061.3,50509.06,True,False
Emergent_appears_asymmetry_9e9e75,Emergent_anticipation_autonomy_eda74a,0.6483918614757963,50061.3,50527.27,True,False
Emergent_appears_asymmetry_9e9e75,Emergent_anticipation_autonomy_a66f28,0.666982815906086,50061.3,50545.43,True,False
Emergent_appears_asymmetry_9e9e75,Emergent_autonomy_carefully_2c09b0,0.666982815906086,50061.3,50545.77,True,False
Emergent_appears_asymmetry_9e9e75,Emergent_appears_asymmetry_ecd8f7,0.6669828124372477,50061.3,50582.35,True,False
Emergent_appears_asymmetry_9e9e75,Emergent_beneficence_bounded_21df32,0.6573555399231327,50061.3,50618.38,True,False
Emergent_appears_asymmetry_9e9e75,Emergent_bounded_complexity_bc9326,0.6401896662035782,50061.3,50637.05,True,False
Emergent_appears_asymmetry_9e9e75,Emergent_bounded_carefully_f79645,0.6566443561001757,50061.3,50692.4,True,False
Emergent_appears_asymmetry_9e9e75,Emergent_clarity_complexity_e4a503,0.6669679232058563,50061.3,50712.01,True,False
Emergent_appears_asymmetry_9e9e75,Emergent_beneficence_clarity_9107ae,0.6669813320854807,50061.3,50749.3,True,False
Emergent_appears_asymmetry_9e9e75,Emergent_clarity_connection_47e953,0.6550672752254219,50061.3,50749.64,True,False
Emergent_appears_asymmetry_9e9e75,Emergent_autonomy_collective_b1eda1,0.6584991135795918,50061.3,50767.68,True,False
Emergent_appears_asymmetry_9e9e75,Emergent_bounded_coherence_7a6cb5,0.6633234793239663,50061.3,50787.59,True,False
Emergent_appears_asymmetry_9e9e75,Emergent_appears_asymmetry_955aa5,0.6669435561094067,50061.3,50806.58,True,False
Emergent_appears_asymmetry_9e9e75,Emergent_anticipation_autonomy_cd3792,0.6463145261366556,50061.3,50825.88,True,False
Emergent_appears_asymmetry_9e9e75,Emergent_autonomy_beneficence_994988,0.6669742852512008,50061.3,50848.99,True,False
Emergent_appears_asymmetry_9e9e75,Emergent_coherence_complexity_df52ba,0.6601407315528725,50061.3,50896.23,True,False
Emergent_appears_asymmetry_9e9e75,Emergent_emergence_from_interaction_enforcing_c5a296,0.6670358243853126,50061.3,50952.55,True,False
Emergent_appears_asymmetry_9e9e75,Emergent_emergence_from_interaction_entropy_74edc9,0.662789974045919,50061.3,50952.89,True,False
Emergent_appears_asymmetry_9e9e75,Emergent_constraint_contradiction_e4e5c0,0.6514779433697724,50061.3,50973.24,True,False
Emergent_appears_asymmetry_9e9e75,Emergent_constraint_contradiction_25659b,0.6662209461075497,50061.3,50973.58,True,False
Emergent_appears_asymmetry_9e9e75,Emergent_complexity_constraint_9f426d,0.6534292310976655,50061.3,50993.03,True,False
Emergent_appears_asymmetry_9e9e75,Emergent_identity_justice_875606,0.6672728672542269,50061.3,51032.83,True,False
Emergent_appears_asymmetry_9e9e75,Emergent_appears_asymmetry_8dba4c,0.6388769656698277,50061.3,51052.91,True,False
Emergent_appears_asymmetry_9e9e75,Emergent_beneficence_carefully_a8eeec,0.6542651268490958,50061.3,51132.18,True,False
Emergent_appears_asymmetry_9e9e75,Emergent_anticipation_carefully_73a81d,0.659881561627572,50061.3,51132.52,True,False
Emergent_appears_asymmetry_9e9e75,Emergent_autonomy_carefully_dedeae,0.6664559585329279,50061.3,51154.7,True,False
Emergent_appears_asymmetry_9e9e75,Emergent_autonomy_belief_revision_03bb63,0.658334853425681,50061.3,51175.98,True,False
Emergent_appears_asymmetry_9e9e75,Emergent_bounded_cognition_444413,0.5900589099927896,50061.3,51317.2,True,False
Emergent_appears_asymmetry_9e9e75,Emergent_ambiguity_autonomy_b265b2,0.6570021572342222,50061.3,51338.9,True,False
Emergent_appears_asymmetry_9e9e75,Emergent_anticipation_bounded_305c6e,0.663989410606941,50061.3,51360.93,True,False
Emergent_anticipation_appears_dac47e,Emergent_analogy_appears_18b183,0.665551148777606,50061.64,50075.21,True,False
Emergent_anticipation_appears_dac47e,Emergent_autonomy_bounded_72bafc,0.6643291348849354,50061.64,50088.16,True,False
Emergent_anticipation_appears_dac47e,Emergent_appears_asymmetry_3b4238,0.6633874161062532,50061.64,50101.34,True,False
Emergent_anticipation_appears_dac47e,Emergent_carefully_coherence_6373e7,0.6542585068873735,50061.64,50115.38,True,False
Emergent_anticipation_appears_dac47e,Emergent_bounded_coherence_5ce930,0.6742577795294136,50061.64,50128.4,True,False
Emergent_anticipation_appears_dac47e,Emergent_abstraction_attention_9ebe0c,0.6405191853558184,50061.64,50142.87,True,False
Emergent_anticipation_appears_dac47e,Emergent_abstraction_anticipation_bfad7e,0.6696673074112844,50061.64,50143.21,True,False
Emergent_anticipation_appears_dac47e,Emergent_analogy_autonomy_581819,0.6640201604633018,50061.64,50184.37,True,False
Emergent_anticipation_appears_dac47e,Emergent_bounded_contradiction_12fedf,0.6409979404406746,50061.64,50210.46,True,False
Emergent_anticipation_appears_dac47e,Emergent_anticipation_bounded_6c16c4,0.6756413203615381,50061.64,50210.8,True,False
Emergent_anticipation_appears_dac47e,Emergent_beneficence_identity_9dd002,0.6718373386936936,50061.64,50222.52,True,False
Emergent_anticipation_appears_dac47e,Emergent_analogy_anticipation_33cf9b,0.6756413231805168,50061.64,50236.14,True,False
Emergent_anticipation_appears_dac47e,Emergent_appears_asymmetry_630915,0.6716242132366822,50061.64,50248.8,True,False
Emergent_anticipation_appears_dac47e,Emergent_appears_asymmetry_7aac44,0.6446936432393063,50061.64,50249.14,True,False
Emergent_anticipation_appears_dac47e,Emergent_ambiguity_analogy_8651fe,0.6721978674357901,50061.64,50262.67,True,False
Emergent_anticipation_appears_dac47e,Emergent_analogy_autonomy_2771b0,0.6646930752289514,50061.64,50279.0,True,False
Emergent_anticipation_appears_dac47e,Emergent_beneficence_complexity_2de0b9,0.6467264155552453,50061.64,50293.64,True,False
Emergent_anticipation_appears_dac47e,Emergent_complexity_contradiction_b62804,0.6756413185549183,50061.64,50310.13,True,False
Emergent_anticipation_appears_dac47e,Emergent_autonomy_bounded_ab8b66,0.6720757163115423,50061.64,50325.77,True,False
Emergent_anticipation_appears_dac47e,Emergent_beneficence_bounded_bb35c2,0.6662654534759695,50061.64,50341.05,True,False
Emergent_anticipation_appears_dac47e,Emergent_carefully_coherence_c4d3bc,0.6477330320792481,50061.64,50356.81,True,False
Emergent_anticipation_appears_dac47e,Emergent_beneficence_clarity_d9ce73,0.6756413031153505,50061.64,50373.84,True,False
Emergent_anticipation_appears_dac47e,Emergent_anticipation_clarity_a82e6a,0.6520045335341574,50061.64,50374.18,True,False
Emergent_anticipation_appears_dac47e,Emergent_bounded_emergence_f6197f,0.6696558500168285,50061.64,50388.53,True,False
Emergent_anticipation_appears_dac47e,Emergent_bounded_enforcing_bf268c,0.6584014871039342,50061.64,50388.87,True,False
Emergent_anticipation_appears_dac47e,Emergent_bounded_coherence_9e3f99,0.672852636780134,50061.64,50404.98,True,False
Emergent_anticipation_appears_dac47e,Emergent_contradiction_emerges_20ad0a,0.6598771198379589,50061.64,50421.64,True,False
Emergent_anticipation_appears_dac47e,Emergent_contradiction_identity_dc441d,0.663180745075248,50061.64,50421.98,True,False
Emergent_anticipation_appears_dac47e,Emergent_beneficence_bounded_5bc638,0.6628928212041809,50061.64,50438.08,True,False
Emergent_anticipation_appears_dac47e,Emergent_autonomy_bounded_94d9e2,0.6756413711826058,50061.64,50471.83,True,False
Emergent_anticipation_appears_dac47e,Emergent_autonomy_beneficence_f6c1c5,0.6597744819383321,50061.64,50472.17,True,False
Emergent_anticipation_appears_dac47e,Emergent_autonomy_clarity_dc06c1,0.6727036723560478,50061.64,50491.32,True,False
Emergent_anticipation_appears_dac47e,Emergent_anticipation_bounded_2f7e1b,0.6756412765158146,50061.64,50509.06,True,False
Emergent_anticipation_appears_dac47e,Emergent_anticipation_autonomy_eda74a,0.6483918614757963,50061.64,50527.27,True,False
Emergent_anticipation_appears_dac47e,Emergent_anticipation_autonomy_a66f28,0.6698186903027202,50061.64,50545.43,True,False
Emergent_anticipation_appears_dac47e,Emergent_autonomy_carefully_2c09b0,0.6698494826396452,50061.64,50545.77,True,False
Emergent_anticipation_appears_dac47e,Emergent_appears_asymmetry_ecd8f7,0.6756410481274702,50061.64,50582.35,True,False
Emergent_anticipation_appears_dac47e,Emergent_beneficence_bounded_21df32,0.6573555399231327,50061.64,50618.38,True,False
Emergent_anticipation_appears_dac47e,Emergent_bounded_complexity_bc9326,0.6401896662035782,50061.64,50637.05,True,False
Emergent_anticipation_appears_dac47e,Emergent_bounded_carefully_f79645,0.6566443561001757,50061.64,50692.4,True,False
Emergent_anticipation_appears_dac47e,Emergent_clarity_complexity_e4a503,0.6721426007190503,50061.64,50712.01,True,False
Emergent_anticipation_appears_dac47e,Emergent_beneficence_clarity_9107ae,0.6699856915394085,50061.64,50749.3,True,False
Emergent_anticipation_appears_dac47e,Emergent_clarity_connection_47e953,0.6550672752254219,50061.64,50749.64,True,False
Emergent_anticipation_appears_dac47e,Emergent_autonomy_collective_b1eda1,0.6584991135795918,50061.64,50767.68,True,False
Emergent_anticipation_appears_dac47e,Emergent_bounded_coherence_7a6cb5,0.6633234793239663,50061.64,50787.59,True,False
Emergent_anticipation_appears_dac47e,Emergent_appears_asymmetry_955aa5,0.6747632689587365,50061.64,50806.58,True,False
Emergent_anticipation_appears_dac47e,Emergent_anticipation_autonomy_cd3792,0.6463145261366556,50061.64,50825.88,True,False
Emergent_anticipation_appears_dac47e,Emergent_autonomy_beneficence_994988,0.6756315954718335,50061.64,50848.99,True,False
Emergent_anticipation_appears_dac47e,Emergent_coherence_complexity_df52ba,0.6601407315528725,50061.64,50896.23,True,False
Emergent_anticipation_appears_dac47e,Emergent_emergence_from_interaction_enforcing_c5a296,0.6695765604444727,50061.64,50952.55,True,False
Emergent_anticipation_appears_dac47e,Emergent_emergence_from_interaction_entropy_74edc9,0.662789974045919,50061.64,50952.89,True,False
Emergent_anticipation_appears_dac47e,Emergent_constraint_contradiction_e4e5c0,0.6514779433697724,50061.64,50973.24,True,False
Emergent_anticipation_appears_dac47e,Emergent_constraint_contradiction_25659b,0.6748780531058814,50061.64,50973.58,True,False
Emergent_anticipation_appears_dac47e,Emergent_complexity_constraint_9f426d,0.6534292310976655,50061.64,50993.03,True,False
Emergent_anticipation_appears_dac47e,Emergent_identity_justice_875606,0.6688771701002029,50061.64,51032.83,True,False
Emergent_anticipation_appears_dac47e,Emergent_appears_asymmetry_8dba4c,0.6388769656698277,50061.64,51052.91,True,False
Emergent_anticipation_appears_dac47e,Emergent_beneficence_carefully_a8eeec,0.6542651268490958,50061.64,51132.18,True,False
Emergent_anticipation_appears_dac47e,Emergent_anticipation_carefully_73a81d,0.659881561627572,50061.64,51132.52,True,False
Emergent_anticipation_appears_dac47e,Emergent_autonomy_carefully_dedeae,0.6750708577858506,50061.64,51154.7,True,False
Emergent_anticipation_appears_dac47e,Emergent_autonomy_belief_revision_03bb63,0.658334853425681,50061.64,51175.98,True,False
Emergent_anticipation_appears_dac47e,Emergent_bounded_cognition_444413,0.6014722711149958,50061.64,51317.2,True,False
Emergent_anticipation_appears_dac47e,Emergent_ambiguity_autonomy_b265b2,0.6570021572342222,50061.64,51338.9,True,False
Emergent_anticipation_appears_dac47e,Emergent_anticipation_bounded_305c6e,0.663989410606941,50061.64,51360.93,True,False
Emergent_analogy_appears_18b183,Emergent_autonomy_bounded_72bafc,0.6643291348849354,50075.21,50088.16,True,False
Emergent_analogy_appears_18b183,Emergent_appears_asymmetry_3b4238,0.6633874161062532,50075.21,50101.34,True,False
Emergent_analogy_appears_18b183,Emergent_carefully_coherence_6373e7,0.6542585068873735,50075.21,50115.38,True,False
Emergent_analogy_appears_18b183,Emergent_bounded_coherence_5ce930,0.6655511486132829,50075.21,50128.4,True,False
Emergent_analogy_appears_18b183,Emergent_abstraction_attention_9ebe0c,0.6405191853558184,50075.21,50142.87,True,False
Emergent_analogy_appears_18b183,Emergent_abstraction_anticipation_bfad7e,0.6655511484657995,50075.21,50143.21,True,False
Emergent_analogy_appears_18b183,Emergent_analogy_autonomy_581819,0.6640201604633018,50075.21,50184.37,True,False
Emergent_analogy_appears_18b183,Emergent_bounded_contradiction_12fedf,0.6409979404406746,50075.21,50210.46,True,False
Emergent_analogy_appears_18b183,Emergent_anticipation_bounded_6c16c4,0.6655511480337559,50075.21,50210.8,True,False
Emergent_analogy_appears_18b183,Emergent_beneficence_identity_9dd002,0.6655511381126014,50075.21,50222.52,True,False
Emergent_analogy_appears_18b183,Emergent_analogy_anticipation_33cf9b,0.665551150885996,50075.21,50236.14,True,False
Emergent_analogy_appears_18b183,Emergent_appears_asymmetry_630915,0.665551151014458,50075.21,50248.8,True,False
Emergent_analogy_appears_18b183,Emergent_appears_asymmetry_7aac44,0.6446936432393063,50075.21,50249.14,True,False
Emergent_analogy_appears_18b183,Emergent_ambiguity_analogy_8651fe,0.6655511488132583,50075.21,50262.67,True,False
Emergent_analogy_appears_18b183,Emergent_analogy_autonomy_2771b0,0.6646930752289514,50075.21,50279.0,True,False
Emergent_analogy_appears_18b183,Emergent_beneficence_complexity_2de0b9,0.6467264155552453,50075.21,50293.64,True,False
Emergent_analogy_appears_18b183,Emergent_complexity_contradiction_b62804,0.6655511465774413,50075.21,50310.13,True,False
Emergent_analogy_appears_18b183,Emergent_autonomy_bounded_ab8b66,0.6655511428321997,50075.21,50325.77,True,False
Emergent_analogy_appears_18b183,Emergent_beneficence_bounded_bb35c2,0.6655511433672342,50075.21,50341.05,True,False
Emergent_analogy_appears_18b183,Emergent_carefully_coherence_c4d3bc,0.6477330320792481,50075.21,50356.81,True,False
Emergent_analogy_appears_18b183,Emergent_beneficence_clarity_d9ce73,0.6655511311378737,50075.21,50373.84,True,False
Emergent_analogy_appears_18b183,Emergent_anticipation_clarity_a82e6a,0.6520045335341574,50075.21,50374.18,True,False
Emergent_analogy_appears_18b183,Emergent_bounded_emergence_f6197f,0.6655511322297809,50075.21,50388.53,True,False
Emergent_analogy_appears_18b183,Emergent_bounded_enforcing_bf268c,0.6584014871039342,50075.21,50388.87,True,False
Emergent_analogy_appears_18b183,Emergent_bounded_coherence_9e3f99,0.6655511228705764,50075.21,50404.98,True,False
Emergent_analogy_appears_18b183,Emergent_contradiction_emerges_20ad0a,0.6598771198379589,50075.21,50421.64,True,False
Emergent_analogy_appears_18b183,Emergent_contradiction_identity_dc441d,0.663180745075248,50075.21,50421.98,True,False
Emergent_analogy_appears_18b183,Emergent_beneficence_bounded_5bc638,0.6628928212041809,50075.21,50438.08,True,False
Emergent_analogy_appears_18b183,Emergent_autonomy_bounded_94d9e2,0.6655512008106232,50075.21,50471.83,True,False
Emergent_analogy_appears_18b183,Emergent_autonomy_beneficence_f6c1c5,0.6597744819383321,50075.21,50472.17,True,False
Emergent_analogy_appears_18b183,Emergent_autonomy_clarity_dc06c1,0.6655511618301797,50075.21,50491.32,True,False
Emergent_analogy_appears_18b183,Emergent_anticipation_bounded_2f7e1b,0.6655511061438321,50075.21,50509.06,True,False
Emergent_analogy_appears_18b183,Emergent_anticipation_autonomy_eda74a,0.6483918614757963,50075.21,50527.27,True,False
Emergent_analogy_appears_18b183,Emergent_anticipation_autonomy_a66f28,0.665550912946299,50075.21,50545.43,True,False
Emergent_analogy_appears_18b183,Emergent_autonomy_carefully_2c09b0,0.665550912946299,50075.21,50545.77,True,False
Emergent_analogy_appears_18b183,Emergent_appears_asymmetry_ecd8f7,0.6655509147236358,50075.21,50582.35,True,False
Emergent_analogy_appears_18b183,Emergent_beneficence_bounded_21df32,0.6573555399231327,50075.21,50618.38,True,False
Emergent_analogy_appears_18b183,Emergent_bounded_complexity_bc9326,0.6401896662035782,50075.21,50637.05,True,False
Emergent_analogy_appears_18b183,Emergent_bounded_carefully_f79645,0.6566443561001757,50075.21,50692.4,True,False
Emergent_analogy_appears_18b183,Emergent_clarity_complexity_e4a503,0.6655359539418939,50075.21,50712.01,True,False
Emergent_analogy_appears_18b183,Emergent_beneficence_clarity_9107ae,0.6655494733267416,50075.21,50749.3,True,False
Emergent_analogy_appears_18b183,Emergent_clarity_connection_47e953,0.6550672752254219,50075.21,50749.64,True,False
Emergent_analogy_appears_18b183,Emergent_autonomy_collective_b1eda1,0.6584991135795918,50075.21,50767.68,True,False
Emergent_analogy_appears_18b183,Emergent_bounded_coherence_7a6cb5,0.6633234793239663,50075.21,50787.59,True,False
Emergent_analogy_appears_18b183,Emergent_appears_asymmetry_955aa5,0.6655114873016361,50075.21,50806.58,True,False
Emergent_analogy_appears_18b183,Emergent_anticipation_autonomy_cd3792,0.6463145261366556,50075.21,50825.88,True,False
Emergent_analogy_appears_18b183,Emergent_autonomy_beneficence_994988,0.6655425405916103,50075.21,50848.99,True,False
Emergent_analogy_appears_18b183,Emergent_coherence_complexity_df52ba,0.6601407315528725,50075.21,50896.23,True,False
Emergent_analogy_appears_18b183,Emergent_emergence_from_interaction_enforcing_c5a296,0.6656051810602598,50075.21,50952.55,True,False
Emergent_analogy_appears_18b183,Emergent_emergence_from_interaction_entropy_74edc9,0.662789974045919,50075.21,50952.89,True,False
Emergent_analogy_appears_18b183,Emergent_constraint_contradiction_e4e5c0,0.6514779433697724,50075.21,50973.24,True,False
Emergent_analogy_appears_18b183,Emergent_constraint_contradiction_25659b,0.6647892350568326,50075.21,50973.58,True,False
Emergent_analogy_appears_18b183,Emergent_complexity_constraint_9f426d,0.6534292310976655,50075.21,50993.03,True,False
Emergent_analogy_appears_18b183,Emergent_identity_justice_875606,0.665846001857089,50075.21,51032.83,True,False
Emergent_analogy_appears_18b183,Emergent_appears_asymmetry_8dba4c,0.6388769656698277,50075.21,51052.91,True,False
Emergent_analogy_appears_18b183,Emergent_beneficence_carefully_a8eeec,0.6542651268490958,50075.21,51132.18,True,False
Emergent_analogy_appears_18b183,Emergent_anticipation_carefully_73a81d,0.659881561627572,50075.21,51132.52,True,False
Emergent_analogy_appears_18b183,Emergent_autonomy_carefully_dedeae,0.6650312277927856,50075.21,51154.7,True,False
Emergent_analogy_appears_18b183,Emergent_autonomy_belief_revision_03bb63,0.658334853425681,50075.21,51175.98,True,False
Emergent_analogy_appears_18b183,Emergent_bounded_cognition_444413,0.5881713700504468,50075.21,51317.2,True,False
Emergent_analogy_appears_18b183,Emergent_ambiguity_autonomy_b265b2,0.6570021572342222,50075.21,51338.9,True,False
Emergent_analogy_appears_18b183,Emergent_anticipation_bounded_305c6e,0.663989410606941,50075.21,51360.93,True,False
Emergent_autonomy_bounded_72bafc,Emergent_appears_asymmetry_3b4238,0.6633874161062532,50088.16,50101.34,True,False
Emergent_autonomy_bounded_72bafc,Emergent_carefully_coherence_6373e7,0.6542585068873735,50088.16,50115.38,True,False
Emergent_autonomy_bounded_72bafc,Emergent_bounded_coherence_5ce930,0.6643291348424174,50088.16,50128.4,True,False
Emergent_autonomy_bounded_72bafc,Emergent_abstraction_attention_9ebe0c,0.6405191853558184,50088.16,50142.87,True,False
Emergent_autonomy_bounded_72bafc,Emergent_abstraction_anticipation_bfad7e,0.664329134695472,50088.16,50143.21,True,False
Emergent_autonomy_bounded_72bafc,Emergent_analogy_autonomy_581819,0.6640201604633018,50088.16,50184.37,True,False
Emergent_autonomy_bounded_72bafc,Emergent_bounded_contradiction_12fedf,0.6409979404406746,50088.16,50210.46,True,False
Emergent_autonomy_bounded_72bafc,Emergent_anticipation_bounded_6c16c4,0.6643291342777733,50088.16,50210.8,True,False
Emergent_autonomy_bounded_72bafc,Emergent_beneficence_identity_9dd002,0.6643291243493318,50088.16,50222.52,True,False
Emergent_autonomy_bounded_72bafc,Emergent_analogy_anticipation_33cf9b,0.6643291371340417,50088.16,50236.14,True,False
Emergent_autonomy_bounded_72bafc,Emergent_appears_asymmetry_630915,0.6643291372625035,50088.16,50248.8,True,False
Emergent_autonomy_bounded_72bafc,Emergent_appears_asymmetry_7aac44,0.6446936432393063,50088.16,50249.14,True,False
Emergent_autonomy_bounded_72bafc,Emergent_ambiguity_analogy_8651fe,0.6643291349849901,50088.16,50262.67,True,False
Emergent_autonomy_bounded_72bafc,Emergent_analogy_autonomy_2771b0,0.6643291348488621,50088.16,50279.0,True,False
Emergent_autonomy_bounded_72bafc,Emergent_beneficence_complexity_2de0b9,0.6467264155552453,50088.16,50293.64,True,False
Emergent_autonomy_bounded_72bafc,Emergent_complexity_contradiction_b62804,0.6643291328638838,50088.16,50310.13,True,False
Emergent_autonomy_bounded_72bafc,Emergent_autonomy_bounded_ab8b66,0.6643291291186424,50088.16,50325.77,True,False
Emergent_autonomy_bounded_72bafc,Emergent_beneficence_bounded_bb35c2,0.6643291296536769,50088.16,50341.05,True,False
Emergent_autonomy_bounded_72bafc,Emergent_carefully_coherence_c4d3bc,0.6477330320792481,50088.16,50356.81,True,False
Emergent_autonomy_bounded_72bafc,Emergent_beneficence_clarity_d9ce73,0.6643291174243162,50088.16,50373.84,True,False
Emergent_autonomy_bounded_72bafc,Emergent_anticipation_clarity_a82e6a,0.6520045335341574,50088.16,50374.18,True,False
Emergent_autonomy_bounded_72bafc,Emergent_bounded_emergence_f6197f,0.6643291185162234,50088.16,50388.53,True,False
Emergent_autonomy_bounded_72bafc,Emergent_bounded_enforcing_bf268c,0.6584014871039342,50088.16,50388.87,True,False
Emergent_autonomy_bounded_72bafc,Emergent_bounded_coherence_9e3f99,0.664329109157019,50088.16,50404.98,True,False
Emergent_autonomy_bounded_72bafc,Emergent_contradiction_emerges_20ad0a,0.6598771198379589,50088.16,50421.64,True,False
Emergent_autonomy_bounded_72bafc,Emergent_contradiction_identity_dc441d,0.663180745075248,50088.16,50421.98,True,False
Emergent_autonomy_bounded_72bafc,Emergent_beneficence_bounded_5bc638,0.6628928212041809,50088.16,50438.08,True,False
Emergent_autonomy_bounded_72bafc,Emergent_autonomy_bounded_94d9e2,0.664329187291506,50088.16,50471.83,True,False
Emergent_autonomy_bounded_72bafc,Emergent_autonomy_beneficence_f6c1c5,0.6597744819383321,50088.16,50472.17,True,False
Emergent_autonomy_bounded_72bafc,Emergent_autonomy_clarity_dc06c1,0.6643291483110627,50088.16,50491.32,True,False
Emergent_autonomy_bounded_72bafc,Emergent_anticipation_bounded_2f7e1b,0.6643290926247148,50088.16,50509.06,True,False
Emergent_autonomy_bounded_72bafc,Emergent_anticipation_autonomy_eda74a,0.6483918614757963,50088.16,50527.27,True,False
Emergent_autonomy_bounded_72bafc,Emergent_anticipation_autonomy_a66f28,0.6643288994271819,50088.16,50545.43,True,False
Emergent_autonomy_bounded_72bafc,Emergent_autonomy_carefully_2c09b0,0.6643288994271819,50088.16,50545.77,True,False
Emergent_autonomy_bounded_72bafc,Emergent_appears_asymmetry_ecd8f7,0.6643289056817054,50088.16,50582.35,True,False
Emergent_autonomy_bounded_72bafc,Emergent_beneficence_bounded_21df32,0.6573555399231327,50088.16,50618.38,True,False
Emergent_autonomy_bounded_72bafc,Emergent_bounded_complexity_bc9326,0.6401896662035782,50088.16,50637.05,True,False
Emergent_autonomy_bounded_72bafc,Emergent_bounded_carefully_f79645,0.6566443561001757,50088.16,50692.4,True,False
Emergent_autonomy_bounded_72bafc,Emergent_clarity_complexity_e4a503,0.6643138838375184,50088.16,50712.01,True,False
Emergent_autonomy_bounded_72bafc,Emergent_beneficence_clarity_9107ae,0.6643274975296487,50088.16,50749.3,True,False
Emergent_autonomy_bounded_72bafc,Emergent_clarity_connection_47e953,0.6550672752254219,50088.16,50749.64,True,False
Emergent_autonomy_bounded_72bafc,Emergent_autonomy_collective_b1eda1,0.6584991135795918,50088.16,50767.68,True,False
Emergent_autonomy_bounded_72bafc,Emergent_bounded_coherence_7a6cb5,0.6633234793239663,50088.16,50787.59,True,False
Emergent_autonomy_bounded_72bafc,Emergent_appears_asymmetry_955aa5,0.6642893322446608,50088.16,50806.58,True,False
Emergent_autonomy_bounded_72bafc,Emergent_anticipation_autonomy_cd3792,0.6463145261366556,50088.16,50825.88,True,False
Emergent_autonomy_bounded_72bafc,Emergent_autonomy_beneficence_994988,0.6643206621689248,50088.16,50848.99,True,False
Emergent_autonomy_bounded_72bafc,Emergent_coherence_complexity_df52ba,0.6601407315528725,50088.16,50896.23,True,False
Emergent_autonomy_bounded_72bafc,Emergent_emergence_from_interaction_enforcing_c5a296,0.6643842425376456,50088.16,50952.55,True,False
Emergent_autonomy_bounded_72bafc,Emergent_emergence_from_interaction_entropy_74edc9,0.662789974045919,50088.16,50952.89,True,False
Emergent_autonomy_bounded_72bafc,Emergent_constraint_contradiction_e4e5c0,0.6514779433697724,50088.16,50973.24,True,False
Emergent_autonomy_bounded_72bafc,Emergent_constraint_contradiction_25659b,0.6635673853166059,50088.16,50973.58,True,False
Emergent_autonomy_bounded_72bafc,Emergent_complexity_constraint_9f426d,0.6534292310976655,50088.16,50993.03,True,False
Emergent_autonomy_bounded_72bafc,Emergent_identity_justice_875606,0.6646282874908012,50088.16,51032.83,True,False
Emergent_autonomy_bounded_72bafc,Emergent_appears_asymmetry_8dba4c,0.6388769656698277,50088.16,51052.91,True,False
Emergent_autonomy_bounded_72bafc,Emergent_beneficence_carefully_a8eeec,0.6542651268490958,50088.16,51132.18,True,False
Emergent_autonomy_bounded_72bafc,Emergent_anticipation_carefully_73a81d,0.659881561627572,50088.16,51132.52,True,False
Emergent_autonomy_bounded_72bafc,Emergent_autonomy_carefully_dedeae,0.6638153351838237,50088.16,51154.7,True,False
Emergent_autonomy_bounded_72bafc,Emergent_autonomy_belief_revision_03bb63,0.658334853425681,50088.16,51175.98,True,False
Emergent_autonomy_bounded_72bafc,Emergent_bounded_cognition_444413,0.5865605071692364,50088.16,51317.2,True,False
Emergent_autonomy_bounded_72bafc,Emergent_ambiguity_autonomy_b265b2,0.6570021572342222,50088.16,51338.9,True,False
Emergent_autonomy_bounded_72bafc,Emergent_anticipation_bounded_305c6e,0.663989410606941,50088.16,51360.93,True,False
Emergent_appears_asymmetry_3b4238,Emergent_carefully_coherence_6373e7,0.6542585068873735,50101.34,50115.38,True,False
Emergent_appears_asymmetry_3b4238,Emergent_bounded_coherence_5ce930,0.6633874159478531,50101.34,50128.4,True,False
Emergent_appears_asymmetry_3b4238,Emergent_abstraction_attention_9ebe0c,0.6405191853558184,50101.34,50142.87,True,False
Emergent_appears_asymmetry_3b4238,Emergent_abstraction_anticipation_bfad7e,0.6633874158013223,50101.34,50143.21,True,False
Emergent_appears_asymmetry_3b4238,Emergent_analogy_autonomy_581819,0.6633874157454648,50101.34,50184.37,True,False
Emergent_appears_asymmetry_3b4238,Emergent_bounded_contradiction_12fedf,0.6409979404406746,50101.34,50210.46,True,False
Emergent_appears_asymmetry_3b4238,Emergent_anticipation_bounded_6c16c4,0.6633874153946782,50101.34,50210.8,True,False
Emergent_appears_asymmetry_3b4238,Emergent_beneficence_identity_9dd002,0.663387405460621,50101.34,50222.52,True,False
Emergent_appears_asymmetry_3b4238,Emergent_analogy_anticipation_33cf9b,0.663387418254051,50101.34,50236.14,True,False
Emergent_appears_asymmetry_3b4238,Emergent_appears_asymmetry_630915,0.6633874183825128,50101.34,50248.8,True,False
Emergent_appears_asymmetry_3b4238,Emergent_appears_asymmetry_7aac44,0.6446936432393063,50101.34,50249.14,True,False
Emergent_appears_asymmetry_3b4238,Emergent_ambiguity_analogy_8651fe,0.6633874160461899,50101.34,50262.67,True,False
Emergent_appears_asymmetry_3b4238,Emergent_analogy_autonomy_2771b0,0.663387415998461,50101.34,50279.0,True,False
Emergent_appears_asymmetry_3b4238,Emergent_beneficence_complexity_2de0b9,0.6467264155552453,50101.34,50293.64,True,False
Emergent_appears_asymmetry_3b4238,Emergent_complexity_contradiction_b62804,0.6633874140134829,50101.34,50310.13,True,False
Emergent_appears_asymmetry_3b4238,Emergent_autonomy_bounded_ab8b66,0.6633874102682412,50101.34,50325.77,True,False
Emergent_appears_asymmetry_3b4238,Emergent_beneficence_bounded_bb35c2,0.6633874108032758,50101.34,50341.05,True,False
Emergent_appears_asymmetry_3b4238,Emergent_carefully_coherence_c4d3bc,0.6477330320792481,50101.34,50356.81,True,False
Emergent_appears_asymmetry_3b4238,Emergent_beneficence_clarity_d9ce73,0.6633873985739153,50101.34,50373.84,True,False
Emergent_appears_asymmetry_3b4238,Emergent_anticipation_clarity_a82e6a,0.6520045335341574,50101.34,50374.18,True,False
Emergent_appears_asymmetry_3b4238,Emergent_bounded_emergence_f6197f,0.6633873996658224,50101.34,50388.53,True,False
Emergent_appears_asymmetry_3b4238,Emergent_bounded_enforcing_bf268c,0.6584014871039342,50101.34,50388.87,True,False
Emergent_appears_asymmetry_3b4238,Emergent_bounded_coherence_9e3f99,0.663387390306618,50101.34,50404.98,True,False
Emergent_appears_asymmetry_3b4238,Emergent_contradiction_emerges_20ad0a,0.6598771198379589,50101.34,50421.64,True,False
Emergent_appears_asymmetry_3b4238,Emergent_contradiction_identity_dc441d,0.663180745075248,50101.34,50421.98,True,False
Emergent_appears_asymmetry_3b4238,Emergent_beneficence_bounded_5bc638,0.6628928212041809,50101.34,50438.08,True,False
Emergent_appears_asymmetry_3b4238,Emergent_autonomy_bounded_94d9e2,0.6633874685909463,50101.34,50471.83,True,False
Emergent_appears_asymmetry_3b4238,Emergent_autonomy_beneficence_f6c1c5,0.6597744819383321,50101.34,50472.17,True,False
Emergent_appears_asymmetry_3b4238,Emergent_autonomy_clarity_dc06c1,0.6633874296105029,50101.34,50491.32,True,False
Emergent_appears_asymmetry_3b4238,Emergent_anticipation_bounded_2f7e1b,0.663387373924155,50101.34,50509.06,True,False
Emergent_appears_asymmetry_3b4238,Emergent_anticipation_autonomy_eda74a,0.6483918614757963,50101.34,50527.27,True,False
Emergent_appears_asymmetry_3b4238,Emergent_anticipation_autonomy_a66f28,0.6633871807266221,50101.34,50545.43,True,False
Emergent_appears_asymmetry_3b4238,Emergent_autonomy_carefully_2c09b0,0.6633871807266221,50101.34,50545.77,True,False
Emergent_appears_asymmetry_3b4238,Emergent_appears_asymmetry_ecd8f7,0.6633871904313944,50101.34,50582.35,True,False
Emergent_appears_asymmetry_3b4238,Emergent_beneficence_bounded_21df32,0.6573555399231327,50101.34,50618.38,True,False
Emergent_appears_asymmetry_3b4238,Emergent_bounded_complexity_bc9326,0.6401896662035782,50101.34,50637.05,True,False
Emergent_appears_asymmetry_3b4238,Emergent_bounded_carefully_f79645,0.6566443561001757,50101.34,50692.4,True,False
Emergent_appears_asymmetry_3b4238,Emergent_clarity_complexity_e4a503,0.6633721215307342,50101.34,50712.01,True,False
Emergent_appears_asymmetry_3b4238,Emergent_beneficence_clarity_9107ae,0.6633858078987638,50101.34,50749.3,True,False
Emergent_appears_asymmetry_3b4238,Emergent_clarity_connection_47e953,0.6550672752254219,50101.34,50749.64,True,False
Emergent_appears_asymmetry_3b4238,Emergent_autonomy_collective_b1eda1,0.6584991135795918,50101.34,50767.68,True,False
Emergent_appears_asymmetry_3b4238,Emergent_bounded_coherence_7a6cb5,0.6633234793239663,50101.34,50787.59,True,False
Emergent_appears_asymmetry_3b4238,Emergent_appears_asymmetry_955aa5,0.663347504470964,50101.34,50806.58,True,False
Emergent_appears_asymmetry_3b4238,Emergent_anticipation_autonomy_cd3792,0.6463145261366556,50101.34,50825.88,True,False
Emergent_appears_asymmetry_3b4238,Emergent_autonomy_beneficence_994988,0.6633790475775536,50101.34,50848.99,True,False
Emergent_appears_asymmetry_3b4238,Emergent_coherence_complexity_df52ba,0.6601407315528725,50101.34,50896.23,True,False
Emergent_appears_asymmetry_3b4238,Emergent_emergence_from_interaction_enforcing_c5a296,0.6634433522602531,50101.34,50952.55,True,False
Emergent_appears_asymmetry_3b4238,Emergent_emergence_from_interaction_entropy_74edc9,0.662789974045919,50101.34,50952.89,True,False
Emergent_appears_asymmetry_3b4238,Emergent_constraint_contradiction_e4e5c0,0.6514779433697724,50101.34,50973.24,True,False
Emergent_appears_asymmetry_3b4238,Emergent_constraint_contradiction_25659b,0.6626257928287609,50101.34,50973.58,True,False
Emergent_appears_asymmetry_3b4238,Emergent_complexity_constraint_9f426d,0.6534292310976655,50101.34,50993.03,True,False
Emergent_appears_asymmetry_3b4238,Emergent_identity_justice_875606,0.6636898818408358,50101.34,51032.83,True,False
Emergent_appears_asymmetry_3b4238,Emergent_appears_asymmetry_8dba4c,0.6388769656698277,50101.34,51052.91,True,False
Emergent_appears_asymmetry_3b4238,Emergent_beneficence_carefully_a8eeec,0.6542651268490958,50101.34,51132.18,True,False
Emergent_appears_asymmetry_3b4238,Emergent_anticipation_carefully_73a81d,0.659881561627572,50101.34,51132.52,True,False
Emergent_appears_asymmetry_3b4238,Emergent_autonomy_carefully_dedeae,0.6628783334323546,50101.34,51154.7,True,False
Emergent_appears_asymmetry_3b4238,Emergent_autonomy_belief_revision_03bb63,0.658334853425681,50101.34,51175.98,True,False
Emergent_appears_asymmetry_3b4238,Emergent_bounded_cognition_444413,0.5853191299867893,50101.34,51317.2,True,False
Emergent_appears_asymmetry_3b4238,Emergent_ambiguity_autonomy_b265b2,0.6570021572342222,50101.34,51338.9,True,False
Emergent_appears_asymmetry_3b4238,Emergent_anticipation_bounded_305c6e,0.663989410606941,50101.34,51360.93,True,False
Emergent_carefully_coherence_6373e7,Emergent_bounded_coherence_5ce930,0.6542585067435982,50115.38,50128.4,True,False
Emergent_carefully_coherence_6373e7,Emergent_abstraction_attention_9ebe0c,0.6405191853424949,50115.38,50142.87,True,False
Emergent_carefully_coherence_6373e7,Emergent_abstraction_anticipation_bfad7e,0.6542585067518092,50115.38,50143.21,True,False
Emergent_carefully_coherence_6373e7,Emergent_analogy_autonomy_581819,0.654258506752509,50115.38,50184.37,True,False
Emergent_carefully_coherence_6373e7,Emergent_bounded_contradiction_12fedf,0.6409979404406746,50115.38,50210.46,True,False
Emergent_carefully_coherence_6373e7,Emergent_anticipation_bounded_6c16c4,0.6542585064662407,50115.38,50210.8,True,False
Emergent_carefully_coherence_6373e7,Emergent_beneficence_identity_9dd002,0.6542584964777474,50115.38,50222.52,True,False
Emergent_carefully_coherence_6373e7,Emergent_analogy_anticipation_33cf9b,0.6542585093557064,50115.38,50236.14,True,False
Emergent_carefully_coherence_6373e7,Emergent_appears_asymmetry_630915,0.6542585094841681,50115.38,50248.8,True,False
Emergent_carefully_coherence_6373e7,Emergent_appears_asymmetry_7aac44,0.6446936432393063,50115.38,50249.14,True,False
Emergent_carefully_coherence_6373e7,Emergent_ambiguity_analogy_8651fe,0.6542585065777524,50115.38,50262.67,True,False
Emergent_carefully_coherence_6373e7,Emergent_analogy_autonomy_2771b0,0.6542585073869561,50115.38,50279.0,True,False
Emergent_carefully_coherence_6373e7,Emergent_beneficence_complexity_2de0b9,0.6467264155552453,50115.38,50293.64,True,False
Emergent_carefully_coherence_6373e7,Emergent_complexity_contradiction_b62804,0.6542585054019782,50115.38,50310.13,True,False
Emergent_carefully_coherence_6373e7,Emergent_autonomy_bounded_ab8b66,0.6542585016567365,50115.38,50325.77,True,False
Emergent_carefully_coherence_6373e7,Emergent_beneficence_bounded_bb35c2,0.6542585021917711,50115.38,50341.05,True,False
Emergent_carefully_coherence_6373e7,Emergent_carefully_coherence_c4d3bc,0.6477330320792481,50115.38,50356.81,True,False
Emergent_carefully_coherence_6373e7,Emergent_beneficence_clarity_d9ce73,0.6542584899624104,50115.38,50373.84,True,False
Emergent_carefully_coherence_6373e7,Emergent_anticipation_clarity_a82e6a,0.6520045335341574,50115.38,50374.18,True,False
Emergent_carefully_coherence_6373e7,Emergent_bounded_emergence_f6197f,0.6542584910543177,50115.38,50388.53,True,False
Emergent_carefully_coherence_6373e7,Emergent_bounded_enforcing_bf268c,0.6542584910543177,50115.38,50388.87,True,False
Emergent_carefully_coherence_6373e7,Emergent_bounded_coherence_9e3f99,0.6542584816951131,50115.38,50404.98,True,False
Emergent_carefully_coherence_6373e7,Emergent_contradiction_emerges_20ad0a,0.6542584625501779,50115.38,50421.64,True,False
Emergent_carefully_coherence_6373e7,Emergent_contradiction_identity_dc441d,0.663180745075248,50115.38,50421.98,True,False
Emergent_carefully_coherence_6373e7,Emergent_beneficence_bounded_5bc638,0.6628928212041809,50115.38,50438.08,True,False
Emergent_carefully_coherence_6373e7,Emergent_autonomy_bounded_94d9e2,0.6542585614319847,50115.38,50471.83,True,False
Emergent_carefully_coherence_6373e7,Emergent_autonomy_beneficence_f6c1c5,0.6542585614319847,50115.38,50472.17,True,False
Emergent_carefully_coherence_6373e7,Emergent_autonomy_clarity_dc06c1,0.6542585224515414,50115.38,50491.32,True,False
Emergent_carefully_coherence_6373e7,Emergent_anticipation_bounded_2f7e1b,0.6542584667651936,50115.38,50509.06,True,False
Emergent_carefully_coherence_6373e7,Emergent_anticipation_autonomy_eda74a,0.6483918614757963,50115.38,50527.27,True,False
Emergent_carefully_coherence_6373e7,Emergent_anticipation_autonomy_a66f28,0.6542582735676604,50115.38,50545.43,True,False
Emergent_carefully_coherence_6373e7,Emergent_autonomy_carefully_2c09b0,0.6542582735676604,50115.38,50545.77,True,False
Emergent_carefully_coherence_6373e7,Emergent_appears_asymmetry_ecd8f7,0.6542583167187257,50115.38,50582.35,True,False
Emergent_carefully_coherence_6373e7,Emergent_beneficence_bounded_21df32,0.6542579853904235,50115.38,50618.38,True,False
Emergent_carefully_coherence_6373e7,Emergent_bounded_complexity_bc9326,0.6401896662035782,50115.38,50637.05,True,False
Emergent_carefully_coherence_6373e7,Emergent_bounded_carefully_f79645,0.6542557945083481,50115.38,50692.4,True,False
Emergent_carefully_coherence_6373e7,Emergent_clarity_complexity_e4a503,0.6542427916583073,50115.38,50712.01,True,False
Emergent_carefully_coherence_6373e7,Emergent_beneficence_clarity_9107ae,0.6542571825377127,50115.38,50749.3,True,False
Emergent_carefully_coherence_6373e7,Emergent_clarity_connection_47e953,0.6542571825377127,50115.38,50749.64,True,False
Emergent_carefully_coherence_6373e7,Emergent_autonomy_collective_b1eda1,0.6542575110995246,50115.38,50767.68,True,False
Emergent_carefully_coherence_6373e7,Emergent_bounded_coherence_7a6cb5,0.6542545367628438,50115.38,50787.59,True,False
Emergent_carefully_coherence_6373e7,Emergent_appears_asymmetry_955aa5,0.6542175399702079,50115.38,50806.58,True,False
Emergent_carefully_coherence_6373e7,Emergent_anticipation_autonomy_cd3792,0.6463145261366556,50115.38,50825.88,True,False
Emergent_carefully_coherence_6373e7,Emergent_autonomy_beneficence_994988,0.6542511496404717,50115.38,50848.99,True,False
Emergent_carefully_coherence_6373e7,Emergent_coherence_complexity_df52ba,0.6539344564980362,50115.38,50896.23,True,False
Emergent_carefully_coherence_6373e7,Emergent_emergence_from_interaction_enforcing_c5a296,0.654322475735256,50115.38,50952.55,True,False
Emergent_carefully_coherence_6373e7,Emergent_emergence_from_interaction_entropy_74edc9,0.6543223487604153,50115.38,50952.89,True,False
Emergent_carefully_coherence_6373e7,Emergent_constraint_contradiction_e4e5c0,0.6514779433697724,50115.38,50973.24,True,False
Emergent_carefully_coherence_6373e7,Emergent_constraint_contradiction_25659b,0.6534981091605885,50115.38,50973.58,True,False
Emergent_carefully_coherence_6373e7,Emergent_complexity_constraint_9f426d,0.6534292310976655,50115.38,50993.03,True,False
Emergent_carefully_coherence_6373e7,Emergent_identity_justice_875606,0.65459309099354,50115.38,51032.83,True,False
Emergent_carefully_coherence_6373e7,Emergent_appears_asymmetry_8dba4c,0.6388769656698277,50115.38,51052.91,True,False
Emergent_carefully_coherence_6373e7,Emergent_beneficence_carefully_a8eeec,0.6542651268490958,50115.38,51132.18,True,False
Emergent_carefully_coherence_6373e7,Emergent_anticipation_carefully_73a81d,0.6546425775542448,50115.38,51132.52,True,False
Emergent_carefully_coherence_6373e7,Emergent_autonomy_carefully_dedeae,0.6537951518072449,50115.38,51154.7,True,False
Emergent_carefully_coherence_6373e7,Emergent_autonomy_belief_revision_03bb63,0.6525845435972448,50115.38,51175.98,True,False
Emergent_carefully_coherence_6373e7,Emergent_bounded_cognition_444413,0.5732853697555493,50115.38,51317.2,True,False
Emergent_carefully_coherence_6373e7,Emergent_ambiguity_autonomy_b265b2,0.6570021572342222,50115.38,51338.9,True,False
Emergent_carefully_coherence_6373e7,Emergent_anticipation_bounded_305c6e,0.663989410606941,50115.38,51360.93,True,False
Emergent_bounded_coherence_5ce930,Emergent_abstraction_attention_9ebe0c,0.6405191853558184,50128.4,50142.87,True,False
Emergent_bounded_coherence_5ce930,Emergent_abstraction_anticipation_bfad7e,0.6696673074112844,50128.4,50143.21,True,False
Emergent_bounded_coherence_5ce930,Emergent_analogy_autonomy_581819,0.6640201604633018,50128.4,50184.37,True,False
Emergent_bounded_coherence_5ce930,Emergent_bounded_contradiction_12fedf,0.6409979404406746,50128.4,50210.46,True,False
Emergent_bounded_coherence_5ce930,Emergent_anticipation_bounded_6c16c4,0.6742577788438494,50128.4,50210.8,True,False
Emergent_bounded_coherence_5ce930,Emergent_beneficence_identity_9dd002,0.6718373386936936,50128.4,50222.52,True,False
Emergent_bounded_coherence_5ce930,Emergent_analogy_anticipation_33cf9b,0.6742577816673888,50128.4,50236.14,True,False
Emergent_bounded_coherence_5ce930,Emergent_appears_asymmetry_630915,0.6716242132366822,50128.4,50248.8,True,False
Emergent_bounded_coherence_5ce930,Emergent_appears_asymmetry_7aac44,0.6446936432393063,50128.4,50249.14,True,False
Emergent_bounded_coherence_5ce930,Emergent_ambiguity_analogy_8651fe,0.6721978674357901,50128.4,50262.67,True,False
Emergent_bounded_coherence_5ce930,Emergent_analogy_autonomy_2771b0,0.6646930752289514,50128.4,50279.0,True,False
Emergent_bounded_coherence_5ce930,Emergent_beneficence_complexity_2de0b9,0.6467264155552453,50128.4,50293.64,True,False
Emergent_bounded_coherence_5ce930,Emergent_complexity_contradiction_b62804,0.6742577770852625,50128.4,50310.13,True,False
Emergent_bounded_coherence_5ce930,Emergent_autonomy_bounded_ab8b66,0.6720757163115423,50128.4,50325.77,True,False
Emergent_bounded_coherence_5ce930,Emergent_beneficence_bounded_bb35c2,0.6662654534759695,50128.4,50341.05,True,False
Emergent_bounded_coherence_5ce930,Emergent_carefully_coherence_c4d3bc,0.6477330320792481,50128.4,50356.81,True,False
Emergent_bounded_coherence_5ce930,Emergent_beneficence_clarity_d9ce73,0.6742577616456947,50128.4,50373.84,True,False
Emergent_bounded_coherence_5ce930,Emergent_anticipation_clarity_a82e6a,0.6520045335341574,50128.4,50374.18,True,False
Emergent_bounded_coherence_5ce930,Emergent_bounded_emergence_f6197f,0.6696558500168285,50128.4,50388.53,True,False
Emergent_bounded_coherence_5ce930,Emergent_bounded_enforcing_bf268c,0.6584014871039342,50128.4,50388.87,True,False
Emergent_bounded_coherence_5ce930,Emergent_bounded_coherence_9e3f99,0.672852636780134,50128.4,50404.98,True,False
Emergent_bounded_coherence_5ce930,Emergent_contradiction_emerges_20ad0a,0.6598771198379589,50128.4,50421.64,True,False
Emergent_bounded_coherence_5ce930,Emergent_contradiction_identity_dc441d,0.663180745075248,50128.4,50421.98,True,False
Emergent_bounded_coherence_5ce930,Emergent_beneficence_bounded_5bc638,0.6628928212041809,50128.4,50438.08,True,False
Emergent_bounded_coherence_5ce930,Emergent_autonomy_bounded_94d9e2,0.6742578299330918,50128.4,50471.83,True,False
Emergent_bounded_coherence_5ce930,Emergent_autonomy_beneficence_f6c1c5,0.6597744819383321,50128.4,50472.17,True,False
Emergent_bounded_coherence_5ce930,Emergent_autonomy_clarity_dc06c1,0.6727036723560478,50128.4,50491.32,True,False
Emergent_bounded_coherence_5ce930,Emergent_anticipation_bounded_2f7e1b,0.6742577352663006,50128.4,50509.06,True,False
Emergent_bounded_coherence_5ce930,Emergent_anticipation_autonomy_eda74a,0.6483918614757963,50128.4,50527.27,True,False
Emergent_bounded_coherence_5ce930,Emergent_anticipation_autonomy_a66f28,0.6698186903027202,50128.4,50545.43,True,False
Emergent_bounded_coherence_5ce930,Emergent_autonomy_carefully_2c09b0,0.6698494826396452,50128.4,50545.77,True,False
Emergent_bounded_coherence_5ce930,Emergent_appears_asymmetry_ecd8f7,0.6742575119469446,50128.4,50582.35,True,False
Emergent_bounded_coherence_5ce930,Emergent_beneficence_bounded_21df32,0.6573555399231327,50128.4,50618.38,True,False
Emergent_bounded_coherence_5ce930,Emergent_bounded_complexity_bc9326,0.6401896662035782,50128.4,50637.05,True,False
Emergent_bounded_coherence_5ce930,Emergent_bounded_carefully_f79645,0.6566443561001757,50128.4,50692.4,True,False
Emergent_bounded_coherence_5ce930,Emergent_clarity_complexity_e4a503,0.6721426007190503,50128.4,50712.01,True,False
Emergent_bounded_coherence_5ce930,Emergent_beneficence_clarity_9107ae,0.6699856915394085,50128.4,50749.3,True,False
Emergent_bounded_coherence_5ce930,Emergent_clarity_connection_47e953,0.6550672752254219,50128.4,50749.64,True,False
Emergent_bounded_coherence_5ce930,Emergent_autonomy_collective_b1eda1,0.6584991135795918,50128.4,50767.68,True,False
Emergent_bounded_coherence_5ce930,Emergent_bounded_coherence_7a6cb5,0.6633234793239663,50128.4,50787.59,True,False
Emergent_bounded_coherence_5ce930,Emergent_appears_asymmetry_955aa5,0.6742191248561875,50128.4,50806.58,True,False
Emergent_bounded_coherence_5ce930,Emergent_anticipation_autonomy_cd3792,0.6463145261366556,50128.4,50825.88,True,False
Emergent_bounded_coherence_5ce930,Emergent_autonomy_beneficence_994988,0.6742482071760164,50128.4,50848.99,True,False
Emergent_bounded_coherence_5ce930,Emergent_coherence_complexity_df52ba,0.6601407315528725,50128.4,50896.23,True,False
Emergent_bounded_coherence_5ce930,Emergent_emergence_from_interaction_enforcing_c5a296,0.6695765604444727,50128.4,50952.55,True,False
Emergent_bounded_coherence_5ce930,Emergent_emergence_from_interaction_entropy_74edc9,0.662789974045919,50128.4,50952.89,True,False
Emergent_bounded_coherence_5ce930,Emergent_constraint_contradiction_e4e5c0,0.6514779433697724,50128.4,50973.24,True,False
Emergent_bounded_coherence_5ce930,Emergent_constraint_contradiction_25659b,0.6734946972838174,50128.4,50973.58,True,False
Emergent_bounded_coherence_5ce930,Emergent_complexity_constraint_9f426d,0.6534292310976655,50128.4,50993.03,True,False
Emergent_bounded_coherence_5ce930,Emergent_identity_justice_875606,0.6688771701002029,50128.4,51032.83,True,False
Emergent_bounded_coherence_5ce930,Emergent_appears_asymmetry_8dba4c,0.6388769656698277,50128.4,51052.91,True,False
Emergent_bounded_coherence_5ce930,Emergent_beneficence_carefully_a8eeec,0.6542651268490958,50128.4,51132.18,True,False
Emergent_bounded_coherence_5ce930,Emergent_anticipation_carefully_73a81d,0.659881561627572,50128.4,51132.52,True,False
Emergent_bounded_coherence_5ce930,Emergent_autonomy_carefully_dedeae,0.6736942465183311,50128.4,51154.7,True,False
Emergent_bounded_coherence_5ce930,Emergent_autonomy_belief_revision_03bb63,0.658334853425681,50128.4,51175.98,True,False
Emergent_bounded_coherence_5ce930,Emergent_bounded_cognition_444413,0.5996484817635686,50128.4,51317.2,True,False
Emergent_bounded_coherence_5ce930,Emergent_ambiguity_autonomy_b265b2,0.6570021572342222,50128.4,51338.9,True,False
Emergent_bounded_coherence_5ce930,Emergent_anticipation_bounded_305c6e,0.663989410606941,50128.4,51360.93,True,False
Emergent_abstraction_attention_9ebe0c,Emergent_abstraction_anticipation_bfad7e,0.6405191851544682,50142.87,50143.21,True,False
Emergent_abstraction_attention_9ebe0c,Emergent_analogy_autonomy_581819,0.640519185424918,50142.87,50184.37,True,False
Emergent_abstraction_attention_9ebe0c,Emergent_bounded_contradiction_12fedf,0.6405191852309897,50142.87,50210.46,True,False
Emergent_abstraction_attention_9ebe0c,Emergent_anticipation_bounded_6c16c4,0.6405191852357521,50142.87,50210.8,True,False
Emergent_abstraction_attention_9ebe0c,Emergent_beneficence_identity_9dd002,0.6405191751653306,50142.87,50222.52,True,False
Emergent_abstraction_attention_9ebe0c,Emergent_analogy_anticipation_33cf9b,0.6405191881705088,50142.87,50236.14,True,False
Emergent_abstraction_attention_9ebe0c,Emergent_appears_asymmetry_630915,0.6405191882989705,50142.87,50248.8,True,False
Emergent_abstraction_attention_9ebe0c,Emergent_appears_asymmetry_7aac44,0.6405191882989705,50142.87,50249.14,True,False
Emergent_abstraction_attention_9ebe0c,Emergent_ambiguity_analogy_8651fe,0.6405191845345456,50142.87,50262.67,True,False
Emergent_abstraction_attention_9ebe0c,Emergent_analogy_autonomy_2771b0,0.6405191866334622,50142.87,50279.0,True,False
Emergent_abstraction_attention_9ebe0c,Emergent_beneficence_complexity_2de0b9,0.6405191868956293,50142.87,50293.64,True,False
Emergent_abstraction_attention_9ebe0c,Emergent_complexity_contradiction_b62804,0.6405191846484843,50142.87,50310.13,True,False
Emergent_abstraction_attention_9ebe0c,Emergent_autonomy_bounded_ab8b66,0.6405191809032427,50142.87,50325.77,True,False
Emergent_abstraction_attention_9ebe0c,Emergent_beneficence_bounded_bb35c2,0.6405191814382771,50142.87,50341.05,True,False
Emergent_abstraction_attention_9ebe0c,Emergent_carefully_coherence_c4d3bc,0.6405191768522669,50142.87,50356.81,True,False
Emergent_abstraction_attention_9ebe0c,Emergent_beneficence_clarity_d9ce73,0.6405191692089166,50142.87,50373.84,True,False
Emergent_abstraction_attention_9ebe0c,Emergent_anticipation_clarity_a82e6a,0.6405191692089166,50142.87,50374.18,True,False
Emergent_abstraction_attention_9ebe0c,Emergent_bounded_emergence_f6197f,0.6405191703008237,50142.87,50388.53,True,False
Emergent_abstraction_attention_9ebe0c,Emergent_bounded_enforcing_bf268c,0.6405191703008237,50142.87,50388.87,True,False
Emergent_abstraction_attention_9ebe0c,Emergent_bounded_coherence_9e3f99,0.6405191609416193,50142.87,50404.98,True,False
Emergent_abstraction_attention_9ebe0c,Emergent_contradiction_emerges_20ad0a,0.6405191419471895,50142.87,50421.64,True,False
Emergent_abstraction_attention_9ebe0c,Emergent_contradiction_identity_dc441d,0.663180745075248,50142.87,50421.98,True,False
Emergent_abstraction_attention_9ebe0c,Emergent_beneficence_bounded_5bc638,0.6628928212041809,50142.87,50438.08,True,False
Emergent_abstraction_attention_9ebe0c,Emergent_autonomy_bounded_94d9e2,0.6405192428646181,50142.87,50471.83,True,False
Emergent_abstraction_attention_9ebe0c,Emergent_autonomy_beneficence_f6c1c5,0.6405192428646181,50142.87,50472.17,True,False
Emergent_abstraction_attention_9ebe0c,Emergent_autonomy_clarity_dc06c1,0.6405192038841747,50142.87,50491.32,True,False
Emergent_abstraction_attention_9ebe0c,Emergent_anticipation_bounded_2f7e1b,0.640519148197827,50142.87,50509.06,True,False
Emergent_abstraction_attention_9ebe0c,Emergent_anticipation_autonomy_eda74a,0.6405190686459016,50142.87,50527.27,True,False
Emergent_abstraction_attention_9ebe0c,Emergent_anticipation_autonomy_a66f28,0.6405189550002939,50142.87,50545.43,True,False
Emergent_abstraction_attention_9ebe0c,Emergent_autonomy_carefully_2c09b0,0.6405189550002939,50142.87,50545.77,True,False
Emergent_abstraction_attention_9ebe0c,Emergent_appears_asymmetry_ecd8f7,0.640519048489178,50142.87,50582.35,True,False
Emergent_abstraction_attention_9ebe0c,Emergent_beneficence_bounded_21df32,0.6405187171608756,50142.87,50618.38,True,False
Emergent_abstraction_attention_9ebe0c,Emergent_bounded_complexity_bc9326,0.6401896662035782,50142.87,50637.05,True,False
Emergent_abstraction_attention_9ebe0c,Emergent_bounded_carefully_f79645,0.6405165294789912,50142.87,50692.4,True,False
Emergent_abstraction_attention_9ebe0c,Emergent_clarity_complexity_e4a503,0.6405028368926687,50142.87,50712.01,True,False
Emergent_abstraction_attention_9ebe0c,Emergent_beneficence_clarity_9107ae,0.6405182880858725,50142.87,50749.3,True,False
Emergent_abstraction_attention_9ebe0c,Emergent_clarity_connection_47e953,0.6405182880858725,50142.87,50749.64,True,False
Emergent_abstraction_attention_9ebe0c,Emergent_autonomy_collective_b1eda1,0.6405186166476843,50142.87,50767.68,True,False
Emergent_abstraction_attention_9ebe0c,Emergent_bounded_coherence_7a6cb5,0.6405156490205477,50142.87,50787.59,True,False
Emergent_abstraction_attention_9ebe0c,Emergent_appears_asymmetry_955aa5,0.6404766300671538,50142.87,50806.58,True,False
Emergent_abstraction_attention_9ebe0c,Emergent_anticipation_autonomy_cd3792,0.6405215606108715,50142.87,50825.88,True,False
Emergent_abstraction_attention_9ebe0c,Emergent_autonomy_beneficence_994988,0.6405133499866694,50142.87,50848.99,True,False
Emergent_abstraction_attention_9ebe0c,Emergent_coherence_complexity_df52ba,0.6401946655220757,50142.87,50896.23,True,False
Emergent_abstraction_attention_9ebe0c,Emergent_emergence_from_interaction_enforcing_c5a296,0.6405952435476079,50142.87,50952.55,True,False
Emergent_abstraction_attention_9ebe0c,Emergent_emergence_from_interaction_entropy_74edc9,0.6405951219616556,50142.87,50952.89,True,False
Emergent_abstraction_attention_9ebe0c,Emergent_constraint_contradiction_e4e5c0,0.6397548510818368,50142.87,50973.24,True,False
Emergent_abstraction_attention_9ebe0c,Emergent_constraint_contradiction_25659b,0.6397606319888482,50142.87,50973.58,True,False
Emergent_abstraction_attention_9ebe0c,Emergent_complexity_constraint_9f426d,0.6408375670241718,50142.87,50993.03,True,False
Emergent_abstraction_attention_9ebe0c,Emergent_identity_justice_875606,0.6409021085774238,50142.87,51032.83,True,False
Emergent_abstraction_attention_9ebe0c,Emergent_appears_asymmetry_8dba4c,0.6372648156348092,50142.87,51052.91,True,False
Emergent_abstraction_attention_9ebe0c,Emergent_beneficence_carefully_a8eeec,0.640972077484571,50142.87,51132.18,True,False
Emergent_abstraction_attention_9ebe0c,Emergent_anticipation_carefully_73a81d,0.640972077484571,50142.87,51132.52,True,False
Emergent_abstraction_attention_9ebe0c,Emergent_autonomy_carefully_dedeae,0.640124651737571,50142.87,51154.7,True,False
Emergent_abstraction_attention_9ebe0c,Emergent_autonomy_belief_revision_03bb63,0.638914043527571,50142.87,51175.98,True,False
Emergent_abstraction_attention_9ebe0c,Emergent_bounded_cognition_444413,0.5551741476233352,50142.87,51317.2,True,False
Emergent_abstraction_attention_9ebe0c,Emergent_ambiguity_autonomy_b265b2,0.6570021572342222,50142.87,51338.9,True,False
Emergent_abstraction_attention_9ebe0c,Emergent_anticipation_bounded_305c6e,0.6607234614774138,50142.87,51360.93,True,False
Emergent_abstraction_anticipation_bfad7e,Emergent_analogy_autonomy_581819,0.6640201604633018,50143.21,50184.37,True,False
Emergent_abstraction_anticipation_bfad7e,Emergent_bounded_contradiction_12fedf,0.6409979404406746,50143.21,50210.46,True,False
Emergent_abstraction_anticipation_bfad7e,Emergent_anticipation_bounded_6c16c4,0.6696673069309226,50143.21,50210.8,True,False
Emergent_abstraction_anticipation_bfad7e,Emergent_beneficence_identity_9dd002,0.6696672970343128,50143.21,50222.52,True,False
Emergent_abstraction_anticipation_bfad7e,Emergent_analogy_anticipation_33cf9b,0.6696673097695941,50143.21,50236.14,True,False
Emergent_abstraction_anticipation_bfad7e,Emergent_appears_asymmetry_630915,0.669667309898056,50143.21,50248.8,True,False
Emergent_abstraction_anticipation_bfad7e,Emergent_appears_asymmetry_7aac44,0.6446936432393063,50143.21,50249.14,True,False
Emergent_abstraction_anticipation_bfad7e,Emergent_ambiguity_analogy_8651fe,0.669667307953907,50143.21,50262.67,True,False
Emergent_abstraction_anticipation_bfad7e,Emergent_analogy_autonomy_2771b0,0.6646930752289514,50143.21,50279.0,True,False
Emergent_abstraction_anticipation_bfad7e,Emergent_beneficence_complexity_2de0b9,0.6467264155552453,50143.21,50293.64,True,False
Emergent_abstraction_anticipation_bfad7e,Emergent_complexity_contradiction_b62804,0.6696673053317054,50143.21,50310.13,True,False
Emergent_abstraction_anticipation_bfad7e,Emergent_autonomy_bounded_ab8b66,0.6696673015864636,50143.21,50325.77,True,False
Emergent_abstraction_anticipation_bfad7e,Emergent_beneficence_bounded_bb35c2,0.6662654534759695,50143.21,50341.05,True,False
Emergent_abstraction_anticipation_bfad7e,Emergent_carefully_coherence_c4d3bc,0.6477330320792481,50143.21,50356.81,True,False
Emergent_abstraction_anticipation_bfad7e,Emergent_beneficence_clarity_d9ce73,0.6696672898921376,50143.21,50373.84,True,False
Emergent_abstraction_anticipation_bfad7e,Emergent_anticipation_clarity_a82e6a,0.6520045335341574,50143.21,50374.18,True,False
Emergent_abstraction_anticipation_bfad7e,Emergent_bounded_emergence_f6197f,0.6696558500168285,50143.21,50388.53,True,False
Emergent_abstraction_anticipation_bfad7e,Emergent_bounded_enforcing_bf268c,0.6584014871039342,50143.21,50388.87,True,False
Emergent_abstraction_anticipation_bfad7e,Emergent_bounded_coherence_9e3f99,0.6696672816248406,50143.21,50404.98,True,False
Emergent_abstraction_anticipation_bfad7e,Emergent_contradiction_emerges_20ad0a,0.6598771198379589,50143.21,50421.64,True,False
Emergent_abstraction_anticipation_bfad7e,Emergent_contradiction_identity_dc441d,0.663180745075248,50143.21,50421.98,True,False
Emergent_abstraction_anticipation_bfad7e,Emergent_beneficence_bounded_5bc638,0.6628928212041809,50143.21,50438.08,True,False
Emergent_abstraction_anticipation_bfad7e,Emergent_autonomy_bounded_94d9e2,0.669667358909946,50143.21,50471.83,True,False
Emergent_abstraction_anticipation_bfad7e,Emergent_autonomy_beneficence_f6c1c5,0.6597744819383321,50143.21,50472.17,True,False
Emergent_abstraction_anticipation_bfad7e,Emergent_autonomy_clarity_dc06c1,0.6696673199295026,50143.21,50491.32,True,False
Emergent_abstraction_anticipation_bfad7e,Emergent_anticipation_bounded_2f7e1b,0.6696672642431549,50143.21,50509.06,True,False
Emergent_abstraction_anticipation_bfad7e,Emergent_anticipation_autonomy_eda74a,0.6483918614757963,50143.21,50527.27,True,False
Emergent_abstraction_anticipation_bfad7e,Emergent_anticipation_autonomy_a66f28,0.6696670710456217,50143.21,50545.43,True,False
Emergent_abstraction_anticipation_bfad7e,Emergent_autonomy_carefully_2c09b0,0.6696670710456217,50143.21,50545.77,True,False
Emergent_abstraction_anticipation_bfad7e,Emergent_appears_asymmetry_ecd8f7,0.6696670577422675,50143.21,50582.35,True,False
Emergent_abstraction_anticipation_bfad7e,Emergent_beneficence_bounded_21df32,0.6573555399231327,50143.21,50618.38,True,False
Emergent_abstraction_anticipation_bfad7e,Emergent_bounded_complexity_bc9326,0.6401896662035782,50143.21,50637.05,True,False
Emergent_abstraction_anticipation_bfad7e,Emergent_bounded_carefully_f79645,0.6566443561001757,50143.21,50692.4,True,False
Emergent_abstraction_anticipation_bfad7e,Emergent_clarity_complexity_e4a503,0.6696523026396556,50143.21,50712.01,True,False
Emergent_abstraction_anticipation_bfad7e,Emergent_beneficence_clarity_9107ae,0.6696655043654282,50143.21,50749.3,True,False
Emergent_abstraction_anticipation_bfad7e,Emergent_clarity_connection_47e953,0.6550672752254219,50143.21,50749.64,True,False
Emergent_abstraction_anticipation_bfad7e,Emergent_autonomy_collective_b1eda1,0.6584991135795918,50143.21,50767.68,True,False
Emergent_abstraction_anticipation_bfad7e,Emergent_bounded_coherence_7a6cb5,0.6633234793239663,50143.21,50787.59,True,False
Emergent_abstraction_anticipation_bfad7e,Emergent_appears_asymmetry_955aa5,0.6696281221487137,50143.21,50806.58,True,False
Emergent_abstraction_anticipation_bfad7e,Emergent_anticipation_autonomy_cd3792,0.6463145261366556,50143.21,50825.88,True,False
Emergent_abstraction_anticipation_bfad7e,Emergent_autonomy_beneficence_994988,0.6696582436400994,50143.21,50848.99,True,False
Emergent_abstraction_anticipation_bfad7e,Emergent_coherence_complexity_df52ba,0.6601407315528725,50143.21,50896.23,True,False
Emergent_abstraction_anticipation_bfad7e,Emergent_emergence_from_interaction_enforcing_c5a296,0.6695765604444727,50143.21,50952.55,True,False
Emergent_abstraction_anticipation_bfad7e,Emergent_emergence_from_interaction_entropy_74edc9,0.662789974045919,50143.21,50952.89,True,False
Emergent_abstraction_anticipation_bfad7e,Emergent_constraint_contradiction_e4e5c0,0.6514779433697724,50143.21,50973.24,True,False
Emergent_abstraction_anticipation_bfad7e,Emergent_constraint_contradiction_25659b,0.6689048414930228,50143.21,50973.58,True,False
Emergent_abstraction_anticipation_bfad7e,Emergent_complexity_constraint_9f426d,0.6534292310976655,50143.21,50993.03,True,False
Emergent_abstraction_anticipation_bfad7e,Emergent_identity_justice_875606,0.6688771701002029,50143.21,51032.83,True,False
Emergent_abstraction_anticipation_bfad7e,Emergent_appears_asymmetry_8dba4c,0.6388769656698277,50143.21,51052.91,True,False
Emergent_abstraction_anticipation_bfad7e,Emergent_beneficence_carefully_a8eeec,0.6542651268490958,50143.21,51132.18,True,False
Emergent_abstraction_anticipation_bfad7e,Emergent_anticipation_carefully_73a81d,0.659881561627572,50143.21,51132.52,True,False
Emergent_abstraction_anticipation_bfad7e,Emergent_autonomy_carefully_dedeae,0.6691267685801746,50143.21,51154.7,True,False
Emergent_abstraction_anticipation_bfad7e,Emergent_autonomy_belief_revision_03bb63,0.658334853425681,50143.21,51175.98,True,False
Emergent_abstraction_anticipation_bfad7e,Emergent_bounded_cognition_444413,0.5935973053544883,50143.21,51317.2,True,False
Emergent_abstraction_anticipation_bfad7e,Emergent_ambiguity_autonomy_b265b2,0.6570021572342222,50143.21,51338.9,True,False
Emergent_abstraction_anticipation_bfad7e,Emergent_anticipation_bounded_305c6e,0.663989410606941,50143.21,51360.93,True,False
Emergent_analogy_autonomy_581819,Emergent_bounded_contradiction_12fedf,0.6409979404406746,50184.37,50210.46,True,False
Emergent_analogy_autonomy_581819,Emergent_anticipation_bounded_6c16c4,0.6640201601080433,50184.37,50210.8,True,False
Emergent_analogy_autonomy_581819,Emergent_beneficence_identity_9dd002,0.6640201501777594,50184.37,50222.52,True,False
Emergent_analogy_autonomy_581819,Emergent_analogy_anticipation_33cf9b,0.6640201629653305,50184.37,50236.14,True,False
Emergent_analogy_autonomy_581819,Emergent_appears_asymmetry_630915,0.6640201630937921,50184.37,50248.8,True,False
Emergent_analogy_autonomy_581819,Emergent_appears_asymmetry_7aac44,0.6446936432393063,50184.37,50249.14,True,False
Emergent_analogy_autonomy_581819,Emergent_ambiguity_analogy_8651fe,0.6640201607969836,50184.37,50262.67,True,False
Emergent_analogy_autonomy_581819,Emergent_analogy_autonomy_2771b0,0.6640201606898588,50184.37,50279.0,True,False
Emergent_analogy_autonomy_581819,Emergent_beneficence_complexity_2de0b9,0.6467264155552453,50184.37,50293.64,True,False
Emergent_analogy_autonomy_581819,Emergent_complexity_contradiction_b62804,0.6640201587048808,50184.37,50310.13,True,False
Emergent_analogy_autonomy_581819,Emergent_autonomy_bounded_ab8b66,0.6640201549596392,50184.37,50325.77,True,False
Emergent_analogy_autonomy_581819,Emergent_beneficence_bounded_bb35c2,0.6640201554946736,50184.37,50341.05,True,False
Emergent_analogy_autonomy_581819,Emergent_carefully_coherence_c4d3bc,0.6477330320792481,50184.37,50356.81,True,False
Emergent_analogy_autonomy_581819,Emergent_beneficence_clarity_d9ce73,0.6640201432653132,50184.37,50373.84,True,False
Emergent_analogy_autonomy_581819,Emergent_anticipation_clarity_a82e6a,0.6520045335341574,50184.37,50374.18,True,False
Emergent_analogy_autonomy_581819,Emergent_bounded_emergence_f6197f,0.6640201443572205,50184.37,50388.53,True,False
Emergent_analogy_autonomy_581819,Emergent_bounded_enforcing_bf268c,0.6584014871039342,50184.37,50388.87,True,False
Emergent_analogy_autonomy_581819,Emergent_bounded_coherence_9e3f99,0.6640201349980158,50184.37,50404.98,True,False
Emergent_analogy_autonomy_581819,Emergent_contradiction_emerges_20ad0a,0.6598771198379589,50184.37,50421.64,True,False
Emergent_analogy_autonomy_581819,Emergent_contradiction_identity_dc441d,0.663180745075248,50184.37,50421.98,True,False
Emergent_analogy_autonomy_581819,Emergent_beneficence_bounded_5bc638,0.6628928212041809,50184.37,50438.08,True,False
Emergent_analogy_autonomy_581819,Emergent_autonomy_bounded_94d9e2,0.6640202131816653,50184.37,50471.83,True,False
Emergent_analogy_autonomy_581819,Emergent_autonomy_beneficence_f6c1c5,0.6597744819383321,50184.37,50472.17,True,False
Emergent_analogy_autonomy_581819,Emergent_autonomy_clarity_dc06c1,0.664020174201222,50184.37,50491.32,True,False
Emergent_analogy_autonomy_581819,Emergent_anticipation_bounded_2f7e1b,0.664020118514874,50184.37,50509.06,True,False
Emergent_analogy_autonomy_581819,Emergent_anticipation_autonomy_eda74a,0.6483918614757963,50184.37,50527.27,True,False
Emergent_analogy_autonomy_581819,Emergent_anticipation_autonomy_a66f28,0.6640199253173411,50184.37,50545.43,True,False
Emergent_analogy_autonomy_581819,Emergent_autonomy_carefully_2c09b0,0.6640199253173411,50184.37,50545.77,True,False
Emergent_analogy_autonomy_581819,Emergent_appears_asymmetry_ecd8f7,0.6640199327038774,50184.37,50582.35,True,False
Emergent_analogy_autonomy_581819,Emergent_beneficence_bounded_21df32,0.6573555399231327,50184.37,50618.38,True,False
Emergent_analogy_autonomy_581819,Emergent_bounded_complexity_bc9326,0.6401896662035782,50184.37,50637.05,True,False
Emergent_analogy_autonomy_581819,Emergent_bounded_carefully_f79645,0.6566443561001757,50184.37,50692.4,True,False
Emergent_analogy_autonomy_581819,Emergent_clarity_complexity_e4a503,0.6640048954206512,50184.37,50712.01,True,False
Emergent_analogy_autonomy_581819,Emergent_beneficence_clarity_9107ae,0.6640185329574511,50184.37,50749.3,True,False
Emergent_analogy_autonomy_581819,Emergent_clarity_connection_47e953,0.6550672752254219,50184.37,50749.64,True,False
Emergent_analogy_autonomy_581819,Emergent_autonomy_collective_b1eda1,0.6584991135795918,50184.37,50767.68,True,False
Emergent_analogy_autonomy_581819,Emergent_bounded_coherence_7a6cb5,0.6633234793239663,50184.37,50787.59,True,False
Emergent_analogy_autonomy_581819,Emergent_appears_asymmetry_955aa5,0.6639803223483633,50184.37,50806.58,True,False
Emergent_analogy_autonomy_581819,Emergent_anticipation_autonomy_cd3792,0.6463145261366556,50184.37,50825.88,True,False
Emergent_analogy_autonomy_581819,Emergent_autonomy_beneficence_994988,0.6640117222168891,50184.37,50848.99,True,False
Emergent_analogy_autonomy_581819,Emergent_coherence_complexity_df52ba,0.6601407315528725,50184.37,50896.23,True,False
Emergent_analogy_autonomy_581819,Emergent_emergence_from_interaction_enforcing_c5a296,0.6640755402301068,50184.37,50952.55,True,False
Emergent_analogy_autonomy_581819,Emergent_emergence_from_interaction_entropy_74edc9,0.662789974045919,50184.37,50952.89,True,False
Emergent_analogy_autonomy_581819,Emergent_constraint_contradiction_e4e5c0,0.6514779433697724,50184.37,50973.24,True,False
Emergent_analogy_autonomy_581819,Emergent_constraint_contradiction_25659b,0.663258452616648,50184.37,50973.58,True,False
Emergent_analogy_autonomy_581819,Emergent_complexity_constraint_9f426d,0.6534292310976655,50184.37,50993.03,True,False
Emergent_analogy_autonomy_581819,Emergent_identity_justice_875606,0.6643204003795063,50184.37,51032.83,True,False
Emergent_analogy_autonomy_581819,Emergent_appears_asymmetry_8dba4c,0.6388769656698277,50184.37,51052.91,True,False
Emergent_analogy_autonomy_581819,Emergent_beneficence_carefully_a8eeec,0.6542651268490958,50184.37,51132.18,True,False
Emergent_analogy_autonomy_581819,Emergent_anticipation_carefully_73a81d,0.659881561627572,50184.37,51132.52,True,False
Emergent_analogy_autonomy_581819,Emergent_autonomy_carefully_dedeae,0.6635079086859668,50184.37,51154.7,True,False
Emergent_analogy_autonomy_581819,Emergent_autonomy_belief_revision_03bb63,0.658334853425681,50184.37,51175.98,True,False
Emergent_analogy_autonomy_581819,Emergent_bounded_cognition_444413,0.5861532163193304,50184.37,51317.2,True,False
Emergent_analogy_autonomy_581819,Emergent_ambiguity_autonomy_b265b2,0.6570021572342222,50184.37,51338.9,True,False
Emergent_analogy_autonomy_581819,Emergent_anticipation_bounded_305c6e,0.663989410606941,50184.37,51360.93,True,False
Emergent_bounded_contradiction_12fedf,Emergent_anticipation_bounded_6c16c4,0.6409979391046342,50210.46,50210.8,True,False
Emergent_bounded_contradiction_12fedf,Emergent_beneficence_identity_9dd002,0.6409979301049284,50210.46,50222.52,True,False
Emergent_bounded_contradiction_12fedf,Emergent_analogy_anticipation_33cf9b,0.6409979433786228,50210.46,50236.14,True,False
Emergent_bounded_contradiction_12fedf,Emergent_appears_asymmetry_630915,0.6409979435070846,50210.46,50248.8,True,False
Emergent_bounded_contradiction_12fedf,Emergent_appears_asymmetry_7aac44,0.6409979435070846,50210.46,50249.14,True,False
Emergent_bounded_contradiction_12fedf,Emergent_ambiguity_analogy_8651fe,0.6409979397725575,50210.46,50262.67,True,False
Emergent_bounded_contradiction_12fedf,Emergent_analogy_autonomy_2771b0,0.6409979418265334,50210.46,50279.0,True,False
Emergent_bounded_contradiction_12fedf,Emergent_beneficence_complexity_2de0b9,0.6409979420887003,50210.46,50293.64,True,False
Emergent_bounded_contradiction_12fedf,Emergent_complexity_contradiction_b62804,0.6409979398415553,50210.46,50310.13,True,False
Emergent_bounded_contradiction_12fedf,Emergent_autonomy_bounded_ab8b66,0.6409979360963136,50210.46,50325.77,True,False
Emergent_bounded_contradiction_12fedf,Emergent_beneficence_bounded_bb35c2,0.6409979366313482,50210.46,50341.05,True,False
Emergent_bounded_contradiction_12fedf,Emergent_carefully_coherence_c4d3bc,0.6409979320453381,50210.46,50356.81,True,False
Emergent_bounded_contradiction_12fedf,Emergent_beneficence_clarity_d9ce73,0.6409979244019877,50210.46,50373.84,True,False
Emergent_bounded_contradiction_12fedf,Emergent_anticipation_clarity_a82e6a,0.6409979244019877,50210.46,50374.18,True,False
Emergent_bounded_contradiction_12fedf,Emergent_bounded_emergence_f6197f,0.6409979254938948,50210.46,50388.53,True,False
Emergent_bounded_contradiction_12fedf,Emergent_bounded_enforcing_bf268c,0.6409979254938948,50210.46,50388.87,True,False
Emergent_bounded_contradiction_12fedf,Emergent_bounded_coherence_9e3f99,0.6409979161346904,50210.46,50404.98,True,False
Emergent_bounded_contradiction_12fedf,Emergent_contradiction_emerges_20ad0a,0.6409978971350161,50210.46,50421.64,True,False
Emergent_bounded_contradiction_12fedf,Emergent_contradiction_identity_dc441d,0.663180745075248,50210.46,50421.98,True,False
Emergent_bounded_contradiction_12fedf,Emergent_beneficence_bounded_5bc638,0.6628928212041809,50210.46,50438.08,True,False
Emergent_bounded_contradiction_12fedf,Emergent_autonomy_bounded_94d9e2,0.6409979979815124,50210.46,50471.83,True,False
Emergent_bounded_contradiction_12fedf,Emergent_autonomy_beneficence_f6c1c5,0.6409979979815124,50210.46,50472.17,True,False
Emergent_bounded_contradiction_12fedf,Emergent_autonomy_clarity_dc06c1,0.6409979590010688,50210.46,50491.32,True,False
Emergent_bounded_contradiction_12fedf,Emergent_anticipation_bounded_2f7e1b,0.6409979033147211,50210.46,50509.06,True,False
Emergent_bounded_contradiction_12fedf,Emergent_anticipation_autonomy_eda74a,0.6409978237627957,50210.46,50527.27,True,False
Emergent_bounded_contradiction_12fedf,Emergent_anticipation_autonomy_a66f28,0.6409977101171881,50210.46,50545.43,True,False
Emergent_bounded_contradiction_12fedf,Emergent_autonomy_carefully_2c09b0,0.6409977101171881,50210.46,50545.77,True,False
Emergent_bounded_contradiction_12fedf,Emergent_appears_asymmetry_ecd8f7,0.6409978018520194,50210.46,50582.35,True,False
Emergent_bounded_contradiction_12fedf,Emergent_beneficence_bounded_21df32,0.6409974705237172,50210.46,50618.38,True,False
Emergent_bounded_contradiction_12fedf,Emergent_bounded_complexity_bc9326,0.6401896662035782,50210.46,50637.05,True,False
Emergent_bounded_contradiction_12fedf,Emergent_bounded_carefully_f79645,0.64099528273032,50210.46,50692.4,True,False
Emergent_bounded_contradiction_12fedf,Emergent_clarity_complexity_e4a503,0.6409816141782878,50210.46,50712.01,True,False
Emergent_bounded_contradiction_12fedf,Emergent_beneficence_clarity_9107ae,0.6409970284241967,50210.46,50749.3,True,False
Emergent_bounded_contradiction_12fedf,Emergent_clarity_connection_47e953,0.6409970284241967,50210.46,50749.64,True,False
Emergent_bounded_contradiction_12fedf,Emergent_autonomy_collective_b1eda1,0.6409973569860086,50210.46,50767.68,True,False
Emergent_bounded_contradiction_12fedf,Emergent_bounded_coherence_7a6cb5,0.6409943891250738,50210.46,50787.59,True,False
Emergent_bounded_contradiction_12fedf,Emergent_appears_asymmetry_955aa5,0.6409554406351318,50210.46,50806.58,True,False
Emergent_bounded_contradiction_12fedf,Emergent_anticipation_autonomy_cd3792,0.641000262800276,50210.46,50825.88,True,False
Emergent_bounded_contradiction_12fedf,Emergent_autonomy_beneficence_994988,0.640992052176074,50210.46,50848.99,True,False
Emergent_bounded_contradiction_12fedf,Emergent_coherence_complexity_df52ba,0.6406734371003416,50210.46,50896.23,True,False
Emergent_bounded_contradiction_12fedf,Emergent_emergence_from_interaction_enforcing_c5a296,0.6410735775070693,50210.46,50952.55,True,False
Emergent_bounded_contradiction_12fedf,Emergent_emergence_from_interaction_entropy_74edc9,0.641073455733338,50210.46,50952.89,True,False
Emergent_bounded_contradiction_12fedf,Emergent_constraint_contradiction_e4e5c0,0.640233538543099,50210.46,50973.24,True,False
Emergent_bounded_contradiction_12fedf,Emergent_constraint_contradiction_25659b,0.6402393229411644,50210.46,50973.58,True,False
Emergent_bounded_contradiction_12fedf,Emergent_complexity_constraint_9f426d,0.6413157039795225,50210.46,50993.03,True,False
Emergent_bounded_contradiction_12fedf,Emergent_identity_justice_875606,0.6413791793910076,50210.46,51032.83,True,False
Emergent_bounded_contradiction_12fedf,Emergent_appears_asymmetry_8dba4c,0.6377431748315673,50210.46,51052.91,True,False
Emergent_bounded_contradiction_12fedf,Emergent_beneficence_carefully_a8eeec,0.6414484345780299,50210.46,51132.18,True,False
Emergent_bounded_contradiction_12fedf,Emergent_anticipation_carefully_73a81d,0.6414484345780299,50210.46,51132.52,True,False
Emergent_bounded_contradiction_12fedf,Emergent_autonomy_carefully_dedeae,0.64060100883103,50210.46,51154.7,True,False
Emergent_bounded_contradiction_12fedf,Emergent_autonomy_belief_revision_03bb63,0.6393904006210299,50210.46,51175.98,True,False
Emergent_bounded_contradiction_12fedf,Emergent_bounded_cognition_444413,0.555805244444221,50210.46,51317.2,True,False
Emergent_bounded_contradiction_12fedf,Emergent_ambiguity_autonomy_b265b2,0.6570021572342222,50210.46,51338.9,True,False
Emergent_bounded_contradiction_12fedf,Emergent_anticipation_bounded_305c6e,0.6610628057130443,50210.46,51360.93,True,False
Emergent_anticipation_bounded_6c16c4,Emergent_beneficence_identity_9dd002,0.6718373384111107,50210.8,50222.52,True,False
Emergent_anticipation_bounded_6c16c4,Emergent_analogy_anticipation_33cf9b,0.68175797155705,50210.8,50236.14,True,False
Emergent_anticipation_bounded_6c16c4,Emergent_appears_asymmetry_630915,0.6716242132366822,50210.8,50248.8,True,False
Emergent_anticipation_bounded_6c16c4,Emergent_appears_asymmetry_7aac44,0.6446936432393063,50210.8,50249.14,True,False
Emergent_anticipation_bounded_6c16c4,Emergent_ambiguity_analogy_8651fe,0.6721978674357901,50210.8,50262.67,True,False
Emergent_anticipation_bounded_6c16c4,Emergent_analogy_autonomy_2771b0,0.6646930752289514,50210.8,50279.0,True,False
Emergent_anticipation_bounded_6c16c4,Emergent_beneficence_complexity_2de0b9,0.6467264155552453,50210.8,50293.64,True,False
Emergent_anticipation_bounded_6c16c4,Emergent_complexity_contradiction_b62804,0.6834114056957721,50210.8,50310.13,True,False
Emergent_anticipation_bounded_6c16c4,Emergent_autonomy_bounded_ab8b66,0.6720757163115423,50210.8,50325.77,True,False
Emergent_anticipation_bounded_6c16c4,Emergent_beneficence_bounded_bb35c2,0.6662654534759695,50210.8,50341.05,True,False
Emergent_anticipation_bounded_6c16c4,Emergent_carefully_coherence_c4d3bc,0.6477330320792481,50210.8,50356.81,True,False
Emergent_anticipation_bounded_6c16c4,Emergent_beneficence_clarity_d9ce73,0.6768494740499665,50210.8,50373.84,True,False
Emergent_anticipation_bounded_6c16c4,Emergent_anticipation_clarity_a82e6a,0.6520045335341574,50210.8,50374.18,True,False
Emergent_anticipation_bounded_6c16c4,Emergent_bounded_emergence_f6197f,0.6696558500168285,50210.8,50388.53,True,False
Emergent_anticipation_bounded_6c16c4,Emergent_bounded_enforcing_bf268c,0.6584014871039342,50210.8,50388.87,True,False
Emergent_anticipation_bounded_6c16c4,Emergent_bounded_coherence_9e3f99,0.672852636780134,50210.8,50404.98,True,False
Emergent_anticipation_bounded_6c16c4,Emergent_contradiction_emerges_20ad0a,0.6598771198379589,50210.8,50421.64,True,False
Emergent_anticipation_bounded_6c16c4,Emergent_contradiction_identity_dc441d,0.663180745075248,50210.8,50421.98,True,False
Emergent_anticipation_bounded_6c16c4,Emergent_beneficence_bounded_5bc638,0.6628928212041809,50210.8,50438.08,True,False
Emergent_anticipation_bounded_6c16c4,Emergent_autonomy_bounded_94d9e2,0.6841974711032689,50210.8,50471.83,True,False
Emergent_anticipation_bounded_6c16c4,Emergent_autonomy_beneficence_f6c1c5,0.6597744819383321,50210.8,50472.17,True,False
Emergent_anticipation_bounded_6c16c4,Emergent_autonomy_clarity_dc06c1,0.6727036723560478,50210.8,50491.32,True,False
Emergent_anticipation_bounded_6c16c4,Emergent_anticipation_bounded_2f7e1b,0.6839193599484642,50210.8,50509.06,True,False
Emergent_anticipation_bounded_6c16c4,Emergent_anticipation_autonomy_eda74a,0.6483918614757963,50210.8,50527.27,True,False
Emergent_anticipation_bounded_6c16c4,Emergent_anticipation_autonomy_a66f28,0.6698186903027202,50210.8,50545.43,True,False
Emergent_anticipation_bounded_6c16c4,Emergent_autonomy_carefully_2c09b0,0.6698494826396452,50210.8,50545.77,True,False
Emergent_anticipation_bounded_6c16c4,Emergent_appears_asymmetry_ecd8f7,0.6760319738661966,50210.8,50582.35,True,False
Emergent_anticipation_bounded_6c16c4,Emergent_beneficence_bounded_21df32,0.6573555399231327,50210.8,50618.38,True,False
Emergent_anticipation_bounded_6c16c4,Emergent_bounded_complexity_bc9326,0.6401896662035782,50210.8,50637.05,True,False
Emergent_anticipation_bounded_6c16c4,Emergent_bounded_carefully_f79645,0.6566443561001757,50210.8,50692.4,True,False
Emergent_anticipation_bounded_6c16c4,Emergent_clarity_complexity_e4a503,0.6721426007190503,50210.8,50712.01,True,False
Emergent_anticipation_bounded_6c16c4,Emergent_beneficence_clarity_9107ae,0.6699856915394085,50210.8,50749.3,True,False
Emergent_anticipation_bounded_6c16c4,Emergent_clarity_connection_47e953,0.6550672752254219,50210.8,50749.64,True,False
Emergent_anticipation_bounded_6c16c4,Emergent_autonomy_collective_b1eda1,0.6584991135795918,50210.8,50767.68,True,False
Emergent_anticipation_bounded_6c16c4,Emergent_bounded_coherence_7a6cb5,0.6633234793239663,50210.8,50787.59,True,False
Emergent_anticipation_bounded_6c16c4,Emergent_appears_asymmetry_955aa5,0.6747632689587365,50210.8,50806.58,True,False
Emergent_anticipation_bounded_6c16c4,Emergent_anticipation_autonomy_cd3792,0.6463145261366556,50210.8,50825.88,True,False
Emergent_anticipation_bounded_6c16c4,Emergent_autonomy_beneficence_994988,0.68117484051547,50210.8,50848.99,True,False
Emergent_anticipation_bounded_6c16c4,Emergent_coherence_complexity_df52ba,0.6601407315528725,50210.8,50896.23,True,False
Emergent_anticipation_bounded_6c16c4,Emergent_emergence_from_interaction_enforcing_c5a296,0.6695765604444727,50210.8,50952.55,True,False
Emergent_anticipation_bounded_6c16c4,Emergent_emergence_from_interaction_entropy_74edc9,0.662789974045919,50210.8,50952.89,True,False
Emergent_anticipation_bounded_6c16c4,Emergent_constraint_contradiction_e4e5c0,0.6514779433697724,50210.8,50973.24,True,False
Emergent_anticipation_bounded_6c16c4,Emergent_constraint_contradiction_25659b,0.6842107685055812,50210.8,50973.58,True,False
Emergent_anticipation_bounded_6c16c4,Emergent_complexity_constraint_9f426d,0.6534292310976655,50210.8,50993.03,True,False
Emergent_anticipation_bounded_6c16c4,Emergent_identity_justice_875606,0.6688771701002029,50210.8,51032.83,True,False
Emergent_anticipation_bounded_6c16c4,Emergent_appears_asymmetry_8dba4c,0.6388769656698277,50210.8,51052.91,True,False
Emergent_anticipation_bounded_6c16c4,Emergent_beneficence_carefully_a8eeec,0.6542651268490958,50210.8,51132.18,True,False
Emergent_anticipation_bounded_6c16c4,Emergent_anticipation_carefully_73a81d,0.659881561627572,50210.8,51132.52,True,False
Emergent_anticipation_bounded_6c16c4,Emergent_autonomy_carefully_dedeae,0.6843580715098012,50210.8,51154.7,True,False
Emergent_anticipation_bounded_6c16c4,Emergent_autonomy_belief_revision_03bb63,0.658334853425681,50210.8,51175.98,True,False
Emergent_anticipation_bounded_6c16c4,Emergent_bounded_cognition_444413,0.6085948249515556,50210.8,51317.2,True,False
Emergent_anticipation_bounded_6c16c4,Emergent_ambiguity_autonomy_b265b2,0.6570021572342222,50210.8,51338.9,True,False
Emergent_anticipation_bounded_6c16c4,Emergent_anticipation_bounded_305c6e,0.663989410606941,50210.8,51360.93,True,False
Emergent_beneficence_identity_9dd002,Emergent_analogy_anticipation_33cf9b,0.6718373494469217,50222.52,50236.14,True,False
Emergent_beneficence_identity_9dd002,Emergent_appears_asymmetry_630915,0.6716242112747226,50222.52,50248.8,True,False
Emergent_beneficence_identity_9dd002,Emergent_appears_asymmetry_7aac44,0.6446936412773467,50222.52,50249.14,True,False
Emergent_beneficence_identity_9dd002,Emergent_ambiguity_analogy_8651fe,0.6718373497287113,50222.52,50262.67,True,False
Emergent_beneficence_identity_9dd002,Emergent_analogy_autonomy_2771b0,0.6646930752289514,50222.52,50279.0,True,False
Emergent_beneficence_identity_9dd002,Emergent_beneficence_complexity_2de0b9,0.6467264155552453,50222.52,50293.64,True,False
Emergent_beneficence_identity_9dd002,Emergent_complexity_contradiction_b62804,0.6718373469028074,50222.52,50310.13,True,False
Emergent_beneficence_identity_9dd002,Emergent_autonomy_bounded_ab8b66,0.6718373431575658,50222.52,50325.77,True,False
Emergent_beneficence_identity_9dd002,Emergent_beneficence_bounded_bb35c2,0.6662654534759695,50222.52,50341.05,True,False
Emergent_beneficence_identity_9dd002,Emergent_carefully_coherence_c4d3bc,0.6477330320792481,50222.52,50356.81,True,False
Emergent_beneficence_identity_9dd002,Emergent_beneficence_clarity_d9ce73,0.6718373314632399,50222.52,50373.84,True,False
Emergent_beneficence_identity_9dd002,Emergent_anticipation_clarity_a82e6a,0.6520045335341574,50222.52,50374.18,True,False
Emergent_beneficence_identity_9dd002,Emergent_bounded_emergence_f6197f,0.6696558500168285,50222.52,50388.53,True,False
Emergent_beneficence_identity_9dd002,Emergent_bounded_enforcing_bf268c,0.6584014871039342,50222.52,50388.87,True,False
Emergent_beneficence_identity_9dd002,Emergent_bounded_coherence_9e3f99,0.6718373231959425,50222.52,50404.98,True,False
Emergent_beneficence_identity_9dd002,Emergent_contradiction_emerges_20ad0a,0.6598771198379589,50222.52,50421.64,True,False
Emergent_beneficence_identity_9dd002,Emergent_contradiction_identity_dc441d,0.663180745075248,50222.52,50421.98,True,False
Emergent_beneficence_identity_9dd002,Emergent_beneficence_bounded_5bc638,0.6628928212041809,50222.52,50438.08,True,False
Emergent_beneficence_identity_9dd002,Emergent_autonomy_bounded_94d9e2,0.6718374001357628,50222.52,50471.83,True,False
Emergent_beneficence_identity_9dd002,Emergent_autonomy_beneficence_f6c1c5,0.6597744819383321,50222.52,50472.17,True,False
Emergent_beneficence_identity_9dd002,Emergent_autonomy_clarity_dc06c1,0.6718373611553193,50222.52,50491.32,True,False
Emergent_beneficence_identity_9dd002,Emergent_anticipation_bounded_2f7e1b,0.6718373054689717,50222.52,50509.06,True,False
Emergent_beneficence_identity_9dd002,Emergent_anticipation_autonomy_eda74a,0.6483918614757963,50222.52,50527.27,True,False
Emergent_beneficence_identity_9dd002,Emergent_anticipation_autonomy_a66f28,0.6698186903027202,50222.52,50545.43,True,False
Emergent_beneficence_identity_9dd002,Emergent_autonomy_carefully_2c09b0,0.6698494826396452,50222.52,50545.77,True,False
Emergent_beneficence_identity_9dd002,Emergent_appears_asymmetry_ecd8f7,0.671837091017534,50222.52,50582.35,True,False
Emergent_beneficence_identity_9dd002,Emergent_beneficence_bounded_21df32,0.6573555399231327,50222.52,50618.38,True,False
Emergent_beneficence_identity_9dd002,Emergent_bounded_complexity_bc9326,0.6401896662035782,50222.52,50637.05,True,False
Emergent_beneficence_identity_9dd002,Emergent_bounded_carefully_f79645,0.6566443561001757,50222.52,50692.4,True,False
Emergent_beneficence_identity_9dd002,Emergent_clarity_complexity_e4a503,0.6718224443490932,50222.52,50712.01,True,False
Emergent_beneficence_identity_9dd002,Emergent_beneficence_clarity_9107ae,0.6699856915394085,50222.52,50749.3,True,False
Emergent_beneficence_identity_9dd002,Emergent_clarity_connection_47e953,0.6550672752254219,50222.52,50749.64,True,False
Emergent_beneficence_identity_9dd002,Emergent_autonomy_collective_b1eda1,0.6584991135795918,50222.52,50767.68,True,False
Emergent_beneficence_identity_9dd002,Emergent_bounded_coherence_7a6cb5,0.6633234793239663,50222.52,50787.59,True,False
Emergent_beneficence_identity_9dd002,Emergent_appears_asymmetry_955aa5,0.6717984147162566,50222.52,50806.58,True,False
Emergent_beneficence_identity_9dd002,Emergent_anticipation_autonomy_cd3792,0.6463145261366556,50222.52,50825.88,True,False
Emergent_beneficence_identity_9dd002,Emergent_autonomy_beneficence_994988,0.6718280449628207,50222.52,50848.99,True,False
Emergent_beneficence_identity_9dd002,Emergent_coherence_complexity_df52ba,0.6601407315528725,50222.52,50896.23,True,False
Emergent_beneficence_identity_9dd002,Emergent_emergence_from_interaction_enforcing_c5a296,0.6695765604444727,50222.52,50952.55,True,False
Emergent_beneficence_identity_9dd002,Emergent_emergence_from_interaction_entropy_74edc9,0.662789974045919,50222.52,50952.89,True,False
Emergent_beneficence_identity_9dd002,Emergent_constraint_contradiction_e4e5c0,0.6514779433697724,50222.52,50973.24,True,False
Emergent_beneficence_identity_9dd002,Emergent_constraint_contradiction_25659b,0.6710745918816772,50222.52,50973.58,True,False
Emergent_beneficence_identity_9dd002,Emergent_complexity_constraint_9f426d,0.6534292310976655,50222.52,50993.03,True,False
Emergent_beneficence_identity_9dd002,Emergent_identity_justice_875606,0.6688771701002029,50222.52,51032.83,True,False
Emergent_beneficence_identity_9dd002,Emergent_appears_asymmetry_8dba4c,0.6388769656698277,50222.52,51052.91,True,False
Emergent_beneficence_identity_9dd002,Emergent_beneficence_carefully_a8eeec,0.6542651268490958,50222.52,51132.18,True,False
Emergent_beneficence_identity_9dd002,Emergent_anticipation_carefully_73a81d,0.659881561627572,50222.52,51132.52,True,False
Emergent_beneficence_identity_9dd002,Emergent_autonomy_carefully_dedeae,0.6712859403457367,50222.52,51154.7,True,False
Emergent_beneficence_identity_9dd002,Emergent_autonomy_belief_revision_03bb63,0.658334853425681,50222.52,51175.98,True,False
Emergent_beneficence_identity_9dd002,Emergent_bounded_cognition_444413,0.5964578619740997,50222.52,51317.2,True,False
Emergent_beneficence_identity_9dd002,Emergent_ambiguity_autonomy_b265b2,0.6570021572342222,50222.52,51338.9,True,False
Emergent_beneficence_identity_9dd002,Emergent_anticipation_bounded_305c6e,0.663989410606941,50222.52,51360.93,True,False
Emergent_analogy_anticipation_33cf9b,Emergent_appears_asymmetry_630915,0.6716242105389845,50236.14,50248.8,True,False
Emergent_analogy_anticipation_33cf9b,Emergent_appears_asymmetry_7aac44,0.6446936405416087,50236.14,50249.14,True,False
Emergent_analogy_anticipation_33cf9b,Emergent_ambiguity_analogy_8651fe,0.6721978674357901,50236.14,50262.67,True,False
Emergent_analogy_anticipation_33cf9b,Emergent_analogy_autonomy_2771b0,0.6646930752289514,50236.14,50279.0,True,False
Emergent_analogy_anticipation_33cf9b,Emergent_beneficence_complexity_2de0b9,0.6467264155552453,50236.14,50293.64,True,False
Emergent_analogy_anticipation_33cf9b,Emergent_complexity_contradiction_b62804,0.6817579667642643,50236.14,50310.13,True,False
Emergent_analogy_anticipation_33cf9b,Emergent_autonomy_bounded_ab8b66,0.6720757163115423,50236.14,50325.77,True,False
Emergent_analogy_anticipation_33cf9b,Emergent_beneficence_bounded_bb35c2,0.6662654534759695,50236.14,50341.05,True,False
Emergent_analogy_anticipation_33cf9b,Emergent_carefully_coherence_c4d3bc,0.6477330320792481,50236.14,50356.81,True,False
Emergent_analogy_anticipation_33cf9b,Emergent_beneficence_clarity_d9ce73,0.6768494740499665,50236.14,50373.84,True,False
Emergent_analogy_anticipation_33cf9b,Emergent_anticipation_clarity_a82e6a,0.6520045335341574,50236.14,50374.18,True,False
Emergent_analogy_anticipation_33cf9b,Emergent_bounded_emergence_f6197f,0.6696558500168285,50236.14,50388.53,True,False
Emergent_analogy_anticipation_33cf9b,Emergent_bounded_enforcing_bf268c,0.6584014871039342,50236.14,50388.87,True,False
Emergent_analogy_anticipation_33cf9b,Emergent_bounded_coherence_9e3f99,0.672852636780134,50236.14,50404.98,True,False
Emergent_analogy_anticipation_33cf9b,Emergent_contradiction_emerges_20ad0a,0.6598771198379589,50236.14,50421.64,True,False
Emergent_analogy_anticipation_33cf9b,Emergent_contradiction_identity_dc441d,0.663180745075248,50236.14,50421.98,True,False
Emergent_analogy_anticipation_33cf9b,Emergent_beneficence_bounded_5bc638,0.6628928212041809,50236.14,50438.08,True,False
Emergent_analogy_anticipation_33cf9b,Emergent_autonomy_bounded_94d9e2,0.6817580184187033,50236.14,50471.83,True,False
Emergent_analogy_anticipation_33cf9b,Emergent_autonomy_beneficence_f6c1c5,0.6597744819383321,50236.14,50472.17,True,False
Emergent_analogy_anticipation_33cf9b,Emergent_autonomy_clarity_dc06c1,0.6727036723560478,50236.14,50491.32,True,False
Emergent_analogy_anticipation_33cf9b,Emergent_anticipation_bounded_2f7e1b,0.6817579237519122,50236.14,50509.06,True,False
Emergent_analogy_anticipation_33cf9b,Emergent_anticipation_autonomy_eda74a,0.6483918614757963,50236.14,50527.27,True,False
Emergent_analogy_anticipation_33cf9b,Emergent_anticipation_autonomy_a66f28,0.6698186903027202,50236.14,50545.43,True,False
Emergent_analogy_anticipation_33cf9b,Emergent_autonomy_carefully_2c09b0,0.6698494826396452,50236.14,50545.77,True,False
Emergent_analogy_anticipation_33cf9b,Emergent_appears_asymmetry_ecd8f7,0.6760319738661966,50236.14,50582.35,True,False
Emergent_analogy_anticipation_33cf9b,Emergent_beneficence_bounded_21df32,0.6573555399231327,50236.14,50618.38,True,False
Emergent_analogy_anticipation_33cf9b,Emergent_bounded_complexity_bc9326,0.6401896662035782,50236.14,50637.05,True,False
Emergent_analogy_anticipation_33cf9b,Emergent_bounded_carefully_f79645,0.6566443561001757,50236.14,50692.4,True,False
Emergent_analogy_anticipation_33cf9b,Emergent_clarity_complexity_e4a503,0.6721426007190503,50236.14,50712.01,True,False
Emergent_analogy_anticipation_33cf9b,Emergent_beneficence_clarity_9107ae,0.6699856915394085,50236.14,50749.3,True,False
Emergent_analogy_anticipation_33cf9b,Emergent_clarity_connection_47e953,0.6550672752254219,50236.14,50749.64,True,False
Emergent_analogy_anticipation_33cf9b,Emergent_autonomy_collective_b1eda1,0.6584991135795918,50236.14,50767.68,True,False
Emergent_analogy_anticipation_33cf9b,Emergent_bounded_coherence_7a6cb5,0.6633234793239663,50236.14,50787.59,True,False
Emergent_analogy_anticipation_33cf9b,Emergent_appears_asymmetry_955aa5,0.6747632689587365,50236.14,50806.58,True,False
Emergent_analogy_anticipation_33cf9b,Emergent_anticipation_autonomy_cd3792,0.6463145261366556,50236.14,50825.88,True,False
Emergent_analogy_anticipation_33cf9b,Emergent_autonomy_beneficence_994988,0.68117484051547,50236.14,50848.99,True,False
Emergent_analogy_anticipation_33cf9b,Emergent_coherence_complexity_df52ba,0.6601407315528725,50236.14,50896.23,True,False
Emergent_analogy_anticipation_33cf9b,Emergent_emergence_from_interaction_enforcing_c5a296,0.6695765604444727,50236.14,50952.55,True,False
Emergent_analogy_anticipation_33cf9b,Emergent_emergence_from_interaction_entropy_74edc9,0.662789974045919,50236.14,50952.89,True,False
Emergent_analogy_anticipation_33cf9b,Emergent_constraint_contradiction_e4e5c0,0.6514779433697724,50236.14,50973.24,True,False
Emergent_analogy_anticipation_33cf9b,Emergent_constraint_contradiction_25659b,0.6809938805656988,50236.14,50973.58,True,False
Emergent_analogy_anticipation_33cf9b,Emergent_complexity_constraint_9f426d,0.6534292310976655,50236.14,50993.03,True,False
Emergent_analogy_anticipation_33cf9b,Emergent_identity_justice_875606,0.6688771701002029,50236.14,51032.83,True,False
Emergent_analogy_anticipation_33cf9b,Emergent_appears_asymmetry_8dba4c,0.6388769656698277,50236.14,51052.91,True,False
Emergent_analogy_anticipation_33cf9b,Emergent_beneficence_carefully_a8eeec,0.6542651268490958,50236.14,51132.18,True,False
Emergent_analogy_anticipation_33cf9b,Emergent_anticipation_carefully_73a81d,0.659881561627572,50236.14,51132.52,True,False
Emergent_analogy_anticipation_33cf9b,Emergent_autonomy_carefully_dedeae,0.6811568675145901,50236.14,51154.7,True,False
Emergent_analogy_anticipation_33cf9b,Emergent_autonomy_belief_revision_03bb63,0.658334853425681,50236.14,51175.98,True,False
Emergent_analogy_anticipation_33cf9b,Emergent_bounded_cognition_444413,0.6085948249515556,50236.14,51317.2,True,False
Emergent_analogy_anticipation_33cf9b,Emergent_ambiguity_autonomy_b265b2,0.6570021572342222,50236.14,51338.9,True,False
Emergent_analogy_anticipation_33cf9b,Emergent_anticipation_bounded_305c6e,0.663989410606941,50236.14,51360.93,True,False
Emergent_appears_asymmetry_630915,Emergent_appears_asymmetry_7aac44,0.6446936406700705,50248.8,50249.14,True,False
Emergent_appears_asymmetry_630915,Emergent_ambiguity_analogy_8651fe,0.6716242114147402,50248.8,50262.67,True,False
Emergent_appears_asymmetry_630915,Emergent_analogy_autonomy_2771b0,0.6646930752289514,50248.8,50279.0,True,False
Emergent_appears_asymmetry_630915,Emergent_beneficence_complexity_2de0b9,0.6467264155552453,50248.8,50293.64,True,False
Emergent_appears_asymmetry_630915,Emergent_complexity_contradiction_b62804,0.6716242086088436,50248.8,50310.13,True,False
Emergent_appears_asymmetry_630915,Emergent_autonomy_bounded_ab8b66,0.671624204863602,50248.8,50325.77,True,False
Emergent_appears_asymmetry_630915,Emergent_beneficence_bounded_bb35c2,0.6662654534759695,50248.8,50341.05,True,False
Emergent_appears_asymmetry_630915,Emergent_carefully_coherence_c4d3bc,0.6477330320792481,50248.8,50356.81,True,False
Emergent_appears_asymmetry_630915,Emergent_beneficence_clarity_d9ce73,0.6716241931692759,50248.8,50373.84,True,False
Emergent_appears_asymmetry_630915,Emergent_anticipation_clarity_a82e6a,0.6520045335341574,50248.8,50374.18,True,False
Emergent_appears_asymmetry_630915,Emergent_bounded_emergence_f6197f,0.6696558500168285,50248.8,50388.53,True,False
Emergent_appears_asymmetry_630915,Emergent_bounded_enforcing_bf268c,0.6584014871039342,50248.8,50388.87,True,False
Emergent_appears_asymmetry_630915,Emergent_bounded_coherence_9e3f99,0.6716241849019786,50248.8,50404.98,True,False
Emergent_appears_asymmetry_630915,Emergent_contradiction_emerges_20ad0a,0.6598771198379589,50248.8,50421.64,True,False
Emergent_appears_asymmetry_630915,Emergent_contradiction_identity_dc441d,0.663180745075248,50248.8,50421.98,True,False
Emergent_appears_asymmetry_630915,Emergent_beneficence_bounded_5bc638,0.6628928212041809,50248.8,50438.08,True,False
Emergent_appears_asymmetry_630915,Emergent_autonomy_bounded_94d9e2,0.6716242618757122,50248.8,50471.83,True,False
Emergent_appears_asymmetry_630915,Emergent_autonomy_beneficence_f6c1c5,0.6597744819383321,50248.8,50472.17,True,False
Emergent_appears_asymmetry_630915,Emergent_autonomy_clarity_dc06c1,0.6716242228952687,50248.8,50491.32,True,False
Emergent_appears_asymmetry_630915,Emergent_anticipation_bounded_2f7e1b,0.671624167208921,50248.8,50509.06,True,False
Emergent_appears_asymmetry_630915,Emergent_anticipation_autonomy_eda74a,0.6483918614757963,50248.8,50527.27,True,False
Emergent_appears_asymmetry_630915,Emergent_anticipation_autonomy_a66f28,0.6698186903027202,50248.8,50545.43,True,False
Emergent_appears_asymmetry_630915,Emergent_autonomy_carefully_2c09b0,0.6698494826396452,50248.8,50545.77,True,False
Emergent_appears_asymmetry_630915,Emergent_appears_asymmetry_ecd8f7,0.6716239535383749,50248.8,50582.35,True,False
Emergent_appears_asymmetry_630915,Emergent_beneficence_bounded_21df32,0.6573555399231327,50248.8,50618.38,True,False
Emergent_appears_asymmetry_630915,Emergent_bounded_complexity_bc9326,0.6401896662035782,50248.8,50637.05,True,False
Emergent_appears_asymmetry_630915,Emergent_bounded_carefully_f79645,0.6566443561001757,50248.8,50692.4,True,False
Emergent_appears_asymmetry_630915,Emergent_clarity_complexity_e4a503,0.6716092962196892,50248.8,50712.01,True,False
Emergent_appears_asymmetry_630915,Emergent_beneficence_clarity_9107ae,0.6699856915394085,50248.8,50749.3,True,False
Emergent_appears_asymmetry_630915,Emergent_clarity_connection_47e953,0.6550672752254219,50248.8,50749.64,True,False
Emergent_appears_asymmetry_630915,Emergent_autonomy_collective_b1eda1,0.6584991135795918,50248.8,50767.68,True,False
Emergent_appears_asymmetry_630915,Emergent_bounded_coherence_7a6cb5,0.6633234793239663,50248.8,50787.59,True,False
Emergent_appears_asymmetry_630915,Emergent_appears_asymmetry_955aa5,0.6715852517697911,50248.8,50806.58,True,False
Emergent_appears_asymmetry_630915,Emergent_anticipation_autonomy_cd3792,0.6463145261366556,50248.8,50825.88,True,False
Emergent_appears_asymmetry_630915,Emergent_autonomy_beneficence_994988,0.6716149302656997,50248.8,50848.99,True,False
Emergent_appears_asymmetry_630915,Emergent_coherence_complexity_df52ba,0.6601407315528725,50248.8,50896.23,True,False
Emergent_appears_asymmetry_630915,Emergent_emergence_from_interaction_enforcing_c5a296,0.6695765604444727,50248.8,50952.55,True,False
Emergent_appears_asymmetry_630915,Emergent_emergence_from_interaction_entropy_74edc9,0.662789974045919,50248.8,50952.89,True,False
Emergent_appears_asymmetry_630915,Emergent_constraint_contradiction_e4e5c0,0.6514779433697724,50248.8,50973.24,True,False
Emergent_appears_asymmetry_630915,Emergent_constraint_contradiction_25659b,0.6708614821872254,50248.8,50973.58,True,False
Emergent_appears_asymmetry_630915,Emergent_complexity_constraint_9f426d,0.6534292310976655,50248.8,50993.03,True,False
Emergent_appears_asymmetry_630915,Emergent_identity_justice_875606,0.6688771701002029,50248.8,51032.83,True,False
Emergent_appears_asymmetry_630915,Emergent_appears_asymmetry_8dba4c,0.6388769656698277,50248.8,51052.91,True,False
Emergent_appears_asymmetry_630915,Emergent_beneficence_carefully_a8eeec,0.6542651268490958,50248.8,51132.18,True,False
Emergent_appears_asymmetry_630915,Emergent_anticipation_carefully_73a81d,0.659881561627572,50248.8,51132.52,True,False
Emergent_appears_asymmetry_630915,Emergent_autonomy_carefully_dedeae,0.6710738696680985,50248.8,51154.7,True,False
Emergent_appears_asymmetry_630915,Emergent_autonomy_belief_revision_03bb63,0.658334853425681,50248.8,51175.98,True,False
Emergent_appears_asymmetry_630915,Emergent_bounded_cognition_444413,0.5961769023068701,50248.8,51317.2,True,False
Emergent_appears_asymmetry_630915,Emergent_ambiguity_autonomy_b265b2,0.6570021572342222,50248.8,51338.9,True,False
Emergent_appears_asymmetry_630915,Emergent_anticipation_bounded_305c6e,0.663989410606941,50248.8,51360.93,True,False
Emergent_appears_asymmetry_7aac44,Emergent_ambiguity_analogy_8651fe,0.6446936397355726,50249.14,50262.67,True,False
Emergent_appears_asymmetry_7aac44,Emergent_analogy_autonomy_2771b0,0.6446936414426325,50249.14,50279.0,True,False
Emergent_appears_asymmetry_7aac44,Emergent_beneficence_complexity_2de0b9,0.6446936417047994,50249.14,50293.64,True,False
Emergent_appears_asymmetry_7aac44,Emergent_complexity_contradiction_b62804,0.6446936394576543,50249.14,50310.13,True,False
Emergent_appears_asymmetry_7aac44,Emergent_autonomy_bounded_ab8b66,0.6446936357124127,50249.14,50325.77,True,False
Emergent_appears_asymmetry_7aac44,Emergent_beneficence_bounded_bb35c2,0.6446936362474471,50249.14,50341.05,True,False
Emergent_appears_asymmetry_7aac44,Emergent_carefully_coherence_c4d3bc,0.6446936316614371,50249.14,50356.81,True,False
Emergent_appears_asymmetry_7aac44,Emergent_beneficence_clarity_d9ce73,0.6446936240180867,50249.14,50373.84,True,False
Emergent_appears_asymmetry_7aac44,Emergent_anticipation_clarity_a82e6a,0.6446936240180867,50249.14,50374.18,True,False
Emergent_appears_asymmetry_7aac44,Emergent_bounded_emergence_f6197f,0.644693625109994,50249.14,50388.53,True,False
Emergent_appears_asymmetry_7aac44,Emergent_bounded_enforcing_bf268c,0.644693625109994,50249.14,50388.87,True,False
Emergent_appears_asymmetry_7aac44,Emergent_bounded_coherence_9e3f99,0.6446936157507894,50249.14,50404.98,True,False
Emergent_appears_asymmetry_7aac44,Emergent_contradiction_emerges_20ad0a,0.6446935967106311,50249.14,50421.64,True,False
Emergent_appears_asymmetry_7aac44,Emergent_contradiction_identity_dc441d,0.663180745075248,50249.14,50421.98,True,False
Emergent_appears_asymmetry_7aac44,Emergent_beneficence_bounded_5bc638,0.6628928212041809,50249.14,50438.08,True,False
Emergent_appears_asymmetry_7aac44,Emergent_autonomy_bounded_94d9e2,0.6446936970095714,50249.14,50471.83,True,False
Emergent_appears_asymmetry_7aac44,Emergent_autonomy_beneficence_f6c1c5,0.6446936970095714,50249.14,50472.17,True,False
Emergent_appears_asymmetry_7aac44,Emergent_autonomy_clarity_dc06c1,0.644693658029128,50249.14,50491.32,True,False
Emergent_appears_asymmetry_7aac44,Emergent_anticipation_bounded_2f7e1b,0.6446936023427802,50249.14,50509.06,True,False
Emergent_appears_asymmetry_7aac44,Emergent_anticipation_autonomy_eda74a,0.6446935227908548,50249.14,50527.27,True,False
Emergent_appears_asymmetry_7aac44,Emergent_anticipation_autonomy_a66f28,0.6446934091452471,50249.14,50545.43,True,False
Emergent_appears_asymmetry_7aac44,Emergent_autonomy_carefully_2c09b0,0.6446934091452471,50249.14,50545.77,True,False
Emergent_appears_asymmetry_7aac44,Emergent_appears_asymmetry_ecd8f7,0.6446934873398562,50249.14,50582.35,True,False
Emergent_appears_asymmetry_7aac44,Emergent_beneficence_bounded_21df32,0.6446931560115539,50249.14,50618.38,True,False
Emergent_appears_asymmetry_7aac44,Emergent_bounded_complexity_bc9326,0.6401896662035782,50249.14,50637.05,True,False
Emergent_appears_asymmetry_7aac44,Emergent_bounded_carefully_f79645,0.6446909673573469,50249.14,50692.4,True,False
Emergent_appears_asymmetry_7aac44,Emergent_clarity_complexity_e4a503,0.6446774843354555,50249.14,50712.01,True,False
Emergent_appears_asymmetry_7aac44,Emergent_beneficence_clarity_9107ae,0.6446926133706636,50249.14,50749.3,True,False
Emergent_appears_asymmetry_7aac44,Emergent_clarity_connection_47e953,0.6446926133706636,50249.14,50749.64,True,False
Emergent_appears_asymmetry_7aac44,Emergent_autonomy_collective_b1eda1,0.6446929419324754,50249.14,50767.68,True,False
Emergent_appears_asymmetry_7aac44,Emergent_bounded_coherence_7a6cb5,0.6446899722667601,50249.14,50787.59,True,False
Emergent_appears_asymmetry_7aac44,Emergent_appears_asymmetry_955aa5,0.6446515677119127,50249.14,50806.58,True,False
Emergent_appears_asymmetry_7aac44,Emergent_anticipation_autonomy_cd3792,0.6446955532602278,50249.14,50825.88,True,False
Emergent_appears_asymmetry_7aac44,Emergent_autonomy_beneficence_994988,0.6446873426360257,50249.14,50848.99,True,False
Emergent_appears_asymmetry_7aac44,Emergent_coherence_complexity_df52ba,0.6443692632002036,50249.14,50896.23,True,False
Emergent_appears_asymmetry_7aac44,Emergent_emergence_from_interaction_enforcing_c5a296,0.6447660254552762,50249.14,50952.55,True,False
Emergent_appears_asymmetry_7aac44,Emergent_emergence_from_interaction_entropy_74edc9,0.6447659022320034,50249.14,50952.89,True,False
Emergent_appears_asymmetry_7aac44,Emergent_constraint_contradiction_e4e5c0,0.6439287153107279,50249.14,50973.24,True,False
Emergent_appears_asymmetry_7aac44,Emergent_constraint_contradiction_25659b,0.6439345266576115,50249.14,50973.58,True,False
Emergent_appears_asymmetry_7aac44,Emergent_complexity_constraint_9f426d,0.6450066311755218,50249.14,50993.03,True,False
Emergent_appears_asymmetry_7aac44,Emergent_identity_justice_875606,0.6450618766194274,50249.14,51032.83,True,False
Emergent_appears_asymmetry_7aac44,Emergent_appears_asymmetry_8dba4c,0.6388769656698277,50249.14,51052.91,True,False
Emergent_appears_asymmetry_7aac44,Emergent_beneficence_carefully_a8eeec,0.6451256223201189,50249.14,51132.18,True,False
Emergent_appears_asymmetry_7aac44,Emergent_anticipation_carefully_73a81d,0.6451256223201189,50249.14,51132.52,True,False
Emergent_appears_asymmetry_7aac44,Emergent_autonomy_carefully_dedeae,0.6442781965731189,50249.14,51154.7,True,False
Emergent_appears_asymmetry_7aac44,Emergent_autonomy_belief_revision_03bb63,0.643067588363119,50249.14,51175.98,True,False
Emergent_appears_asymmetry_7aac44,Emergent_bounded_cognition_444413,0.5606769289970464,50249.14,51317.2,True,False
Emergent_appears_asymmetry_7aac44,Emergent_ambiguity_autonomy_b265b2,0.6570021572342222,50249.14,51338.9,True,False
Emergent_appears_asymmetry_7aac44,Emergent_anticipation_bounded_305c6e,0.6636823373222994,50249.14,51360.93,True,False
Emergent_ambiguity_analogy_8651fe,Emergent_analogy_autonomy_2771b0,0.6646930752289514,50262.67,50279.0,True,False
Emergent_ambiguity_analogy_8651fe,Emergent_beneficence_complexity_2de0b9,0.6467264155552453,50262.67,50293.64,True,False
Emergent_ambiguity_analogy_8651fe,Emergent_complexity_contradiction_b62804,0.6721978645760444,50262.67,50310.13,True,False
Emergent_ambiguity_analogy_8651fe,Emergent_autonomy_bounded_ab8b66,0.6720757163115423,50262.67,50325.77,True,False
Emergent_ambiguity_analogy_8651fe,Emergent_beneficence_bounded_bb35c2,0.6662654534759695,50262.67,50341.05,True,False
Emergent_ambiguity_analogy_8651fe,Emergent_carefully_coherence_c4d3bc,0.6477330320792481,50262.67,50356.81,True,False
Emergent_ambiguity_analogy_8651fe,Emergent_beneficence_clarity_d9ce73,0.6721978491364767,50262.67,50373.84,True,False
Emergent_ambiguity_analogy_8651fe,Emergent_anticipation_clarity_a82e6a,0.6520045335341574,50262.67,50374.18,True,False
Emergent_ambiguity_analogy_8651fe,Emergent_bounded_emergence_f6197f,0.6696558500168285,50262.67,50388.53,True,False
Emergent_ambiguity_analogy_8651fe,Emergent_bounded_enforcing_bf268c,0.6584014871039342,50262.67,50388.87,True,False
Emergent_ambiguity_analogy_8651fe,Emergent_bounded_coherence_9e3f99,0.6721978408691794,50262.67,50404.98,True,False
Emergent_ambiguity_analogy_8651fe,Emergent_contradiction_emerges_20ad0a,0.6598771198379589,50262.67,50421.64,True,False
Emergent_ambiguity_analogy_8651fe,Emergent_contradiction_identity_dc441d,0.663180745075248,50262.67,50421.98,True,False
Emergent_ambiguity_analogy_8651fe,Emergent_beneficence_bounded_5bc638,0.6628928212041809,50262.67,50438.08,True,False
Emergent_ambiguity_analogy_8651fe,Emergent_autonomy_bounded_94d9e2,0.6721979177516358,50262.67,50471.83,True,False
Emergent_ambiguity_analogy_8651fe,Emergent_autonomy_beneficence_f6c1c5,0.6597744819383321,50262.67,50472.17,True,False
Emergent_ambiguity_analogy_8651fe,Emergent_autonomy_clarity_dc06c1,0.6721978787711925,50262.67,50491.32,True,False
Emergent_ambiguity_analogy_8651fe,Emergent_anticipation_bounded_2f7e1b,0.6721978230848449,50262.67,50509.06,True,False
Emergent_ambiguity_analogy_8651fe,Emergent_anticipation_autonomy_eda74a,0.6483918614757963,50262.67,50527.27,True,False
Emergent_ambiguity_analogy_8651fe,Emergent_anticipation_autonomy_a66f28,0.6698186903027202,50262.67,50545.43,True,False
Emergent_ambiguity_analogy_8651fe,Emergent_autonomy_carefully_2c09b0,0.6698494826396452,50262.67,50545.77,True,False
Emergent_ambiguity_analogy_8651fe,Emergent_appears_asymmetry_ecd8f7,0.6721976073125505,50262.67,50582.35,True,False
Emergent_ambiguity_analogy_8651fe,Emergent_beneficence_bounded_21df32,0.6573555399231327,50262.67,50618.38,True,False
Emergent_ambiguity_analogy_8651fe,Emergent_bounded_complexity_bc9326,0.6401896662035782,50262.67,50637.05,True,False
Emergent_ambiguity_analogy_8651fe,Emergent_bounded_carefully_f79645,0.6566443561001757,50262.67,50692.4,True,False
Emergent_ambiguity_analogy_8651fe,Emergent_clarity_complexity_e4a503,0.6721426007190503,50262.67,50712.01,True,False
Emergent_ambiguity_analogy_8651fe,Emergent_beneficence_clarity_9107ae,0.6699856915394085,50262.67,50749.3,True,False
Emergent_ambiguity_analogy_8651fe,Emergent_clarity_connection_47e953,0.6550672752254219,50262.67,50749.64,True,False
Emergent_ambiguity_analogy_8651fe,Emergent_autonomy_collective_b1eda1,0.6584991135795918,50262.67,50767.68,True,False
Emergent_ambiguity_analogy_8651fe,Emergent_bounded_coherence_7a6cb5,0.6633234793239663,50262.67,50787.59,True,False
Emergent_ambiguity_analogy_8651fe,Emergent_appears_asymmetry_955aa5,0.6721589740885346,50262.67,50806.58,True,False
Emergent_ambiguity_analogy_8651fe,Emergent_anticipation_autonomy_cd3792,0.6463145261366556,50262.67,50825.88,True,False
Emergent_ambiguity_analogy_8651fe,Emergent_autonomy_beneficence_994988,0.6721885227226344,50262.67,50848.99,True,False
Emergent_ambiguity_analogy_8651fe,Emergent_coherence_complexity_df52ba,0.6601407315528725,50262.67,50896.23,True,False
Emergent_ambiguity_analogy_8651fe,Emergent_emergence_from_interaction_enforcing_c5a296,0.6695765604444727,50262.67,50952.55,True,False
Emergent_ambiguity_analogy_8651fe,Emergent_emergence_from_interaction_entropy_74edc9,0.662789974045919,50262.67,50952.89,True,False
Emergent_ambiguity_analogy_8651fe,Emergent_constraint_contradiction_e4e5c0,0.6514779433697724,50262.67,50973.24,True,False
Emergent_ambiguity_analogy_8651fe,Emergent_constraint_contradiction_25659b,0.671435061179611,50262.67,50973.58,True,False
Emergent_ambiguity_analogy_8651fe,Emergent_complexity_constraint_9f426d,0.6534292310976655,50262.67,50993.03,True,False
Emergent_ambiguity_analogy_8651fe,Emergent_identity_justice_875606,0.6688771701002029,50262.67,51032.83,True,False
Emergent_ambiguity_analogy_8651fe,Emergent_appears_asymmetry_8dba4c,0.6388769656698277,50262.67,51052.91,True,False
Emergent_ambiguity_analogy_8651fe,Emergent_beneficence_carefully_a8eeec,0.6542651268490958,50262.67,51132.18,True,False
Emergent_ambiguity_analogy_8651fe,Emergent_anticipation_carefully_73a81d,0.659881561627572,50262.67,51132.52,True,False
Emergent_ambiguity_analogy_8651fe,Emergent_autonomy_carefully_dedeae,0.6716446521747659,50262.67,51154.7,True,False
Emergent_ambiguity_analogy_8651fe,Emergent_autonomy_belief_revision_03bb63,0.658334853425681,50262.67,51175.98,True,False
Emergent_ambiguity_analogy_8651fe,Emergent_bounded_cognition_444413,0.5969330976702254,50262.67,51317.2,True,False
Emergent_ambiguity_analogy_8651fe,Emergent_ambiguity_autonomy_b265b2,0.6570021572342222,50262.67,51338.9,True,False
Emergent_ambiguity_analogy_8651fe,Emergent_anticipation_bounded_305c6e,0.663989410606941,50262.67,51360.93,True,False
Emergent_analogy_autonomy_2771b0,Emergent_beneficence_complexity_2de0b9,0.6467264100497401,50279.0,50293.64,True,False
Emergent_analogy_autonomy_2771b0,Emergent_complexity_contradiction_b62804,0.6646930732439733,50279.0,50310.13,True,False
Emergent_analogy_autonomy_2771b0,Emergent_autonomy_bounded_ab8b66,0.6646930694987317,50279.0,50325.77,True,False
Emergent_analogy_autonomy_2771b0,Emergent_beneficence_bounded_bb35c2,0.6646930700337662,50279.0,50341.05,True,False
Emergent_analogy_autonomy_2771b0,Emergent_carefully_coherence_c4d3bc,0.6477330320792481,50279.0,50356.81,True,False
Emergent_analogy_autonomy_2771b0,Emergent_beneficence_clarity_d9ce73,0.6646930578044057,50279.0,50373.84,True,False
Emergent_analogy_autonomy_2771b0,Emergent_anticipation_clarity_a82e6a,0.6520045335341574,50279.0,50374.18,True,False
Emergent_analogy_autonomy_2771b0,Emergent_bounded_emergence_f6197f,0.6646930588963129,50279.0,50388.53,True,False
Emergent_analogy_autonomy_2771b0,Emergent_bounded_enforcing_bf268c,0.6584014871039342,50279.0,50388.87,True,False
Emergent_analogy_autonomy_2771b0,Emergent_bounded_coherence_9e3f99,0.6646930495371084,50279.0,50404.98,True,False
Emergent_analogy_autonomy_2771b0,Emergent_contradiction_emerges_20ad0a,0.6598771198379589,50279.0,50421.64,True,False
Emergent_analogy_autonomy_2771b0,Emergent_contradiction_identity_dc441d,0.663180745075248,50279.0,50421.98,True,False
Emergent_analogy_autonomy_2771b0,Emergent_beneficence_bounded_5bc638,0.6628928212041809,50279.0,50438.08,True,False
Emergent_analogy_autonomy_2771b0,Emergent_autonomy_bounded_94d9e2,0.6646931276136873,50279.0,50471.83,True,False
Emergent_analogy_autonomy_2771b0,Emergent_autonomy_beneficence_f6c1c5,0.6597744819383321,50279.0,50472.17,True,False
Emergent_analogy_autonomy_2771b0,Emergent_autonomy_clarity_dc06c1,0.6646930886332438,50279.0,50491.32,True,False
Emergent_analogy_autonomy_2771b0,Emergent_anticipation_bounded_2f7e1b,0.6646930329468961,50279.0,50509.06,True,False
Emergent_analogy_autonomy_2771b0,Emergent_anticipation_autonomy_eda74a,0.6483918614757963,50279.0,50527.27,True,False
Emergent_analogy_autonomy_2771b0,Emergent_anticipation_autonomy_a66f28,0.6646928397493631,50279.0,50545.43,True,False
Emergent_analogy_autonomy_2771b0,Emergent_autonomy_carefully_2c09b0,0.6646928397493631,50279.0,50545.77,True,False
Emergent_analogy_autonomy_2771b0,Emergent_appears_asymmetry_ecd8f7,0.66469284467049,50279.0,50582.35,True,False
Emergent_analogy_autonomy_2771b0,Emergent_beneficence_bounded_21df32,0.6573555399231327,50279.0,50618.38,True,False
Emergent_analogy_autonomy_2771b0,Emergent_bounded_complexity_bc9326,0.6401896662035782,50279.0,50637.05,True,False
Emergent_analogy_autonomy_2771b0,Emergent_bounded_carefully_f79645,0.6566443561001757,50279.0,50692.4,True,False
Emergent_analogy_autonomy_2771b0,Emergent_clarity_complexity_e4a503,0.6646778410119332,50279.0,50712.01,True,False
Emergent_analogy_autonomy_2771b0,Emergent_beneficence_clarity_9107ae,0.6646914266174486,50279.0,50749.3,True,False
Emergent_analogy_autonomy_2771b0,Emergent_clarity_connection_47e953,0.6550672752254219,50279.0,50749.64,True,False
Emergent_analogy_autonomy_2771b0,Emergent_autonomy_collective_b1eda1,0.6584991135795918,50279.0,50767.68,True,False
Emergent_analogy_autonomy_2771b0,Emergent_bounded_coherence_7a6cb5,0.6633234793239663,50279.0,50787.59,True,False
Emergent_analogy_autonomy_2771b0,Emergent_appears_asymmetry_955aa5,0.6646533147196765,50279.0,50806.58,True,False
Emergent_analogy_autonomy_2771b0,Emergent_anticipation_autonomy_cd3792,0.6463145261366556,50279.0,50825.88,True,False
Emergent_analogy_autonomy_2771b0,Emergent_autonomy_beneficence_994988,0.6646845622566584,50279.0,50848.99,True,False
Emergent_analogy_autonomy_2771b0,Emergent_coherence_complexity_df52ba,0.6601407315528725,50279.0,50896.23,True,False
Emergent_analogy_autonomy_2771b0,Emergent_emergence_from_interaction_enforcing_c5a296,0.6647478627041433,50279.0,50952.55,True,False
Emergent_analogy_autonomy_2771b0,Emergent_emergence_from_interaction_entropy_74edc9,0.662789974045919,50279.0,50952.89,True,False
Emergent_analogy_autonomy_2771b0,Emergent_constraint_contradiction_e4e5c0,0.6514779433697724,50279.0,50973.24,True,False
Emergent_analogy_autonomy_2771b0,Emergent_constraint_contradiction_25659b,0.6639312768621236,50279.0,50973.58,True,False
Emergent_analogy_autonomy_2771b0,Emergent_complexity_constraint_9f426d,0.6534292310976655,50279.0,50993.03,True,False
Emergent_analogy_autonomy_2771b0,Emergent_identity_justice_875606,0.6649909474383864,50279.0,51032.83,True,False
Emergent_analogy_autonomy_2771b0,Emergent_appears_asymmetry_8dba4c,0.6388769656698277,50279.0,51052.91,True,False
Emergent_analogy_autonomy_2771b0,Emergent_beneficence_carefully_a8eeec,0.6542651268490958,50279.0,51132.18,True,False
Emergent_analogy_autonomy_2771b0,Emergent_anticipation_carefully_73a81d,0.659881561627572,50279.0,51132.52,True,False
Emergent_analogy_autonomy_2771b0,Emergent_autonomy_carefully_dedeae,0.6641774525752606,50279.0,51154.7,True,False
Emergent_analogy_autonomy_2771b0,Emergent_autonomy_belief_revision_03bb63,0.658334853425681,50279.0,51175.98,True,False
Emergent_analogy_autonomy_2771b0,Emergent_bounded_cognition_444413,0.58704025468987,50279.0,51317.2,True,False
Emergent_analogy_autonomy_2771b0,Emergent_ambiguity_autonomy_b265b2,0.6570021572342222,50279.0,51338.9,True,False
Emergent_analogy_autonomy_2771b0,Emergent_anticipation_bounded_305c6e,0.663989410606941,50279.0,51360.93,True,False
Emergent_beneficence_complexity_2de0b9,Emergent_complexity_contradiction_b62804,0.6467264133081003,50293.64,50310.13,True,False
Emergent_beneficence_complexity_2de0b9,Emergent_autonomy_bounded_ab8b66,0.6467264095628587,50293.64,50325.77,True,False
Emergent_beneficence_complexity_2de0b9,Emergent_beneficence_bounded_bb35c2,0.6467264100978931,50293.64,50341.05,True,False
Emergent_beneficence_complexity_2de0b9,Emergent_carefully_coherence_c4d3bc,0.646726405511883,50293.64,50356.81,True,False
Emergent_beneficence_complexity_2de0b9,Emergent_beneficence_clarity_d9ce73,0.6467263978685326,50293.64,50373.84,True,False
Emergent_beneficence_complexity_2de0b9,Emergent_anticipation_clarity_a82e6a,0.6467263978685326,50293.64,50374.18,True,False
Emergent_beneficence_complexity_2de0b9,Emergent_bounded_emergence_f6197f,0.6467263989604398,50293.64,50388.53,True,False
Emergent_beneficence_complexity_2de0b9,Emergent_bounded_enforcing_bf268c,0.6467263989604398,50293.64,50388.87,True,False
Emergent_beneficence_complexity_2de0b9,Emergent_bounded_coherence_9e3f99,0.6467263896012353,50293.64,50404.98,True,False
Emergent_beneficence_complexity_2de0b9,Emergent_contradiction_emerges_20ad0a,0.6467263705388093,50293.64,50421.64,True,False
Emergent_beneficence_complexity_2de0b9,Emergent_contradiction_identity_dc441d,0.663180745075248,50293.64,50421.98,True,False
Emergent_beneficence_complexity_2de0b9,Emergent_beneficence_bounded_5bc638,0.6628928212041809,50293.64,50438.08,True,False
Emergent_beneficence_complexity_2de0b9,Emergent_autonomy_bounded_94d9e2,0.6467264705365733,50293.64,50471.83,True,False
Emergent_beneficence_complexity_2de0b9,Emergent_autonomy_beneficence_f6c1c5,0.6467264705365733,50293.64,50472.17,True,False
Emergent_beneficence_complexity_2de0b9,Emergent_autonomy_clarity_dc06c1,0.6467264315561297,50293.64,50491.32,True,False
Emergent_beneficence_complexity_2de0b9,Emergent_anticipation_bounded_2f7e1b,0.646726375869782,50293.64,50509.06,True,False
Emergent_beneficence_complexity_2de0b9,Emergent_anticipation_autonomy_eda74a,0.6467262963178565,50293.64,50527.27,True,False
Emergent_beneficence_complexity_2de0b9,Emergent_anticipation_autonomy_a66f28,0.6467261826722489,50293.64,50545.43,True,False
Emergent_beneficence_complexity_2de0b9,Emergent_autonomy_carefully_2c09b0,0.6467261826722489,50293.64,50545.77,True,False
Emergent_beneficence_complexity_2de0b9,Emergent_appears_asymmetry_ecd8f7,0.6467262534192263,50293.64,50582.35,True,False
Emergent_beneficence_complexity_2de0b9,Emergent_beneficence_bounded_21df32,0.6467259220909239,50293.64,50618.38,True,False
Emergent_beneficence_complexity_2de0b9,Emergent_bounded_complexity_bc9326,0.6401896662035782,50293.64,50637.05,True,False
Emergent_beneficence_complexity_2de0b9,Emergent_bounded_carefully_f79645,0.646723732963239,50293.64,50692.4,True,False
Emergent_beneficence_complexity_2de0b9,Emergent_clarity_complexity_e4a503,0.646710351989906,50293.64,50712.01,True,False
Emergent_beneficence_complexity_2de0b9,Emergent_beneficence_clarity_9107ae,0.646725324148497,50293.64,50749.3,True,False
Emergent_beneficence_complexity_2de0b9,Emergent_clarity_connection_47e953,0.646725324148497,50293.64,50749.64,True,False
Emergent_beneficence_complexity_2de0b9,Emergent_autonomy_collective_b1eda1,0.6467256527103089,50293.64,50767.68,True,False
Emergent_beneficence_complexity_2de0b9,Emergent_bounded_coherence_7a6cb5,0.6467226820518962,50293.64,50787.59,True,False
Emergent_beneficence_complexity_2de0b9,Emergent_appears_asymmetry_955aa5,0.6466845766818182,50293.64,50806.58,True,False
Emergent_beneficence_complexity_2de0b9,Emergent_anticipation_autonomy_cd3792,0.6463145261366556,50293.64,50825.88,True,False
Emergent_beneficence_complexity_2de0b9,Emergent_autonomy_beneficence_994988,0.6467198914351948,50293.64,50848.99,True,False
Emergent_beneficence_complexity_2de0b9,Emergent_coherence_complexity_df52ba,0.6464021066214785,50293.64,50896.23,True,False
Emergent_beneficence_complexity_2de0b9,Emergent_emergence_from_interaction_enforcing_c5a296,0.6467970107660279,50293.64,50952.55,True,False
Emergent_beneficence_complexity_2de0b9,Emergent_emergence_from_interaction_entropy_74edc9,0.6467968867454527,50293.64,50952.89,True,False
Emergent_beneficence_complexity_2de0b9,Emergent_constraint_contradiction_e4e5c0,0.6459612015748416,50293.64,50973.24,True,False
Emergent_beneficence_complexity_2de0b9,Emergent_constraint_contradiction_25659b,0.6459670277445891,50293.64,50973.58,True,False
Emergent_beneficence_complexity_2de0b9,Emergent_complexity_constraint_9f426d,0.6470367800153364,50293.64,50993.03,True,False
Emergent_beneficence_complexity_2de0b9,Emergent_identity_justice_875606,0.6470874986673963,50293.64,51032.83,True,False
Emergent_beneficence_complexity_2de0b9,Emergent_appears_asymmetry_8dba4c,0.6388769656698277,50293.64,51052.91,True,False
Emergent_beneficence_complexity_2de0b9,Emergent_beneficence_carefully_a8eeec,0.6471482139432956,50293.64,51132.18,True,False
Emergent_beneficence_complexity_2de0b9,Emergent_anticipation_carefully_73a81d,0.6471482139432956,50293.64,51132.52,True,False
Emergent_beneficence_complexity_2de0b9,Emergent_autonomy_carefully_dedeae,0.6463007881962956,50293.64,51154.7,True,False
Emergent_beneficence_complexity_2de0b9,Emergent_autonomy_belief_revision_03bb63,0.6450901799862956,50293.64,51175.98,True,False
Emergent_beneficence_complexity_2de0b9,Emergent_bounded_cognition_444413,0.5633565388125912,50293.64,51317.2,True,False
Emergent_beneficence_complexity_2de0b9,Emergent_ambiguity_autonomy_b265b2,0.6570021572342222,50293.64,51338.9,True,False
Emergent_beneficence_complexity_2de0b9,Emergent_anticipation_bounded_305c6e,0.663989410606941,50293.64,51360.93,True,False
Emergent_complexity_contradiction_b62804,Emergent_autonomy_bounded_ab8b66,0.6720757163115423,50310.13,50325.77,True,False
Emergent_complexity_contradiction_b62804,Emergent_beneficence_bounded_bb35c2,0.6662654534759695,50310.13,50341.05,True,False
Emergent_complexity_contradiction_b62804,Emergent_carefully_coherence_c4d3bc,0.6477330320792481,50310.13,50356.81,True,False
Emergent_complexity_contradiction_b62804,Emergent_beneficence_clarity_d9ce73,0.6768494740499665,50310.13,50373.84,True,False
Emergent_complexity_contradiction_b62804,Emergent_anticipation_clarity_a82e6a,0.6520045335341574,50310.13,50374.18,True,False
Emergent_complexity_contradiction_b62804,Emergent_bounded_emergence_f6197f,0.6696558500168285,50310.13,50388.53,True,False
Emergent_complexity_contradiction_b62804,Emergent_bounded_enforcing_bf268c,0.6584014871039342,50310.13,50388.87,True,False
Emergent_complexity_contradiction_b62804,Emergent_bounded_coherence_9e3f99,0.672852636780134,50310.13,50404.98,True,False
Emergent_complexity_contradiction_b62804,Emergent_contradiction_emerges_20ad0a,0.6598771198379589,50310.13,50421.64,True,False
Emergent_complexity_contradiction_b62804,Emergent_contradiction_identity_dc441d,0.663180745075248,50310.13,50421.98,True,False
Emergent_complexity_contradiction_b62804,Emergent_beneficence_bounded_5bc638,0.6628928212041809,50310.13,50438.08,True,False
Emergent_complexity_contradiction_b62804,Emergent_autonomy_bounded_94d9e2,0.6834114570871249,50310.13,50471.83,True,False
Emergent_complexity_contradiction_b62804,Emergent_autonomy_beneficence_f6c1c5,0.6597744819383321,50310.13,50472.17,True,False
Emergent_complexity_contradiction_b62804,Emergent_autonomy_clarity_dc06c1,0.6727036723560478,50310.13,50491.32,True,False
Emergent_complexity_contradiction_b62804,Emergent_anticipation_bounded_2f7e1b,0.6834113624203338,50310.13,50509.06,True,False
Emergent_complexity_contradiction_b62804,Emergent_anticipation_autonomy_eda74a,0.6483918614757963,50310.13,50527.27,True,False
Emergent_complexity_contradiction_b62804,Emergent_anticipation_autonomy_a66f28,0.6698186903027202,50310.13,50545.43,True,False
Emergent_complexity_contradiction_b62804,Emergent_autonomy_carefully_2c09b0,0.6698494826396452,50310.13,50545.77,True,False
Emergent_complexity_contradiction_b62804,Emergent_appears_asymmetry_ecd8f7,0.6760319738661966,50310.13,50582.35,True,False
Emergent_complexity_contradiction_b62804,Emergent_beneficence_bounded_21df32,0.6573555399231327,50310.13,50618.38,True,False
Emergent_complexity_contradiction_b62804,Emergent_bounded_complexity_bc9326,0.6401896662035782,50310.13,50637.05,True,False
Emergent_complexity_contradiction_b62804,Emergent_bounded_carefully_f79645,0.6566443561001757,50310.13,50692.4,True,False
Emergent_complexity_contradiction_b62804,Emergent_clarity_complexity_e4a503,0.6721426007190503,50310.13,50712.01,True,False
Emergent_complexity_contradiction_b62804,Emergent_beneficence_clarity_9107ae,0.6699856915394085,50310.13,50749.3,True,False
Emergent_complexity_contradiction_b62804,Emergent_clarity_connection_47e953,0.6550672752254219,50310.13,50749.64,True,False
Emergent_complexity_contradiction_b62804,Emergent_autonomy_collective_b1eda1,0.6584991135795918,50310.13,50767.68,True,False
Emergent_complexity_contradiction_b62804,Emergent_bounded_coherence_7a6cb5,0.6633234793239663,50310.13,50787.59,True,False
Emergent_complexity_contradiction_b62804,Emergent_appears_asymmetry_955aa5,0.6747632689587365,50310.13,50806.58,True,False
Emergent_complexity_contradiction_b62804,Emergent_anticipation_autonomy_cd3792,0.6463145261366556,50310.13,50825.88,True,False
Emergent_complexity_contradiction_b62804,Emergent_autonomy_beneficence_994988,0.68117484051547,50310.13,50848.99,True,False
Emergent_complexity_contradiction_b62804,Emergent_coherence_complexity_df52ba,0.6601407315528725,50310.13,50896.23,True,False
Emergent_complexity_contradiction_b62804,Emergent_emergence_from_interaction_enforcing_c5a296,0.6695765604444727,50310.13,50952.55,True,False
Emergent_complexity_contradiction_b62804,Emergent_emergence_from_interaction_entropy_74edc9,0.662789974045919,50310.13,50952.89,True,False
Emergent_complexity_contradiction_b62804,Emergent_constraint_contradiction_e4e5c0,0.6514779433697724,50310.13,50973.24,True,False
Emergent_complexity_contradiction_b62804,Emergent_constraint_contradiction_25659b,0.6826470976339938,50310.13,50973.58,True,False
Emergent_complexity_contradiction_b62804,Emergent_complexity_constraint_9f426d,0.6534292310976655,50310.13,50993.03,True,False
Emergent_complexity_contradiction_b62804,Emergent_identity_justice_875606,0.6688771701002029,50310.13,51032.83,True,False
Emergent_complexity_contradiction_b62804,Emergent_appears_asymmetry_8dba4c,0.6388769656698277,50310.13,51052.91,True,False
Emergent_complexity_contradiction_b62804,Emergent_beneficence_carefully_a8eeec,0.6542651268490958,50310.13,51132.18,True,False
Emergent_complexity_contradiction_b62804,Emergent_anticipation_carefully_73a81d,0.659881561627572,50310.13,51132.52,True,False
Emergent_complexity_contradiction_b62804,Emergent_autonomy_carefully_dedeae,0.6828020243192037,50310.13,51154.7,True,False
Emergent_complexity_contradiction_b62804,Emergent_autonomy_belief_revision_03bb63,0.658334853425681,50310.13,51175.98,True,False
Emergent_complexity_contradiction_b62804,Emergent_bounded_cognition_444413,0.6085948249515556,50310.13,51317.2,True,False
Emergent_complexity_contradiction_b62804,Emergent_ambiguity_autonomy_b265b2,0.6570021572342222,50310.13,51338.9,True,False
Emergent_complexity_contradiction_b62804,Emergent_anticipation_bounded_305c6e,0.663989410606941,50310.13,51360.93,True,False
Emergent_autonomy_bounded_ab8b66,Emergent_beneficence_bounded_bb35c2,0.6662654422402445,50325.77,50341.05,True,False
Emergent_autonomy_bounded_ab8b66,Emergent_carefully_coherence_c4d3bc,0.6477330320792481,50325.77,50356.81,True,False
Emergent_autonomy_bounded_ab8b66,Emergent_beneficence_clarity_d9ce73,0.6720757046172163,50325.77,50373.84,True,False
Emergent_autonomy_bounded_ab8b66,Emergent_anticipation_clarity_a82e6a,0.6520045335341574,50325.77,50374.18,True,False
Emergent_autonomy_bounded_ab8b66,Emergent_bounded_emergence_f6197f,0.6696558500168285,50325.77,50388.53,True,False
Emergent_autonomy_bounded_ab8b66,Emergent_bounded_enforcing_bf268c,0.6584014871039342,50325.77,50388.87,True,False
Emergent_autonomy_bounded_ab8b66,Emergent_bounded_coherence_9e3f99,0.6720756963499189,50325.77,50404.98,True,False
Emergent_autonomy_bounded_ab8b66,Emergent_contradiction_emerges_20ad0a,0.6598771198379589,50325.77,50421.64,True,False
Emergent_autonomy_bounded_ab8b66,Emergent_contradiction_identity_dc441d,0.663180745075248,50325.77,50421.98,True,False
Emergent_autonomy_bounded_ab8b66,Emergent_beneficence_bounded_5bc638,0.6628928212041809,50325.77,50438.08,True,False
Emergent_autonomy_bounded_ab8b66,Emergent_autonomy_bounded_94d9e2,0.6720757732518104,50325.77,50471.83,True,False
Emergent_autonomy_bounded_ab8b66,Emergent_autonomy_beneficence_f6c1c5,0.6597744819383321,50325.77,50472.17,True,False
Emergent_autonomy_bounded_ab8b66,Emergent_autonomy_clarity_dc06c1,0.672075734271367,50325.77,50491.32,True,False
Emergent_autonomy_bounded_ab8b66,Emergent_anticipation_bounded_2f7e1b,0.6720756785850193,50325.77,50509.06,True,False
Emergent_autonomy_bounded_ab8b66,Emergent_anticipation_autonomy_eda74a,0.6483918614757963,50325.77,50527.27,True,False
Emergent_autonomy_bounded_ab8b66,Emergent_anticipation_autonomy_a66f28,0.6698186903027202,50325.77,50545.43,True,False
Emergent_autonomy_bounded_ab8b66,Emergent_autonomy_carefully_2c09b0,0.6698494826396452,50325.77,50545.77,True,False
Emergent_autonomy_bounded_ab8b66,Emergent_appears_asymmetry_ecd8f7,0.6720754632602355,50325.77,50582.35,True,False
Emergent_autonomy_bounded_ab8b66,Emergent_beneficence_bounded_21df32,0.6573555399231327,50325.77,50618.38,True,False
Emergent_autonomy_bounded_ab8b66,Emergent_bounded_complexity_bc9326,0.6401896662035782,50325.77,50637.05,True,False
Emergent_autonomy_bounded_ab8b66,Emergent_bounded_carefully_f79645,0.6566443561001757,50325.77,50692.4,True,False
Emergent_autonomy_bounded_ab8b66,Emergent_clarity_complexity_e4a503,0.672060828502993,50325.77,50712.01,True,False
Emergent_autonomy_bounded_ab8b66,Emergent_beneficence_clarity_9107ae,0.6699856915394085,50325.77,50749.3,True,False
Emergent_autonomy_bounded_ab8b66,Emergent_clarity_connection_47e953,0.6550672752254219,50325.77,50749.64,True,False
Emergent_autonomy_bounded_ab8b66,Emergent_autonomy_collective_b1eda1,0.6584991135795918,50325.77,50767.68,True,False
Emergent_autonomy_bounded_ab8b66,Emergent_bounded_coherence_7a6cb5,0.6633234793239663,50325.77,50787.59,True,False
Emergent_autonomy_bounded_ab8b66,Emergent_appears_asymmetry_955aa5,0.6720368154415081,50325.77,50806.58,True,False
Emergent_autonomy_bounded_ab8b66,Emergent_anticipation_autonomy_cd3792,0.6463145261366556,50325.77,50825.88,True,False
Emergent_autonomy_bounded_ab8b66,Emergent_autonomy_beneficence_994988,0.6720663917261671,50325.77,50848.99,True,False
Emergent_autonomy_bounded_ab8b66,Emergent_coherence_complexity_df52ba,0.6601407315528725,50325.77,50896.23,True,False
Emergent_autonomy_bounded_ab8b66,Emergent_emergence_from_interaction_enforcing_c5a296,0.6695765604444727,50325.77,50952.55,True,False
Emergent_autonomy_bounded_ab8b66,Emergent_emergence_from_interaction_entropy_74edc9,0.662789974045919,50325.77,50952.89,True,False
Emergent_autonomy_bounded_ab8b66,Emergent_constraint_contradiction_e4e5c0,0.6514779433697724,50325.77,50973.24,True,False
Emergent_autonomy_bounded_ab8b66,Emergent_constraint_contradiction_25659b,0.6713129330500551,50325.77,50973.58,True,False
Emergent_autonomy_bounded_ab8b66,Emergent_complexity_constraint_9f426d,0.6534292310976655,50325.77,50993.03,True,False
Emergent_autonomy_bounded_ab8b66,Emergent_identity_justice_875606,0.6688771701002029,50325.77,51032.83,True,False
Emergent_autonomy_bounded_ab8b66,Emergent_appears_asymmetry_8dba4c,0.6388769656698277,50325.77,51052.91,True,False
Emergent_autonomy_bounded_ab8b66,Emergent_beneficence_carefully_a8eeec,0.6542651268490958,50325.77,51132.18,True,False
Emergent_autonomy_bounded_ab8b66,Emergent_anticipation_carefully_73a81d,0.659881561627572,50325.77,51132.52,True,False
Emergent_autonomy_bounded_ab8b66,Emergent_autonomy_carefully_dedeae,0.6715231194811911,50325.77,51154.7,True,False
Emergent_autonomy_bounded_ab8b66,Emergent_autonomy_belief_revision_03bb63,0.658334853425681,50325.77,51175.98,True,False
Emergent_autonomy_bounded_ab8b66,Emergent_bounded_cognition_444413,0.5967720863247412,50325.77,51317.2,True,False
Emergent_autonomy_bounded_ab8b66,Emergent_ambiguity_autonomy_b265b2,0.6570021572342222,50325.77,51338.9,True,False
Emergent_autonomy_bounded_ab8b66,Emergent_anticipation_bounded_305c6e,0.663989410606941,50325.77,51360.93,True,False
Emergent_beneficence_bounded_bb35c2,Emergent_carefully_coherence_c4d3bc,0.6477330320792481,50341.05,50356.81,True,False
Emergent_beneficence_bounded_bb35c2,Emergent_beneficence_clarity_d9ce73,0.6662654412466089,50341.05,50373.84,True,False
Emergent_beneficence_bounded_bb35c2,Emergent_anticipation_clarity_a82e6a,0.6520045335341574,50341.05,50374.18,True,False
Emergent_beneficence_bounded_bb35c2,Emergent_bounded_emergence_f6197f,0.6662654423385163,50341.05,50388.53,True,False
Emergent_beneficence_bounded_bb35c2,Emergent_bounded_enforcing_bf268c,0.6584014871039342,50341.05,50388.87,True,False
Emergent_beneficence_bounded_bb35c2,Emergent_bounded_coherence_9e3f99,0.6662654329793116,50341.05,50404.98,True,False
Emergent_beneficence_bounded_bb35c2,Emergent_contradiction_emerges_20ad0a,0.6598771198379589,50341.05,50421.64,True,False
Emergent_beneficence_bounded_bb35c2,Emergent_contradiction_identity_dc441d,0.663180745075248,50341.05,50421.98,True,False
Emergent_beneficence_bounded_bb35c2,Emergent_beneficence_bounded_5bc638,0.6628928212041809,50341.05,50438.08,True,False
Emergent_beneficence_bounded_bb35c2,Emergent_autonomy_bounded_94d9e2,0.6662655108057014,50341.05,50471.83,True,False
Emergent_beneficence_bounded_bb35c2,Emergent_autonomy_beneficence_f6c1c5,0.6597744819383321,50341.05,50472.17,True,False
Emergent_beneficence_bounded_bb35c2,Emergent_autonomy_clarity_dc06c1,0.6662654718252579,50341.05,50491.32,True,False
Emergent_beneficence_bounded_bb35c2,Emergent_anticipation_bounded_2f7e1b,0.6662654161389101,50341.05,50509.06,True,False
Emergent_beneficence_bounded_bb35c2,Emergent_anticipation_autonomy_eda74a,0.6483918614757963,50341.05,50527.27,True,False
Emergent_beneficence_bounded_bb35c2,Emergent_anticipation_autonomy_a66f28,0.666265222941377,50341.05,50545.43,True,False
Emergent_beneficence_bounded_bb35c2,Emergent_autonomy_carefully_2c09b0,0.666265222941377,50341.05,50545.77,True,False
Emergent_beneficence_bounded_bb35c2,Emergent_appears_asymmetry_ecd8f7,0.6662652221016405,50341.05,50582.35,True,False
Emergent_beneficence_bounded_bb35c2,Emergent_beneficence_bounded_21df32,0.6573555399231327,50341.05,50618.38,True,False
Emergent_beneficence_bounded_bb35c2,Emergent_bounded_complexity_bc9326,0.6401896662035782,50341.05,50637.05,True,False
Emergent_beneficence_bounded_bb35c2,Emergent_bounded_carefully_f79645,0.6566443561001757,50341.05,50692.4,True,False
Emergent_beneficence_bounded_bb35c2,Emergent_clarity_complexity_e4a503,0.6662502970130508,50341.05,50712.01,True,False
Emergent_beneficence_bounded_bb35c2,Emergent_beneficence_clarity_9107ae,0.6662637612719664,50341.05,50749.3,True,False
Emergent_beneficence_bounded_bb35c2,Emergent_clarity_connection_47e953,0.6550672752254219,50341.05,50749.64,True,False
Emergent_beneficence_bounded_bb35c2,Emergent_autonomy_collective_b1eda1,0.6584991135795918,50341.05,50767.68,True,False
Emergent_beneficence_bounded_bb35c2,Emergent_bounded_coherence_7a6cb5,0.6633234793239663,50341.05,50787.59,True,False
Emergent_beneficence_bounded_bb35c2,Emergent_appears_asymmetry_955aa5,0.6662258800305835,50341.05,50806.58,True,False
Emergent_beneficence_bounded_bb35c2,Emergent_anticipation_autonomy_cd3792,0.6463145261366556,50341.05,50825.88,True,False
Emergent_beneficence_bounded_bb35c2,Emergent_autonomy_beneficence_994988,0.6662567716180602,50341.05,50848.99,True,False
Emergent_beneficence_bounded_bb35c2,Emergent_coherence_complexity_df52ba,0.6601407315528725,50341.05,50896.23,True,False
Emergent_beneficence_bounded_bb35c2,Emergent_emergence_from_interaction_enforcing_c5a296,0.6663188626819733,50341.05,50952.55,True,False
Emergent_beneficence_bounded_bb35c2,Emergent_emergence_from_interaction_entropy_74edc9,0.662789974045919,50341.05,50952.89,True,False
Emergent_beneficence_bounded_bb35c2,Emergent_constraint_contradiction_e4e5c0,0.6514779433697724,50341.05,50973.24,True,False
Emergent_beneficence_bounded_bb35c2,Emergent_constraint_contradiction_25659b,0.6655034493173737,50341.05,50973.58,True,False
Emergent_beneficence_bounded_bb35c2,Emergent_complexity_constraint_9f426d,0.6534292310976655,50341.05,50993.03,True,False
Emergent_beneficence_bounded_bb35c2,Emergent_identity_justice_875606,0.666557798845733,50341.05,51032.83,True,False
Emergent_beneficence_bounded_bb35c2,Emergent_appears_asymmetry_8dba4c,0.6388769656698277,50341.05,51052.91,True,False
Emergent_beneficence_bounded_bb35c2,Emergent_beneficence_carefully_a8eeec,0.6542651268490958,50341.05,51132.18,True,False
Emergent_beneficence_bounded_bb35c2,Emergent_anticipation_carefully_73a81d,0.659881561627572,50341.05,51132.52,True,False
Emergent_beneficence_bounded_bb35c2,Emergent_autonomy_carefully_dedeae,0.6657419599000298,50341.05,51154.7,True,False
Emergent_beneficence_bounded_bb35c2,Emergent_autonomy_belief_revision_03bb63,0.658334853425681,50341.05,51175.98,True,False
Emergent_beneficence_bounded_bb35c2,Emergent_bounded_cognition_444413,0.5891129762100747,50341.05,51317.2,True,False
Emergent_beneficence_bounded_bb35c2,Emergent_ambiguity_autonomy_b265b2,0.6570021572342222,50341.05,51338.9,True,False
Emergent_beneficence_bounded_bb35c2,Emergent_anticipation_bounded_305c6e,0.663989410606941,50341.05,51360.93,True,False
Emergent_carefully_coherence_c4d3bc,Emergent_beneficence_clarity_d9ce73,0.6477330244358979,50356.81,50373.84,True,False
Emergent_carefully_coherence_c4d3bc,Emergent_anticipation_clarity_a82e6a,0.6477330244358979,50356.81,50374.18,True,False
Emergent_carefully_coherence_c4d3bc,Emergent_bounded_emergence_f6197f,0.6477330255278051,50356.81,50388.53,True,False
Emergent_carefully_coherence_c4d3bc,Emergent_bounded_enforcing_bf268c,0.6477330255278051,50356.81,50388.87,True,False
Emergent_carefully_coherence_c4d3bc,Emergent_bounded_coherence_9e3f99,0.6477330161686006,50356.81,50404.98,True,False
Emergent_carefully_coherence_c4d3bc,Emergent_contradiction_emerges_20ad0a,0.6477329970951475,50356.81,50421.64,True,False
Emergent_carefully_coherence_c4d3bc,Emergent_contradiction_identity_dc441d,0.663180745075248,50356.81,50421.98,True,False
Emergent_carefully_coherence_c4d3bc,Emergent_beneficence_bounded_5bc638,0.6628928212041809,50356.81,50438.08,True,False
Emergent_carefully_coherence_c4d3bc,Emergent_autonomy_bounded_94d9e2,0.6477330969437692,50356.81,50471.83,True,False
Emergent_carefully_coherence_c4d3bc,Emergent_autonomy_beneficence_f6c1c5,0.6477330969437692,50356.81,50472.17,True,False
Emergent_carefully_coherence_c4d3bc,Emergent_autonomy_clarity_dc06c1,0.6477330579633259,50356.81,50491.32,True,False
Emergent_carefully_coherence_c4d3bc,Emergent_anticipation_bounded_2f7e1b,0.6477330022769782,50356.81,50509.06,True,False
Emergent_carefully_coherence_c4d3bc,Emergent_anticipation_autonomy_eda74a,0.6477329227250527,50356.81,50527.27,True,False
Emergent_carefully_coherence_c4d3bc,Emergent_anticipation_autonomy_a66f28,0.6477328090794451,50356.81,50545.43,True,False
Emergent_carefully_coherence_c4d3bc,Emergent_autonomy_carefully_2c09b0,0.6477328090794451,50356.81,50545.77,True,False
Emergent_carefully_coherence_c4d3bc,Emergent_appears_asymmetry_ecd8f7,0.6477328761383663,50356.81,50582.35,True,False
Emergent_carefully_coherence_c4d3bc,Emergent_beneficence_bounded_21df32,0.647732544810064,50356.81,50618.38,True,False
Emergent_carefully_coherence_c4d3bc,Emergent_bounded_complexity_bc9326,0.6401896662035782,50356.81,50637.05,True,False
Emergent_carefully_coherence_c4d3bc,Emergent_bounded_carefully_f79645,0.6477303554479135,50356.81,50692.4,True,False
Emergent_carefully_coherence_c4d3bc,Emergent_clarity_complexity_e4a503,0.647717025008874,50356.81,50712.01,True,False
Emergent_carefully_coherence_c4d3bc,Emergent_beneficence_clarity_9107ae,0.6477319194823989,50356.81,50749.3,True,False
Emergent_carefully_coherence_c4d3bc,Emergent_clarity_connection_47e953,0.6477319194823989,50356.81,50749.64,True,False
Emergent_carefully_coherence_c4d3bc,Emergent_autonomy_collective_b1eda1,0.6477322480442108,50356.81,50767.68,True,False
Emergent_carefully_coherence_c4d3bc,Emergent_bounded_coherence_7a6cb5,0.6477292768942159,50356.81,50787.59,True,False
Emergent_carefully_coherence_c4d3bc,Emergent_appears_asymmetry_955aa5,0.6476913196799877,50356.81,50806.58,True,False
Emergent_carefully_coherence_c4d3bc,Emergent_anticipation_autonomy_cd3792,0.6463145261366556,50356.81,50825.88,True,False
Emergent_carefully_coherence_c4d3bc,Emergent_autonomy_beneficence_994988,0.6477264065575048,50356.81,50848.99,True,False
Emergent_carefully_coherence_c4d3bc,Emergent_coherence_complexity_df52ba,0.6474087676402139,50356.81,50896.23,True,False
Emergent_carefully_coherence_c4d3bc,Emergent_emergence_from_interaction_enforcing_c5a296,0.6478027516512141,50356.81,50952.55,True,False
Emergent_carefully_coherence_c4d3bc,Emergent_emergence_from_interaction_entropy_74edc9,0.647802627235816,50356.81,50952.89,True,False
Emergent_carefully_coherence_c4d3bc,Emergent_constraint_contradiction_e4e5c0,0.6469676857298856,50356.81,50973.24,True,False
Emergent_carefully_coherence_c4d3bc,Emergent_constraint_contradiction_25659b,0.6469735192398932,50356.81,50973.58,True,False
Emergent_carefully_coherence_c4d3bc,Emergent_complexity_constraint_9f426d,0.6480421066813671,50356.81,50993.03,True,False
Emergent_carefully_coherence_c4d3bc,Emergent_identity_justice_875606,0.6480905836728824,50356.81,51032.83,True,False
Emergent_carefully_coherence_c4d3bc,Emergent_appears_asymmetry_8dba4c,0.6388769656698277,50356.81,51052.91,True,False
Emergent_carefully_coherence_c4d3bc,Emergent_beneficence_carefully_a8eeec,0.6481497982869612,50356.81,51132.18,True,False
Emergent_carefully_coherence_c4d3bc,Emergent_anticipation_carefully_73a81d,0.6481497982869612,50356.81,51132.52,True,False
Emergent_carefully_coherence_c4d3bc,Emergent_autonomy_carefully_dedeae,0.6473023725399614,50356.81,51154.7,True,False
Emergent_carefully_coherence_c4d3bc,Emergent_autonomy_belief_revision_03bb63,0.6460917643299613,50356.81,51175.98,True,False
Emergent_carefully_coherence_c4d3bc,Emergent_bounded_cognition_444413,0.5646834775814605,50356.81,51317.2,True,False
Emergent_carefully_coherence_c4d3bc,Emergent_ambiguity_autonomy_b265b2,0.6570021572342222,50356.81,51338.9,True,False
Emergent_carefully_coherence_c4d3bc,Emergent_anticipation_bounded_305c6e,0.663989410606941,50356.81,51360.93,True,False
Emergent_beneficence_clarity_d9ce73,Emergent_anticipation_clarity_a82e6a,0.6520045106041065,50373.84,50374.18,True,False
Emergent_beneficence_clarity_d9ce73,Emergent_bounded_emergence_f6197f,0.6696558270867775,50373.84,50388.53,True,False
Emergent_beneficence_clarity_d9ce73,Emergent_bounded_enforcing_bf268c,0.6584014641738833,50373.84,50388.87,True,False
Emergent_beneficence_clarity_d9ce73,Emergent_bounded_coherence_9e3f99,0.672852636780134,50373.84,50404.98,True,False
Emergent_beneficence_clarity_d9ce73,Emergent_contradiction_emerges_20ad0a,0.6598771198379589,50373.84,50421.64,True,False
Emergent_beneficence_clarity_d9ce73,Emergent_contradiction_identity_dc441d,0.663180745075248,50373.84,50421.98,True,False
Emergent_beneficence_clarity_d9ce73,Emergent_beneficence_bounded_5bc638,0.6628928212041809,50373.84,50438.08,True,False
Emergent_beneficence_clarity_d9ce73,Emergent_autonomy_bounded_94d9e2,0.6768495419249841,50373.84,50471.83,True,False
Emergent_beneficence_clarity_d9ce73,Emergent_autonomy_beneficence_f6c1c5,0.6597744819383321,50373.84,50472.17,True,False
Emergent_beneficence_clarity_d9ce73,Emergent_autonomy_clarity_dc06c1,0.6727036723560478,50373.84,50491.32,True,False
Emergent_beneficence_clarity_d9ce73,Emergent_anticipation_bounded_2f7e1b,0.6768494472581928,50373.84,50509.06,True,False
Emergent_beneficence_clarity_d9ce73,Emergent_anticipation_autonomy_eda74a,0.6483918614757963,50373.84,50527.27,True,False
Emergent_beneficence_clarity_d9ce73,Emergent_anticipation_autonomy_a66f28,0.6698186903027202,50373.84,50545.43,True,False
Emergent_beneficence_clarity_d9ce73,Emergent_autonomy_carefully_2c09b0,0.6698494826396452,50373.84,50545.77,True,False
Emergent_beneficence_clarity_d9ce73,Emergent_appears_asymmetry_ecd8f7,0.6760319738661966,50373.84,50582.35,True,False
Emergent_beneficence_clarity_d9ce73,Emergent_beneficence_bounded_21df32,0.6573555399231327,50373.84,50618.38,True,False
Emergent_beneficence_clarity_d9ce73,Emergent_bounded_complexity_bc9326,0.6401896662035782,50373.84,50637.05,True,False
Emergent_beneficence_clarity_d9ce73,Emergent_bounded_carefully_f79645,0.6566443561001757,50373.84,50692.4,True,False
Emergent_beneficence_clarity_d9ce73,Emergent_clarity_complexity_e4a503,0.6721426007190503,50373.84,50712.01,True,False
Emergent_beneficence_clarity_d9ce73,Emergent_beneficence_clarity_9107ae,0.6699856915394085,50373.84,50749.3,True,False
Emergent_beneficence_clarity_d9ce73,Emergent_clarity_connection_47e953,0.6550672752254219,50373.84,50749.64,True,False
Emergent_beneficence_clarity_d9ce73,Emergent_autonomy_collective_b1eda1,0.6584991135795918,50373.84,50767.68,True,False
Emergent_beneficence_clarity_d9ce73,Emergent_bounded_coherence_7a6cb5,0.6633234793239663,50373.84,50787.59,True,False
Emergent_beneficence_clarity_d9ce73,Emergent_appears_asymmetry_955aa5,0.6747632689587365,50373.84,50806.58,True,False
Emergent_beneficence_clarity_d9ce73,Emergent_anticipation_autonomy_cd3792,0.6463145261366556,50373.84,50825.88,True,False
Emergent_beneficence_clarity_d9ce73,Emergent_autonomy_beneficence_994988,0.6768396326481313,50373.84,50848.99,True,False
Emergent_beneficence_clarity_d9ce73,Emergent_coherence_complexity_df52ba,0.6601407315528725,50373.84,50896.23,True,False
Emergent_beneficence_clarity_d9ce73,Emergent_emergence_from_interaction_enforcing_c5a296,0.6695765604444727,50373.84,50952.55,True,False
Emergent_beneficence_clarity_d9ce73,Emergent_emergence_from_interaction_entropy_74edc9,0.662789974045919,50373.84,50952.89,True,False
Emergent_beneficence_clarity_d9ce73,Emergent_constraint_contradiction_e4e5c0,0.6514779433697724,50373.84,50973.24,True,False
Emergent_beneficence_clarity_d9ce73,Emergent_constraint_contradiction_25659b,0.6760860619246307,50373.84,50973.58,True,False
Emergent_beneficence_clarity_d9ce73,Emergent_complexity_constraint_9f426d,0.6534292310976655,50373.84,50993.03,True,False
Emergent_beneficence_clarity_d9ce73,Emergent_identity_justice_875606,0.6688771701002029,50373.84,51032.83,True,False
Emergent_beneficence_clarity_d9ce73,Emergent_appears_asymmetry_8dba4c,0.6388769656698277,50373.84,51052.91,True,False
Emergent_beneficence_clarity_d9ce73,Emergent_beneficence_carefully_a8eeec,0.6542651268490958,50373.84,51132.18,True,False
Emergent_beneficence_clarity_d9ce73,Emergent_anticipation_carefully_73a81d,0.659881561627572,50373.84,51132.52,True,False
Emergent_beneficence_clarity_d9ce73,Emergent_autonomy_carefully_dedeae,0.6762729769547802,50373.84,51154.7,True,False
Emergent_beneficence_clarity_d9ce73,Emergent_autonomy_belief_revision_03bb63,0.658334853425681,50373.84,51175.98,True,False
Emergent_beneficence_clarity_d9ce73,Emergent_bounded_cognition_444413,0.603064886395118,50373.84,51317.2,True,False
Emergent_beneficence_clarity_d9ce73,Emergent_ambiguity_autonomy_b265b2,0.6570021572342222,50373.84,51338.9,True,False
Emergent_beneficence_clarity_d9ce73,Emergent_anticipation_bounded_305c6e,0.663989410606941,50373.84,51360.93,True,False
Emergent_anticipation_clarity_a82e6a,Emergent_bounded_emergence_f6197f,0.6520045116960137,50374.18,50388.53,True,False
Emergent_anticipation_clarity_a82e6a,Emergent_bounded_enforcing_bf268c,0.6520045116960137,50374.18,50388.87,True,False
Emergent_anticipation_clarity_a82e6a,Emergent_bounded_coherence_9e3f99,0.6520045252668601,50374.18,50404.98,True,False
Emergent_anticipation_clarity_a82e6a,Emergent_contradiction_emerges_20ad0a,0.6520045061466154,50374.18,50421.64,True,False
Emergent_anticipation_clarity_a82e6a,Emergent_contradiction_identity_dc441d,0.663180745075248,50374.18,50421.98,True,False
Emergent_anticipation_clarity_a82e6a,Emergent_beneficence_bounded_5bc638,0.6628928212041809,50374.18,50438.08,True,False
Emergent_anticipation_clarity_a82e6a,Emergent_autonomy_bounded_94d9e2,0.6520046053623691,50374.18,50471.83,True,False
Emergent_anticipation_clarity_a82e6a,Emergent_autonomy_beneficence_f6c1c5,0.6520046053623691,50374.18,50472.17,True,False
Emergent_anticipation_clarity_a82e6a,Emergent_autonomy_clarity_dc06c1,0.6520045663819258,50374.18,50491.32,True,False
Emergent_anticipation_clarity_a82e6a,Emergent_anticipation_bounded_2f7e1b,0.652004510695578,50374.18,50509.06,True,False
Emergent_anticipation_clarity_a82e6a,Emergent_anticipation_autonomy_eda74a,0.6483918614757963,50374.18,50527.27,True,False
Emergent_anticipation_clarity_a82e6a,Emergent_anticipation_autonomy_a66f28,0.6520043174980449,50374.18,50545.43,True,False
Emergent_anticipation_clarity_a82e6a,Emergent_autonomy_carefully_2c09b0,0.6520043174980449,50374.18,50545.77,True,False
Emergent_anticipation_clarity_a82e6a,Emergent_appears_asymmetry_ecd8f7,0.6520043689071059,50374.18,50582.35,True,False
Emergent_anticipation_clarity_a82e6a,Emergent_beneficence_bounded_21df32,0.6520040375788037,50374.18,50618.38,True,False
Emergent_anticipation_clarity_a82e6a,Emergent_bounded_complexity_bc9326,0.6401896662035782,50374.18,50637.05,True,False
Emergent_anticipation_clarity_a82e6a,Emergent_bounded_carefully_f79645,0.6520018472217243,50374.18,50692.4,True,False
Emergent_anticipation_clarity_a82e6a,Emergent_clarity_complexity_e4a503,0.6519887312193994,50374.18,50712.01,True,False
Emergent_anticipation_clarity_a82e6a,Emergent_beneficence_clarity_9107ae,0.652003296044893,50374.18,50749.3,True,False
Emergent_anticipation_clarity_a82e6a,Emergent_clarity_connection_47e953,0.652003296044893,50374.18,50749.64,True,False
Emergent_anticipation_clarity_a82e6a,Emergent_autonomy_collective_b1eda1,0.6520036246067048,50374.18,50767.68,True,False
Emergent_anticipation_clarity_a82e6a,Emergent_bounded_coherence_7a6cb5,0.6520006513707352,50374.18,50787.59,True,False
Emergent_anticipation_clarity_a82e6a,Emergent_appears_asymmetry_955aa5,0.6519633228395569,50374.18,50806.58,True,False
Emergent_anticipation_clarity_a82e6a,Emergent_anticipation_autonomy_cd3792,0.6463145261366556,50374.18,50825.88,True,False
Emergent_anticipation_clarity_a82e6a,Emergent_autonomy_beneficence_994988,0.6519974427509324,50374.18,50848.99,True,False
Emergent_anticipation_clarity_a82e6a,Emergent_coherence_complexity_df52ba,0.6516804229290735,50374.18,50896.23,True,False
Emergent_anticipation_clarity_a82e6a,Emergent_emergence_from_interaction_enforcing_c5a296,0.6520705024545825,50374.18,50952.55,True,False
Emergent_anticipation_clarity_a82e6a,Emergent_emergence_from_interaction_entropy_74edc9,0.652070376363797,50374.18,50952.89,True,False
Emergent_anticipation_clarity_a82e6a,Emergent_constraint_contradiction_e4e5c0,0.6512385905171272,50374.18,50973.24,True,False
Emergent_anticipation_clarity_a82e6a,Emergent_constraint_contradiction_25659b,0.651244455174721,50374.18,50973.58,True,False
Emergent_anticipation_clarity_a82e6a,Emergent_complexity_constraint_9f426d,0.6523080997913173,50374.18,50993.03,True,False
Emergent_anticipation_clarity_a82e6a,Emergent_identity_justice_875606,0.6523470645429196,50374.18,51032.83,True,False
Emergent_anticipation_clarity_a82e6a,Emergent_appears_asymmetry_8dba4c,0.6388769656698277,50374.18,51052.91,True,False
Emergent_anticipation_clarity_a82e6a,Emergent_beneficence_carefully_a8eeec,0.6523999112636542,50374.18,51132.18,True,False
Emergent_anticipation_clarity_a82e6a,Emergent_anticipation_carefully_73a81d,0.6523999112636542,50374.18,51132.52,True,False
Emergent_anticipation_clarity_a82e6a,Emergent_autonomy_carefully_dedeae,0.651552485516654,50374.18,51154.7,True,False
Emergent_anticipation_clarity_a82e6a,Emergent_autonomy_belief_revision_03bb63,0.6503418773066542,50374.18,51175.98,True,False
Emergent_anticipation_clarity_a82e6a,Emergent_bounded_cognition_444413,0.5703141962688221,50374.18,51317.2,True,False
Emergent_anticipation_clarity_a82e6a,Emergent_ambiguity_autonomy_b265b2,0.6570021572342222,50374.18,51338.9,True,False
Emergent_anticipation_clarity_a82e6a,Emergent_anticipation_bounded_305c6e,0.663989410606941,50374.18,51360.93,True,False
Emergent_bounded_emergence_f6197f,Emergent_bounded_enforcing_bf268c,0.6584014652657906,50388.53,50388.87,True,False
Emergent_bounded_emergence_f6197f,Emergent_bounded_coherence_9e3f99,0.669655840657624,50388.53,50404.98,True,False
Emergent_bounded_emergence_f6197f,Emergent_contradiction_emerges_20ad0a,0.6598771198379589,50388.53,50421.64,True,False
Emergent_bounded_emergence_f6197f,Emergent_contradiction_identity_dc441d,0.663180745075248,50388.53,50421.98,True,False
Emergent_bounded_emergence_f6197f,Emergent_beneficence_bounded_5bc638,0.6628928212041809,50388.53,50438.08,True,False
Emergent_bounded_emergence_f6197f,Emergent_autonomy_bounded_94d9e2,0.6696559179445501,50388.53,50471.83,True,False
Emergent_bounded_emergence_f6197f,Emergent_autonomy_beneficence_f6c1c5,0.6597744819383321,50388.53,50472.17,True,False
Emergent_bounded_emergence_f6197f,Emergent_autonomy_clarity_dc06c1,0.6696558789641066,50388.53,50491.32,True,False
Emergent_bounded_emergence_f6197f,Emergent_anticipation_bounded_2f7e1b,0.669655823277759,50388.53,50509.06,True,False
Emergent_bounded_emergence_f6197f,Emergent_anticipation_autonomy_eda74a,0.6483918614757963,50388.53,50527.27,True,False
Emergent_bounded_emergence_f6197f,Emergent_anticipation_autonomy_a66f28,0.6696556300802259,50388.53,50545.43,True,False
Emergent_bounded_emergence_f6197f,Emergent_autonomy_carefully_2c09b0,0.6696556300802259,50388.53,50545.77,True,False
Emergent_bounded_emergence_f6197f,Emergent_appears_asymmetry_ecd8f7,0.6696556168187887,50388.53,50582.35,True,False
Emergent_bounded_emergence_f6197f,Emergent_beneficence_bounded_21df32,0.6573555399231327,50388.53,50618.38,True,False
Emergent_bounded_emergence_f6197f,Emergent_bounded_complexity_bc9326,0.6401896662035782,50388.53,50637.05,True,False
Emergent_bounded_emergence_f6197f,Emergent_bounded_carefully_f79645,0.6566443561001757,50388.53,50692.4,True,False
Emergent_bounded_emergence_f6197f,Emergent_clarity_complexity_e4a503,0.6696408611444865,50388.53,50712.01,True,False
Emergent_bounded_emergence_f6197f,Emergent_beneficence_clarity_9107ae,0.6696540637532005,50388.53,50749.3,True,False
Emergent_bounded_emergence_f6197f,Emergent_clarity_connection_47e953,0.6550672752254219,50388.53,50749.64,True,False
Emergent_bounded_emergence_f6197f,Emergent_autonomy_collective_b1eda1,0.6584991135795918,50388.53,50767.68,True,False
Emergent_bounded_emergence_f6197f,Emergent_bounded_coherence_7a6cb5,0.6633234793239663,50388.53,50787.59,True,False
Emergent_bounded_emergence_f6197f,Emergent_appears_asymmetry_955aa5,0.6696166798581852,50388.53,50806.58,True,False
Emergent_bounded_emergence_f6197f,Emergent_anticipation_autonomy_cd3792,0.6463145261366556,50388.53,50825.88,True,False
Emergent_bounded_emergence_f6197f,Emergent_autonomy_beneficence_994988,0.6696468039395287,50388.53,50848.99,True,False
Emergent_bounded_emergence_f6197f,Emergent_coherence_complexity_df52ba,0.6601407315528725,50388.53,50896.23,True,False
Emergent_bounded_emergence_f6197f,Emergent_emergence_from_interaction_enforcing_c5a296,0.6695765604444727,50388.53,50952.55,True,False
Emergent_bounded_emergence_f6197f,Emergent_emergence_from_interaction_entropy_74edc9,0.662789974045919,50388.53,50952.89,True,False
Emergent_bounded_emergence_f6197f,Emergent_constraint_contradiction_e4e5c0,0.6514779433697724,50388.53,50973.24,True,False
Emergent_bounded_emergence_f6197f,Emergent_constraint_contradiction_25659b,0.6688934020609885,50388.53,50973.58,True,False
Emergent_bounded_emergence_f6197f,Emergent_complexity_constraint_9f426d,0.6534292310976655,50388.53,50993.03,True,False
Emergent_bounded_emergence_f6197f,Emergent_identity_justice_875606,0.6688771701002029,50388.53,51032.83,True,False
Emergent_bounded_emergence_f6197f,Emergent_appears_asymmetry_8dba4c,0.6388769656698277,50388.53,51052.91,True,False
Emergent_bounded_emergence_f6197f,Emergent_beneficence_carefully_a8eeec,0.6542651268490958,50388.53,51132.18,True,False
Emergent_bounded_emergence_f6197f,Emergent_anticipation_carefully_73a81d,0.659881561627572,50388.53,51132.52,True,False
Emergent_bounded_emergence_f6197f,Emergent_autonomy_carefully_dedeae,0.669115384921118,50388.53,51154.7,True,False
Emergent_bounded_emergence_f6197f,Emergent_autonomy_belief_revision_03bb63,0.658334853425681,50388.53,51175.98,True,False
Emergent_bounded_emergence_f6197f,Emergent_bounded_cognition_444413,0.5935822238302718,50388.53,51317.2,True,False
Emergent_bounded_emergence_f6197f,Emergent_ambiguity_autonomy_b265b2,0.6570021572342222,50388.53,51338.9,True,False
Emergent_bounded_emergence_f6197f,Emergent_anticipation_bounded_305c6e,0.663989410606941,50388.53,51360.93,True,False
Emergent_bounded_enforcing_bf268c,Emergent_bounded_coherence_9e3f99,0.6584014777447299,50388.87,50404.98,True,False
Emergent_bounded_enforcing_bf268c,Emergent_contradiction_emerges_20ad0a,0.6584014585544107,50388.87,50421.64,True,False
Emergent_bounded_enforcing_bf268c,Emergent_contradiction_identity_dc441d,0.663180745075248,50388.87,50421.98,True,False
Emergent_bounded_enforcing_bf268c,Emergent_beneficence_bounded_5bc638,0.6628928212041809,50388.87,50438.08,True,False
Emergent_bounded_enforcing_bf268c,Emergent_autonomy_bounded_94d9e2,0.6584015568223899,50388.87,50471.83,True,False
Emergent_bounded_enforcing_bf268c,Emergent_autonomy_beneficence_f6c1c5,0.6584015568223899,50388.87,50472.17,True,False
Emergent_bounded_enforcing_bf268c,Emergent_autonomy_clarity_dc06c1,0.6584015178419466,50388.87,50491.32,True,False
Emergent_bounded_enforcing_bf268c,Emergent_anticipation_bounded_2f7e1b,0.6584014621555987,50388.87,50509.06,True,False
Emergent_bounded_enforcing_bf268c,Emergent_anticipation_autonomy_eda74a,0.6483918614757963,50388.87,50527.27,True,False
Emergent_bounded_enforcing_bf268c,Emergent_anticipation_autonomy_a66f28,0.6584012689580656,50388.87,50545.43,True,False
Emergent_bounded_enforcing_bf268c,Emergent_autonomy_carefully_2c09b0,0.6584012689580656,50388.87,50545.77,True,False
Emergent_bounded_enforcing_bf268c,Emergent_appears_asymmetry_ecd8f7,0.6584012969301138,50388.87,50582.35,True,False
Emergent_bounded_enforcing_bf268c,Emergent_beneficence_bounded_21df32,0.6573555399231327,50388.87,50618.38,True,False
Emergent_bounded_enforcing_bf268c,Emergent_bounded_complexity_bc9326,0.6401896662035782,50388.87,50637.05,True,False
Emergent_bounded_enforcing_bf268c,Emergent_bounded_carefully_f79645,0.6566443561001757,50388.87,50692.4,True,False
Emergent_bounded_enforcing_bf268c,Emergent_clarity_complexity_e4a503,0.6583859788898505,50388.87,50712.01,True,False
Emergent_bounded_enforcing_bf268c,Emergent_beneficence_clarity_9107ae,0.6584000500390482,50388.87,50749.3,True,False
Emergent_bounded_enforcing_bf268c,Emergent_clarity_connection_47e953,0.6550672752254219,50388.87,50749.64,True,False
Emergent_bounded_enforcing_bf268c,Emergent_autonomy_collective_b1eda1,0.65840037860086,50388.87,50767.68,True,False
Emergent_bounded_enforcing_bf268c,Emergent_bounded_coherence_7a6cb5,0.658397402240963,50388.87,50787.59,True,False
Emergent_bounded_enforcing_bf268c,Emergent_appears_asymmetry_955aa5,0.6583610152167563,50388.87,50806.58,True,False
Emergent_bounded_enforcing_bf268c,Emergent_anticipation_autonomy_cd3792,0.6463145261366556,50388.87,50825.88,True,False
Emergent_bounded_enforcing_bf268c,Emergent_autonomy_beneficence_994988,0.6583936870131184,50388.87,50848.99,True,False
Emergent_bounded_enforcing_bf268c,Emergent_coherence_complexity_df52ba,0.6580775943399477,50388.87,50896.23,True,False
Emergent_bounded_enforcing_bf268c,Emergent_emergence_from_interaction_enforcing_c5a296,0.6584618265624164,50388.87,50952.55,True,False
Emergent_bounded_enforcing_bf268c,Emergent_emergence_from_interaction_entropy_74edc9,0.6584616979625938,50388.87,50952.89,True,False
Emergent_bounded_enforcing_bf268c,Emergent_constraint_contradiction_e4e5c0,0.6514779433697724,50388.87,50973.24,True,False
Emergent_bounded_enforcing_bf268c,Emergent_constraint_contradiction_25659b,0.6576405492910253,50388.87,50973.58,True,False
Emergent_bounded_enforcing_bf268c,Emergent_complexity_constraint_9f426d,0.6534292310976655,50388.87,50993.03,True,False
Emergent_bounded_enforcing_bf268c,Emergent_identity_justice_875606,0.6587215109557069,50388.87,51032.83,True,False
Emergent_bounded_enforcing_bf268c,Emergent_appears_asymmetry_8dba4c,0.6388769656698277,50388.87,51052.91,True,False
Emergent_bounded_enforcing_bf268c,Emergent_beneficence_carefully_a8eeec,0.6542651268490958,50388.87,51132.18,True,False
Emergent_bounded_enforcing_bf268c,Emergent_anticipation_carefully_73a81d,0.6587648212081417,50388.87,51132.52,True,False
Emergent_bounded_enforcing_bf268c,Emergent_autonomy_carefully_dedeae,0.6579173954611417,50388.87,51154.7,True,False
Emergent_bounded_enforcing_bf268c,Emergent_autonomy_belief_revision_03bb63,0.6567067872511416,50388.87,51175.98,True,False
Emergent_bounded_enforcing_bf268c,Emergent_bounded_cognition_444413,0.5787466820790432,50388.87,51317.2,True,False
Emergent_bounded_enforcing_bf268c,Emergent_ambiguity_autonomy_b265b2,0.6570021572342222,50388.87,51338.9,True,False
Emergent_bounded_enforcing_bf268c,Emergent_anticipation_bounded_305c6e,0.663989410606941,50388.87,51360.93,True,False
Emergent_bounded_coherence_9e3f99,Emergent_contradiction_emerges_20ad0a,0.6598771198379589,50404.98,50421.64,True,False
Emergent_bounded_coherence_9e3f99,Emergent_contradiction_identity_dc441d,0.663180745075248,50404.98,50421.98,True,False
Emergent_bounded_coherence_9e3f99,Emergent_beneficence_bounded_5bc638,0.6628928212041809,50404.98,50438.08,True,False
Emergent_bounded_coherence_9e3f99,Emergent_autonomy_bounded_94d9e2,0.672852713558403,50404.98,50471.83,True,False
Emergent_bounded_coherence_9e3f99,Emergent_autonomy_beneficence_f6c1c5,0.6597744819383321,50404.98,50472.17,True,False
Emergent_bounded_coherence_9e3f99,Emergent_autonomy_clarity_dc06c1,0.6727036723560478,50404.98,50491.32,True,False
Emergent_bounded_coherence_9e3f99,Emergent_anticipation_bounded_2f7e1b,0.6728526188916117,50404.98,50509.06,True,False
Emergent_bounded_coherence_9e3f99,Emergent_anticipation_autonomy_eda74a,0.6483918614757963,50404.98,50527.27,True,False
Emergent_bounded_coherence_9e3f99,Emergent_anticipation_autonomy_a66f28,0.6698186903027202,50404.98,50545.43,True,False
Emergent_bounded_coherence_9e3f99,Emergent_autonomy_carefully_2c09b0,0.6698494826396452,50404.98,50545.77,True,False
Emergent_bounded_coherence_9e3f99,Emergent_appears_asymmetry_ecd8f7,0.6728524007202907,50404.98,50582.35,True,False
Emergent_bounded_coherence_9e3f99,Emergent_beneficence_bounded_21df32,0.6573555399231327,50404.98,50618.38,True,False
Emergent_bounded_coherence_9e3f99,Emergent_bounded_complexity_bc9326,0.6401896662035782,50404.98,50637.05,True,False
Emergent_bounded_coherence_9e3f99,Emergent_bounded_carefully_f79645,0.6566443561001757,50404.98,50692.4,True,False
Emergent_bounded_coherence_9e3f99,Emergent_clarity_complexity_e4a503,0.6721426007190503,50404.98,50712.01,True,False
Emergent_bounded_coherence_9e3f99,Emergent_beneficence_clarity_9107ae,0.6699856915394085,50404.98,50749.3,True,False
Emergent_bounded_coherence_9e3f99,Emergent_clarity_connection_47e953,0.6550672752254219,50404.98,50749.64,True,False
Emergent_bounded_coherence_9e3f99,Emergent_autonomy_collective_b1eda1,0.6584991135795918,50404.98,50767.68,True,False
Emergent_bounded_coherence_9e3f99,Emergent_bounded_coherence_7a6cb5,0.6633234793239663,50404.98,50787.59,True,False
Emergent_bounded_coherence_9e3f99,Emergent_appears_asymmetry_955aa5,0.6728138457360304,50404.98,50806.58,True,False
Emergent_bounded_coherence_9e3f99,Emergent_anticipation_autonomy_cd3792,0.6463145261366556,50404.98,50825.88,True,False
Emergent_bounded_coherence_9e3f99,Emergent_autonomy_beneficence_994988,0.6728432461402049,50404.98,50848.99,True,False
Emergent_bounded_coherence_9e3f99,Emergent_coherence_complexity_df52ba,0.6601407315528725,50404.98,50896.23,True,False
Emergent_bounded_coherence_9e3f99,Emergent_emergence_from_interaction_enforcing_c5a296,0.6695765604444727,50404.98,50952.55,True,False
Emergent_bounded_coherence_9e3f99,Emergent_emergence_from_interaction_entropy_74edc9,0.662789974045919,50404.98,50952.89,True,False
Emergent_bounded_coherence_9e3f99,Emergent_constraint_contradiction_e4e5c0,0.6514779433697724,50404.98,50973.24,True,False
Emergent_bounded_coherence_9e3f99,Emergent_constraint_contradiction_25659b,0.6720897692281587,50404.98,50973.58,True,False
Emergent_bounded_coherence_9e3f99,Emergent_complexity_constraint_9f426d,0.6534292310976655,50404.98,50993.03,True,False
Emergent_bounded_coherence_9e3f99,Emergent_identity_justice_875606,0.6688771701002029,50404.98,51032.83,True,False
Emergent_bounded_coherence_9e3f99,Emergent_appears_asymmetry_8dba4c,0.6388769656698277,50404.98,51052.91,True,False
Emergent_bounded_coherence_9e3f99,Emergent_beneficence_carefully_a8eeec,0.6542651268490958,50404.98,51132.18,True,False
Emergent_bounded_coherence_9e3f99,Emergent_anticipation_carefully_73a81d,0.659881561627572,50404.98,51132.52,True,False
Emergent_bounded_coherence_9e3f99,Emergent_autonomy_carefully_dedeae,0.6722961681926921,50404.98,51154.7,True,False
Emergent_bounded_coherence_9e3f99,Emergent_autonomy_belief_revision_03bb63,0.658334853425681,50404.98,51175.98,True,False
Emergent_bounded_coherence_9e3f99,Emergent_bounded_cognition_444413,0.5977962519998562,50404.98,51317.2,True,False
Emergent_bounded_coherence_9e3f99,Emergent_ambiguity_autonomy_b265b2,0.6570021572342222,50404.98,51338.9,True,False
Emergent_bounded_coherence_9e3f99,Emergent_anticipation_bounded_305c6e,0.663989410606941,50404.98,51360.93,True,False
Emergent_contradiction_emerges_20ad0a,Emergent_contradiction_identity_dc441d,0.6631806734146197,50421.64,50421.98,True,False
Emergent_contradiction_emerges_20ad0a,Emergent_beneficence_bounded_5bc638,0.6628927495480705,50421.64,50438.08,True,False
Emergent_contradiction_emerges_20ad0a,Emergent_autonomy_bounded_94d9e2,0.6598772178873037,50421.64,50471.83,True,False
Emergent_contradiction_emerges_20ad0a,Emergent_autonomy_beneficence_f6c1c5,0.6597744819383321,50421.64,50472.17,True,False
Emergent_contradiction_emerges_20ad0a,Emergent_autonomy_clarity_dc06c1,0.6598771789068603,50421.64,50491.32,True,False
Emergent_contradiction_emerges_20ad0a,Emergent_anticipation_bounded_2f7e1b,0.6598771232205125,50421.64,50509.06,True,False
Emergent_contradiction_emerges_20ad0a,Emergent_anticipation_autonomy_eda74a,0.6483918614757963,50421.64,50527.27,True,False
Emergent_contradiction_emerges_20ad0a,Emergent_anticipation_autonomy_a66f28,0.6598769300229794,50421.64,50545.43,True,False
Emergent_contradiction_emerges_20ad0a,Emergent_autonomy_carefully_2c09b0,0.6598769300229794,50421.64,50545.77,True,False
Emergent_contradiction_emerges_20ad0a,Emergent_appears_asymmetry_ecd8f7,0.6598769525885325,50421.64,50582.35,True,False
Emergent_contradiction_emerges_20ad0a,Emergent_beneficence_bounded_21df32,0.6573555399231327,50421.64,50618.38,True,False
Emergent_contradiction_emerges_20ad0a,Emergent_bounded_complexity_bc9326,0.6401896662035782,50421.64,50637.05,True,False
Emergent_contradiction_emerges_20ad0a,Emergent_bounded_carefully_f79645,0.6566443561001757,50421.64,50692.4,True,False
Emergent_contradiction_emerges_20ad0a,Emergent_clarity_complexity_e4a503,0.6598617082851561,50421.64,50712.01,True,False
Emergent_contradiction_emerges_20ad0a,Emergent_beneficence_clarity_9107ae,0.6598756655521563,50421.64,50749.3,True,False
Emergent_contradiction_emerges_20ad0a,Emergent_clarity_connection_47e953,0.6550672752254219,50421.64,50749.64,True,False
Emergent_contradiction_emerges_20ad0a,Emergent_autonomy_collective_b1eda1,0.6584991135795918,50421.64,50767.68,True,False
Emergent_contradiction_emerges_20ad0a,Emergent_bounded_coherence_7a6cb5,0.6598730170334377,50421.64,50787.59,True,False
Emergent_contradiction_emerges_20ad0a,Emergent_appears_asymmetry_955aa5,0.6598368471978697,50421.64,50806.58,True,False
Emergent_contradiction_emerges_20ad0a,Emergent_anticipation_autonomy_cd3792,0.6463145261366556,50421.64,50825.88,True,False
Emergent_contradiction_emerges_20ad0a,Emergent_autonomy_beneficence_994988,0.6598691849402756,50421.64,50848.99,True,False
Emergent_contradiction_emerges_20ad0a,Emergent_coherence_complexity_df52ba,0.6595533061435472,50421.64,50896.23,True,False
Emergent_contradiction_emerges_20ad0a,Emergent_emergence_from_interaction_enforcing_c5a296,0.6599361894989058,50421.64,50952.55,True,False
Emergent_contradiction_emerges_20ad0a,Emergent_emergence_from_interaction_entropy_74edc9,0.6599360603202935,50421.64,50952.89,True,False
Emergent_contradiction_emerges_20ad0a,Emergent_constraint_contradiction_e4e5c0,0.6514779433697724,50421.64,50973.24,True,False
Emergent_contradiction_emerges_20ad0a,Emergent_constraint_contradiction_25659b,0.6591160125822417,50421.64,50973.58,True,False
Emergent_contradiction_emerges_20ad0a,Emergent_complexity_constraint_9f426d,0.6534292310976655,50421.64,50993.03,True,False
Emergent_contradiction_emerges_20ad0a,Emergent_identity_justice_875606,0.6601919805130451,50421.64,51032.83,True,False
Emergent_contradiction_emerges_20ad0a,Emergent_appears_asymmetry_8dba4c,0.6388769656698277,50421.64,51052.91,True,False
Emergent_contradiction_emerges_20ad0a,Emergent_beneficence_carefully_a8eeec,0.6542651268490958,50421.64,51132.18,True,False
Emergent_contradiction_emerges_20ad0a,Emergent_anticipation_carefully_73a81d,0.659881561627572,50421.64,51132.52,True,False
Emergent_contradiction_emerges_20ad0a,Emergent_autonomy_carefully_dedeae,0.6593856651276325,50421.64,51154.7,True,False
Emergent_contradiction_emerges_20ad0a,Emergent_autonomy_belief_revision_03bb63,0.6581750569176326,50421.64,51175.98,True,False
Emergent_contradiction_emerges_20ad0a,Emergent_bounded_cognition_444413,0.5806919041224415,50421.64,51317.2,True,False
Emergent_contradiction_emerges_20ad0a,Emergent_ambiguity_autonomy_b265b2,0.6570021572342222,50421.64,51338.9,True,False
Emergent_contradiction_emerges_20ad0a,Emergent_anticipation_bounded_305c6e,0.663989410606941,50421.64,51360.93,True,False
Emergent_contradiction_identity_dc441d,Emergent_beneficence_bounded_5bc638,0.6628927493559031,50421.98,50438.08,True,False
Emergent_contradiction_identity_dc441d,Emergent_autonomy_bounded_94d9e2,0.6631808900022187,50421.98,50471.83,True,False
Emergent_contradiction_identity_dc441d,Emergent_autonomy_beneficence_f6c1c5,0.6631808900022187,50421.98,50472.17,True,False
Emergent_contradiction_identity_dc441d,Emergent_autonomy_clarity_dc06c1,0.6631808343158708,50421.98,50491.32,True,False
Emergent_contradiction_identity_dc441d,Emergent_anticipation_bounded_2f7e1b,0.6631807547639454,50421.98,50509.06,True,False
Emergent_contradiction_identity_dc441d,Emergent_anticipation_autonomy_eda74a,0.6631806411183379,50421.98,50527.27,True,False
Emergent_contradiction_identity_dc441d,Emergent_anticipation_autonomy_a66f28,0.6631804787674697,50421.98,50545.43,True,False
Emergent_contradiction_identity_dc441d,Emergent_autonomy_carefully_2c09b0,0.6631804787674697,50421.98,50545.77,True,False
Emergent_contradiction_identity_dc441d,Emergent_appears_asymmetry_ecd8f7,0.663180626340769,50421.98,50582.35,True,False
Emergent_contradiction_identity_dc441d,Emergent_beneficence_bounded_21df32,0.663180153014623,50421.98,50618.38,True,False
Emergent_contradiction_identity_dc441d,Emergent_bounded_complexity_bc9326,0.6631793641377128,50421.98,50637.05,True,False
Emergent_contradiction_identity_dc441d,Emergent_bounded_carefully_f79645,0.6631770286459563,50421.98,50692.4,True,False
Emergent_contradiction_identity_dc441d,Emergent_clarity_complexity_e4a503,0.6631572757350467,50421.98,50712.01,True,False
Emergent_contradiction_identity_dc441d,Emergent_beneficence_clarity_9107ae,0.6631796441375349,50421.98,50749.3,True,False
Emergent_contradiction_identity_dc441d,Emergent_clarity_connection_47e953,0.6631796441375349,50421.98,50749.64,True,False
Emergent_contradiction_identity_dc441d,Emergent_autonomy_collective_b1eda1,0.6631801135115519,50421.98,50767.68,True,False
Emergent_contradiction_identity_dc441d,Emergent_bounded_coherence_7a6cb5,0.6631758759126445,50421.98,50787.59,True,False
Emergent_contradiction_identity_dc441d,Emergent_appears_asymmetry_955aa5,0.6631195714323829,50421.98,50806.58,True,False
Emergent_contradiction_identity_dc441d,Emergent_anticipation_autonomy_cd3792,0.6631846240455364,50421.98,50825.88,True,False
Emergent_contradiction_identity_dc441d,Emergent_autonomy_beneficence_994988,0.6631728945823906,50421.98,50848.99,True,False
Emergent_contradiction_identity_dc441d,Emergent_coherence_complexity_df52ba,0.662717076531006,50421.98,50896.23,True,False
Emergent_contradiction_identity_dc441d,Emergent_emergence_from_interaction_enforcing_c5a296,0.6632928281434703,50421.98,50952.55,True,False
Emergent_contradiction_identity_dc441d,Emergent_emergence_from_interaction_entropy_74edc9,0.6632926559499158,50421.98,50952.89,True,False
Emergent_contradiction_identity_dc441d,Emergent_constraint_contradiction_e4e5c0,0.6620894424202991,50421.98,50973.24,True,False
Emergent_contradiction_identity_dc441d,Emergent_constraint_contradiction_25659b,0.662097672959654,50421.98,50973.58,True,False
Emergent_contradiction_identity_dc441d,Emergent_complexity_constraint_9f426d,0.6636405789237433,50421.98,50993.03,True,False
Emergent_contradiction_identity_dc441d,Emergent_identity_justice_875606,0.6637413013597997,50421.98,51032.83,True,False
Emergent_contradiction_identity_dc441d,Emergent_appears_asymmetry_8dba4c,0.6585348722950353,50421.98,51052.91,True,False
Emergent_contradiction_identity_dc441d,Emergent_beneficence_carefully_a8eeec,0.6638469607330187,50421.98,51132.18,True,False
Emergent_contradiction_identity_dc441d,Emergent_anticipation_carefully_73a81d,0.6638469607330187,50421.98,51132.52,True,False
Emergent_contradiction_identity_dc441d,Emergent_autonomy_carefully_dedeae,0.6626363525230188,50421.98,51154.7,True,False
Emergent_contradiction_identity_dc441d,Emergent_autonomy_belief_revision_03bb63,0.6609069122230188,50421.98,51175.98,True,False
Emergent_contradiction_identity_dc441d,Emergent_bounded_cognition_444413,0.5516437002883152,50421.98,51317.2,True,False
Emergent_contradiction_identity_dc441d,Emergent_ambiguity_autonomy_b265b2,0.656031284965215,50421.98,51338.9,True,False
Emergent_contradiction_identity_dc441d,Emergent_anticipation_bounded_305c6e,0.6588251205054945,50421.98,51360.93,True,False
Emergent_beneficence_bounded_5bc638,Emergent_autonomy_bounded_94d9e2,0.6628929626622504,50438.08,50471.83,True,False
Emergent_beneficence_bounded_5bc638,Emergent_autonomy_beneficence_f6c1c5,0.6628929626622504,50438.08,50472.17,True,False
Emergent_beneficence_bounded_5bc638,Emergent_autonomy_clarity_dc06c1,0.6628929069759026,50438.08,50491.32,True,False
Emergent_beneficence_bounded_5bc638,Emergent_anticipation_bounded_2f7e1b,0.6628928274239771,50438.08,50509.06,True,False
Emergent_beneficence_bounded_5bc638,Emergent_anticipation_autonomy_eda74a,0.6628927137783696,50438.08,50527.27,True,False
Emergent_beneficence_bounded_5bc638,Emergent_anticipation_autonomy_a66f28,0.6628925514275015,50438.08,50545.43,True,False
Emergent_beneficence_bounded_5bc638,Emergent_autonomy_carefully_2c09b0,0.6628925514275015,50438.08,50545.77,True,False
Emergent_beneficence_bounded_5bc638,Emergent_appears_asymmetry_ecd8f7,0.6628927005119143,50438.08,50582.35,True,False
Emergent_beneficence_bounded_5bc638,Emergent_beneficence_bounded_21df32,0.6628922271857685,50438.08,50618.38,True,False
Emergent_beneficence_bounded_5bc638,Emergent_bounded_complexity_bc9326,0.6628914383088582,50438.08,50637.05,True,False
Emergent_beneficence_bounded_5bc638,Emergent_bounded_carefully_f79645,0.6628891029131696,50438.08,50692.4,True,False
Emergent_beneficence_bounded_5bc638,Emergent_clarity_complexity_e4a503,0.6628693292967571,50438.08,50712.01,True,False
Emergent_beneficence_bounded_5bc638,Emergent_beneficence_clarity_9107ae,0.6628917295292811,50438.08,50749.3,True,False
Emergent_beneficence_bounded_5bc638,Emergent_clarity_connection_47e953,0.6628917295292811,50438.08,50749.64,True,False
Emergent_beneficence_bounded_5bc638,Emergent_autonomy_collective_b1eda1,0.6628921989032981,50438.08,50767.68,True,False
Emergent_beneficence_bounded_5bc638,Emergent_bounded_coherence_7a6cb5,0.6628879615058074,50438.08,50787.59,True,False
Emergent_beneficence_bounded_5bc638,Emergent_appears_asymmetry_955aa5,0.6628315963213947,50438.08,50806.58,True,False
Emergent_beneficence_bounded_5bc638,Emergent_anticipation_autonomy_cd3792,0.6628967423025158,50438.08,50825.88,True,False
Emergent_beneficence_bounded_5bc638,Emergent_autonomy_beneficence_994988,0.66288501283937,50438.08,50848.99,True,False
Emergent_beneficence_bounded_5bc638,Emergent_coherence_complexity_df52ba,0.6624291350095921,50438.08,50896.23,True,False
Emergent_beneficence_bounded_5bc638,Emergent_emergence_from_interaction_enforcing_c5a296,0.6630052636299573,50438.08,50952.55,True,False
Emergent_beneficence_bounded_5bc638,Emergent_emergence_from_interaction_entropy_74edc9,0.6630050915981742,50438.08,50952.89,True,False
Emergent_beneficence_bounded_5bc638,Emergent_constraint_contradiction_e4e5c0,0.6618015733655498,50438.08,50973.24,True,False
Emergent_beneficence_bounded_5bc638,Emergent_constraint_contradiction_25659b,0.6618098008973674,50438.08,50973.58,True,False
Emergent_beneficence_bounded_5bc638,Emergent_complexity_constraint_9f426d,0.663353184128957,50438.08,50993.03,True,False
Emergent_beneficence_bounded_5bc638,Emergent_identity_justice_875606,0.6634548250444416,50438.08,51032.83,True,False
Emergent_beneficence_bounded_5bc638,Emergent_appears_asymmetry_8dba4c,0.6582472860396315,50438.08,51052.91,True,False
Emergent_beneficence_bounded_5bc638,Emergent_beneficence_carefully_a8eeec,0.6635610992864076,50438.08,51132.18,True,False
Emergent_beneficence_bounded_5bc638,Emergent_anticipation_carefully_73a81d,0.6635610992864076,50438.08,51132.52,True,False
Emergent_beneficence_bounded_5bc638,Emergent_autonomy_carefully_dedeae,0.6623504910764078,50438.08,51154.7,True,False
Emergent_beneficence_bounded_5bc638,Emergent_autonomy_belief_revision_03bb63,0.6606210507764076,50438.08,51175.98,True,False
Emergent_beneficence_bounded_5bc638,Emergent_bounded_cognition_444413,0.5512631180564578,50438.08,51317.2,True,False
Emergent_beneficence_bounded_5bc638,Emergent_ambiguity_autonomy_b265b2,0.655826966828273,50438.08,51338.9,True,False
Emergent_beneficence_bounded_5bc638,Emergent_anticipation_bounded_305c6e,0.6586204793438055,50438.08,51360.93,True,False
Emergent_autonomy_bounded_94d9e2,Emergent_autonomy_beneficence_f6c1c5,0.6597743909839642,50471.83,50472.17,True,False
Emergent_autonomy_bounded_94d9e2,Emergent_autonomy_clarity_dc06c1,0.6727036723560478,50471.83,50491.32,True,False
Emergent_autonomy_bounded_94d9e2,Emergent_anticipation_bounded_2f7e1b,0.6839193599484642,50471.83,50509.06,True,False
Emergent_autonomy_bounded_94d9e2,Emergent_anticipation_autonomy_eda74a,0.6483918614757963,50471.83,50527.27,True,False
Emergent_autonomy_bounded_94d9e2,Emergent_anticipation_autonomy_a66f28,0.6698186903027202,50471.83,50545.43,True,False
Emergent_autonomy_bounded_94d9e2,Emergent_autonomy_carefully_2c09b0,0.6698494826396452,50471.83,50545.77,True,False
Emergent_autonomy_bounded_94d9e2,Emergent_appears_asymmetry_ecd8f7,0.6760319738661966,50471.83,50582.35,True,False
Emergent_autonomy_bounded_94d9e2,Emergent_beneficence_bounded_21df32,0.6573555399231327,50471.83,50618.38,True,False
Emergent_autonomy_bounded_94d9e2,Emergent_bounded_complexity_bc9326,0.6401896662035782,50471.83,50637.05,True,False
Emergent_autonomy_bounded_94d9e2,Emergent_bounded_carefully_f79645,0.6566443561001757,50471.83,50692.4,True,False
Emergent_autonomy_bounded_94d9e2,Emergent_clarity_complexity_e4a503,0.6721426007190503,50471.83,50712.01,True,False
Emergent_autonomy_bounded_94d9e2,Emergent_beneficence_clarity_9107ae,0.6699856915394085,50471.83,50749.3,True,False
Emergent_autonomy_bounded_94d9e2,Emergent_clarity_connection_47e953,0.6550672752254219,50471.83,50749.64,True,False
Emergent_autonomy_bounded_94d9e2,Emergent_autonomy_collective_b1eda1,0.6584991135795918,50471.83,50767.68,True,False
Emergent_autonomy_bounded_94d9e2,Emergent_bounded_coherence_7a6cb5,0.6633234793239663,50471.83,50787.59,True,False
Emergent_autonomy_bounded_94d9e2,Emergent_appears_asymmetry_955aa5,0.6747632689587365,50471.83,50806.58,True,False
Emergent_autonomy_bounded_94d9e2,Emergent_anticipation_autonomy_cd3792,0.6463145261366556,50471.83,50825.88,True,False
Emergent_autonomy_bounded_94d9e2,Emergent_autonomy_beneficence_994988,0.68117484051547,50471.83,50848.99,True,False
Emergent_autonomy_bounded_94d9e2,Emergent_coherence_complexity_df52ba,0.6601407315528725,50471.83,50896.23,True,False
Emergent_autonomy_bounded_94d9e2,Emergent_emergence_from_interaction_enforcing_c5a296,0.6695765604444727,50471.83,50952.55,True,False
Emergent_autonomy_bounded_94d9e2,Emergent_emergence_from_interaction_entropy_74edc9,0.662789974045919,50471.83,50952.89,True,False
Emergent_autonomy_bounded_94d9e2,Emergent_constraint_contradiction_e4e5c0,0.6514779433697724,50471.83,50973.24,True,False
Emergent_autonomy_bounded_94d9e2,Emergent_constraint_contradiction_25659b,0.6834330063055558,50471.83,50973.58,True,False
Emergent_autonomy_bounded_94d9e2,Emergent_complexity_constraint_9f426d,0.6534292310976655,50471.83,50993.03,True,False
Emergent_autonomy_bounded_94d9e2,Emergent_identity_justice_875606,0.6688771701002029,50471.83,51032.83,True,False
Emergent_autonomy_bounded_94d9e2,Emergent_appears_asymmetry_8dba4c,0.6388769656698277,50471.83,51052.91,True,False
Emergent_autonomy_bounded_94d9e2,Emergent_beneficence_carefully_a8eeec,0.6542651268490958,50471.83,51132.18,True,False
Emergent_autonomy_bounded_94d9e2,Emergent_anticipation_carefully_73a81d,0.659881561627572,50471.83,51132.52,True,False
Emergent_autonomy_bounded_94d9e2,Emergent_autonomy_carefully_dedeae,0.6835841012912003,50471.83,51154.7,True,False
Emergent_autonomy_bounded_94d9e2,Emergent_autonomy_belief_revision_03bb63,0.658334853425681,50471.83,51175.98,True,False
Emergent_autonomy_bounded_94d9e2,Emergent_bounded_cognition_444413,0.6085948249515556,50471.83,51317.2,True,False
Emergent_autonomy_bounded_94d9e2,Emergent_ambiguity_autonomy_b265b2,0.6570021572342222,50471.83,51338.9,True,False
Emergent_autonomy_bounded_94d9e2,Emergent_anticipation_bounded_305c6e,0.663989410606941,50471.83,51360.93,True,False
Emergent_autonomy_beneficence_f6c1c5,Emergent_autonomy_clarity_dc06c1,0.6597744429578888,50472.17,50491.32,True,False
Emergent_autonomy_beneficence_f6c1c5,Emergent_anticipation_bounded_2f7e1b,0.659774387271541,50472.17,50509.06,True,False
Emergent_autonomy_beneficence_f6c1c5,Emergent_anticipation_autonomy_eda74a,0.6483918614757963,50472.17,50527.27,True,False
Emergent_autonomy_beneficence_f6c1c5,Emergent_anticipation_autonomy_a66f28,0.6597741940740078,50472.17,50545.43,True,False
Emergent_autonomy_beneficence_f6c1c5,Emergent_autonomy_carefully_2c09b0,0.6597741940740078,50472.17,50545.77,True,False
Emergent_autonomy_beneficence_f6c1c5,Emergent_appears_asymmetry_ecd8f7,0.6597742170159628,50472.17,50582.35,True,False
Emergent_autonomy_beneficence_f6c1c5,Emergent_beneficence_bounded_21df32,0.6573555399231327,50472.17,50618.38,True,False
Emergent_autonomy_beneficence_f6c1c5,Emergent_bounded_complexity_bc9326,0.6401896662035782,50472.17,50637.05,True,False
Emergent_autonomy_beneficence_f6c1c5,Emergent_bounded_carefully_f79645,0.6566443561001757,50472.17,50692.4,True,False
Emergent_autonomy_beneficence_f6c1c5,Emergent_clarity_complexity_e4a503,0.659758967579003,50472.17,50712.01,True,False
Emergent_autonomy_beneficence_f6c1c5,Emergent_beneficence_clarity_9107ae,0.6597729327745145,50472.17,50749.3,True,False
Emergent_autonomy_beneficence_f6c1c5,Emergent_clarity_connection_47e953,0.6550672752254219,50472.17,50749.64,True,False
Emergent_autonomy_beneficence_f6c1c5,Emergent_autonomy_collective_b1eda1,0.6584991135795918,50472.17,50767.68,True,False
Emergent_autonomy_beneficence_f6c1c5,Emergent_bounded_coherence_7a6cb5,0.6597702843059667,50472.17,50787.59,True,False
Emergent_autonomy_beneficence_f6c1c5,Emergent_appears_asymmetry_955aa5,0.6597340993496631,50472.17,50806.58,True,False
Emergent_autonomy_beneficence_f6c1c5,Emergent_anticipation_autonomy_cd3792,0.6463145261366556,50472.17,50825.88,True,False
Emergent_autonomy_beneficence_f6c1c5,Emergent_autonomy_beneficence_994988,0.6597664603490017,50472.17,50848.99,True,False
Emergent_autonomy_beneficence_f6c1c5,Emergent_coherence_complexity_df52ba,0.6594505666621338,50472.17,50896.23,True,False
Emergent_autonomy_beneficence_f6c1c5,Emergent_emergence_from_interaction_enforcing_c5a296,0.6598335439260095,50472.17,50952.55,True,False
Emergent_autonomy_beneficence_f6c1c5,Emergent_emergence_from_interaction_entropy_74edc9,0.6598334147876929,50472.17,50952.89,True,False
Emergent_autonomy_beneficence_f6c1c5,Emergent_constraint_contradiction_e4e5c0,0.6514779433697724,50472.17,50973.24,True,False
Emergent_autonomy_beneficence_f6c1c5,Emergent_constraint_contradiction_25659b,0.6590132904023321,50472.17,50973.58,True,False
Emergent_autonomy_beneficence_f6c1c5,Emergent_complexity_constraint_9f426d,0.6534292310976655,50472.17,50993.03,True,False
Emergent_autonomy_beneficence_f6c1c5,Emergent_identity_justice_875606,0.6600896059983283,50472.17,51032.83,True,False
Emergent_autonomy_beneficence_f6c1c5,Emergent_appears_asymmetry_8dba4c,0.6388769656698277,50472.17,51052.91,True,False
Emergent_autonomy_beneficence_f6c1c5,Emergent_beneficence_carefully_a8eeec,0.6542651268490958,50472.17,51132.18,True,False
Emergent_autonomy_beneficence_f6c1c5,Emergent_anticipation_carefully_73a81d,0.659881561627572,50472.17,51132.52,True,False
Emergent_autonomy_beneficence_f6c1c5,Emergent_autonomy_carefully_dedeae,0.6592834437699513,50472.17,51154.7,True,False
Emergent_autonomy_beneficence_f6c1c5,Emergent_autonomy_belief_revision_03bb63,0.6580728355599512,50472.17,51175.98,True,False
Emergent_autonomy_beneficence_f6c1c5,Emergent_bounded_cognition_444413,0.5805564772027101,50472.17,51317.2,True,False
Emergent_autonomy_beneficence_f6c1c5,Emergent_ambiguity_autonomy_b265b2,0.6570021572342222,50472.17,51338.9,True,False
Emergent_autonomy_beneficence_f6c1c5,Emergent_anticipation_bounded_305c6e,0.663989410606941,50472.17,51360.93,True,False
Emergent_autonomy_clarity_dc06c1,Emergent_anticipation_bounded_2f7e1b,0.6727036166697001,50491.32,50509.06,True,False
Emergent_autonomy_clarity_dc06c1,Emergent_anticipation_autonomy_eda74a,0.6483918614757963,50491.32,50527.27,True,False
Emergent_autonomy_clarity_dc06c1,Emergent_anticipation_autonomy_a66f28,0.6698186903027202,50491.32,50545.43,True,False
Emergent_autonomy_clarity_dc06c1,Emergent_autonomy_carefully_2c09b0,0.6698494826396452,50491.32,50545.77,True,False
Emergent_autonomy_clarity_dc06c1,Emergent_appears_asymmetry_ecd8f7,0.6727033990442901,50491.32,50582.35,True,False
Emergent_autonomy_clarity_dc06c1,Emergent_beneficence_bounded_21df32,0.6573555399231327,50491.32,50618.38,True,False
Emergent_autonomy_clarity_dc06c1,Emergent_bounded_complexity_bc9326,0.6401896662035782,50491.32,50637.05,True,False
Emergent_autonomy_clarity_dc06c1,Emergent_bounded_carefully_f79645,0.6566443561001757,50491.32,50692.4,True,False
Emergent_autonomy_clarity_dc06c1,Emergent_clarity_complexity_e4a503,0.6721426007190503,50491.32,50712.01,True,False
Emergent_autonomy_clarity_dc06c1,Emergent_beneficence_clarity_9107ae,0.6699856915394085,50491.32,50749.3,True,False
Emergent_autonomy_clarity_dc06c1,Emergent_clarity_connection_47e953,0.6550672752254219,50491.32,50749.64,True,False
Emergent_autonomy_clarity_dc06c1,Emergent_autonomy_collective_b1eda1,0.6584991135795918,50491.32,50767.68,True,False
Emergent_autonomy_clarity_dc06c1,Emergent_bounded_coherence_7a6cb5,0.6633234793239663,50491.32,50787.59,True,False
Emergent_autonomy_clarity_dc06c1,Emergent_appears_asymmetry_955aa5,0.672664826256163,50491.32,50806.58,True,False
Emergent_autonomy_clarity_dc06c1,Emergent_anticipation_autonomy_cd3792,0.6463145261366556,50491.32,50825.88,True,False
Emergent_autonomy_clarity_dc06c1,Emergent_autonomy_beneficence_994988,0.6726942603908348,50491.32,50848.99,True,False
Emergent_autonomy_clarity_dc06c1,Emergent_coherence_complexity_df52ba,0.6601407315528725,50491.32,50896.23,True,False
Emergent_autonomy_clarity_dc06c1,Emergent_emergence_from_interaction_enforcing_c5a296,0.6695765604444727,50491.32,50952.55,True,False
Emergent_autonomy_clarity_dc06c1,Emergent_emergence_from_interaction_entropy_74edc9,0.662789974045919,50491.32,50952.89,True,False
Emergent_autonomy_clarity_dc06c1,Emergent_constraint_contradiction_e4e5c0,0.6514779433697724,50491.32,50973.24,True,False
Emergent_autonomy_clarity_dc06c1,Emergent_constraint_contradiction_25659b,0.6719407869760904,50491.32,50973.58,True,False
Emergent_autonomy_clarity_dc06c1,Emergent_complexity_constraint_9f426d,0.6534292310976655,50491.32,50993.03,True,False
Emergent_autonomy_clarity_dc06c1,Emergent_identity_justice_875606,0.6688771701002029,50491.32,51032.83,True,False
Emergent_autonomy_clarity_dc06c1,Emergent_appears_asymmetry_8dba4c,0.6388769656698277,50491.32,51052.91,True,False
Emergent_autonomy_clarity_dc06c1,Emergent_beneficence_carefully_a8eeec,0.6542651268490958,50491.32,51132.18,True,False
Emergent_autonomy_clarity_dc06c1,Emergent_anticipation_carefully_73a81d,0.659881561627572,50491.32,51132.52,True,False
Emergent_autonomy_clarity_dc06c1,Emergent_autonomy_carefully_dedeae,0.6721479123039421,50491.32,51154.7,True,False
Emergent_autonomy_clarity_dc06c1,Emergent_autonomy_belief_revision_03bb63,0.658334853425681,50491.32,51175.98,True,False
Emergent_autonomy_clarity_dc06c1,Emergent_bounded_cognition_444413,0.5975998367026925,50491.32,51317.2,True,False
Emergent_autonomy_clarity_dc06c1,Emergent_ambiguity_autonomy_b265b2,0.6570021572342222,50491.32,51338.9,True,False
Emergent_autonomy_clarity_dc06c1,Emergent_anticipation_bounded_305c6e,0.663989410606941,50491.32,51360.93,True,False
Emergent_anticipation_bounded_2f7e1b,Emergent_anticipation_autonomy_eda74a,0.6483918614757963,50509.06,50527.27,True,False
Emergent_anticipation_bounded_2f7e1b,Emergent_anticipation_autonomy_a66f28,0.6698186903027202,50509.06,50545.43,True,False
Emergent_anticipation_bounded_2f7e1b,Emergent_autonomy_carefully_2c09b0,0.6698494826396452,50509.06,50545.77,True,False
Emergent_anticipation_bounded_2f7e1b,Emergent_appears_asymmetry_ecd8f7,0.6760319738661966,50509.06,50582.35,True,False
Emergent_anticipation_bounded_2f7e1b,Emergent_beneficence_bounded_21df32,0.6573555399231327,50509.06,50618.38,True,False
Emergent_anticipation_bounded_2f7e1b,Emergent_bounded_complexity_bc9326,0.6401896662035782,50509.06,50637.05,True,False
Emergent_anticipation_bounded_2f7e1b,Emergent_bounded_carefully_f79645,0.6566443561001757,50509.06,50692.4,True,False
Emergent_anticipation_bounded_2f7e1b,Emergent_clarity_complexity_e4a503,0.6721426007190503,50509.06,50712.01,True,False
Emergent_anticipation_bounded_2f7e1b,Emergent_beneficence_clarity_9107ae,0.6699856915394085,50509.06,50749.3,True,False
Emergent_anticipation_bounded_2f7e1b,Emergent_clarity_connection_47e953,0.6550672752254219,50509.06,50749.64,True,False
Emergent_anticipation_bounded_2f7e1b,Emergent_autonomy_collective_b1eda1,0.6584991135795918,50509.06,50767.68,True,False
Emergent_anticipation_bounded_2f7e1b,Emergent_bounded_coherence_7a6cb5,0.6633234793239663,50509.06,50787.59,True,False
Emergent_anticipation_bounded_2f7e1b,Emergent_appears_asymmetry_955aa5,0.6747632689587365,50509.06,50806.58,True,False
Emergent_anticipation_bounded_2f7e1b,Emergent_anticipation_autonomy_cd3792,0.6463145261366556,50509.06,50825.88,True,False
Emergent_anticipation_bounded_2f7e1b,Emergent_autonomy_beneficence_994988,0.68117484051547,50509.06,50848.99,True,False
Emergent_anticipation_bounded_2f7e1b,Emergent_coherence_complexity_df52ba,0.6601407315528725,50509.06,50896.23,True,False
Emergent_anticipation_bounded_2f7e1b,Emergent_emergence_from_interaction_enforcing_c5a296,0.6695765604444727,50509.06,50952.55,True,False
Emergent_anticipation_bounded_2f7e1b,Emergent_emergence_from_interaction_entropy_74edc9,0.662789974045919,50509.06,50952.89,True,False
Emergent_anticipation_bounded_2f7e1b,Emergent_constraint_contradiction_e4e5c0,0.6514779433697724,50509.06,50973.24,True,False
Emergent_anticipation_bounded_2f7e1b,Emergent_constraint_contradiction_25659b,0.6831550270783673,50509.06,50973.58,True,False
Emergent_anticipation_bounded_2f7e1b,Emergent_complexity_constraint_9f426d,0.6534292310976655,50509.06,50993.03,True,False
Emergent_anticipation_bounded_2f7e1b,Emergent_identity_justice_875606,0.6688771701002029,50509.06,51032.83,True,False
Emergent_anticipation_bounded_2f7e1b,Emergent_appears_asymmetry_8dba4c,0.6388769656698277,50509.06,51052.91,True,False
Emergent_anticipation_bounded_2f7e1b,Emergent_beneficence_carefully_a8eeec,0.6542651268490958,50509.06,51132.18,True,False
Emergent_anticipation_bounded_2f7e1b,Emergent_anticipation_carefully_73a81d,0.659881561627572,50509.06,51132.52,True,False
Emergent_anticipation_bounded_2f7e1b,Emergent_autonomy_carefully_dedeae,0.6833074773523838,50509.06,51154.7,True,False
Emergent_anticipation_bounded_2f7e1b,Emergent_autonomy_belief_revision_03bb63,0.658334853425681,50509.06,51175.98,True,False
Emergent_anticipation_bounded_2f7e1b,Emergent_bounded_cognition_444413,0.6085948249515556,50509.06,51317.2,True,False
Emergent_anticipation_bounded_2f7e1b,Emergent_ambiguity_autonomy_b265b2,0.6570021572342222,50509.06,51338.9,True,False
Emergent_anticipation_bounded_2f7e1b,Emergent_anticipation_bounded_305c6e,0.663989410606941,50509.06,51360.93,True,False
Emergent_anticipation_autonomy_eda74a,Emergent_anticipation_autonomy_a66f28,0.6483917478301885,50527.27,50545.43,True,False
Emergent_anticipation_autonomy_eda74a,Emergent_autonomy_carefully_2c09b0,0.6483917478301885,50527.27,50545.77,True,False
Emergent_anticipation_autonomy_eda74a,Emergent_appears_asymmetry_ecd8f7,0.6483918124749043,50527.27,50582.35,True,False
Emergent_anticipation_autonomy_eda74a,Emergent_beneficence_bounded_21df32,0.6483914811466021,50527.27,50618.38,True,False
Emergent_anticipation_autonomy_eda74a,Emergent_bounded_complexity_bc9326,0.6401896662035782,50527.27,50637.05,True,False
Emergent_anticipation_autonomy_eda74a,Emergent_bounded_carefully_f79645,0.64838929163097,50527.27,50692.4,True,False
Emergent_anticipation_autonomy_eda74a,Emergent_clarity_complexity_e4a503,0.6483759942717344,50527.27,50712.01,True,False
Emergent_anticipation_autonomy_eda74a,Emergent_beneficence_clarity_9107ae,0.6483908378925299,50527.27,50749.3,True,False
Emergent_anticipation_autonomy_eda74a,Emergent_clarity_connection_47e953,0.6483908378925299,50527.27,50749.64,True,False
Emergent_anticipation_autonomy_eda74a,Emergent_autonomy_collective_b1eda1,0.6483911664543418,50527.27,50767.68,True,False
Emergent_anticipation_autonomy_eda74a,Emergent_bounded_coherence_7a6cb5,0.6483881949825566,50527.27,50787.59,True,False
Emergent_anticipation_autonomy_eda74a,Emergent_appears_asymmetry_955aa5,0.6483503347513104,50527.27,50806.58,True,False
Emergent_anticipation_autonomy_eda74a,Emergent_anticipation_autonomy_cd3792,0.6463145261366556,50527.27,50825.88,True,False
Emergent_anticipation_autonomy_eda74a,Emergent_autonomy_beneficence_994988,0.6483852724610397,50527.27,50848.99,True,False
Emergent_anticipation_autonomy_eda74a,Emergent_coherence_complexity_df52ba,0.6480677290477092,50527.27,50896.23,True,False
Emergent_anticipation_autonomy_eda74a,Emergent_emergence_from_interaction_enforcing_c5a296,0.6484611107382783,50527.27,50952.55,True,False
Emergent_anticipation_autonomy_eda74a,Emergent_emergence_from_interaction_entropy_74edc9,0.6484609860644288,50527.27,50952.89,True,False
Emergent_anticipation_autonomy_eda74a,Emergent_constraint_contradiction_e4e5c0,0.6476265313622143,50527.27,50973.24,True,False
Emergent_anticipation_autonomy_eda74a,Emergent_constraint_contradiction_25659b,0.6476323696771642,50527.27,50973.58,True,False
Emergent_anticipation_autonomy_eda74a,Emergent_complexity_constraint_9f426d,0.6487001946201173,50527.27,50993.03,True,False
Emergent_anticipation_autonomy_eda74a,Emergent_identity_justice_875606,0.6487472042181803,50527.27,51032.83,True,False
Emergent_anticipation_autonomy_eda74a,Emergent_appears_asymmetry_8dba4c,0.6388769656698277,50527.27,51052.91,True,False
Emergent_anticipation_autonomy_eda74a,Emergent_beneficence_carefully_a8eeec,0.648805436497385,50527.27,51132.18,True,False
Emergent_anticipation_autonomy_eda74a,Emergent_anticipation_carefully_73a81d,0.648805436497385,50527.27,51132.52,True,False
Emergent_anticipation_autonomy_eda74a,Emergent_autonomy_carefully_dedeae,0.647958010750385,50527.27,51154.7,True,False
Emergent_anticipation_autonomy_eda74a,Emergent_autonomy_belief_revision_03bb63,0.646747402540385,50527.27,51175.98,True,False
Emergent_anticipation_autonomy_eda74a,Emergent_bounded_cognition_444413,0.5655520931556408,50527.27,51317.2,True,False
Emergent_anticipation_autonomy_eda74a,Emergent_ambiguity_autonomy_b265b2,0.6570021572342222,50527.27,51338.9,True,False
Emergent_anticipation_autonomy_eda74a,Emergent_anticipation_bounded_305c6e,0.663989410606941,50527.27,51360.93,True,False
Emergent_anticipation_autonomy_a66f28,Emergent_autonomy_carefully_2c09b0,0.669818311484028,50545.43,50545.77,True,False
Emergent_anticipation_autonomy_a66f28,Emergent_appears_asymmetry_ecd8f7,0.6698186764438666,50545.43,50582.35,True,False
Emergent_anticipation_autonomy_a66f28,Emergent_beneficence_bounded_21df32,0.6573555399231327,50545.43,50618.38,True,False
Emergent_anticipation_autonomy_a66f28,Emergent_bounded_complexity_bc9326,0.6401896662035782,50545.43,50637.05,True,False
Emergent_anticipation_autonomy_a66f28,Emergent_bounded_carefully_f79645,0.6566443561001757,50545.43,50692.4,True,False
Emergent_anticipation_autonomy_a66f28,Emergent_clarity_complexity_e4a503,0.6698039289174741,50545.43,50712.01,True,False
Emergent_anticipation_autonomy_a66f28,Emergent_beneficence_clarity_9107ae,0.6698171189422305,50545.43,50749.3,True,False
Emergent_anticipation_autonomy_a66f28,Emergent_clarity_connection_47e953,0.6550672752254219,50545.43,50749.64,True,False
Emergent_anticipation_autonomy_a66f28,Emergent_autonomy_collective_b1eda1,0.6584991135795918,50545.43,50767.68,True,False
Emergent_anticipation_autonomy_a66f28,Emergent_bounded_coherence_7a6cb5,0.6633234793239663,50545.43,50787.59,True,False
Emergent_anticipation_autonomy_a66f28,Emergent_appears_asymmetry_955aa5,0.669779758966882,50545.43,50806.58,True,False
Emergent_anticipation_autonomy_a66f28,Emergent_anticipation_autonomy_cd3792,0.6463145261366556,50545.43,50825.88,True,False
Emergent_anticipation_autonomy_a66f28,Emergent_autonomy_beneficence_994988,0.6698098461353369,50545.43,50848.99,True,False
Emergent_anticipation_autonomy_a66f28,Emergent_coherence_complexity_df52ba,0.6601407315528725,50545.43,50896.23,True,False
Emergent_anticipation_autonomy_a66f28,Emergent_emergence_from_interaction_enforcing_c5a296,0.6695765604444727,50545.43,50952.55,True,False
Emergent_anticipation_autonomy_a66f28,Emergent_emergence_from_interaction_entropy_74edc9,0.662789974045919,50545.43,50952.89,True,False
Emergent_anticipation_autonomy_a66f28,Emergent_constraint_contradiction_e4e5c0,0.6514779433697724,50545.43,50973.24,True,False
Emergent_anticipation_autonomy_a66f28,Emergent_constraint_contradiction_25659b,0.6690564404295329,50545.43,50973.58,True,False
Emergent_anticipation_autonomy_a66f28,Emergent_complexity_constraint_9f426d,0.6534292310976655,50545.43,50993.03,True,False
Emergent_anticipation_autonomy_a66f28,Emergent_identity_justice_875606,0.6688771701002029,50545.43,51032.83,True,False
Emergent_anticipation_autonomy_a66f28,Emergent_appears_asymmetry_8dba4c,0.6388769656698277,50545.43,51052.91,True,False
Emergent_anticipation_autonomy_a66f28,Emergent_beneficence_carefully_a8eeec,0.6542651268490958,50545.43,51132.18,True,False
Emergent_anticipation_autonomy_a66f28,Emergent_anticipation_carefully_73a81d,0.659881561627572,50545.43,51132.52,True,False
Emergent_anticipation_autonomy_a66f28,Emergent_autonomy_carefully_dedeae,0.6692776283957155,50545.43,51154.7,True,False
Emergent_anticipation_autonomy_a66f28,Emergent_autonomy_belief_revision_03bb63,0.658334853425681,50545.43,51175.98,True,False
Emergent_anticipation_autonomy_a66f28,Emergent_bounded_cognition_444413,0.5937971704374156,50545.43,51317.2,True,False
Emergent_anticipation_autonomy_a66f28,Emergent_ambiguity_autonomy_b265b2,0.6570021572342222,50545.43,51338.9,True,False
Emergent_anticipation_autonomy_a66f28,Emergent_anticipation_bounded_305c6e,0.663989410606941,50545.43,51360.93,True,False
Emergent_autonomy_carefully_2c09b0,Emergent_appears_asymmetry_ecd8f7,0.6698494686679752,50545.77,50582.35,True,False
Emergent_autonomy_carefully_2c09b0,Emergent_beneficence_bounded_21df32,0.6573555399231327,50545.77,50618.38,True,False
Emergent_autonomy_carefully_2c09b0,Emergent_bounded_complexity_bc9326,0.6401896662035782,50545.77,50637.05,True,False
Emergent_autonomy_carefully_2c09b0,Emergent_bounded_carefully_f79645,0.6566443561001757,50545.77,50692.4,True,False
Emergent_autonomy_carefully_2c09b0,Emergent_clarity_complexity_e4a503,0.6698347226802364,50545.77,50712.01,True,False
Emergent_autonomy_carefully_2c09b0,Emergent_beneficence_clarity_9107ae,0.6698479103286347,50545.77,50749.3,True,False
Emergent_autonomy_carefully_2c09b0,Emergent_clarity_connection_47e953,0.6550672752254219,50545.77,50749.64,True,False
Emergent_autonomy_carefully_2c09b0,Emergent_autonomy_collective_b1eda1,0.6584991135795918,50545.77,50767.68,True,False
Emergent_autonomy_carefully_2c09b0,Emergent_bounded_coherence_7a6cb5,0.6633234793239663,50545.77,50787.59,True,False
Emergent_autonomy_carefully_2c09b0,Emergent_appears_asymmetry_955aa5,0.6698105548702827,50545.77,50806.58,True,False
Emergent_autonomy_carefully_2c09b0,Emergent_anticipation_autonomy_cd3792,0.6463145261366556,50545.77,50825.88,True,False
Emergent_autonomy_carefully_2c09b0,Emergent_autonomy_beneficence_994988,0.6698406350680978,50545.77,50848.99,True,False
Emergent_autonomy_carefully_2c09b0,Emergent_coherence_complexity_df52ba,0.6601407315528725,50545.77,50896.23,True,False
Emergent_autonomy_carefully_2c09b0,Emergent_emergence_from_interaction_enforcing_c5a296,0.6695765604444727,50545.77,50952.55,True,False
Emergent_autonomy_carefully_2c09b0,Emergent_emergence_from_interaction_entropy_74edc9,0.662789974045919,50545.77,50952.89,True,False
Emergent_autonomy_carefully_2c09b0,Emergent_constraint_contradiction_e4e5c0,0.6514779433697724,50545.77,50973.24,True,False
Emergent_autonomy_carefully_2c09b0,Emergent_constraint_contradiction_25659b,0.6690872286395521,50545.77,50973.58,True,False
Emergent_autonomy_carefully_2c09b0,Emergent_complexity_constraint_9f426d,0.6534292310976655,50545.77,50993.03,True,False
Emergent_autonomy_carefully_2c09b0,Emergent_identity_justice_875606,0.6688771701002029,50545.77,51032.83,True,False
Emergent_autonomy_carefully_2c09b0,Emergent_appears_asymmetry_8dba4c,0.6388769656698277,50545.77,51052.91,True,False
Emergent_autonomy_carefully_2c09b0,Emergent_beneficence_carefully_a8eeec,0.6542651268490958,50545.77,51132.18,True,False
Emergent_autonomy_carefully_2c09b0,Emergent_anticipation_carefully_73a81d,0.659881561627572,50545.77,51132.52,True,False
Emergent_autonomy_carefully_2c09b0,Emergent_autonomy_carefully_dedeae,0.6693082664977447,50545.77,51154.7,True,False
Emergent_autonomy_carefully_2c09b0,Emergent_autonomy_belief_revision_03bb63,0.658334853425681,50545.77,51175.98,True,False
Emergent_autonomy_carefully_2c09b0,Emergent_bounded_cognition_444413,0.5938377610133809,50545.77,51317.2,True,False
Emergent_autonomy_carefully_2c09b0,Emergent_ambiguity_autonomy_b265b2,0.6570021572342222,50545.77,51338.9,True,False
Emergent_autonomy_carefully_2c09b0,Emergent_anticipation_bounded_305c6e,0.663989410606941,50545.77,51360.93,True,False
Emergent_appears_asymmetry_ecd8f7,Emergent_beneficence_bounded_21df32,0.6573555399231327,50582.35,50618.38,True,False
Emergent_appears_asymmetry_ecd8f7,Emergent_bounded_complexity_bc9326,0.6401896662035782,50582.35,50637.05,True,False
Emergent_appears_asymmetry_ecd8f7,Emergent_bounded_carefully_f79645,0.6566443561001757,50582.35,50692.4,True,False
Emergent_appears_asymmetry_ecd8f7,Emergent_clarity_complexity_e4a503,0.6721426007190503,50582.35,50712.01,True,False
Emergent_appears_asymmetry_ecd8f7,Emergent_beneficence_clarity_9107ae,0.6699856915394085,50582.35,50749.3,True,False
Emergent_appears_asymmetry_ecd8f7,Emergent_clarity_connection_47e953,0.6550672752254219,50582.35,50749.64,True,False
Emergent_appears_asymmetry_ecd8f7,Emergent_autonomy_collective_b1eda1,0.6584991135795918,50582.35,50767.68,True,False
Emergent_appears_asymmetry_ecd8f7,Emergent_bounded_coherence_7a6cb5,0.6633234793239663,50582.35,50787.59,True,False
Emergent_appears_asymmetry_ecd8f7,Emergent_appears_asymmetry_955aa5,0.6747632689587365,50582.35,50806.58,True,False
Emergent_appears_asymmetry_ecd8f7,Emergent_anticipation_autonomy_cd3792,0.6463145261366556,50582.35,50825.88,True,False
Emergent_appears_asymmetry_ecd8f7,Emergent_autonomy_beneficence_994988,0.6760224794249241,50582.35,50848.99,True,False
Emergent_appears_asymmetry_ecd8f7,Emergent_coherence_complexity_df52ba,0.6601407315528725,50582.35,50896.23,True,False
Emergent_appears_asymmetry_ecd8f7,Emergent_emergence_from_interaction_enforcing_c5a296,0.6695765604444727,50582.35,50952.55,True,False
Emergent_appears_asymmetry_ecd8f7,Emergent_emergence_from_interaction_entropy_74edc9,0.662789974045919,50582.35,50952.89,True,False
Emergent_appears_asymmetry_ecd8f7,Emergent_constraint_contradiction_e4e5c0,0.6514779433697724,50582.35,50973.24,True,False
Emergent_appears_asymmetry_ecd8f7,Emergent_constraint_contradiction_25659b,0.6752689278833351,50582.35,50973.58,True,False
Emergent_appears_asymmetry_ecd8f7,Emergent_complexity_constraint_9f426d,0.6534292310976655,50582.35,50993.03,True,False
Emergent_appears_asymmetry_ecd8f7,Emergent_identity_justice_875606,0.6688771701002029,50582.35,51032.83,True,False
Emergent_appears_asymmetry_ecd8f7,Emergent_appears_asymmetry_8dba4c,0.6388769656698277,50582.35,51052.91,True,False
Emergent_appears_asymmetry_ecd8f7,Emergent_beneficence_carefully_a8eeec,0.6542651268490958,50582.35,51132.18,True,False
Emergent_appears_asymmetry_ecd8f7,Emergent_anticipation_carefully_73a81d,0.659881561627572,50582.35,51132.52,True,False
Emergent_appears_asymmetry_ecd8f7,Emergent_autonomy_carefully_dedeae,0.6754598268524132,50582.35,51154.7,True,False
Emergent_appears_asymmetry_ecd8f7,Emergent_autonomy_belief_revision_03bb63,0.658334853425681,50582.35,51175.98,True,False
Emergent_appears_asymmetry_ecd8f7,Emergent_bounded_cognition_444413,0.6019875928026566,50582.35,51317.2,True,False
Emergent_appears_asymmetry_ecd8f7,Emergent_ambiguity_autonomy_b265b2,0.6570021572342222,50582.35,51338.9,True,False
Emergent_appears_asymmetry_ecd8f7,Emergent_anticipation_bounded_305c6e,0.663989410606941,50582.35,51360.93,True,False
Emergent_beneficence_bounded_21df32,Emergent_bounded_complexity_bc9326,0.6401896662035782,50618.38,50637.05,True,False
Emergent_beneficence_bounded_21df32,Emergent_bounded_carefully_f79645,0.6566443561001757,50618.38,50692.4,True,False
Emergent_beneficence_bounded_21df32,Emergent_clarity_complexity_e4a503,0.6573405009724026,50618.38,50712.01,True,False
Emergent_beneficence_bounded_21df32,Emergent_beneficence_clarity_9107ae,0.6573546528012444,50618.38,50749.3,True,False
Emergent_beneficence_bounded_21df32,Emergent_clarity_connection_47e953,0.6550672752254219,50618.38,50749.64,True,False
Emergent_beneficence_bounded_21df32,Emergent_autonomy_collective_b1eda1,0.6573549813630561,50618.38,50767.68,True,False
Emergent_beneficence_bounded_21df32,Emergent_bounded_coherence_7a6cb5,0.6573520055136908,50618.38,50787.59,True,False
Emergent_beneficence_bounded_21df32,Emergent_appears_asymmetry_955aa5,0.6573154646225716,50618.38,50806.58,True,False
Emergent_beneficence_bounded_21df32,Emergent_anticipation_autonomy_cd3792,0.6463145261366556,50618.38,50825.88,True,False
Emergent_beneficence_bounded_21df32,Emergent_autonomy_beneficence_994988,0.6573483730788765,50618.38,50848.99,True,False
Emergent_beneficence_bounded_21df32,Emergent_coherence_complexity_df52ba,0.6570321288853131,50618.38,50896.23,True,False
Emergent_beneficence_bounded_21df32,Emergent_emergence_from_interaction_enforcing_c5a296,0.6574173167103348,50618.38,50952.55,True,False
Emergent_beneficence_bounded_21df32,Emergent_emergence_from_interaction_entropy_74edc9,0.6574171885205545,50618.38,50952.89,True,False
Emergent_beneficence_bounded_21df32,Emergent_constraint_contradiction_e4e5c0,0.6514779433697724,50618.38,50973.24,True,False
Emergent_beneficence_bounded_21df32,Emergent_constraint_contradiction_25659b,0.6565952598945555,50618.38,50973.58,True,False
Emergent_beneficence_bounded_21df32,Emergent_complexity_constraint_9f426d,0.6534292310976655,50618.38,50993.03,True,False
Emergent_beneficence_bounded_21df32,Emergent_identity_justice_875606,0.6576797593612975,50618.38,51032.83,True,False
Emergent_beneficence_bounded_21df32,Emergent_appears_asymmetry_8dba4c,0.6388769656698277,50618.38,51052.91,True,False
Emergent_beneficence_bounded_21df32,Emergent_beneficence_carefully_a8eeec,0.6542651268490958,50618.38,51132.18,True,False
Emergent_beneficence_bounded_21df32,Emergent_anticipation_carefully_73a81d,0.6577246281225679,50618.38,51132.52,True,False
Emergent_beneficence_bounded_21df32,Emergent_autonomy_carefully_dedeae,0.6568772023755679,50618.38,51154.7,True,False
Emergent_beneficence_bounded_21df32,Emergent_autonomy_belief_revision_03bb63,0.6556665941655679,50618.38,51175.98,True,False
Emergent_beneficence_bounded_21df32,Emergent_bounded_cognition_444413,0.5773685929135259,50618.38,51317.2,True,False
Emergent_beneficence_bounded_21df32,Emergent_ambiguity_autonomy_b265b2,0.6570021572342222,50618.38,51338.9,True,False
Emergent_beneficence_bounded_21df32,Emergent_anticipation_bounded_305c6e,0.663989410606941,50618.38,51360.93,True,False
Emergent_bounded_complexity_bc9326,Emergent_bounded_carefully_f79645,0.6401880308120458,50637.05,50692.4,True,False
Emergent_bounded_complexity_bc9326,Emergent_clarity_complexity_e4a503,0.6401743217344881,50637.05,50712.01,True,False
Emergent_bounded_complexity_bc9326,Emergent_beneficence_clarity_9107ae,0.6401897982792424,50637.05,50749.3,True,False
Emergent_bounded_complexity_bc9326,Emergent_clarity_connection_47e953,0.6401897982792424,50637.05,50749.64,True,False
Emergent_bounded_complexity_bc9326,Emergent_autonomy_collective_b1eda1,0.6401901268410543,50637.05,50767.68,True,False
Emergent_bounded_complexity_bc9326,Emergent_bounded_coherence_7a6cb5,0.6401871593743393,50637.05,50787.59,True,False
Emergent_bounded_complexity_bc9326,Emergent_appears_asymmetry_955aa5,0.6401480920721356,50637.05,50806.58,True,False
Emergent_bounded_complexity_bc9326,Emergent_anticipation_autonomy_cd3792,0.6401930969802919,50637.05,50825.88,True,False
Emergent_bounded_complexity_bc9326,Emergent_autonomy_beneficence_994988,0.6401848863560899,50637.05,50848.99,True,False
Emergent_bounded_complexity_bc9326,Emergent_coherence_complexity_df52ba,0.639866154280021,50637.05,50896.23,True,False
Emergent_bounded_complexity_bc9326,Emergent_emergence_from_interaction_enforcing_c5a296,0.6402670325796371,50637.05,50952.55,True,False
Emergent_bounded_complexity_bc9326,Emergent_emergence_from_interaction_entropy_74edc9,0.6402669111225303,50637.05,50952.89,True,False
Emergent_bounded_complexity_bc9326,Emergent_constraint_contradiction_e4e5c0,0.6394263975570373,50637.05,50973.24,True,False
Emergent_bounded_complexity_bc9326,Emergent_constraint_contradiction_25659b,0.6394321760686468,50637.05,50973.58,True,False
Emergent_bounded_complexity_bc9326,Emergent_complexity_constraint_9f426d,0.6405094912314455,50637.05,50993.03,True,False
Emergent_bounded_complexity_bc9326,Emergent_identity_justice_875606,0.6405747643225996,50637.05,51032.83,True,False
Emergent_bounded_complexity_bc9326,Emergent_appears_asymmetry_8dba4c,0.6369365873501553,50637.05,51052.91,True,False
Emergent_bounded_complexity_bc9326,Emergent_beneficence_carefully_a8eeec,0.6406452229519763,50637.05,51132.18,True,False
Emergent_bounded_complexity_bc9326,Emergent_anticipation_carefully_73a81d,0.6406452229519763,50637.05,51132.52,True,False
Emergent_bounded_complexity_bc9326,Emergent_autonomy_carefully_dedeae,0.6397977972049763,50637.05,51154.7,True,False
Emergent_bounded_complexity_bc9326,Emergent_autonomy_belief_revision_03bb63,0.6385871889949764,50637.05,51175.98,True,False
Emergent_bounded_complexity_bc9326,Emergent_bounded_cognition_444413,0.5547411177404067,50637.05,51317.2,True,False
Emergent_bounded_complexity_bc9326,Emergent_ambiguity_autonomy_b265b2,0.6570021572342222,50637.05,51338.9,True,False
Emergent_bounded_complexity_bc9326,Emergent_anticipation_bounded_305c6e,0.6604906189249491,50637.05,51360.93,True,False
Emergent_bounded_carefully_f79645,Emergent_clarity_complexity_e4a503,0.6566312199591547,50692.4,50712.01,True,False
Emergent_bounded_carefully_f79645,Emergent_beneficence_clarity_9107ae,0.6566456797048987,50692.4,50749.3,True,False
Emergent_bounded_carefully_f79645,Emergent_clarity_connection_47e953,0.6550672752254219,50692.4,50749.64,True,False
Emergent_bounded_carefully_f79645,Emergent_autonomy_collective_b1eda1,0.6566460082667106,50692.4,50767.68,True,False
Emergent_bounded_carefully_f79645,Emergent_bounded_coherence_7a6cb5,0.6566430327635804,50692.4,50787.59,True,False
Emergent_bounded_carefully_f79645,Emergent_appears_asymmetry_955aa5,0.6566063875221745,50692.4,50806.58,True,False
Emergent_bounded_carefully_f79645,Emergent_anticipation_autonomy_cd3792,0.6463145261366556,50692.4,50825.88,True,False
Emergent_bounded_carefully_f79645,Emergent_autonomy_beneficence_994988,0.6566394564777867,50692.4,50848.99,True,False
Emergent_bounded_carefully_f79645,Emergent_coherence_complexity_df52ba,0.6563231095253119,50692.4,50896.23,True,False
Emergent_bounded_carefully_f79645,Emergent_emergence_from_interaction_enforcing_c5a296,0.6567089454259898,50692.4,50952.55,True,False
Emergent_bounded_carefully_f79645,Emergent_emergence_from_interaction_entropy_74edc9,0.6567088175142942,50692.4,50952.89,True,False
Emergent_bounded_carefully_f79645,Emergent_constraint_contradiction_e4e5c0,0.6514779433697724,50692.4,50973.24,True,False
Emergent_bounded_carefully_f79645,Emergent_constraint_contradiction_25659b,0.655886359934623,50692.4,50973.58,True,False
Emergent_bounded_carefully_f79645,Emergent_complexity_constraint_9f426d,0.6534292310976655,50692.4,50993.03,True,False
Emergent_bounded_carefully_f79645,Emergent_identity_justice_875606,0.6569732586869099,50692.4,51032.83,True,False
Emergent_bounded_carefully_f79645,Emergent_appears_asymmetry_8dba4c,0.6388769656698277,50692.4,51052.91,True,False
Emergent_bounded_carefully_f79645,Emergent_beneficence_carefully_a8eeec,0.6542651268490958,50692.4,51132.18,True,False
Emergent_bounded_carefully_f79645,Emergent_anticipation_carefully_73a81d,0.6570191844060473,50692.4,51132.52,True,False
Emergent_bounded_carefully_f79645,Emergent_autonomy_carefully_dedeae,0.6561717586590474,50692.4,51154.7,True,False
Emergent_bounded_carefully_f79645,Emergent_autonomy_belief_revision_03bb63,0.6549611504490473,50692.4,51175.98,True,False
Emergent_bounded_carefully_f79645,Emergent_bounded_cognition_444413,0.5764339930242344,50692.4,51317.2,True,False
Emergent_bounded_carefully_f79645,Emergent_ambiguity_autonomy_b265b2,0.6570021572342222,50692.4,51338.9,True,False
Emergent_bounded_carefully_f79645,Emergent_anticipation_bounded_305c6e,0.663989410606941,50692.4,51360.93,True,False
Emergent_clarity_complexity_e4a503,Emergent_beneficence_clarity_9107ae,0.6699847732031647,50712.01,50749.3,True,False
Emergent_clarity_complexity_e4a503,Emergent_clarity_connection_47e953,0.6550663568891782,50712.01,50749.64,True,False
Emergent_clarity_complexity_e4a503,Emergent_autonomy_collective_b1eda1,0.6584981952433482,50712.01,50767.68,True,False
Emergent_clarity_complexity_e4a503,Emergent_bounded_coherence_7a6cb5,0.6633234793239663,50712.01,50787.59,True,False
Emergent_clarity_complexity_e4a503,Emergent_appears_asymmetry_955aa5,0.6721185933419876,50712.01,50806.58,True,False
Emergent_clarity_complexity_e4a503,Emergent_anticipation_autonomy_cd3792,0.6463145261366556,50712.01,50825.88,True,False
Emergent_clarity_complexity_e4a503,Emergent_autonomy_beneficence_994988,0.6721481511162528,50712.01,50848.99,True,False
Emergent_clarity_complexity_e4a503,Emergent_coherence_complexity_df52ba,0.6601407315528725,50712.01,50896.23,True,False
Emergent_clarity_complexity_e4a503,Emergent_emergence_from_interaction_enforcing_c5a296,0.6695765604444727,50712.01,50952.55,True,False
Emergent_clarity_complexity_e4a503,Emergent_emergence_from_interaction_entropy_74edc9,0.662789974045919,50712.01,50952.89,True,False
Emergent_clarity_complexity_e4a503,Emergent_constraint_contradiction_e4e5c0,0.6514779433697724,50712.01,50973.24,True,False
Emergent_clarity_complexity_e4a503,Emergent_constraint_contradiction_25659b,0.6713946905209154,50712.01,50973.58,True,False
Emergent_clarity_complexity_e4a503,Emergent_complexity_constraint_9f426d,0.6534292310976655,50712.01,50993.03,True,False
Emergent_clarity_complexity_e4a503,Emergent_identity_justice_875606,0.6688771701002029,50712.01,51032.83,True,False
Emergent_clarity_complexity_e4a503,Emergent_appears_asymmetry_8dba4c,0.6388769656698277,50712.01,51052.91,True,False
Emergent_clarity_complexity_e4a503,Emergent_beneficence_carefully_a8eeec,0.6542651268490958,50712.01,51132.18,True,False
Emergent_clarity_complexity_e4a503,Emergent_anticipation_carefully_73a81d,0.659881561627572,50712.01,51132.52,True,False
Emergent_clarity_complexity_e4a503,Emergent_autonomy_carefully_dedeae,0.6716044783433109,50712.01,51154.7,True,False
Emergent_clarity_complexity_e4a503,Emergent_autonomy_belief_revision_03bb63,0.658334853425681,50712.01,51175.98,True,False
Emergent_clarity_complexity_e4a503,Emergent_bounded_cognition_444413,0.5968798737807061,50712.01,51317.2,True,False
Emergent_clarity_complexity_e4a503,Emergent_ambiguity_autonomy_b265b2,0.6570021572342222,50712.01,51338.9,True,False
Emergent_clarity_complexity_e4a503,Emergent_anticipation_bounded_305c6e,0.663989410606941,50712.01,51360.93,True,False
Emergent_beneficence_clarity_9107ae,Emergent_clarity_connection_47e953,0.6550603754273736,50749.3,50749.64,True,False
Emergent_beneficence_clarity_9107ae,Emergent_autonomy_collective_b1eda1,0.6584922137815437,50749.3,50767.68,True,False
Emergent_beneficence_clarity_9107ae,Emergent_bounded_coherence_7a6cb5,0.6633234793239663,50749.3,50787.59,True,False
Emergent_beneficence_clarity_9107ae,Emergent_appears_asymmetry_955aa5,0.6699483562931128,50749.3,50806.58,True,False
Emergent_beneficence_clarity_9107ae,Emergent_anticipation_autonomy_cd3792,0.6463145261366556,50749.3,50825.88,True,False
Emergent_beneficence_clarity_9107ae,Emergent_autonomy_beneficence_994988,0.6699784052996328,50749.3,50848.99,True,False
Emergent_beneficence_clarity_9107ae,Emergent_coherence_complexity_df52ba,0.6601407315528725,50749.3,50896.23,True,False
Emergent_beneficence_clarity_9107ae,Emergent_emergence_from_interaction_enforcing_c5a296,0.6695765604444727,50749.3,50952.55,True,False
Emergent_beneficence_clarity_9107ae,Emergent_emergence_from_interaction_entropy_74edc9,0.662789974045919,50749.3,50952.89,True,False
Emergent_beneficence_clarity_9107ae,Emergent_constraint_contradiction_e4e5c0,0.6514779433697724,50749.3,50973.24,True,False
Emergent_beneficence_clarity_9107ae,Emergent_constraint_contradiction_25659b,0.6692249956370593,50749.3,50973.58,True,False
Emergent_beneficence_clarity_9107ae,Emergent_complexity_constraint_9f426d,0.6534292310976655,50749.3,50993.03,True,False
Emergent_beneficence_clarity_9107ae,Emergent_identity_justice_875606,0.6688771701002029,50749.3,51032.83,True,False
Emergent_beneficence_clarity_9107ae,Emergent_appears_asymmetry_8dba4c,0.6388769656698277,50749.3,51052.91,True,False
Emergent_beneficence_clarity_9107ae,Emergent_beneficence_carefully_a8eeec,0.6542651268490958,50749.3,51132.18,True,False
Emergent_beneficence_clarity_9107ae,Emergent_anticipation_carefully_73a81d,0.659881561627572,50749.3,51132.52,True,False
Emergent_beneficence_clarity_9107ae,Emergent_autonomy_carefully_dedeae,0.6694453618119334,50749.3,51154.7,True,False
Emergent_beneficence_clarity_9107ae,Emergent_autonomy_belief_revision_03bb63,0.658334853425681,50749.3,51175.98,True,False
Emergent_beneficence_clarity_9107ae,Emergent_bounded_cognition_444413,0.5940193903375391,50749.3,51317.2,True,False
Emergent_beneficence_clarity_9107ae,Emergent_ambiguity_autonomy_b265b2,0.6570021572342222,50749.3,51338.9,True,False
Emergent_beneficence_clarity_9107ae,Emergent_anticipation_bounded_305c6e,0.663989410606941,50749.3,51360.93,True,False
Emergent_clarity_connection_47e953,Emergent_autonomy_collective_b1eda1,0.6550607039891855,50749.64,50767.68,True,False
Emergent_clarity_connection_47e953,Emergent_bounded_coherence_7a6cb5,0.655064629054935,50749.64,50787.59,True,False
Emergent_clarity_connection_47e953,Emergent_appears_asymmetry_955aa5,0.6550277514958844,50749.64,50806.58,True,False
Emergent_clarity_connection_47e953,Emergent_anticipation_autonomy_cd3792,0.6463145261366556,50749.64,50825.88,True,False
Emergent_clarity_connection_47e953,Emergent_autonomy_beneficence_994988,0.6550611777751059,50749.64,50848.99,True,False
Emergent_clarity_connection_47e953,Emergent_coherence_complexity_df52ba,0.6547446020479051,50749.64,50896.23,True,False
Emergent_clarity_connection_47e953,Emergent_emergence_from_interaction_enforcing_c5a296,0.6551318807755728,50749.64,50952.55,True,False
Emergent_clarity_connection_47e953,Emergent_emergence_from_interaction_entropy_74edc9,0.6551317534829845,50749.64,50952.89,True,False
Emergent_clarity_connection_47e953,Emergent_constraint_contradiction_e4e5c0,0.6514779433697724,50749.64,50973.24,True,False
Emergent_clarity_connection_47e953,Emergent_constraint_contradiction_25659b,0.654308118280566,50749.64,50973.58,True,False
Emergent_clarity_connection_47e953,Emergent_complexity_constraint_9f426d,0.6534292310976655,50749.64,50993.03,True,False
Emergent_clarity_connection_47e953,Emergent_identity_justice_875606,0.6554003586220766,50749.64,51032.83,True,False
Emergent_clarity_connection_47e953,Emergent_appears_asymmetry_8dba4c,0.6388769656698277,50749.64,51052.91,True,False
Emergent_clarity_connection_47e953,Emergent_beneficence_carefully_a8eeec,0.6542651268490958,50749.64,51132.18,True,False
Emergent_clarity_connection_47e953,Emergent_anticipation_carefully_73a81d,0.6554486374728643,50749.64,51132.52,True,False
Emergent_clarity_connection_47e953,Emergent_autonomy_carefully_dedeae,0.6546012117258644,50749.64,51154.7,True,False
Emergent_clarity_connection_47e953,Emergent_autonomy_belief_revision_03bb63,0.6533906035158643,50749.64,51175.98,True,False
Emergent_clarity_connection_47e953,Emergent_bounded_cognition_444413,0.5743532699906236,50749.64,51317.2,True,False
Emergent_clarity_connection_47e953,Emergent_ambiguity_autonomy_b265b2,0.6570021572342222,50749.64,51338.9,True,False
Emergent_clarity_connection_47e953,Emergent_anticipation_bounded_305c6e,0.663989410606941,50749.64,51360.93,True,False
Emergent_autonomy_collective_b1eda1,Emergent_bounded_coherence_7a6cb5,0.6584961371714766,50767.68,50787.59,True,False
Emergent_autonomy_collective_b1eda1,Emergent_appears_asymmetry_955aa5,0.658459764679589,50767.68,50806.58,True,False
Emergent_autonomy_collective_b1eda1,Emergent_anticipation_autonomy_cd3792,0.6463145261366556,50767.68,50825.88,True,False
Emergent_autonomy_collective_b1eda1,Emergent_autonomy_beneficence_994988,0.6584924141240511,50767.68,50848.99,True,False
Emergent_autonomy_collective_b1eda1,Emergent_coherence_complexity_df52ba,0.6581763357615771,50767.68,50896.23,True,False
Emergent_autonomy_collective_b1eda1,Emergent_emergence_from_interaction_enforcing_c5a296,0.6585604777299354,50767.68,50952.55,True,False
Emergent_autonomy_collective_b1eda1,Emergent_emergence_from_interaction_entropy_74edc9,0.6585603490913854,50767.68,50952.89,True,False
Emergent_autonomy_collective_b1eda1,Emergent_constraint_contradiction_e4e5c0,0.6514779433697724,50767.68,50973.24,True,False
Emergent_autonomy_collective_b1eda1,Emergent_constraint_contradiction_25659b,0.657739274084431,50767.68,50973.58,True,False
Emergent_autonomy_collective_b1eda1,Emergent_complexity_constraint_9f426d,0.6534292310976655,50767.68,50993.03,True,False
Emergent_autonomy_collective_b1eda1,Emergent_identity_justice_875606,0.6588199016131512,50767.68,51032.83,True,False
Emergent_autonomy_collective_b1eda1,Emergent_appears_asymmetry_8dba4c,0.6388769656698277,50767.68,51052.91,True,False
Emergent_autonomy_collective_b1eda1,Emergent_beneficence_carefully_a8eeec,0.6542651268490958,50767.68,51132.18,True,False
Emergent_autonomy_collective_b1eda1,Emergent_anticipation_carefully_73a81d,0.6588630646685864,50767.68,51132.52,True,False
Emergent_autonomy_collective_b1eda1,Emergent_autonomy_carefully_dedeae,0.6580156389215863,50767.68,51154.7,True,False
Emergent_autonomy_collective_b1eda1,Emergent_autonomy_belief_revision_03bb63,0.6568050307115865,50767.68,51175.98,True,False
Emergent_autonomy_collective_b1eda1,Emergent_bounded_cognition_444413,0.5788768389223249,50767.68,51317.2,True,False
Emergent_autonomy_collective_b1eda1,Emergent_ambiguity_autonomy_b265b2,0.6570021572342222,50767.68,51338.9,True,False
Emergent_autonomy_collective_b1eda1,Emergent_anticipation_bounded_305c6e,0.663989410606941,50767.68,51360.93,True,False
Emergent_bounded_coherence_7a6cb5,Emergent_appears_asymmetry_955aa5,0.6632872756069945,50787.59,50806.58,True,False
Emergent_bounded_coherence_7a6cb5,Emergent_anticipation_autonomy_cd3792,0.6463145261366556,50787.59,50825.88,True,False
Emergent_bounded_coherence_7a6cb5,Emergent_autonomy_beneficence_994988,0.6633193739620805,50787.59,50848.99,True,False
Emergent_bounded_coherence_7a6cb5,Emergent_coherence_complexity_df52ba,0.6601407315528725,50787.59,50896.23,True,False
Emergent_bounded_coherence_7a6cb5,Emergent_emergence_from_interaction_enforcing_c5a296,0.6633837245472481,50787.59,50952.55,True,False
Emergent_bounded_coherence_7a6cb5,Emergent_emergence_from_interaction_entropy_74edc9,0.662789974045919,50787.59,50952.89,True,False
Emergent_bounded_coherence_7a6cb5,Emergent_constraint_contradiction_e4e5c0,0.6514779433697724,50787.59,50973.24,True,False
Emergent_bounded_coherence_7a6cb5,Emergent_constraint_contradiction_25659b,0.6625661206140703,50787.59,50973.58,True,False
Emergent_bounded_coherence_7a6cb5,Emergent_complexity_constraint_9f426d,0.6534292310976655,50787.59,50993.03,True,False
Emergent_bounded_coherence_7a6cb5,Emergent_identity_justice_875606,0.6636304115879031,50787.59,51032.83,True,False
Emergent_bounded_coherence_7a6cb5,Emergent_appears_asymmetry_8dba4c,0.6388769656698277,50787.59,51052.91,True,False
Emergent_bounded_coherence_7a6cb5,Emergent_beneficence_carefully_a8eeec,0.6542651268490958,50787.59,51132.18,True,False
Emergent_bounded_coherence_7a6cb5,Emergent_anticipation_carefully_73a81d,0.659881561627572,50787.59,51132.52,True,False
Emergent_bounded_coherence_7a6cb5,Emergent_autonomy_carefully_dedeae,0.6628189521496863,50787.59,51154.7,True,False
Emergent_bounded_coherence_7a6cb5,Emergent_autonomy_belief_revision_03bb63,0.658334853425681,50787.59,51175.98,True,False
Emergent_bounded_coherence_7a6cb5,Emergent_bounded_cognition_444413,0.5852404593020726,50787.59,51317.2,True,False
Emergent_bounded_coherence_7a6cb5,Emergent_ambiguity_autonomy_b265b2,0.6570021572342222,50787.59,51338.9,True,False
Emergent_bounded_coherence_7a6cb5,Emergent_anticipation_bounded_305c6e,0.663989410606941,50787.59,51360.93,True,False
Emergent_appears_asymmetry_955aa5,Emergent_anticipation_autonomy_cd3792,0.6463140050888614,50806.58,50825.88,True,False
Emergent_appears_asymmetry_955aa5,Emergent_autonomy_beneficence_994988,0.6747922281117738,50806.58,50848.99,True,False
Emergent_appears_asymmetry_955aa5,Emergent_coherence_complexity_df52ba,0.6601407315528725,50806.58,50896.23,True,False
Emergent_appears_asymmetry_955aa5,Emergent_emergence_from_interaction_enforcing_c5a296,0.6695765604444727,50806.58,50952.55,True,False
Emergent_appears_asymmetry_955aa5,Emergent_emergence_from_interaction_entropy_74edc9,0.662789974045919,50806.58,50952.89,True,False
Emergent_appears_asymmetry_955aa5,Emergent_constraint_contradiction_e4e5c0,0.6514779433697724,50806.58,50973.24,True,False
Emergent_appears_asymmetry_955aa5,Emergent_constraint_contradiction_25659b,0.6740387054491894,50806.58,50973.58,True,False
Emergent_appears_asymmetry_955aa5,Emergent_complexity_constraint_9f426d,0.6534292310976655,50806.58,50993.03,True,False
Emergent_appears_asymmetry_955aa5,Emergent_identity_justice_875606,0.6688771701002029,50806.58,51032.83,True,False
Emergent_appears_asymmetry_955aa5,Emergent_appears_asymmetry_8dba4c,0.6388769656698277,50806.58,51052.91,True,False
Emergent_appears_asymmetry_955aa5,Emergent_beneficence_carefully_a8eeec,0.6542651268490958,50806.58,51132.18,True,False
Emergent_appears_asymmetry_955aa5,Emergent_anticipation_carefully_73a81d,0.659881561627572,50806.58,51132.52,True,False
Emergent_appears_asymmetry_955aa5,Emergent_autonomy_carefully_dedeae,0.6742356023706211,50806.58,51154.7,True,False
Emergent_appears_asymmetry_955aa5,Emergent_autonomy_belief_revision_03bb63,0.658334853425681,50806.58,51175.98,True,False
Emergent_appears_asymmetry_955aa5,Emergent_bounded_cognition_444413,0.6003656915249839,50806.58,51317.2,True,False
Emergent_appears_asymmetry_955aa5,Emergent_ambiguity_autonomy_b265b2,0.6570021572342222,50806.58,51338.9,True,False
Emergent_appears_asymmetry_955aa5,Emergent_anticipation_bounded_305c6e,0.663989410606941,50806.58,51360.93,True,False
Emergent_anticipation_autonomy_cd3792,Emergent_autonomy_beneficence_994988,0.6463063155124535,50825.88,50848.99,True,False
Emergent_anticipation_autonomy_cd3792,Emergent_coherence_complexity_df52ba,0.6459884707500614,50825.88,50896.23,True,False
Emergent_anticipation_autonomy_cd3792,Emergent_emergence_from_interaction_enforcing_c5a296,0.646383752976443,50825.88,50952.55,True,False
Emergent_anticipation_autonomy_cd3792,Emergent_emergence_from_interaction_entropy_74edc9,0.6463836291181001,50825.88,50952.89,True,False
Emergent_anticipation_autonomy_cd3792,Emergent_constraint_contradiction_e4e5c0,0.6455476383765147,50825.88,50973.24,True,False
Emergent_anticipation_autonomy_cd3792,Emergent_constraint_contradiction_25659b,0.6455534615301578,50825.88,50973.58,True,False
Emergent_anticipation_autonomy_cd3792,Emergent_complexity_constraint_9f426d,0.646623692427933,50825.88,50993.03,True,False
Emergent_anticipation_autonomy_cd3792,Emergent_identity_justice_875606,0.6466753321757696,50825.88,51032.83,True,False
Emergent_anticipation_autonomy_cd3792,Emergent_appears_asymmetry_8dba4c,0.6388769656698277,50825.88,51052.91,True,False
Emergent_anticipation_autonomy_cd3792,Emergent_beneficence_carefully_a8eeec,0.6467366640719094,50825.88,51132.18,True,False
Emergent_anticipation_autonomy_cd3792,Emergent_anticipation_carefully_73a81d,0.6467366640719094,50825.88,51132.52,True,False
Emergent_anticipation_autonomy_cd3792,Emergent_autonomy_carefully_dedeae,0.6458892383249094,50825.88,51154.7,True,False
Emergent_anticipation_autonomy_cd3792,Emergent_autonomy_belief_revision_03bb63,0.6446786301149093,50825.88,51175.98,True,False
Emergent_anticipation_autonomy_cd3792,Emergent_bounded_cognition_444413,0.5628113011767208,50825.88,51317.2,True,False
Emergent_anticipation_autonomy_cd3792,Emergent_ambiguity_autonomy_b265b2,0.6570021572342222,50825.88,51338.9,True,False
Emergent_anticipation_autonomy_cd3792,Emergent_anticipation_bounded_305c6e,0.663989410606941,50825.88,51360.93,True,False
Emergent_autonomy_beneficence_994988,Emergent_coherence_complexity_df52ba,0.6601407315528725,50848.99,50896.23,True,False
Emergent_autonomy_beneficence_994988,Emergent_emergence_from_interaction_enforcing_c5a296,0.6695765604444727,50848.99,50952.55,True,False
Emergent_autonomy_beneficence_994988,Emergent_emergence_from_interaction_entropy_74edc9,0.662789974045919,50848.99,50952.89,True,False
Emergent_autonomy_beneficence_994988,Emergent_constraint_contradiction_e4e5c0,0.6514779433697724,50848.99,50973.24,True,False
Emergent_autonomy_beneficence_994988,Emergent_constraint_contradiction_25659b,0.6804211680269994,50848.99,50973.58,True,False
Emergent_autonomy_beneficence_994988,Emergent_complexity_constraint_9f426d,0.6534292310976655,50848.99,50993.03,True,False
Emergent_autonomy_beneficence_994988,Emergent_identity_justice_875606,0.6688771701002029,50848.99,51032.83,True,False
Emergent_autonomy_beneficence_994988,Emergent_appears_asymmetry_8dba4c,0.6388769656698277,50848.99,51052.91,True,False
Emergent_autonomy_beneficence_994988,Emergent_beneficence_carefully_a8eeec,0.6542651268490958,50848.99,51132.18,True,False
Emergent_autonomy_beneficence_994988,Emergent_anticipation_carefully_73a81d,0.659881561627572,50848.99,51132.52,True,False
Emergent_autonomy_beneficence_994988,Emergent_autonomy_carefully_dedeae,0.680586947237212,50848.99,51154.7,True,False
Emergent_autonomy_beneficence_994988,Emergent_autonomy_belief_revision_03bb63,0.658334853425681,50848.99,51175.98,True,False
Emergent_autonomy_beneficence_994988,Emergent_bounded_cognition_444413,0.6085948249515556,50848.99,51317.2,True,False
Emergent_autonomy_beneficence_994988,Emergent_ambiguity_autonomy_b265b2,0.6570021572342222,50848.99,51338.9,True,False
Emergent_autonomy_beneficence_994988,Emergent_anticipation_bounded_305c6e,0.663989410606941,50848.99,51360.93,True,False
Emergent_coherence_complexity_df52ba,Emergent_emergence_from_interaction_enforcing_c5a296,0.6605230779749267,50896.23,50952.55,True,False
Emergent_coherence_complexity_df52ba,Emergent_emergence_from_interaction_entropy_74edc9,0.6605229485659204,50896.23,50952.89,True,False
Emergent_coherence_complexity_df52ba,Emergent_constraint_contradiction_e4e5c0,0.6514779433697724,50896.23,50973.24,True,False
Emergent_coherence_complexity_df52ba,Emergent_constraint_contradiction_25659b,0.6597033390681268,50896.23,50973.58,True,False
Emergent_coherence_complexity_df52ba,Emergent_complexity_constraint_9f426d,0.6534292310976655,50896.23,50993.03,True,False
Emergent_coherence_complexity_df52ba,Emergent_identity_justice_875606,0.6607773191811457,50896.23,51032.83,True,False
Emergent_coherence_complexity_df52ba,Emergent_appears_asymmetry_8dba4c,0.6388769656698277,50896.23,51052.91,True,False
Emergent_coherence_complexity_df52ba,Emergent_beneficence_carefully_a8eeec,0.6542651268490958,50896.23,51132.18,True,False
Emergent_coherence_complexity_df52ba,Emergent_anticipation_carefully_73a81d,0.659881561627572,50896.23,51132.52,True,False
Emergent_coherence_complexity_df52ba,Emergent_autonomy_carefully_dedeae,0.6599701281018624,50896.23,51154.7,True,False
Emergent_coherence_complexity_df52ba,Emergent_autonomy_belief_revision_03bb63,0.658334853425681,50896.23,51175.98,True,False
Emergent_coherence_complexity_df52ba,Emergent_bounded_cognition_444413,0.5814662239132599,50896.23,51317.2,True,False
Emergent_coherence_complexity_df52ba,Emergent_ambiguity_autonomy_b265b2,0.6570021572342222,50896.23,51338.9,True,False
Emergent_coherence_complexity_df52ba,Emergent_anticipation_bounded_305c6e,0.663989410606941,50896.23,51360.93,True,False
Emergent_emergence_from_interaction_enforcing_c5a296,Emergent_emergence_from_interaction_entropy_74edc9,0.6626673612488628,50952.55,50952.89,True,False
Emergent_emergence_from_interaction_enforcing_c5a296,Emergent_constraint_contradiction_e4e5c0,0.6514501049014011,50952.55,50973.24,True,False
Emergent_emergence_from_interaction_enforcing_c5a296,Emergent_constraint_contradiction_25659b,0.6687342444750313,50952.55,50973.58,True,False
Emergent_emergence_from_interaction_enforcing_c5a296,Emergent_complexity_constraint_9f426d,0.6534292310976655,50952.55,50993.03,True,False
Emergent_emergence_from_interaction_enforcing_c5a296,Emergent_identity_justice_875606,0.6688771701002029,50952.55,51032.83,True,False
Emergent_emergence_from_interaction_enforcing_c5a296,Emergent_appears_asymmetry_8dba4c,0.6388769656698277,50952.55,51052.91,True,False
Emergent_emergence_from_interaction_enforcing_c5a296,Emergent_beneficence_carefully_a8eeec,0.6542651268490958,50952.55,51132.18,True,False
Emergent_emergence_from_interaction_enforcing_c5a296,Emergent_anticipation_carefully_73a81d,0.659881561627572,50952.55,51132.52,True,False
Emergent_emergence_from_interaction_enforcing_c5a296,Emergent_autonomy_carefully_dedeae,0.668986194198718,50952.55,51154.7,True,False
Emergent_emergence_from_interaction_enforcing_c5a296,Emergent_autonomy_belief_revision_03bb63,0.658334853425681,50952.55,51175.98,True,False
Emergent_emergence_from_interaction_enforcing_c5a296,Emergent_bounded_cognition_444413,0.5934110668236604,50952.55,51317.2,True,False
Emergent_emergence_from_interaction_enforcing_c5a296,Emergent_ambiguity_autonomy_b265b2,0.6570021572342222,50952.55,51338.9,True,False
Emergent_emergence_from_interaction_enforcing_c5a296,Emergent_anticipation_bounded_305c6e,0.663989410606941,50952.55,51360.93,True,False
Emergent_emergence_from_interaction_entropy_74edc9,Emergent_constraint_contradiction_e4e5c0,0.6514496842858054,50952.89,50973.24,True,False
Emergent_emergence_from_interaction_entropy_74edc9,Emergent_constraint_contradiction_25659b,0.6619428768972105,50952.89,50973.58,True,False
Emergent_emergence_from_interaction_entropy_74edc9,Emergent_complexity_constraint_9f426d,0.6534292310976655,50952.89,50993.03,True,False
Emergent_emergence_from_interaction_entropy_74edc9,Emergent_identity_justice_875606,0.6630383589700674,50952.89,51032.83,True,False
Emergent_emergence_from_interaction_entropy_74edc9,Emergent_appears_asymmetry_8dba4c,0.6388769656698277,50952.89,51052.91,True,False
Emergent_emergence_from_interaction_entropy_74edc9,Emergent_beneficence_carefully_a8eeec,0.6542651268490958,50952.89,51132.18,True,False
Emergent_emergence_from_interaction_entropy_74edc9,Emergent_anticipation_carefully_73a81d,0.659881561627572,50952.89,51132.52,True,False
Emergent_emergence_from_interaction_entropy_74edc9,Emergent_autonomy_carefully_dedeae,0.6622277852701023,50952.89,51154.7,True,False
Emergent_emergence_from_interaction_entropy_74edc9,Emergent_autonomy_belief_revision_03bb63,0.658334853425681,50952.89,51175.98,True,False
Emergent_emergence_from_interaction_entropy_74edc9,Emergent_bounded_cognition_444413,0.5844572579108444,50952.89,51317.2,True,False
Emergent_emergence_from_interaction_entropy_74edc9,Emergent_ambiguity_autonomy_b265b2,0.6570021572342222,50952.89,51338.9,True,False
Emergent_emergence_from_interaction_entropy_74edc9,Emergent_anticipation_bounded_305c6e,0.663989410606941,50952.89,51360.93,True,False
Emergent_constraint_contradiction_e4e5c0,Emergent_constraint_contradiction_25659b,0.6513440860378983,50973.24,50973.58,True,False
Emergent_constraint_contradiction_e4e5c0,Emergent_complexity_constraint_9f426d,0.6524025697024871,50973.24,50993.03,True,False
Emergent_constraint_contradiction_e4e5c0,Emergent_identity_justice_875606,0.6525856090409183,50973.24,51032.83,True,False
Emergent_constraint_contradiction_e4e5c0,Emergent_appears_asymmetry_8dba4c,0.6388769656698277,50973.24,51052.91,True,False
Emergent_constraint_contradiction_e4e5c0,Emergent_beneficence_carefully_a8eeec,0.6526380988879896,50973.24,51132.18,True,False
Emergent_constraint_contradiction_e4e5c0,Emergent_anticipation_carefully_73a81d,0.6526380988879896,50973.24,51132.52,True,False
Emergent_constraint_contradiction_e4e5c0,Emergent_autonomy_carefully_dedeae,0.6517906731409895,50973.24,51154.7,True,False
Emergent_constraint_contradiction_e4e5c0,Emergent_autonomy_belief_revision_03bb63,0.6505800649309896,50973.24,51175.98,True,False
Emergent_constraint_contradiction_e4e5c0,Emergent_bounded_cognition_444413,0.5706297567056382,50973.24,51317.2,True,False
Emergent_constraint_contradiction_e4e5c0,Emergent_ambiguity_autonomy_b265b2,0.6570021572342222,50973.24,51338.9,True,False
Emergent_constraint_contradiction_e4e5c0,Emergent_anticipation_bounded_305c6e,0.663989410606941,50973.24,51360.93,True,False
Emergent_constraint_contradiction_25659b,Emergent_complexity_constraint_9f426d,0.6532963583178404,50973.58,50993.03,True,False
Emergent_constraint_contradiction_25659b,Emergent_identity_justice_875606,0.6688771701002029,50973.58,51032.83,True,False
Emergent_constraint_contradiction_25659b,Emergent_appears_asymmetry_8dba4c,0.6388769656698277,50973.58,51052.91,True,False
Emergent_constraint_contradiction_25659b,Emergent_beneficence_carefully_a8eeec,0.6542651268490958,50973.58,51132.18,True,False
Emergent_constraint_contradiction_25659b,Emergent_anticipation_carefully_73a81d,0.659881561627572,50973.58,51132.52,True,False
Emergent_constraint_contradiction_25659b,Emergent_autonomy_carefully_dedeae,0.6878099199739831,50973.58,51154.7,True,False
Emergent_constraint_contradiction_25659b,Emergent_autonomy_belief_revision_03bb63,0.658334853425681,50973.58,51175.98,True,False
Emergent_constraint_contradiction_25659b,Emergent_bounded_cognition_444413,0.6085948249515556,50973.58,51317.2,True,False
Emergent_constraint_contradiction_25659b,Emergent_ambiguity_autonomy_b265b2,0.6570021572342222,50973.58,51338.9,True,False
Emergent_constraint_contradiction_25659b,Emergent_anticipation_bounded_305c6e,0.663989410606941,50973.58,51360.93,True,False
Emergent_complexity_constraint_9f426d,Emergent_identity_justice_875606,0.6534656959694777,50993.03,51032.83,True,False
Emergent_complexity_constraint_9f426d,Emergent_appears_asymmetry_8dba4c,0.6388769656698277,50993.03,51052.91,True,False
Emergent_complexity_constraint_9f426d,Emergent_beneficence_carefully_a8eeec,0.6535168691655722,50993.03,51132.18,True,False
Emergent_complexity_constraint_9f426d,Emergent_anticipation_carefully_73a81d,0.6535168691655722,50993.03,51132.52,True,False
Emergent_complexity_constraint_9f426d,Emergent_autonomy_carefully_dedeae,0.6526694434185724,50993.03,51154.7,True,False
Emergent_complexity_constraint_9f426d,Emergent_autonomy_belief_revision_03bb63,0.6514588352085723,50993.03,51175.98,True,False
Emergent_complexity_constraint_9f426d,Emergent_bounded_cognition_444413,0.5717939865157675,50993.03,51317.2,True,False
Emergent_complexity_constraint_9f426d,Emergent_ambiguity_autonomy_b265b2,0.6570021572342222,50993.03,51338.9,True,False
Emergent_complexity_constraint_9f426d,Emergent_anticipation_bounded_305c6e,0.663989410606941,50993.03,51360.93,True,False
Emergent_identity_justice_875606,Emergent_appears_asymmetry_8dba4c,0.6387688732992637,51032.83,51052.91,True,False
Emergent_identity_justice_875606,Emergent_beneficence_carefully_a8eeec,0.6542651268490958,51032.83,51132.18,True,False
Emergent_identity_justice_875606,Emergent_anticipation_carefully_73a81d,0.659881561627572,51032.83,51132.52,True,False
Emergent_identity_justice_875606,Emergent_autonomy_carefully_dedeae,0.6680578612672323,51032.83,51154.7,True,False
Emergent_identity_justice_875606,Emergent_autonomy_belief_revision_03bb63,0.658334853425681,51032.83,51175.98,True,False
Emergent_identity_justice_875606,Emergent_bounded_cognition_444413,0.5921811744386638,51032.83,51317.2,True,False
Emergent_identity_justice_875606,Emergent_ambiguity_autonomy_b265b2,0.6570021572342222,51032.83,51338.9,True,False
Emergent_identity_justice_875606,Emergent_anticipation_bounded_305c6e,0.663989410606941,51032.83,51360.93,True,False
Emergent_appears_asymmetry_8dba4c,Emergent_beneficence_carefully_a8eeec,0.64257748009856,51052.91,51132.18,True,False
Emergent_appears_asymmetry_8dba4c,Emergent_anticipation_carefully_73a81d,0.64257748009856,51052.91,51132.52,True,False
Emergent_appears_asymmetry_8dba4c,Emergent_autonomy_carefully_dedeae,0.64173005435156,51052.91,51154.7,True,False
Emergent_appears_asymmetry_8dba4c,Emergent_autonomy_belief_revision_03bb63,0.64051944614156,51052.91,51175.98,True,False
Emergent_appears_asymmetry_8dba4c,Emergent_bounded_cognition_444413,0.5573010488489964,51052.91,51317.2,True,False
Emergent_appears_asymmetry_8dba4c,Emergent_ambiguity_autonomy_b265b2,0.6570021572342222,51052.91,51338.9,True,False
Emergent_appears_asymmetry_8dba4c,Emergent_anticipation_bounded_305c6e,0.6618671079779148,51052.91,51360.93,True,False
Emergent_beneficence_carefully_a8eeec,Emergent_anticipation_carefully_73a81d,0.6522878001060958,51132.18,51132.52,True,False
Emergent_beneficence_carefully_a8eeec,Emergent_autonomy_carefully_dedeae,0.6534177011020957,51132.18,51154.7,True,False
Emergent_beneficence_carefully_a8eeec,Emergent_autonomy_belief_revision_03bb63,0.6522070928920958,51132.18,51175.98,True,False
Emergent_beneficence_carefully_a8eeec,Emergent_bounded_cognition_444413,0.5727853080511437,51132.18,51317.2,True,False
Emergent_beneficence_carefully_a8eeec,Emergent_ambiguity_autonomy_b265b2,0.6570021572342222,51132.18,51338.9,True,False
Emergent_beneficence_carefully_a8eeec,Emergent_anticipation_bounded_305c6e,0.663989410606941,51132.18,51360.93,True,False
Emergent_anticipation_carefully_73a81d,Emergent_autonomy_carefully_dedeae,0.659034135880572,51132.52,51154.7,True,False
Emergent_anticipation_carefully_73a81d,Emergent_autonomy_belief_revision_03bb63,0.6578235276705721,51132.52,51175.98,True,False
Emergent_anticipation_carefully_73a81d,Emergent_bounded_cognition_444413,0.5802261841965403,51132.52,51317.2,True,False
Emergent_anticipation_carefully_73a81d,Emergent_ambiguity_autonomy_b265b2,0.6570021572342222,51132.52,51338.9,True,False
Emergent_anticipation_carefully_73a81d,Emergent_anticipation_bounded_305c6e,0.663989410606941,51132.52,51360.93,True,False
Emergent_autonomy_carefully_dedeae,Emergent_autonomy_belief_revision_03bb63,0.658334853425681,51154.7,51175.98,True,False
Emergent_autonomy_carefully_dedeae,Emergent_bounded_cognition_444413,0.6085948249515556,51154.7,51317.2,True,False
Emergent_autonomy_carefully_dedeae,Emergent_ambiguity_autonomy_b265b2,0.6570021572342222,51154.7,51338.9,True,False
Emergent_autonomy_carefully_dedeae,Emergent_anticipation_bounded_305c6e,0.663989410606941,51154.7,51360.93,True,False
Emergent_autonomy_belief_revision_03bb63,Emergent_bounded_cognition_444413,0.5809036088909918,51175.98,51317.2,True,False
Emergent_autonomy_belief_revision_03bb63,Emergent_ambiguity_autonomy_b265b2,0.6570021572342222,51175.98,51338.9,True,False
Emergent_autonomy_belief_revision_03bb63,Emergent_anticipation_bounded_305c6e,0.663989410606941,51175.98,51360.93,True,False
Emergent_bounded_cognition_444413,Emergent_ambiguity_autonomy_b265b2,0.655477315428559,51317.2,51338.9,True,False
Emergent_bounded_cognition_444413,Emergent_anticipation_bounded_305c6e,0.6624645688012778,51317.2,51360.93,True,False
Emergent_ambiguity_autonomy_b265b2,Emergent_anticipation_bounded_305c6e,0.6043334603416295,51338.9,51360.93,True,False
