source,target,weight,src_ts,dst_ts,is_older_to_newer,is_newer_to_older
Emergent_ambiguity_attention_6ee88b,Emergent_abstraction_ambiguity_a83b10,0.8171126296588427,20009.5,20022.57,True,False
Emergent_ambiguity_attention_6ee88b,Emergent_beneficence_complexity_6b624e,0.8416746488447564,20009.5,20034.55,True,False
Emergent_ambiguity_attention_6ee88b,Emergent_beneficence_coherence_1a8d29,0.8416746488460012,20009.5,20043.18,True,False
Emergent_ambiguity_attention_6ee88b,Emergent_beneficence_bounded_5bc638,0.8416746487758033,20009.5,20054.17,True,False
Emergent_ambiguity_attention_6ee88b,Emergent_anticipation_chaos_bf1932,0.8416746487534101,20009.5,20069.25,True,False
Emergent_ambiguity_attention_6ee88b,Emergent_clarity_collective_093fe2,0.841674648595869,20009.5,20084.23,True,False
Emergent_ambiguity_attention_6ee88b,Emergent_autonomy_clarity_321c48,0.8416746485984352,20009.5,20084.57,True,False
Emergent_ambiguity_attention_6ee88b,Emergent_collective_constraint_a92169,0.8416746486000497,20009.5,20097.65,True,False
Emergent_ambiguity_attention_6ee88b,Emergent_autonomy_constraint_a49d55,0.8311146198084325,20009.5,20097.99,True,False
Emergent_ambiguity_attention_6ee88b,Emergent_clarity_ethical_4e34b8,0.8416746489296711,20009.5,20109.91,True,False
Emergent_ambiguity_attention_6ee88b,Emergent_cascade_clarity_f2350a,0.841674648929182,20009.5,20110.25,True,False
Emergent_ambiguity_attention_6ee88b,Emergent_appears_asymmetry_c0f5ef,0.8350206339289863,20009.5,20124.44,True,False
Emergent_ambiguity_attention_6ee88b,Emergent_appears_asymmetry_8ccc17,0.8416746481967137,20009.5,20124.78,True,False
Emergent_ambiguity_attention_6ee88b,Emergent_autonomy_clarity_0e59af,0.8416746491457074,20009.5,20138.94,True,False
Emergent_ambiguity_attention_6ee88b,Emergent_clarity_collective_0c40c5,0.8139023281783637,20009.5,20139.28,True,False
Emergent_ambiguity_attention_6ee88b,Emergent_autonomy_bounded_b11526,0.8416746490550271,20009.5,20152.81,True,False
Emergent_ambiguity_attention_6ee88b,Emergent_autonomy_bounded_ab8b66,0.8416746490550271,20009.5,20153.15,True,False
Emergent_ambiguity_attention_6ee88b,Emergent_analogy_autonomy_2771b0,0.8416746488823026,20009.5,20168.15,True,False
Emergent_ambiguity_attention_6ee88b,Emergent_appears_asymmetry_3bd743,0.8416746489038933,20009.5,20182.19,True,False
Emergent_ambiguity_attention_6ee88b,Emergent_boundary_cascade_d6e347,0.8343150717556551,20009.5,20196.65,True,False
Emergent_ambiguity_attention_6ee88b,Emergent_autonomy_boundary_a0c946,0.8416746489254836,20009.5,20196.99,True,False
Emergent_ambiguity_attention_6ee88b,Emergent_boundary_bounded_32e02f,0.8416746487404216,20009.5,20212.8,True,False
Emergent_ambiguity_attention_6ee88b,Emergent_clarity_constraint_bf278c,0.8415097726853671,20009.5,20227.8,True,False
Emergent_ambiguity_attention_6ee88b,Emergent_appears_asymmetry_ecd8f7,0.8416746475588301,20009.5,20261.06,True,False
Emergent_ambiguity_attention_6ee88b,Emergent_bounded_clarity_be9203,0.8242168348027752,20009.5,20279.78,True,False
Emergent_ambiguity_attention_6ee88b,Emergent_autonomy_carefully_dedeae,0.8390772388047056,20009.5,20298.22,True,False
Emergent_ambiguity_attention_6ee88b,Emergent_carefully_cascade_579605,0.8416746287537547,20009.5,20298.56,True,False
Emergent_ambiguity_attention_6ee88b,Emergent_carefully_coherence_6d638a,0.8416746226016876,20009.5,20333.92,True,False
Emergent_ambiguity_attention_6ee88b,Emergent_carefully_coherence_c4d3bc,0.8416746225801603,20009.5,20334.26,True,False
Emergent_ambiguity_attention_6ee88b,Emergent_bounded_carefully_f79645,0.8289286571473176,20009.5,20350.3,True,False
Emergent_ambiguity_attention_6ee88b,Emergent_carefully_cognition_d8aefa,0.8390479872904175,20009.5,20368.6,True,False
Emergent_ambiguity_attention_6ee88b,Emergent_abstraction_ambiguity_5c1c4f,0.8416746689201389,20009.5,20385.52,True,False
Emergent_ambiguity_attention_6ee88b,Emergent_belief_revision_chaos_6abfe4,0.8416746623686959,20009.5,20404.5,True,False
Emergent_ambiguity_attention_6ee88b,Emergent_appears_asymmetry_8dba4c,0.8416746488350644,20009.5,20422.92,True,False
Emergent_ambiguity_attention_6ee88b,Emergent_appears_asymmetry_07c4dc,0.8416746487783175,20009.5,20423.26,True,False
Emergent_ambiguity_attention_6ee88b,Emergent_bounded_coherence_cdc8b7,0.8416746506331225,20009.5,20439.73,True,False
Emergent_ambiguity_attention_6ee88b,Emergent_bounded_coherence_a2e9f5,0.8416744972122505,20009.5,20478.65,True,False
Emergent_ambiguity_attention_6ee88b,Emergent_bounded_coherence_7a6cb5,0.8416745010882609,20009.5,20478.99,True,False
Emergent_ambiguity_attention_6ee88b,Emergent_boundary_bounded_bd6b1f,0.8416737392306626,20009.5,20563.41,True,False
Emergent_ambiguity_attention_6ee88b,Emergent_boundary_clarity_f6e2e2,0.8416748410489348,20009.5,20585.63,True,False
Emergent_ambiguity_attention_6ee88b,Emergent_attention_bounded_52b815,0.8416745141477631,20009.5,20607.73,True,False
Emergent_ambiguity_attention_6ee88b,Emergent_attention_autonomy_5ae8f6,0.8416745141477631,20009.5,20608.07,True,False
Emergent_ambiguity_attention_6ee88b,Emergent_autonomy_boundary_a7f146,0.8277491007731796,20009.5,20626.5,True,False
Emergent_ambiguity_attention_6ee88b,Emergent_boundary_cascade_7dd561,0.8416745290434067,20009.5,20626.84,True,False
Emergent_ambiguity_attention_6ee88b,Emergent_boundary_carefully_576a67,0.83680560658859,20009.5,20665.36,True,False
Emergent_ambiguity_attention_6ee88b,Emergent_autonomy_boundary_d1f10a,0.8397678955686707,20009.5,20665.7,True,False
Emergent_ambiguity_attention_6ee88b,Emergent_boundary_bounded_9cca20,0.8416737243889583,20009.5,20687.43,True,False
Emergent_ambiguity_attention_6ee88b,Emergent_autonomy_boundary_625a34,0.8416730482087496,20009.5,20709.76,True,False
Emergent_ambiguity_attention_6ee88b,Emergent_boundary_bounded_b40b8f,0.82659724738225,20009.5,20710.1,True,False
Emergent_ambiguity_attention_6ee88b,Emergent_boundary_expression_ebc067,0.8360521326423036,20009.5,20731.44,True,False
Emergent_ambiguity_attention_6ee88b,Emergent_boundary_bounded_fb55ca,0.8416719053629915,20009.5,20751.34,True,False
Emergent_ambiguity_attention_6ee88b,Emergent_boundary_cascade_33cb56,0.8304704518517725,20009.5,20792.88,True,False
Emergent_ambiguity_attention_6ee88b,Emergent_boundary_constraint_90bf41,0.8416750253916476,20009.5,20793.22,True,False
Emergent_ambiguity_attention_6ee88b,Emergent_boundary_bounded_497fce,0.8416753539534596,20009.5,20814.65,True,False
Emergent_ambiguity_attention_6ee88b,Emergent_boundary_collective_f3e61d,0.8416314183351847,20009.5,20862.03,True,False
Emergent_ambiguity_attention_6ee88b,Emergent_boundary_constraint_83de1c,0.8415750503090795,20009.5,20931.63,True,False
Emergent_ambiguity_attention_6ee88b,Emergent_autonomy_boundary_945518,0.8417337166226921,20009.5,20956.2,True,False
Emergent_ambiguity_attention_6ee88b,Emergent_constraint_expression_f97ab0,0.8417169602467698,20009.5,20978.3,True,False
Emergent_ambiguity_attention_6ee88b,Emergent_autonomy_bounded_72bafc,0.8404774873389635,20009.5,21000.33,True,False
Emergent_ambiguity_attention_6ee88b,Emergent_bounded_coherence_986ec1,0.8416930225668804,20009.5,21000.67,True,False
Emergent_ambiguity_attention_6ee88b,Emergent_appears_asymmetry_9e9e75,0.8416588258813242,20009.5,21024.36,True,False
Emergent_ambiguity_attention_6ee88b,Emergent_autonomy_boundary_053944,0.8406092050029541,20009.5,21138.39,True,False
Emergent_ambiguity_attention_6ee88b,Emergent_boundary_clarity_c73874,0.8365145583850402,20009.5,21183.76,True,False
Emergent_ambiguity_attention_6ee88b,Emergent_boundary_bounded_23b54b,0.8335186722998555,20009.5,21207.4,True,False
Emergent_ambiguity_attention_6ee88b,Emergent_collective_contradiction_a82072,0.843822625570466,20009.5,21229.28,True,False
Emergent_ambiguity_attention_6ee88b,Emergent_clarity_complexity_55022a,0.837546801103688,20009.5,21251.27,True,False
Emergent_ambiguity_attention_6ee88b,Emergent_boundary_carefully_38337d,0.8376155899126145,20009.5,21270.45,True,False
Emergent_ambiguity_attention_6ee88b,Emergent_boundary_carefully_98ec82,0.8423626460021105,20009.5,21313.15,True,False
Emergent_ambiguity_attention_6ee88b,Emergent_clarity_cognition_198e32,0.8398920170021107,20009.5,21334.45,True,False
Emergent_ambiguity_attention_6ee88b,Emergent_clarity_cognition_8dcbb2,0.8398920170021107,20009.5,21334.79,True,False
Emergent_ambiguity_attention_6ee88b,Emergent_boundary_bounded_d6917c,0.8229169470021107,20009.5,21403.84,True,False
Emergent_ambiguity_attention_6ee88b,Emergent_complexity_concept_0be476,0.9,20009.5,21548.74,True,False
Emergent_abstraction_ambiguity_a83b10,Emergent_beneficence_complexity_6b624e,0.8171126296541071,20022.57,20034.55,True,False
Emergent_abstraction_ambiguity_a83b10,Emergent_beneficence_coherence_1a8d29,0.8171126296553517,20022.57,20043.18,True,False
Emergent_abstraction_ambiguity_a83b10,Emergent_beneficence_bounded_5bc638,0.8171126295733582,20022.57,20054.17,True,False
Emergent_abstraction_ambiguity_a83b10,Emergent_anticipation_chaos_bf1932,0.8171126295526818,20022.57,20069.25,True,False
Emergent_abstraction_ambiguity_a83b10,Emergent_clarity_collective_093fe2,0.8171126294072204,20022.57,20084.23,True,False
Emergent_abstraction_ambiguity_a83b10,Emergent_autonomy_clarity_321c48,0.8171126294095896,20022.57,20084.57,True,False
Emergent_abstraction_ambiguity_a83b10,Emergent_collective_constraint_a92169,0.8171126294110804,20022.57,20097.65,True,False
Emergent_abstraction_ambiguity_a83b10,Emergent_autonomy_constraint_a49d55,0.8171126294059101,20022.57,20097.99,True,False
Emergent_abstraction_ambiguity_a83b10,Emergent_clarity_ethical_4e34b8,0.8171126297154279,20022.57,20109.91,True,False
Emergent_abstraction_ambiguity_a83b10,Emergent_cascade_clarity_f2350a,0.8171126297149764,20022.57,20110.25,True,False
Emergent_abstraction_ambiguity_a83b10,Emergent_appears_asymmetry_c0f5ef,0.8171126290339275,20022.57,20124.44,True,False
Emergent_abstraction_ambiguity_a83b10,Emergent_appears_asymmetry_8ccc17,0.8171126290358162,20022.57,20124.78,True,False
Emergent_abstraction_ambiguity_a83b10,Emergent_autonomy_clarity_0e59af,0.8171126300122415,20022.57,20138.94,True,False
Emergent_abstraction_ambiguity_a83b10,Emergent_clarity_collective_0c40c5,0.8139023281783637,20022.57,20139.28,True,False
Emergent_abstraction_ambiguity_a83b10,Emergent_autonomy_bounded_b11526,0.8171126299215612,20022.57,20152.81,True,False
Emergent_abstraction_ambiguity_a83b10,Emergent_autonomy_bounded_ab8b66,0.8171126299215612,20022.57,20153.15,True,False
Emergent_abstraction_ambiguity_a83b10,Emergent_analogy_autonomy_2771b0,0.817112629626557,20022.57,20168.15,True,False
Emergent_abstraction_ambiguity_a83b10,Emergent_appears_asymmetry_3bd743,0.8171126296471112,20022.57,20182.19,True,False
Emergent_abstraction_ambiguity_a83b10,Emergent_boundary_cascade_d6e347,0.8171126296676656,20022.57,20196.65,True,False
Emergent_abstraction_ambiguity_a83b10,Emergent_autonomy_boundary_a0c946,0.8171126296676656,20022.57,20196.99,True,False
Emergent_abstraction_ambiguity_a83b10,Emergent_boundary_bounded_32e02f,0.8171126296691318,20022.57,20212.8,True,False
Emergent_abstraction_ambiguity_a83b10,Emergent_clarity_constraint_bf278c,0.8171126294047575,20022.57,20227.8,True,False
Emergent_abstraction_ambiguity_a83b10,Emergent_appears_asymmetry_ecd8f7,0.8171126284875403,20022.57,20261.06,True,False
Emergent_abstraction_ambiguity_a83b10,Emergent_bounded_clarity_be9203,0.8171126274400304,20022.57,20279.78,True,False
Emergent_abstraction_ambiguity_a83b10,Emergent_autonomy_carefully_dedeae,0.8171126091312348,20022.57,20298.22,True,False
Emergent_abstraction_ambiguity_a83b10,Emergent_carefully_cascade_579605,0.8171126092922758,20022.57,20298.56,True,False
Emergent_abstraction_ambiguity_a83b10,Emergent_carefully_coherence_6d638a,0.8171126034514842,20022.57,20333.92,True,False
Emergent_abstraction_ambiguity_a83b10,Emergent_carefully_coherence_c4d3bc,0.8171126034305805,20022.57,20334.26,True,False
Emergent_abstraction_ambiguity_a83b10,Emergent_bounded_carefully_f79645,0.8171126555361483,20022.57,20350.3,True,False
Emergent_abstraction_ambiguity_a83b10,Emergent_carefully_cognition_d8aefa,0.817112650185803,20022.57,20368.6,True,False
Emergent_abstraction_ambiguity_a83b10,Emergent_abstraction_ambiguity_5c1c4f,0.8171126509501383,20022.57,20385.52,True,False
Emergent_abstraction_ambiguity_a83b10,Emergent_belief_revision_chaos_6abfe4,0.8171126443986951,20022.57,20404.5,True,False
Emergent_abstraction_ambiguity_a83b10,Emergent_appears_asymmetry_8dba4c,0.8171126310655372,20022.57,20422.92,True,False
Emergent_abstraction_ambiguity_a83b10,Emergent_appears_asymmetry_07c4dc,0.8171126310131414,20022.57,20423.26,True,False
Emergent_abstraction_ambiguity_a83b10,Emergent_bounded_coherence_cdc8b7,0.8171126328453318,20022.57,20439.73,True,False
Emergent_abstraction_ambiguity_a83b10,Emergent_bounded_coherence_a2e9f5,0.817112469153445,20022.57,20478.65,True,False
Emergent_abstraction_ambiguity_a83b10,Emergent_bounded_coherence_7a6cb5,0.8171124728641159,20022.57,20478.99,True,False
Emergent_abstraction_ambiguity_a83b10,Emergent_boundary_bounded_bd6b1f,0.817111674266852,20022.57,20563.41,True,False
Emergent_abstraction_ambiguity_a83b10,Emergent_boundary_clarity_f6e2e2,0.8171128679009623,20022.57,20585.63,True,False
Emergent_abstraction_ambiguity_a83b10,Emergent_attention_bounded_52b815,0.8171123046491819,20022.57,20607.73,True,False
Emergent_abstraction_ambiguity_a83b10,Emergent_attention_autonomy_5ae8f6,0.8171123046491819,20022.57,20608.07,True,False
Emergent_abstraction_ambiguity_a83b10,Emergent_autonomy_boundary_a7f146,0.8171126740707386,20022.57,20626.5,True,False
Emergent_abstraction_ambiguity_a83b10,Emergent_boundary_cascade_7dd561,0.8171126740707386,20022.57,20626.84,True,False
Emergent_abstraction_ambiguity_a83b10,Emergent_boundary_carefully_576a67,0.8171123427424365,20022.57,20665.36,True,False
Emergent_abstraction_ambiguity_a83b10,Emergent_autonomy_boundary_d1f10a,0.8171123427424365,20022.57,20665.7,True,False
Emergent_abstraction_ambiguity_a83b10,Emergent_boundary_bounded_9cca20,0.8171118694162902,20022.57,20687.43,True,False
Emergent_abstraction_ambiguity_a83b10,Emergent_autonomy_boundary_625a34,0.8171111932360815,20022.57,20709.76,True,False
Emergent_abstraction_ambiguity_a83b10,Emergent_boundary_bounded_b40b8f,0.8171111932360815,20022.57,20710.1,True,False
Emergent_abstraction_ambiguity_a83b10,Emergent_boundary_expression_ebc067,0.8171098452147851,20022.57,20731.44,True,False
Emergent_abstraction_ambiguity_a83b10,Emergent_boundary_bounded_fb55ca,0.8171100639522804,20022.57,20751.34,True,False
Emergent_abstraction_ambiguity_a83b10,Emergent_boundary_cascade_33cb56,0.8171137206865853,20022.57,20792.88,True,False
Emergent_abstraction_ambiguity_a83b10,Emergent_boundary_constraint_90bf41,0.8171137206865853,20022.57,20793.22,True,False
Emergent_abstraction_ambiguity_a83b10,Emergent_boundary_bounded_497fce,0.817114049248397,20022.57,20814.65,True,False
Emergent_abstraction_ambiguity_a83b10,Emergent_boundary_collective_f3e61d,0.8170667883582148,20022.57,20862.03,True,False
Emergent_abstraction_ambiguity_a83b10,Emergent_boundary_constraint_83de1c,0.817014306878304,20022.57,20931.63,True,False
Emergent_abstraction_ambiguity_a83b10,Emergent_autonomy_boundary_945518,0.817179230161283,20022.57,20956.2,True,False
Emergent_abstraction_ambiguity_a83b10,Emergent_constraint_expression_f97ab0,0.8171624737853607,20022.57,20978.3,True,False
Emergent_abstraction_ambiguity_a83b10,Emergent_autonomy_bounded_72bafc,0.8171385361054713,20022.57,21000.33,True,False
Emergent_abstraction_ambiguity_a83b10,Emergent_bounded_coherence_986ec1,0.8171385361054713,20022.57,21000.67,True,False
Emergent_abstraction_ambiguity_a83b10,Emergent_appears_asymmetry_9e9e75,0.8171043394199153,20022.57,21024.36,True,False
Emergent_abstraction_ambiguity_a83b10,Emergent_autonomy_boundary_053944,0.8158563610413365,20022.57,21138.39,True,False
Emergent_abstraction_ambiguity_a83b10,Emergent_boundary_clarity_c73874,0.8120756747034616,20022.57,21183.76,True,False
Emergent_abstraction_ambiguity_a83b10,Emergent_boundary_bounded_23b54b,0.8135139272118661,20022.57,21207.4,True,False
Emergent_abstraction_ambiguity_a83b10,Emergent_collective_contradiction_a82072,0.8197330686223419,20022.57,21229.28,True,False
Emergent_abstraction_ambiguity_a83b10,Emergent_clarity_complexity_55022a,0.8125739300989219,20022.57,21251.27,True,False
Emergent_abstraction_ambiguity_a83b10,Emergent_boundary_carefully_38337d,0.8126374444713149,20022.57,21270.45,True,False
Emergent_abstraction_ambiguity_a83b10,Emergent_boundary_carefully_98ec82,0.8187443969699675,20022.57,21313.15,True,False
Emergent_abstraction_ambiguity_a83b10,Emergent_clarity_cognition_198e32,0.8162737679699676,20022.57,21334.45,True,False
Emergent_abstraction_ambiguity_a83b10,Emergent_clarity_cognition_8dcbb2,0.8162737679699676,20022.57,21334.79,True,False
Emergent_abstraction_ambiguity_a83b10,Emergent_boundary_bounded_d6917c,0.7992986979699677,20022.57,21403.84,True,False
Emergent_abstraction_ambiguity_a83b10,Emergent_complexity_concept_0be476,0.9,20022.57,21548.74,True,False
Emergent_beneficence_complexity_6b624e,Emergent_beneficence_coherence_1a8d29,0.8490541495342008,20034.55,20043.18,True,False
Emergent_beneficence_complexity_6b624e,Emergent_beneficence_bounded_5bc638,0.8490541494936861,20034.55,20054.17,True,False
Emergent_beneficence_complexity_6b624e,Emergent_anticipation_chaos_bf1932,0.8490541494707768,20034.55,20069.25,True,False
Emergent_beneficence_complexity_6b624e,Emergent_clarity_collective_093fe2,0.8484904729413232,20034.55,20084.23,True,False
Emergent_beneficence_complexity_6b624e,Emergent_autonomy_clarity_321c48,0.8490541493123831,20034.55,20084.57,True,False
Emergent_beneficence_complexity_6b624e,Emergent_collective_constraint_a92169,0.8490541493140233,20034.55,20097.65,True,False
Emergent_beneficence_complexity_6b624e,Emergent_autonomy_constraint_a49d55,0.8311146198084325,20034.55,20097.99,True,False
Emergent_beneficence_complexity_6b624e,Emergent_clarity_ethical_4e34b8,0.8490541496415498,20034.55,20109.91,True,False
Emergent_beneficence_complexity_6b624e,Emergent_cascade_clarity_f2350a,0.8490541496410497,20034.55,20110.25,True,False
Emergent_beneficence_complexity_6b624e,Emergent_appears_asymmetry_c0f5ef,0.8350206339289863,20034.55,20124.44,True,False
Emergent_beneficence_complexity_6b624e,Emergent_appears_asymmetry_8ccc17,0.8476903131115552,20034.55,20124.78,True,False
Emergent_beneficence_complexity_6b624e,Emergent_autonomy_clarity_0e59af,0.8490541498476321,20034.55,20138.94,True,False
Emergent_beneficence_complexity_6b624e,Emergent_clarity_collective_0c40c5,0.8139023281783637,20034.55,20139.28,True,False
Emergent_beneficence_complexity_6b624e,Emergent_autonomy_bounded_b11526,0.8490541497569517,20034.55,20152.81,True,False
Emergent_beneficence_complexity_6b624e,Emergent_autonomy_bounded_ab8b66,0.8490541497569517,20034.55,20153.15,True,False
Emergent_beneficence_complexity_6b624e,Emergent_analogy_autonomy_2771b0,0.849054149584227,20034.55,20168.15,True,False
Emergent_beneficence_complexity_6b624e,Emergent_appears_asymmetry_3bd743,0.8490541496058177,20034.55,20182.19,True,False
Emergent_beneficence_complexity_6b624e,Emergent_boundary_cascade_d6e347,0.8343150717556551,20034.55,20196.65,True,False
Emergent_beneficence_complexity_6b624e,Emergent_autonomy_boundary_a0c946,0.8490541496274082,20034.55,20196.99,True,False
Emergent_beneficence_complexity_6b624e,Emergent_boundary_bounded_32e02f,0.849054149442346,20034.55,20212.8,True,False
Emergent_beneficence_complexity_6b624e,Emergent_clarity_constraint_bf278c,0.8415097726853671,20034.55,20227.8,True,False
Emergent_beneficence_complexity_6b624e,Emergent_appears_asymmetry_ecd8f7,0.8490541482607545,20034.55,20261.06,True,False
Emergent_beneficence_complexity_6b624e,Emergent_bounded_clarity_be9203,0.8242168348027752,20034.55,20279.78,True,False
Emergent_beneficence_complexity_6b624e,Emergent_autonomy_carefully_dedeae,0.8390772388047056,20034.55,20298.22,True,False
Emergent_beneficence_complexity_6b624e,Emergent_carefully_cascade_579605,0.8490541295729606,20034.55,20298.56,True,False
Emergent_beneficence_complexity_6b624e,Emergent_carefully_coherence_6d638a,0.8481873431883082,20034.55,20333.92,True,False
Emergent_beneficence_complexity_6b624e,Emergent_carefully_coherence_c4d3bc,0.8447628082323451,20034.55,20334.26,True,False
Emergent_beneficence_complexity_6b624e,Emergent_bounded_carefully_f79645,0.8289286571473176,20034.55,20350.3,True,False
Emergent_beneficence_complexity_6b624e,Emergent_carefully_cognition_d8aefa,0.8390479872904175,20034.55,20368.6,True,False
Emergent_beneficence_complexity_6b624e,Emergent_abstraction_ambiguity_5c1c4f,0.8490541692910425,20034.55,20385.52,True,False
Emergent_beneficence_complexity_6b624e,Emergent_belief_revision_chaos_6abfe4,0.8490541627395993,20034.55,20404.5,True,False
Emergent_beneficence_complexity_6b624e,Emergent_appears_asymmetry_8dba4c,0.8490541491457106,20034.55,20422.92,True,False
Emergent_beneficence_complexity_6b624e,Emergent_appears_asymmetry_07c4dc,0.8443963914294688,20034.55,20423.26,True,False
Emergent_beneficence_complexity_6b624e,Emergent_bounded_coherence_cdc8b7,0.8490541509492582,20034.55,20439.73,True,False
Emergent_beneficence_complexity_6b624e,Emergent_bounded_coherence_a2e9f5,0.842498035386674,20034.55,20478.65,True,False
Emergent_beneficence_complexity_6b624e,Emergent_bounded_coherence_7a6cb5,0.8490540045413122,20034.55,20478.99,True,False
Emergent_beneficence_complexity_6b624e,Emergent_boundary_bounded_bd6b1f,0.8431325550901023,20034.55,20563.41,True,False
Emergent_beneficence_complexity_6b624e,Emergent_boundary_clarity_f6e2e2,0.8490543279474221,20034.55,20585.63,True,False
Emergent_beneficence_complexity_6b624e,Emergent_attention_bounded_52b815,0.8490540720875197,20034.55,20607.73,True,False
Emergent_beneficence_complexity_6b624e,Emergent_attention_autonomy_5ae8f6,0.8490540720875197,20034.55,20608.07,True,False
Emergent_beneficence_complexity_6b624e,Emergent_autonomy_boundary_a7f146,0.8277491007731796,20034.55,20626.5,True,False
Emergent_beneficence_complexity_6b624e,Emergent_boundary_cascade_7dd561,0.8490539804212593,20034.55,20626.84,True,False
Emergent_beneficence_complexity_6b624e,Emergent_boundary_carefully_576a67,0.83680560658859,20034.55,20665.36,True,False
Emergent_beneficence_complexity_6b624e,Emergent_autonomy_boundary_d1f10a,0.8397678955686707,20034.55,20665.7,True,False
Emergent_beneficence_complexity_6b624e,Emergent_boundary_bounded_9cca20,0.8490531757668109,20034.55,20687.43,True,False
Emergent_beneficence_complexity_6b624e,Emergent_autonomy_boundary_625a34,0.8490524995866022,20034.55,20709.76,True,False
Emergent_beneficence_complexity_6b624e,Emergent_boundary_bounded_b40b8f,0.82659724738225,20034.55,20710.1,True,False
Emergent_beneficence_complexity_6b624e,Emergent_boundary_expression_ebc067,0.8360521326423036,20034.55,20731.44,True,False
Emergent_beneficence_complexity_6b624e,Emergent_boundary_bounded_fb55ca,0.8490513526644483,20034.55,20751.34,True,False
Emergent_beneficence_complexity_6b624e,Emergent_boundary_cascade_33cb56,0.8304704518517725,20034.55,20792.88,True,False
Emergent_beneficence_complexity_6b624e,Emergent_boundary_constraint_90bf41,0.8490543113723841,20034.55,20793.22,True,False
Emergent_beneficence_complexity_6b624e,Emergent_boundary_bounded_497fce,0.843299468361211,20034.55,20814.65,True,False
Emergent_beneficence_complexity_6b624e,Emergent_boundary_collective_f3e61d,0.8490117038121281,20034.55,20862.03,True,False
Emergent_beneficence_complexity_6b624e,Emergent_boundary_constraint_83de1c,0.8480771537792451,20034.55,20931.63,True,False
Emergent_beneficence_complexity_6b624e,Emergent_autonomy_boundary_945518,0.8483868519127975,20034.55,20956.2,True,False
Emergent_beneficence_complexity_6b624e,Emergent_constraint_expression_f97ab0,0.8490941968285817,20034.55,20978.3,True,False
Emergent_beneficence_complexity_6b624e,Emergent_autonomy_bounded_72bafc,0.8404774873389635,20034.55,21000.33,True,False
Emergent_beneficence_complexity_6b624e,Emergent_bounded_coherence_986ec1,0.8490702591486923,20034.55,21000.67,True,False
Emergent_beneficence_complexity_6b624e,Emergent_appears_asymmetry_9e9e75,0.8490360624631361,20034.55,21024.36,True,False
Emergent_beneficence_complexity_6b624e,Emergent_autonomy_boundary_053944,0.8480493104569755,20034.55,21138.39,True,False
Emergent_beneficence_complexity_6b624e,Emergent_boundary_clarity_c73874,0.8393486576666049,20034.55,21183.76,True,False
Emergent_beneficence_complexity_6b624e,Emergent_boundary_bounded_23b54b,0.8335186722998555,20034.55,21207.4,True,False
Emergent_beneficence_complexity_6b624e,Emergent_collective_contradiction_a82072,0.8478732125620727,20034.55,21229.28,True,False
Emergent_beneficence_complexity_6b624e,Emergent_clarity_complexity_55022a,0.8450530413584738,20034.55,21251.27,True,False
Emergent_beneficence_complexity_6b624e,Emergent_boundary_carefully_38337d,0.8451234155352911,20034.55,21270.45,True,False
Emergent_beneficence_complexity_6b624e,Emergent_boundary_carefully_98ec82,0.8463063127578327,20034.55,21313.15,True,False
Emergent_beneficence_complexity_6b624e,Emergent_clarity_cognition_198e32,0.8469910906968732,20034.55,21334.45,True,False
Emergent_beneficence_complexity_6b624e,Emergent_clarity_cognition_8dcbb2,0.8425244273105186,20034.55,21334.79,True,False
Emergent_beneficence_complexity_6b624e,Emergent_boundary_bounded_d6917c,0.8272654949908957,20034.55,21403.84,True,False
Emergent_beneficence_complexity_6b624e,Emergent_complexity_concept_0be476,0.9,20034.55,21548.74,True,False
Emergent_beneficence_coherence_1a8d29,Emergent_beneficence_bounded_5bc638,0.8548751300328994,20043.18,20054.17,True,False
Emergent_beneficence_coherence_1a8d29,Emergent_anticipation_chaos_bf1932,0.8548751300095818,20043.18,20069.25,True,False
Emergent_beneficence_coherence_1a8d29,Emergent_clarity_collective_093fe2,0.8484904729413232,20043.18,20084.23,True,False
Emergent_beneficence_coherence_1a8d29,Emergent_autonomy_clarity_321c48,0.854875129848544,20043.18,20084.57,True,False
Emergent_beneficence_coherence_1a8d29,Emergent_collective_constraint_a92169,0.8543905014080557,20043.18,20097.65,True,False
Emergent_beneficence_coherence_1a8d29,Emergent_autonomy_constraint_a49d55,0.8311146198084325,20043.18,20097.99,True,False
Emergent_beneficence_coherence_1a8d29,Emergent_clarity_ethical_4e34b8,0.8548751301723145,20043.18,20109.91,True,False
Emergent_beneficence_coherence_1a8d29,Emergent_cascade_clarity_f2350a,0.8501276791881507,20043.18,20110.25,True,False
Emergent_beneficence_coherence_1a8d29,Emergent_appears_asymmetry_c0f5ef,0.8350206339289863,20043.18,20124.44,True,False
Emergent_beneficence_coherence_1a8d29,Emergent_appears_asymmetry_8ccc17,0.8476903131115552,20043.18,20124.78,True,False
Emergent_beneficence_coherence_1a8d29,Emergent_autonomy_clarity_0e59af,0.8525087517191605,20043.18,20138.94,True,False
Emergent_beneficence_coherence_1a8d29,Emergent_clarity_collective_0c40c5,0.8139023281783637,20043.18,20139.28,True,False
Emergent_beneficence_coherence_1a8d29,Emergent_autonomy_bounded_b11526,0.8494291202035049,20043.18,20152.81,True,False
Emergent_beneficence_coherence_1a8d29,Emergent_autonomy_bounded_ab8b66,0.8548751302853939,20043.18,20153.15,True,False
Emergent_beneficence_coherence_1a8d29,Emergent_analogy_autonomy_2771b0,0.8548751301126694,20043.18,20168.15,True,False
Emergent_beneficence_coherence_1a8d29,Emergent_appears_asymmetry_3bd743,0.8548751301342601,20043.18,20182.19,True,False
Emergent_beneficence_coherence_1a8d29,Emergent_boundary_cascade_d6e347,0.8343150717556551,20043.18,20196.65,True,False
Emergent_beneficence_coherence_1a8d29,Emergent_autonomy_boundary_a0c946,0.8548751301558504,20043.18,20196.99,True,False
Emergent_beneficence_coherence_1a8d29,Emergent_boundary_bounded_32e02f,0.8548751299707884,20043.18,20212.8,True,False
Emergent_beneficence_coherence_1a8d29,Emergent_clarity_constraint_bf278c,0.8415097726853671,20043.18,20227.8,True,False
Emergent_beneficence_coherence_1a8d29,Emergent_appears_asymmetry_ecd8f7,0.8548751287891969,20043.18,20261.06,True,False
Emergent_beneficence_coherence_1a8d29,Emergent_bounded_clarity_be9203,0.8242168348027752,20043.18,20279.78,True,False
Emergent_beneficence_coherence_1a8d29,Emergent_autonomy_carefully_dedeae,0.8390772388047056,20043.18,20298.22,True,False
Emergent_beneficence_coherence_1a8d29,Emergent_carefully_cascade_579605,0.8548751101941574,20043.18,20298.56,True,False
Emergent_beneficence_coherence_1a8d29,Emergent_carefully_coherence_6d638a,0.8481873431883082,20043.18,20333.92,True,False
Emergent_beneficence_coherence_1a8d29,Emergent_carefully_coherence_c4d3bc,0.8447628082323451,20043.18,20334.26,True,False
Emergent_beneficence_coherence_1a8d29,Emergent_bounded_carefully_f79645,0.8289286571473176,20043.18,20350.3,True,False
Emergent_beneficence_coherence_1a8d29,Emergent_carefully_cognition_d8aefa,0.8390479872904175,20043.18,20368.6,True,False
Emergent_beneficence_coherence_1a8d29,Emergent_abstraction_ambiguity_5c1c4f,0.8548751495576901,20043.18,20385.52,True,False
Emergent_beneficence_coherence_1a8d29,Emergent_belief_revision_chaos_6abfe4,0.8548751430062469,20043.18,20404.5,True,False
Emergent_beneficence_coherence_1a8d29,Emergent_appears_asymmetry_8dba4c,0.8508576782382482,20043.18,20422.92,True,False
Emergent_beneficence_coherence_1a8d29,Emergent_appears_asymmetry_07c4dc,0.8443963914294688,20043.18,20423.26,True,False
Emergent_beneficence_coherence_1a8d29,Emergent_bounded_coherence_cdc8b7,0.8494908111203212,20043.18,20439.73,True,False
Emergent_beneficence_coherence_1a8d29,Emergent_bounded_coherence_a2e9f5,0.842498035386674,20043.18,20478.65,True,False
Emergent_beneficence_coherence_1a8d29,Emergent_bounded_coherence_7a6cb5,0.8548749872455406,20043.18,20478.99,True,False
Emergent_beneficence_coherence_1a8d29,Emergent_boundary_bounded_bd6b1f,0.8431325550901023,20043.18,20563.41,True,False
Emergent_beneficence_coherence_1a8d29,Emergent_boundary_clarity_f6e2e2,0.8548752975591265,20043.18,20585.63,True,False
Emergent_beneficence_coherence_1a8d29,Emergent_attention_bounded_52b815,0.8548750978837023,20043.18,20607.73,True,False
Emergent_beneficence_coherence_1a8d29,Emergent_attention_autonomy_5ae8f6,0.8548750978837023,20043.18,20608.07,True,False
Emergent_beneficence_coherence_1a8d29,Emergent_autonomy_boundary_a7f146,0.8277491007731796,20043.18,20626.5,True,False
Emergent_beneficence_coherence_1a8d29,Emergent_boundary_cascade_7dd561,0.8548749219407248,20043.18,20626.84,True,False
Emergent_beneficence_coherence_1a8d29,Emergent_boundary_carefully_576a67,0.83680560658859,20043.18,20665.36,True,False
Emergent_beneficence_coherence_1a8d29,Emergent_autonomy_boundary_d1f10a,0.8397678955686707,20043.18,20665.7,True,False
Emergent_beneficence_coherence_1a8d29,Emergent_boundary_bounded_9cca20,0.8548741172862764,20043.18,20687.43,True,False
Emergent_beneficence_coherence_1a8d29,Emergent_autonomy_boundary_625a34,0.8537483344322132,20043.18,20709.76,True,False
Emergent_beneficence_coherence_1a8d29,Emergent_boundary_bounded_b40b8f,0.82659724738225,20043.18,20710.1,True,False
Emergent_beneficence_coherence_1a8d29,Emergent_boundary_expression_ebc067,0.8360521326423036,20043.18,20731.44,True,False
Emergent_beneficence_coherence_1a8d29,Emergent_boundary_bounded_fb55ca,0.8512939305649625,20043.18,20751.34,True,False
Emergent_beneficence_coherence_1a8d29,Emergent_boundary_cascade_33cb56,0.8304704518517725,20043.18,20792.88,True,False
Emergent_beneficence_coherence_1a8d29,Emergent_boundary_constraint_90bf41,0.8548751220840702,20043.18,20793.22,True,False
Emergent_beneficence_coherence_1a8d29,Emergent_boundary_bounded_497fce,0.843299468361211,20043.18,20814.65,True,False
Emergent_beneficence_coherence_1a8d29,Emergent_boundary_collective_f3e61d,0.8548333049963572,20043.18,20862.03,True,False
Emergent_beneficence_coherence_1a8d29,Emergent_boundary_constraint_83de1c,0.8480771537792451,20043.18,20931.63,True,False
Emergent_beneficence_coherence_1a8d29,Emergent_autonomy_boundary_945518,0.8483868519127975,20043.18,20956.2,True,False
Emergent_beneficence_coherence_1a8d29,Emergent_constraint_expression_f97ab0,0.8549133867301362,20043.18,20978.3,True,False
Emergent_beneficence_coherence_1a8d29,Emergent_autonomy_bounded_72bafc,0.8404774873389635,20043.18,21000.33,True,False
Emergent_beneficence_coherence_1a8d29,Emergent_bounded_coherence_986ec1,0.854889449050247,20043.18,21000.67,True,False
Emergent_beneficence_coherence_1a8d29,Emergent_appears_asymmetry_9e9e75,0.8548552523646908,20043.18,21024.36,True,False
Emergent_beneficence_coherence_1a8d29,Emergent_autonomy_boundary_053944,0.8500447019681538,20043.18,21138.39,True,False
Emergent_beneficence_coherence_1a8d29,Emergent_boundary_clarity_c73874,0.8393486576666049,20043.18,21183.76,True,False
Emergent_beneficence_coherence_1a8d29,Emergent_boundary_bounded_23b54b,0.8335186722998555,20043.18,21207.4,True,False
Emergent_beneficence_coherence_1a8d29,Emergent_collective_contradiction_a82072,0.8478732125620727,20043.18,21229.28,True,False
Emergent_beneficence_coherence_1a8d29,Emergent_clarity_complexity_55022a,0.8509895089294712,20043.18,21251.27,True,False
Emergent_beneficence_coherence_1a8d29,Emergent_boundary_carefully_38337d,0.8510611369277428,20043.18,21270.45,True,False
Emergent_beneficence_coherence_1a8d29,Emergent_boundary_carefully_98ec82,0.8463063127578327,20043.18,21313.15,True,False
Emergent_beneficence_coherence_1a8d29,Emergent_clarity_cognition_198e32,0.852605542052358,20043.18,21334.45,True,False
Emergent_beneficence_coherence_1a8d29,Emergent_clarity_cognition_8dcbb2,0.8425244273105186,20043.18,21334.79,True,False
Emergent_beneficence_coherence_1a8d29,Emergent_boundary_bounded_d6917c,0.8272654949908957,20043.18,21403.84,True,False
Emergent_beneficence_coherence_1a8d29,Emergent_complexity_concept_0be476,0.9,20043.18,21548.74,True,False
Emergent_beneficence_bounded_5bc638,Emergent_anticipation_chaos_bf1932,0.8602865344611819,20054.17,20069.25,True,False
Emergent_beneficence_bounded_5bc638,Emergent_clarity_collective_093fe2,0.8484904729413232,20054.17,20084.23,True,False
Emergent_beneficence_bounded_5bc638,Emergent_autonomy_clarity_321c48,0.8602865343031163,20054.17,20084.57,True,False
Emergent_beneficence_bounded_5bc638,Emergent_collective_constraint_a92169,0.8543905014080557,20054.17,20097.65,True,False
Emergent_beneficence_bounded_5bc638,Emergent_autonomy_constraint_a49d55,0.8311146198084325,20054.17,20097.99,True,False
Emergent_beneficence_bounded_5bc638,Emergent_clarity_ethical_4e34b8,0.8602865346218704,20054.17,20109.91,True,False
Emergent_beneficence_bounded_5bc638,Emergent_cascade_clarity_f2350a,0.8501276791881507,20054.17,20110.25,True,False
Emergent_beneficence_bounded_5bc638,Emergent_appears_asymmetry_c0f5ef,0.8350206339289863,20054.17,20124.44,True,False
Emergent_beneficence_bounded_5bc638,Emergent_appears_asymmetry_8ccc17,0.8476903131115552,20054.17,20124.78,True,False
Emergent_beneficence_bounded_5bc638,Emergent_autonomy_clarity_0e59af,0.8525087517191605,20054.17,20138.94,True,False
Emergent_beneficence_bounded_5bc638,Emergent_clarity_collective_0c40c5,0.8139023281783637,20054.17,20139.28,True,False
Emergent_beneficence_bounded_5bc638,Emergent_autonomy_bounded_b11526,0.8494291202035049,20054.17,20152.81,True,False
Emergent_beneficence_bounded_5bc638,Emergent_autonomy_bounded_ab8b66,0.8602865347327908,20054.17,20153.15,True,False
Emergent_beneficence_bounded_5bc638,Emergent_analogy_autonomy_2771b0,0.8602865345600663,20054.17,20168.15,True,False
Emergent_beneficence_bounded_5bc638,Emergent_appears_asymmetry_3bd743,0.860286534581657,20054.17,20182.19,True,False
Emergent_beneficence_bounded_5bc638,Emergent_boundary_cascade_d6e347,0.8343150717556551,20054.17,20196.65,True,False
Emergent_beneficence_bounded_5bc638,Emergent_autonomy_boundary_a0c946,0.8562901565889367,20054.17,20196.99,True,False
Emergent_beneficence_bounded_5bc638,Emergent_boundary_bounded_32e02f,0.8602865344181854,20054.17,20212.8,True,False
Emergent_beneficence_bounded_5bc638,Emergent_clarity_constraint_bf278c,0.8415097726853671,20054.17,20227.8,True,False
Emergent_beneficence_bounded_5bc638,Emergent_appears_asymmetry_ecd8f7,0.8591738456543643,20054.17,20261.06,True,False
Emergent_beneficence_bounded_5bc638,Emergent_bounded_clarity_be9203,0.8242168348027752,20054.17,20279.78,True,False
Emergent_beneficence_bounded_5bc638,Emergent_autonomy_carefully_dedeae,0.8390772388047056,20054.17,20298.22,True,False
Emergent_beneficence_bounded_5bc638,Emergent_carefully_cascade_579605,0.8602865147277825,20054.17,20298.56,True,False
Emergent_beneficence_bounded_5bc638,Emergent_carefully_coherence_6d638a,0.8481873431883082,20054.17,20333.92,True,False
Emergent_beneficence_bounded_5bc638,Emergent_carefully_coherence_c4d3bc,0.8447628082323451,20054.17,20334.26,True,False
Emergent_beneficence_bounded_5bc638,Emergent_bounded_carefully_f79645,0.8289286571473176,20054.17,20350.3,True,False
Emergent_beneficence_bounded_5bc638,Emergent_carefully_cognition_d8aefa,0.8390479872904175,20054.17,20368.6,True,False
Emergent_beneficence_bounded_5bc638,Emergent_abstraction_ambiguity_5c1c4f,0.8602865537617124,20054.17,20385.52,True,False
Emergent_beneficence_bounded_5bc638,Emergent_belief_revision_chaos_6abfe4,0.8602865472102692,20054.17,20404.5,True,False
Emergent_beneficence_bounded_5bc638,Emergent_appears_asymmetry_8dba4c,0.8508576782382482,20054.17,20422.92,True,False
Emergent_beneficence_bounded_5bc638,Emergent_appears_asymmetry_07c4dc,0.8443963914294688,20054.17,20423.26,True,False
Emergent_beneficence_bounded_5bc638,Emergent_bounded_coherence_cdc8b7,0.8494908111203212,20054.17,20439.73,True,False
Emergent_beneficence_bounded_5bc638,Emergent_bounded_coherence_a2e9f5,0.842498035386674,20054.17,20478.65,True,False
Emergent_beneficence_bounded_5bc638,Emergent_bounded_coherence_7a6cb5,0.860286393715634,20054.17,20478.99,True,False
Emergent_beneficence_bounded_5bc638,Emergent_boundary_bounded_bd6b1f,0.8431325550901023,20054.17,20563.41,True,False
Emergent_beneficence_bounded_5bc638,Emergent_boundary_clarity_f6e2e2,0.8585695800510309,20054.17,20585.63,True,False
Emergent_beneficence_bounded_5bc638,Emergent_attention_bounded_52b815,0.8602865295070274,20054.17,20607.73,True,False
Emergent_beneficence_bounded_5bc638,Emergent_attention_autonomy_5ae8f6,0.8590595233936926,20054.17,20608.07,True,False
Emergent_beneficence_bounded_5bc638,Emergent_autonomy_boundary_a7f146,0.8277491007731796,20054.17,20626.5,True,False
Emergent_beneficence_bounded_5bc638,Emergent_boundary_cascade_7dd561,0.8575598949582912,20054.17,20626.84,True,False
Emergent_beneficence_bounded_5bc638,Emergent_boundary_carefully_576a67,0.83680560658859,20054.17,20665.36,True,False
Emergent_beneficence_bounded_5bc638,Emergent_autonomy_boundary_d1f10a,0.8397678955686707,20054.17,20665.7,True,False
Emergent_beneficence_bounded_5bc638,Emergent_boundary_bounded_9cca20,0.8602854929227675,20054.17,20687.43,True,False
Emergent_beneficence_bounded_5bc638,Emergent_autonomy_boundary_625a34,0.8537483344322132,20054.17,20709.76,True,False
Emergent_beneficence_bounded_5bc638,Emergent_boundary_bounded_b40b8f,0.82659724738225,20054.17,20710.1,True,False
Emergent_beneficence_bounded_5bc638,Emergent_boundary_expression_ebc067,0.8360521326423036,20054.17,20731.44,True,False
Emergent_beneficence_bounded_5bc638,Emergent_boundary_bounded_fb55ca,0.8512939305649625,20054.17,20751.34,True,False
Emergent_beneficence_bounded_5bc638,Emergent_boundary_cascade_33cb56,0.8304704518517725,20054.17,20792.88,True,False
Emergent_beneficence_bounded_5bc638,Emergent_boundary_constraint_90bf41,0.8602863761165174,20054.17,20793.22,True,False
Emergent_beneficence_bounded_5bc638,Emergent_boundary_bounded_497fce,0.843299468361211,20054.17,20814.65,True,False
Emergent_beneficence_bounded_5bc638,Emergent_boundary_collective_f3e61d,0.8602452938830965,20054.17,20862.03,True,False
Emergent_beneficence_bounded_5bc638,Emergent_boundary_constraint_83de1c,0.8480771537792451,20054.17,20931.63,True,False
Emergent_beneficence_bounded_5bc638,Emergent_autonomy_boundary_945518,0.8483868519127975,20054.17,20956.2,True,False
Emergent_beneficence_bounded_5bc638,Emergent_constraint_expression_f97ab0,0.8603231339938884,20054.17,20978.3,True,False
Emergent_beneficence_bounded_5bc638,Emergent_autonomy_bounded_72bafc,0.8404774873389635,20054.17,21000.33,True,False
Emergent_beneficence_bounded_5bc638,Emergent_bounded_coherence_986ec1,0.860299196313999,20054.17,21000.67,True,False
Emergent_beneficence_bounded_5bc638,Emergent_appears_asymmetry_9e9e75,0.8573860958006396,20054.17,21024.36,True,False
Emergent_beneficence_bounded_5bc638,Emergent_autonomy_boundary_053944,0.8500447019681538,20054.17,21138.39,True,False
Emergent_beneficence_bounded_5bc638,Emergent_boundary_clarity_c73874,0.8393486576666049,20054.17,21183.76,True,False
Emergent_beneficence_bounded_5bc638,Emergent_boundary_bounded_23b54b,0.8335186722998555,20054.17,21207.4,True,False
Emergent_beneficence_bounded_5bc638,Emergent_collective_contradiction_a82072,0.8478732125620727,20054.17,21229.28,True,False
Emergent_beneficence_bounded_5bc638,Emergent_clarity_complexity_55022a,0.856508282116436,20054.17,21251.27,True,False
Emergent_beneficence_bounded_5bc638,Emergent_boundary_carefully_38337d,0.8565810757163281,20054.17,21270.45,True,False
Emergent_beneficence_bounded_5bc638,Emergent_boundary_carefully_98ec82,0.8463063127578327,20054.17,21313.15,True,False
Emergent_beneficence_bounded_5bc638,Emergent_clarity_cognition_198e32,0.8578249563302267,20054.17,21334.45,True,False
Emergent_beneficence_bounded_5bc638,Emergent_clarity_cognition_8dcbb2,0.8425244273105186,20054.17,21334.79,True,False
Emergent_beneficence_bounded_5bc638,Emergent_boundary_bounded_d6917c,0.8272654949908957,20054.17,21403.84,True,False
Emergent_beneficence_bounded_5bc638,Emergent_complexity_concept_0be476,0.9,20054.17,21548.74,True,False
Emergent_anticipation_chaos_bf1932,Emergent_clarity_collective_093fe2,0.8484904729188705,20069.25,20084.23,True,False
Emergent_anticipation_chaos_bf1932,Emergent_autonomy_clarity_321c48,0.8608287316364109,20069.25,20084.57,True,False
Emergent_anticipation_chaos_bf1932,Emergent_collective_constraint_a92169,0.8543905013851967,20069.25,20097.65,True,False
Emergent_anticipation_chaos_bf1932,Emergent_autonomy_constraint_a49d55,0.8311146197871724,20069.25,20097.99,True,False
Emergent_anticipation_chaos_bf1932,Emergent_clarity_ethical_4e34b8,0.8608287319779644,20069.25,20109.91,True,False
Emergent_anticipation_chaos_bf1932,Emergent_cascade_clarity_f2350a,0.8501276791881507,20069.25,20110.25,True,False
Emergent_anticipation_chaos_bf1932,Emergent_appears_asymmetry_c0f5ef,0.8350206339289863,20069.25,20124.44,True,False
Emergent_anticipation_chaos_bf1932,Emergent_appears_asymmetry_8ccc17,0.8476903131115552,20069.25,20124.78,True,False
Emergent_anticipation_chaos_bf1932,Emergent_autonomy_clarity_0e59af,0.8525087517191605,20069.25,20138.94,True,False
Emergent_anticipation_chaos_bf1932,Emergent_clarity_collective_0c40c5,0.8139023281783637,20069.25,20139.28,True,False
Emergent_anticipation_chaos_bf1932,Emergent_autonomy_bounded_b11526,0.8494291202035049,20069.25,20152.81,True,False
Emergent_anticipation_chaos_bf1932,Emergent_autonomy_bounded_ab8b66,0.8608287320886685,20069.25,20153.15,True,False
Emergent_anticipation_chaos_bf1932,Emergent_analogy_autonomy_2771b0,0.860828731915944,20069.25,20168.15,True,False
Emergent_anticipation_chaos_bf1932,Emergent_appears_asymmetry_3bd743,0.8608287319375347,20069.25,20182.19,True,False
Emergent_anticipation_chaos_bf1932,Emergent_boundary_cascade_d6e347,0.8343150717556551,20069.25,20196.65,True,False
Emergent_anticipation_chaos_bf1932,Emergent_autonomy_boundary_a0c946,0.8562901565889367,20069.25,20196.99,True,False
Emergent_anticipation_chaos_bf1932,Emergent_boundary_bounded_32e02f,0.8608287317740633,20069.25,20212.8,True,False
Emergent_anticipation_chaos_bf1932,Emergent_clarity_constraint_bf278c,0.8415097726853671,20069.25,20227.8,True,False
Emergent_anticipation_chaos_bf1932,Emergent_appears_asymmetry_ecd8f7,0.8591738456543643,20069.25,20261.06,True,False
Emergent_anticipation_chaos_bf1932,Emergent_bounded_clarity_be9203,0.8242168348027752,20069.25,20279.78,True,False
Emergent_anticipation_chaos_bf1932,Emergent_autonomy_carefully_dedeae,0.8390772388047056,20069.25,20298.22,True,False
Emergent_anticipation_chaos_bf1932,Emergent_carefully_cascade_579605,0.8608287120922999,20069.25,20298.56,True,False
Emergent_anticipation_chaos_bf1932,Emergent_carefully_coherence_6d638a,0.8481873431883082,20069.25,20333.92,True,False
Emergent_anticipation_chaos_bf1932,Emergent_carefully_coherence_c4d3bc,0.8447628082323451,20069.25,20334.26,True,False
Emergent_anticipation_chaos_bf1932,Emergent_bounded_carefully_f79645,0.8289286571473176,20069.25,20350.3,True,False
Emergent_anticipation_chaos_bf1932,Emergent_carefully_cognition_d8aefa,0.8390479872904175,20069.25,20368.6,True,False
Emergent_anticipation_chaos_bf1932,Emergent_abstraction_ambiguity_5c1c4f,0.8608287510932051,20069.25,20385.52,True,False
Emergent_anticipation_chaos_bf1932,Emergent_belief_revision_chaos_6abfe4,0.8608287445417617,20069.25,20404.5,True,False
Emergent_anticipation_chaos_bf1932,Emergent_appears_asymmetry_8dba4c,0.8508576782382482,20069.25,20422.92,True,False
Emergent_anticipation_chaos_bf1932,Emergent_appears_asymmetry_07c4dc,0.8443963914294688,20069.25,20423.26,True,False
Emergent_anticipation_chaos_bf1932,Emergent_bounded_coherence_cdc8b7,0.8494908111203212,20069.25,20439.73,True,False
Emergent_anticipation_chaos_bf1932,Emergent_bounded_coherence_a2e9f5,0.842498035386674,20069.25,20478.65,True,False
Emergent_anticipation_chaos_bf1932,Emergent_bounded_coherence_7a6cb5,0.8608285912741771,20069.25,20478.99,True,False
Emergent_anticipation_chaos_bf1932,Emergent_boundary_bounded_bd6b1f,0.8431325550901023,20069.25,20563.41,True,False
Emergent_anticipation_chaos_bf1932,Emergent_boundary_clarity_f6e2e2,0.8585695800510309,20069.25,20585.63,True,False
Emergent_anticipation_chaos_bf1932,Emergent_attention_bounded_52b815,0.860828725846057,20069.25,20607.73,True,False
Emergent_anticipation_chaos_bf1932,Emergent_attention_autonomy_5ae8f6,0.8590595233936926,20069.25,20608.07,True,False
Emergent_anticipation_chaos_bf1932,Emergent_autonomy_boundary_a7f146,0.8277491007731796,20069.25,20626.5,True,False
Emergent_anticipation_chaos_bf1932,Emergent_boundary_cascade_7dd561,0.8575598949582912,20069.25,20626.84,True,False
Emergent_anticipation_chaos_bf1932,Emergent_boundary_carefully_576a67,0.83680560658859,20069.25,20665.36,True,False
Emergent_anticipation_chaos_bf1932,Emergent_autonomy_boundary_d1f10a,0.8397678955686707,20069.25,20665.7,True,False
Emergent_anticipation_chaos_bf1932,Emergent_boundary_bounded_9cca20,0.860827689261797,20069.25,20687.43,True,False
Emergent_anticipation_chaos_bf1932,Emergent_autonomy_boundary_625a34,0.8537483344322132,20069.25,20709.76,True,False
Emergent_anticipation_chaos_bf1932,Emergent_boundary_bounded_b40b8f,0.82659724738225,20069.25,20710.1,True,False
Emergent_anticipation_chaos_bf1932,Emergent_boundary_expression_ebc067,0.8360521326423036,20069.25,20731.44,True,False
Emergent_anticipation_chaos_bf1932,Emergent_boundary_bounded_fb55ca,0.8512939305649625,20069.25,20751.34,True,False
Emergent_anticipation_chaos_bf1932,Emergent_boundary_cascade_33cb56,0.8304704518517725,20069.25,20792.88,True,False
Emergent_anticipation_chaos_bf1932,Emergent_boundary_constraint_90bf41,0.8608285602713495,20069.25,20793.22,True,False
Emergent_anticipation_chaos_bf1932,Emergent_boundary_bounded_497fce,0.843299468361211,20069.25,20814.65,True,False
Emergent_anticipation_chaos_bf1932,Emergent_boundary_collective_f3e61d,0.8607875516671375,20069.25,20862.03,True,False
Emergent_anticipation_chaos_bf1932,Emergent_boundary_constraint_83de1c,0.8480771537792451,20069.25,20931.63,True,False
Emergent_anticipation_chaos_bf1932,Emergent_autonomy_boundary_945518,0.8483868519127975,20069.25,20956.2,True,False
Emergent_anticipation_chaos_bf1932,Emergent_constraint_expression_f97ab0,0.8608651671770406,20069.25,20978.3,True,False
Emergent_anticipation_chaos_bf1932,Emergent_autonomy_bounded_72bafc,0.8404774873389635,20069.25,21000.33,True,False
Emergent_anticipation_chaos_bf1932,Emergent_bounded_coherence_986ec1,0.8608412294971513,20069.25,21000.67,True,False
Emergent_anticipation_chaos_bf1932,Emergent_appears_asymmetry_9e9e75,0.8573860958006396,20069.25,21024.36,True,False
Emergent_anticipation_chaos_bf1932,Emergent_autonomy_boundary_053944,0.8500447019681538,20069.25,21138.39,True,False
Emergent_anticipation_chaos_bf1932,Emergent_boundary_clarity_c73874,0.8393486576666049,20069.25,21183.76,True,False
Emergent_anticipation_chaos_bf1932,Emergent_boundary_bounded_23b54b,0.8335186722998555,20069.25,21207.4,True,False
Emergent_anticipation_chaos_bf1932,Emergent_collective_contradiction_a82072,0.8478732125620727,20069.25,21229.28,True,False
Emergent_anticipation_chaos_bf1932,Emergent_clarity_complexity_55022a,0.8570612392236321,20069.25,21251.27,True,False
Emergent_anticipation_chaos_bf1932,Emergent_boundary_carefully_38337d,0.8571341496117448,20069.25,21270.45,True,False
Emergent_anticipation_chaos_bf1932,Emergent_boundary_carefully_98ec82,0.8463063127578327,20069.25,21313.15,True,False
Emergent_anticipation_chaos_bf1932,Emergent_clarity_cognition_198e32,0.8582451694611359,20069.25,21334.45,True,False
Emergent_anticipation_chaos_bf1932,Emergent_clarity_cognition_8dcbb2,0.8425244273105186,20069.25,21334.79,True,False
Emergent_anticipation_chaos_bf1932,Emergent_boundary_bounded_d6917c,0.8272654949908957,20069.25,21403.84,True,False
Emergent_anticipation_chaos_bf1932,Emergent_complexity_concept_0be476,0.9,20069.25,21548.74,True,False
Emergent_clarity_collective_093fe2,Emergent_autonomy_clarity_321c48,0.8484904728679163,20084.23,20084.57,True,False
Emergent_clarity_collective_093fe2,Emergent_collective_constraint_a92169,0.848490472869555,20084.23,20097.65,True,False
Emergent_clarity_collective_093fe2,Emergent_autonomy_constraint_a49d55,0.8311146197363148,20084.23,20097.99,True,False
Emergent_clarity_collective_093fe2,Emergent_clarity_ethical_4e34b8,0.848490473236341,20084.23,20109.91,True,False
Emergent_clarity_collective_093fe2,Emergent_cascade_clarity_f2350a,0.8484904732358416,20084.23,20110.25,True,False
Emergent_clarity_collective_093fe2,Emergent_appears_asymmetry_c0f5ef,0.8350206339289863,20084.23,20124.44,True,False
Emergent_clarity_collective_093fe2,Emergent_appears_asymmetry_8ccc17,0.8476903131115552,20084.23,20124.78,True,False
Emergent_clarity_collective_093fe2,Emergent_autonomy_clarity_0e59af,0.8484904734799237,20084.23,20138.94,True,False
Emergent_clarity_collective_093fe2,Emergent_clarity_collective_0c40c5,0.8139023281783637,20084.23,20139.28,True,False
Emergent_clarity_collective_093fe2,Emergent_autonomy_bounded_b11526,0.8484904733892433,20084.23,20152.81,True,False
Emergent_clarity_collective_093fe2,Emergent_autonomy_bounded_ab8b66,0.8484904733892433,20084.23,20153.15,True,False
Emergent_clarity_collective_093fe2,Emergent_analogy_autonomy_2771b0,0.8484904732165186,20084.23,20168.15,True,False
Emergent_clarity_collective_093fe2,Emergent_appears_asymmetry_3bd743,0.8484904732381093,20084.23,20182.19,True,False
Emergent_clarity_collective_093fe2,Emergent_boundary_cascade_d6e347,0.8343150717556551,20084.23,20196.65,True,False
Emergent_clarity_collective_093fe2,Emergent_autonomy_boundary_a0c946,0.8484904732596998,20084.23,20196.99,True,False
Emergent_clarity_collective_093fe2,Emergent_boundary_bounded_32e02f,0.8484904730746377,20084.23,20212.8,True,False
Emergent_clarity_collective_093fe2,Emergent_clarity_constraint_bf278c,0.8415097726853671,20084.23,20227.8,True,False
Emergent_clarity_collective_093fe2,Emergent_appears_asymmetry_ecd8f7,0.8484904718930462,20084.23,20261.06,True,False
Emergent_clarity_collective_093fe2,Emergent_bounded_clarity_be9203,0.8242168348027752,20084.23,20279.78,True,False
Emergent_clarity_collective_093fe2,Emergent_autonomy_carefully_dedeae,0.8390772388047056,20084.23,20298.22,True,False
Emergent_clarity_collective_093fe2,Emergent_carefully_cascade_579605,0.8484904531962703,20084.23,20298.56,True,False
Emergent_clarity_collective_093fe2,Emergent_carefully_coherence_6d638a,0.8481873431883082,20084.23,20333.92,True,False
Emergent_clarity_collective_093fe2,Emergent_carefully_coherence_c4d3bc,0.8447628082323451,20084.23,20334.26,True,False
Emergent_clarity_collective_093fe2,Emergent_bounded_carefully_f79645,0.8289286571473176,20084.23,20350.3,True,False
Emergent_clarity_collective_093fe2,Emergent_carefully_cognition_d8aefa,0.8390479872904175,20084.23,20368.6,True,False
Emergent_clarity_collective_093fe2,Emergent_abstraction_ambiguity_5c1c4f,0.8484904929486852,20084.23,20385.52,True,False
Emergent_clarity_collective_093fe2,Emergent_belief_revision_chaos_6abfe4,0.848490486397242,20084.23,20404.5,True,False
Emergent_clarity_collective_093fe2,Emergent_appears_asymmetry_8dba4c,0.8484904728079681,20084.23,20422.92,True,False
Emergent_clarity_collective_093fe2,Emergent_appears_asymmetry_07c4dc,0.8443963914294688,20084.23,20423.26,True,False
Emergent_clarity_collective_093fe2,Emergent_bounded_coherence_cdc8b7,0.8484904746110953,20084.23,20439.73,True,False
Emergent_clarity_collective_093fe2,Emergent_bounded_coherence_a2e9f5,0.842498035386674,20084.23,20478.65,True,False
Emergent_clarity_collective_093fe2,Emergent_bounded_coherence_7a6cb5,0.8484903279629108,20084.23,20478.99,True,False
Emergent_clarity_collective_093fe2,Emergent_boundary_bounded_bd6b1f,0.8431325550901023,20084.23,20563.41,True,False
Emergent_clarity_collective_093fe2,Emergent_boundary_clarity_f6e2e2,0.8484906526368392,20084.23,20585.63,True,False
Emergent_clarity_collective_093fe2,Emergent_attention_bounded_52b815,0.8484903913362962,20084.23,20607.73,True,False
Emergent_clarity_collective_093fe2,Emergent_attention_autonomy_5ae8f6,0.8484903913362962,20084.23,20608.07,True,False
Emergent_clarity_collective_093fe2,Emergent_autonomy_boundary_a7f146,0.8277491007731796,20084.23,20626.5,True,False
Emergent_clarity_collective_093fe2,Emergent_boundary_cascade_7dd561,0.8484903078309967,20084.23,20626.84,True,False
Emergent_clarity_collective_093fe2,Emergent_boundary_carefully_576a67,0.83680560658859,20084.23,20665.36,True,False
Emergent_clarity_collective_093fe2,Emergent_autonomy_boundary_d1f10a,0.8397678955686707,20084.23,20665.7,True,False
Emergent_clarity_collective_093fe2,Emergent_boundary_bounded_9cca20,0.8484895031765483,20084.23,20687.43,True,False
Emergent_clarity_collective_093fe2,Emergent_autonomy_boundary_625a34,0.8484888269963395,20084.23,20709.76,True,False
Emergent_clarity_collective_093fe2,Emergent_boundary_bounded_b40b8f,0.82659724738225,20084.23,20710.1,True,False
Emergent_clarity_collective_093fe2,Emergent_boundary_expression_ebc067,0.8360521326423036,20084.23,20731.44,True,False
Emergent_clarity_collective_093fe2,Emergent_boundary_bounded_fb55ca,0.8484876803863735,20084.23,20751.34,True,False
Emergent_clarity_collective_093fe2,Emergent_boundary_cascade_33cb56,0.8304704518517725,20084.23,20792.88,True,False
Emergent_clarity_collective_093fe2,Emergent_boundary_constraint_90bf41,0.8484906514489314,20084.23,20793.22,True,False
Emergent_clarity_collective_093fe2,Emergent_boundary_bounded_497fce,0.843299468361211,20084.23,20814.65,True,False
Emergent_clarity_collective_093fe2,Emergent_boundary_collective_f3e61d,0.8484479673430336,20084.23,20862.03,True,False
Emergent_clarity_collective_093fe2,Emergent_boundary_constraint_83de1c,0.8480771537792451,20084.23,20931.63,True,False
Emergent_clarity_collective_093fe2,Emergent_autonomy_boundary_945518,0.8483868519127975,20084.23,20956.2,True,False
Emergent_clarity_collective_093fe2,Emergent_constraint_expression_f97ab0,0.8485306938567565,20084.23,20978.3,True,False
Emergent_clarity_collective_093fe2,Emergent_autonomy_bounded_72bafc,0.8404774873389635,20084.23,21000.33,True,False
Emergent_clarity_collective_093fe2,Emergent_bounded_coherence_986ec1,0.8485067561768671,20084.23,21000.67,True,False
Emergent_clarity_collective_093fe2,Emergent_appears_asymmetry_9e9e75,0.8484725594913112,20084.23,21024.36,True,False
Emergent_clarity_collective_093fe2,Emergent_autonomy_boundary_053944,0.8474795157498474,20084.23,21138.39,True,False
Emergent_clarity_collective_093fe2,Emergent_boundary_clarity_c73874,0.8393486576666049,20084.23,21183.76,True,False
Emergent_clarity_collective_093fe2,Emergent_boundary_bounded_23b54b,0.8335186722998555,20084.23,21207.4,True,False
Emergent_clarity_collective_093fe2,Emergent_collective_contradiction_a82072,0.8478732125620727,20084.23,21229.28,True,False
Emergent_clarity_collective_093fe2,Emergent_clarity_complexity_55022a,0.8444781817689102,20084.23,21251.27,True,False
Emergent_clarity_collective_093fe2,Emergent_boundary_carefully_38337d,0.8445484345315568,20084.23,21270.45,True,False
Emergent_clarity_collective_093fe2,Emergent_boundary_carefully_98ec82,0.8463063127578327,20084.23,21313.15,True,False
Emergent_clarity_collective_093fe2,Emergent_clarity_cognition_198e32,0.8464474136425912,20084.23,21334.45,True,False
Emergent_clarity_collective_093fe2,Emergent_clarity_cognition_8dcbb2,0.8425244273105186,20084.23,21334.79,True,False
Emergent_clarity_collective_093fe2,Emergent_boundary_bounded_d6917c,0.8272654949908957,20084.23,21403.84,True,False
Emergent_clarity_collective_093fe2,Emergent_complexity_concept_0be476,0.9,20084.23,21548.74,True,False
Emergent_autonomy_clarity_321c48,Emergent_collective_constraint_a92169,0.8543905013335014,20084.57,20097.65,True,False
Emergent_autonomy_clarity_321c48,Emergent_autonomy_constraint_a49d55,0.8311146197387964,20084.57,20097.99,True,False
Emergent_autonomy_clarity_321c48,Emergent_clarity_ethical_4e34b8,0.8656297511801405,20084.57,20109.91,True,False
Emergent_autonomy_clarity_321c48,Emergent_cascade_clarity_f2350a,0.8501276791549093,20084.57,20110.25,True,False
Emergent_autonomy_clarity_321c48,Emergent_appears_asymmetry_c0f5ef,0.8350206339289863,20084.57,20124.44,True,False
Emergent_autonomy_clarity_321c48,Emergent_appears_asymmetry_8ccc17,0.8476903131115552,20084.57,20124.78,True,False
Emergent_autonomy_clarity_321c48,Emergent_autonomy_clarity_0e59af,0.8525087517191605,20084.57,20138.94,True,False
Emergent_autonomy_clarity_321c48,Emergent_clarity_collective_0c40c5,0.8139023281783637,20084.57,20139.28,True,False
Emergent_autonomy_clarity_321c48,Emergent_autonomy_bounded_b11526,0.8494291202035049,20084.57,20152.81,True,False
Emergent_autonomy_clarity_321c48,Emergent_autonomy_bounded_ab8b66,0.8637318671005532,20084.57,20153.15,True,False
Emergent_autonomy_clarity_321c48,Emergent_analogy_autonomy_2771b0,0.864698582208713,20084.57,20168.15,True,False
Emergent_autonomy_clarity_321c48,Emergent_appears_asymmetry_3bd743,0.8656297511710369,20084.57,20182.19,True,False
Emergent_autonomy_clarity_321c48,Emergent_boundary_cascade_d6e347,0.8343150717556551,20084.57,20196.65,True,False
Emergent_autonomy_clarity_321c48,Emergent_autonomy_boundary_a0c946,0.8562901565889367,20084.57,20196.99,True,False
Emergent_autonomy_clarity_321c48,Emergent_boundary_bounded_32e02f,0.8656297510075655,20084.57,20212.8,True,False
Emergent_autonomy_clarity_321c48,Emergent_clarity_constraint_bf278c,0.8415097726853671,20084.57,20227.8,True,False
Emergent_autonomy_clarity_321c48,Emergent_appears_asymmetry_ecd8f7,0.8591738456543643,20084.57,20261.06,True,False
Emergent_autonomy_clarity_321c48,Emergent_bounded_clarity_be9203,0.8242168348027752,20084.57,20279.78,True,False
Emergent_autonomy_clarity_321c48,Emergent_autonomy_carefully_dedeae,0.8390772388047056,20084.57,20298.22,True,False
Emergent_autonomy_clarity_321c48,Emergent_carefully_cascade_579605,0.8656297314023043,20084.57,20298.56,True,False
Emergent_autonomy_clarity_321c48,Emergent_carefully_coherence_6d638a,0.8481873431883082,20084.57,20333.92,True,False
Emergent_autonomy_clarity_321c48,Emergent_carefully_coherence_c4d3bc,0.8447628082323451,20084.57,20334.26,True,False
Emergent_autonomy_clarity_321c48,Emergent_bounded_carefully_f79645,0.8289286571473176,20084.57,20350.3,True,False
Emergent_autonomy_clarity_321c48,Emergent_carefully_cognition_d8aefa,0.8390479872904175,20084.57,20368.6,True,False
Emergent_autonomy_clarity_321c48,Emergent_abstraction_ambiguity_5c1c4f,0.8656297701107836,20084.57,20385.52,True,False
Emergent_autonomy_clarity_321c48,Emergent_belief_revision_chaos_6abfe4,0.8656297635593402,20084.57,20404.5,True,False
Emergent_autonomy_clarity_321c48,Emergent_appears_asymmetry_8dba4c,0.8508576782382482,20084.57,20422.92,True,False
Emergent_autonomy_clarity_321c48,Emergent_appears_asymmetry_07c4dc,0.8443963914294688,20084.57,20423.26,True,False
Emergent_autonomy_clarity_321c48,Emergent_bounded_coherence_cdc8b7,0.8494908111203212,20084.57,20439.73,True,False
Emergent_autonomy_clarity_321c48,Emergent_bounded_coherence_a2e9f5,0.842498035386674,20084.57,20478.65,True,False
Emergent_autonomy_clarity_321c48,Emergent_bounded_coherence_7a6cb5,0.8656296123022293,20084.57,20478.99,True,False
Emergent_autonomy_clarity_321c48,Emergent_boundary_bounded_bd6b1f,0.8431325550901023,20084.57,20563.41,True,False
Emergent_autonomy_clarity_321c48,Emergent_boundary_clarity_f6e2e2,0.8585695800510309,20084.57,20585.63,True,False
Emergent_autonomy_clarity_321c48,Emergent_attention_bounded_52b815,0.8656297360756255,20084.57,20607.73,True,False
Emergent_autonomy_clarity_321c48,Emergent_attention_autonomy_5ae8f6,0.8590595233936926,20084.57,20608.07,True,False
Emergent_autonomy_clarity_321c48,Emergent_autonomy_boundary_a7f146,0.8277491007731796,20084.57,20626.5,True,False
Emergent_autonomy_clarity_321c48,Emergent_boundary_cascade_7dd561,0.8575598949582912,20084.57,20626.84,True,False
Emergent_autonomy_clarity_321c48,Emergent_boundary_carefully_576a67,0.83680560658859,20084.57,20665.36,True,False
Emergent_autonomy_clarity_321c48,Emergent_autonomy_boundary_d1f10a,0.8397678955686707,20084.57,20665.7,True,False
Emergent_autonomy_clarity_321c48,Emergent_boundary_bounded_9cca20,0.8656286994913656,20084.57,20687.43,True,False
Emergent_autonomy_clarity_321c48,Emergent_autonomy_boundary_625a34,0.8537483344322132,20084.57,20709.76,True,False
Emergent_autonomy_clarity_321c48,Emergent_boundary_bounded_b40b8f,0.82659724738225,20084.57,20710.1,True,False
Emergent_autonomy_clarity_321c48,Emergent_boundary_expression_ebc067,0.8360521326423036,20084.57,20731.44,True,False
Emergent_autonomy_clarity_321c48,Emergent_boundary_bounded_fb55ca,0.8512939305649625,20084.57,20751.34,True,False
Emergent_autonomy_clarity_321c48,Emergent_boundary_cascade_33cb56,0.8304704518517725,20084.57,20792.88,True,False
Emergent_autonomy_clarity_321c48,Emergent_boundary_constraint_90bf41,0.8656294626129615,20084.57,20793.22,True,False
Emergent_autonomy_clarity_321c48,Emergent_boundary_bounded_497fce,0.843299468361211,20084.57,20814.65,True,False
Emergent_autonomy_clarity_321c48,Emergent_boundary_collective_f3e61d,0.8655891059766059,20084.57,20862.03,True,False
Emergent_autonomy_clarity_321c48,Emergent_boundary_constraint_83de1c,0.8480771537792451,20084.57,20931.63,True,False
Emergent_autonomy_clarity_321c48,Emergent_autonomy_boundary_945518,0.8483868519127975,20084.57,20956.2,True,False
Emergent_autonomy_clarity_321c48,Emergent_constraint_expression_f97ab0,0.865664732702951,20084.57,20978.3,True,False
Emergent_autonomy_clarity_321c48,Emergent_autonomy_bounded_72bafc,0.8404774873389635,20084.57,21000.33,True,False
Emergent_autonomy_clarity_321c48,Emergent_bounded_coherence_986ec1,0.8635587782051404,20084.57,21000.67,True,False
Emergent_autonomy_clarity_321c48,Emergent_appears_asymmetry_9e9e75,0.8573860958006396,20084.57,21024.36,True,False
Emergent_autonomy_clarity_321c48,Emergent_autonomy_boundary_053944,0.8500447019681538,20084.57,21138.39,True,False
Emergent_autonomy_clarity_321c48,Emergent_boundary_clarity_c73874,0.8393486576666049,20084.57,21183.76,True,False
Emergent_autonomy_clarity_321c48,Emergent_boundary_bounded_23b54b,0.8335186722998555,20084.57,21207.4,True,False
Emergent_autonomy_clarity_321c48,Emergent_collective_contradiction_a82072,0.8478732125620727,20084.57,21229.28,True,False
Emergent_autonomy_clarity_321c48,Emergent_clarity_complexity_55022a,0.8619575333094862,20084.57,21251.27,True,False
Emergent_autonomy_clarity_321c48,Emergent_boundary_carefully_38337d,0.8580005107532149,20084.57,21270.45,True,False
Emergent_autonomy_clarity_321c48,Emergent_boundary_carefully_98ec82,0.8463063127578327,20084.57,21313.15,True,False
Emergent_autonomy_clarity_321c48,Emergent_clarity_cognition_198e32,0.8582451694611359,20084.57,21334.45,True,False
Emergent_autonomy_clarity_321c48,Emergent_clarity_cognition_8dcbb2,0.8425244273105186,20084.57,21334.79,True,False
Emergent_autonomy_clarity_321c48,Emergent_boundary_bounded_d6917c,0.8272654949908957,20084.57,21403.84,True,False
Emergent_autonomy_clarity_321c48,Emergent_complexity_concept_0be476,0.9,20084.57,21548.74,True,False
Emergent_collective_constraint_a92169,Emergent_autonomy_constraint_a49d55,0.8311146197403578,20097.65,20097.99,True,False
Emergent_collective_constraint_a92169,Emergent_clarity_ethical_4e34b8,0.8543905016999178,20097.65,20109.91,True,False
Emergent_collective_constraint_a92169,Emergent_cascade_clarity_f2350a,0.8501276791574475,20097.65,20110.25,True,False
Emergent_collective_constraint_a92169,Emergent_appears_asymmetry_c0f5ef,0.8350206339289863,20097.65,20124.44,True,False
Emergent_collective_constraint_a92169,Emergent_appears_asymmetry_8ccc17,0.8476903131115552,20097.65,20124.78,True,False
Emergent_collective_constraint_a92169,Emergent_autonomy_clarity_0e59af,0.8525087517191605,20097.65,20138.94,True,False
Emergent_collective_constraint_a92169,Emergent_clarity_collective_0c40c5,0.8139023281783637,20097.65,20139.28,True,False
Emergent_collective_constraint_a92169,Emergent_autonomy_bounded_b11526,0.8494291202035049,20097.65,20152.81,True,False
Emergent_collective_constraint_a92169,Emergent_autonomy_bounded_ab8b66,0.8543905018438938,20097.65,20153.15,True,False
Emergent_collective_constraint_a92169,Emergent_analogy_autonomy_2771b0,0.8543905016711693,20097.65,20168.15,True,False
Emergent_collective_constraint_a92169,Emergent_appears_asymmetry_3bd743,0.8543905016927598,20097.65,20182.19,True,False
Emergent_collective_constraint_a92169,Emergent_boundary_cascade_d6e347,0.8343150717556551,20097.65,20196.65,True,False
Emergent_collective_constraint_a92169,Emergent_autonomy_boundary_a0c946,0.8543905017143503,20097.65,20196.99,True,False
Emergent_collective_constraint_a92169,Emergent_boundary_bounded_32e02f,0.8543905015292883,20097.65,20212.8,True,False
Emergent_collective_constraint_a92169,Emergent_clarity_constraint_bf278c,0.8415097726853671,20097.65,20227.8,True,False
Emergent_collective_constraint_a92169,Emergent_appears_asymmetry_ecd8f7,0.8543905003476966,20097.65,20261.06,True,False
Emergent_collective_constraint_a92169,Emergent_bounded_clarity_be9203,0.8242168348027752,20097.65,20279.78,True,False
Emergent_collective_constraint_a92169,Emergent_autonomy_carefully_dedeae,0.8390772388047056,20097.65,20298.22,True,False
Emergent_collective_constraint_a92169,Emergent_carefully_cascade_579605,0.8543904817449348,20097.65,20298.56,True,False
Emergent_collective_constraint_a92169,Emergent_carefully_coherence_6d638a,0.8481873431883082,20097.65,20333.92,True,False
Emergent_collective_constraint_a92169,Emergent_carefully_coherence_c4d3bc,0.8447628082323451,20097.65,20334.26,True,False
Emergent_collective_constraint_a92169,Emergent_bounded_carefully_f79645,0.8289286571473176,20097.65,20350.3,True,False
Emergent_collective_constraint_a92169,Emergent_carefully_cognition_d8aefa,0.8390479872904175,20097.65,20368.6,True,False
Emergent_collective_constraint_a92169,Emergent_abstraction_ambiguity_5c1c4f,0.8543905211379859,20097.65,20385.52,True,False
Emergent_collective_constraint_a92169,Emergent_belief_revision_chaos_6abfe4,0.8543905145865425,20097.65,20404.5,True,False
Emergent_collective_constraint_a92169,Emergent_appears_asymmetry_8dba4c,0.8508576782382482,20097.65,20422.92,True,False
Emergent_collective_constraint_a92169,Emergent_appears_asymmetry_07c4dc,0.8443963914294688,20097.65,20423.26,True,False
Emergent_collective_constraint_a92169,Emergent_bounded_coherence_cdc8b7,0.8494908111203212,20097.65,20439.73,True,False
Emergent_collective_constraint_a92169,Emergent_bounded_coherence_a2e9f5,0.842498035386674,20097.65,20478.65,True,False
Emergent_collective_constraint_a92169,Emergent_bounded_coherence_7a6cb5,0.8543903586228945,20097.65,20478.99,True,False
Emergent_collective_constraint_a92169,Emergent_boundary_bounded_bd6b1f,0.8431325550901023,20097.65,20563.41,True,False
Emergent_collective_constraint_a92169,Emergent_boundary_clarity_f6e2e2,0.8543906700265043,20097.65,20585.63,True,False
Emergent_collective_constraint_a92169,Emergent_attention_bounded_52b815,0.8543904656734154,20097.65,20607.73,True,False
Emergent_collective_constraint_a92169,Emergent_attention_autonomy_5ae8f6,0.8543904656734154,20097.65,20608.07,True,False
Emergent_collective_constraint_a92169,Emergent_autonomy_boundary_a7f146,0.8277491007731796,20097.65,20626.5,True,False
Emergent_collective_constraint_a92169,Emergent_boundary_cascade_7dd561,0.854390296746935,20097.65,20626.84,True,False
Emergent_collective_constraint_a92169,Emergent_boundary_carefully_576a67,0.83680560658859,20097.65,20665.36,True,False
Emergent_collective_constraint_a92169,Emergent_autonomy_boundary_d1f10a,0.8397678955686707,20097.65,20665.7,True,False
Emergent_collective_constraint_a92169,Emergent_boundary_bounded_9cca20,0.8543894920924866,20097.65,20687.43,True,False
Emergent_collective_constraint_a92169,Emergent_autonomy_boundary_625a34,0.8537483344322132,20097.65,20709.76,True,False
Emergent_collective_constraint_a92169,Emergent_boundary_bounded_b40b8f,0.82659724738225,20097.65,20710.1,True,False
Emergent_collective_constraint_a92169,Emergent_boundary_expression_ebc067,0.8360521326423036,20097.65,20731.44,True,False
Emergent_collective_constraint_a92169,Emergent_boundary_bounded_fb55ca,0.8512939305649625,20097.65,20751.34,True,False
Emergent_collective_constraint_a92169,Emergent_boundary_cascade_33cb56,0.8304704518517725,20097.65,20792.88,True,False
Emergent_collective_constraint_a92169,Emergent_boundary_constraint_90bf41,0.8543905077807432,20097.65,20793.22,True,False
Emergent_collective_constraint_a92169,Emergent_boundary_bounded_497fce,0.843299468361211,20097.65,20814.65,True,False
Emergent_collective_constraint_a92169,Emergent_boundary_collective_f3e61d,0.8543486248818708,20097.65,20862.03,True,False
Emergent_collective_constraint_a92169,Emergent_boundary_constraint_83de1c,0.8480771537792451,20097.65,20931.63,True,False
Emergent_collective_constraint_a92169,Emergent_autonomy_boundary_945518,0.8483868519127975,20097.65,20956.2,True,False
Emergent_collective_constraint_a92169,Emergent_constraint_expression_f97ab0,0.8544289073681106,20097.65,20978.3,True,False
Emergent_collective_constraint_a92169,Emergent_autonomy_bounded_72bafc,0.8404774873389635,20097.65,21000.33,True,False
Emergent_collective_constraint_a92169,Emergent_bounded_coherence_986ec1,0.8544049696882212,20097.65,21000.67,True,False
Emergent_collective_constraint_a92169,Emergent_appears_asymmetry_9e9e75,0.8543707730026653,20097.65,21024.36,True,False
Emergent_collective_constraint_a92169,Emergent_autonomy_boundary_053944,0.8500447019681538,20097.65,21138.39,True,False
Emergent_collective_constraint_a92169,Emergent_boundary_clarity_c73874,0.8393486576666049,20097.65,21183.76,True,False
Emergent_collective_constraint_a92169,Emergent_boundary_bounded_23b54b,0.8335186722998555,20097.65,21207.4,True,False
Emergent_collective_constraint_a92169,Emergent_collective_contradiction_a82072,0.8478732125620727,20097.65,21229.28,True,False
Emergent_collective_constraint_a92169,Emergent_clarity_complexity_55022a,0.8504952655605249,20097.65,21251.27,True,False
Emergent_collective_constraint_a92169,Emergent_boundary_carefully_38337d,0.850566789171308,20097.65,21270.45,True,False
Emergent_collective_constraint_a92169,Emergent_boundary_carefully_98ec82,0.8463063127578327,20097.65,21313.15,True,False
Emergent_collective_constraint_a92169,Emergent_clarity_cognition_198e32,0.8521381082932187,20097.65,21334.45,True,False
Emergent_collective_constraint_a92169,Emergent_clarity_cognition_8dcbb2,0.8425244273105186,20097.65,21334.79,True,False
Emergent_collective_constraint_a92169,Emergent_boundary_bounded_d6917c,0.8272654949908957,20097.65,21403.84,True,False
Emergent_collective_constraint_a92169,Emergent_complexity_concept_0be476,0.9,20097.65,21548.74,True,False
Emergent_autonomy_constraint_a49d55,Emergent_clarity_ethical_4e34b8,0.8311146200916317,20097.99,20109.91,True,False
Emergent_autonomy_constraint_a49d55,Emergent_cascade_clarity_f2350a,0.8311146200911588,20097.99,20110.25,True,False
Emergent_autonomy_constraint_a49d55,Emergent_appears_asymmetry_c0f5ef,0.8311146194198205,20097.99,20124.44,True,False
Emergent_autonomy_constraint_a49d55,Emergent_appears_asymmetry_8ccc17,0.8311146194217445,20097.99,20124.78,True,False
Emergent_autonomy_constraint_a49d55,Emergent_autonomy_clarity_0e59af,0.8311146203833681,20097.99,20138.94,True,False
Emergent_autonomy_constraint_a49d55,Emergent_clarity_collective_0c40c5,0.8139023281783637,20097.99,20139.28,True,False
Emergent_autonomy_constraint_a49d55,Emergent_autonomy_bounded_b11526,0.8311146202926878,20097.99,20152.81,True,False
Emergent_autonomy_constraint_a49d55,Emergent_autonomy_bounded_ab8b66,0.8311146202926878,20097.99,20153.15,True,False
Emergent_autonomy_constraint_a49d55,Emergent_analogy_autonomy_2771b0,0.8311146201125026,20097.99,20168.15,True,False
Emergent_autonomy_constraint_a49d55,Emergent_appears_asymmetry_3bd743,0.83111462013403,20097.99,20182.19,True,False
Emergent_autonomy_constraint_a49d55,Emergent_boundary_cascade_d6e347,0.8311146201555575,20097.99,20196.65,True,False
Emergent_autonomy_constraint_a49d55,Emergent_autonomy_boundary_a0c946,0.8311146201555575,20097.99,20196.99,True,False
Emergent_autonomy_constraint_a49d55,Emergent_boundary_bounded_32e02f,0.8311146199818757,20097.99,20212.8,True,False
Emergent_autonomy_constraint_a49d55,Emergent_clarity_constraint_bf278c,0.8311146197175014,20097.99,20227.8,True,False
Emergent_autonomy_constraint_a49d55,Emergent_appears_asymmetry_ecd8f7,0.8311146188002843,20097.99,20261.06,True,False
Emergent_autonomy_constraint_a49d55,Emergent_bounded_clarity_be9203,0.8242168348027752,20097.99,20279.78,True,False
Emergent_autonomy_constraint_a49d55,Emergent_autonomy_carefully_dedeae,0.8311145996587892,20097.99,20298.22,True,False
Emergent_autonomy_constraint_a49d55,Emergent_carefully_cascade_579605,0.8311145998274536,20097.99,20298.56,True,False
Emergent_autonomy_constraint_a49d55,Emergent_carefully_coherence_6d638a,0.8311145938092142,20097.99,20333.92,True,False
Emergent_autonomy_constraint_a49d55,Emergent_carefully_coherence_c4d3bc,0.8311145937879552,20097.99,20334.26,True,False
Emergent_autonomy_constraint_a49d55,Emergent_bounded_carefully_f79645,0.8289286571473176,20097.99,20350.3,True,False
Emergent_autonomy_constraint_a49d55,Emergent_carefully_cognition_d8aefa,0.8311146398707387,20097.99,20368.6,True,False
Emergent_autonomy_constraint_a49d55,Emergent_abstraction_ambiguity_5c1c4f,0.831114640635074,20097.99,20385.52,True,False
Emergent_autonomy_constraint_a49d55,Emergent_belief_revision_chaos_6abfe4,0.8311146340836308,20097.99,20404.5,True,False
Emergent_autonomy_constraint_a49d55,Emergent_appears_asymmetry_8dba4c,0.8311146206361895,20097.99,20422.92,True,False
Emergent_autonomy_constraint_a49d55,Emergent_appears_asymmetry_07c4dc,0.8311146205813134,20097.99,20423.26,True,False
Emergent_autonomy_constraint_a49d55,Emergent_bounded_coherence_cdc8b7,0.8311146224263957,20097.99,20439.73,True,False
Emergent_autonomy_constraint_a49d55,Emergent_bounded_coherence_a2e9f5,0.8311144645896726,20097.99,20478.65,True,False
Emergent_autonomy_constraint_a49d55,Emergent_bounded_coherence_7a6cb5,0.8311144683945983,20097.99,20478.99,True,False
Emergent_autonomy_constraint_a49d55,Emergent_boundary_bounded_bd6b1f,0.8311136907413961,20097.99,20563.41,True,False
Emergent_autonomy_constraint_a49d55,Emergent_boundary_clarity_f6e2e2,0.83111483203435,20097.99,20585.63,True,False
Emergent_autonomy_constraint_a49d55,Emergent_attention_bounded_52b815,0.8311144035181923,20097.99,20607.73,True,False
Emergent_autonomy_constraint_a49d55,Emergent_attention_autonomy_5ae8f6,0.8311144035181923,20097.99,20608.07,True,False
Emergent_autonomy_constraint_a49d55,Emergent_autonomy_boundary_a7f146,0.8277491007731796,20097.99,20626.5,True,False
Emergent_autonomy_constraint_a49d55,Emergent_boundary_cascade_7dd561,0.831114570836315,20097.99,20626.84,True,False
Emergent_autonomy_constraint_a49d55,Emergent_boundary_carefully_576a67,0.8311142395080129,20097.99,20665.36,True,False
Emergent_autonomy_constraint_a49d55,Emergent_autonomy_boundary_d1f10a,0.8311142395080129,20097.99,20665.7,True,False
Emergent_autonomy_constraint_a49d55,Emergent_boundary_bounded_9cca20,0.8311137661818666,20097.99,20687.43,True,False
Emergent_autonomy_constraint_a49d55,Emergent_autonomy_boundary_625a34,0.8311130900016581,20097.99,20709.76,True,False
Emergent_autonomy_constraint_a49d55,Emergent_boundary_bounded_b40b8f,0.82659724738225,20097.99,20710.1,True,False
Emergent_autonomy_constraint_a49d55,Emergent_boundary_expression_ebc067,0.8311117315156153,20097.99,20731.44,True,False
Emergent_autonomy_constraint_a49d55,Emergent_boundary_bounded_fb55ca,0.831111952986636,20097.99,20751.34,True,False
Emergent_autonomy_constraint_a49d55,Emergent_boundary_cascade_33cb56,0.8304704518517725,20097.99,20792.88,True,False
Emergent_autonomy_constraint_a49d55,Emergent_boundary_constraint_90bf41,0.8311153037628978,20097.99,20793.22,True,False
Emergent_autonomy_constraint_a49d55,Emergent_boundary_bounded_497fce,0.8311156323247095,20097.99,20814.65,True,False
Emergent_autonomy_constraint_a49d55,Emergent_boundary_collective_f3e61d,0.8310702670614665,20097.99,20862.03,True,False
Emergent_autonomy_constraint_a49d55,Emergent_boundary_constraint_83de1c,0.8310155699908097,20097.99,20931.63,True,False
Emergent_autonomy_constraint_a49d55,Emergent_autonomy_boundary_945518,0.8311769263836157,20097.99,20956.2,True,False
Emergent_autonomy_constraint_a49d55,Emergent_constraint_expression_f97ab0,0.8311601700076932,20097.99,20978.3,True,False
Emergent_autonomy_constraint_a49d55,Emergent_autonomy_bounded_72bafc,0.831136232327804,20097.99,21000.33,True,False
Emergent_autonomy_constraint_a49d55,Emergent_bounded_coherence_986ec1,0.831136232327804,20097.99,21000.67,True,False
Emergent_autonomy_constraint_a49d55,Emergent_appears_asymmetry_9e9e75,0.8311020356422478,20097.99,21024.36,True,False
Emergent_autonomy_constraint_a49d55,Emergent_autonomy_boundary_053944,0.8299671342785642,20097.99,21138.39,True,False
Emergent_autonomy_constraint_a49d55,Emergent_boundary_clarity_c73874,0.8260074696251472,20097.99,21183.76,True,False
Emergent_autonomy_constraint_a49d55,Emergent_boundary_bounded_23b54b,0.8275206503636805,20097.99,21207.4,True,False
Emergent_autonomy_constraint_a49d55,Emergent_collective_contradiction_a82072,0.8334657239894323,20097.99,21229.28,True,False
Emergent_autonomy_constraint_a49d55,Emergent_clarity_complexity_55022a,0.8268101334368985,20097.99,21251.27,True,False
Emergent_autonomy_constraint_a49d55,Emergent_boundary_carefully_38337d,0.8268766545901682,20097.99,21270.45,True,False
Emergent_autonomy_constraint_a49d55,Emergent_boundary_carefully_98ec82,0.8322083753665397,20097.99,21313.15,True,False
Emergent_autonomy_constraint_a49d55,Emergent_clarity_cognition_198e32,0.8297377463665399,20097.99,21334.45,True,False
Emergent_autonomy_constraint_a49d55,Emergent_clarity_cognition_8dcbb2,0.8297377463665399,20097.99,21334.79,True,False
Emergent_autonomy_constraint_a49d55,Emergent_boundary_bounded_d6917c,0.8127626763665399,20097.99,21403.84,True,False
Emergent_autonomy_constraint_a49d55,Emergent_complexity_concept_0be476,0.9,20097.99,21548.74,True,False
Emergent_clarity_ethical_4e34b8,Emergent_cascade_clarity_f2350a,0.8501276790769099,20109.91,20110.25,True,False
Emergent_clarity_ethical_4e34b8,Emergent_appears_asymmetry_c0f5ef,0.8350206339049351,20109.91,20124.44,True,False
Emergent_clarity_ethical_4e34b8,Emergent_appears_asymmetry_8ccc17,0.8476903130865328,20109.91,20124.78,True,False
Emergent_clarity_ethical_4e34b8,Emergent_autonomy_clarity_0e59af,0.8525087517191605,20109.91,20138.94,True,False
Emergent_clarity_ethical_4e34b8,Emergent_clarity_collective_0c40c5,0.8139023281783637,20109.91,20139.28,True,False
Emergent_clarity_ethical_4e34b8,Emergent_autonomy_bounded_b11526,0.8494291202035049,20109.91,20152.81,True,False
Emergent_clarity_ethical_4e34b8,Emergent_autonomy_bounded_ab8b66,0.8637318671005532,20109.91,20153.15,True,False
Emergent_clarity_ethical_4e34b8,Emergent_analogy_autonomy_2771b0,0.864698582208713,20109.91,20168.15,True,False
Emergent_clarity_ethical_4e34b8,Emergent_appears_asymmetry_3bd743,0.8755788765283983,20109.91,20182.19,True,False
Emergent_clarity_ethical_4e34b8,Emergent_boundary_cascade_d6e347,0.8343150717556551,20109.91,20196.65,True,False
Emergent_clarity_ethical_4e34b8,Emergent_autonomy_boundary_a0c946,0.8562901565889367,20109.91,20196.99,True,False
Emergent_clarity_ethical_4e34b8,Emergent_boundary_bounded_32e02f,0.8755788763649268,20109.91,20212.8,True,False
Emergent_clarity_ethical_4e34b8,Emergent_clarity_constraint_bf278c,0.8415097726853671,20109.91,20227.8,True,False
Emergent_clarity_ethical_4e34b8,Emergent_appears_asymmetry_ecd8f7,0.8591738456543643,20109.91,20261.06,True,False
Emergent_clarity_ethical_4e34b8,Emergent_bounded_clarity_be9203,0.8242168348027752,20109.91,20279.78,True,False
Emergent_clarity_ethical_4e34b8,Emergent_autonomy_carefully_dedeae,0.8390772388047056,20109.91,20298.22,True,False
Emergent_clarity_ethical_4e34b8,Emergent_carefully_cascade_579605,0.8682295433728038,20109.91,20298.56,True,False
Emergent_clarity_ethical_4e34b8,Emergent_carefully_coherence_6d638a,0.8481873431883082,20109.91,20333.92,True,False
Emergent_clarity_ethical_4e34b8,Emergent_carefully_coherence_c4d3bc,0.8447628082323451,20109.91,20334.26,True,False
Emergent_clarity_ethical_4e34b8,Emergent_bounded_carefully_f79645,0.8289286571473176,20109.91,20350.3,True,False
Emergent_clarity_ethical_4e34b8,Emergent_carefully_cognition_d8aefa,0.8390479872904175,20109.91,20368.6,True,False
Emergent_clarity_ethical_4e34b8,Emergent_abstraction_ambiguity_5c1c4f,0.867492904913514,20109.91,20385.52,True,False
Emergent_clarity_ethical_4e34b8,Emergent_belief_revision_chaos_6abfe4,0.8662788136100326,20109.91,20404.5,True,False
Emergent_clarity_ethical_4e34b8,Emergent_appears_asymmetry_8dba4c,0.8508576782382482,20109.91,20422.92,True,False
Emergent_clarity_ethical_4e34b8,Emergent_appears_asymmetry_07c4dc,0.8443963914294688,20109.91,20423.26,True,False
Emergent_clarity_ethical_4e34b8,Emergent_bounded_coherence_cdc8b7,0.8494908111203212,20109.91,20439.73,True,False
Emergent_clarity_ethical_4e34b8,Emergent_bounded_coherence_a2e9f5,0.842498035386674,20109.91,20478.65,True,False
Emergent_clarity_ethical_4e34b8,Emergent_bounded_coherence_7a6cb5,0.8674829820831578,20109.91,20478.99,True,False
Emergent_clarity_ethical_4e34b8,Emergent_boundary_bounded_bd6b1f,0.8431325550901023,20109.91,20563.41,True,False
Emergent_clarity_ethical_4e34b8,Emergent_boundary_clarity_f6e2e2,0.8585695800510309,20109.91,20585.63,True,False
Emergent_clarity_ethical_4e34b8,Emergent_attention_bounded_52b815,0.8708785011672708,20109.91,20607.73,True,False
Emergent_clarity_ethical_4e34b8,Emergent_attention_autonomy_5ae8f6,0.8590595233936926,20109.91,20608.07,True,False
Emergent_clarity_ethical_4e34b8,Emergent_autonomy_boundary_a7f146,0.8277491007731796,20109.91,20626.5,True,False
Emergent_clarity_ethical_4e34b8,Emergent_boundary_cascade_7dd561,0.8575598949582912,20109.91,20626.84,True,False
Emergent_clarity_ethical_4e34b8,Emergent_boundary_carefully_576a67,0.83680560658859,20109.91,20665.36,True,False
Emergent_clarity_ethical_4e34b8,Emergent_autonomy_boundary_d1f10a,0.8397678955686707,20109.91,20665.7,True,False
Emergent_clarity_ethical_4e34b8,Emergent_boundary_bounded_9cca20,0.8674032844031447,20109.91,20687.43,True,False
Emergent_clarity_ethical_4e34b8,Emergent_autonomy_boundary_625a34,0.8537483344322132,20109.91,20709.76,True,False
Emergent_clarity_ethical_4e34b8,Emergent_boundary_bounded_b40b8f,0.82659724738225,20109.91,20710.1,True,False
Emergent_clarity_ethical_4e34b8,Emergent_boundary_expression_ebc067,0.8360521326423036,20109.91,20731.44,True,False
Emergent_clarity_ethical_4e34b8,Emergent_boundary_bounded_fb55ca,0.8512939305649625,20109.91,20751.34,True,False
Emergent_clarity_ethical_4e34b8,Emergent_boundary_cascade_33cb56,0.8304704518517725,20109.91,20792.88,True,False
Emergent_clarity_ethical_4e34b8,Emergent_boundary_constraint_90bf41,0.8700492410306262,20109.91,20793.22,True,False
Emergent_clarity_ethical_4e34b8,Emergent_boundary_bounded_497fce,0.843299468361211,20109.91,20814.65,True,False
Emergent_clarity_ethical_4e34b8,Emergent_boundary_collective_f3e61d,0.8710021345996053,20109.91,20862.03,True,False
Emergent_clarity_ethical_4e34b8,Emergent_boundary_constraint_83de1c,0.8480771537792451,20109.91,20931.63,True,False
Emergent_clarity_ethical_4e34b8,Emergent_autonomy_boundary_945518,0.8483868519127975,20109.91,20956.2,True,False
Emergent_clarity_ethical_4e34b8,Emergent_constraint_expression_f97ab0,0.8668275691556748,20109.91,20978.3,True,False
Emergent_clarity_ethical_4e34b8,Emergent_autonomy_bounded_72bafc,0.8404774873389635,20109.91,21000.33,True,False
Emergent_clarity_ethical_4e34b8,Emergent_bounded_coherence_986ec1,0.8635587782051404,20109.91,21000.67,True,False
Emergent_clarity_ethical_4e34b8,Emergent_appears_asymmetry_9e9e75,0.8573860958006396,20109.91,21024.36,True,False
Emergent_clarity_ethical_4e34b8,Emergent_autonomy_boundary_053944,0.8500447019681538,20109.91,21138.39,True,False
Emergent_clarity_ethical_4e34b8,Emergent_boundary_clarity_c73874,0.8393486576666049,20109.91,21183.76,True,False
Emergent_clarity_ethical_4e34b8,Emergent_boundary_bounded_23b54b,0.8335186722998555,20109.91,21207.4,True,False
Emergent_clarity_ethical_4e34b8,Emergent_collective_contradiction_a82072,0.8478732125620727,20109.91,21229.28,True,False
Emergent_clarity_ethical_4e34b8,Emergent_clarity_complexity_55022a,0.8628447253335694,20109.91,21251.27,True,False
Emergent_clarity_ethical_4e34b8,Emergent_boundary_carefully_38337d,0.8580005107532149,20109.91,21270.45,True,False
Emergent_clarity_ethical_4e34b8,Emergent_boundary_carefully_98ec82,0.8463063127578327,20109.91,21313.15,True,False
Emergent_clarity_ethical_4e34b8,Emergent_clarity_cognition_198e32,0.8582451694611359,20109.91,21334.45,True,False
Emergent_clarity_ethical_4e34b8,Emergent_clarity_cognition_8dcbb2,0.8425244273105186,20109.91,21334.79,True,False
Emergent_clarity_ethical_4e34b8,Emergent_boundary_bounded_d6917c,0.8272654949908957,20109.91,21403.84,True,False
Emergent_clarity_ethical_4e34b8,Emergent_complexity_concept_0be476,0.9,20109.91,21548.74,True,False
Emergent_cascade_clarity_f2350a,Emergent_appears_asymmetry_c0f5ef,0.8350206339033388,20110.25,20124.44,True,False
Emergent_cascade_clarity_f2350a,Emergent_appears_asymmetry_8ccc17,0.8476903130848719,20110.25,20124.78,True,False
Emergent_cascade_clarity_f2350a,Emergent_autonomy_clarity_0e59af,0.8501276793943064,20110.25,20138.94,True,False
Emergent_cascade_clarity_f2350a,Emergent_clarity_collective_0c40c5,0.8139023281783637,20110.25,20139.28,True,False
Emergent_cascade_clarity_f2350a,Emergent_autonomy_bounded_b11526,0.8494291202035049,20110.25,20152.81,True,False
Emergent_cascade_clarity_f2350a,Emergent_autonomy_bounded_ab8b66,0.8501276793036261,20110.25,20153.15,True,False
Emergent_cascade_clarity_f2350a,Emergent_analogy_autonomy_2771b0,0.8501276791309016,20110.25,20168.15,True,False
Emergent_cascade_clarity_f2350a,Emergent_appears_asymmetry_3bd743,0.8501276791524921,20110.25,20182.19,True,False
Emergent_cascade_clarity_f2350a,Emergent_boundary_cascade_d6e347,0.8343150717556551,20110.25,20196.65,True,False
Emergent_cascade_clarity_f2350a,Emergent_autonomy_boundary_a0c946,0.8501276791740826,20110.25,20196.99,True,False
Emergent_cascade_clarity_f2350a,Emergent_boundary_bounded_32e02f,0.8501276789890206,20110.25,20212.8,True,False
Emergent_cascade_clarity_f2350a,Emergent_clarity_constraint_bf278c,0.8415097726853671,20110.25,20227.8,True,False
Emergent_cascade_clarity_f2350a,Emergent_appears_asymmetry_ecd8f7,0.8501276778074291,20110.25,20261.06,True,False
Emergent_cascade_clarity_f2350a,Emergent_bounded_clarity_be9203,0.8242168348027752,20110.25,20279.78,True,False
Emergent_cascade_clarity_f2350a,Emergent_autonomy_carefully_dedeae,0.8390772388047056,20110.25,20298.22,True,False
Emergent_cascade_clarity_f2350a,Emergent_carefully_cascade_579605,0.8501276591367413,20110.25,20298.56,True,False
Emergent_cascade_clarity_f2350a,Emergent_carefully_coherence_6d638a,0.8481873431883082,20110.25,20333.92,True,False
Emergent_cascade_clarity_f2350a,Emergent_carefully_coherence_c4d3bc,0.8447628082323451,20110.25,20334.26,True,False
Emergent_cascade_clarity_f2350a,Emergent_bounded_carefully_f79645,0.8289286571473176,20110.25,20350.3,True,False
Emergent_cascade_clarity_f2350a,Emergent_carefully_cognition_d8aefa,0.8390479872904175,20110.25,20368.6,True,False
Emergent_cascade_clarity_f2350a,Emergent_abstraction_ambiguity_5c1c4f,0.8501276987894357,20110.25,20385.52,True,False
Emergent_cascade_clarity_f2350a,Emergent_belief_revision_chaos_6abfe4,0.8501276922379926,20110.25,20404.5,True,False
Emergent_cascade_clarity_f2350a,Emergent_appears_asymmetry_8dba4c,0.8501276786353149,20110.25,20422.92,True,False
Emergent_cascade_clarity_f2350a,Emergent_appears_asymmetry_07c4dc,0.8443963914294688,20110.25,20423.26,True,False
Emergent_cascade_clarity_f2350a,Emergent_bounded_coherence_cdc8b7,0.8494908111203212,20110.25,20439.73,True,False
Emergent_cascade_clarity_f2350a,Emergent_bounded_coherence_a2e9f5,0.842498035386674,20110.25,20478.65,True,False
Emergent_cascade_clarity_f2350a,Emergent_bounded_coherence_7a6cb5,0.8501275344892543,20110.25,20478.99,True,False
Emergent_cascade_clarity_f2350a,Emergent_boundary_bounded_bd6b1f,0.8431325550901023,20110.25,20563.41,True,False
Emergent_cascade_clarity_f2350a,Emergent_boundary_clarity_f6e2e2,0.8501278554807861,20110.25,20585.63,True,False
Emergent_cascade_clarity_f2350a,Emergent_attention_bounded_52b815,0.85012760998266,20110.25,20607.73,True,False
Emergent_cascade_clarity_f2350a,Emergent_attention_autonomy_5ae8f6,0.85012760998266,20110.25,20608.07,True,False
Emergent_cascade_clarity_f2350a,Emergent_autonomy_boundary_a7f146,0.8277491007731796,20110.25,20626.5,True,False
Emergent_cascade_clarity_f2350a,Emergent_boundary_cascade_7dd561,0.8501275027737354,20110.25,20626.84,True,False
Emergent_cascade_clarity_f2350a,Emergent_boundary_carefully_576a67,0.83680560658859,20110.25,20665.36,True,False
Emergent_cascade_clarity_f2350a,Emergent_autonomy_boundary_d1f10a,0.8397678955686707,20110.25,20665.7,True,False
Emergent_cascade_clarity_f2350a,Emergent_boundary_bounded_9cca20,0.850126698119287,20110.25,20687.43,True,False
Emergent_cascade_clarity_f2350a,Emergent_autonomy_boundary_625a34,0.8501260219390783,20110.25,20709.76,True,False
Emergent_cascade_clarity_f2350a,Emergent_boundary_bounded_b40b8f,0.82659724738225,20110.25,20710.1,True,False
Emergent_cascade_clarity_f2350a,Emergent_boundary_expression_ebc067,0.8360521326423036,20110.25,20731.44,True,False
Emergent_cascade_clarity_f2350a,Emergent_boundary_bounded_fb55ca,0.8501248744223588,20110.25,20751.34,True,False
Emergent_cascade_clarity_f2350a,Emergent_boundary_cascade_33cb56,0.8304704518517725,20110.25,20792.88,True,False
Emergent_cascade_clarity_f2350a,Emergent_boundary_constraint_90bf41,0.850127809600743,20110.25,20793.22,True,False
Emergent_cascade_clarity_f2350a,Emergent_boundary_bounded_497fce,0.843299468361211,20110.25,20814.65,True,False
Emergent_cascade_clarity_f2350a,Emergent_boundary_collective_f3e61d,0.8500853478227357,20110.25,20862.03,True,False
Emergent_cascade_clarity_f2350a,Emergent_boundary_constraint_83de1c,0.8480771537792451,20110.25,20931.63,True,False
Emergent_cascade_clarity_f2350a,Emergent_autonomy_boundary_945518,0.8483868519127975,20110.25,20956.2,True,False
Emergent_cascade_clarity_f2350a,Emergent_constraint_expression_f97ab0,0.8501673961403651,20110.25,20978.3,True,False
Emergent_cascade_clarity_f2350a,Emergent_autonomy_bounded_72bafc,0.8404774873389635,20110.25,21000.33,True,False
Emergent_cascade_clarity_f2350a,Emergent_bounded_coherence_986ec1,0.8501434584604757,20110.25,21000.67,True,False
Emergent_cascade_clarity_f2350a,Emergent_appears_asymmetry_9e9e75,0.8501092617749195,20110.25,21024.36,True,False
Emergent_cascade_clarity_f2350a,Emergent_autonomy_boundary_053944,0.8491344924668716,20110.25,21138.39,True,False
Emergent_cascade_clarity_f2350a,Emergent_boundary_clarity_c73874,0.8393486576666049,20110.25,21183.76,True,False
Emergent_cascade_clarity_f2350a,Emergent_boundary_bounded_23b54b,0.8335186722998555,20110.25,21207.4,True,False
Emergent_cascade_clarity_f2350a,Emergent_collective_contradiction_a82072,0.8478732125620727,20110.25,21229.28,True,False
Emergent_cascade_clarity_f2350a,Emergent_clarity_complexity_55022a,0.8461478695079929,20110.25,21251.27,True,False
Emergent_cascade_clarity_f2350a,Emergent_boundary_carefully_38337d,0.8462184749198007,20110.25,21270.45,True,False
Emergent_cascade_clarity_f2350a,Emergent_boundary_carefully_98ec82,0.8463063127578327,20110.25,21313.15,True,False
Emergent_cascade_clarity_f2350a,Emergent_clarity_cognition_198e32,0.8480265312706785,20110.25,21334.45,True,False
Emergent_cascade_clarity_f2350a,Emergent_clarity_cognition_8dcbb2,0.8425244273105186,20110.25,21334.79,True,False
Emergent_cascade_clarity_f2350a,Emergent_boundary_bounded_d6917c,0.8272654949908957,20110.25,21403.84,True,False
Emergent_cascade_clarity_f2350a,Emergent_complexity_concept_0be476,0.9,20110.25,21548.74,True,False
Emergent_appears_asymmetry_c0f5ef,Emergent_appears_asymmetry_8ccc17,0.8350206338021706,20124.44,20124.78,True,False
Emergent_appears_asymmetry_c0f5ef,Emergent_autonomy_clarity_0e59af,0.835020634759446,20124.44,20138.94,True,False
Emergent_appears_asymmetry_c0f5ef,Emergent_clarity_collective_0c40c5,0.8139023280504643,20124.44,20139.28,True,False
Emergent_appears_asymmetry_c0f5ef,Emergent_autonomy_bounded_b11526,0.8350206347966651,20124.44,20152.81,True,False
Emergent_appears_asymmetry_c0f5ef,Emergent_autonomy_bounded_ab8b66,0.8350206347966651,20124.44,20153.15,True,False
Emergent_appears_asymmetry_c0f5ef,Emergent_analogy_autonomy_2771b0,0.8350206346239404,20124.44,20168.15,True,False
Emergent_appears_asymmetry_c0f5ef,Emergent_appears_asymmetry_3bd743,0.8350206346455309,20124.44,20182.19,True,False
Emergent_appears_asymmetry_c0f5ef,Emergent_boundary_cascade_d6e347,0.8343150717556551,20124.44,20196.65,True,False
Emergent_appears_asymmetry_c0f5ef,Emergent_autonomy_boundary_a0c946,0.8350206346671216,20124.44,20196.99,True,False
Emergent_appears_asymmetry_c0f5ef,Emergent_boundary_bounded_32e02f,0.8350206344820594,20124.44,20212.8,True,False
Emergent_appears_asymmetry_c0f5ef,Emergent_clarity_constraint_bf278c,0.8350206342176851,20124.44,20227.8,True,False
Emergent_appears_asymmetry_c0f5ef,Emergent_appears_asymmetry_ecd8f7,0.8350206333004679,20124.44,20261.06,True,False
Emergent_appears_asymmetry_c0f5ef,Emergent_bounded_clarity_be9203,0.8242168348027752,20124.44,20279.78,True,False
Emergent_appears_asymmetry_c0f5ef,Emergent_autonomy_carefully_dedeae,0.8350206142188967,20124.44,20298.22,True,False
Emergent_appears_asymmetry_c0f5ef,Emergent_carefully_cascade_579605,0.8350206143896879,20124.44,20298.56,True,False
Emergent_appears_asymmetry_c0f5ef,Emergent_carefully_coherence_6d638a,0.8350206083219474,20124.44,20333.92,True,False
Emergent_appears_asymmetry_c0f5ef,Emergent_carefully_coherence_c4d3bc,0.8350206083005889,20124.44,20334.26,True,False
Emergent_appears_asymmetry_c0f5ef,Emergent_bounded_carefully_f79645,0.8289286571473176,20124.44,20350.3,True,False
Emergent_appears_asymmetry_c0f5ef,Emergent_carefully_cognition_d8aefa,0.8350206541957883,20124.44,20368.6,True,False
Emergent_appears_asymmetry_c0f5ef,Emergent_abstraction_ambiguity_5c1c4f,0.8350206549601233,20124.44,20385.52,True,False
Emergent_appears_asymmetry_c0f5ef,Emergent_belief_revision_chaos_6abfe4,0.8350206484086802,20124.44,20404.5,True,False
Emergent_appears_asymmetry_c0f5ef,Emergent_appears_asymmetry_8dba4c,0.8350206349293585,20124.44,20422.92,True,False
Emergent_appears_asymmetry_c0f5ef,Emergent_appears_asymmetry_07c4dc,0.8350206348737903,20124.44,20423.26,True,False
Emergent_appears_asymmetry_c0f5ef,Emergent_bounded_coherence_cdc8b7,0.8350206367224688,20124.44,20439.73,True,False
Emergent_appears_asymmetry_c0f5ef,Emergent_bounded_coherence_a2e9f5,0.8350204805191106,20124.44,20478.65,True,False
Emergent_appears_asymmetry_c0f5ef,Emergent_bounded_coherence_7a6cb5,0.8350204843503295,20124.44,20478.99,True,False
Emergent_appears_asymmetry_c0f5ef,Emergent_boundary_bounded_bd6b1f,0.8350197125397114,20124.44,20563.41,True,False
Emergent_appears_asymmetry_c0f5ef,Emergent_boundary_clarity_f6e2e2,0.8350208392315046,20124.44,20585.63,True,False
Emergent_appears_asymmetry_c0f5ef,Emergent_attention_bounded_52b815,0.8350204483013817,20124.44,20607.73,True,False
Emergent_appears_asymmetry_c0f5ef,Emergent_attention_autonomy_5ae8f6,0.8350204483013817,20124.44,20608.07,True,False
Emergent_appears_asymmetry_c0f5ef,Emergent_autonomy_boundary_a7f146,0.8277491007731796,20124.44,20626.5,True,False
Emergent_appears_asymmetry_c0f5ef,Emergent_boundary_cascade_7dd561,0.8350205592404523,20124.44,20626.84,True,False
Emergent_appears_asymmetry_c0f5ef,Emergent_boundary_carefully_576a67,0.8350202279121499,20124.44,20665.36,True,False
Emergent_appears_asymmetry_c0f5ef,Emergent_autonomy_boundary_d1f10a,0.8350202279121499,20124.44,20665.7,True,False
Emergent_appears_asymmetry_c0f5ef,Emergent_boundary_bounded_9cca20,0.8350197545860036,20124.44,20687.43,True,False
Emergent_appears_asymmetry_c0f5ef,Emergent_autonomy_boundary_625a34,0.8350190784057949,20124.44,20709.76,True,False
Emergent_appears_asymmetry_c0f5ef,Emergent_boundary_bounded_b40b8f,0.82659724738225,20124.44,20710.1,True,False
Emergent_appears_asymmetry_c0f5ef,Emergent_boundary_expression_ebc067,0.8350177170004924,20124.44,20731.44,True,False
Emergent_appears_asymmetry_c0f5ef,Emergent_boundary_bounded_fb55ca,0.8350179392340613,20124.44,20751.34,True,False
Emergent_appears_asymmetry_c0f5ef,Emergent_boundary_cascade_33cb56,0.8304704518517725,20124.44,20792.88,True,False
Emergent_appears_asymmetry_c0f5ef,Emergent_boundary_constraint_90bf41,0.8350212046598458,20124.44,20793.22,True,False
Emergent_appears_asymmetry_c0f5ef,Emergent_boundary_bounded_497fce,0.8350215332216575,20124.44,20814.65,True,False
Emergent_appears_asymmetry_c0f5ef,Emergent_boundary_collective_f3e61d,0.8349766967651162,20124.44,20862.03,True,False
Emergent_appears_asymmetry_c0f5ef,Emergent_boundary_constraint_83de1c,0.8349213816302135,20124.44,20931.63,True,False
Emergent_appears_asymmetry_c0f5ef,Emergent_autonomy_boundary_945518,0.8350817429984247,20124.44,20956.2,True,False
Emergent_appears_asymmetry_c0f5ef,Emergent_constraint_expression_f97ab0,0.8350649866225022,20124.44,20978.3,True,False
Emergent_appears_asymmetry_c0f5ef,Emergent_autonomy_bounded_72bafc,0.835041048942613,20124.44,21000.33,True,False
Emergent_appears_asymmetry_c0f5ef,Emergent_bounded_coherence_986ec1,0.835041048942613,20124.44,21000.67,True,False
Emergent_appears_asymmetry_c0f5ef,Emergent_appears_asymmetry_9e9e75,0.8350068522570566,20124.44,21024.36,True,False
Emergent_appears_asymmetry_c0f5ef,Emergent_autonomy_boundary_053944,0.8339034950131698,20124.44,21138.39,True,False
Emergent_appears_asymmetry_c0f5ef,Emergent_boundary_clarity_c73874,0.8298939023223733,20124.44,21183.76,True,False
Emergent_appears_asymmetry_c0f5ef,Emergent_boundary_bounded_23b54b,0.831427985143169,20124.44,21207.4,True,False
Emergent_appears_asymmetry_c0f5ef,Emergent_collective_contradiction_a82072,0.8372966044422678,20124.44,21229.28,True,False
Emergent_appears_asymmetry_c0f5ef,Emergent_clarity_complexity_55022a,0.8307814843251424,20124.44,21251.27,True,False
Emergent_appears_asymmetry_c0f5ef,Emergent_boundary_carefully_38337d,0.8308488442541468,20124.44,21270.45,True,False
Emergent_appears_asymmetry_c0f5ef,Emergent_boundary_carefully_98ec82,0.8359643053216765,20124.44,21313.15,True,False
Emergent_appears_asymmetry_c0f5ef,Emergent_clarity_cognition_198e32,0.8334936763216767,20124.44,21334.45,True,False
Emergent_appears_asymmetry_c0f5ef,Emergent_clarity_cognition_8dcbb2,0.8334936763216767,20124.44,21334.79,True,False
Emergent_appears_asymmetry_c0f5ef,Emergent_boundary_bounded_d6917c,0.8165186063216767,20124.44,21403.84,True,False
Emergent_appears_asymmetry_c0f5ef,Emergent_complexity_concept_0be476,0.9,20124.44,21548.74,True,False
Emergent_appears_asymmetry_8ccc17,Emergent_autonomy_clarity_0e59af,0.8476903139297389,20124.78,20138.94,True,False
Emergent_appears_asymmetry_8ccc17,Emergent_clarity_collective_0c40c5,0.8139023280542719,20124.78,20139.28,True,False
Emergent_appears_asymmetry_8ccc17,Emergent_autonomy_bounded_b11526,0.8476903139631504,20124.78,20152.81,True,False
Emergent_appears_asymmetry_8ccc17,Emergent_autonomy_bounded_ab8b66,0.8476903139631504,20124.78,20153.15,True,False
Emergent_appears_asymmetry_8ccc17,Emergent_analogy_autonomy_2771b0,0.8476903137904259,20124.78,20168.15,True,False
Emergent_appears_asymmetry_8ccc17,Emergent_appears_asymmetry_3bd743,0.8476903138120162,20124.78,20182.19,True,False
Emergent_appears_asymmetry_8ccc17,Emergent_boundary_cascade_d6e347,0.8343150717556551,20124.78,20196.65,True,False
Emergent_appears_asymmetry_8ccc17,Emergent_autonomy_boundary_a0c946,0.8476903138336069,20124.78,20196.99,True,False
Emergent_appears_asymmetry_8ccc17,Emergent_boundary_bounded_32e02f,0.8476903136485447,20124.78,20212.8,True,False
Emergent_appears_asymmetry_8ccc17,Emergent_clarity_constraint_bf278c,0.8415097726853671,20124.78,20227.8,True,False
Emergent_appears_asymmetry_8ccc17,Emergent_appears_asymmetry_ecd8f7,0.8476903124669533,20124.78,20261.06,True,False
Emergent_appears_asymmetry_8ccc17,Emergent_bounded_clarity_be9203,0.8242168348027752,20124.78,20279.78,True,False
Emergent_appears_asymmetry_8ccc17,Emergent_autonomy_carefully_dedeae,0.8390772388047056,20124.78,20298.22,True,False
Emergent_appears_asymmetry_8ccc17,Emergent_carefully_cascade_579605,0.847690293757442,20124.78,20298.56,True,False
Emergent_appears_asymmetry_8ccc17,Emergent_carefully_coherence_6d638a,0.8476902875291381,20124.78,20333.92,True,False
Emergent_appears_asymmetry_8ccc17,Emergent_carefully_coherence_c4d3bc,0.8447628082323451,20124.78,20334.26,True,False
Emergent_appears_asymmetry_8ccc17,Emergent_bounded_carefully_f79645,0.8289286571473176,20124.78,20350.3,True,False
Emergent_appears_asymmetry_8ccc17,Emergent_carefully_cognition_d8aefa,0.8390479872904175,20124.78,20368.6,True,False
Emergent_appears_asymmetry_8ccc17,Emergent_abstraction_ambiguity_5c1c4f,0.8476903335585373,20124.78,20385.52,True,False
Emergent_appears_asymmetry_8ccc17,Emergent_belief_revision_chaos_6abfe4,0.8476903270070941,20124.78,20404.5,True,False
Emergent_appears_asymmetry_8ccc17,Emergent_appears_asymmetry_8dba4c,0.8476903134243634,20124.78,20422.92,True,False
Emergent_appears_asymmetry_8ccc17,Emergent_appears_asymmetry_07c4dc,0.8443963914294688,20124.78,20423.26,True,False
Emergent_appears_asymmetry_8ccc17,Emergent_bounded_coherence_cdc8b7,0.8476903152268944,20124.78,20439.73,True,False
Emergent_appears_asymmetry_8ccc17,Emergent_bounded_coherence_a2e9f5,0.842498035386674,20124.78,20478.65,True,False
Emergent_appears_asymmetry_8ccc17,Emergent_bounded_coherence_7a6cb5,0.8476901682380775,20124.78,20478.99,True,False
Emergent_appears_asymmetry_8ccc17,Emergent_boundary_bounded_bd6b1f,0.8431325550901023,20124.78,20563.41,True,False
Emergent_appears_asymmetry_8ccc17,Emergent_boundary_clarity_f6e2e2,0.84769049470964,20124.78,20585.63,True,False
Emergent_appears_asymmetry_8ccc17,Emergent_attention_bounded_52b815,0.847690225694836,20124.78,20607.73,True,False
Emergent_appears_asymmetry_8ccc17,Emergent_attention_autonomy_5ae8f6,0.847690225694836,20124.78,20608.07,True,False
Emergent_appears_asymmetry_8ccc17,Emergent_autonomy_boundary_a7f146,0.8277491007731796,20124.78,20626.5,True,False
Emergent_appears_asymmetry_8ccc17,Emergent_boundary_cascade_7dd561,0.8476901537609283,20124.78,20626.84,True,False
Emergent_appears_asymmetry_8ccc17,Emergent_boundary_carefully_576a67,0.83680560658859,20124.78,20665.36,True,False
Emergent_appears_asymmetry_8ccc17,Emergent_autonomy_boundary_d1f10a,0.8397678955686707,20124.78,20665.7,True,False
Emergent_appears_asymmetry_8ccc17,Emergent_boundary_bounded_9cca20,0.8476893491064799,20124.78,20687.43,True,False
Emergent_appears_asymmetry_8ccc17,Emergent_autonomy_boundary_625a34,0.8476886729262711,20124.78,20709.76,True,False
Emergent_appears_asymmetry_8ccc17,Emergent_boundary_bounded_b40b8f,0.82659724738225,20124.78,20710.1,True,False
Emergent_appears_asymmetry_8ccc17,Emergent_boundary_expression_ebc067,0.8360521326423036,20124.78,20731.44,True,False
Emergent_appears_asymmetry_8ccc17,Emergent_boundary_bounded_fb55ca,0.8476875267589543,20124.78,20751.34,True,False
Emergent_appears_asymmetry_8ccc17,Emergent_boundary_cascade_33cb56,0.8304704518517725,20124.78,20792.88,True,False
Emergent_appears_asymmetry_8ccc17,Emergent_boundary_constraint_90bf41,0.8476905153390792,20124.78,20793.22,True,False
Emergent_appears_asymmetry_8ccc17,Emergent_boundary_bounded_497fce,0.843299468361211,20124.78,20814.65,True,False
Emergent_appears_asymmetry_8ccc17,Emergent_boundary_collective_f3e61d,0.8476477226994388,20124.78,20862.03,True,False
Emergent_appears_asymmetry_8ccc17,Emergent_boundary_constraint_83de1c,0.8475904027906935,20124.78,20931.63,True,False
Emergent_appears_asymmetry_8ccc17,Emergent_autonomy_boundary_945518,0.8477475366638769,20124.78,20956.2,True,False
Emergent_appears_asymmetry_8ccc17,Emergent_constraint_expression_f97ab0,0.8477307802879546,20124.78,20978.3,True,False
Emergent_appears_asymmetry_8ccc17,Emergent_autonomy_bounded_72bafc,0.8404774873389635,20124.78,21000.33,True,False
Emergent_appears_asymmetry_8ccc17,Emergent_bounded_coherence_986ec1,0.8477068426080652,20124.78,21000.67,True,False
Emergent_appears_asymmetry_8ccc17,Emergent_appears_asymmetry_9e9e75,0.847672645922509,20124.78,21024.36,True,False
Emergent_appears_asymmetry_8ccc17,Emergent_autonomy_boundary_053944,0.8466716062397566,20124.78,21138.39,True,False
Emergent_appears_asymmetry_8ccc17,Emergent_boundary_clarity_c73874,0.8393486576666049,20124.78,21183.76,True,False
Emergent_appears_asymmetry_8ccc17,Emergent_boundary_bounded_23b54b,0.8335186722998555,20124.78,21207.4,True,False
Emergent_appears_asymmetry_8ccc17,Emergent_collective_contradiction_a82072,0.8478732125620727,20124.78,21229.28,True,False
Emergent_appears_asymmetry_8ccc17,Emergent_clarity_complexity_55022a,0.8436630907833933,20124.78,21251.27,True,False
Emergent_appears_asymmetry_8ccc17,Emergent_boundary_carefully_38337d,0.8437331713934,20124.78,21270.45,True,False
Emergent_appears_asymmetry_8ccc17,Emergent_boundary_carefully_98ec82,0.8463063127578327,20124.78,21313.15,True,False
Emergent_appears_asymmetry_8ccc17,Emergent_clarity_cognition_198e32,0.8456765362422267,20124.78,21334.45,True,False
Emergent_appears_asymmetry_8ccc17,Emergent_clarity_cognition_8dcbb2,0.8425244273105186,20124.78,21334.79,True,False
Emergent_appears_asymmetry_8ccc17,Emergent_boundary_bounded_d6917c,0.8272654949908957,20124.78,21403.84,True,False
Emergent_appears_asymmetry_8ccc17,Emergent_complexity_concept_0be476,0.9,20124.78,21548.74,True,False
Emergent_autonomy_clarity_0e59af,Emergent_clarity_collective_0c40c5,0.8139023279667761,20138.94,20139.28,True,False
Emergent_autonomy_clarity_0e59af,Emergent_autonomy_bounded_b11526,0.8494291202035049,20138.94,20152.81,True,False
Emergent_autonomy_clarity_0e59af,Emergent_autonomy_bounded_ab8b66,0.8525087516284799,20138.94,20153.15,True,False
Emergent_autonomy_clarity_0e59af,Emergent_analogy_autonomy_2771b0,0.8525087514557554,20138.94,20168.15,True,False
Emergent_autonomy_clarity_0e59af,Emergent_appears_asymmetry_3bd743,0.8525087514773462,20138.94,20182.19,True,False
Emergent_autonomy_clarity_0e59af,Emergent_boundary_cascade_d6e347,0.8343150717556551,20138.94,20196.65,True,False
Emergent_autonomy_clarity_0e59af,Emergent_autonomy_boundary_a0c946,0.8525087514989367,20138.94,20196.99,True,False
Emergent_autonomy_clarity_0e59af,Emergent_boundary_bounded_32e02f,0.8525087513138745,20138.94,20212.8,True,False
Emergent_autonomy_clarity_0e59af,Emergent_clarity_constraint_bf278c,0.8415097726853671,20138.94,20227.8,True,False
Emergent_autonomy_clarity_0e59af,Emergent_appears_asymmetry_ecd8f7,0.852508750132283,20138.94,20261.06,True,False
Emergent_autonomy_clarity_0e59af,Emergent_bounded_clarity_be9203,0.8242168348027752,20138.94,20279.78,True,False
Emergent_autonomy_clarity_0e59af,Emergent_autonomy_carefully_dedeae,0.8390772388047056,20138.94,20298.22,True,False
Emergent_autonomy_clarity_0e59af,Emergent_carefully_cascade_579605,0.8525087314995363,20138.94,20298.56,True,False
Emergent_autonomy_clarity_0e59af,Emergent_carefully_coherence_6d638a,0.8481873431883082,20138.94,20333.92,True,False
Emergent_autonomy_clarity_0e59af,Emergent_carefully_coherence_c4d3bc,0.8447628082323451,20138.94,20334.26,True,False
Emergent_autonomy_clarity_0e59af,Emergent_bounded_carefully_f79645,0.8289286571473176,20138.94,20350.3,True,False
Emergent_autonomy_clarity_0e59af,Emergent_carefully_cognition_d8aefa,0.8390479872904175,20138.94,20368.6,True,False
Emergent_autonomy_clarity_0e59af,Emergent_abstraction_ambiguity_5c1c4f,0.8525087710072026,20138.94,20385.52,True,False
Emergent_autonomy_clarity_0e59af,Emergent_belief_revision_chaos_6abfe4,0.8525087644557594,20138.94,20404.5,True,False
Emergent_autonomy_clarity_0e59af,Emergent_appears_asymmetry_8dba4c,0.8508576782382482,20138.94,20422.92,True,False
Emergent_autonomy_clarity_0e59af,Emergent_appears_asymmetry_07c4dc,0.8443963914294688,20138.94,20423.26,True,False
Emergent_autonomy_clarity_0e59af,Emergent_bounded_coherence_cdc8b7,0.8494908111203212,20138.94,20439.73,True,False
Emergent_autonomy_clarity_0e59af,Emergent_bounded_coherence_a2e9f5,0.842498035386674,20138.94,20478.65,True,False
Emergent_autonomy_clarity_0e59af,Emergent_bounded_coherence_7a6cb5,0.8525086077041135,20138.94,20478.99,True,False
Emergent_autonomy_clarity_0e59af,Emergent_boundary_bounded_bd6b1f,0.8431325550901023,20138.94,20563.41,True,False
Emergent_autonomy_clarity_0e59af,Emergent_boundary_clarity_f6e2e2,0.8525089233401479,20138.94,20585.63,True,False
Emergent_autonomy_clarity_0e59af,Emergent_attention_bounded_52b815,0.8525087008242849,20138.94,20607.73,True,False
Emergent_autonomy_clarity_0e59af,Emergent_attention_autonomy_5ae8f6,0.8525087008242849,20138.94,20608.07,True,False
Emergent_autonomy_clarity_0e59af,Emergent_autonomy_boundary_a7f146,0.8277491007731796,20138.94,20626.5,True,False
Emergent_autonomy_clarity_0e59af,Emergent_boundary_cascade_7dd561,0.8525085591419657,20138.94,20626.84,True,False
Emergent_autonomy_clarity_0e59af,Emergent_boundary_carefully_576a67,0.83680560658859,20138.94,20665.36,True,False
Emergent_autonomy_clarity_0e59af,Emergent_autonomy_boundary_d1f10a,0.8397678955686707,20138.94,20665.7,True,False
Emergent_autonomy_clarity_0e59af,Emergent_boundary_bounded_9cca20,0.8525077544875173,20138.94,20687.43,True,False
Emergent_autonomy_clarity_0e59af,Emergent_autonomy_boundary_625a34,0.8525070783073085,20138.94,20709.76,True,False
Emergent_autonomy_clarity_0e59af,Emergent_boundary_bounded_b40b8f,0.82659724738225,20138.94,20710.1,True,False
Emergent_autonomy_clarity_0e59af,Emergent_boundary_expression_ebc067,0.8360521326423036,20138.94,20731.44,True,False
Emergent_autonomy_clarity_0e59af,Emergent_boundary_bounded_fb55ca,0.8512939305649625,20138.94,20751.34,True,False
Emergent_autonomy_clarity_0e59af,Emergent_boundary_cascade_33cb56,0.8304704518517725,20138.94,20792.88,True,False
Emergent_autonomy_clarity_0e59af,Emergent_boundary_constraint_90bf41,0.8525088124620459,20138.94,20793.22,True,False
Emergent_autonomy_clarity_0e59af,Emergent_boundary_bounded_497fce,0.843299468361211,20138.94,20814.65,True,False
Emergent_autonomy_clarity_0e59af,Emergent_boundary_collective_f3e61d,0.8524666740268647,20138.94,20862.03,True,False
Emergent_autonomy_clarity_0e59af,Emergent_boundary_constraint_83de1c,0.8480771537792451,20138.94,20931.63,True,False
Emergent_autonomy_clarity_0e59af,Emergent_autonomy_boundary_945518,0.8483868519127975,20138.94,20956.2,True,False
Emergent_autonomy_clarity_0e59af,Emergent_constraint_expression_f97ab0,0.8525477360092168,20138.94,20978.3,True,False
Emergent_autonomy_clarity_0e59af,Emergent_autonomy_bounded_72bafc,0.8404774873389635,20138.94,21000.33,True,False
Emergent_autonomy_clarity_0e59af,Emergent_bounded_coherence_986ec1,0.8525237983293275,20138.94,21000.67,True,False
Emergent_autonomy_clarity_0e59af,Emergent_appears_asymmetry_9e9e75,0.8524896016437713,20138.94,21024.36,True,False
Emergent_autonomy_clarity_0e59af,Emergent_autonomy_boundary_053944,0.8500447019681538,20138.94,21138.39,True,False
Emergent_autonomy_clarity_0e59af,Emergent_boundary_clarity_c73874,0.8393486576666049,20138.94,21183.76,True,False
Emergent_autonomy_clarity_0e59af,Emergent_boundary_bounded_23b54b,0.8335186722998555,20138.94,21207.4,True,False
Emergent_autonomy_clarity_0e59af,Emergent_collective_contradiction_a82072,0.8478732125620727,20138.94,21229.28,True,False
Emergent_autonomy_clarity_0e59af,Emergent_clarity_complexity_55022a,0.8485761818123594,20138.94,21251.27,True,False
Emergent_autonomy_clarity_0e59af,Emergent_boundary_carefully_38337d,0.8486473000998846,20138.94,21270.45,True,False
Emergent_autonomy_clarity_0e59af,Emergent_boundary_carefully_98ec82,0.8463063127578327,20138.94,21313.15,True,False
Emergent_autonomy_clarity_0e59af,Emergent_clarity_cognition_198e32,0.8503231228288297,20138.94,21334.45,True,False
Emergent_autonomy_clarity_0e59af,Emergent_clarity_cognition_8dcbb2,0.8425244273105186,20138.94,21334.79,True,False
Emergent_autonomy_clarity_0e59af,Emergent_boundary_bounded_d6917c,0.8272654949908957,20138.94,21403.84,True,False
Emergent_autonomy_clarity_0e59af,Emergent_complexity_concept_0be476,0.9,20138.94,21548.74,True,False
Emergent_clarity_collective_0c40c5,Emergent_autonomy_bounded_b11526,0.8139023280876831,20139.28,20152.81,True,False
Emergent_clarity_collective_0c40c5,Emergent_autonomy_bounded_ab8b66,0.8139023280876831,20139.28,20153.15,True,False
Emergent_clarity_collective_0c40c5,Emergent_analogy_autonomy_2771b0,0.8139023277663537,20139.28,20168.15,True,False
Emergent_clarity_collective_0c40c5,Emergent_appears_asymmetry_3bd743,0.813902327786685,20139.28,20182.19,True,False
Emergent_clarity_collective_0c40c5,Emergent_boundary_cascade_d6e347,0.8139023278070163,20139.28,20196.65,True,False
Emergent_clarity_collective_0c40c5,Emergent_autonomy_boundary_a0c946,0.8139023278070163,20139.28,20196.99,True,False
Emergent_clarity_collective_0c40c5,Emergent_boundary_bounded_32e02f,0.8139023278486395,20139.28,20212.8,True,False
Emergent_clarity_collective_0c40c5,Emergent_clarity_constraint_bf278c,0.8139023275842652,20139.28,20227.8,True,False
Emergent_clarity_collective_0c40c5,Emergent_appears_asymmetry_ecd8f7,0.813902326667048,20139.28,20261.06,True,False
Emergent_clarity_collective_0c40c5,Emergent_bounded_clarity_be9203,0.8139023256225419,20139.28,20279.78,True,False
Emergent_clarity_collective_0c40c5,Emergent_autonomy_carefully_dedeae,0.8139023072614922,20139.28,20298.22,True,False
Emergent_clarity_collective_0c40c5,Emergent_carefully_cascade_579605,0.813902307420785,20139.28,20298.56,True,False
Emergent_clarity_collective_0c40c5,Emergent_carefully_coherence_6d638a,0.8139023016206777,20139.28,20333.92,True,False
Emergent_clarity_collective_0c40c5,Emergent_carefully_coherence_c4d3bc,0.8139023015998554,20139.28,20334.26,True,False
Emergent_clarity_collective_0c40c5,Emergent_bounded_carefully_f79645,0.8139023538595964,20139.28,20350.3,True,False
Emergent_clarity_collective_0c40c5,Emergent_carefully_cognition_d8aefa,0.8139023485092514,20139.28,20368.6,True,False
Emergent_clarity_collective_0c40c5,Emergent_abstraction_ambiguity_5c1c4f,0.8139023492735864,20139.28,20385.52,True,False
Emergent_clarity_collective_0c40c5,Emergent_belief_revision_chaos_6abfe4,0.8139023427221432,20139.28,20404.5,True,False
Emergent_clarity_collective_0c40c5,Emergent_appears_asymmetry_8dba4c,0.8139023294151877,20139.28,20422.92,True,False
Emergent_clarity_collective_0c40c5,Emergent_appears_asymmetry_07c4dc,0.8139023293633605,20139.28,20423.26,True,False
Emergent_clarity_collective_0c40c5,Emergent_bounded_coherence_cdc8b7,0.813902331192595,20139.28,20439.73,True,False
Emergent_clarity_collective_0c40c5,Emergent_bounded_coherence_a2e9f5,0.8139021661582675,20139.28,20478.65,True,False
Emergent_clarity_collective_0c40c5,Emergent_bounded_coherence_7a6cb5,0.8139021698473283,20139.28,20478.99,True,False
Emergent_clarity_collective_0c40c5,Emergent_boundary_bounded_bd6b1f,0.8139013664481214,20139.28,20563.41,True,False
Emergent_clarity_collective_0c40c5,Emergent_boundary_clarity_f6e2e2,0.8139025720827333,20139.28,20585.63,True,False
Emergent_clarity_collective_0c40c5,Emergent_attention_bounded_52b815,0.8139019779394865,20139.28,20607.73,True,False
Emergent_clarity_collective_0c40c5,Emergent_attention_autonomy_5ae8f6,0.8139019779394865,20139.28,20608.07,True,False
Emergent_clarity_collective_0c40c5,Emergent_autonomy_boundary_a7f146,0.813902393698243,20139.28,20626.5,True,False
Emergent_clarity_collective_0c40c5,Emergent_boundary_cascade_7dd561,0.813902393698243,20139.28,20626.84,True,False
Emergent_clarity_collective_0c40c5,Emergent_boundary_carefully_576a67,0.8139020623699407,20139.28,20665.36,True,False
Emergent_clarity_collective_0c40c5,Emergent_autonomy_boundary_d1f10a,0.8139020623699407,20139.28,20665.7,True,False
Emergent_clarity_collective_0c40c5,Emergent_boundary_bounded_9cca20,0.8139015890437948,20139.28,20687.43,True,False
Emergent_clarity_collective_0c40c5,Emergent_autonomy_boundary_625a34,0.8139009128635859,20139.28,20709.76,True,False
Emergent_clarity_collective_0c40c5,Emergent_boundary_bounded_b40b8f,0.8139009128635859,20139.28,20710.1,True,False
Emergent_clarity_collective_0c40c5,Emergent_boundary_expression_ebc067,0.8138995672415907,20139.28,20731.44,True,False
Emergent_clarity_collective_0c40c5,Emergent_boundary_bounded_fb55ca,0.8138997853523577,20139.28,20751.34,True,False
Emergent_clarity_collective_0c40c5,Emergent_boundary_cascade_33cb56,0.8139035122350948,20139.28,20792.88,True,False
Emergent_clarity_collective_0c40c5,Emergent_boundary_constraint_90bf41,0.8139035122350948,20139.28,20793.22,True,False
Emergent_clarity_collective_0c40c5,Emergent_boundary_bounded_497fce,0.8139038407969064,20139.28,20814.65,True,False
Emergent_clarity_collective_0c40c5,Emergent_boundary_collective_f3e61d,0.8138561452874677,20139.28,20862.03,True,False
Emergent_clarity_collective_0c40c5,Emergent_boundary_constraint_83de1c,0.8138041717864124,20139.28,20931.63,True,False
Emergent_clarity_collective_0c40c5,Emergent_autonomy_boundary_945518,0.8139699128669873,20139.28,20956.2,True,False
Emergent_clarity_collective_0c40c5,Emergent_constraint_expression_f97ab0,0.8139531564910649,20139.28,20978.3,True,False
Emergent_clarity_collective_0c40c5,Emergent_autonomy_bounded_72bafc,0.8139292188111755,20139.28,21000.33,True,False
Emergent_clarity_collective_0c40c5,Emergent_bounded_coherence_986ec1,0.8139292188111755,20139.28,21000.67,True,False
Emergent_clarity_collective_0c40c5,Emergent_appears_asymmetry_9e9e75,0.8138950221256194,20139.28,21024.36,True,False
Emergent_clarity_collective_0c40c5,Emergent_autonomy_boundary_053944,0.8126211180508598,20139.28,21138.39,True,False
Emergent_clarity_collective_0c40c5,Emergent_boundary_clarity_c73874,0.8088814669086521,20139.28,21183.76,True,False
Emergent_clarity_collective_0c40c5,Emergent_boundary_bounded_23b54b,0.8103025402712196,20139.28,21207.4,True,False
Emergent_clarity_collective_0c40c5,Emergent_collective_contradiction_a82072,0.8165845184847917,20139.28,21229.28,True,False
Emergent_clarity_collective_0c40c5,Emergent_clarity_complexity_55022a,0.809309929162483,20139.28,21251.27,True,False
Emergent_clarity_collective_0c40c5,Emergent_boundary_carefully_38337d,0.8093727541561584,20139.28,21270.45,True,False
Emergent_clarity_collective_0c40c5,Emergent_boundary_carefully_98ec82,0.8156574476583225,20139.28,21313.15,True,False
Emergent_clarity_collective_0c40c5,Emergent_clarity_cognition_198e32,0.8131868186583224,20139.28,21334.45,True,False
Emergent_clarity_collective_0c40c5,Emergent_clarity_cognition_8dcbb2,0.8131868186583224,20139.28,21334.79,True,False
Emergent_clarity_collective_0c40c5,Emergent_boundary_bounded_d6917c,0.7962117486583227,20139.28,21403.84,True,False
Emergent_clarity_collective_0c40c5,Emergent_complexity_concept_0be476,0.9,20139.28,21548.74,True,False
Emergent_autonomy_bounded_b11526,Emergent_autonomy_bounded_ab8b66,0.8494291199012369,20152.81,20153.15,True,False
Emergent_autonomy_bounded_b11526,Emergent_analogy_autonomy_2771b0,0.8494291200307802,20152.81,20168.15,True,False
Emergent_autonomy_bounded_b11526,Emergent_appears_asymmetry_3bd743,0.8494291200523709,20152.81,20182.19,True,False
Emergent_autonomy_bounded_b11526,Emergent_boundary_cascade_d6e347,0.8343150717556551,20152.81,20196.65,True,False
Emergent_autonomy_bounded_b11526,Emergent_autonomy_boundary_a0c946,0.8494291200739614,20152.81,20196.99,True,False
Emergent_autonomy_bounded_b11526,Emergent_boundary_bounded_32e02f,0.8494291198888995,20152.81,20212.8,True,False
Emergent_autonomy_bounded_b11526,Emergent_clarity_constraint_bf278c,0.8415097726853671,20152.81,20227.8,True,False
Emergent_autonomy_bounded_b11526,Emergent_appears_asymmetry_ecd8f7,0.849429118707308,20152.81,20261.06,True,False
Emergent_autonomy_bounded_b11526,Emergent_bounded_clarity_be9203,0.8242168348027752,20152.81,20279.78,True,False
Emergent_autonomy_bounded_b11526,Emergent_autonomy_carefully_dedeae,0.8390772388047056,20152.81,20298.22,True,False
Emergent_autonomy_bounded_b11526,Emergent_carefully_cascade_579605,0.8494291000254888,20152.81,20298.56,True,False
Emergent_autonomy_bounded_b11526,Emergent_carefully_coherence_6d638a,0.8481873431883082,20152.81,20333.92,True,False
Emergent_autonomy_bounded_b11526,Emergent_carefully_coherence_c4d3bc,0.8447628082323451,20152.81,20334.26,True,False
Emergent_autonomy_bounded_b11526,Emergent_bounded_carefully_f79645,0.8289286571473176,20152.81,20350.3,True,False
Emergent_autonomy_bounded_b11526,Emergent_carefully_cognition_d8aefa,0.8390479872904175,20152.81,20368.6,True,False
Emergent_autonomy_bounded_b11526,Emergent_abstraction_ambiguity_5c1c4f,0.8494291397207316,20152.81,20385.52,True,False
Emergent_autonomy_bounded_b11526,Emergent_belief_revision_chaos_6abfe4,0.8494291331692885,20152.81,20404.5,True,False
Emergent_autonomy_bounded_b11526,Emergent_appears_asymmetry_8dba4c,0.84942911957233,20152.81,20422.92,True,False
Emergent_autonomy_bounded_b11526,Emergent_appears_asymmetry_07c4dc,0.8443963914294688,20152.81,20423.26,True,False
Emergent_autonomy_bounded_b11526,Emergent_bounded_coherence_cdc8b7,0.8494291213761573,20152.81,20439.73,True,False
Emergent_autonomy_bounded_b11526,Emergent_bounded_coherence_a2e9f5,0.842498035386674,20152.81,20478.65,True,False
Emergent_autonomy_bounded_b11526,Emergent_bounded_coherence_7a6cb5,0.8494289751280233,20152.81,20478.99,True,False
Emergent_autonomy_bounded_b11526,Emergent_boundary_bounded_bd6b1f,0.8431325550901023,20152.81,20563.41,True,False
Emergent_autonomy_bounded_b11526,Emergent_boundary_clarity_f6e2e2,0.8494292976907512,20152.81,20585.63,True,False
Emergent_autonomy_bounded_b11526,Emergent_attention_bounded_52b815,0.8494290454500877,20152.81,20607.73,True,False
Emergent_autonomy_bounded_b11526,Emergent_attention_autonomy_5ae8f6,0.8494290454500877,20152.81,20608.07,True,False
Emergent_autonomy_bounded_b11526,Emergent_autonomy_boundary_a7f146,0.8277491007731796,20152.81,20626.5,True,False
Emergent_autonomy_bounded_b11526,Emergent_boundary_cascade_7dd561,0.8494289483549691,20152.81,20626.84,True,False
Emergent_autonomy_bounded_b11526,Emergent_boundary_carefully_576a67,0.83680560658859,20152.81,20665.36,True,False
Emergent_autonomy_bounded_b11526,Emergent_autonomy_boundary_d1f10a,0.8397678955686707,20152.81,20665.7,True,False
Emergent_autonomy_bounded_b11526,Emergent_boundary_bounded_9cca20,0.8494281437005207,20152.81,20687.43,True,False
Emergent_autonomy_bounded_b11526,Emergent_autonomy_boundary_625a34,0.849427467520312,20152.81,20709.76,True,False
Emergent_autonomy_bounded_b11526,Emergent_boundary_bounded_b40b8f,0.82659724738225,20152.81,20710.1,True,False
Emergent_autonomy_bounded_b11526,Emergent_boundary_expression_ebc067,0.8360521326423036,20152.81,20731.44,True,False
Emergent_autonomy_bounded_b11526,Emergent_boundary_bounded_fb55ca,0.8494263203904837,20152.81,20751.34,True,False
Emergent_autonomy_bounded_b11526,Emergent_boundary_cascade_33cb56,0.8304704518517725,20152.81,20792.88,True,False
Emergent_autonomy_bounded_b11526,Emergent_boundary_constraint_90bf41,0.8494292708798412,20152.81,20793.22,True,False
Emergent_autonomy_bounded_b11526,Emergent_boundary_bounded_497fce,0.843299468361211,20152.81,20814.65,True,False
Emergent_autonomy_bounded_b11526,Emergent_boundary_collective_f3e61d,0.849386714239502,20152.81,20862.03,True,False
Emergent_autonomy_bounded_b11526,Emergent_boundary_constraint_83de1c,0.8480771537792451,20152.81,20931.63,True,False
Emergent_autonomy_bounded_b11526,Emergent_autonomy_boundary_945518,0.8483868519127975,20152.81,20956.2,True,False
Emergent_autonomy_bounded_b11526,Emergent_constraint_expression_f97ab0,0.8494690519282169,20152.81,20978.3,True,False
Emergent_autonomy_bounded_b11526,Emergent_autonomy_bounded_72bafc,0.8404774873389635,20152.81,21000.33,True,False
Emergent_autonomy_bounded_b11526,Emergent_bounded_coherence_986ec1,0.8494451142483277,20152.81,21000.67,True,False
Emergent_autonomy_bounded_b11526,Emergent_appears_asymmetry_9e9e75,0.8494109175627713,20152.81,21024.36,True,False
Emergent_autonomy_bounded_b11526,Emergent_autonomy_boundary_053944,0.8484283509632222,20152.81,21138.39,True,False
Emergent_autonomy_bounded_b11526,Emergent_boundary_clarity_c73874,0.8393486576666049,20152.81,21183.76,True,False
Emergent_autonomy_bounded_b11526,Emergent_boundary_bounded_23b54b,0.8335186722998555,20152.81,21207.4,True,False
Emergent_autonomy_bounded_b11526,Emergent_collective_contradiction_a82072,0.8478732125620727,20152.81,21229.28,True,False
Emergent_autonomy_bounded_b11526,Emergent_clarity_complexity_55022a,0.8454354511406694,20152.81,21251.27,True,False
Emergent_autonomy_bounded_b11526,Emergent_boundary_carefully_38337d,0.8455059060849772,20152.81,21270.45,True,False
Emergent_autonomy_bounded_b11526,Emergent_boundary_carefully_98ec82,0.8463063127578327,20152.81,21313.15,True,False
Emergent_autonomy_bounded_b11526,Emergent_clarity_cognition_198e32,0.847352757141492,20152.81,21334.45,True,False
Emergent_autonomy_bounded_b11526,Emergent_clarity_cognition_8dcbb2,0.8425244273105186,20152.81,21334.79,True,False
Emergent_autonomy_bounded_b11526,Emergent_boundary_bounded_d6917c,0.8272654949908957,20152.81,21403.84,True,False
Emergent_autonomy_bounded_b11526,Emergent_complexity_concept_0be476,0.9,20152.81,21548.74,True,False
Emergent_autonomy_bounded_ab8b66,Emergent_analogy_autonomy_2771b0,0.8637318669278287,20153.15,20168.15,True,False
Emergent_autonomy_bounded_ab8b66,Emergent_appears_asymmetry_3bd743,0.8637318669494192,20153.15,20182.19,True,False
Emergent_autonomy_bounded_ab8b66,Emergent_boundary_cascade_d6e347,0.8343150717556551,20153.15,20196.65,True,False
Emergent_autonomy_bounded_ab8b66,Emergent_autonomy_boundary_a0c946,0.8562901565889367,20153.15,20196.99,True,False
Emergent_autonomy_bounded_ab8b66,Emergent_boundary_bounded_32e02f,0.8637318667859477,20153.15,20212.8,True,False
Emergent_autonomy_bounded_ab8b66,Emergent_clarity_constraint_bf278c,0.8415097726853671,20153.15,20227.8,True,False
Emergent_autonomy_bounded_ab8b66,Emergent_appears_asymmetry_ecd8f7,0.8591738456543643,20153.15,20261.06,True,False
Emergent_autonomy_bounded_ab8b66,Emergent_bounded_clarity_be9203,0.8242168348027752,20153.15,20279.78,True,False
Emergent_autonomy_bounded_ab8b66,Emergent_autonomy_carefully_dedeae,0.8390772388047056,20153.15,20298.22,True,False
Emergent_autonomy_bounded_ab8b66,Emergent_carefully_cascade_579605,0.8637318471504447,20153.15,20298.56,True,False
Emergent_autonomy_bounded_ab8b66,Emergent_carefully_coherence_6d638a,0.8481873431883082,20153.15,20333.92,True,False
Emergent_autonomy_bounded_ab8b66,Emergent_carefully_coherence_c4d3bc,0.8447628082323451,20153.15,20334.26,True,False
Emergent_autonomy_bounded_ab8b66,Emergent_bounded_carefully_f79645,0.8289286571473176,20153.15,20350.3,True,False
Emergent_autonomy_bounded_ab8b66,Emergent_carefully_cognition_d8aefa,0.8390479872904175,20153.15,20368.6,True,False
Emergent_autonomy_bounded_ab8b66,Emergent_abstraction_ambiguity_5c1c4f,0.8637318859745222,20153.15,20385.52,True,False
Emergent_autonomy_bounded_ab8b66,Emergent_belief_revision_chaos_6abfe4,0.863731879423079,20153.15,20404.5,True,False
Emergent_autonomy_bounded_ab8b66,Emergent_appears_asymmetry_8dba4c,0.8508576782382482,20153.15,20422.92,True,False
Emergent_autonomy_bounded_ab8b66,Emergent_appears_asymmetry_07c4dc,0.8443963914294688,20153.15,20423.26,True,False
Emergent_autonomy_bounded_ab8b66,Emergent_bounded_coherence_cdc8b7,0.8494908111203212,20153.15,20439.73,True,False
Emergent_autonomy_bounded_ab8b66,Emergent_bounded_coherence_a2e9f5,0.842498035386674,20153.15,20478.65,True,False
Emergent_autonomy_bounded_ab8b66,Emergent_bounded_coherence_7a6cb5,0.8637317273712106,20153.15,20478.99,True,False
Emergent_autonomy_bounded_ab8b66,Emergent_boundary_bounded_bd6b1f,0.8431325550901023,20153.15,20563.41,True,False
Emergent_autonomy_bounded_ab8b66,Emergent_boundary_clarity_f6e2e2,0.8585695800510309,20153.15,20585.63,True,False
Emergent_autonomy_bounded_ab8b66,Emergent_attention_bounded_52b815,0.8637318554133402,20153.15,20607.73,True,False
Emergent_autonomy_bounded_ab8b66,Emergent_attention_autonomy_5ae8f6,0.8590595233936926,20153.15,20608.07,True,False
Emergent_autonomy_bounded_ab8b66,Emergent_autonomy_boundary_a7f146,0.8277491007731796,20153.15,20626.5,True,False
Emergent_autonomy_bounded_ab8b66,Emergent_boundary_cascade_7dd561,0.8575598949582912,20153.15,20626.84,True,False
Emergent_autonomy_bounded_ab8b66,Emergent_boundary_carefully_576a67,0.83680560658859,20153.15,20665.36,True,False
Emergent_autonomy_bounded_ab8b66,Emergent_autonomy_boundary_d1f10a,0.8397678955686707,20153.15,20665.7,True,False
Emergent_autonomy_bounded_ab8b66,Emergent_boundary_bounded_9cca20,0.8637308188290802,20153.15,20687.43,True,False
Emergent_autonomy_bounded_ab8b66,Emergent_autonomy_boundary_625a34,0.8537483344322132,20153.15,20709.76,True,False
Emergent_autonomy_bounded_ab8b66,Emergent_boundary_bounded_b40b8f,0.82659724738225,20153.15,20710.1,True,False
Emergent_autonomy_bounded_ab8b66,Emergent_boundary_expression_ebc067,0.8360521326423036,20153.15,20731.44,True,False
Emergent_autonomy_bounded_ab8b66,Emergent_boundary_bounded_fb55ca,0.8512939305649625,20153.15,20751.34,True,False
Emergent_autonomy_bounded_ab8b66,Emergent_boundary_cascade_33cb56,0.8304704518517725,20153.15,20792.88,True,False
Emergent_autonomy_bounded_ab8b66,Emergent_boundary_constraint_90bf41,0.8637316245997142,20153.15,20793.22,True,False
Emergent_autonomy_bounded_ab8b66,Emergent_boundary_bounded_497fce,0.843299468361211,20153.15,20814.65,True,False
Emergent_autonomy_bounded_ab8b66,Emergent_boundary_collective_f3e61d,0.8636910102348538,20153.15,20862.03,True,False
Emergent_autonomy_bounded_ab8b66,Emergent_boundary_constraint_83de1c,0.8480771537792451,20153.15,20931.63,True,False
Emergent_autonomy_bounded_ab8b66,Emergent_autonomy_boundary_945518,0.8483868519127975,20153.15,20956.2,True,False
Emergent_autonomy_bounded_ab8b66,Emergent_constraint_expression_f97ab0,0.8637674231444552,20153.15,20978.3,True,False
Emergent_autonomy_bounded_ab8b66,Emergent_autonomy_bounded_72bafc,0.8404774873389635,20153.15,21000.33,True,False
Emergent_autonomy_bounded_ab8b66,Emergent_bounded_coherence_986ec1,0.8635587782051404,20153.15,21000.67,True,False
Emergent_autonomy_bounded_ab8b66,Emergent_appears_asymmetry_9e9e75,0.8573860958006396,20153.15,21024.36,True,False
Emergent_autonomy_bounded_ab8b66,Emergent_autonomy_boundary_053944,0.8500447019681538,20153.15,21138.39,True,False
Emergent_autonomy_bounded_ab8b66,Emergent_boundary_clarity_c73874,0.8393486576666049,20153.15,21183.76,True,False
Emergent_autonomy_bounded_ab8b66,Emergent_boundary_bounded_23b54b,0.8335186722998555,20153.15,21207.4,True,False
Emergent_autonomy_bounded_ab8b66,Emergent_collective_contradiction_a82072,0.8478732125620727,20153.15,21229.28,True,False
Emergent_autonomy_bounded_ab8b66,Emergent_clarity_complexity_55022a,0.8600219861187777,20153.15,21251.27,True,False
Emergent_autonomy_bounded_ab8b66,Emergent_boundary_carefully_38337d,0.8580005107532149,20153.15,21270.45,True,False
Emergent_autonomy_bounded_ab8b66,Emergent_boundary_carefully_98ec82,0.8463063127578327,20153.15,21313.15,True,False
Emergent_autonomy_bounded_ab8b66,Emergent_clarity_cognition_198e32,0.8582451694611359,20153.15,21334.45,True,False
Emergent_autonomy_bounded_ab8b66,Emergent_clarity_cognition_8dcbb2,0.8425244273105186,20153.15,21334.79,True,False
Emergent_autonomy_bounded_ab8b66,Emergent_boundary_bounded_d6917c,0.8272654949908957,20153.15,21403.84,True,False
Emergent_autonomy_bounded_ab8b66,Emergent_complexity_concept_0be476,0.9,20153.15,21548.74,True,False
Emergent_analogy_autonomy_2771b0,Emergent_appears_asymmetry_3bd743,0.864698581755311,20168.15,20182.19,True,False
Emergent_analogy_autonomy_2771b0,Emergent_boundary_cascade_d6e347,0.8343150712806626,20168.15,20196.65,True,False
Emergent_analogy_autonomy_2771b0,Emergent_autonomy_boundary_a0c946,0.8562901561139442,20168.15,20196.99,True,False
Emergent_analogy_autonomy_2771b0,Emergent_boundary_bounded_32e02f,0.8646985820668323,20168.15,20212.8,True,False
Emergent_analogy_autonomy_2771b0,Emergent_clarity_constraint_bf278c,0.8415097726853671,20168.15,20227.8,True,False
Emergent_analogy_autonomy_2771b0,Emergent_appears_asymmetry_ecd8f7,0.8591738456543643,20168.15,20261.06,True,False
Emergent_analogy_autonomy_2771b0,Emergent_bounded_clarity_be9203,0.8242168348027752,20168.15,20279.78,True,False
Emergent_analogy_autonomy_2771b0,Emergent_autonomy_carefully_dedeae,0.8390772388047056,20168.15,20298.22,True,False
Emergent_analogy_autonomy_2771b0,Emergent_carefully_cascade_579605,0.8646985624467332,20168.15,20298.56,True,False
Emergent_analogy_autonomy_2771b0,Emergent_carefully_coherence_6d638a,0.8481873431883082,20168.15,20333.92,True,False
Emergent_analogy_autonomy_2771b0,Emergent_carefully_coherence_c4d3bc,0.8447628082323451,20168.15,20334.26,True,False
Emergent_analogy_autonomy_2771b0,Emergent_bounded_carefully_f79645,0.8289286571473176,20168.15,20350.3,True,False
Emergent_analogy_autonomy_2771b0,Emergent_carefully_cognition_d8aefa,0.8390479872904175,20168.15,20368.6,True,False
Emergent_analogy_autonomy_2771b0,Emergent_abstraction_ambiguity_5c1c4f,0.8646986012119291,20168.15,20385.52,True,False
Emergent_analogy_autonomy_2771b0,Emergent_belief_revision_chaos_6abfe4,0.8646985946604859,20168.15,20404.5,True,False
Emergent_analogy_autonomy_2771b0,Emergent_appears_asymmetry_8dba4c,0.8508576782382482,20168.15,20422.92,True,False
Emergent_analogy_autonomy_2771b0,Emergent_appears_asymmetry_07c4dc,0.8443963914294688,20168.15,20423.26,True,False
Emergent_analogy_autonomy_2771b0,Emergent_bounded_coherence_cdc8b7,0.8494908111203212,20168.15,20439.73,True,False
Emergent_analogy_autonomy_2771b0,Emergent_bounded_coherence_a2e9f5,0.842498035386674,20168.15,20478.65,True,False
Emergent_analogy_autonomy_2771b0,Emergent_bounded_coherence_7a6cb5,0.8646984430134388,20168.15,20478.99,True,False
Emergent_analogy_autonomy_2771b0,Emergent_boundary_bounded_bd6b1f,0.8431325550901023,20168.15,20563.41,True,False
Emergent_analogy_autonomy_2771b0,Emergent_boundary_clarity_f6e2e2,0.8585695800510309,20168.15,20585.63,True,False
Emergent_analogy_autonomy_2771b0,Emergent_attention_bounded_52b815,0.8646985688812263,20168.15,20607.73,True,False
Emergent_analogy_autonomy_2771b0,Emergent_attention_autonomy_5ae8f6,0.8590595233936926,20168.15,20608.07,True,False
Emergent_analogy_autonomy_2771b0,Emergent_autonomy_boundary_a7f146,0.8277491007731796,20168.15,20626.5,True,False
Emergent_analogy_autonomy_2771b0,Emergent_boundary_cascade_7dd561,0.8575598949582912,20168.15,20626.84,True,False
Emergent_analogy_autonomy_2771b0,Emergent_boundary_carefully_576a67,0.83680560658859,20168.15,20665.36,True,False
Emergent_analogy_autonomy_2771b0,Emergent_autonomy_boundary_d1f10a,0.8397678955686707,20168.15,20665.7,True,False
Emergent_analogy_autonomy_2771b0,Emergent_boundary_bounded_9cca20,0.8646975322969663,20168.15,20687.43,True,False
Emergent_analogy_autonomy_2771b0,Emergent_autonomy_boundary_625a34,0.8537483344322132,20168.15,20709.76,True,False
Emergent_analogy_autonomy_2771b0,Emergent_boundary_bounded_b40b8f,0.82659724738225,20168.15,20710.1,True,False
Emergent_analogy_autonomy_2771b0,Emergent_boundary_expression_ebc067,0.8360521326423036,20168.15,20731.44,True,False
Emergent_analogy_autonomy_2771b0,Emergent_boundary_bounded_fb55ca,0.8512939305649625,20168.15,20751.34,True,False
Emergent_analogy_autonomy_2771b0,Emergent_boundary_cascade_33cb56,0.8304704518517725,20168.15,20792.88,True,False
Emergent_analogy_autonomy_2771b0,Emergent_boundary_constraint_90bf41,0.8646983163436845,20168.15,20793.22,True,False
Emergent_analogy_autonomy_2771b0,Emergent_boundary_bounded_497fce,0.843299468361211,20168.15,20814.65,True,False
Emergent_analogy_autonomy_2771b0,Emergent_boundary_collective_f3e61d,0.8646578332566339,20168.15,20862.03,True,False
Emergent_analogy_autonomy_2771b0,Emergent_boundary_constraint_83de1c,0.8480771537792451,20168.15,20931.63,True,False
Emergent_analogy_autonomy_2771b0,Emergent_autonomy_boundary_945518,0.8483868519127975,20168.15,20956.2,True,False
Emergent_analogy_autonomy_2771b0,Emergent_constraint_expression_f97ab0,0.8647338457122147,20168.15,20978.3,True,False
Emergent_analogy_autonomy_2771b0,Emergent_autonomy_bounded_72bafc,0.8404774873389635,20168.15,21000.33,True,False
Emergent_analogy_autonomy_2771b0,Emergent_bounded_coherence_986ec1,0.8635587782051404,20168.15,21000.67,True,False
Emergent_analogy_autonomy_2771b0,Emergent_appears_asymmetry_9e9e75,0.8573860958006396,20168.15,21024.36,True,False
Emergent_analogy_autonomy_2771b0,Emergent_autonomy_boundary_053944,0.8500447019681538,20168.15,21138.39,True,False
Emergent_analogy_autonomy_2771b0,Emergent_boundary_clarity_c73874,0.8393486576666049,20168.15,21183.76,True,False
Emergent_analogy_autonomy_2771b0,Emergent_boundary_bounded_23b54b,0.8335186722998555,20168.15,21207.4,True,False
Emergent_analogy_autonomy_2771b0,Emergent_collective_contradiction_a82072,0.8478732125620727,20168.15,21229.28,True,False
Emergent_analogy_autonomy_2771b0,Emergent_clarity_complexity_55022a,0.8610078855876799,20168.15,21251.27,True,False
Emergent_analogy_autonomy_2771b0,Emergent_boundary_carefully_38337d,0.8580005107532149,20168.15,21270.45,True,False
Emergent_analogy_autonomy_2771b0,Emergent_boundary_carefully_98ec82,0.8463063127578327,20168.15,21313.15,True,False
Emergent_analogy_autonomy_2771b0,Emergent_clarity_cognition_198e32,0.8582451694611359,20168.15,21334.45,True,False
Emergent_analogy_autonomy_2771b0,Emergent_clarity_cognition_8dcbb2,0.8425244273105186,20168.15,21334.79,True,False
Emergent_analogy_autonomy_2771b0,Emergent_boundary_bounded_d6917c,0.8272654949908957,20168.15,21403.84,True,False
Emergent_analogy_autonomy_2771b0,Emergent_complexity_concept_0be476,0.9,20168.15,21548.74,True,False
Emergent_appears_asymmetry_3bd743,Emergent_boundary_cascade_d6e347,0.8343150713022531,20182.19,20196.65,True,False
Emergent_appears_asymmetry_3bd743,Emergent_autonomy_boundary_a0c946,0.8562901561355347,20182.19,20196.99,True,False
Emergent_appears_asymmetry_3bd743,Emergent_boundary_bounded_32e02f,0.8760713247700935,20182.19,20212.8,True,False
Emergent_appears_asymmetry_3bd743,Emergent_clarity_constraint_bf278c,0.8415097726853671,20182.19,20227.8,True,False
Emergent_appears_asymmetry_3bd743,Emergent_appears_asymmetry_ecd8f7,0.8591738456543643,20182.19,20261.06,True,False
Emergent_appears_asymmetry_3bd743,Emergent_bounded_clarity_be9203,0.8242168348027752,20182.19,20279.78,True,False
Emergent_appears_asymmetry_3bd743,Emergent_autonomy_carefully_dedeae,0.8390772388047056,20182.19,20298.22,True,False
Emergent_appears_asymmetry_3bd743,Emergent_carefully_cascade_579605,0.8682295433728038,20182.19,20298.56,True,False
Emergent_appears_asymmetry_3bd743,Emergent_carefully_coherence_6d638a,0.8481873431883082,20182.19,20333.92,True,False
Emergent_appears_asymmetry_3bd743,Emergent_carefully_coherence_c4d3bc,0.8447628082323451,20182.19,20334.26,True,False
Emergent_appears_asymmetry_3bd743,Emergent_bounded_carefully_f79645,0.8289286571473176,20182.19,20350.3,True,False
Emergent_appears_asymmetry_3bd743,Emergent_carefully_cognition_d8aefa,0.8390479872904175,20182.19,20368.6,True,False
Emergent_appears_asymmetry_3bd743,Emergent_abstraction_ambiguity_5c1c4f,0.867492904913514,20182.19,20385.52,True,False
Emergent_appears_asymmetry_3bd743,Emergent_belief_revision_chaos_6abfe4,0.8662788136100326,20182.19,20404.5,True,False
Emergent_appears_asymmetry_3bd743,Emergent_appears_asymmetry_8dba4c,0.8508576782382482,20182.19,20422.92,True,False
Emergent_appears_asymmetry_3bd743,Emergent_appears_asymmetry_07c4dc,0.8443963914294688,20182.19,20423.26,True,False
Emergent_appears_asymmetry_3bd743,Emergent_bounded_coherence_cdc8b7,0.8494908111203212,20182.19,20439.73,True,False
Emergent_appears_asymmetry_3bd743,Emergent_bounded_coherence_a2e9f5,0.842498035386674,20182.19,20478.65,True,False
Emergent_appears_asymmetry_3bd743,Emergent_bounded_coherence_7a6cb5,0.8674829820831578,20182.19,20478.99,True,False
Emergent_appears_asymmetry_3bd743,Emergent_boundary_bounded_bd6b1f,0.8431325550901023,20182.19,20563.41,True,False
Emergent_appears_asymmetry_3bd743,Emergent_boundary_clarity_f6e2e2,0.8585695800510309,20182.19,20585.63,True,False
Emergent_appears_asymmetry_3bd743,Emergent_attention_bounded_52b815,0.8708785011672708,20182.19,20607.73,True,False
Emergent_appears_asymmetry_3bd743,Emergent_attention_autonomy_5ae8f6,0.8590595233936926,20182.19,20608.07,True,False
Emergent_appears_asymmetry_3bd743,Emergent_autonomy_boundary_a7f146,0.8277491007731796,20182.19,20626.5,True,False
Emergent_appears_asymmetry_3bd743,Emergent_boundary_cascade_7dd561,0.8575598949582912,20182.19,20626.84,True,False
Emergent_appears_asymmetry_3bd743,Emergent_boundary_carefully_576a67,0.83680560658859,20182.19,20665.36,True,False
Emergent_appears_asymmetry_3bd743,Emergent_autonomy_boundary_d1f10a,0.8397678955686707,20182.19,20665.7,True,False
Emergent_appears_asymmetry_3bd743,Emergent_boundary_bounded_9cca20,0.8674032844031447,20182.19,20687.43,True,False
Emergent_appears_asymmetry_3bd743,Emergent_autonomy_boundary_625a34,0.8537483344322132,20182.19,20709.76,True,False
Emergent_appears_asymmetry_3bd743,Emergent_boundary_bounded_b40b8f,0.82659724738225,20182.19,20710.1,True,False
Emergent_appears_asymmetry_3bd743,Emergent_boundary_expression_ebc067,0.8360521326423036,20182.19,20731.44,True,False
Emergent_appears_asymmetry_3bd743,Emergent_boundary_bounded_fb55ca,0.8512939305649625,20182.19,20751.34,True,False
Emergent_appears_asymmetry_3bd743,Emergent_boundary_cascade_33cb56,0.8304704518517725,20182.19,20792.88,True,False
Emergent_appears_asymmetry_3bd743,Emergent_boundary_constraint_90bf41,0.8700492410306262,20182.19,20793.22,True,False
Emergent_appears_asymmetry_3bd743,Emergent_boundary_bounded_497fce,0.843299468361211,20182.19,20814.65,True,False
Emergent_appears_asymmetry_3bd743,Emergent_boundary_collective_f3e61d,0.8710021345996053,20182.19,20862.03,True,False
Emergent_appears_asymmetry_3bd743,Emergent_boundary_constraint_83de1c,0.8480771537792451,20182.19,20931.63,True,False
Emergent_appears_asymmetry_3bd743,Emergent_autonomy_boundary_945518,0.8483868519127975,20182.19,20956.2,True,False
Emergent_appears_asymmetry_3bd743,Emergent_constraint_expression_f97ab0,0.8668275691556748,20182.19,20978.3,True,False
Emergent_appears_asymmetry_3bd743,Emergent_autonomy_bounded_72bafc,0.8404774873389635,20182.19,21000.33,True,False
Emergent_appears_asymmetry_3bd743,Emergent_bounded_coherence_986ec1,0.8635587782051404,20182.19,21000.67,True,False
Emergent_appears_asymmetry_3bd743,Emergent_appears_asymmetry_9e9e75,0.8573860958006396,20182.19,21024.36,True,False
Emergent_appears_asymmetry_3bd743,Emergent_autonomy_boundary_053944,0.8500447019681538,20182.19,21138.39,True,False
Emergent_appears_asymmetry_3bd743,Emergent_boundary_clarity_c73874,0.8393486576666049,20182.19,21183.76,True,False
Emergent_appears_asymmetry_3bd743,Emergent_boundary_bounded_23b54b,0.8335186722998555,20182.19,21207.4,True,False
Emergent_appears_asymmetry_3bd743,Emergent_collective_contradiction_a82072,0.8478732125620727,20182.19,21229.28,True,False
Emergent_appears_asymmetry_3bd743,Emergent_clarity_complexity_55022a,0.8628447253335694,20182.19,21251.27,True,False
Emergent_appears_asymmetry_3bd743,Emergent_boundary_carefully_38337d,0.8580005107532149,20182.19,21270.45,True,False
Emergent_appears_asymmetry_3bd743,Emergent_boundary_carefully_98ec82,0.8463063127578327,20182.19,21313.15,True,False
Emergent_appears_asymmetry_3bd743,Emergent_clarity_cognition_198e32,0.8582451694611359,20182.19,21334.45,True,False
Emergent_appears_asymmetry_3bd743,Emergent_clarity_cognition_8dcbb2,0.8425244273105186,20182.19,21334.79,True,False
Emergent_appears_asymmetry_3bd743,Emergent_boundary_bounded_d6917c,0.8272654949908957,20182.19,21403.84,True,False
Emergent_appears_asymmetry_3bd743,Emergent_complexity_concept_0be476,0.9,20182.19,21548.74,True,False
Emergent_boundary_cascade_d6e347,Emergent_autonomy_boundary_a0c946,0.8343150713238436,20196.65,20196.99,True,False
Emergent_boundary_cascade_d6e347,Emergent_boundary_bounded_32e02f,0.8343150715705931,20196.65,20212.8,True,False
Emergent_boundary_cascade_d6e347,Emergent_clarity_constraint_bf278c,0.8343150713062186,20196.65,20227.8,True,False
Emergent_boundary_cascade_d6e347,Emergent_appears_asymmetry_ecd8f7,0.8343150703890014,20196.65,20261.06,True,False
Emergent_boundary_cascade_d6e347,Emergent_bounded_clarity_be9203,0.8242168348027752,20196.65,20279.78,True,False
Emergent_boundary_cascade_d6e347,Emergent_autonomy_carefully_dedeae,0.834315051296606,20196.65,20298.22,True,False
Emergent_boundary_cascade_d6e347,Emergent_carefully_cascade_579605,0.8343150514670128,20196.65,20298.56,True,False
Emergent_boundary_cascade_d6e347,Emergent_carefully_coherence_6d638a,0.834315045408214,20196.65,20333.92,True,False
Emergent_boundary_cascade_d6e347,Emergent_carefully_coherence_c4d3bc,0.8343150453868735,20196.65,20334.26,True,False
Emergent_boundary_cascade_d6e347,Emergent_bounded_carefully_f79645,0.8289286571473176,20196.65,20350.3,True,False
Emergent_boundary_cascade_d6e347,Emergent_carefully_cognition_d8aefa,0.8343150913159572,20196.65,20368.6,True,False
Emergent_boundary_cascade_d6e347,Emergent_abstraction_ambiguity_5c1c4f,0.8343150920802924,20196.65,20385.52,True,False
Emergent_boundary_cascade_d6e347,Emergent_belief_revision_chaos_6abfe4,0.8343150855288493,20196.65,20404.5,True,False
Emergent_boundary_cascade_d6e347,Emergent_appears_asymmetry_8dba4c,0.8343150720552863,20196.65,20422.92,True,False
Emergent_boundary_cascade_d6e347,Emergent_appears_asymmetry_07c4dc,0.8343150719998429,20196.65,20423.26,True,False
Emergent_boundary_cascade_d6e347,Emergent_bounded_coherence_cdc8b7,0.834315073847872,20196.65,20439.73,True,False
Emergent_boundary_cascade_d6e347,Emergent_bounded_coherence_a2e9f5,0.8343149173494708,20196.65,20478.65,True,False
Emergent_boundary_cascade_d6e347,Emergent_bounded_coherence_7a6cb5,0.8343149211759404,20196.65,20478.99,True,False
Emergent_boundary_cascade_d6e347,Emergent_boundary_bounded_bd6b1f,0.8343141483099472,20196.65,20563.41,True,False
Emergent_boundary_cascade_d6e347,Emergent_boundary_clarity_f6e2e2,0.8343152776392209,20196.65,20585.63,True,False
Emergent_boundary_cascade_d6e347,Emergent_attention_bounded_52b815,0.8343148799197446,20196.65,20607.73,True,False
Emergent_boundary_cascade_d6e347,Emergent_attention_autonomy_5ae8f6,0.8343148799197446,20196.65,20608.07,True,False
Emergent_boundary_cascade_d6e347,Emergent_autonomy_boundary_a7f146,0.8277491007731796,20196.65,20626.5,True,False
Emergent_boundary_cascade_d6e347,Emergent_boundary_cascade_7dd561,0.8343150010428451,20196.65,20626.84,True,False
Emergent_boundary_cascade_d6e347,Emergent_boundary_carefully_576a67,0.8343146697145427,20196.65,20665.36,True,False
Emergent_boundary_cascade_d6e347,Emergent_autonomy_boundary_d1f10a,0.8343146697145427,20196.65,20665.7,True,False
Emergent_boundary_cascade_d6e347,Emergent_boundary_bounded_9cca20,0.8343141963883967,20196.65,20687.43,True,False
Emergent_boundary_cascade_d6e347,Emergent_autonomy_boundary_625a34,0.8343135202081879,20196.65,20709.76,True,False
Emergent_boundary_cascade_d6e347,Emergent_boundary_bounded_b40b8f,0.82659724738225,20196.65,20710.1,True,False
Emergent_boundary_cascade_d6e347,Emergent_boundary_expression_ebc067,0.8343121593302059,20196.65,20731.44,True,False
Emergent_boundary_cascade_d6e347,Emergent_boundary_bounded_fb55ca,0.8343123814260318,20196.65,20751.34,True,False
Emergent_boundary_cascade_d6e347,Emergent_boundary_cascade_33cb56,0.8304704518517725,20196.65,20792.88,True,False
Emergent_boundary_cascade_d6e347,Emergent_boundary_constraint_90bf41,0.8343156622690995,20196.65,20793.22,True,False
Emergent_boundary_cascade_d6e347,Emergent_boundary_bounded_497fce,0.8343159908309112,20196.65,20814.65,True,False
Emergent_boundary_cascade_d6e347,Emergent_boundary_collective_f3e61d,0.8342710588533735,20196.65,20862.03,True,False
Emergent_boundary_cascade_d6e347,Emergent_boundary_constraint_83de1c,0.8342158553625032,20196.65,20931.63,True,False
Emergent_boundary_cascade_d6e347,Emergent_autonomy_boundary_945518,0.8343763964669775,20196.65,20956.2,True,False
Emergent_boundary_cascade_d6e347,Emergent_constraint_expression_f97ab0,0.8343596400910551,20196.65,20978.3,True,False
Emergent_boundary_cascade_d6e347,Emergent_autonomy_bounded_72bafc,0.8343357024111657,20196.65,21000.33,True,False
Emergent_boundary_cascade_d6e347,Emergent_bounded_coherence_986ec1,0.8343357024111657,20196.65,21000.67,True,False
Emergent_boundary_cascade_d6e347,Emergent_appears_asymmetry_9e9e75,0.8343015057256098,20196.65,21024.36,True,False
Emergent_boundary_cascade_d6e347,Emergent_autonomy_boundary_053944,0.833192450509787,20196.65,21138.39,True,False
Emergent_boundary_cascade_d6e347,Emergent_boundary_clarity_c73874,0.829191876569795,20196.65,21183.76,True,False
Emergent_boundary_cascade_d6e347,Emergent_boundary_bounded_23b54b,0.8307221837430563,20196.65,21207.4,True,False
Emergent_boundary_cascade_d6e347,Emergent_collective_contradiction_a82072,0.8366046133691021,20196.65,21229.28,True,False
Emergent_boundary_cascade_d6e347,Emergent_clarity_complexity_55022a,0.830064119375516,20196.65,21251.27,True,False
Emergent_boundary_cascade_d6e347,Emergent_boundary_carefully_38337d,0.8301313277922695,20196.65,21270.45,True,False
Emergent_boundary_cascade_d6e347,Emergent_boundary_carefully_98ec82,0.8352858529313218,20196.65,21313.15,True,False
Emergent_boundary_cascade_d6e347,Emergent_clarity_cognition_198e32,0.8328152239313218,20196.65,21334.45,True,False
Emergent_boundary_cascade_d6e347,Emergent_clarity_cognition_8dcbb2,0.8328152239313218,20196.65,21334.79,True,False
Emergent_boundary_cascade_d6e347,Emergent_boundary_bounded_d6917c,0.815840153931322,20196.65,21403.84,True,False
Emergent_boundary_cascade_d6e347,Emergent_complexity_concept_0be476,0.9,20196.65,21548.74,True,False
Emergent_autonomy_boundary_a0c946,Emergent_boundary_bounded_32e02f,0.8562901564038747,20196.99,20212.8,True,False
Emergent_autonomy_boundary_a0c946,Emergent_clarity_constraint_bf278c,0.8415097726853671,20196.99,20227.8,True,False
Emergent_autonomy_boundary_a0c946,Emergent_appears_asymmetry_ecd8f7,0.856290155222283,20196.99,20261.06,True,False
Emergent_autonomy_boundary_a0c946,Emergent_bounded_clarity_be9203,0.8242168348027752,20196.99,20279.78,True,False
Emergent_autonomy_boundary_a0c946,Emergent_autonomy_carefully_dedeae,0.8390772388047056,20196.99,20298.22,True,False
Emergent_autonomy_boundary_a0c946,Emergent_carefully_cascade_579605,0.8562901366497913,20196.99,20298.56,True,False
Emergent_autonomy_boundary_a0c946,Emergent_carefully_coherence_6d638a,0.8481873431883082,20196.99,20333.92,True,False
Emergent_autonomy_boundary_a0c946,Emergent_carefully_coherence_c4d3bc,0.8447628082323451,20196.99,20334.26,True,False
Emergent_autonomy_boundary_a0c946,Emergent_bounded_carefully_f79645,0.8289286571473176,20196.99,20350.3,True,False
Emergent_autonomy_boundary_a0c946,Emergent_carefully_cognition_d8aefa,0.8390479872904175,20196.99,20368.6,True,False
Emergent_autonomy_boundary_a0c946,Emergent_abstraction_ambiguity_5c1c4f,0.8562901759271364,20196.99,20385.52,True,False
Emergent_autonomy_boundary_a0c946,Emergent_belief_revision_chaos_6abfe4,0.8562901693756932,20196.99,20404.5,True,False
Emergent_autonomy_boundary_a0c946,Emergent_appears_asymmetry_8dba4c,0.8508576782382482,20196.99,20422.92,True,False
Emergent_autonomy_boundary_a0c946,Emergent_appears_asymmetry_07c4dc,0.8443963914294688,20196.99,20423.26,True,False
Emergent_autonomy_boundary_a0c946,Emergent_bounded_coherence_cdc8b7,0.8494908111203212,20196.99,20439.73,True,False
Emergent_autonomy_boundary_a0c946,Emergent_bounded_coherence_a2e9f5,0.842498035386674,20196.99,20478.65,True,False
Emergent_autonomy_boundary_a0c946,Emergent_bounded_coherence_7a6cb5,0.8562900142075403,20196.99,20478.99,True,False
Emergent_autonomy_boundary_a0c946,Emergent_boundary_bounded_bd6b1f,0.8431325550901023,20196.99,20563.41,True,False
Emergent_autonomy_boundary_a0c946,Emergent_boundary_clarity_f6e2e2,0.8562903213384547,20196.99,20585.63,True,False
Emergent_autonomy_boundary_a0c946,Emergent_attention_bounded_52b815,0.8562901353209567,20196.99,20607.73,True,False
Emergent_autonomy_boundary_a0c946,Emergent_attention_autonomy_5ae8f6,0.8562901353209567,20196.99,20608.07,True,False
Emergent_autonomy_boundary_a0c946,Emergent_autonomy_boundary_a7f146,0.8277491007731796,20196.99,20626.5,True,False
Emergent_autonomy_boundary_a0c946,Emergent_boundary_cascade_7dd561,0.8562899388910901,20196.99,20626.84,True,False
Emergent_autonomy_boundary_a0c946,Emergent_boundary_carefully_576a67,0.83680560658859,20196.99,20665.36,True,False
Emergent_autonomy_boundary_a0c946,Emergent_autonomy_boundary_d1f10a,0.8397678955686707,20196.99,20665.7,True,False
Emergent_autonomy_boundary_a0c946,Emergent_boundary_bounded_9cca20,0.8562891342366417,20196.99,20687.43,True,False
Emergent_autonomy_boundary_a0c946,Emergent_autonomy_boundary_625a34,0.8537483344322132,20196.99,20709.76,True,False
Emergent_autonomy_boundary_a0c946,Emergent_boundary_bounded_b40b8f,0.82659724738225,20196.99,20710.1,True,False
Emergent_autonomy_boundary_a0c946,Emergent_boundary_expression_ebc067,0.8360521326423036,20196.99,20731.44,True,False
Emergent_autonomy_boundary_a0c946,Emergent_boundary_bounded_fb55ca,0.8512939305649625,20196.99,20751.34,True,False
Emergent_autonomy_boundary_a0c946,Emergent_boundary_cascade_33cb56,0.8304704518517725,20196.99,20792.88,True,False
Emergent_autonomy_boundary_a0c946,Emergent_boundary_constraint_90bf41,0.8562901072362765,20196.99,20793.22,True,False
Emergent_autonomy_boundary_a0c946,Emergent_boundary_bounded_497fce,0.843299468361211,20196.99,20814.65,True,False
Emergent_autonomy_boundary_a0c946,Emergent_boundary_collective_f3e61d,0.8562484823051146,20196.99,20862.03,True,False
Emergent_autonomy_boundary_a0c946,Emergent_boundary_constraint_83de1c,0.8480771537792451,20196.99,20931.63,True,False
Emergent_autonomy_boundary_a0c946,Emergent_autonomy_boundary_945518,0.8483868519127975,20196.99,20956.2,True,False
Emergent_autonomy_boundary_a0c946,Emergent_constraint_expression_f97ab0,0.856327977878417,20196.99,20978.3,True,False
Emergent_autonomy_boundary_a0c946,Emergent_autonomy_bounded_72bafc,0.8404774873389635,20196.99,21000.33,True,False
Emergent_autonomy_boundary_a0c946,Emergent_bounded_coherence_986ec1,0.8563040401985276,20196.99,21000.67,True,False
Emergent_autonomy_boundary_a0c946,Emergent_appears_asymmetry_9e9e75,0.8562698435129714,20196.99,21024.36,True,False
Emergent_autonomy_boundary_a0c946,Emergent_autonomy_boundary_053944,0.8500447019681538,20196.99,21138.39,True,False
Emergent_autonomy_boundary_a0c946,Emergent_boundary_clarity_c73874,0.8393486576666049,20196.99,21183.76,True,False
Emergent_autonomy_boundary_a0c946,Emergent_boundary_bounded_23b54b,0.8335186722998555,20196.99,21207.4,True,False
Emergent_autonomy_boundary_a0c946,Emergent_collective_contradiction_a82072,0.8478732125620727,20196.99,21229.28,True,False
Emergent_autonomy_boundary_a0c946,Emergent_clarity_complexity_55022a,0.8524326091925756,20196.99,21251.27,True,False
Emergent_autonomy_boundary_a0c946,Emergent_boundary_carefully_38337d,0.8525045419832253,20196.99,21270.45,True,False
Emergent_autonomy_boundary_a0c946,Emergent_boundary_carefully_98ec82,0.8463063127578327,20196.99,21313.15,True,False
Emergent_autonomy_boundary_a0c946,Emergent_clarity_cognition_198e32,0.8539703631570619,20196.99,21334.45,True,False
Emergent_autonomy_boundary_a0c946,Emergent_clarity_cognition_8dcbb2,0.8425244273105186,20196.99,21334.79,True,False
Emergent_autonomy_boundary_a0c946,Emergent_boundary_bounded_d6917c,0.8272654949908957,20196.99,21403.84,True,False
Emergent_autonomy_boundary_a0c946,Emergent_complexity_concept_0be476,0.9,20196.99,21548.74,True,False
Emergent_boundary_bounded_32e02f,Emergent_clarity_constraint_bf278c,0.8415097726853671,20212.8,20227.8,True,False
Emergent_boundary_bounded_32e02f,Emergent_appears_asymmetry_ecd8f7,0.8591738456543643,20212.8,20261.06,True,False
Emergent_boundary_bounded_32e02f,Emergent_bounded_clarity_be9203,0.8242168348027752,20212.8,20279.78,True,False
Emergent_boundary_bounded_32e02f,Emergent_autonomy_carefully_dedeae,0.8390772388047056,20212.8,20298.22,True,False
Emergent_boundary_bounded_32e02f,Emergent_carefully_cascade_579605,0.8682295433728038,20212.8,20298.56,True,False
Emergent_boundary_bounded_32e02f,Emergent_carefully_coherence_6d638a,0.8481873431883082,20212.8,20333.92,True,False
Emergent_boundary_bounded_32e02f,Emergent_carefully_coherence_c4d3bc,0.8447628082323451,20212.8,20334.26,True,False
Emergent_boundary_bounded_32e02f,Emergent_bounded_carefully_f79645,0.8289286571473176,20212.8,20350.3,True,False
Emergent_boundary_bounded_32e02f,Emergent_carefully_cognition_d8aefa,0.8390479872904175,20212.8,20368.6,True,False
Emergent_boundary_bounded_32e02f,Emergent_abstraction_ambiguity_5c1c4f,0.867492904913514,20212.8,20385.52,True,False
Emergent_boundary_bounded_32e02f,Emergent_belief_revision_chaos_6abfe4,0.8662788136100326,20212.8,20404.5,True,False
Emergent_boundary_bounded_32e02f,Emergent_appears_asymmetry_8dba4c,0.8508576782382482,20212.8,20422.92,True,False
Emergent_boundary_bounded_32e02f,Emergent_appears_asymmetry_07c4dc,0.8443963914294688,20212.8,20423.26,True,False
Emergent_boundary_bounded_32e02f,Emergent_bounded_coherence_cdc8b7,0.8494908111203212,20212.8,20439.73,True,False
Emergent_boundary_bounded_32e02f,Emergent_bounded_coherence_a2e9f5,0.842498035386674,20212.8,20478.65,True,False
Emergent_boundary_bounded_32e02f,Emergent_bounded_coherence_7a6cb5,0.8674829820831578,20212.8,20478.99,True,False
Emergent_boundary_bounded_32e02f,Emergent_boundary_bounded_bd6b1f,0.8431325550901023,20212.8,20563.41,True,False
Emergent_boundary_bounded_32e02f,Emergent_boundary_clarity_f6e2e2,0.8585695800510309,20212.8,20585.63,True,False
Emergent_boundary_bounded_32e02f,Emergent_attention_bounded_52b815,0.8708785011672708,20212.8,20607.73,True,False
Emergent_boundary_bounded_32e02f,Emergent_attention_autonomy_5ae8f6,0.8590595233936926,20212.8,20608.07,True,False
Emergent_boundary_bounded_32e02f,Emergent_autonomy_boundary_a7f146,0.8277491007731796,20212.8,20626.5,True,False
Emergent_boundary_bounded_32e02f,Emergent_boundary_cascade_7dd561,0.8575598949582912,20212.8,20626.84,True,False
Emergent_boundary_bounded_32e02f,Emergent_boundary_carefully_576a67,0.83680560658859,20212.8,20665.36,True,False
Emergent_boundary_bounded_32e02f,Emergent_autonomy_boundary_d1f10a,0.8397678955686707,20212.8,20665.7,True,False
Emergent_boundary_bounded_32e02f,Emergent_boundary_bounded_9cca20,0.8674032844031447,20212.8,20687.43,True,False
Emergent_boundary_bounded_32e02f,Emergent_autonomy_boundary_625a34,0.8537483344322132,20212.8,20709.76,True,False
Emergent_boundary_bounded_32e02f,Emergent_boundary_bounded_b40b8f,0.82659724738225,20212.8,20710.1,True,False
Emergent_boundary_bounded_32e02f,Emergent_boundary_expression_ebc067,0.8360521326423036,20212.8,20731.44,True,False
Emergent_boundary_bounded_32e02f,Emergent_boundary_bounded_fb55ca,0.8512939305649625,20212.8,20751.34,True,False
Emergent_boundary_bounded_32e02f,Emergent_boundary_cascade_33cb56,0.8304704518517725,20212.8,20792.88,True,False
Emergent_boundary_bounded_32e02f,Emergent_boundary_constraint_90bf41,0.8700492410306262,20212.8,20793.22,True,False
Emergent_boundary_bounded_32e02f,Emergent_boundary_bounded_497fce,0.843299468361211,20212.8,20814.65,True,False
Emergent_boundary_bounded_32e02f,Emergent_boundary_collective_f3e61d,0.8710021345996053,20212.8,20862.03,True,False
Emergent_boundary_bounded_32e02f,Emergent_boundary_constraint_83de1c,0.8480771537792451,20212.8,20931.63,True,False
Emergent_boundary_bounded_32e02f,Emergent_autonomy_boundary_945518,0.8483868519127975,20212.8,20956.2,True,False
Emergent_boundary_bounded_32e02f,Emergent_constraint_expression_f97ab0,0.8668275691556748,20212.8,20978.3,True,False
Emergent_boundary_bounded_32e02f,Emergent_autonomy_bounded_72bafc,0.8404774873389635,20212.8,21000.33,True,False
Emergent_boundary_bounded_32e02f,Emergent_bounded_coherence_986ec1,0.8635587782051404,20212.8,21000.67,True,False
Emergent_boundary_bounded_32e02f,Emergent_appears_asymmetry_9e9e75,0.8573860958006396,20212.8,21024.36,True,False
Emergent_boundary_bounded_32e02f,Emergent_autonomy_boundary_053944,0.8500447019681538,20212.8,21138.39,True,False
Emergent_boundary_bounded_32e02f,Emergent_boundary_clarity_c73874,0.8393486576666049,20212.8,21183.76,True,False
Emergent_boundary_bounded_32e02f,Emergent_boundary_bounded_23b54b,0.8335186722998555,20212.8,21207.4,True,False
Emergent_boundary_bounded_32e02f,Emergent_collective_contradiction_a82072,0.8478732125620727,20212.8,21229.28,True,False
Emergent_boundary_bounded_32e02f,Emergent_clarity_complexity_55022a,0.8628447253335694,20212.8,21251.27,True,False
Emergent_boundary_bounded_32e02f,Emergent_boundary_carefully_38337d,0.8580005107532149,20212.8,21270.45,True,False
Emergent_boundary_bounded_32e02f,Emergent_boundary_carefully_98ec82,0.8463063127578327,20212.8,21313.15,True,False
Emergent_boundary_bounded_32e02f,Emergent_clarity_cognition_198e32,0.8582451694611359,20212.8,21334.45,True,False
Emergent_boundary_bounded_32e02f,Emergent_clarity_cognition_8dcbb2,0.8425244273105186,20212.8,21334.79,True,False
Emergent_boundary_bounded_32e02f,Emergent_boundary_bounded_d6917c,0.8272654949908957,20212.8,21403.84,True,False
Emergent_boundary_bounded_32e02f,Emergent_complexity_concept_0be476,0.9,20212.8,21548.74,True,False
Emergent_clarity_constraint_bf278c,Emergent_appears_asymmetry_ecd8f7,0.8415097717681501,20227.8,20261.06,True,False
Emergent_clarity_constraint_bf278c,Emergent_bounded_clarity_be9203,0.8242168348027752,20227.8,20279.78,True,False
Emergent_clarity_constraint_bf278c,Emergent_autonomy_carefully_dedeae,0.8390772388047056,20227.8,20298.22,True,False
Emergent_clarity_constraint_bf278c,Emergent_carefully_cascade_579605,0.8415097529604552,20227.8,20298.56,True,False
Emergent_clarity_constraint_bf278c,Emergent_carefully_coherence_6d638a,0.8415097468104777,20227.8,20333.92,True,False
Emergent_clarity_constraint_bf278c,Emergent_carefully_coherence_c4d3bc,0.8415097467889545,20227.8,20334.26,True,False
Emergent_clarity_constraint_bf278c,Emergent_bounded_carefully_f79645,0.8289286571473176,20227.8,20350.3,True,False
Emergent_clarity_constraint_bf278c,Emergent_carefully_cognition_d8aefa,0.8390479872904175,20227.8,20368.6,True,False
Emergent_clarity_constraint_bf278c,Emergent_abstraction_ambiguity_5c1c4f,0.8415097931368511,20227.8,20385.52,True,False
Emergent_clarity_constraint_bf278c,Emergent_belief_revision_chaos_6abfe4,0.841509786585408,20227.8,20404.5,True,False
Emergent_clarity_constraint_bf278c,Emergent_appears_asymmetry_8dba4c,0.8415097730531225,20227.8,20422.92,True,False
Emergent_clarity_constraint_bf278c,Emergent_appears_asymmetry_07c4dc,0.841509772996405,20227.8,20423.26,True,False
Emergent_clarity_constraint_bf278c,Emergent_bounded_coherence_cdc8b7,0.841509774851058,20227.8,20439.73,True,False
Emergent_clarity_constraint_bf278c,Emergent_bounded_coherence_a2e9f5,0.8415096213612403,20227.8,20478.65,True,False
Emergent_clarity_constraint_bf278c,Emergent_bounded_coherence_7a6cb5,0.8415096252361411,20227.8,20478.99,True,False
Emergent_clarity_constraint_bf278c,Emergent_boundary_bounded_bd6b1f,0.8415088631319227,20227.8,20563.41,True,False
Emergent_clarity_constraint_bf278c,Emergent_boundary_clarity_f6e2e2,0.8415099655665208,20227.8,20585.63,True,False
Emergent_clarity_constraint_bf278c,Emergent_attention_bounded_52b815,0.8415096370788144,20227.8,20607.73,True,False
Emergent_clarity_constraint_bf278c,Emergent_attention_autonomy_5ae8f6,0.8415096370788144,20227.8,20608.07,True,False
Emergent_clarity_constraint_bf278c,Emergent_autonomy_boundary_a7f146,0.8277491007731796,20227.8,20626.5,True,False
Emergent_clarity_constraint_bf278c,Emergent_boundary_cascade_7dd561,0.8415096543542602,20227.8,20626.84,True,False
Emergent_clarity_constraint_bf278c,Emergent_boundary_carefully_576a67,0.83680560658859,20227.8,20665.36,True,False
Emergent_clarity_constraint_bf278c,Emergent_autonomy_boundary_d1f10a,0.8397678955686707,20227.8,20665.7,True,False
Emergent_clarity_constraint_bf278c,Emergent_boundary_bounded_9cca20,0.8415088496998115,20227.8,20687.43,True,False
Emergent_clarity_constraint_bf278c,Emergent_autonomy_boundary_625a34,0.841508173519603,20227.8,20709.76,True,False
Emergent_clarity_constraint_bf278c,Emergent_boundary_bounded_b40b8f,0.82659724738225,20227.8,20710.1,True,False
Emergent_clarity_constraint_bf278c,Emergent_boundary_expression_ebc067,0.8360521326423036,20227.8,20731.44,True,False
Emergent_clarity_constraint_bf278c,Emergent_boundary_bounded_fb55ca,0.8415070307648813,20227.8,20751.34,True,False
Emergent_clarity_constraint_bf278c,Emergent_boundary_cascade_33cb56,0.8304704518517725,20227.8,20792.88,True,False
Emergent_clarity_constraint_bf278c,Emergent_boundary_constraint_90bf41,0.8415101543962449,20227.8,20793.22,True,False
Emergent_clarity_constraint_bf278c,Emergent_boundary_bounded_497fce,0.8415104829580566,20227.8,20814.65,True,False
Emergent_clarity_constraint_bf278c,Emergent_boundary_collective_f3e61d,0.8414665250184559,20227.8,20862.03,True,False
Emergent_clarity_constraint_bf278c,Emergent_boundary_constraint_83de1c,0.8414101830813046,20227.8,20931.63,True,False
Emergent_clarity_constraint_bf278c,Emergent_autonomy_boundary_945518,0.8415688913956487,20227.8,20956.2,True,False
Emergent_clarity_constraint_bf278c,Emergent_constraint_expression_f97ab0,0.8415521350197261,20227.8,20978.3,True,False
Emergent_clarity_constraint_bf278c,Emergent_autonomy_bounded_72bafc,0.8404774873389635,20227.8,21000.33,True,False
Emergent_clarity_constraint_bf278c,Emergent_bounded_coherence_986ec1,0.841528197339837,20227.8,21000.67,True,False
Emergent_clarity_constraint_bf278c,Emergent_appears_asymmetry_9e9e75,0.8414940006542808,20227.8,21024.36,True,False
Emergent_clarity_constraint_bf278c,Emergent_autonomy_boundary_053944,0.8404430482750438,20227.8,21138.39,True,False
Emergent_clarity_constraint_bf278c,Emergent_boundary_clarity_c73874,0.8363505091568946,20227.8,21183.76,True,False
Emergent_clarity_constraint_bf278c,Emergent_boundary_bounded_23b54b,0.8335186722998555,20227.8,21207.4,True,False
Emergent_clarity_constraint_bf278c,Emergent_collective_contradiction_a82072,0.8436609212440656,20227.8,21229.28,True,False
Emergent_clarity_constraint_bf278c,Emergent_clarity_complexity_55022a,0.8373791674152473,20227.8,21251.27,True,False
Emergent_clarity_constraint_bf278c,Emergent_boundary_carefully_38337d,0.8374479208188235,20227.8,21270.45,True,False
Emergent_clarity_constraint_bf278c,Emergent_boundary_carefully_98ec82,0.842204105392222,20227.8,21313.15,True,False
Emergent_clarity_constraint_bf278c,Emergent_clarity_cognition_198e32,0.839733476392222,20227.8,21334.45,True,False
Emergent_clarity_constraint_bf278c,Emergent_clarity_cognition_8dcbb2,0.839733476392222,20227.8,21334.79,True,False
Emergent_clarity_constraint_bf278c,Emergent_boundary_bounded_d6917c,0.822758406392222,20227.8,21403.84,True,False
Emergent_clarity_constraint_bf278c,Emergent_complexity_concept_0be476,0.9,20227.8,21548.74,True,False
Emergent_appears_asymmetry_ecd8f7,Emergent_bounded_clarity_be9203,0.8242168348027752,20261.06,20279.78,True,False
Emergent_appears_asymmetry_ecd8f7,Emergent_autonomy_carefully_dedeae,0.8390772388047056,20261.06,20298.22,True,False
Emergent_appears_asymmetry_ecd8f7,Emergent_carefully_cascade_579605,0.8591738271278226,20261.06,20298.56,True,False
Emergent_appears_asymmetry_ecd8f7,Emergent_carefully_coherence_6d638a,0.8481873431883082,20261.06,20333.92,True,False
Emergent_appears_asymmetry_ecd8f7,Emergent_carefully_coherence_c4d3bc,0.8447628082323451,20261.06,20334.26,True,False
Emergent_appears_asymmetry_ecd8f7,Emergent_bounded_carefully_f79645,0.8289286571473176,20261.06,20350.3,True,False
Emergent_appears_asymmetry_ecd8f7,Emergent_carefully_cognition_d8aefa,0.8390479872904175,20261.06,20368.6,True,False
Emergent_appears_asymmetry_ecd8f7,Emergent_abstraction_ambiguity_5c1c4f,0.8591738662295252,20261.06,20385.52,True,False
Emergent_appears_asymmetry_ecd8f7,Emergent_belief_revision_chaos_6abfe4,0.8591738596780822,20261.06,20404.5,True,False
Emergent_appears_asymmetry_ecd8f7,Emergent_appears_asymmetry_8dba4c,0.8508576782382482,20261.06,20422.92,True,False
Emergent_appears_asymmetry_ecd8f7,Emergent_appears_asymmetry_07c4dc,0.8443963914294688,20261.06,20423.26,True,False
Emergent_appears_asymmetry_ecd8f7,Emergent_bounded_coherence_cdc8b7,0.8494908111203212,20261.06,20439.73,True,False
Emergent_appears_asymmetry_ecd8f7,Emergent_bounded_coherence_a2e9f5,0.842498035386674,20261.06,20478.65,True,False
Emergent_appears_asymmetry_ecd8f7,Emergent_bounded_coherence_7a6cb5,0.859173705717498,20261.06,20478.99,True,False
Emergent_appears_asymmetry_ecd8f7,Emergent_boundary_bounded_bd6b1f,0.8431325550901023,20261.06,20563.41,True,False
Emergent_appears_asymmetry_ecd8f7,Emergent_boundary_clarity_f6e2e2,0.8585695800510309,20261.06,20585.63,True,False
Emergent_appears_asymmetry_ecd8f7,Emergent_attention_bounded_52b815,0.8591738440115557,20261.06,20607.73,True,False
Emergent_appears_asymmetry_ecd8f7,Emergent_attention_autonomy_5ae8f6,0.8590595233936926,20261.06,20608.07,True,False
Emergent_appears_asymmetry_ecd8f7,Emergent_autonomy_boundary_a7f146,0.8277491007731796,20261.06,20626.5,True,False
Emergent_appears_asymmetry_ecd8f7,Emergent_boundary_cascade_7dd561,0.8575598949582912,20261.06,20626.84,True,False
Emergent_appears_asymmetry_ecd8f7,Emergent_boundary_carefully_576a67,0.83680560658859,20261.06,20665.36,True,False
Emergent_appears_asymmetry_ecd8f7,Emergent_autonomy_boundary_d1f10a,0.8397678955686707,20261.06,20665.7,True,False
Emergent_appears_asymmetry_ecd8f7,Emergent_boundary_bounded_9cca20,0.8591728074272957,20261.06,20687.43,True,False
Emergent_appears_asymmetry_ecd8f7,Emergent_autonomy_boundary_625a34,0.8537483344322132,20261.06,20709.76,True,False
Emergent_appears_asymmetry_ecd8f7,Emergent_boundary_bounded_b40b8f,0.82659724738225,20261.06,20710.1,True,False
Emergent_appears_asymmetry_ecd8f7,Emergent_boundary_expression_ebc067,0.8360521326423036,20261.06,20731.44,True,False
Emergent_appears_asymmetry_ecd8f7,Emergent_boundary_bounded_fb55ca,0.8512939305649625,20261.06,20751.34,True,False
Emergent_appears_asymmetry_ecd8f7,Emergent_boundary_cascade_33cb56,0.8304704518517725,20261.06,20792.88,True,False
Emergent_appears_asymmetry_ecd8f7,Emergent_boundary_constraint_90bf41,0.8591737156252339,20261.06,20793.22,True,False
Emergent_appears_asymmetry_ecd8f7,Emergent_boundary_bounded_497fce,0.843299468361211,20261.06,20814.65,True,False
Emergent_appears_asymmetry_ecd8f7,Emergent_boundary_collective_f3e61d,0.8591324822912858,20261.06,20862.03,True,False
Emergent_appears_asymmetry_ecd8f7,Emergent_boundary_constraint_83de1c,0.8480771537792451,20261.06,20931.63,True,False
Emergent_appears_asymmetry_ecd8f7,Emergent_autonomy_boundary_945518,0.8483868519127975,20261.06,20956.2,True,False
Emergent_appears_asymmetry_ecd8f7,Emergent_constraint_expression_f97ab0,0.8592107833239488,20261.06,20978.3,True,False
Emergent_appears_asymmetry_ecd8f7,Emergent_autonomy_bounded_72bafc,0.8404774873389635,20261.06,21000.33,True,False
Emergent_appears_asymmetry_ecd8f7,Emergent_bounded_coherence_986ec1,0.8591868456440597,20261.06,21000.67,True,False
Emergent_appears_asymmetry_ecd8f7,Emergent_appears_asymmetry_9e9e75,0.8573860958006396,20261.06,21024.36,True,False
Emergent_appears_asymmetry_ecd8f7,Emergent_autonomy_boundary_053944,0.8500447019681538,20261.06,21138.39,True,False
Emergent_appears_asymmetry_ecd8f7,Emergent_boundary_clarity_c73874,0.8393486576666049,20261.06,21183.76,True,False
Emergent_appears_asymmetry_ecd8f7,Emergent_boundary_bounded_23b54b,0.8335186722998555,20261.06,21207.4,True,False
Emergent_appears_asymmetry_ecd8f7,Emergent_collective_contradiction_a82072,0.8478732125620727,20261.06,21229.28,True,False
Emergent_appears_asymmetry_ecd8f7,Emergent_clarity_complexity_55022a,0.8553735135676543,20261.06,21251.27,True,False
Emergent_appears_asymmetry_ecd8f7,Emergent_boundary_carefully_38337d,0.8554460674968778,20261.06,21270.45,True,False
Emergent_appears_asymmetry_ecd8f7,Emergent_boundary_carefully_98ec82,0.8463063127578327,20261.06,21313.15,True,False
Emergent_appears_asymmetry_ecd8f7,Emergent_clarity_cognition_198e32,0.8567517418738728,20261.06,21334.45,True,False
Emergent_appears_asymmetry_ecd8f7,Emergent_clarity_cognition_8dcbb2,0.8425244273105186,20261.06,21334.79,True,False
Emergent_appears_asymmetry_ecd8f7,Emergent_boundary_bounded_d6917c,0.8272654949908957,20261.06,21403.84,True,False
Emergent_appears_asymmetry_ecd8f7,Emergent_complexity_concept_0be476,0.9,20261.06,21548.74,True,False
Emergent_bounded_clarity_be9203,Emergent_autonomy_carefully_dedeae,0.824216815855952,20279.78,20298.22,True,False
Emergent_bounded_clarity_be9203,Emergent_carefully_cascade_579605,0.8242168160208607,20279.78,20298.56,True,False
Emergent_bounded_clarity_be9203,Emergent_carefully_coherence_6d638a,0.8242168108437005,20279.78,20333.92,True,False
Emergent_bounded_clarity_be9203,Emergent_carefully_coherence_c4d3bc,0.8242168108226164,20279.78,20334.26,True,False
Emergent_bounded_clarity_be9203,Emergent_bounded_carefully_f79645,0.8242168625870081,20279.78,20350.3,True,False
Emergent_bounded_clarity_be9203,Emergent_carefully_cognition_d8aefa,0.824216857236663,20279.78,20368.6,True,False
Emergent_bounded_clarity_be9203,Emergent_abstraction_ambiguity_5c1c4f,0.8242168580009979,20279.78,20385.52,True,False
Emergent_bounded_clarity_be9203,Emergent_belief_revision_chaos_6abfe4,0.8242168514495549,20279.78,20404.5,True,False
Emergent_bounded_clarity_be9203,Emergent_appears_asymmetry_8dba4c,0.824216838058413,20279.78,20422.92,True,False
Emergent_bounded_clarity_be9203,Emergent_appears_asymmetry_07c4dc,0.8242168380047588,20279.78,20423.26,True,False
Emergent_bounded_clarity_be9203,Emergent_bounded_coherence_cdc8b7,0.8242168398434899,20279.78,20439.73,True,False
Emergent_bounded_clarity_be9203,Emergent_bounded_coherence_a2e9f5,0.8242166791223451,20279.78,20478.65,True,False
Emergent_bounded_clarity_be9203,Emergent_bounded_coherence_7a6cb5,0.8242166828808382,20279.78,20478.99,True,False
Emergent_bounded_clarity_be9203,Emergent_boundary_bounded_bd6b1f,0.8242158949099889,20279.78,20563.41,True,False
Emergent_bounded_clarity_be9203,Emergent_boundary_clarity_f6e2e2,0.8242170619877014,20279.78,20585.63,True,False
Emergent_bounded_clarity_be9203,Emergent_attention_bounded_52b815,0.8242165670969026,20279.78,20607.73,True,False
Emergent_bounded_clarity_be9203,Emergent_attention_autonomy_5ae8f6,0.8242165670969026,20279.78,20608.07,True,False
Emergent_bounded_clarity_be9203,Emergent_autonomy_boundary_a7f146,0.8242168339769869,20279.78,20626.5,True,False
Emergent_bounded_clarity_be9203,Emergent_boundary_cascade_7dd561,0.8242168339769869,20279.78,20626.84,True,False
Emergent_bounded_clarity_be9203,Emergent_boundary_carefully_576a67,0.8242165026486845,20279.78,20665.36,True,False
Emergent_bounded_clarity_be9203,Emergent_autonomy_boundary_d1f10a,0.8242165026486845,20279.78,20665.7,True,False
Emergent_bounded_clarity_be9203,Emergent_boundary_bounded_9cca20,0.8242160293225385,20279.78,20687.43,True,False
Emergent_bounded_clarity_be9203,Emergent_autonomy_boundary_625a34,0.8242153531423297,20279.78,20709.76,True,False
Emergent_bounded_clarity_be9203,Emergent_boundary_bounded_b40b8f,0.8242153531423297,20279.78,20710.1,True,False
Emergent_bounded_clarity_be9203,Emergent_boundary_expression_ebc067,0.8242139998115219,20279.78,20731.44,True,False
Emergent_bounded_clarity_be9203,Emergent_boundary_bounded_fb55ca,0.8242142199359292,20279.78,20751.34,True,False
Emergent_bounded_clarity_be9203,Emergent_boundary_cascade_33cb56,0.8242177214359185,20279.78,20792.88,True,False
Emergent_bounded_clarity_be9203,Emergent_boundary_constraint_90bf41,0.8242177214359185,20279.78,20793.22,True,False
Emergent_bounded_clarity_be9203,Emergent_boundary_bounded_497fce,0.8242180499977305,20279.78,20814.65,True,False
Emergent_bounded_clarity_be9203,Emergent_boundary_collective_f3e61d,0.8241717508941633,20279.78,20862.03,True,False
Emergent_bounded_clarity_be9203,Emergent_boundary_constraint_83de1c,0.8241181452871997,20279.78,20931.63,True,False
Emergent_bounded_clarity_be9203,Emergent_autonomy_boundary_945518,0.8242812588326422,20279.78,20956.2,True,False
Emergent_bounded_clarity_be9203,Emergent_constraint_expression_f97ab0,0.8242645024567199,20279.78,20978.3,True,False
Emergent_bounded_clarity_be9203,Emergent_autonomy_bounded_72bafc,0.8242405647768305,20279.78,21000.33,True,False
Emergent_bounded_clarity_be9203,Emergent_bounded_coherence_986ec1,0.8242405647768305,20279.78,21000.67,True,False
Emergent_bounded_clarity_be9203,Emergent_appears_asymmetry_9e9e75,0.8242063680912743,20279.78,21024.36,True,False
Emergent_bounded_clarity_be9203,Emergent_autonomy_boundary_053944,0.8230157617394278,20279.78,21138.39,True,False
Emergent_bounded_clarity_be9203,Emergent_boundary_clarity_c73874,0.8191442669493376,20279.78,21183.76,True,False
Emergent_bounded_clarity_be9203,Emergent_boundary_bounded_23b54b,0.8206205358877472,20279.78,21207.4,True,False
Emergent_bounded_clarity_be9203,Emergent_collective_contradiction_a82072,0.8267006231828822,20279.78,21229.28,True,False
Emergent_bounded_clarity_be9203,Emergent_clarity_complexity_55022a,0.8197969704243935,20279.78,21251.27,True,False
Emergent_bounded_clarity_be9203,Emergent_boundary_carefully_38337d,0.8198620103509673,20279.78,21270.45,True,False
Emergent_bounded_clarity_be9203,Emergent_boundary_carefully_98ec82,0.8255756325593253,20279.78,21313.15,True,False
Emergent_bounded_clarity_be9203,Emergent_clarity_cognition_198e32,0.8231050035593253,20279.78,21334.45,True,False
Emergent_bounded_clarity_be9203,Emergent_clarity_cognition_8dcbb2,0.8231050035593253,20279.78,21334.79,True,False
Emergent_bounded_clarity_be9203,Emergent_boundary_bounded_d6917c,0.8061299335593253,20279.78,21403.84,True,False
Emergent_bounded_clarity_be9203,Emergent_complexity_concept_0be476,0.9,20279.78,21548.74,True,False
Emergent_autonomy_carefully_dedeae,Emergent_carefully_cascade_579605,0.839077235004432,20298.22,20298.56,True,False
Emergent_autonomy_carefully_dedeae,Emergent_carefully_coherence_6d638a,0.8390772304376544,20298.22,20333.92,True,False
Emergent_autonomy_carefully_dedeae,Emergent_carefully_coherence_c4d3bc,0.8390772304161931,20298.22,20334.26,True,False
Emergent_autonomy_carefully_dedeae,Emergent_bounded_carefully_f79645,0.8289286571473176,20298.22,20350.3,True,False
Emergent_autonomy_carefully_dedeae,Emergent_carefully_cognition_d8aefa,0.8390479872904175,20298.22,20368.6,True,False
Emergent_autonomy_carefully_dedeae,Emergent_abstraction_ambiguity_5c1c4f,0.8390772793018109,20298.22,20385.52,True,False
Emergent_autonomy_carefully_dedeae,Emergent_belief_revision_chaos_6abfe4,0.8390772727503677,20298.22,20404.5,True,False
Emergent_autonomy_carefully_dedeae,Emergent_appears_asymmetry_8dba4c,0.8390772592379363,20298.22,20422.92,True,False
Emergent_autonomy_carefully_dedeae,Emergent_appears_asymmetry_07c4dc,0.8390772591816493,20298.22,20423.26,True,False
Emergent_autonomy_carefully_dedeae,Emergent_bounded_coherence_cdc8b7,0.8390772610340629,20298.22,20439.73,True,False
Emergent_autonomy_carefully_dedeae,Emergent_bounded_coherence_a2e9f5,0.8390771065270493,20298.22,20478.65,True,False
Emergent_autonomy_carefully_dedeae,Emergent_bounded_coherence_7a6cb5,0.8390771103855756,20298.22,20478.99,True,False
Emergent_autonomy_carefully_dedeae,Emergent_boundary_bounded_bd6b1f,0.8390763446428231,20298.22,20563.41,True,False
Emergent_autonomy_carefully_dedeae,Emergent_boundary_clarity_f6e2e2,0.8390774561704561,20298.22,20585.63,True,False
Emergent_autonomy_carefully_dedeae,Emergent_attention_bounded_52b815,0.8390771042756291,20298.22,20607.73,True,False
Emergent_autonomy_carefully_dedeae,Emergent_attention_autonomy_5ae8f6,0.8390771042756291,20298.22,20608.07,True,False
Emergent_autonomy_carefully_dedeae,Emergent_autonomy_boundary_a7f146,0.8277491007731796,20298.22,20626.5,True,False
Emergent_autonomy_carefully_dedeae,Emergent_boundary_cascade_7dd561,0.8390771566617561,20298.22,20626.84,True,False
Emergent_autonomy_carefully_dedeae,Emergent_boundary_carefully_576a67,0.83680560658859,20298.22,20665.36,True,False
Emergent_autonomy_carefully_dedeae,Emergent_autonomy_boundary_d1f10a,0.8390768253334537,20298.22,20665.7,True,False
Emergent_autonomy_carefully_dedeae,Emergent_boundary_bounded_9cca20,0.8390763520073077,20298.22,20687.43,True,False
Emergent_autonomy_carefully_dedeae,Emergent_autonomy_boundary_625a34,0.839075675827099,20298.22,20709.76,True,False
Emergent_autonomy_carefully_dedeae,Emergent_boundary_bounded_b40b8f,0.82659724738225,20298.22,20710.1,True,False
Emergent_autonomy_carefully_dedeae,Emergent_boundary_expression_ebc067,0.8360521326423036,20298.22,20731.44,True,False
Emergent_autonomy_carefully_dedeae,Emergent_boundary_bounded_fb55ca,0.8390745344154935,20298.22,20751.34,True,False
Emergent_autonomy_carefully_dedeae,Emergent_boundary_cascade_33cb56,0.8304704518517725,20298.22,20792.88,True,False
Emergent_autonomy_carefully_dedeae,Emergent_boundary_constraint_90bf41,0.8390777111998156,20298.22,20793.22,True,False
Emergent_autonomy_carefully_dedeae,Emergent_boundary_bounded_497fce,0.8390780397616273,20298.22,20814.65,True,False
Emergent_autonomy_carefully_dedeae,Emergent_boundary_collective_f3e61d,0.8390337525017757,20298.22,20862.03,True,False
Emergent_autonomy_carefully_dedeae,Emergent_boundary_constraint_83de1c,0.8389777954710029,20298.22,20931.63,True,False
Emergent_autonomy_carefully_dedeae,Emergent_autonomy_boundary_945518,0.8391371234479728,20298.22,20956.2,True,False
Emergent_autonomy_carefully_dedeae,Emergent_constraint_expression_f97ab0,0.8391203670720502,20298.22,20978.3,True,False
Emergent_autonomy_carefully_dedeae,Emergent_autonomy_bounded_72bafc,0.839096429392161,20298.22,21000.33,True,False
Emergent_autonomy_carefully_dedeae,Emergent_bounded_coherence_986ec1,0.839096429392161,20298.22,21000.67,True,False
Emergent_autonomy_carefully_dedeae,Emergent_appears_asymmetry_9e9e75,0.8390622327066048,20298.22,21024.36,True,False
Emergent_autonomy_carefully_dedeae,Emergent_autonomy_boundary_053944,0.8379916358761614,20298.22,21138.39,True,False
Emergent_autonomy_carefully_dedeae,Emergent_boundary_clarity_c73874,0.833930189998225,20298.22,21183.76,True,False
Emergent_autonomy_carefully_dedeae,Emergent_boundary_bounded_23b54b,0.8335186722998555,20298.22,21207.4,True,False
Emergent_autonomy_carefully_dedeae,Emergent_collective_contradiction_a82072,0.8412751978630357,20298.22,21229.28,True,False
Emergent_autonomy_carefully_dedeae,Emergent_clarity_complexity_55022a,0.8349059645092824,20298.22,21251.27,True,False
Emergent_autonomy_carefully_dedeae,Emergent_boundary_carefully_38337d,0.8349741955559473,20298.22,21270.45,True,False
Emergent_autonomy_carefully_dedeae,Emergent_boundary_carefully_98ec82,0.8398650582666851,20298.22,21313.15,True,False
Emergent_autonomy_carefully_dedeae,Emergent_clarity_cognition_198e32,0.8373944292666851,20298.22,21334.45,True,False
Emergent_autonomy_carefully_dedeae,Emergent_clarity_cognition_8dcbb2,0.8373944292666851,20298.22,21334.79,True,False
Emergent_autonomy_carefully_dedeae,Emergent_boundary_bounded_d6917c,0.8204193592666851,20298.22,21403.84,True,False
Emergent_autonomy_carefully_dedeae,Emergent_complexity_concept_0be476,0.9,20298.22,21548.74,True,False
Emergent_carefully_cascade_579605,Emergent_carefully_coherence_6d638a,0.8481873409443681,20298.56,20333.92,True,False
Emergent_carefully_cascade_579605,Emergent_carefully_coherence_c4d3bc,0.8447628060119194,20298.56,20334.26,True,False
Emergent_carefully_cascade_579605,Emergent_bounded_carefully_f79645,0.8289286571473176,20298.56,20350.3,True,False
Emergent_carefully_cascade_579605,Emergent_carefully_cognition_d8aefa,0.8390479872904175,20298.56,20368.6,True,False
Emergent_carefully_cascade_579605,Emergent_abstraction_ambiguity_5c1c4f,0.867492904913514,20298.56,20385.52,True,False
Emergent_carefully_cascade_579605,Emergent_belief_revision_chaos_6abfe4,0.8662788136100326,20298.56,20404.5,True,False
Emergent_carefully_cascade_579605,Emergent_appears_asymmetry_8dba4c,0.8508576782382482,20298.56,20422.92,True,False
Emergent_carefully_cascade_579605,Emergent_appears_asymmetry_07c4dc,0.8443963914294688,20298.56,20423.26,True,False
Emergent_carefully_cascade_579605,Emergent_bounded_coherence_cdc8b7,0.8494908111203212,20298.56,20439.73,True,False
Emergent_carefully_cascade_579605,Emergent_bounded_coherence_a2e9f5,0.842498035386674,20298.56,20478.65,True,False
Emergent_carefully_cascade_579605,Emergent_bounded_coherence_7a6cb5,0.8674829820831578,20298.56,20478.99,True,False
Emergent_carefully_cascade_579605,Emergent_boundary_bounded_bd6b1f,0.8431325550901023,20298.56,20563.41,True,False
Emergent_carefully_cascade_579605,Emergent_boundary_clarity_f6e2e2,0.8585695800510309,20298.56,20585.63,True,False
Emergent_carefully_cascade_579605,Emergent_attention_bounded_52b815,0.8682295431289555,20298.56,20607.73,True,False
Emergent_carefully_cascade_579605,Emergent_attention_autonomy_5ae8f6,0.8590595233936926,20298.56,20608.07,True,False
Emergent_carefully_cascade_579605,Emergent_autonomy_boundary_a7f146,0.8277491007731796,20298.56,20626.5,True,False
Emergent_carefully_cascade_579605,Emergent_boundary_cascade_7dd561,0.8575598949582912,20298.56,20626.84,True,False
Emergent_carefully_cascade_579605,Emergent_boundary_carefully_576a67,0.83680560658859,20298.56,20665.36,True,False
Emergent_carefully_cascade_579605,Emergent_autonomy_boundary_d1f10a,0.8397678955686707,20298.56,20665.7,True,False
Emergent_carefully_cascade_579605,Emergent_boundary_bounded_9cca20,0.8674032844031447,20298.56,20687.43,True,False
Emergent_carefully_cascade_579605,Emergent_autonomy_boundary_625a34,0.8537483344322132,20298.56,20709.76,True,False
Emergent_carefully_cascade_579605,Emergent_boundary_bounded_b40b8f,0.82659724738225,20298.56,20710.1,True,False
Emergent_carefully_cascade_579605,Emergent_boundary_expression_ebc067,0.8360521326423036,20298.56,20731.44,True,False
Emergent_carefully_cascade_579605,Emergent_boundary_bounded_fb55ca,0.8512939305649625,20298.56,20751.34,True,False
Emergent_carefully_cascade_579605,Emergent_boundary_cascade_33cb56,0.8304704518517725,20298.56,20792.88,True,False
Emergent_carefully_cascade_579605,Emergent_boundary_constraint_90bf41,0.8682292112436145,20298.56,20793.22,True,False
Emergent_carefully_cascade_579605,Emergent_boundary_bounded_497fce,0.843299468361211,20298.56,20814.65,True,False
Emergent_carefully_cascade_579605,Emergent_boundary_collective_f3e61d,0.8681892076560029,20298.56,20862.03,True,False
Emergent_carefully_cascade_579605,Emergent_boundary_constraint_83de1c,0.8480771537792451,20298.56,20931.63,True,False
Emergent_carefully_cascade_579605,Emergent_autonomy_boundary_945518,0.8483868519127975,20298.56,20956.2,True,False
Emergent_carefully_cascade_579605,Emergent_constraint_expression_f97ab0,0.8668275691556748,20298.56,20978.3,True,False
Emergent_carefully_cascade_579605,Emergent_autonomy_bounded_72bafc,0.8404774873389635,20298.56,21000.33,True,False
Emergent_carefully_cascade_579605,Emergent_bounded_coherence_986ec1,0.8635587782051404,20298.56,21000.67,True,False
Emergent_carefully_cascade_579605,Emergent_appears_asymmetry_9e9e75,0.8573860958006396,20298.56,21024.36,True,False
Emergent_carefully_cascade_579605,Emergent_autonomy_boundary_053944,0.8500447019681538,20298.56,21138.39,True,False
Emergent_carefully_cascade_579605,Emergent_boundary_clarity_c73874,0.8393486576666049,20298.56,21183.76,True,False
Emergent_carefully_cascade_579605,Emergent_boundary_bounded_23b54b,0.8335186722998555,20298.56,21207.4,True,False
Emergent_carefully_cascade_579605,Emergent_collective_contradiction_a82072,0.8478732125620727,20298.56,21229.28,True,False
Emergent_carefully_cascade_579605,Emergent_clarity_complexity_55022a,0.8628447253335694,20298.56,21251.27,True,False
Emergent_carefully_cascade_579605,Emergent_boundary_carefully_38337d,0.8580005107532149,20298.56,21270.45,True,False
Emergent_carefully_cascade_579605,Emergent_boundary_carefully_98ec82,0.8463063127578327,20298.56,21313.15,True,False
Emergent_carefully_cascade_579605,Emergent_clarity_cognition_198e32,0.8582451694611359,20298.56,21334.45,True,False
Emergent_carefully_cascade_579605,Emergent_clarity_cognition_8dcbb2,0.8425244273105186,20298.56,21334.79,True,False
Emergent_carefully_cascade_579605,Emergent_boundary_bounded_d6917c,0.8272654949908957,20298.56,21403.84,True,False
Emergent_carefully_cascade_579605,Emergent_complexity_concept_0be476,0.9,20298.56,21548.74,True,False
Emergent_carefully_coherence_6d638a,Emergent_carefully_coherence_c4d3bc,0.8447628020043902,20333.92,20334.26,True,False
Emergent_carefully_coherence_6d638a,Emergent_bounded_carefully_f79645,0.8289286501725346,20333.92,20350.3,True,False
Emergent_carefully_coherence_6d638a,Emergent_carefully_cognition_d8aefa,0.8390479872904175,20333.92,20368.6,True,False
Emergent_carefully_coherence_6d638a,Emergent_abstraction_ambiguity_5c1c4f,0.8481873891937952,20333.92,20385.52,True,False
Emergent_carefully_coherence_6d638a,Emergent_belief_revision_chaos_6abfe4,0.8481873826423523,20333.92,20404.5,True,False
Emergent_carefully_coherence_6d638a,Emergent_appears_asymmetry_8dba4c,0.8481873690555597,20333.92,20422.92,True,False
Emergent_carefully_coherence_6d638a,Emergent_appears_asymmetry_07c4dc,0.8443963914294688,20333.92,20423.26,True,False
Emergent_carefully_coherence_6d638a,Emergent_bounded_coherence_cdc8b7,0.8481873708584609,20333.92,20439.73,True,False
Emergent_carefully_coherence_6d638a,Emergent_bounded_coherence_a2e9f5,0.842498035386674,20333.92,20478.65,True,False
Emergent_carefully_coherence_6d638a,Emergent_bounded_coherence_7a6cb5,0.8481872240810941,20333.92,20478.99,True,False
Emergent_carefully_coherence_6d638a,Emergent_boundary_bounded_bd6b1f,0.8431325550901023,20333.92,20563.41,True,False
Emergent_carefully_coherence_6d638a,Emergent_boundary_clarity_f6e2e2,0.8481875494367619,20333.92,20585.63,True,False
Emergent_carefully_coherence_6d638a,Emergent_attention_bounded_52b815,0.8481872852106422,20333.92,20607.73,True,False
Emergent_carefully_coherence_6d638a,Emergent_attention_autonomy_5ae8f6,0.8481872852106422,20333.92,20608.07,True,False
Emergent_carefully_coherence_6d638a,Emergent_autonomy_boundary_a7f146,0.8277491007731796,20333.92,20626.5,True,False
Emergent_carefully_coherence_6d638a,Emergent_boundary_cascade_7dd561,0.8481872060937081,20333.92,20626.84,True,False
Emergent_carefully_coherence_6d638a,Emergent_boundary_carefully_576a67,0.83680560658859,20333.92,20665.36,True,False
Emergent_carefully_coherence_6d638a,Emergent_autonomy_boundary_d1f10a,0.8397678955686707,20333.92,20665.7,True,False
Emergent_carefully_coherence_6d638a,Emergent_boundary_bounded_9cca20,0.8481864014392597,20333.92,20687.43,True,False
Emergent_carefully_coherence_6d638a,Emergent_autonomy_boundary_625a34,0.848185725259051,20333.92,20709.76,True,False
Emergent_carefully_coherence_6d638a,Emergent_boundary_bounded_b40b8f,0.82659724738225,20333.92,20710.1,True,False
Emergent_carefully_coherence_6d638a,Emergent_boundary_expression_ebc067,0.8360521326423036,20333.92,20731.44,True,False
Emergent_carefully_coherence_6d638a,Emergent_boundary_bounded_fb55ca,0.8481845788169564,20333.92,20751.34,True,False
Emergent_carefully_coherence_6d638a,Emergent_boundary_cascade_33cb56,0.8304704518517725,20333.92,20792.88,True,False
Emergent_carefully_coherence_6d638a,Emergent_boundary_constraint_90bf41,0.8481875565229231,20333.92,20793.22,True,False
Emergent_carefully_coherence_6d638a,Emergent_boundary_bounded_497fce,0.843299468361211,20333.92,20814.65,True,False
Emergent_carefully_coherence_6d638a,Emergent_boundary_collective_f3e61d,0.8481448312563986,20333.92,20862.03,True,False
Emergent_carefully_coherence_6d638a,Emergent_boundary_constraint_83de1c,0.8480771537792451,20333.92,20931.63,True,False
Emergent_carefully_coherence_6d638a,Emergent_autonomy_boundary_945518,0.8482444397037334,20333.92,20956.2,True,False
Emergent_carefully_coherence_6d638a,Emergent_constraint_expression_f97ab0,0.8482276833278108,20333.92,20978.3,True,False
Emergent_carefully_coherence_6d638a,Emergent_autonomy_bounded_72bafc,0.8404774873389635,20333.92,21000.33,True,False
Emergent_carefully_coherence_6d638a,Emergent_bounded_coherence_986ec1,0.8482037456479217,20333.92,21000.67,True,False
Emergent_carefully_coherence_6d638a,Emergent_appears_asymmetry_9e9e75,0.8481695489623655,20333.92,21024.36,True,False
Emergent_carefully_coherence_6d638a,Emergent_autonomy_boundary_053944,0.8471731219875607,20333.92,21138.39,True,False
Emergent_carefully_coherence_6d638a,Emergent_boundary_clarity_c73874,0.8393486576666049,20333.92,21183.76,True,False
Emergent_carefully_coherence_6d638a,Emergent_boundary_bounded_23b54b,0.8335186722998555,20333.92,21207.4,True,False
Emergent_carefully_coherence_6d638a,Emergent_collective_contradiction_a82072,0.8478732125620727,20333.92,21229.28,True,False
Emergent_carefully_coherence_6d638a,Emergent_clarity_complexity_55022a,0.8441690644846858,20333.92,21251.27,True,False
Emergent_carefully_coherence_6d638a,Emergent_boundary_carefully_38337d,0.8442392519597051,20333.92,21270.45,True,False
Emergent_carefully_coherence_6d638a,Emergent_boundary_carefully_98ec82,0.8463063127578327,20333.92,21313.15,True,False
Emergent_carefully_coherence_6d638a,Emergent_clarity_cognition_198e32,0.8461550640365905,20333.92,21334.45,True,False
Emergent_carefully_coherence_6d638a,Emergent_clarity_cognition_8dcbb2,0.8425244273105186,20333.92,21334.79,True,False
Emergent_carefully_coherence_6d638a,Emergent_boundary_bounded_d6917c,0.8272654949908957,20333.92,21403.84,True,False
Emergent_carefully_coherence_6d638a,Emergent_complexity_concept_0be476,0.9,20333.92,21548.74,True,False
Emergent_carefully_coherence_c4d3bc,Emergent_bounded_carefully_f79645,0.828928650127883,20334.26,20350.3,True,False
Emergent_carefully_coherence_c4d3bc,Emergent_carefully_cognition_d8aefa,0.8390479872904175,20334.26,20368.6,True,False
Emergent_carefully_coherence_c4d3bc,Emergent_abstraction_ambiguity_5c1c4f,0.8447628544240149,20334.26,20385.52,True,False
Emergent_carefully_coherence_c4d3bc,Emergent_belief_revision_chaos_6abfe4,0.8447628478725717,20334.26,20404.5,True,False
Emergent_carefully_coherence_c4d3bc,Emergent_appears_asymmetry_8dba4c,0.8447628343137348,20334.26,20422.92,True,False
Emergent_carefully_coherence_c4d3bc,Emergent_appears_asymmetry_07c4dc,0.8443963914294688,20334.26,20423.26,True,False
Emergent_carefully_coherence_c4d3bc,Emergent_bounded_coherence_cdc8b7,0.8447628361140893,20334.26,20439.73,True,False
Emergent_carefully_coherence_c4d3bc,Emergent_bounded_coherence_a2e9f5,0.842498035386674,20334.26,20478.65,True,False
Emergent_carefully_coherence_c4d3bc,Emergent_bounded_coherence_7a6cb5,0.8447626878813919,20334.26,20478.99,True,False
Emergent_carefully_coherence_c4d3bc,Emergent_boundary_bounded_bd6b1f,0.8431325550901023,20334.26,20563.41,True,False
Emergent_carefully_coherence_c4d3bc,Emergent_boundary_clarity_f6e2e2,0.8447630209173316,20334.26,20585.63,True,False
Emergent_carefully_coherence_c4d3bc,Emergent_attention_bounded_52b815,0.8447627237325508,20334.26,20607.73,True,False
Emergent_carefully_coherence_c4d3bc,Emergent_attention_autonomy_5ae8f6,0.8447627237325508,20334.26,20608.07,True,False
Emergent_carefully_coherence_c4d3bc,Emergent_autonomy_boundary_a7f146,0.8277491007731796,20334.26,20626.5,True,False
Emergent_carefully_coherence_c4d3bc,Emergent_boundary_cascade_7dd561,0.8447626940536082,20334.26,20626.84,True,False
Emergent_carefully_coherence_c4d3bc,Emergent_boundary_carefully_576a67,0.83680560658859,20334.26,20665.36,True,False
Emergent_carefully_coherence_c4d3bc,Emergent_autonomy_boundary_d1f10a,0.8397678955686707,20334.26,20665.7,True,False
Emergent_carefully_coherence_c4d3bc,Emergent_boundary_bounded_9cca20,0.8447618893991597,20334.26,20687.43,True,False
Emergent_carefully_coherence_c4d3bc,Emergent_autonomy_boundary_625a34,0.844761213218951,20334.26,20709.76,True,False
Emergent_carefully_coherence_c4d3bc,Emergent_boundary_bounded_b40b8f,0.82659724738225,20334.26,20710.1,True,False
Emergent_carefully_coherence_c4d3bc,Emergent_boundary_expression_ebc067,0.8360521326423036,20334.26,20731.44,True,False
Emergent_carefully_coherence_c4d3bc,Emergent_boundary_bounded_fb55ca,0.8447600686680465,20334.26,20751.34,True,False
Emergent_carefully_coherence_c4d3bc,Emergent_boundary_cascade_33cb56,0.8304704518517725,20334.26,20792.88,True,False
Emergent_carefully_coherence_c4d3bc,Emergent_boundary_constraint_90bf41,0.8447631212166364,20334.26,20793.22,True,False
Emergent_carefully_coherence_c4d3bc,Emergent_boundary_bounded_497fce,0.843299468361211,20334.26,20814.65,True,False
Emergent_carefully_coherence_c4d3bc,Emergent_boundary_collective_f3e61d,0.8447199322470142,20334.26,20862.03,True,False
Emergent_carefully_coherence_c4d3bc,Emergent_boundary_constraint_83de1c,0.8446630755649838,20334.26,20931.63,True,False
Emergent_carefully_coherence_c4d3bc,Emergent_autonomy_boundary_945518,0.8448209551890777,20334.26,20956.2,True,False
Emergent_carefully_coherence_c4d3bc,Emergent_constraint_expression_f97ab0,0.8448041988131554,20334.26,20978.3,True,False
Emergent_carefully_coherence_c4d3bc,Emergent_autonomy_bounded_72bafc,0.8404774873389635,20334.26,21000.33,True,False
Emergent_carefully_coherence_c4d3bc,Emergent_bounded_coherence_986ec1,0.844780261133266,20334.26,21000.67,True,False
Emergent_carefully_coherence_c4d3bc,Emergent_appears_asymmetry_9e9e75,0.8447460644477098,20334.26,21024.36,True,False
Emergent_carefully_coherence_c4d3bc,Emergent_autonomy_boundary_053944,0.843721383081943,20334.26,21138.39,True,False
Emergent_carefully_coherence_c4d3bc,Emergent_boundary_clarity_c73874,0.8393486576666049,20334.26,21183.76,True,False
Emergent_carefully_coherence_c4d3bc,Emergent_boundary_bounded_23b54b,0.8335186722998555,20334.26,21207.4,True,False
Emergent_carefully_coherence_c4d3bc,Emergent_collective_contradiction_a82072,0.8468514084926531,20334.26,21229.28,True,False
Emergent_carefully_coherence_c4d3bc,Emergent_clarity_complexity_55022a,0.8406866432095472,20334.26,21251.27,True,False
Emergent_carefully_coherence_c4d3bc,Emergent_boundary_carefully_38337d,0.8407560951740201,20334.26,21270.45,True,False
Emergent_carefully_coherence_c4d3bc,Emergent_boundary_carefully_98ec82,0.8453321713227533,20334.26,21313.15,True,False
Emergent_carefully_coherence_c4d3bc,Emergent_clarity_cognition_198e32,0.8428615423227532,20334.26,21334.45,True,False
Emergent_carefully_coherence_c4d3bc,Emergent_clarity_cognition_8dcbb2,0.8425244273105186,20334.26,21334.79,True,False
Emergent_carefully_coherence_c4d3bc,Emergent_boundary_bounded_d6917c,0.8258864723227533,20334.26,21403.84,True,False
Emergent_carefully_coherence_c4d3bc,Emergent_complexity_concept_0be476,0.9,20334.26,21548.74,True,False
Emergent_bounded_carefully_f79645,Emergent_carefully_cognition_d8aefa,0.8289286517969723,20350.3,20368.6,True,False
Emergent_bounded_carefully_f79645,Emergent_abstraction_ambiguity_5c1c4f,0.8289286525613073,20350.3,20385.52,True,False
Emergent_bounded_carefully_f79645,Emergent_belief_revision_chaos_6abfe4,0.8289286460098642,20350.3,20404.5,True,False
Emergent_bounded_carefully_f79645,Emergent_appears_asymmetry_8dba4c,0.828928632580265,20350.3,20422.92,True,False
Emergent_bounded_carefully_f79645,Emergent_appears_asymmetry_07c4dc,0.8289286325257759,20350.3,20423.26,True,False
Emergent_bounded_carefully_f79645,Emergent_bounded_coherence_cdc8b7,0.8289286343688456,20350.3,20439.73,True,False
Emergent_bounded_carefully_f79645,Emergent_bounded_coherence_a2e9f5,0.8289284756180153,20350.3,20478.65,True,False
Emergent_bounded_carefully_f79645,Emergent_bounded_coherence_7a6cb5,0.8289284794082259,20350.3,20478.99,True,False
Emergent_bounded_carefully_f79645,Emergent_boundary_bounded_bd6b1f,0.8289276984852407,20350.3,20563.41,True,False
Emergent_bounded_carefully_f79645,Emergent_boundary_clarity_f6e2e2,0.8289288479496864,20350.3,20585.63,True,False
Emergent_bounded_carefully_f79645,Emergent_attention_bounded_52b815,0.828928398398628,20350.3,20607.73,True,False
Emergent_bounded_carefully_f79645,Emergent_attention_autonomy_5ae8f6,0.828928398398628,20350.3,20608.07,True,False
Emergent_bounded_carefully_f79645,Emergent_autonomy_boundary_a7f146,0.8277491007731796,20350.3,20626.5,True,False
Emergent_bounded_carefully_f79645,Emergent_boundary_cascade_7dd561,0.8289285972691018,20350.3,20626.84,True,False
Emergent_bounded_carefully_f79645,Emergent_boundary_carefully_576a67,0.8289282659407995,20350.3,20665.36,True,False
Emergent_bounded_carefully_f79645,Emergent_autonomy_boundary_d1f10a,0.8289282659407995,20350.3,20665.7,True,False
Emergent_bounded_carefully_f79645,Emergent_boundary_bounded_9cca20,0.8289277926146537,20350.3,20687.43,True,False
Emergent_bounded_carefully_f79645,Emergent_autonomy_boundary_625a34,0.8289271164344447,20350.3,20709.76,True,False
Emergent_bounded_carefully_f79645,Emergent_boundary_bounded_b40b8f,0.82659724738225,20350.3,20710.1,True,False
Emergent_bounded_carefully_f79645,Emergent_boundary_expression_ebc067,0.8289257595821564,20350.3,20731.44,True,False
Emergent_bounded_carefully_f79645,Emergent_boundary_bounded_fb55ca,0.8289259806264195,20350.3,20751.34,True,False
Emergent_bounded_carefully_f79645,Emergent_boundary_cascade_33cb56,0.8289293791687953,20350.3,20792.88,True,False
Emergent_bounded_carefully_f79645,Emergent_boundary_constraint_90bf41,0.8289293791687953,20350.3,20793.22,True,False
Emergent_bounded_carefully_f79645,Emergent_boundary_bounded_497fce,0.828929707730607,20350.3,20814.65,True,False
Emergent_bounded_carefully_f79645,Emergent_boundary_collective_f3e61d,0.8288840465224321,20350.3,20862.03,True,False
Emergent_bounded_carefully_f79645,Emergent_boundary_constraint_83de1c,0.8288296953493981,20350.3,20931.63,True,False
Emergent_bounded_carefully_f79645,Emergent_autonomy_boundary_945518,0.8289916086044469,20350.3,20956.2,True,False
Emergent_bounded_carefully_f79645,Emergent_constraint_expression_f97ab0,0.8289748522285245,20350.3,20978.3,True,False
Emergent_bounded_carefully_f79645,Emergent_autonomy_bounded_72bafc,0.8289509145486351,20350.3,21000.33,True,False
Emergent_bounded_carefully_f79645,Emergent_bounded_coherence_986ec1,0.8289509145486351,20350.3,21000.67,True,False
Emergent_bounded_carefully_f79645,Emergent_appears_asymmetry_9e9e75,0.828916717863079,20350.3,21024.36,True,False
Emergent_bounded_carefully_f79645,Emergent_autonomy_boundary_053944,0.8277641629364705,20350.3,21138.39,True,False
Emergent_bounded_carefully_f79645,Emergent_boundary_clarity_c73874,0.8238324403450064,20350.3,21183.76,True,False
Emergent_bounded_carefully_f79645,Emergent_boundary_bounded_23b54b,0.8253339233019288,20350.3,21207.4,True,False
Emergent_bounded_carefully_f79645,Emergent_collective_contradiction_a82072,0.8313217843402048,20350.3,21229.28,True,False
Emergent_bounded_carefully_f79645,Emergent_clarity_complexity_55022a,0.8245875799703712,20350.3,21251.27,True,False
Emergent_bounded_carefully_f79645,Emergent_boundary_carefully_38337d,0.8246536317055595,20350.3,21270.45,True,False
Emergent_bounded_carefully_f79645,Emergent_boundary_carefully_98ec82,0.8301063815169067,20350.3,21313.15,True,False
Emergent_bounded_carefully_f79645,Emergent_clarity_cognition_198e32,0.8276357525169069,20350.3,21334.45,True,False
Emergent_bounded_carefully_f79645,Emergent_clarity_cognition_8dcbb2,0.8276357525169069,20350.3,21334.79,True,False
Emergent_bounded_carefully_f79645,Emergent_boundary_bounded_d6917c,0.8106606825169069,20350.3,21403.84,True,False
Emergent_bounded_carefully_f79645,Emergent_complexity_concept_0be476,0.9,20350.3,21548.74,True,False
Emergent_carefully_cognition_d8aefa,Emergent_abstraction_ambiguity_5c1c4f,0.839047972003717,20368.6,20385.52,True,False
Emergent_carefully_cognition_d8aefa,Emergent_belief_revision_chaos_6abfe4,0.8390479815033094,20368.6,20404.5,True,False
Emergent_carefully_cognition_d8aefa,Emergent_appears_asymmetry_8dba4c,0.8390479679911169,20368.6,20422.92,True,False
Emergent_carefully_cognition_d8aefa,Emergent_appears_asymmetry_07c4dc,0.8390479679348353,20368.6,20423.26,True,False
Emergent_carefully_cognition_d8aefa,Emergent_bounded_coherence_cdc8b7,0.839047969787222,20368.6,20439.73,True,False
Emergent_carefully_cognition_d8aefa,Emergent_bounded_coherence_a2e9f5,0.8390478152679597,20368.6,20478.65,True,False
Emergent_carefully_cognition_d8aefa,Emergent_bounded_coherence_7a6cb5,0.8390478191262887,20368.6,20478.99,True,False
Emergent_carefully_cognition_d8aefa,Emergent_boundary_bounded_bd6b1f,0.8390470533397225,20368.6,20563.41,True,False
Emergent_carefully_cognition_d8aefa,Emergent_boundary_clarity_f6e2e2,0.83904816497685,20368.6,20585.63,True,False
Emergent_carefully_cognition_d8aefa,Emergent_attention_bounded_52b815,0.8390478128001648,20368.6,20607.73,True,False
Emergent_carefully_cognition_d8aefa,Emergent_attention_autonomy_5ae8f6,0.8390478128001648,20368.6,20608.07,True,False
Emergent_carefully_cognition_d8aefa,Emergent_autonomy_boundary_a7f146,0.8277491007731796,20368.6,20626.5,True,False
Emergent_carefully_cognition_d8aefa,Emergent_boundary_cascade_7dd561,0.839047865609079,20368.6,20626.84,True,False
Emergent_carefully_cognition_d8aefa,Emergent_boundary_carefully_576a67,0.83680560658859,20368.6,20665.36,True,False
Emergent_carefully_cognition_d8aefa,Emergent_autonomy_boundary_d1f10a,0.8390475342807766,20368.6,20665.7,True,False
Emergent_carefully_cognition_d8aefa,Emergent_boundary_bounded_9cca20,0.8390470609546306,20368.6,20687.43,True,False
Emergent_carefully_cognition_d8aefa,Emergent_autonomy_boundary_625a34,0.8390463847744218,20368.6,20709.76,True,False
Emergent_carefully_cognition_d8aefa,Emergent_boundary_bounded_b40b8f,0.82659724738225,20368.6,20710.1,True,False
Emergent_carefully_cognition_d8aefa,Emergent_boundary_expression_ebc067,0.8360521326423036,20368.6,20731.44,True,False
Emergent_carefully_cognition_d8aefa,Emergent_boundary_bounded_fb55ca,0.8390452433789897,20368.6,20751.34,True,False
Emergent_carefully_cognition_d8aefa,Emergent_boundary_cascade_33cb56,0.8304704518517725,20368.6,20792.88,True,False
Emergent_carefully_cognition_d8aefa,Emergent_boundary_constraint_90bf41,0.839048420803356,20368.6,20793.22,True,False
Emergent_carefully_cognition_d8aefa,Emergent_boundary_bounded_497fce,0.8390487493651677,20368.6,20814.65,True,False
Emergent_carefully_cognition_d8aefa,Emergent_boundary_collective_f3e61d,0.8390044581397882,20368.6,20862.03,True,False
Emergent_carefully_cognition_d8aefa,Emergent_boundary_constraint_83de1c,0.8389485057438864,20368.6,20931.63,True,False
Emergent_carefully_cognition_d8aefa,Emergent_autonomy_boundary_945518,0.8391078411825577,20368.6,20956.2,True,False
Emergent_carefully_cognition_d8aefa,Emergent_constraint_expression_f97ab0,0.8390910848066351,20368.6,20978.3,True,False
Emergent_carefully_cognition_d8aefa,Emergent_autonomy_bounded_72bafc,0.8390671471267457,20368.6,21000.33,True,False
Emergent_carefully_cognition_d8aefa,Emergent_bounded_coherence_986ec1,0.8390671471267457,20368.6,21000.67,True,False
Emergent_carefully_cognition_d8aefa,Emergent_appears_asymmetry_9e9e75,0.8390329504411895,20368.6,21024.36,True,False
Emergent_carefully_cognition_d8aefa,Emergent_autonomy_boundary_053944,0.8379621170610232,20368.6,21138.39,True,False
Emergent_carefully_cognition_d8aefa,Emergent_boundary_clarity_c73874,0.8339010455940223,20368.6,21183.76,True,False
Emergent_carefully_cognition_d8aefa,Emergent_boundary_bounded_23b54b,0.8335186722998555,20368.6,21207.4,True,False
Emergent_carefully_cognition_d8aefa,Emergent_collective_contradiction_a82072,0.8412464700457629,20368.6,21229.28,True,False
Emergent_carefully_cognition_d8aefa,Emergent_clarity_complexity_55022a,0.8348761833025733,20368.6,21251.27,True,False
Emergent_carefully_cognition_d8aefa,Emergent_boundary_carefully_38337d,0.8349444080592492,20368.6,21270.45,True,False
Emergent_carefully_cognition_d8aefa,Emergent_boundary_carefully_98ec82,0.8398368925040702,20368.6,21313.15,True,False
Emergent_carefully_cognition_d8aefa,Emergent_clarity_cognition_198e32,0.8373662635040702,20368.6,21334.45,True,False
Emergent_carefully_cognition_d8aefa,Emergent_clarity_cognition_8dcbb2,0.8373662635040702,20368.6,21334.79,True,False
Emergent_carefully_cognition_d8aefa,Emergent_boundary_bounded_d6917c,0.8203911935040702,20368.6,21403.84,True,False
Emergent_carefully_cognition_d8aefa,Emergent_complexity_concept_0be476,0.9,20368.6,21548.74,True,False
Emergent_abstraction_ambiguity_5c1c4f,Emergent_belief_revision_chaos_6abfe4,0.8662788136100326,20385.52,20404.5,True,False
Emergent_abstraction_ambiguity_5c1c4f,Emergent_appears_asymmetry_8dba4c,0.8508576782382482,20385.52,20422.92,True,False
Emergent_abstraction_ambiguity_5c1c4f,Emergent_appears_asymmetry_07c4dc,0.8443963914294688,20385.52,20423.26,True,False
Emergent_abstraction_ambiguity_5c1c4f,Emergent_bounded_coherence_cdc8b7,0.8494908111203212,20385.52,20439.73,True,False
Emergent_abstraction_ambiguity_5c1c4f,Emergent_bounded_coherence_a2e9f5,0.842498035386674,20385.52,20478.65,True,False
Emergent_abstraction_ambiguity_5c1c4f,Emergent_bounded_coherence_7a6cb5,0.8674829820831578,20385.52,20478.99,True,False
Emergent_abstraction_ambiguity_5c1c4f,Emergent_boundary_bounded_bd6b1f,0.8431325550901023,20385.52,20563.41,True,False
Emergent_abstraction_ambiguity_5c1c4f,Emergent_boundary_clarity_f6e2e2,0.8585695800510309,20385.52,20585.63,True,False
Emergent_abstraction_ambiguity_5c1c4f,Emergent_attention_bounded_52b815,0.8674928674679871,20385.52,20607.73,True,False
Emergent_abstraction_ambiguity_5c1c4f,Emergent_attention_autonomy_5ae8f6,0.8590595233936926,20385.52,20608.07,True,False
Emergent_abstraction_ambiguity_5c1c4f,Emergent_autonomy_boundary_a7f146,0.8277491007731796,20385.52,20626.5,True,False
Emergent_abstraction_ambiguity_5c1c4f,Emergent_boundary_cascade_7dd561,0.8575598949582912,20385.52,20626.84,True,False
Emergent_abstraction_ambiguity_5c1c4f,Emergent_boundary_carefully_576a67,0.83680560658859,20385.52,20665.36,True,False
Emergent_abstraction_ambiguity_5c1c4f,Emergent_autonomy_boundary_d1f10a,0.8397678955686707,20385.52,20665.7,True,False
Emergent_abstraction_ambiguity_5c1c4f,Emergent_boundary_bounded_9cca20,0.8674032844031447,20385.52,20687.43,True,False
Emergent_abstraction_ambiguity_5c1c4f,Emergent_autonomy_boundary_625a34,0.8537483344322132,20385.52,20709.76,True,False
Emergent_abstraction_ambiguity_5c1c4f,Emergent_boundary_bounded_b40b8f,0.82659724738225,20385.52,20710.1,True,False
Emergent_abstraction_ambiguity_5c1c4f,Emergent_boundary_expression_ebc067,0.8360521326423036,20385.52,20731.44,True,False
Emergent_abstraction_ambiguity_5c1c4f,Emergent_boundary_bounded_fb55ca,0.8512939305649625,20385.52,20751.34,True,False
Emergent_abstraction_ambiguity_5c1c4f,Emergent_boundary_cascade_33cb56,0.8304704518517725,20385.52,20792.88,True,False
Emergent_abstraction_ambiguity_5c1c4f,Emergent_boundary_constraint_90bf41,0.8674925521371686,20385.52,20793.22,True,False
Emergent_abstraction_ambiguity_5c1c4f,Emergent_boundary_bounded_497fce,0.843299468361211,20385.52,20814.65,True,False
Emergent_abstraction_ambiguity_5c1c4f,Emergent_boundary_collective_f3e61d,0.8674524485104342,20385.52,20862.03,True,False
Emergent_abstraction_ambiguity_5c1c4f,Emergent_boundary_constraint_83de1c,0.8480771537792451,20385.52,20931.63,True,False
Emergent_abstraction_ambiguity_5c1c4f,Emergent_autonomy_boundary_945518,0.8483868519127975,20385.52,20956.2,True,False
Emergent_abstraction_ambiguity_5c1c4f,Emergent_constraint_expression_f97ab0,0.8668275691556748,20385.52,20978.3,True,False
Emergent_abstraction_ambiguity_5c1c4f,Emergent_autonomy_bounded_72bafc,0.8404774873389635,20385.52,21000.33,True,False
Emergent_abstraction_ambiguity_5c1c4f,Emergent_bounded_coherence_986ec1,0.8635587782051404,20385.52,21000.67,True,False
Emergent_abstraction_ambiguity_5c1c4f,Emergent_appears_asymmetry_9e9e75,0.8573860958006396,20385.52,21024.36,True,False
Emergent_abstraction_ambiguity_5c1c4f,Emergent_autonomy_boundary_053944,0.8500447019681538,20385.52,21138.39,True,False
Emergent_abstraction_ambiguity_5c1c4f,Emergent_boundary_clarity_c73874,0.8393486576666049,20385.52,21183.76,True,False
Emergent_abstraction_ambiguity_5c1c4f,Emergent_boundary_bounded_23b54b,0.8335186722998555,20385.52,21207.4,True,False
Emergent_abstraction_ambiguity_5c1c4f,Emergent_collective_contradiction_a82072,0.8478732125620727,20385.52,21229.28,True,False
Emergent_abstraction_ambiguity_5c1c4f,Emergent_clarity_complexity_55022a,0.8628447253335694,20385.52,21251.27,True,False
Emergent_abstraction_ambiguity_5c1c4f,Emergent_boundary_carefully_38337d,0.8580005107532149,20385.52,21270.45,True,False
Emergent_abstraction_ambiguity_5c1c4f,Emergent_boundary_carefully_98ec82,0.8463063127578327,20385.52,21313.15,True,False
Emergent_abstraction_ambiguity_5c1c4f,Emergent_clarity_cognition_198e32,0.8582451694611359,20385.52,21334.45,True,False
Emergent_abstraction_ambiguity_5c1c4f,Emergent_clarity_cognition_8dcbb2,0.8425244273105186,20385.52,21334.79,True,False
Emergent_abstraction_ambiguity_5c1c4f,Emergent_boundary_bounded_d6917c,0.8272654949908957,20385.52,21403.84,True,False
Emergent_abstraction_ambiguity_5c1c4f,Emergent_complexity_concept_0be476,0.9,20385.52,21548.74,True,False
Emergent_belief_revision_chaos_6abfe4,Emergent_appears_asymmetry_8dba4c,0.8508576782382482,20404.5,20422.92,True,False
Emergent_belief_revision_chaos_6abfe4,Emergent_appears_asymmetry_07c4dc,0.8443963914294688,20404.5,20423.26,True,False
Emergent_belief_revision_chaos_6abfe4,Emergent_bounded_coherence_cdc8b7,0.8494908111203212,20404.5,20439.73,True,False
Emergent_belief_revision_chaos_6abfe4,Emergent_bounded_coherence_a2e9f5,0.842498035386674,20404.5,20478.65,True,False
Emergent_belief_revision_chaos_6abfe4,Emergent_bounded_coherence_7a6cb5,0.8662786626247179,20404.5,20478.99,True,False
Emergent_belief_revision_chaos_6abfe4,Emergent_boundary_bounded_bd6b1f,0.8431325550901023,20404.5,20563.41,True,False
Emergent_belief_revision_chaos_6abfe4,Emergent_boundary_clarity_f6e2e2,0.8585695800510309,20404.5,20585.63,True,False
Emergent_belief_revision_chaos_6abfe4,Emergent_attention_bounded_52b815,0.8662787849382663,20404.5,20607.73,True,False
Emergent_belief_revision_chaos_6abfe4,Emergent_attention_autonomy_5ae8f6,0.8590595233936926,20404.5,20608.07,True,False
Emergent_belief_revision_chaos_6abfe4,Emergent_autonomy_boundary_a7f146,0.8277491007731796,20404.5,20626.5,True,False
Emergent_belief_revision_chaos_6abfe4,Emergent_boundary_cascade_7dd561,0.8575598949582912,20404.5,20626.84,True,False
Emergent_belief_revision_chaos_6abfe4,Emergent_boundary_carefully_576a67,0.83680560658859,20404.5,20665.36,True,False
Emergent_belief_revision_chaos_6abfe4,Emergent_autonomy_boundary_d1f10a,0.8397678955686707,20404.5,20665.7,True,False
Emergent_belief_revision_chaos_6abfe4,Emergent_boundary_bounded_9cca20,0.8662777483540063,20404.5,20687.43,True,False
Emergent_belief_revision_chaos_6abfe4,Emergent_autonomy_boundary_625a34,0.8537483344322132,20404.5,20709.76,True,False
Emergent_belief_revision_chaos_6abfe4,Emergent_boundary_bounded_b40b8f,0.82659724738225,20404.5,20710.1,True,False
Emergent_belief_revision_chaos_6abfe4,Emergent_boundary_expression_ebc067,0.8360521326423036,20404.5,20731.44,True,False
Emergent_belief_revision_chaos_6abfe4,Emergent_boundary_bounded_fb55ca,0.8512939305649625,20404.5,20751.34,True,False
Emergent_belief_revision_chaos_6abfe4,Emergent_boundary_cascade_33cb56,0.8304704518517725,20404.5,20792.88,True,False
Emergent_belief_revision_chaos_6abfe4,Emergent_boundary_constraint_90bf41,0.8662784968902231,20404.5,20793.22,True,False
Emergent_belief_revision_chaos_6abfe4,Emergent_boundary_bounded_497fce,0.843299468361211,20404.5,20814.65,True,False
Emergent_belief_revision_chaos_6abfe4,Emergent_boundary_collective_f3e61d,0.8662382283934413,20404.5,20862.03,True,False
Emergent_belief_revision_chaos_6abfe4,Emergent_boundary_constraint_83de1c,0.8480771537792451,20404.5,20931.63,True,False
Emergent_belief_revision_chaos_6abfe4,Emergent_autonomy_boundary_945518,0.8483868519127975,20404.5,20956.2,True,False
Emergent_belief_revision_chaos_6abfe4,Emergent_constraint_expression_f97ab0,0.8663135862560172,20404.5,20978.3,True,False
Emergent_belief_revision_chaos_6abfe4,Emergent_autonomy_bounded_72bafc,0.8404774873389635,20404.5,21000.33,True,False
Emergent_belief_revision_chaos_6abfe4,Emergent_bounded_coherence_986ec1,0.8635587782051404,20404.5,21000.67,True,False
Emergent_belief_revision_chaos_6abfe4,Emergent_appears_asymmetry_9e9e75,0.8573860958006396,20404.5,21024.36,True,False
Emergent_belief_revision_chaos_6abfe4,Emergent_autonomy_boundary_053944,0.8500447019681538,20404.5,21138.39,True,False
Emergent_belief_revision_chaos_6abfe4,Emergent_boundary_clarity_c73874,0.8393486576666049,20404.5,21183.76,True,False
Emergent_belief_revision_chaos_6abfe4,Emergent_boundary_bounded_23b54b,0.8335186722998555,20404.5,21207.4,True,False
Emergent_belief_revision_chaos_6abfe4,Emergent_collective_contradiction_a82072,0.8478732125620727,20404.5,21229.28,True,False
Emergent_belief_revision_chaos_6abfe4,Emergent_clarity_complexity_55022a,0.8626194636024078,20404.5,21251.27,True,False
Emergent_belief_revision_chaos_6abfe4,Emergent_boundary_carefully_38337d,0.8580005107532149,20404.5,21270.45,True,False
Emergent_belief_revision_chaos_6abfe4,Emergent_boundary_carefully_98ec82,0.8463063127578327,20404.5,21313.15,True,False
Emergent_belief_revision_chaos_6abfe4,Emergent_clarity_cognition_198e32,0.8582451694611359,20404.5,21334.45,True,False
Emergent_belief_revision_chaos_6abfe4,Emergent_clarity_cognition_8dcbb2,0.8425244273105186,20404.5,21334.79,True,False
Emergent_belief_revision_chaos_6abfe4,Emergent_boundary_bounded_d6917c,0.8272654949908957,20404.5,21403.84,True,False
Emergent_belief_revision_chaos_6abfe4,Emergent_complexity_concept_0be476,0.9,20404.5,21548.74,True,False
Emergent_appears_asymmetry_8dba4c,Emergent_appears_asymmetry_07c4dc,0.844396356035479,20422.92,20423.26,True,False
Emergent_appears_asymmetry_8dba4c,Emergent_bounded_coherence_cdc8b7,0.8494907756847137,20422.92,20439.73,True,False
Emergent_appears_asymmetry_8dba4c,Emergent_bounded_coherence_a2e9f5,0.842498035386674,20422.92,20478.65,True,False
Emergent_appears_asymmetry_8dba4c,Emergent_bounded_coherence_7a6cb5,0.8508575344038569,20422.92,20478.99,True,False
Emergent_appears_asymmetry_8dba4c,Emergent_boundary_bounded_bd6b1f,0.8431325550901023,20422.92,20563.41,True,False
Emergent_appears_asymmetry_8dba4c,Emergent_boundary_clarity_f6e2e2,0.8508578537534768,20422.92,20585.63,True,False
Emergent_appears_asymmetry_8dba4c,Emergent_attention_bounded_52b815,0.8508576153013543,20422.92,20607.73,True,False
Emergent_appears_asymmetry_8dba4c,Emergent_attention_autonomy_5ae8f6,0.8508576153013543,20422.92,20608.07,True,False
Emergent_appears_asymmetry_8dba4c,Emergent_autonomy_boundary_a7f146,0.8277491007731796,20422.92,20626.5,True,False
Emergent_appears_asymmetry_8dba4c,Emergent_boundary_cascade_7dd561,0.8508574975234244,20422.92,20626.84,True,False
Emergent_appears_asymmetry_8dba4c,Emergent_boundary_carefully_576a67,0.83680560658859,20422.92,20665.36,True,False
Emergent_appears_asymmetry_8dba4c,Emergent_autonomy_boundary_d1f10a,0.8397678955686707,20422.92,20665.7,True,False
Emergent_appears_asymmetry_8dba4c,Emergent_boundary_bounded_9cca20,0.850856692868976,20422.92,20687.43,True,False
Emergent_appears_asymmetry_8dba4c,Emergent_autonomy_boundary_625a34,0.8508560166887673,20422.92,20709.76,True,False
Emergent_appears_asymmetry_8dba4c,Emergent_boundary_bounded_b40b8f,0.82659724738225,20422.92,20710.1,True,False
Emergent_appears_asymmetry_8dba4c,Emergent_boundary_expression_ebc067,0.8360521326423036,20422.92,20731.44,True,False
Emergent_appears_asymmetry_8dba4c,Emergent_boundary_bounded_fb55ca,0.8508548687677433,20422.92,20751.34,True,False
Emergent_appears_asymmetry_8dba4c,Emergent_boundary_cascade_33cb56,0.8304704518517725,20422.92,20792.88,True,False
Emergent_appears_asymmetry_8dba4c,Emergent_boundary_constraint_90bf41,0.8508577879460424,20422.92,20793.22,True,False
Emergent_appears_asymmetry_8dba4c,Emergent_boundary_bounded_497fce,0.843299468361211,20422.92,20814.65,True,False
Emergent_appears_asymmetry_8dba4c,Emergent_boundary_collective_f3e61d,0.8508154252999032,20422.92,20862.03,True,False
Emergent_appears_asymmetry_8dba4c,Emergent_boundary_constraint_83de1c,0.8480771537792451,20422.92,20931.63,True,False
Emergent_appears_asymmetry_8dba4c,Emergent_autonomy_boundary_945518,0.8483868519127975,20422.92,20956.2,True,False
Emergent_appears_asymmetry_8dba4c,Emergent_constraint_expression_f97ab0,0.8508971712225184,20422.92,20978.3,True,False
Emergent_appears_asymmetry_8dba4c,Emergent_autonomy_bounded_72bafc,0.8404774873389635,20422.92,21000.33,True,False
Emergent_appears_asymmetry_8dba4c,Emergent_bounded_coherence_986ec1,0.8508732335426292,20422.92,21000.67,True,False
Emergent_appears_asymmetry_8dba4c,Emergent_appears_asymmetry_9e9e75,0.8508390368570731,20422.92,21024.36,True,False
Emergent_appears_asymmetry_8dba4c,Emergent_autonomy_boundary_053944,0.849872415778719,20422.92,21138.39,True,False
Emergent_appears_asymmetry_8dba4c,Emergent_boundary_clarity_c73874,0.8393486576666049,20422.92,21183.76,True,False
Emergent_appears_asymmetry_8dba4c,Emergent_boundary_bounded_23b54b,0.8335186722998555,20422.92,21207.4,True,False
Emergent_appears_asymmetry_8dba4c,Emergent_collective_contradiction_a82072,0.8478732125620727,20422.92,21229.28,True,False
Emergent_appears_asymmetry_8dba4c,Emergent_clarity_complexity_55022a,0.8468923521907401,20422.92,21251.27,True,False
Emergent_appears_asymmetry_8dba4c,Emergent_boundary_carefully_38337d,0.8469631148422447,20422.92,21270.45,True,False
Emergent_appears_asymmetry_8dba4c,Emergent_boundary_carefully_98ec82,0.8463063127578327,20422.92,21313.15,True,False
Emergent_appears_asymmetry_8dba4c,Emergent_clarity_cognition_198e32,0.8487306304268343,20422.92,21334.45,True,False
Emergent_appears_asymmetry_8dba4c,Emergent_clarity_cognition_8dcbb2,0.8425244273105186,20422.92,21334.79,True,False
Emergent_appears_asymmetry_8dba4c,Emergent_boundary_bounded_d6917c,0.8272654949908957,20422.92,21403.84,True,False
Emergent_appears_asymmetry_8dba4c,Emergent_complexity_concept_0be476,0.9,20422.92,21548.74,True,False
Emergent_appears_asymmetry_07c4dc,Emergent_bounded_coherence_cdc8b7,0.8443963578355609,20423.26,20439.73,True,False
Emergent_appears_asymmetry_07c4dc,Emergent_bounded_coherence_a2e9f5,0.842498035386674,20423.26,20478.65,True,False
Emergent_appears_asymmetry_07c4dc,Emergent_bounded_coherence_7a6cb5,0.8443962448983815,20423.26,20478.99,True,False
Emergent_appears_asymmetry_07c4dc,Emergent_boundary_bounded_bd6b1f,0.8431325550901023,20423.26,20563.41,True,False
Emergent_appears_asymmetry_07c4dc,Emergent_boundary_clarity_f6e2e2,0.8443965787560073,20423.26,20585.63,True,False
Emergent_appears_asymmetry_07c4dc,Emergent_attention_bounded_52b815,0.8443962780450915,20423.26,20607.73,True,False
Emergent_appears_asymmetry_07c4dc,Emergent_attention_autonomy_5ae8f6,0.8443962780450915,20423.26,20608.07,True,False
Emergent_appears_asymmetry_07c4dc,Emergent_autonomy_boundary_a7f146,0.8277491007731796,20423.26,20626.5,True,False
Emergent_appears_asymmetry_07c4dc,Emergent_boundary_cascade_7dd561,0.8443962536553513,20423.26,20626.84,True,False
Emergent_appears_asymmetry_07c4dc,Emergent_boundary_carefully_576a67,0.83680560658859,20423.26,20665.36,True,False
Emergent_appears_asymmetry_07c4dc,Emergent_autonomy_boundary_d1f10a,0.8397678955686707,20423.26,20665.7,True,False
Emergent_appears_asymmetry_07c4dc,Emergent_boundary_bounded_9cca20,0.8443954490009029,20423.26,20687.43,True,False
Emergent_appears_asymmetry_07c4dc,Emergent_autonomy_boundary_625a34,0.844394772820694,20423.26,20709.76,True,False
Emergent_appears_asymmetry_07c4dc,Emergent_boundary_bounded_b40b8f,0.82659724738225,20423.26,20710.1,True,False
Emergent_appears_asymmetry_07c4dc,Emergent_boundary_expression_ebc067,0.8360521326423036,20423.26,20731.44,True,False
Emergent_appears_asymmetry_07c4dc,Emergent_boundary_bounded_fb55ca,0.8443936284721214,20423.26,20751.34,True,False
Emergent_appears_asymmetry_07c4dc,Emergent_boundary_cascade_33cb56,0.8304704518517725,20423.26,20792.88,True,False
Emergent_appears_asymmetry_07c4dc,Emergent_boundary_constraint_90bf41,0.8443966890278685,20423.26,20793.22,True,False
Emergent_appears_asymmetry_07c4dc,Emergent_boundary_bounded_497fce,0.843299468361211,20423.26,20814.65,True,False
Emergent_appears_asymmetry_07c4dc,Emergent_boundary_collective_f3e61d,0.8443534504482328,20423.26,20862.03,True,False
Emergent_appears_asymmetry_07c4dc,Emergent_boundary_constraint_83de1c,0.8442966517499146,20423.26,20931.63,True,False
Emergent_appears_asymmetry_07c4dc,Emergent_autonomy_boundary_945518,0.8444546247222655,20423.26,20956.2,True,False
Emergent_appears_asymmetry_07c4dc,Emergent_constraint_expression_f97ab0,0.8444378683463429,20423.26,20978.3,True,False
Emergent_appears_asymmetry_07c4dc,Emergent_autonomy_bounded_72bafc,0.8404774873389635,20423.26,21000.33,True,False
Emergent_appears_asymmetry_07c4dc,Emergent_bounded_coherence_986ec1,0.8444139306664538,20423.26,21000.67,True,False
Emergent_appears_asymmetry_07c4dc,Emergent_appears_asymmetry_9e9e75,0.8443797339808976,20423.26,21024.36,True,False
Emergent_appears_asymmetry_07c4dc,Emergent_autonomy_boundary_053944,0.8433520933027558,20423.26,21138.39,True,False
Emergent_appears_asymmetry_07c4dc,Emergent_boundary_clarity_c73874,0.839222656420739,20423.26,21183.76,True,False
Emergent_appears_asymmetry_07c4dc,Emergent_boundary_bounded_23b54b,0.8335186722998555,20423.26,21207.4,True,False
Emergent_appears_asymmetry_07c4dc,Emergent_collective_contradiction_a82072,0.8464920143486958,20423.26,21229.28,True,False
Emergent_appears_asymmetry_07c4dc,Emergent_clarity_complexity_55022a,0.8403140708282353,20423.26,21251.27,True,False
Emergent_appears_asymmetry_07c4dc,Emergent_boundary_carefully_38337d,0.8403834441029421,20423.26,21270.45,True,False
Emergent_appears_asymmetry_07c4dc,Emergent_boundary_carefully_98ec82,0.8449798086615821,20423.26,21313.15,True,False
Emergent_appears_asymmetry_07c4dc,Emergent_clarity_cognition_198e32,0.842509179661582,20423.26,21334.45,True,False
Emergent_appears_asymmetry_07c4dc,Emergent_clarity_cognition_8dcbb2,0.842509179661582,20423.26,21334.79,True,False
Emergent_appears_asymmetry_07c4dc,Emergent_boundary_bounded_d6917c,0.825534109661582,20423.26,21403.84,True,False
Emergent_appears_asymmetry_07c4dc,Emergent_complexity_concept_0be476,0.9,20423.26,21548.74,True,False
Emergent_bounded_coherence_cdc8b7,Emergent_bounded_coherence_a2e9f5,0.842498035386674,20439.73,20478.65,True,False
Emergent_bounded_coherence_cdc8b7,Emergent_bounded_coherence_7a6cb5,0.849490664898479,20439.73,20478.99,True,False
Emergent_bounded_coherence_cdc8b7,Emergent_boundary_bounded_bd6b1f,0.8431325550901023,20439.73,20563.41,True,False
Emergent_bounded_coherence_cdc8b7,Emergent_boundary_clarity_f6e2e2,0.8494909873224545,20439.73,20585.63,True,False
Emergent_bounded_coherence_cdc8b7,Emergent_attention_bounded_52b815,0.8494907356772246,20439.73,20607.73,True,False
Emergent_bounded_coherence_cdc8b7,Emergent_attention_autonomy_5ae8f6,0.8494907356772246,20439.73,20608.07,True,False
Emergent_bounded_coherence_cdc8b7,Emergent_autonomy_boundary_a7f146,0.8277491007731796,20439.73,20626.5,True,False
Emergent_bounded_coherence_cdc8b7,Emergent_boundary_cascade_7dd561,0.8494906376889559,20439.73,20626.84,True,False
Emergent_bounded_coherence_cdc8b7,Emergent_boundary_carefully_576a67,0.83680560658859,20439.73,20665.36,True,False
Emergent_bounded_coherence_cdc8b7,Emergent_autonomy_boundary_d1f10a,0.8397678955686707,20439.73,20665.7,True,False
Emergent_bounded_coherence_cdc8b7,Emergent_boundary_bounded_9cca20,0.8494898330345075,20439.73,20687.43,True,False
Emergent_bounded_coherence_cdc8b7,Emergent_autonomy_boundary_625a34,0.8494891568542988,20439.73,20709.76,True,False
Emergent_bounded_coherence_cdc8b7,Emergent_boundary_bounded_b40b8f,0.82659724738225,20439.73,20710.1,True,False
Emergent_bounded_coherence_cdc8b7,Emergent_boundary_expression_ebc067,0.8360521326423036,20439.73,20731.44,True,False
Emergent_bounded_coherence_cdc8b7,Emergent_boundary_bounded_fb55ca,0.8494880096903041,20439.73,20751.34,True,False
Emergent_bounded_coherence_cdc8b7,Emergent_boundary_cascade_33cb56,0.8304704518517725,20439.73,20792.88,True,False
Emergent_bounded_coherence_cdc8b7,Emergent_boundary_constraint_90bf41,0.8494909588275499,20439.73,20793.22,True,False
Emergent_bounded_coherence_cdc8b7,Emergent_boundary_bounded_497fce,0.843299468361211,20439.73,20814.65,True,False
Emergent_bounded_coherence_cdc8b7,Emergent_boundary_collective_f3e61d,0.8494484105645022,20439.73,20862.03,True,False
Emergent_bounded_coherence_cdc8b7,Emergent_boundary_constraint_83de1c,0.8480771537792451,20439.73,20931.63,True,False
Emergent_bounded_coherence_cdc8b7,Emergent_autonomy_boundary_945518,0.8483868519127975,20439.73,20956.2,True,False
Emergent_bounded_coherence_cdc8b7,Emergent_constraint_expression_f97ab0,0.8495307226988593,20439.73,20978.3,True,False
Emergent_bounded_coherence_cdc8b7,Emergent_autonomy_bounded_72bafc,0.8404774873389635,20439.73,21000.33,True,False
Emergent_bounded_coherence_cdc8b7,Emergent_bounded_coherence_986ec1,0.8495067850189699,20439.73,21000.67,True,False
Emergent_bounded_coherence_cdc8b7,Emergent_appears_asymmetry_9e9e75,0.849472588333414,20439.73,21024.36,True,False
Emergent_bounded_coherence_cdc8b7,Emergent_autonomy_boundary_053944,0.8484907103126018,20439.73,21138.39,True,False
Emergent_bounded_coherence_cdc8b7,Emergent_boundary_clarity_c73874,0.8393486576666049,20439.73,21183.76,True,False
Emergent_bounded_coherence_cdc8b7,Emergent_boundary_bounded_23b54b,0.8335186722998555,20439.73,21207.4,True,False
Emergent_bounded_coherence_cdc8b7,Emergent_collective_contradiction_a82072,0.8478732125620727,20439.73,21229.28,True,False
Emergent_bounded_coherence_cdc8b7,Emergent_clarity_complexity_55022a,0.8454983647998198,20439.73,21251.27,True,False
Emergent_bounded_coherence_cdc8b7,Emergent_boundary_carefully_38337d,0.8455688330319111,20439.73,21270.45,True,False
Emergent_bounded_coherence_cdc8b7,Emergent_boundary_carefully_98ec82,0.8463063127578327,20439.73,21313.15,True,False
Emergent_bounded_coherence_cdc8b7,Emergent_clarity_cognition_198e32,0.847412258128345,20439.73,21334.45,True,False
Emergent_bounded_coherence_cdc8b7,Emergent_clarity_cognition_8dcbb2,0.8425244273105186,20439.73,21334.79,True,False
Emergent_bounded_coherence_cdc8b7,Emergent_boundary_bounded_d6917c,0.8272654949908957,20439.73,21403.84,True,False
Emergent_bounded_coherence_cdc8b7,Emergent_complexity_concept_0be476,0.9,20439.73,21548.74,True,False
Emergent_bounded_coherence_a2e9f5,Emergent_bounded_coherence_7a6cb5,0.8424979746345689,20478.65,20478.99,True,False
Emergent_bounded_coherence_a2e9f5,Emergent_boundary_bounded_bd6b1f,0.8424972786424709,20478.65,20563.41,True,False
Emergent_bounded_coherence_a2e9f5,Emergent_boundary_clarity_f6e2e2,0.8424983773822574,20478.65,20585.63,True,False
Emergent_bounded_coherence_a2e9f5,Emergent_attention_bounded_52b815,0.8424980584056656,20478.65,20607.73,True,False
Emergent_bounded_coherence_a2e9f5,Emergent_attention_autonomy_5ae8f6,0.8424980584056656,20478.65,20608.07,True,False
Emergent_bounded_coherence_a2e9f5,Emergent_autonomy_boundary_a7f146,0.8277491007731796,20478.65,20626.5,True,False
Emergent_bounded_coherence_a2e9f5,Emergent_boundary_cascade_7dd561,0.8424980614144397,20478.65,20626.84,True,False
Emergent_bounded_coherence_a2e9f5,Emergent_boundary_carefully_576a67,0.83680560658859,20478.65,20665.36,True,False
Emergent_bounded_coherence_a2e9f5,Emergent_autonomy_boundary_d1f10a,0.8397678955686707,20478.65,20665.7,True,False
Emergent_bounded_coherence_a2e9f5,Emergent_boundary_bounded_9cca20,0.8424972567599913,20478.65,20687.43,True,False
Emergent_bounded_coherence_a2e9f5,Emergent_autonomy_boundary_625a34,0.8424965805797824,20478.65,20709.76,True,False
Emergent_bounded_coherence_a2e9f5,Emergent_boundary_bounded_b40b8f,0.82659724738225,20478.65,20710.1,True,False
Emergent_bounded_coherence_a2e9f5,Emergent_boundary_expression_ebc067,0.8360521326423036,20478.65,20731.44,True,False
Emergent_bounded_coherence_a2e9f5,Emergent_boundary_bounded_fb55ca,0.8424954372793068,20478.65,20751.34,True,False
Emergent_bounded_coherence_a2e9f5,Emergent_boundary_cascade_33cb56,0.8304704518517725,20478.65,20792.88,True,False
Emergent_bounded_coherence_a2e9f5,Emergent_boundary_constraint_90bf41,0.8424985393128044,20478.65,20793.22,True,False
Emergent_bounded_coherence_a2e9f5,Emergent_boundary_bounded_497fce,0.8424988678746161,20478.65,20814.65,True,False
Emergent_bounded_coherence_a2e9f5,Emergent_boundary_collective_f3e61d,0.8424550437491038,20478.65,20862.03,True,False
Emergent_bounded_coherence_a2e9f5,Emergent_boundary_constraint_83de1c,0.8423985454113179,20478.65,20931.63,True,False
Emergent_bounded_coherence_a2e9f5,Emergent_autonomy_boundary_945518,0.8425570019355306,20478.65,20956.2,True,False
Emergent_bounded_coherence_a2e9f5,Emergent_constraint_expression_f97ab0,0.842540245559608,20478.65,20978.3,True,False
Emergent_bounded_coherence_a2e9f5,Emergent_autonomy_bounded_72bafc,0.8404774873389635,20478.65,21000.33,True,False
Emergent_bounded_coherence_a2e9f5,Emergent_bounded_coherence_986ec1,0.8425163078797187,20478.65,21000.67,True,False
Emergent_bounded_coherence_a2e9f5,Emergent_appears_asymmetry_9e9e75,0.8424821111941625,20478.65,21024.36,True,False
Emergent_bounded_coherence_a2e9f5,Emergent_autonomy_boundary_053944,0.8414391410277453,20478.65,21138.39,True,False
Emergent_bounded_coherence_a2e9f5,Emergent_boundary_clarity_c73874,0.8373339676619895,20478.65,21183.76,True,False
Emergent_bounded_coherence_a2e9f5,Emergent_boundary_bounded_23b54b,0.8335186722998555,20478.65,21207.4,True,False
Emergent_bounded_coherence_a2e9f5,Emergent_collective_contradiction_a82072,0.8446303223007292,20478.65,21229.28,True,False
Emergent_bounded_coherence_a2e9f5,Emergent_clarity_complexity_55022a,0.8383841143967166,20478.65,21251.27,True,False
Emergent_bounded_coherence_a2e9f5,Emergent_boundary_carefully_38337d,0.8384530800517822,20478.65,21270.45,True,False
Emergent_bounded_coherence_a2e9f5,Emergent_boundary_carefully_98ec82,0.8431545402888707,20478.65,21313.15,True,False
Emergent_bounded_coherence_a2e9f5,Emergent_clarity_cognition_198e32,0.8406839112888707,20478.65,21334.45,True,False
Emergent_bounded_coherence_a2e9f5,Emergent_clarity_cognition_8dcbb2,0.8406839112888707,20478.65,21334.79,True,False
Emergent_bounded_coherence_a2e9f5,Emergent_boundary_bounded_d6917c,0.8237088412888709,20478.65,21403.84,True,False
Emergent_bounded_coherence_a2e9f5,Emergent_complexity_concept_0be476,0.9,20478.65,21548.74,True,False
Emergent_bounded_coherence_7a6cb5,Emergent_boundary_bounded_bd6b1f,0.8431325550901023,20478.99,20563.41,True,False
Emergent_bounded_coherence_7a6cb5,Emergent_boundary_clarity_f6e2e2,0.8585695800510309,20478.99,20585.63,True,False
Emergent_bounded_coherence_7a6cb5,Emergent_attention_bounded_52b815,0.8674831016879443,20478.99,20607.73,True,False
Emergent_bounded_coherence_7a6cb5,Emergent_attention_autonomy_5ae8f6,0.8590595233936926,20478.99,20608.07,True,False
Emergent_bounded_coherence_7a6cb5,Emergent_autonomy_boundary_a7f146,0.8277491007731796,20478.99,20626.5,True,False
Emergent_bounded_coherence_7a6cb5,Emergent_boundary_cascade_7dd561,0.8575598949582912,20478.99,20626.84,True,False
Emergent_bounded_coherence_7a6cb5,Emergent_boundary_carefully_576a67,0.83680560658859,20478.99,20665.36,True,False
Emergent_bounded_coherence_7a6cb5,Emergent_autonomy_boundary_d1f10a,0.8397678955686707,20478.99,20665.7,True,False
Emergent_bounded_coherence_7a6cb5,Emergent_boundary_bounded_9cca20,0.8674032844031447,20478.99,20687.43,True,False
Emergent_bounded_coherence_7a6cb5,Emergent_autonomy_boundary_625a34,0.8537483344322132,20478.99,20709.76,True,False
Emergent_bounded_coherence_7a6cb5,Emergent_boundary_bounded_b40b8f,0.82659724738225,20478.99,20710.1,True,False
Emergent_bounded_coherence_7a6cb5,Emergent_boundary_expression_ebc067,0.8360521326423036,20478.99,20731.44,True,False
Emergent_bounded_coherence_7a6cb5,Emergent_boundary_bounded_fb55ca,0.8512939305649625,20478.99,20751.34,True,False
Emergent_bounded_coherence_7a6cb5,Emergent_boundary_cascade_33cb56,0.8304704518517725,20478.99,20792.88,True,False
Emergent_bounded_coherence_7a6cb5,Emergent_boundary_constraint_90bf41,0.8674827865765815,20478.99,20793.22,True,False
Emergent_bounded_coherence_7a6cb5,Emergent_boundary_bounded_497fce,0.843299468361211,20478.99,20814.65,True,False
Emergent_bounded_coherence_7a6cb5,Emergent_boundary_collective_f3e61d,0.8674426816236731,20478.99,20862.03,True,False
Emergent_bounded_coherence_7a6cb5,Emergent_boundary_constraint_83de1c,0.8480771537792451,20478.99,20931.63,True,False
Emergent_bounded_coherence_7a6cb5,Emergent_autonomy_boundary_945518,0.8483868519127975,20478.99,20956.2,True,False
Emergent_bounded_coherence_7a6cb5,Emergent_constraint_expression_f97ab0,0.8668275691556748,20478.99,20978.3,True,False
Emergent_bounded_coherence_7a6cb5,Emergent_autonomy_bounded_72bafc,0.8404774873389635,20478.99,21000.33,True,False
Emergent_bounded_coherence_7a6cb5,Emergent_bounded_coherence_986ec1,0.8635587782051404,20478.99,21000.67,True,False
Emergent_bounded_coherence_7a6cb5,Emergent_appears_asymmetry_9e9e75,0.8573860958006396,20478.99,21024.36,True,False
Emergent_bounded_coherence_7a6cb5,Emergent_autonomy_boundary_053944,0.8500447019681538,20478.99,21138.39,True,False
Emergent_bounded_coherence_7a6cb5,Emergent_boundary_clarity_c73874,0.8393486576666049,20478.99,21183.76,True,False
Emergent_bounded_coherence_7a6cb5,Emergent_boundary_bounded_23b54b,0.8335186722998555,20478.99,21207.4,True,False
Emergent_bounded_coherence_7a6cb5,Emergent_collective_contradiction_a82072,0.8478732125620727,20478.99,21229.28,True,False
Emergent_bounded_coherence_7a6cb5,Emergent_clarity_complexity_55022a,0.8628447253335694,20478.99,21251.27,True,False
Emergent_bounded_coherence_7a6cb5,Emergent_boundary_carefully_38337d,0.8580005107532149,20478.99,21270.45,True,False
Emergent_bounded_coherence_7a6cb5,Emergent_boundary_carefully_98ec82,0.8463063127578327,20478.99,21313.15,True,False
Emergent_bounded_coherence_7a6cb5,Emergent_clarity_cognition_198e32,0.8582451694611359,20478.99,21334.45,True,False
Emergent_bounded_coherence_7a6cb5,Emergent_clarity_cognition_8dcbb2,0.8425244273105186,20478.99,21334.79,True,False
Emergent_bounded_coherence_7a6cb5,Emergent_boundary_bounded_d6917c,0.8272654949908957,20478.99,21403.84,True,False
Emergent_bounded_coherence_7a6cb5,Emergent_complexity_concept_0be476,0.9,20478.99,21548.74,True,False
Emergent_boundary_bounded_bd6b1f,Emergent_boundary_clarity_f6e2e2,0.8431335635836457,20563.41,20585.63,True,False
Emergent_boundary_bounded_bd6b1f,Emergent_attention_bounded_52b815,0.8431333385915629,20563.41,20607.73,True,False
Emergent_boundary_bounded_bd6b1f,Emergent_attention_autonomy_5ae8f6,0.8431333385915629,20563.41,20608.07,True,False
Emergent_boundary_bounded_bd6b1f,Emergent_autonomy_boundary_a7f146,0.8277491007731796,20563.41,20626.5,True,False
Emergent_boundary_bounded_bd6b1f,Emergent_boundary_cascade_7dd561,0.8431333324308328,20563.41,20626.84,True,False
Emergent_boundary_bounded_bd6b1f,Emergent_boundary_carefully_576a67,0.83680560658859,20563.41,20665.36,True,False
Emergent_boundary_bounded_bd6b1f,Emergent_autonomy_boundary_d1f10a,0.8397678955686707,20563.41,20665.7,True,False
Emergent_boundary_bounded_bd6b1f,Emergent_boundary_bounded_9cca20,0.8431325277763841,20563.41,20687.43,True,False
Emergent_boundary_bounded_bd6b1f,Emergent_autonomy_boundary_625a34,0.8431318515961757,20563.41,20709.76,True,False
Emergent_boundary_bounded_bd6b1f,Emergent_boundary_bounded_b40b8f,0.82659724738225,20563.41,20710.1,True,False
Emergent_boundary_bounded_bd6b1f,Emergent_boundary_expression_ebc067,0.8360521326423036,20563.41,20731.44,True,False
Emergent_boundary_bounded_bd6b1f,Emergent_boundary_bounded_fb55ca,0.8431307079449315,20563.41,20751.34,True,False
Emergent_boundary_bounded_bd6b1f,Emergent_boundary_cascade_33cb56,0.8304704518517725,20563.41,20792.88,True,False
Emergent_boundary_bounded_bd6b1f,Emergent_boundary_constraint_90bf41,0.8431337960970045,20563.41,20793.22,True,False
Emergent_boundary_bounded_bd6b1f,Emergent_boundary_bounded_497fce,0.8431341246588162,20563.41,20814.65,True,False
Emergent_boundary_bounded_bd6b1f,Emergent_boundary_collective_f3e61d,0.8430903865385695,20563.41,20862.03,True,False
Emergent_boundary_bounded_bd6b1f,Emergent_boundary_constraint_83de1c,0.8430337876786467,20563.41,20931.63,True,False
Emergent_boundary_bounded_bd6b1f,Emergent_autonomy_boundary_945518,0.8431920823717884,20563.41,20956.2,True,False
Emergent_boundary_bounded_bd6b1f,Emergent_constraint_expression_f97ab0,0.8431753259958661,20563.41,20978.3,True,False
Emergent_boundary_bounded_bd6b1f,Emergent_autonomy_bounded_72bafc,0.8404774873389635,20563.41,21000.33,True,False
Emergent_boundary_bounded_bd6b1f,Emergent_bounded_coherence_986ec1,0.8431513883159769,20563.41,21000.67,True,False
Emergent_boundary_bounded_bd6b1f,Emergent_appears_asymmetry_9e9e75,0.8431171916304205,20563.41,21024.36,True,False
Emergent_boundary_bounded_bd6b1f,Emergent_autonomy_boundary_053944,0.8420793518082266,20563.41,21138.39,True,False
Emergent_boundary_bounded_bd6b1f,Emergent_boundary_clarity_c73874,0.8379660581328918,20563.41,21183.76,True,False
Emergent_boundary_bounded_bd6b1f,Emergent_boundary_bounded_23b54b,0.8335186722998555,20563.41,21207.4,True,False
Emergent_boundary_bounded_bd6b1f,Emergent_collective_contradiction_a82072,0.8452533777394948,20563.41,21229.28,True,False
Emergent_boundary_bounded_bd6b1f,Emergent_clarity_complexity_55022a,0.8390300159853019,20563.41,21251.27,True,False
Emergent_boundary_bounded_bd6b1f,Emergent_boundary_carefully_38337d,0.8390991180590812,20563.41,21270.45,True,False
Emergent_boundary_bounded_bd6b1f,Emergent_boundary_carefully_98ec82,0.8437654057583057,20563.41,21313.15,True,False
Emergent_boundary_bounded_bd6b1f,Emergent_clarity_cognition_198e32,0.8412947767583057,20563.41,21334.45,True,False
Emergent_boundary_bounded_bd6b1f,Emergent_clarity_cognition_8dcbb2,0.8412947767583057,20563.41,21334.79,True,False
Emergent_boundary_bounded_bd6b1f,Emergent_boundary_bounded_d6917c,0.8243197067583059,20563.41,21403.84,True,False
Emergent_boundary_bounded_bd6b1f,Emergent_complexity_concept_0be476,0.9,20563.41,21548.74,True,False
Emergent_boundary_clarity_f6e2e2,Emergent_attention_bounded_52b815,0.8585694160331256,20585.63,20607.73,True,False
Emergent_boundary_clarity_f6e2e2,Emergent_attention_autonomy_5ae8f6,0.8585694160331256,20585.63,20608.07,True,False
Emergent_boundary_clarity_f6e2e2,Emergent_autonomy_boundary_a7f146,0.8277491007731796,20585.63,20626.5,True,False
Emergent_boundary_clarity_f6e2e2,Emergent_boundary_cascade_7dd561,0.8575598949582912,20585.63,20626.84,True,False
Emergent_boundary_clarity_f6e2e2,Emergent_boundary_carefully_576a67,0.83680560658859,20585.63,20665.36,True,False
Emergent_boundary_clarity_f6e2e2,Emergent_autonomy_boundary_d1f10a,0.8397678955686707,20585.63,20665.7,True,False
Emergent_boundary_clarity_f6e2e2,Emergent_boundary_bounded_9cca20,0.8585683819494212,20585.63,20687.43,True,False
Emergent_boundary_clarity_f6e2e2,Emergent_autonomy_boundary_625a34,0.8537483344322132,20585.63,20709.76,True,False
Emergent_boundary_clarity_f6e2e2,Emergent_boundary_bounded_b40b8f,0.82659724738225,20585.63,20710.1,True,False
Emergent_boundary_clarity_f6e2e2,Emergent_boundary_expression_ebc067,0.8360521326423036,20585.63,20731.44,True,False
Emergent_boundary_clarity_f6e2e2,Emergent_boundary_bounded_fb55ca,0.8512939305649625,20585.63,20751.34,True,False
Emergent_boundary_clarity_f6e2e2,Emergent_boundary_cascade_33cb56,0.8304704518517725,20585.63,20792.88,True,False
Emergent_boundary_clarity_f6e2e2,Emergent_boundary_constraint_90bf41,0.8585693037299653,20585.63,20793.22,True,False
Emergent_boundary_clarity_f6e2e2,Emergent_boundary_bounded_497fce,0.843299468361211,20585.63,20814.65,True,False
Emergent_boundary_clarity_f6e2e2,Emergent_boundary_collective_f3e61d,0.8585279883162122,20585.63,20862.03,True,False
Emergent_boundary_clarity_f6e2e2,Emergent_boundary_constraint_83de1c,0.8480771537792451,20585.63,20931.63,True,False
Emergent_boundary_clarity_f6e2e2,Emergent_autonomy_boundary_945518,0.8483868519127975,20585.63,20956.2,True,False
Emergent_boundary_clarity_f6e2e2,Emergent_constraint_expression_f97ab0,0.858606539727732,20585.63,20978.3,True,False
Emergent_boundary_clarity_f6e2e2,Emergent_autonomy_bounded_72bafc,0.8404774873389635,20585.63,21000.33,True,False
Emergent_boundary_clarity_f6e2e2,Emergent_bounded_coherence_986ec1,0.8585826020478426,20585.63,21000.67,True,False
Emergent_boundary_clarity_f6e2e2,Emergent_appears_asymmetry_9e9e75,0.8573860958006396,20585.63,21024.36,True,False
Emergent_boundary_clarity_f6e2e2,Emergent_autonomy_boundary_053944,0.8500447019681538,20585.63,21138.39,True,False
Emergent_boundary_clarity_f6e2e2,Emergent_boundary_clarity_c73874,0.8393486576666049,20585.63,21183.76,True,False
Emergent_boundary_clarity_f6e2e2,Emergent_boundary_bounded_23b54b,0.8335186722998555,20585.63,21207.4,True,False
Emergent_boundary_clarity_f6e2e2,Emergent_collective_contradiction_a82072,0.8478732125620727,20585.63,21229.28,True,False
Emergent_boundary_clarity_f6e2e2,Emergent_clarity_complexity_55022a,0.8547570922831442,20585.63,21251.27,True,False
Emergent_boundary_clarity_f6e2e2,Emergent_boundary_carefully_38337d,0.8548295160200907,20585.63,21270.45,True,False
Emergent_boundary_clarity_f6e2e2,Emergent_boundary_carefully_98ec82,0.8463063127578327,20585.63,21313.15,True,False
Emergent_boundary_clarity_f6e2e2,Emergent_clarity_cognition_198e32,0.856168757586504,20585.63,21334.45,True,False
Emergent_boundary_clarity_f6e2e2,Emergent_clarity_cognition_8dcbb2,0.8425244273105186,20585.63,21334.79,True,False
Emergent_boundary_clarity_f6e2e2,Emergent_boundary_bounded_d6917c,0.8272654949908957,20585.63,21403.84,True,False
Emergent_boundary_clarity_f6e2e2,Emergent_complexity_concept_0be476,0.9,20585.63,21548.74,True,False
Emergent_attention_bounded_52b815,Emergent_attention_autonomy_5ae8f6,0.8590589822241321,20607.73,20608.07,True,False
Emergent_attention_bounded_52b815,Emergent_autonomy_boundary_a7f146,0.8277491007731796,20607.73,20626.5,True,False
Emergent_attention_bounded_52b815,Emergent_boundary_cascade_7dd561,0.8575598949582912,20607.73,20626.84,True,False
Emergent_attention_bounded_52b815,Emergent_boundary_carefully_576a67,0.83680560658859,20607.73,20665.36,True,False
Emergent_attention_bounded_52b815,Emergent_autonomy_boundary_d1f10a,0.8397678955686707,20607.73,20665.7,True,False
Emergent_attention_bounded_52b815,Emergent_boundary_bounded_9cca20,0.8674032844031447,20607.73,20687.43,True,False
Emergent_attention_bounded_52b815,Emergent_autonomy_boundary_625a34,0.8537483344322132,20607.73,20709.76,True,False
Emergent_attention_bounded_52b815,Emergent_boundary_bounded_b40b8f,0.82659724738225,20607.73,20710.1,True,False
Emergent_attention_bounded_52b815,Emergent_boundary_expression_ebc067,0.8360521326423036,20607.73,20731.44,True,False
Emergent_attention_bounded_52b815,Emergent_boundary_bounded_fb55ca,0.8512939305649625,20607.73,20751.34,True,False
Emergent_attention_bounded_52b815,Emergent_boundary_cascade_33cb56,0.8304704518517725,20607.73,20792.88,True,False
Emergent_attention_bounded_52b815,Emergent_boundary_constraint_90bf41,0.8700492410306262,20607.73,20793.22,True,False
Emergent_attention_bounded_52b815,Emergent_boundary_bounded_497fce,0.843299468361211,20607.73,20814.65,True,False
Emergent_attention_bounded_52b815,Emergent_boundary_collective_f3e61d,0.8708384658904758,20607.73,20862.03,True,False
Emergent_attention_bounded_52b815,Emergent_boundary_constraint_83de1c,0.8480771537792451,20607.73,20931.63,True,False
Emergent_attention_bounded_52b815,Emergent_autonomy_boundary_945518,0.8483868519127975,20607.73,20956.2,True,False
Emergent_attention_bounded_52b815,Emergent_constraint_expression_f97ab0,0.8668275691556748,20607.73,20978.3,True,False
Emergent_attention_bounded_52b815,Emergent_autonomy_bounded_72bafc,0.8404774873389635,20607.73,21000.33,True,False
Emergent_attention_bounded_52b815,Emergent_bounded_coherence_986ec1,0.8635587782051404,20607.73,21000.67,True,False
Emergent_attention_bounded_52b815,Emergent_appears_asymmetry_9e9e75,0.8573860958006396,20607.73,21024.36,True,False
Emergent_attention_bounded_52b815,Emergent_autonomy_boundary_053944,0.8500447019681538,20607.73,21138.39,True,False
Emergent_attention_bounded_52b815,Emergent_boundary_clarity_c73874,0.8393486576666049,20607.73,21183.76,True,False
Emergent_attention_bounded_52b815,Emergent_boundary_bounded_23b54b,0.8335186722998555,20607.73,21207.4,True,False
Emergent_attention_bounded_52b815,Emergent_collective_contradiction_a82072,0.8478732125620727,20607.73,21229.28,True,False
Emergent_attention_bounded_52b815,Emergent_clarity_complexity_55022a,0.8628447253335694,20607.73,21251.27,True,False
Emergent_attention_bounded_52b815,Emergent_boundary_carefully_38337d,0.8580005107532149,20607.73,21270.45,True,False
Emergent_attention_bounded_52b815,Emergent_boundary_carefully_98ec82,0.8463063127578327,20607.73,21313.15,True,False
Emergent_attention_bounded_52b815,Emergent_clarity_cognition_198e32,0.8582451694611359,20607.73,21334.45,True,False
Emergent_attention_bounded_52b815,Emergent_clarity_cognition_8dcbb2,0.8425244273105186,20607.73,21334.79,True,False
Emergent_attention_bounded_52b815,Emergent_boundary_bounded_d6917c,0.8272654949908957,20607.73,21403.84,True,False
Emergent_attention_bounded_52b815,Emergent_complexity_concept_0be476,0.9,20607.73,21548.74,True,False
Emergent_attention_autonomy_5ae8f6,Emergent_autonomy_boundary_a7f146,0.8277491007731796,20608.07,20626.5,True,False
Emergent_attention_autonomy_5ae8f6,Emergent_boundary_cascade_7dd561,0.8575598949582912,20608.07,20626.84,True,False
Emergent_attention_autonomy_5ae8f6,Emergent_boundary_carefully_576a67,0.83680560658859,20608.07,20665.36,True,False
Emergent_attention_autonomy_5ae8f6,Emergent_autonomy_boundary_d1f10a,0.8397678955686707,20608.07,20665.7,True,False
Emergent_attention_autonomy_5ae8f6,Emergent_boundary_bounded_9cca20,0.8590584868094324,20608.07,20687.43,True,False
Emergent_attention_autonomy_5ae8f6,Emergent_autonomy_boundary_625a34,0.8537483344322132,20608.07,20709.76,True,False
Emergent_attention_autonomy_5ae8f6,Emergent_boundary_bounded_b40b8f,0.82659724738225,20608.07,20710.1,True,False
Emergent_attention_autonomy_5ae8f6,Emergent_boundary_expression_ebc067,0.8360521326423036,20608.07,20731.44,True,False
Emergent_attention_autonomy_5ae8f6,Emergent_boundary_bounded_fb55ca,0.8512939305649625,20608.07,20751.34,True,False
Emergent_attention_autonomy_5ae8f6,Emergent_boundary_cascade_33cb56,0.8304704518517725,20608.07,20792.88,True,False
Emergent_attention_autonomy_5ae8f6,Emergent_boundary_constraint_90bf41,0.8590593975763754,20608.07,20793.22,True,False
Emergent_attention_autonomy_5ae8f6,Emergent_boundary_bounded_497fce,0.843299468361211,20608.07,20814.65,True,False
Emergent_attention_autonomy_5ae8f6,Emergent_boundary_collective_f3e61d,0.8590181487179096,20608.07,20862.03,True,False
Emergent_attention_autonomy_5ae8f6,Emergent_boundary_constraint_83de1c,0.8480771537792451,20608.07,20931.63,True,False
Emergent_attention_autonomy_5ae8f6,Emergent_autonomy_boundary_945518,0.8483868519127975,20608.07,20956.2,True,False
Emergent_attention_autonomy_5ae8f6,Emergent_constraint_expression_f97ab0,0.8590964971070569,20608.07,20978.3,True,False
Emergent_attention_autonomy_5ae8f6,Emergent_autonomy_bounded_72bafc,0.8404774873389635,20608.07,21000.33,True,False
Emergent_attention_autonomy_5ae8f6,Emergent_bounded_coherence_986ec1,0.8590725594271675,20608.07,21000.67,True,False
Emergent_attention_autonomy_5ae8f6,Emergent_appears_asymmetry_9e9e75,0.8573860958006396,20608.07,21024.36,True,False
Emergent_attention_autonomy_5ae8f6,Emergent_autonomy_boundary_053944,0.8500447019681538,20608.07,21138.39,True,False
Emergent_attention_autonomy_5ae8f6,Emergent_boundary_clarity_c73874,0.8393486576666049,20608.07,21183.76,True,False
Emergent_attention_autonomy_5ae8f6,Emergent_boundary_bounded_23b54b,0.8335186722998555,20608.07,21207.4,True,False
Emergent_attention_autonomy_5ae8f6,Emergent_collective_contradiction_a82072,0.8478732125620727,20608.07,21229.28,True,False
Emergent_attention_autonomy_5ae8f6,Emergent_clarity_complexity_55022a,0.8552569240712005,20608.07,21251.27,True,False
Emergent_attention_autonomy_5ae8f6,Emergent_boundary_carefully_38337d,0.8553294533759466,20608.07,21270.45,True,False
Emergent_attention_autonomy_5ae8f6,Emergent_boundary_carefully_98ec82,0.8463063127578327,20608.07,21313.15,True,False
Emergent_attention_autonomy_5ae8f6,Emergent_clarity_cognition_198e32,0.8566414766279886,20608.07,21334.45,True,False
Emergent_attention_autonomy_5ae8f6,Emergent_clarity_cognition_8dcbb2,0.8425244273105186,20608.07,21334.79,True,False
Emergent_attention_autonomy_5ae8f6,Emergent_boundary_bounded_d6917c,0.8272654949908957,20608.07,21403.84,True,False
Emergent_attention_autonomy_5ae8f6,Emergent_complexity_concept_0be476,0.9,20608.07,21548.74,True,False
Emergent_autonomy_boundary_a7f146,Emergent_boundary_cascade_7dd561,0.8277483276738076,20626.5,20626.84,True,False
Emergent_autonomy_boundary_a7f146,Emergent_boundary_carefully_576a67,0.8277487694448775,20626.5,20665.36,True,False
Emergent_autonomy_boundary_a7f146,Emergent_autonomy_boundary_d1f10a,0.8277487694448775,20626.5,20665.7,True,False
Emergent_autonomy_boundary_a7f146,Emergent_boundary_bounded_9cca20,0.8277482961187312,20626.5,20687.43,True,False
Emergent_autonomy_boundary_a7f146,Emergent_autonomy_boundary_625a34,0.8277476199385225,20626.5,20709.76,True,False
Emergent_autonomy_boundary_a7f146,Emergent_boundary_bounded_b40b8f,0.82659724738225,20626.5,20710.1,True,False
Emergent_autonomy_boundary_a7f146,Emergent_boundary_expression_ebc067,0.8277462639677671,20626.5,20731.44,True,False
Emergent_autonomy_boundary_a7f146,Emergent_boundary_bounded_fb55ca,0.8277464847817626,20626.5,20751.34,True,False
Emergent_autonomy_boundary_a7f146,Emergent_boundary_cascade_33cb56,0.8277499090975349,20626.5,20792.88,True,False
Emergent_autonomy_boundary_a7f146,Emergent_boundary_constraint_90bf41,0.8277499090975349,20626.5,20793.22,True,False
Emergent_autonomy_boundary_a7f146,Emergent_boundary_bounded_497fce,0.8277502376593466,20626.5,20814.65,True,False
Emergent_autonomy_boundary_a7f146,Emergent_boundary_collective_f3e61d,0.8277044167667111,20626.5,20862.03,True,False
Emergent_autonomy_boundary_a7f146,Emergent_boundary_constraint_83de1c,0.8276502522313569,20626.5,20931.63,True,False
Emergent_autonomy_boundary_a7f146,Emergent_autonomy_boundary_945518,0.8278124659553014,20626.5,20956.2,True,False
Emergent_autonomy_boundary_a7f146,Emergent_constraint_expression_f97ab0,0.8277957095793786,20626.5,20978.3,True,False
Emergent_autonomy_boundary_a7f146,Emergent_autonomy_bounded_72bafc,0.8277717718994895,20626.5,21000.33,True,False
Emergent_autonomy_boundary_a7f146,Emergent_bounded_coherence_986ec1,0.8277717718994895,20626.5,21000.67,True,False
Emergent_autonomy_boundary_a7f146,Emergent_appears_asymmetry_9e9e75,0.8277375752139333,20626.5,21024.36,True,False
Emergent_autonomy_boundary_a7f146,Emergent_autonomy_boundary_053944,0.8265754948676569,20626.5,21138.39,True,False
Emergent_autonomy_boundary_a7f146,Emergent_boundary_clarity_c73874,0.8226588491118216,20626.5,21183.76,True,False
Emergent_autonomy_boundary_a7f146,Emergent_boundary_bounded_23b54b,0.824154020239257,20626.5,21207.4,True,False
Emergent_autonomy_boundary_a7f146,Emergent_collective_contradiction_a82072,0.8301649682918955,20626.5,21229.28,True,False
Emergent_autonomy_boundary_a7f146,Emergent_clarity_complexity_55022a,0.823388345878483,20626.5,21251.27,True,False
Emergent_autonomy_boundary_a7f146,Emergent_boundary_carefully_38337d,0.823454144327451,20626.5,21270.45,True,False
Emergent_autonomy_boundary_a7f146,Emergent_boundary_carefully_98ec82,0.8289721983697369,20626.5,21313.15,True,False
Emergent_autonomy_boundary_a7f146,Emergent_clarity_cognition_198e32,0.8265015693697368,20626.5,21334.45,True,False
Emergent_autonomy_boundary_a7f146,Emergent_clarity_cognition_8dcbb2,0.8265015693697368,20626.5,21334.79,True,False
Emergent_autonomy_boundary_a7f146,Emergent_boundary_bounded_d6917c,0.8095264993697371,20626.5,21403.84,True,False
Emergent_autonomy_boundary_a7f146,Emergent_complexity_concept_0be476,0.9,20626.5,21548.74,True,False
Emergent_boundary_cascade_7dd561,Emergent_boundary_carefully_576a67,0.83680560658859,20626.84,20665.36,True,False
Emergent_boundary_cascade_7dd561,Emergent_autonomy_boundary_d1f10a,0.8397678955686707,20626.84,20665.7,True,False
Emergent_boundary_cascade_7dd561,Emergent_boundary_bounded_9cca20,0.8575590903038428,20626.84,20687.43,True,False
Emergent_boundary_cascade_7dd561,Emergent_autonomy_boundary_625a34,0.8537483344322132,20626.84,20709.76,True,False
Emergent_boundary_cascade_7dd561,Emergent_boundary_bounded_b40b8f,0.82659724738225,20626.84,20710.1,True,False
Emergent_boundary_cascade_7dd561,Emergent_boundary_expression_ebc067,0.8360521326423036,20626.84,20731.44,True,False
Emergent_boundary_cascade_7dd561,Emergent_boundary_bounded_fb55ca,0.8512939305649625,20626.84,20751.34,True,False
Emergent_boundary_cascade_7dd561,Emergent_boundary_cascade_33cb56,0.8304704518517725,20626.84,20792.88,True,False
Emergent_boundary_cascade_7dd561,Emergent_boundary_constraint_90bf41,0.8575600347651162,20626.84,20793.22,True,False
Emergent_boundary_cascade_7dd561,Emergent_boundary_bounded_497fce,0.843299468361211,20626.84,20814.65,True,False
Emergent_boundary_cascade_7dd561,Emergent_boundary_collective_f3e61d,0.8575185822915197,20626.84,20862.03,True,False
Emergent_boundary_cascade_7dd561,Emergent_boundary_constraint_83de1c,0.8480771537792451,20626.84,20931.63,True,False
Emergent_boundary_cascade_7dd561,Emergent_autonomy_boundary_945518,0.8483868519127975,20626.84,20956.2,True,False
Emergent_boundary_cascade_7dd561,Emergent_constraint_expression_f97ab0,0.8575975517947605,20626.84,20978.3,True,False
Emergent_boundary_cascade_7dd561,Emergent_autonomy_bounded_72bafc,0.8404774873389635,20626.84,21000.33,True,False
Emergent_boundary_cascade_7dd561,Emergent_bounded_coherence_986ec1,0.8575736141148713,20626.84,21000.67,True,False
Emergent_boundary_cascade_7dd561,Emergent_appears_asymmetry_9e9e75,0.8573860958006396,20626.84,21024.36,True,False
Emergent_boundary_cascade_7dd561,Emergent_autonomy_boundary_053944,0.8500447019681538,20626.84,21138.39,True,False
Emergent_boundary_cascade_7dd561,Emergent_boundary_clarity_c73874,0.8393486576666049,20626.84,21183.76,True,False
Emergent_boundary_cascade_7dd561,Emergent_boundary_bounded_23b54b,0.8335186722998555,20626.84,21207.4,True,False
Emergent_boundary_cascade_7dd561,Emergent_collective_contradiction_a82072,0.8478732125620727,20626.84,21229.28,True,False
Emergent_boundary_cascade_7dd561,Emergent_clarity_complexity_55022a,0.8537277696033649,20626.84,21251.27,True,False
Emergent_boundary_cascade_7dd561,Emergent_boundary_carefully_38337d,0.8537999759405119,20626.84,21270.45,True,False
Emergent_boundary_cascade_7dd561,Emergent_boundary_carefully_98ec82,0.8463063127578327,20626.84,21313.15,True,False
Emergent_boundary_cascade_7dd561,Emergent_clarity_cognition_198e32,0.8551952692206359,20626.84,21334.45,True,False
Emergent_boundary_cascade_7dd561,Emergent_clarity_cognition_8dcbb2,0.8425244273105186,20626.84,21334.79,True,False
Emergent_boundary_cascade_7dd561,Emergent_boundary_bounded_d6917c,0.8272654949908957,20626.84,21403.84,True,False
Emergent_boundary_cascade_7dd561,Emergent_complexity_concept_0be476,0.9,20626.84,21548.74,True,False
Emergent_boundary_carefully_576a67,Emergent_autonomy_boundary_d1f10a,0.8368045021609158,20665.36,20665.7,True,False
Emergent_boundary_carefully_576a67,Emergent_boundary_bounded_9cca20,0.836805133262444,20665.36,20687.43,True,False
Emergent_boundary_carefully_576a67,Emergent_autonomy_boundary_625a34,0.836804457082235,20665.36,20709.76,True,False
Emergent_boundary_carefully_576a67,Emergent_boundary_bounded_b40b8f,0.82659724738225,20665.36,20710.1,True,False
Emergent_boundary_carefully_576a67,Emergent_boundary_expression_ebc067,0.8360521326423036,20665.36,20731.44,True,False
Emergent_boundary_carefully_576a67,Emergent_boundary_bounded_fb55ca,0.8368033169246951,20665.36,20751.34,True,False
Emergent_boundary_carefully_576a67,Emergent_boundary_cascade_33cb56,0.8304704518517725,20665.36,20792.88,True,False
Emergent_boundary_carefully_576a67,Emergent_boundary_constraint_90bf41,0.8368065433378391,20665.36,20793.22,True,False
Emergent_boundary_carefully_576a67,Emergent_boundary_bounded_497fce,0.8368068718996511,20665.36,20814.65,True,False
Emergent_boundary_carefully_576a67,Emergent_boundary_collective_f3e61d,0.8367622771540699,20665.36,20862.03,True,False
Emergent_boundary_carefully_576a67,Emergent_boundary_constraint_83de1c,0.8367066795096945,20665.36,20931.63,True,False
Emergent_boundary_carefully_576a67,Emergent_autonomy_boundary_945518,0.8368665860645499,20665.36,20956.2,True,False
Emergent_boundary_carefully_576a67,Emergent_constraint_expression_f97ab0,0.8368498296886273,20665.36,20978.3,True,False
Emergent_boundary_carefully_576a67,Emergent_autonomy_bounded_72bafc,0.8368258920087381,20665.36,21000.33,True,False
Emergent_boundary_carefully_576a67,Emergent_bounded_coherence_986ec1,0.8368258920087381,20665.36,21000.67,True,False
Emergent_boundary_carefully_576a67,Emergent_appears_asymmetry_9e9e75,0.836791695323182,20665.36,21024.36,True,False
Emergent_boundary_carefully_576a67,Emergent_autonomy_boundary_053944,0.835702756503782,20665.36,21138.39,True,False
Emergent_boundary_carefully_576a67,Emergent_boundary_clarity_c73874,0.8316703423286205,20665.36,21183.76,True,False
Emergent_boundary_carefully_576a67,Emergent_boundary_bounded_23b54b,0.8332139792310223,20665.36,21207.4,True,False
Emergent_boundary_carefully_576a67,Emergent_collective_contradiction_a82072,0.8390476522091377,20665.36,21229.28,True,False
Emergent_boundary_carefully_576a67,Emergent_clarity_complexity_55022a,0.8325967393794131,20665.36,21251.27,True,False
Emergent_boundary_carefully_576a67,Emergent_boundary_carefully_38337d,0.8326644827023639,20665.36,21270.45,True,False
Emergent_boundary_carefully_576a67,Emergent_boundary_carefully_98ec82,0.8376810941490582,20665.36,21313.15,True,False
Emergent_boundary_carefully_576a67,Emergent_clarity_cognition_198e32,0.8352104651490582,20665.36,21334.45,True,False
Emergent_boundary_carefully_576a67,Emergent_clarity_cognition_8dcbb2,0.8352104651490582,20665.36,21334.79,True,False
Emergent_boundary_carefully_576a67,Emergent_boundary_bounded_d6917c,0.8182353951490582,20665.36,21403.84,True,False
Emergent_boundary_carefully_576a67,Emergent_complexity_concept_0be476,0.9,20665.36,21548.74,True,False
Emergent_autonomy_boundary_d1f10a,Emergent_boundary_bounded_9cca20,0.8397674222425247,20665.7,20687.43,True,False
Emergent_autonomy_boundary_d1f10a,Emergent_autonomy_boundary_625a34,0.8397667460623159,20665.7,20709.76,True,False
Emergent_autonomy_boundary_d1f10a,Emergent_boundary_bounded_b40b8f,0.82659724738225,20665.7,20710.1,True,False
Emergent_autonomy_boundary_d1f10a,Emergent_boundary_expression_ebc067,0.8360521326423036,20665.7,20731.44,True,False
Emergent_autonomy_boundary_d1f10a,Emergent_boundary_bounded_fb55ca,0.8397656042691326,20665.7,20751.34,True,False
Emergent_autonomy_boundary_d1f10a,Emergent_boundary_cascade_33cb56,0.8304704518517725,20665.7,20792.88,True,False
Emergent_autonomy_boundary_d1f10a,Emergent_boundary_constraint_90bf41,0.8397687659527506,20665.7,20793.22,True,False
Emergent_autonomy_boundary_d1f10a,Emergent_boundary_bounded_497fce,0.8397690945145624,20665.7,20814.65,True,False
Emergent_autonomy_boundary_d1f10a,Emergent_boundary_collective_f3e61d,0.8397249008142746,20665.7,20862.03,True,False
Emergent_autonomy_boundary_d1f10a,Emergent_boundary_constraint_83de1c,0.8396688344319729,20665.7,20931.63,True,False
Emergent_autonomy_boundary_d1f10a,Emergent_autonomy_boundary_945518,0.839827986363392,20665.7,20956.2,True,False
Emergent_autonomy_boundary_d1f10a,Emergent_constraint_expression_f97ab0,0.8398112299874694,20665.7,20978.3,True,False
Emergent_autonomy_boundary_d1f10a,Emergent_autonomy_bounded_72bafc,0.8397872923075802,20665.7,21000.33,True,False
Emergent_autonomy_boundary_d1f10a,Emergent_bounded_coherence_986ec1,0.8397872923075802,20665.7,21000.67,True,False
Emergent_autonomy_boundary_d1f10a,Emergent_appears_asymmetry_9e9e75,0.839753095622024,20665.7,21024.36,True,False
Emergent_autonomy_boundary_d1f10a,Emergent_autonomy_boundary_053944,0.8386880797611156,20665.7,21138.39,True,False
Emergent_autonomy_boundary_d1f10a,Emergent_boundary_clarity_c73874,0.8346178003237912,20665.7,21183.76,True,False
Emergent_autonomy_boundary_d1f10a,Emergent_boundary_bounded_23b54b,0.8335186722998555,20665.7,21207.4,True,False
Emergent_autonomy_boundary_d1f10a,Emergent_collective_contradiction_a82072,0.8419529795617282,20665.7,21229.28,True,False
Emergent_autonomy_boundary_d1f10a,Emergent_clarity_complexity_55022a,0.8356085990561646,20665.7,21251.27,True,False
Emergent_autonomy_boundary_d1f10a,Emergent_boundary_carefully_38337d,0.8356769785039213,20665.7,21270.45,True,False
Emergent_autonomy_boundary_d1f10a,Emergent_boundary_carefully_98ec82,0.8405295792864624,20665.7,21313.15,True,False
Emergent_autonomy_boundary_d1f10a,Emergent_clarity_cognition_198e32,0.8380589502864624,20665.7,21334.45,True,False
Emergent_autonomy_boundary_d1f10a,Emergent_clarity_cognition_8dcbb2,0.8380589502864624,20665.7,21334.79,True,False
Emergent_autonomy_boundary_d1f10a,Emergent_boundary_bounded_d6917c,0.8210838802864624,20665.7,21403.84,True,False
Emergent_autonomy_boundary_d1f10a,Emergent_complexity_concept_0be476,0.9,20665.7,21548.74,True,False
Emergent_boundary_bounded_9cca20,Emergent_autonomy_boundary_625a34,0.8537483344322132,20687.43,20709.76,True,False
Emergent_boundary_bounded_9cca20,Emergent_boundary_bounded_b40b8f,0.82659724738225,20687.43,20710.1,True,False
Emergent_boundary_bounded_9cca20,Emergent_boundary_expression_ebc067,0.8360521326423036,20687.43,20731.44,True,False
Emergent_boundary_bounded_9cca20,Emergent_boundary_bounded_fb55ca,0.8512939305649625,20687.43,20751.34,True,False
Emergent_boundary_bounded_9cca20,Emergent_boundary_cascade_33cb56,0.8304704518517725,20687.43,20792.88,True,False
Emergent_boundary_bounded_9cca20,Emergent_boundary_constraint_90bf41,0.8674040076463962,20687.43,20793.22,True,False
Emergent_boundary_bounded_9cca20,Emergent_boundary_bounded_497fce,0.843299468361211,20687.43,20814.65,True,False
Emergent_boundary_bounded_9cca20,Emergent_boundary_collective_f3e61d,0.8673638919952218,20687.43,20862.03,True,False
Emergent_boundary_bounded_9cca20,Emergent_boundary_constraint_83de1c,0.8480771537792451,20687.43,20931.63,True,False
Emergent_boundary_bounded_9cca20,Emergent_autonomy_boundary_945518,0.8483868519127975,20687.43,20956.2,True,False
Emergent_boundary_bounded_9cca20,Emergent_constraint_expression_f97ab0,0.8668275691556748,20687.43,20978.3,True,False
Emergent_boundary_bounded_9cca20,Emergent_autonomy_bounded_72bafc,0.8404774873389635,20687.43,21000.33,True,False
Emergent_boundary_bounded_9cca20,Emergent_bounded_coherence_986ec1,0.8635587782051404,20687.43,21000.67,True,False
Emergent_boundary_bounded_9cca20,Emergent_appears_asymmetry_9e9e75,0.8573860958006396,20687.43,21024.36,True,False
Emergent_boundary_bounded_9cca20,Emergent_autonomy_boundary_053944,0.8500447019681538,20687.43,21138.39,True,False
Emergent_boundary_bounded_9cca20,Emergent_boundary_clarity_c73874,0.8393486576666049,20687.43,21183.76,True,False
Emergent_boundary_bounded_9cca20,Emergent_boundary_bounded_23b54b,0.8335186722998555,20687.43,21207.4,True,False
Emergent_boundary_bounded_9cca20,Emergent_collective_contradiction_a82072,0.8478732125620727,20687.43,21229.28,True,False
Emergent_boundary_bounded_9cca20,Emergent_clarity_complexity_55022a,0.8628447253335694,20687.43,21251.27,True,False
Emergent_boundary_bounded_9cca20,Emergent_boundary_carefully_38337d,0.8580005107532149,20687.43,21270.45,True,False
Emergent_boundary_bounded_9cca20,Emergent_boundary_carefully_98ec82,0.8463063127578327,20687.43,21313.15,True,False
Emergent_boundary_bounded_9cca20,Emergent_clarity_cognition_198e32,0.8582451694611359,20687.43,21334.45,True,False
Emergent_boundary_bounded_9cca20,Emergent_clarity_cognition_8dcbb2,0.8425244273105186,20687.43,21334.79,True,False
Emergent_boundary_bounded_9cca20,Emergent_boundary_bounded_d6917c,0.8272654949908957,20687.43,21403.84,True,False
Emergent_boundary_bounded_9cca20,Emergent_complexity_concept_0be476,0.9,20687.43,21548.74,True,False
Emergent_autonomy_boundary_625a34,Emergent_boundary_bounded_b40b8f,0.8265949934482211,20709.76,20710.1,True,False
Emergent_autonomy_boundary_625a34,Emergent_boundary_expression_ebc067,0.8360521326423036,20709.76,20731.44,True,False
Emergent_autonomy_boundary_625a34,Emergent_boundary_bounded_fb55ca,0.8512939305649625,20709.76,20751.34,True,False
Emergent_autonomy_boundary_625a34,Emergent_boundary_cascade_33cb56,0.8304704518517725,20709.76,20792.88,True,False
Emergent_autonomy_boundary_625a34,Emergent_boundary_constraint_90bf41,0.8537500406935319,20709.76,20793.22,True,False
Emergent_autonomy_boundary_625a34,Emergent_boundary_bounded_497fce,0.843299468361211,20709.76,20814.65,True,False
Emergent_autonomy_boundary_625a34,Emergent_boundary_collective_f3e61d,0.8537080708185198,20709.76,20862.03,True,False
Emergent_autonomy_boundary_625a34,Emergent_boundary_constraint_83de1c,0.8480771537792451,20709.76,20931.63,True,False
Emergent_autonomy_boundary_625a34,Emergent_autonomy_boundary_945518,0.8483868519127975,20709.76,20956.2,True,False
Emergent_autonomy_boundary_625a34,Emergent_constraint_expression_f97ab0,0.8537886186195527,20709.76,20978.3,True,False
Emergent_autonomy_boundary_625a34,Emergent_autonomy_bounded_72bafc,0.8404774873389635,20709.76,21000.33,True,False
Emergent_autonomy_boundary_625a34,Emergent_bounded_coherence_986ec1,0.8537646809396635,20709.76,21000.67,True,False
Emergent_autonomy_boundary_625a34,Emergent_appears_asymmetry_9e9e75,0.8537304842541074,20709.76,21024.36,True,False
Emergent_autonomy_boundary_625a34,Emergent_autonomy_boundary_053944,0.8500447019681538,20709.76,21138.39,True,False
Emergent_autonomy_boundary_625a34,Emergent_boundary_clarity_c73874,0.8393486576666049,20709.76,21183.76,True,False
Emergent_autonomy_boundary_625a34,Emergent_boundary_bounded_23b54b,0.8335186722998555,20709.76,21207.4,True,False
Emergent_autonomy_boundary_625a34,Emergent_collective_contradiction_a82072,0.8478732125620727,20709.76,21229.28,True,False
Emergent_autonomy_boundary_625a34,Emergent_clarity_complexity_55022a,0.8498420726838203,20709.76,21251.27,True,False
Emergent_autonomy_boundary_625a34,Emergent_boundary_carefully_38337d,0.8499134583359211,20709.76,21270.45,True,False
Emergent_autonomy_boundary_625a34,Emergent_boundary_carefully_98ec82,0.8463063127578327,20709.76,21313.15,True,False
Emergent_autonomy_boundary_625a34,Emergent_clarity_cognition_198e32,0.8515203470424162,20709.76,21334.45,True,False
Emergent_autonomy_boundary_625a34,Emergent_clarity_cognition_8dcbb2,0.8425244273105186,20709.76,21334.79,True,False
Emergent_autonomy_boundary_625a34,Emergent_boundary_bounded_d6917c,0.8272654949908957,20709.76,21403.84,True,False
Emergent_autonomy_boundary_625a34,Emergent_complexity_concept_0be476,0.9,20709.76,21548.74,True,False
Emergent_boundary_bounded_b40b8f,Emergent_boundary_expression_ebc067,0.8265958922712608,20710.1,20731.44,True,False
Emergent_boundary_bounded_b40b8f,Emergent_boundary_bounded_fb55ca,0.8265961128606742,20710.1,20751.34,True,False
Emergent_boundary_bounded_b40b8f,Emergent_boundary_cascade_33cb56,0.8265995623134508,20710.1,20792.88,True,False
Emergent_boundary_bounded_b40b8f,Emergent_boundary_constraint_90bf41,0.8265995623134508,20710.1,20793.22,True,False
Emergent_boundary_bounded_b40b8f,Emergent_boundary_bounded_497fce,0.8265998908752625,20710.1,20814.65,True,False
Emergent_boundary_bounded_b40b8f,Emergent_boundary_collective_f3e61d,0.8265539142410696,20710.1,20862.03,True,False
Emergent_boundary_bounded_b40b8f,Emergent_boundary_constraint_83de1c,0.826499931734967,20710.1,20931.63,True,False
Emergent_boundary_bounded_b40b8f,Emergent_autonomy_boundary_945518,0.8266624385086772,20710.1,20956.2,True,False
Emergent_boundary_bounded_b40b8f,Emergent_constraint_expression_f97ab0,0.8266456821327548,20710.1,20978.3,True,False
Emergent_boundary_bounded_b40b8f,Emergent_autonomy_bounded_72bafc,0.8266217444528656,20710.1,21000.33,True,False
Emergent_boundary_bounded_b40b8f,Emergent_bounded_coherence_986ec1,0.8266217444528656,20710.1,21000.67,True,False
Emergent_boundary_bounded_b40b8f,Emergent_appears_asymmetry_9e9e75,0.8265875477673092,20710.1,21024.36,True,False
Emergent_boundary_bounded_b40b8f,Emergent_autonomy_boundary_053944,0.8254161772015105,20710.1,21138.39,True,False
Emergent_boundary_bounded_b40b8f,Emergent_boundary_clarity_c73874,0.8215142360064798,20710.1,21183.76,True,False
Emergent_boundary_bounded_b40b8f,Emergent_boundary_bounded_23b54b,0.8230032511551164,20710.1,21207.4,True,False
Emergent_boundary_bounded_b40b8f,Emergent_collective_contradiction_a82072,0.8290367161612351,20710.1,21229.28,True,False
Emergent_boundary_bounded_b40b8f,Emergent_clarity_complexity_55022a,0.8222187230838209,20710.1,21251.27,True,False
Emergent_boundary_bounded_b40b8f,Emergent_boundary_carefully_38337d,0.8222842745006718,20710.1,21270.45,True,False
Emergent_boundary_bounded_b40b8f,Emergent_boundary_carefully_98ec82,0.8278660202922252,20710.1,21313.15,True,False
Emergent_boundary_bounded_b40b8f,Emergent_clarity_cognition_198e32,0.8253953912922254,20710.1,21334.45,True,False
Emergent_boundary_bounded_b40b8f,Emergent_clarity_cognition_8dcbb2,0.8253953912922254,20710.1,21334.79,True,False
Emergent_boundary_bounded_b40b8f,Emergent_boundary_bounded_d6917c,0.8084203212922254,20710.1,21403.84,True,False
Emergent_boundary_bounded_b40b8f,Emergent_complexity_concept_0be476,0.9,20710.1,21548.74,True,False
Emergent_boundary_expression_ebc067,Emergent_boundary_bounded_fb55ca,0.8360487389653821,20731.44,20751.34,True,False
Emergent_boundary_expression_ebc067,Emergent_boundary_cascade_33cb56,0.8304704518517725,20731.44,20792.88,True,False
Emergent_boundary_expression_ebc067,Emergent_boundary_constraint_90bf41,0.8360555979003763,20731.44,20793.22,True,False
Emergent_boundary_expression_ebc067,Emergent_boundary_bounded_497fce,0.8360559264621881,20731.44,20814.65,True,False
Emergent_boundary_expression_ebc067,Emergent_boundary_collective_f3e61d,0.8360112300486462,20731.44,20862.03,True,False
Emergent_boundary_expression_ebc067,Emergent_boundary_constraint_83de1c,0.8359557512328168,20731.44,20931.63,True,False
Emergent_boundary_expression_ebc067,Emergent_autonomy_boundary_945518,0.8361158490903191,20731.44,20956.2,True,False
Emergent_boundary_expression_ebc067,Emergent_constraint_expression_f97ab0,0.8360990927143965,20731.44,20978.3,True,False
Emergent_boundary_expression_ebc067,Emergent_autonomy_bounded_72bafc,0.8360751550345074,20731.44,21000.33,True,False
Emergent_boundary_expression_ebc067,Emergent_bounded_coherence_986ec1,0.8360751550345074,20731.44,21000.67,True,False
Emergent_boundary_expression_ebc067,Emergent_appears_asymmetry_9e9e75,0.8360409583489512,20731.44,21024.36,True,False
Emergent_boundary_expression_ebc067,Emergent_autonomy_boundary_053944,0.8349459548818643,20731.44,21138.39,True,False
Emergent_boundary_expression_ebc067,Emergent_boundary_clarity_c73874,0.8309231398319394,20731.44,21183.76,True,False
Emergent_boundary_expression_ebc067,Emergent_boundary_bounded_23b54b,0.8324627581164288,20731.44,21207.4,True,False
Emergent_boundary_expression_ebc067,Emergent_collective_contradiction_a82072,0.8383111301433139,20731.44,21229.28,True,False
Emergent_boundary_expression_ebc067,Emergent_clarity_complexity_55022a,0.8318332105780497,20731.44,21251.27,True,False
Emergent_boundary_expression_ebc067,Emergent_boundary_carefully_38337d,0.8319007926386373,20731.44,21270.45,True,False
Emergent_boundary_expression_ebc067,Emergent_boundary_carefully_98ec82,0.8369589820070311,20731.44,21313.15,True,False
Emergent_boundary_expression_ebc067,Emergent_clarity_cognition_198e32,0.8344883530070313,20731.44,21334.45,True,False
Emergent_boundary_expression_ebc067,Emergent_clarity_cognition_8dcbb2,0.8344883530070313,20731.44,21334.79,True,False
Emergent_boundary_expression_ebc067,Emergent_boundary_bounded_d6917c,0.8175132830070313,20731.44,21403.84,True,False
Emergent_boundary_expression_ebc067,Emergent_complexity_concept_0be476,0.9,20731.44,21548.74,True,False
Emergent_boundary_bounded_fb55ca,Emergent_boundary_cascade_33cb56,0.8304704518517725,20751.34,20792.88,True,False
Emergent_boundary_bounded_fb55ca,Emergent_boundary_constraint_90bf41,0.8512968401198637,20751.34,20793.22,True,False
Emergent_boundary_bounded_fb55ca,Emergent_boundary_bounded_497fce,0.843299468361211,20751.34,20814.65,True,False
Emergent_boundary_bounded_fb55ca,Emergent_boundary_collective_f3e61d,0.851254537097496,20751.34,20862.03,True,False
Emergent_boundary_bounded_fb55ca,Emergent_boundary_constraint_83de1c,0.8480771537792451,20751.34,20931.63,True,False
Emergent_boundary_bounded_fb55ca,Emergent_autonomy_boundary_945518,0.8483868519127975,20751.34,20956.2,True,False
Emergent_boundary_bounded_fb55ca,Emergent_constraint_expression_f97ab0,0.8513361011418554,20751.34,20978.3,True,False
Emergent_boundary_bounded_fb55ca,Emergent_autonomy_bounded_72bafc,0.8404774873389635,20751.34,21000.33,True,False
Emergent_boundary_bounded_fb55ca,Emergent_bounded_coherence_986ec1,0.8513121634619663,20751.34,21000.67,True,False
Emergent_boundary_bounded_fb55ca,Emergent_appears_asymmetry_9e9e75,0.8512779667764101,20751.34,21024.36,True,False
Emergent_boundary_bounded_fb55ca,Emergent_autonomy_boundary_053944,0.8500447019681538,20751.34,21138.39,True,False
Emergent_boundary_bounded_fb55ca,Emergent_boundary_clarity_c73874,0.8393486576666049,20751.34,21183.76,True,False
Emergent_boundary_bounded_fb55ca,Emergent_boundary_bounded_23b54b,0.8335186722998555,20751.34,21207.4,True,False
Emergent_boundary_bounded_fb55ca,Emergent_collective_contradiction_a82072,0.8478732125620727,20751.34,21229.28,True,False
Emergent_boundary_bounded_fb55ca,Emergent_clarity_complexity_55022a,0.8473401281314066,20751.34,21251.27,True,False
Emergent_boundary_bounded_fb55ca,Emergent_boundary_carefully_38337d,0.8474109853561693,20751.34,21270.45,True,False
Emergent_boundary_bounded_fb55ca,Emergent_boundary_carefully_98ec82,0.8463063127578327,20751.34,21313.15,True,False
Emergent_boundary_bounded_fb55ca,Emergent_clarity_cognition_198e32,0.8491541173248862,20751.34,21334.45,True,False
Emergent_boundary_bounded_fb55ca,Emergent_clarity_cognition_8dcbb2,0.8425244273105186,20751.34,21334.79,True,False
Emergent_boundary_bounded_fb55ca,Emergent_boundary_bounded_d6917c,0.8272654949908957,20751.34,21403.84,True,False
Emergent_boundary_bounded_fb55ca,Emergent_complexity_concept_0be476,0.9,20751.34,21548.74,True,False
Emergent_boundary_cascade_33cb56,Emergent_boundary_constraint_90bf41,0.8304635520537242,20792.88,20793.22,True,False
Emergent_boundary_cascade_33cb56,Emergent_boundary_bounded_497fce,0.830463880615536,20792.88,20814.65,True,False
Emergent_boundary_cascade_33cb56,Emergent_boundary_collective_f3e61d,0.8304253278460236,20792.88,20862.03,True,False
Emergent_boundary_cascade_33cb56,Emergent_boundary_constraint_83de1c,0.830370732815823,20792.88,20931.63,True,False
Emergent_boundary_cascade_33cb56,Emergent_autonomy_boundary_945518,0.8305322534840494,20792.88,20956.2,True,False
Emergent_boundary_cascade_33cb56,Emergent_constraint_expression_f97ab0,0.830515497108127,20792.88,20978.3,True,False
Emergent_boundary_cascade_33cb56,Emergent_autonomy_bounded_72bafc,0.8304915594282376,20792.88,21000.33,True,False
Emergent_boundary_cascade_33cb56,Emergent_bounded_coherence_986ec1,0.8304915594282376,20792.88,21000.67,True,False
Emergent_boundary_cascade_33cb56,Emergent_appears_asymmetry_9e9e75,0.8304573627426814,20792.88,21024.36,True,False
Emergent_boundary_cascade_33cb56,Emergent_autonomy_boundary_053944,0.8293172535443722,20792.88,21138.39,True,False
Emergent_boundary_cascade_33cb56,Emergent_boundary_clarity_c73874,0.8253658318523547,20792.88,21183.76,True,False
Emergent_boundary_cascade_33cb56,Emergent_boundary_bounded_23b54b,0.826875561723073,20792.88,21207.4,True,False
Emergent_boundary_cascade_33cb56,Emergent_collective_contradiction_a82072,0.8328332577168667,20792.88,21229.28,True,False
Emergent_boundary_cascade_33cb56,Emergent_clarity_complexity_55022a,0.8261544759387691,20792.88,21251.27,True,False
Emergent_boundary_cascade_33cb56,Emergent_boundary_carefully_38337d,0.8262208586128126,20792.88,21270.45,True,False
Emergent_boundary_cascade_33cb56,Emergent_boundary_carefully_98ec82,0.8315882831846015,20792.88,21313.15,True,False
Emergent_boundary_cascade_33cb56,Emergent_clarity_cognition_198e32,0.8291176541846015,20792.88,21334.45,True,False
Emergent_boundary_cascade_33cb56,Emergent_clarity_cognition_8dcbb2,0.8291176541846015,20792.88,21334.79,True,False
Emergent_boundary_cascade_33cb56,Emergent_boundary_bounded_d6917c,0.8121425841846015,20792.88,21403.84,True,False
Emergent_boundary_cascade_33cb56,Emergent_complexity_concept_0be476,0.9,20792.88,21548.74,True,False
Emergent_boundary_constraint_90bf41,Emergent_boundary_bounded_497fce,0.8432925685631627,20793.22,20814.65,True,False
Emergent_boundary_constraint_90bf41,Emergent_boundary_collective_f3e61d,0.8700094846050759,20793.22,20862.03,True,False
Emergent_boundary_constraint_90bf41,Emergent_boundary_constraint_83de1c,0.8480771537792451,20793.22,20931.63,True,False
Emergent_boundary_constraint_90bf41,Emergent_autonomy_boundary_945518,0.8483868519127975,20793.22,20956.2,True,False
Emergent_boundary_constraint_90bf41,Emergent_constraint_expression_f97ab0,0.8668275691556748,20793.22,20978.3,True,False
Emergent_boundary_constraint_90bf41,Emergent_autonomy_bounded_72bafc,0.8404774873389635,20793.22,21000.33,True,False
Emergent_boundary_constraint_90bf41,Emergent_bounded_coherence_986ec1,0.8635587782051404,20793.22,21000.67,True,False
Emergent_boundary_constraint_90bf41,Emergent_appears_asymmetry_9e9e75,0.8573860958006396,20793.22,21024.36,True,False
Emergent_boundary_constraint_90bf41,Emergent_autonomy_boundary_053944,0.8500447019681538,20793.22,21138.39,True,False
Emergent_boundary_constraint_90bf41,Emergent_boundary_clarity_c73874,0.8393486576666049,20793.22,21183.76,True,False
Emergent_boundary_constraint_90bf41,Emergent_boundary_bounded_23b54b,0.8335186722998555,20793.22,21207.4,True,False
Emergent_boundary_constraint_90bf41,Emergent_collective_contradiction_a82072,0.8478732125620727,20793.22,21229.28,True,False
Emergent_boundary_constraint_90bf41,Emergent_clarity_complexity_55022a,0.8628447253335694,20793.22,21251.27,True,False
Emergent_boundary_constraint_90bf41,Emergent_boundary_carefully_38337d,0.8580005107532149,20793.22,21270.45,True,False
Emergent_boundary_constraint_90bf41,Emergent_boundary_carefully_98ec82,0.8463063127578327,20793.22,21313.15,True,False
Emergent_boundary_constraint_90bf41,Emergent_clarity_cognition_198e32,0.8582451694611359,20793.22,21334.45,True,False
Emergent_boundary_constraint_90bf41,Emergent_clarity_cognition_8dcbb2,0.8425244273105186,20793.22,21334.79,True,False
Emergent_boundary_constraint_90bf41,Emergent_boundary_bounded_d6917c,0.8272654949908957,20793.22,21403.84,True,False
Emergent_boundary_constraint_90bf41,Emergent_complexity_concept_0be476,0.9,20793.22,21548.74,True,False
Emergent_boundary_bounded_497fce,Emergent_boundary_collective_f3e61d,0.8432557526262885,20814.65,20862.03,True,False
Emergent_boundary_bounded_497fce,Emergent_boundary_constraint_83de1c,0.8431991276026114,20814.65,20931.63,True,False
Emergent_boundary_bounded_497fce,Emergent_autonomy_boundary_945518,0.8433573801746002,20814.65,20956.2,True,False
Emergent_boundary_bounded_497fce,Emergent_constraint_expression_f97ab0,0.8433406237986776,20814.65,20978.3,True,False
Emergent_boundary_bounded_497fce,Emergent_autonomy_bounded_72bafc,0.8404774873389635,20814.65,21000.33,True,False
Emergent_boundary_bounded_497fce,Emergent_bounded_coherence_986ec1,0.8433166861187884,20814.65,21000.67,True,False
Emergent_boundary_bounded_497fce,Emergent_appears_asymmetry_9e9e75,0.8432824894332323,20814.65,21024.36,True,False
Emergent_boundary_bounded_497fce,Emergent_autonomy_boundary_053944,0.8422459849294943,20814.65,21138.39,True,False
Emergent_boundary_bounded_497fce,Emergent_boundary_clarity_c73874,0.8381305777119139,20814.65,21183.76,True,False
Emergent_boundary_bounded_497fce,Emergent_boundary_bounded_23b54b,0.8335186722998555,20814.65,21207.4,True,False
Emergent_boundary_bounded_497fce,Emergent_collective_contradiction_a82072,0.8454155456936276,20814.65,21229.28,True,False
Emergent_boundary_bounded_497fce,Emergent_clarity_complexity_55022a,0.8391981303017415,20814.65,21251.27,True,False
Emergent_boundary_bounded_497fce,Emergent_boundary_carefully_38337d,0.8392672678823832,20814.65,21270.45,True,False
Emergent_boundary_bounded_497fce,Emergent_boundary_carefully_98ec82,0.8439244009251321,20814.65,21313.15,True,False
Emergent_boundary_bounded_497fce,Emergent_clarity_cognition_198e32,0.8414537719251323,20814.65,21334.45,True,False
Emergent_boundary_bounded_497fce,Emergent_clarity_cognition_8dcbb2,0.8414537719251323,20814.65,21334.79,True,False
Emergent_boundary_bounded_497fce,Emergent_boundary_bounded_d6917c,0.8244787019251323,20814.65,21403.84,True,False
Emergent_boundary_bounded_497fce,Emergent_complexity_concept_0be476,0.9,20814.65,21548.74,True,False
Emergent_boundary_collective_f3e61d,Emergent_boundary_constraint_83de1c,0.848076404468467,20862.03,20931.63,True,False
Emergent_boundary_collective_f3e61d,Emergent_autonomy_boundary_945518,0.8483868519127975,20862.03,20956.2,True,False
Emergent_boundary_collective_f3e61d,Emergent_constraint_expression_f97ab0,0.8668275691556748,20862.03,20978.3,True,False
Emergent_boundary_collective_f3e61d,Emergent_autonomy_bounded_72bafc,0.8404774873389635,20862.03,21000.33,True,False
Emergent_boundary_collective_f3e61d,Emergent_bounded_coherence_986ec1,0.8635587782051404,20862.03,21000.67,True,False
Emergent_boundary_collective_f3e61d,Emergent_appears_asymmetry_9e9e75,0.8573860958006396,20862.03,21024.36,True,False
Emergent_boundary_collective_f3e61d,Emergent_autonomy_boundary_053944,0.8500447019681538,20862.03,21138.39,True,False
Emergent_boundary_collective_f3e61d,Emergent_boundary_clarity_c73874,0.8393486576666049,20862.03,21183.76,True,False
Emergent_boundary_collective_f3e61d,Emergent_boundary_bounded_23b54b,0.8335186722998555,20862.03,21207.4,True,False
Emergent_boundary_collective_f3e61d,Emergent_collective_contradiction_a82072,0.8478732125620727,20862.03,21229.28,True,False
Emergent_boundary_collective_f3e61d,Emergent_clarity_complexity_55022a,0.8628447253335694,20862.03,21251.27,True,False
Emergent_boundary_collective_f3e61d,Emergent_boundary_carefully_38337d,0.8580005107532149,20862.03,21270.45,True,False
Emergent_boundary_collective_f3e61d,Emergent_boundary_carefully_98ec82,0.8463063127578327,20862.03,21313.15,True,False
Emergent_boundary_collective_f3e61d,Emergent_clarity_cognition_198e32,0.8582451694611359,20862.03,21334.45,True,False
Emergent_boundary_collective_f3e61d,Emergent_clarity_cognition_8dcbb2,0.8425244273105186,20862.03,21334.79,True,False
Emergent_boundary_collective_f3e61d,Emergent_boundary_bounded_d6917c,0.8272654949908957,20862.03,21403.84,True,False
Emergent_boundary_collective_f3e61d,Emergent_complexity_concept_0be476,0.9,20862.03,21548.74,True,False
Emergent_boundary_constraint_83de1c,Emergent_autonomy_boundary_945518,0.8482152302411781,20931.63,20956.2,True,False
Emergent_boundary_constraint_83de1c,Emergent_constraint_expression_f97ab0,0.8482174071310578,20931.63,20978.3,True,False
Emergent_boundary_constraint_83de1c,Emergent_autonomy_bounded_72bafc,0.8404774873389635,20931.63,21000.33,True,False
Emergent_boundary_constraint_83de1c,Emergent_bounded_coherence_986ec1,0.8481934694511684,20931.63,21000.67,True,False
Emergent_boundary_constraint_83de1c,Emergent_appears_asymmetry_9e9e75,0.8481592727656124,20931.63,21024.36,True,False
Emergent_boundary_constraint_83de1c,Emergent_autonomy_boundary_053944,0.8471627310529743,20931.63,21138.39,True,False
Emergent_boundary_constraint_83de1c,Emergent_boundary_clarity_c73874,0.8393486576666049,20931.63,21183.76,True,False
Emergent_boundary_constraint_83de1c,Emergent_boundary_bounded_23b54b,0.8335186722998555,20931.63,21207.4,True,False
Emergent_boundary_constraint_83de1c,Emergent_collective_contradiction_a82072,0.8478732125620727,20931.63,21229.28,True,False
Emergent_boundary_constraint_83de1c,Emergent_clarity_complexity_55022a,0.8441585811854961,20931.63,21251.27,True,False
Emergent_boundary_constraint_83de1c,Emergent_boundary_carefully_38337d,0.8442287664463728,20931.63,21270.45,True,False
Emergent_boundary_constraint_83de1c,Emergent_boundary_carefully_98ec82,0.8463063127578327,20931.63,21313.15,True,False
Emergent_boundary_constraint_83de1c,Emergent_clarity_cognition_198e32,0.8461451493907779,20931.63,21334.45,True,False
Emergent_boundary_constraint_83de1c,Emergent_clarity_cognition_8dcbb2,0.8425244273105186,20931.63,21334.79,True,False
Emergent_boundary_constraint_83de1c,Emergent_boundary_bounded_d6917c,0.8272654949908957,20931.63,21403.84,True,False
Emergent_boundary_constraint_83de1c,Emergent_complexity_concept_0be476,0.9,20931.63,21548.74,True,False
Emergent_autonomy_boundary_945518,Emergent_constraint_expression_f97ab0,0.8483700955368749,20956.2,20978.3,True,False
Emergent_autonomy_boundary_945518,Emergent_autonomy_bounded_72bafc,0.8404774873389635,20956.2,21000.33,True,False
Emergent_autonomy_boundary_945518,Emergent_bounded_coherence_986ec1,0.8483461578569855,20956.2,21000.67,True,False
Emergent_autonomy_boundary_945518,Emergent_appears_asymmetry_9e9e75,0.8483119611714296,20956.2,21024.36,True,False
Emergent_autonomy_boundary_945518,Emergent_autonomy_boundary_053944,0.8473171242857069,20956.2,21138.39,True,False
Emergent_autonomy_boundary_945518,Emergent_boundary_clarity_c73874,0.8393486576666049,20956.2,21183.76,True,False
Emergent_autonomy_boundary_945518,Emergent_boundary_bounded_23b54b,0.8335186722998555,20956.2,21207.4,True,False
Emergent_autonomy_boundary_945518,Emergent_collective_contradiction_a82072,0.8478732125620727,20956.2,21229.28,True,False
Emergent_autonomy_boundary_945518,Emergent_clarity_complexity_55022a,0.844314346813519,20956.2,21251.27,True,False
Emergent_autonomy_boundary_945518,Emergent_boundary_carefully_38337d,0.844384564973133,20956.2,21270.45,True,False
Emergent_autonomy_boundary_945518,Emergent_boundary_carefully_98ec82,0.8463063127578327,20956.2,21313.15,True,False
Emergent_autonomy_boundary_945518,Emergent_clarity_cognition_198e32,0.8462924657082564,20956.2,21334.45,True,False
Emergent_autonomy_boundary_945518,Emergent_clarity_cognition_8dcbb2,0.8425244273105186,20956.2,21334.79,True,False
Emergent_autonomy_boundary_945518,Emergent_boundary_bounded_d6917c,0.8272654949908957,20956.2,21403.84,True,False
Emergent_autonomy_boundary_945518,Emergent_complexity_concept_0be476,0.9,20956.2,21548.74,True,False
Emergent_constraint_expression_f97ab0,Emergent_autonomy_bounded_72bafc,0.8404774873389635,20978.3,21000.33,True,False
Emergent_constraint_expression_f97ab0,Emergent_bounded_coherence_986ec1,0.8635587782051404,20978.3,21000.67,True,False
Emergent_constraint_expression_f97ab0,Emergent_appears_asymmetry_9e9e75,0.8573860958006396,20978.3,21024.36,True,False
Emergent_constraint_expression_f97ab0,Emergent_autonomy_boundary_053944,0.8500447019681538,20978.3,21138.39,True,False
Emergent_constraint_expression_f97ab0,Emergent_boundary_clarity_c73874,0.8393486576666049,20978.3,21183.76,True,False
Emergent_constraint_expression_f97ab0,Emergent_boundary_bounded_23b54b,0.8335186722998555,20978.3,21207.4,True,False
Emergent_constraint_expression_f97ab0,Emergent_collective_contradiction_a82072,0.8478732125620727,20978.3,21229.28,True,False
Emergent_constraint_expression_f97ab0,Emergent_clarity_complexity_55022a,0.8628447253335694,20978.3,21251.27,True,False
Emergent_constraint_expression_f97ab0,Emergent_boundary_carefully_38337d,0.8580005107532149,20978.3,21270.45,True,False
Emergent_constraint_expression_f97ab0,Emergent_boundary_carefully_98ec82,0.8463063127578327,20978.3,21313.15,True,False
Emergent_constraint_expression_f97ab0,Emergent_clarity_cognition_198e32,0.8582451694611359,20978.3,21334.45,True,False
Emergent_constraint_expression_f97ab0,Emergent_clarity_cognition_8dcbb2,0.8425244273105186,20978.3,21334.79,True,False
Emergent_constraint_expression_f97ab0,Emergent_boundary_bounded_d6917c,0.8272654949908957,20978.3,21403.84,True,False
Emergent_constraint_expression_f97ab0,Emergent_complexity_concept_0be476,0.9,20978.3,21548.74,True,False
Emergent_autonomy_bounded_72bafc,Emergent_bounded_coherence_986ec1,0.8403976950726662,21000.33,21000.67,True,False
Emergent_autonomy_bounded_72bafc,Emergent_appears_asymmetry_9e9e75,0.8404432906534076,21000.33,21024.36,True,False
Emergent_autonomy_bounded_72bafc,Emergent_autonomy_boundary_053944,0.8393838503666939,21000.33,21138.39,True,False
Emergent_autonomy_bounded_72bafc,Emergent_boundary_clarity_c73874,0.8353047459097271,21000.33,21183.76,True,False
Emergent_autonomy_bounded_72bafc,Emergent_boundary_bounded_23b54b,0.8335186722998555,21000.33,21207.4,True,False
Emergent_autonomy_bounded_72bafc,Emergent_collective_contradiction_a82072,0.8426301060225059,21000.33,21229.28,True,False
Emergent_autonomy_bounded_72bafc,Emergent_clarity_complexity_55022a,0.8363105543389175,21000.33,21251.27,True,False
Emergent_autonomy_bounded_72bafc,Emergent_boundary_carefully_38337d,0.8363790820443009,21000.33,21270.45,True,False
Emergent_autonomy_bounded_72bafc,Emergent_boundary_carefully_98ec82,0.8411934578879383,21000.33,21313.15,True,False
Emergent_autonomy_bounded_72bafc,Emergent_clarity_cognition_198e32,0.8387228288879385,21000.33,21334.45,True,False
Emergent_autonomy_bounded_72bafc,Emergent_clarity_cognition_8dcbb2,0.8387228288879385,21000.33,21334.79,True,False
Emergent_autonomy_bounded_72bafc,Emergent_boundary_bounded_d6917c,0.8217477588879385,21000.33,21403.84,True,False
Emergent_autonomy_bounded_72bafc,Emergent_complexity_concept_0be476,0.9,21000.33,21548.74,True,False
Emergent_bounded_coherence_986ec1,Emergent_appears_asymmetry_9e9e75,0.8573860958006396,21000.67,21024.36,True,False
Emergent_bounded_coherence_986ec1,Emergent_autonomy_boundary_053944,0.8500447019681538,21000.67,21138.39,True,False
Emergent_bounded_coherence_986ec1,Emergent_boundary_clarity_c73874,0.8393486576666049,21000.67,21183.76,True,False
Emergent_bounded_coherence_986ec1,Emergent_boundary_bounded_23b54b,0.8335186722998555,21000.67,21207.4,True,False
Emergent_bounded_coherence_986ec1,Emergent_collective_contradiction_a82072,0.8478732125620727,21000.67,21229.28,True,False
Emergent_bounded_coherence_986ec1,Emergent_clarity_complexity_55022a,0.8598335563417367,21000.67,21251.27,True,False
Emergent_bounded_coherence_986ec1,Emergent_boundary_carefully_38337d,0.8580005107532149,21000.67,21270.45,True,False
Emergent_bounded_coherence_986ec1,Emergent_boundary_carefully_98ec82,0.8463063127578327,21000.67,21313.15,True,False
Emergent_bounded_coherence_986ec1,Emergent_clarity_cognition_198e32,0.8582451694611359,21000.67,21334.45,True,False
Emergent_bounded_coherence_986ec1,Emergent_clarity_cognition_8dcbb2,0.8425244273105186,21000.67,21334.79,True,False
Emergent_bounded_coherence_986ec1,Emergent_boundary_bounded_d6917c,0.8272654949908957,21000.67,21403.84,True,False
Emergent_bounded_coherence_986ec1,Emergent_complexity_concept_0be476,0.9,21000.67,21548.74,True,False
Emergent_appears_asymmetry_9e9e75,Emergent_autonomy_boundary_053944,0.8500447019681538,21024.36,21138.39,True,False
Emergent_appears_asymmetry_9e9e75,Emergent_boundary_clarity_c73874,0.8393486576666049,21024.36,21183.76,True,False
Emergent_appears_asymmetry_9e9e75,Emergent_boundary_bounded_23b54b,0.8335186722998555,21024.36,21207.4,True,False
Emergent_appears_asymmetry_9e9e75,Emergent_collective_contradiction_a82072,0.8478732125620727,21024.36,21229.28,True,False
Emergent_appears_asymmetry_9e9e75,Emergent_clarity_complexity_55022a,0.8535713579907587,21024.36,21251.27,True,False
Emergent_appears_asymmetry_9e9e75,Emergent_boundary_carefully_38337d,0.8536435312927324,21024.36,21270.45,True,False
Emergent_appears_asymmetry_9e9e75,Emergent_boundary_carefully_98ec82,0.8463063127578327,21024.36,21313.15,True,False
Emergent_appears_asymmetry_9e9e75,Emergent_clarity_cognition_198e32,0.8550473419591951,21024.36,21334.45,True,False
Emergent_appears_asymmetry_9e9e75,Emergent_clarity_cognition_8dcbb2,0.8425244273105186,21024.36,21334.79,True,False
Emergent_appears_asymmetry_9e9e75,Emergent_boundary_bounded_d6917c,0.8272654949908957,21024.36,21403.84,True,False
Emergent_appears_asymmetry_9e9e75,Emergent_complexity_concept_0be476,0.9,21024.36,21548.74,True,False
Emergent_autonomy_boundary_053944,Emergent_boundary_clarity_c73874,0.8391289366204218,21138.39,21183.76,True,False
Emergent_autonomy_boundary_053944,Emergent_boundary_bounded_23b54b,0.8335186722998555,21138.39,21207.4,True,False
Emergent_autonomy_boundary_053944,Emergent_collective_contradiction_a82072,0.8478732125620727,21138.39,21229.28,True,False
Emergent_autonomy_boundary_053944,Emergent_clarity_complexity_55022a,0.8470661698252446,21138.39,21251.27,True,False
Emergent_autonomy_boundary_053944,Emergent_boundary_carefully_38337d,0.84713696918819,21138.39,21270.45,True,False
Emergent_autonomy_boundary_053944,Emergent_boundary_carefully_98ec82,0.8463063127578327,21138.39,21313.15,True,False
Emergent_autonomy_boundary_053944,Emergent_clarity_cognition_198e32,0.8488950195424116,21138.39,21334.45,True,False
Emergent_autonomy_boundary_053944,Emergent_clarity_cognition_8dcbb2,0.8425244273105186,21138.39,21334.79,True,False
Emergent_autonomy_boundary_053944,Emergent_boundary_bounded_d6917c,0.8272654949908957,21138.39,21403.84,True,False
Emergent_autonomy_boundary_053944,Emergent_complexity_concept_0be476,0.9,21138.39,21548.74,True,False
Emergent_boundary_clarity_c73874,Emergent_boundary_bounded_23b54b,0.8326084054381517,21183.76,21207.4,True,False
Emergent_boundary_clarity_c73874,Emergent_collective_contradiction_a82072,0.8466162145465186,21183.76,21229.28,True,False
Emergent_boundary_clarity_c73874,Emergent_clarity_complexity_55022a,0.840442825189541,21183.76,21251.27,True,False
Emergent_boundary_clarity_c73874,Emergent_boundary_carefully_38337d,0.8405122256580255,21183.76,21270.45,True,False
Emergent_boundary_clarity_c73874,Emergent_boundary_carefully_98ec82,0.8451015789045273,21183.76,21313.15,True,False
Emergent_boundary_clarity_c73874,Emergent_clarity_cognition_198e32,0.8426309499045272,21183.76,21334.45,True,False
Emergent_boundary_clarity_c73874,Emergent_clarity_cognition_8dcbb2,0.8425244273105186,21183.76,21334.79,True,False
Emergent_boundary_clarity_c73874,Emergent_boundary_bounded_d6917c,0.8256558799045275,21183.76,21403.84,True,False
Emergent_boundary_clarity_c73874,Emergent_complexity_concept_0be476,0.9,21183.76,21548.74,True,False
Emergent_boundary_bounded_23b54b,Emergent_collective_contradiction_a82072,0.8388646839773009,21207.4,21229.28,True,False
Emergent_boundary_bounded_23b54b,Emergent_clarity_complexity_55022a,0.8329064244097066,21207.4,21251.27,True,False
Emergent_boundary_bounded_23b54b,Emergent_boundary_carefully_38337d,0.832974233140197,21207.4,21270.45,True,False
Emergent_boundary_bounded_23b54b,Emergent_boundary_carefully_98ec82,0.8379739807044568,21207.4,21313.15,True,False
Emergent_boundary_bounded_23b54b,Emergent_clarity_cognition_198e32,0.8355033517044568,21207.4,21334.45,True,False
Emergent_boundary_bounded_23b54b,Emergent_clarity_cognition_8dcbb2,0.8355033517044568,21207.4,21334.79,True,False
Emergent_boundary_bounded_23b54b,Emergent_boundary_bounded_d6917c,0.8185282817044568,21207.4,21403.84,True,False
Emergent_boundary_bounded_23b54b,Emergent_complexity_concept_0be476,0.9,21207.4,21548.74,True,False
Emergent_collective_contradiction_a82072,Emergent_clarity_complexity_55022a,0.8417459147134903,21229.28,21251.27,True,False
Emergent_collective_contradiction_a82072,Emergent_boundary_carefully_38337d,0.8418155904031535,21229.28,21270.45,True,False
Emergent_collective_contradiction_a82072,Emergent_boundary_carefully_98ec82,0.8463063127578327,21229.28,21313.15,True,False
Emergent_collective_contradiction_a82072,Emergent_clarity_cognition_198e32,0.8438633549764927,21229.28,21334.45,True,False
Emergent_collective_contradiction_a82072,Emergent_clarity_cognition_8dcbb2,0.8425244273105186,21229.28,21334.79,True,False
Emergent_collective_contradiction_a82072,Emergent_boundary_bounded_d6917c,0.8268882849764927,21229.28,21403.84,True,False
Emergent_collective_contradiction_a82072,Emergent_complexity_concept_0be476,0.9,21229.28,21548.74,True,False
Emergent_clarity_complexity_55022a,Emergent_boundary_carefully_38337d,0.8550015706204406,21251.27,21270.45,True,False
Emergent_clarity_complexity_55022a,Emergent_boundary_carefully_98ec82,0.8463063127578327,21251.27,21313.15,True,False
Emergent_clarity_complexity_55022a,Emergent_clarity_cognition_198e32,0.8582451694611359,21251.27,21334.45,True,False
Emergent_clarity_complexity_55022a,Emergent_clarity_cognition_8dcbb2,0.8425244273105186,21251.27,21334.79,True,False
Emergent_clarity_complexity_55022a,Emergent_boundary_bounded_d6917c,0.8272654949908957,21251.27,21403.84,True,False
Emergent_clarity_complexity_55022a,Emergent_complexity_concept_0be476,0.9,21251.27,21548.74,True,False
Emergent_boundary_carefully_38337d,Emergent_boundary_carefully_98ec82,0.8463063127578327,21270.45,21313.15,True,False
Emergent_boundary_carefully_38337d,Emergent_clarity_cognition_198e32,0.8582451694611359,21270.45,21334.45,True,False
Emergent_boundary_carefully_38337d,Emergent_clarity_cognition_8dcbb2,0.8425244273105186,21270.45,21334.79,True,False
Emergent_boundary_carefully_38337d,Emergent_boundary_bounded_d6917c,0.8272654949908957,21270.45,21403.84,True,False
Emergent_boundary_carefully_38337d,Emergent_complexity_concept_0be476,0.9,21270.45,21548.74,True,False
Emergent_boundary_carefully_98ec82,Emergent_clarity_cognition_198e32,0.8438356837578329,21313.15,21334.45,True,False
Emergent_boundary_carefully_98ec82,Emergent_clarity_cognition_8dcbb2,0.8425244273105186,21313.15,21334.79,True,False
Emergent_boundary_carefully_98ec82,Emergent_boundary_bounded_d6917c,0.8268606137578329,21313.15,21403.84,True,False
Emergent_boundary_carefully_98ec82,Emergent_complexity_concept_0be476,0.9,21313.15,21548.74,True,False
Emergent_clarity_cognition_198e32,Emergent_clarity_cognition_8dcbb2,0.8342889973105188,21334.45,21334.79,True,False
Emergent_clarity_cognition_198e32,Emergent_boundary_bounded_d6917c,0.8272654949908957,21334.45,21403.84,True,False
Emergent_clarity_cognition_198e32,Emergent_complexity_concept_0be476,0.9,21334.45,21548.74,True,False
Emergent_clarity_cognition_8dcbb2,Emergent_boundary_bounded_d6917c,0.8255493573105188,21334.79,21403.84,True,False
Emergent_clarity_cognition_8dcbb2,Emergent_complexity_concept_0be476,0.9,21334.79,21548.74,True,False
Emergent_boundary_bounded_d6917c,Emergent_complexity_concept_0be476,0.9,21403.84,21548.74,True,False
