source,target,weight,src_ts,dst_ts,is_older_to_newer,is_newer_to_older
Emergent_attention_awareness_75d325,Emergent_anticipation_awareness_450e7c,0.9921724525656339,70008.45,70008.79,True,False
Emergent_attention_awareness_75d325,Emergent_abstraction_ambiguity_a83b10,0.9921724525280755,70008.45,70020.05,True,False
Emergent_attention_awareness_75d325,Emergent_ambiguity_analogy_5808ce,0.9921724525274169,70008.45,70020.39,True,False
Emergent_attention_awareness_75d325,Emergent_ambiguity_analogy_8651fe,0.9921724525769438,70008.45,70045.71,True,False
Emergent_attention_awareness_75d325,Emergent_ambiguity_bounded_3894a5,0.9921724525662752,70008.45,70055.97,True,False
Emergent_attention_awareness_75d325,Emergent_analogy_anticipation_3cf9e4,0.991497412154154,70008.45,70070.53,True,False
Emergent_attention_awareness_75d325,Emergent_abstraction_attention_a50540,0.9921724521559543,70008.45,70081.7,True,False
Emergent_attention_awareness_75d325,Emergent_carefully_coherence_6373e7,0.9921360280365741,70008.45,70082.04,True,False
Emergent_attention_awareness_75d325,Emergent_anticipation_boundary_a5dcee,0.9921724521491155,70008.45,70091.93,True,False
Emergent_attention_awareness_75d325,Emergent_constraint_contradiction_8d2c9c,0.9918523697050721,70008.45,70104.93,True,False
Emergent_attention_awareness_75d325,Emergent_bounded_coherence_a2e9f5,0.9921724527774582,70008.45,70120.61,True,False
Emergent_attention_awareness_75d325,Emergent_appears_asymmetry_8ccc17,0.9921724519115342,70008.45,70135.74,True,False
Emergent_attention_awareness_75d325,Emergent_abstraction_appears_ce8722,0.9921724528710738,70008.45,70147.95,True,False
Emergent_attention_awareness_75d325,Emergent_abstraction_carefully_a0ed61,0.9921724494810134,70008.45,70162.34,True,False
Emergent_attention_awareness_75d325,Emergent_abstraction_autonomy_c124af,0.9921724538966175,70008.45,70176.85,True,False
Emergent_attention_awareness_75d325,Emergent_autonomy_carefully_dedeae,0.9921724538966175,70008.45,70177.19,True,False
Emergent_attention_awareness_75d325,Emergent_abstraction_ambiguity_353967,0.99217245351894,70008.45,70192.29,True,False
Emergent_attention_awareness_75d325,Emergent_appears_asymmetry_8dba4c,0.9921724528894771,70008.45,70208.37,True,False
Emergent_attention_awareness_75d325,Emergent_appears_asymmetry_9e9e75,0.9914774201715757,70008.45,70221.09,True,False
Emergent_attention_awareness_75d325,Emergent_bounded_contradiction_d8e7d7,0.992172448424598,70008.45,70234.0,True,False
Emergent_attention_awareness_75d325,Emergent_attention_bounded_c919d0,0.9921724485423644,70008.45,70234.34,True,False
Emergent_attention_awareness_75d325,Emergent_autonomy_collective_461851,0.9921724525822033,70008.45,70250.32,True,False
Emergent_attention_awareness_75d325,Emergent_constraint_coupling_2bd0bf,0.9921724554393183,70008.45,70298.87,True,False
Emergent_attention_awareness_75d325,Emergent_abstraction_bounded_77e339,0.9921724522291111,70008.45,70315.5,True,False
Emergent_attention_awareness_75d325,Emergent_abstraction_analogy_1639a2,0.9921724476431009,70008.45,70332.51,True,False
Emergent_attention_awareness_75d325,Emergent_analogy_appears_18b183,0.9921724476431009,70008.45,70332.85,True,False
Emergent_attention_awareness_75d325,Emergent_analogy_constraint_75e1d0,0.9921724410916577,70008.45,70349.24,True,False
Emergent_attention_awareness_75d325,Emergent_belief_revision_clarity_6ff780,0.9921724301725858,70008.45,70364.52,True,False
Emergent_attention_awareness_75d325,Emergent_abstraction_analogy_a99238,0.9917419623274277,70008.45,70379.98,True,False
Emergent_attention_awareness_75d325,Emergent_analogy_autonomy_581819,0.9914732625458726,70008.45,70395.88,True,False
Emergent_attention_awareness_75d325,Emergent_autonomy_collective_b1eda1,0.9920752517764291,70008.45,70410.14,True,False
Emergent_attention_awareness_75d325,Emergent_belief_revision_bounded_6c1d78,0.9921721095078697,70008.45,70441.27,True,False
Emergent_attention_awareness_75d325,Emergent_abstraction_attention_ca8b9f,0.9917121149771431,70008.45,70473.6,True,False
Emergent_attention_awareness_75d325,Emergent_analogy_autonomy_2771b0,0.9921724919781323,70008.45,70492.35,True,False
Emergent_attention_awareness_75d325,Emergent_analogy_autonomy_a3a02c,0.9921725143005902,70008.45,70509.74,True,False
Emergent_attention_awareness_75d325,Emergent_analogy_attention_3c3dd6,0.9919152984218316,70008.45,70527.58,True,False
Emergent_attention_awareness_75d325,Emergent_appears_asymmetry_ecd8f7,0.9921712864336023,70008.45,70580.54,True,False
Emergent_attention_awareness_75d325,Emergent_analogy_autonomy_2be585,0.9917323977392107,70008.45,70628.87,True,False
Emergent_attention_awareness_75d325,Emergent_analogy_autonomy_fb4c5a,0.9921724812984274,70008.45,70646.8,True,False
Emergent_attention_awareness_75d325,Emergent_abstraction_contradiction_5c7672,0.9921715153267008,70008.45,70663.94,True,False
Emergent_attention_awareness_75d325,Emergent_anticipation_contradiction_81226c,0.9921715153267008,70008.45,70664.28,True,False
Emergent_attention_awareness_75d325,Emergent_feedback_identity_129d8f,0.9921678658889925,70008.45,70717.68,True,False
Emergent_attention_awareness_75d325,Emergent_abstraction_analogy_82c26e,0.9921371301410176,70008.45,70737.2,True,False
Emergent_attention_awareness_75d325,Emergent_analogy_bounded_185c87,0.992023585576117,70008.45,70812.14,True,False
Emergent_attention_awareness_75d325,Emergent_attention_carefully_f521e2,0.9922196876812417,70008.45,70867.72,True,False
Emergent_attention_awareness_75d325,Emergent_carefully_cognition_d8aefa,0.9922196876812417,70008.45,70868.06,True,False
Emergent_attention_awareness_75d325,Emergent_bounded_contradiction_fc87f1,0.9921854909956855,70008.45,70884.61,True,False
Emergent_attention_awareness_75d325,Emergent_autonomy_carefully_659b9f,0.9911014766592059,70008.45,70905.03,True,False
Emergent_attention_awareness_75d325,Emergent_anticipation_appears_dac47e,0.9915998514374269,70008.45,70924.61,True,False
Emergent_attention_awareness_75d325,Emergent_analogy_chaos_1ab952,0.991953097921753,70008.45,70963.32,True,False
Emergent_attention_awareness_75d325,Emergent_autonomy_bounded_72bafc,0.9917251192440026,70008.45,70983.91,True,False
Emergent_attention_awareness_75d325,Emergent_analogy_anticipation_7d7764,0.9884788312320607,70008.45,71003.07,True,False
Emergent_attention_awareness_75d325,Emergent_analogy_chaos_8f3c3f,0.9883025381859329,70008.45,71003.41,True,False
Emergent_attention_awareness_75d325,Emergent_analogy_anticipation_138cb7,0.9922615496287215,70008.45,71041.6,True,False
Emergent_attention_awareness_75d325,Emergent_autonomy_bounded_94d9e2,0.9915203465248656,70008.45,71062.84,True,False
Emergent_attention_awareness_75d325,Emergent_autonomy_clarity_d6bec2,0.9768071996179746,70008.45,71084.59,True,False
Emergent_attention_awareness_75d325,Emergent_anticipation_autonomy_573275,0.9777023603987733,70008.45,71084.93,True,False
Emergent_attention_awareness_75d325,Emergent_anticipation_autonomy_a66f28,0.9931015359333248,70008.45,71104.44,True,False
Emergent_attention_awareness_75d325,Emergent_abstraction_attention_9ebe0c,0.9942351989999998,70008.45,71122.94,True,False
Emergent_attention_awareness_75d325,Emergent_anticipation_bounded_6c16c4,0.9942351989999998,70008.45,71123.28,True,False
Emergent_attention_awareness_75d325,Emergent_autonomy_coherence_a41799,0.9882350999999998,70008.45,71183.34,True,False
Emergent_anticipation_awareness_450e7c,Emergent_abstraction_ambiguity_a83b10,0.993109620624391,70008.79,70020.05,True,False
Emergent_anticipation_awareness_450e7c,Emergent_ambiguity_analogy_5808ce,0.9924493599950373,70008.79,70020.39,True,False
Emergent_anticipation_awareness_450e7c,Emergent_ambiguity_analogy_8651fe,0.9927310045980691,70008.79,70045.71,True,False
Emergent_anticipation_awareness_450e7c,Emergent_ambiguity_bounded_3894a5,0.9931096206583749,70008.79,70055.97,True,False
Emergent_anticipation_awareness_450e7c,Emergent_analogy_anticipation_3cf9e4,0.991497412154154,70008.79,70070.53,True,False
Emergent_anticipation_awareness_450e7c,Emergent_abstraction_attention_a50540,0.9925978565315323,70008.79,70081.7,True,False
Emergent_anticipation_awareness_450e7c,Emergent_carefully_coherence_6373e7,0.9921360280365741,70008.79,70082.04,True,False
Emergent_anticipation_awareness_450e7c,Emergent_anticipation_boundary_a5dcee,0.99310962024759,70008.79,70091.93,True,False
Emergent_anticipation_awareness_450e7c,Emergent_constraint_contradiction_8d2c9c,0.9918523697050721,70008.79,70104.93,True,False
Emergent_anticipation_awareness_450e7c,Emergent_bounded_coherence_a2e9f5,0.9930339274752644,70008.79,70120.61,True,False
Emergent_anticipation_awareness_450e7c,Emergent_appears_asymmetry_8ccc17,0.993062638497122,70008.79,70135.74,True,False
Emergent_anticipation_awareness_450e7c,Emergent_abstraction_appears_ce8722,0.9931034163680856,70008.79,70147.95,True,False
Emergent_anticipation_awareness_450e7c,Emergent_abstraction_carefully_a0ed61,0.9930808381175236,70008.79,70162.34,True,False
Emergent_anticipation_awareness_450e7c,Emergent_abstraction_autonomy_c124af,0.9931096219026674,70008.79,70176.85,True,False
Emergent_anticipation_awareness_450e7c,Emergent_autonomy_carefully_dedeae,0.9931096219026674,70008.79,70177.19,True,False
Emergent_anticipation_awareness_450e7c,Emergent_abstraction_ambiguity_353967,0.9921734869847942,70008.79,70192.29,True,False
Emergent_anticipation_awareness_450e7c,Emergent_appears_asymmetry_8dba4c,0.9929724187978082,70008.79,70208.37,True,False
Emergent_anticipation_awareness_450e7c,Emergent_appears_asymmetry_9e9e75,0.9914774201715757,70008.79,70221.09,True,False
Emergent_anticipation_awareness_450e7c,Emergent_bounded_contradiction_d8e7d7,0.992902632573142,70008.79,70234.0,True,False
Emergent_anticipation_awareness_450e7c,Emergent_attention_bounded_c919d0,0.9931096174591114,70008.79,70234.34,True,False
Emergent_anticipation_awareness_450e7c,Emergent_autonomy_collective_461851,0.9930607917798264,70008.79,70250.32,True,False
Emergent_anticipation_awareness_450e7c,Emergent_constraint_coupling_2bd0bf,0.9922362263469788,70008.79,70298.87,True,False
Emergent_anticipation_awareness_450e7c,Emergent_abstraction_bounded_77e339,0.9930609029082176,70008.79,70315.5,True,False
Emergent_anticipation_awareness_450e7c,Emergent_abstraction_analogy_1639a2,0.9923356850150515,70008.79,70332.51,True,False
Emergent_anticipation_awareness_450e7c,Emergent_analogy_appears_18b183,0.9931096144643226,70008.79,70332.85,True,False
Emergent_anticipation_awareness_450e7c,Emergent_analogy_constraint_75e1d0,0.9931096079128794,70008.79,70349.24,True,False
Emergent_anticipation_awareness_450e7c,Emergent_belief_revision_clarity_6ff780,0.992498300294508,70008.79,70364.52,True,False
Emergent_anticipation_awareness_450e7c,Emergent_abstraction_analogy_a99238,0.9917419623274277,70008.79,70379.98,True,False
Emergent_anticipation_awareness_450e7c,Emergent_analogy_autonomy_581819,0.9914732625458726,70008.79,70395.88,True,False
Emergent_anticipation_awareness_450e7c,Emergent_autonomy_collective_b1eda1,0.9920752517764291,70008.79,70410.14,True,False
Emergent_anticipation_awareness_450e7c,Emergent_belief_revision_bounded_6c1d78,0.9931092845568867,70008.79,70441.27,True,False
Emergent_anticipation_awareness_450e7c,Emergent_abstraction_attention_ca8b9f,0.9917121149771431,70008.79,70473.6,True,False
Emergent_anticipation_awareness_450e7c,Emergent_analogy_autonomy_2771b0,0.9931097035998335,70008.79,70492.35,True,False
Emergent_anticipation_awareness_450e7c,Emergent_analogy_autonomy_a3a02c,0.993109624047908,70008.79,70509.74,True,False
Emergent_anticipation_awareness_450e7c,Emergent_analogy_attention_3c3dd6,0.9919152984218316,70008.79,70527.58,True,False
Emergent_anticipation_awareness_450e7c,Emergent_appears_asymmetry_ecd8f7,0.9921902286607727,70008.79,70580.54,True,False
Emergent_anticipation_awareness_450e7c,Emergent_analogy_autonomy_2be585,0.9917323977392107,70008.79,70628.87,True,False
Emergent_anticipation_awareness_450e7c,Emergent_analogy_autonomy_fb4c5a,0.9931088510767234,70008.79,70646.8,True,False
Emergent_anticipation_awareness_450e7c,Emergent_abstraction_contradiction_5c7672,0.9931078851049966,70008.79,70663.94,True,False
Emergent_anticipation_awareness_450e7c,Emergent_anticipation_contradiction_81226c,0.9931078851049966,70008.79,70664.28,True,False
Emergent_anticipation_awareness_450e7c,Emergent_feedback_identity_129d8f,0.9930711851208971,70008.79,70717.68,True,False
Emergent_anticipation_awareness_450e7c,Emergent_abstraction_analogy_82c26e,0.9930757299645789,70008.79,70737.2,True,False
Emergent_anticipation_awareness_450e7c,Emergent_analogy_bounded_185c87,0.992185543030436,70008.79,70812.14,True,False
Emergent_anticipation_awareness_450e7c,Emergent_attention_carefully_f521e2,0.9925161586264051,70008.79,70867.72,True,False
Emergent_anticipation_awareness_450e7c,Emergent_carefully_cognition_d8aefa,0.9927481278330719,70008.79,70868.06,True,False
Emergent_anticipation_awareness_450e7c,Emergent_bounded_contradiction_fc87f1,0.9928649226504147,70008.79,70884.61,True,False
Emergent_anticipation_awareness_450e7c,Emergent_autonomy_carefully_659b9f,0.9911014766592059,70008.79,70905.03,True,False
Emergent_anticipation_awareness_450e7c,Emergent_anticipation_appears_dac47e,0.9915998514374269,70008.79,70924.61,True,False
Emergent_anticipation_awareness_450e7c,Emergent_analogy_chaos_1ab952,0.9920492664010572,70008.79,70963.32,True,False
Emergent_anticipation_awareness_450e7c,Emergent_autonomy_bounded_72bafc,0.9926237035699981,70008.79,70983.91,True,False
Emergent_anticipation_awareness_450e7c,Emergent_analogy_anticipation_7d7764,0.9884788312320607,70008.79,71003.07,True,False
Emergent_anticipation_awareness_450e7c,Emergent_analogy_chaos_8f3c3f,0.9883025381859329,70008.79,71003.41,True,False
Emergent_anticipation_awareness_450e7c,Emergent_analogy_anticipation_138cb7,0.9923621431951903,70008.79,71041.6,True,False
Emergent_anticipation_awareness_450e7c,Emergent_autonomy_bounded_94d9e2,0.9922070332778996,70008.79,71062.84,True,False
Emergent_anticipation_awareness_450e7c,Emergent_autonomy_clarity_d6bec2,0.9768071996179746,70008.79,71084.59,True,False
Emergent_anticipation_awareness_450e7c,Emergent_anticipation_autonomy_573275,0.978581199905405,70008.79,71084.93,True,False
Emergent_anticipation_awareness_450e7c,Emergent_anticipation_autonomy_a66f28,0.9931015359333248,70008.79,71104.44,True,False
Emergent_anticipation_awareness_450e7c,Emergent_abstraction_attention_9ebe0c,0.9942351989999998,70008.79,71122.94,True,False
Emergent_anticipation_awareness_450e7c,Emergent_anticipation_bounded_6c16c4,0.9942351989999998,70008.79,71123.28,True,False
Emergent_anticipation_awareness_450e7c,Emergent_autonomy_coherence_a41799,0.9882350999999998,70008.79,71183.34,True,False
Emergent_abstraction_ambiguity_a83b10,Emergent_ambiguity_analogy_5808ce,0.9924493599848803,70020.05,70020.39,True,False
Emergent_abstraction_ambiguity_a83b10,Emergent_ambiguity_analogy_8651fe,0.9927310045980691,70020.05,70045.71,True,False
Emergent_abstraction_ambiguity_a83b10,Emergent_ambiguity_bounded_3894a5,0.9931868527988916,70020.05,70055.97,True,False
Emergent_abstraction_ambiguity_a83b10,Emergent_analogy_anticipation_3cf9e4,0.991497412154154,70020.05,70070.53,True,False
Emergent_abstraction_ambiguity_a83b10,Emergent_abstraction_attention_a50540,0.9925978565315323,70020.05,70081.7,True,False
Emergent_abstraction_ambiguity_a83b10,Emergent_carefully_coherence_6373e7,0.9921360280365741,70020.05,70082.04,True,False
Emergent_abstraction_ambiguity_a83b10,Emergent_anticipation_boundary_a5dcee,0.9931868523894181,70020.05,70091.93,True,False
Emergent_abstraction_ambiguity_a83b10,Emergent_constraint_contradiction_8d2c9c,0.9918523697050721,70020.05,70104.93,True,False
Emergent_abstraction_ambiguity_a83b10,Emergent_bounded_coherence_a2e9f5,0.9930339274752644,70020.05,70120.61,True,False
Emergent_abstraction_ambiguity_a83b10,Emergent_appears_asymmetry_8ccc17,0.993062638497122,70020.05,70135.74,True,False
Emergent_abstraction_ambiguity_a83b10,Emergent_abstraction_appears_ce8722,0.9931034163680856,70020.05,70147.95,True,False
Emergent_abstraction_ambiguity_a83b10,Emergent_abstraction_carefully_a0ed61,0.9930808381175236,70020.05,70162.34,True,False
Emergent_abstraction_ambiguity_a83b10,Emergent_abstraction_autonomy_c124af,0.9931868540254796,70020.05,70176.85,True,False
Emergent_abstraction_ambiguity_a83b10,Emergent_autonomy_carefully_dedeae,0.9931868540254796,70020.05,70177.19,True,False
Emergent_abstraction_ambiguity_a83b10,Emergent_abstraction_ambiguity_353967,0.9921734869847942,70020.05,70192.29,True,False
Emergent_abstraction_ambiguity_a83b10,Emergent_appears_asymmetry_8dba4c,0.9929724187978082,70020.05,70208.37,True,False
Emergent_abstraction_ambiguity_a83b10,Emergent_appears_asymmetry_9e9e75,0.9914774201715757,70020.05,70221.09,True,False
Emergent_abstraction_ambiguity_a83b10,Emergent_bounded_contradiction_d8e7d7,0.992902632573142,70020.05,70234.0,True,False
Emergent_abstraction_ambiguity_a83b10,Emergent_attention_bounded_c919d0,0.9931868497692964,70020.05,70234.34,True,False
Emergent_abstraction_ambiguity_a83b10,Emergent_autonomy_collective_461851,0.9930607917798264,70020.05,70250.32,True,False
Emergent_abstraction_ambiguity_a83b10,Emergent_constraint_coupling_2bd0bf,0.9922362263469788,70020.05,70298.87,True,False
Emergent_abstraction_ambiguity_a83b10,Emergent_abstraction_bounded_77e339,0.9930609029082176,70020.05,70315.5,True,False
Emergent_abstraction_ambiguity_a83b10,Emergent_abstraction_analogy_1639a2,0.9923356850150515,70020.05,70332.51,True,False
Emergent_abstraction_ambiguity_a83b10,Emergent_analogy_appears_18b183,0.9931868463433602,70020.05,70332.85,True,False
Emergent_abstraction_ambiguity_a83b10,Emergent_analogy_constraint_75e1d0,0.9931662410136419,70020.05,70349.24,True,False
Emergent_abstraction_ambiguity_a83b10,Emergent_belief_revision_clarity_6ff780,0.992498300294508,70020.05,70364.52,True,False
Emergent_abstraction_ambiguity_a83b10,Emergent_abstraction_analogy_a99238,0.9917419623274277,70020.05,70379.98,True,False
Emergent_abstraction_ambiguity_a83b10,Emergent_analogy_autonomy_581819,0.9914732625458726,70020.05,70395.88,True,False
Emergent_abstraction_ambiguity_a83b10,Emergent_autonomy_collective_b1eda1,0.9920752517764291,70020.05,70410.14,True,False
Emergent_abstraction_ambiguity_a83b10,Emergent_belief_revision_bounded_6c1d78,0.9931699255669444,70020.05,70441.27,True,False
Emergent_abstraction_ambiguity_a83b10,Emergent_abstraction_attention_ca8b9f,0.9917121149771431,70020.05,70473.6,True,False
Emergent_abstraction_ambiguity_a83b10,Emergent_analogy_autonomy_2771b0,0.9931243311746545,70020.05,70492.35,True,False
Emergent_abstraction_ambiguity_a83b10,Emergent_analogy_autonomy_a3a02c,0.9931144981420246,70020.05,70509.74,True,False
Emergent_abstraction_ambiguity_a83b10,Emergent_analogy_attention_3c3dd6,0.9919152984218316,70020.05,70527.58,True,False
Emergent_abstraction_ambiguity_a83b10,Emergent_appears_asymmetry_ecd8f7,0.9921902286607727,70020.05,70580.54,True,False
Emergent_abstraction_ambiguity_a83b10,Emergent_analogy_autonomy_2be585,0.9917323977392107,70020.05,70628.87,True,False
Emergent_abstraction_ambiguity_a83b10,Emergent_analogy_autonomy_fb4c5a,0.9931859342212879,70020.05,70646.8,True,False
Emergent_abstraction_ambiguity_a83b10,Emergent_abstraction_contradiction_5c7672,0.9931801817399728,70020.05,70663.94,True,False
Emergent_abstraction_ambiguity_a83b10,Emergent_anticipation_contradiction_81226c,0.9931849682495613,70020.05,70664.28,True,False
Emergent_abstraction_ambiguity_a83b10,Emergent_feedback_identity_129d8f,0.9930711851208971,70020.05,70717.68,True,False
Emergent_abstraction_ambiguity_a83b10,Emergent_abstraction_analogy_82c26e,0.9931532719336138,70020.05,70737.2,True,False
Emergent_abstraction_ambiguity_a83b10,Emergent_analogy_bounded_185c87,0.992185543030436,70020.05,70812.14,True,False
Emergent_abstraction_ambiguity_a83b10,Emergent_attention_carefully_f521e2,0.9925161586264051,70020.05,70867.72,True,False
Emergent_abstraction_ambiguity_a83b10,Emergent_carefully_cognition_d8aefa,0.9927481278330719,70020.05,70868.06,True,False
Emergent_abstraction_ambiguity_a83b10,Emergent_bounded_contradiction_fc87f1,0.9928649226504147,70020.05,70884.61,True,False
Emergent_abstraction_ambiguity_a83b10,Emergent_autonomy_carefully_659b9f,0.9911014766592059,70020.05,70905.03,True,False
Emergent_abstraction_ambiguity_a83b10,Emergent_anticipation_appears_dac47e,0.9915998514374269,70020.05,70924.61,True,False
Emergent_abstraction_ambiguity_a83b10,Emergent_analogy_chaos_1ab952,0.9920492664010572,70020.05,70963.32,True,False
Emergent_abstraction_ambiguity_a83b10,Emergent_autonomy_bounded_72bafc,0.9926930124821722,70020.05,70983.91,True,False
Emergent_abstraction_ambiguity_a83b10,Emergent_analogy_anticipation_7d7764,0.9884788312320607,70020.05,71003.07,True,False
Emergent_abstraction_ambiguity_a83b10,Emergent_analogy_chaos_8f3c3f,0.9883025381859329,70020.05,71003.41,True,False
Emergent_abstraction_ambiguity_a83b10,Emergent_analogy_anticipation_138cb7,0.9923621431951903,70020.05,71041.6,True,False
Emergent_abstraction_ambiguity_a83b10,Emergent_autonomy_bounded_94d9e2,0.9922070332778996,70020.05,71062.84,True,False
Emergent_abstraction_ambiguity_a83b10,Emergent_autonomy_clarity_d6bec2,0.9768071996179746,70020.05,71084.59,True,False
Emergent_abstraction_ambiguity_a83b10,Emergent_anticipation_autonomy_573275,0.978581199905405,70020.05,71084.93,True,False
Emergent_abstraction_ambiguity_a83b10,Emergent_anticipation_autonomy_a66f28,0.9931015359333248,70020.05,71104.44,True,False
Emergent_abstraction_ambiguity_a83b10,Emergent_abstraction_attention_9ebe0c,0.9942351989999998,70020.05,71122.94,True,False
Emergent_abstraction_ambiguity_a83b10,Emergent_anticipation_bounded_6c16c4,0.9942351989999998,70020.05,71123.28,True,False
Emergent_abstraction_ambiguity_a83b10,Emergent_autonomy_coherence_a41799,0.9882350999999998,70020.05,71183.34,True,False
Emergent_ambiguity_analogy_5808ce,Emergent_ambiguity_analogy_8651fe,0.9924493600433693,70020.39,70045.71,True,False
Emergent_ambiguity_analogy_5808ce,Emergent_ambiguity_bounded_3894a5,0.9924493600327009,70020.39,70055.97,True,False
Emergent_ambiguity_analogy_5808ce,Emergent_analogy_anticipation_3cf9e4,0.991497412154154,70020.39,70070.53,True,False
Emergent_ambiguity_analogy_5808ce,Emergent_abstraction_attention_a50540,0.992449359623653,70020.39,70081.7,True,False
Emergent_ambiguity_analogy_5808ce,Emergent_carefully_coherence_6373e7,0.9921360280365741,70020.39,70082.04,True,False
Emergent_ambiguity_analogy_5808ce,Emergent_anticipation_boundary_a5dcee,0.9924493596169308,70020.39,70091.93,True,False
Emergent_ambiguity_analogy_5808ce,Emergent_constraint_contradiction_8d2c9c,0.9918523697050721,70020.39,70104.93,True,False
Emergent_ambiguity_analogy_5808ce,Emergent_bounded_coherence_a2e9f5,0.9924493602414923,70020.39,70120.61,True,False
Emergent_ambiguity_analogy_5808ce,Emergent_appears_asymmetry_8ccc17,0.9924493593932162,70020.39,70135.74,True,False
Emergent_ambiguity_analogy_5808ce,Emergent_abstraction_appears_ce8722,0.9924493603250886,70020.39,70147.95,True,False
Emergent_ambiguity_analogy_5808ce,Emergent_abstraction_carefully_a0ed61,0.9924493569465369,70020.39,70162.34,True,False
Emergent_ambiguity_analogy_5808ce,Emergent_abstraction_autonomy_c124af,0.9924493613442853,70020.39,70176.85,True,False
Emergent_ambiguity_analogy_5808ce,Emergent_autonomy_carefully_dedeae,0.9924493613442853,70020.39,70177.19,True,False
Emergent_ambiguity_analogy_5808ce,Emergent_abstraction_ambiguity_353967,0.9921734869847942,70020.39,70192.29,True,False
Emergent_ambiguity_analogy_5808ce,Emergent_appears_asymmetry_8dba4c,0.9924493603371449,70020.39,70208.37,True,False
Emergent_ambiguity_analogy_5808ce,Emergent_appears_asymmetry_9e9e75,0.9914774201715757,70020.39,70221.09,True,False
Emergent_ambiguity_analogy_5808ce,Emergent_bounded_contradiction_d8e7d7,0.9924493560687979,70020.39,70234.0,True,False
Emergent_ambiguity_analogy_5808ce,Emergent_attention_bounded_c919d0,0.9924493561885543,70020.39,70234.34,True,False
Emergent_ambiguity_analogy_5808ce,Emergent_autonomy_collective_461851,0.9924493599245532,70020.39,70250.32,True,False
Emergent_ambiguity_analogy_5808ce,Emergent_constraint_coupling_2bd0bf,0.9922362263469788,70020.39,70298.87,True,False
Emergent_ambiguity_analogy_5808ce,Emergent_abstraction_bounded_77e339,0.9924493594184987,70020.39,70315.5,True,False
Emergent_ambiguity_analogy_5808ce,Emergent_abstraction_analogy_1639a2,0.9923356850150515,70020.39,70332.51,True,False
Emergent_ambiguity_analogy_5808ce,Emergent_analogy_appears_18b183,0.9924493548324884,70020.39,70332.85,True,False
Emergent_ambiguity_analogy_5808ce,Emergent_analogy_constraint_75e1d0,0.9924493482810453,70020.39,70349.24,True,False
Emergent_ambiguity_analogy_5808ce,Emergent_belief_revision_clarity_6ff780,0.9924493373619734,70020.39,70364.52,True,False
Emergent_ambiguity_analogy_5808ce,Emergent_abstraction_analogy_a99238,0.9917419623274277,70020.39,70379.98,True,False
Emergent_ambiguity_analogy_5808ce,Emergent_analogy_autonomy_581819,0.9914732625458726,70020.39,70395.88,True,False
Emergent_ambiguity_analogy_5808ce,Emergent_autonomy_collective_b1eda1,0.9920752517764291,70020.39,70410.14,True,False
Emergent_ambiguity_analogy_5808ce,Emergent_belief_revision_bounded_6c1d78,0.9924490184908297,70020.39,70441.27,True,False
Emergent_ambiguity_analogy_5808ce,Emergent_abstraction_attention_ca8b9f,0.9917121149771431,70020.39,70473.6,True,False
Emergent_ambiguity_analogy_5808ce,Emergent_analogy_autonomy_2771b0,0.9924494117993186,70020.39,70492.35,True,False
Emergent_ambiguity_analogy_5808ce,Emergent_analogy_autonomy_a3a02c,0.9924494076155865,70020.39,70509.74,True,False
Emergent_ambiguity_analogy_5808ce,Emergent_analogy_attention_3c3dd6,0.9919152984218316,70020.39,70527.58,True,False
Emergent_ambiguity_analogy_5808ce,Emergent_appears_asymmetry_ecd8f7,0.9921902286607727,70020.39,70580.54,True,False
Emergent_ambiguity_analogy_5808ce,Emergent_analogy_autonomy_2be585,0.9917323977392107,70020.39,70628.87,True,False
Emergent_ambiguity_analogy_5808ce,Emergent_analogy_autonomy_fb4c5a,0.9924492133080025,70020.39,70646.8,True,False
Emergent_ambiguity_analogy_5808ce,Emergent_abstraction_contradiction_5c7672,0.9924482473362757,70020.39,70663.94,True,False
Emergent_ambiguity_analogy_5808ce,Emergent_anticipation_contradiction_81226c,0.9924482473362757,70020.39,70664.28,True,False
Emergent_ambiguity_analogy_5808ce,Emergent_feedback_identity_129d8f,0.9924445928615266,70020.39,70717.68,True,False
Emergent_ambiguity_analogy_5808ce,Emergent_abstraction_analogy_82c26e,0.9924143482768761,70020.39,70737.2,True,False
Emergent_ambiguity_analogy_5808ce,Emergent_analogy_bounded_185c87,0.992185543030436,70020.39,70812.14,True,False
Emergent_ambiguity_analogy_5808ce,Emergent_attention_carefully_f521e2,0.9924946823914751,70020.39,70867.72,True,False
Emergent_ambiguity_analogy_5808ce,Emergent_carefully_cognition_d8aefa,0.9924946823914751,70020.39,70868.06,True,False
Emergent_ambiguity_analogy_5808ce,Emergent_bounded_contradiction_fc87f1,0.9924604857059189,70020.39,70884.61,True,False
Emergent_ambiguity_analogy_5808ce,Emergent_autonomy_carefully_659b9f,0.9911014766592059,70020.39,70905.03,True,False
Emergent_ambiguity_analogy_5808ce,Emergent_anticipation_appears_dac47e,0.9915998514374269,70020.39,70924.61,True,False
Emergent_ambiguity_analogy_5808ce,Emergent_analogy_chaos_1ab952,0.9920492664010572,70020.39,70963.32,True,False
Emergent_ambiguity_analogy_5808ce,Emergent_autonomy_bounded_72bafc,0.9919936144245838,70020.39,70983.91,True,False
Emergent_ambiguity_analogy_5808ce,Emergent_analogy_anticipation_7d7764,0.9884788312320607,70020.39,71003.07,True,False
Emergent_ambiguity_analogy_5808ce,Emergent_analogy_chaos_8f3c3f,0.9883025381859329,70020.39,71003.41,True,False
Emergent_ambiguity_analogy_5808ce,Emergent_analogy_anticipation_138cb7,0.9923621431951903,70020.39,71041.6,True,False
Emergent_ambiguity_analogy_5808ce,Emergent_autonomy_bounded_94d9e2,0.991758219074937,70020.39,71062.84,True,False
Emergent_ambiguity_analogy_5808ce,Emergent_autonomy_clarity_d6bec2,0.9768071996179746,70020.39,71084.59,True,False
Emergent_ambiguity_analogy_5808ce,Emergent_anticipation_autonomy_573275,0.978007447420544,70020.39,71084.93,True,False
Emergent_ambiguity_analogy_5808ce,Emergent_anticipation_autonomy_a66f28,0.9931015359333248,70020.39,71104.44,True,False
Emergent_ambiguity_analogy_5808ce,Emergent_abstraction_attention_9ebe0c,0.9942351989999998,70020.39,71122.94,True,False
Emergent_ambiguity_analogy_5808ce,Emergent_anticipation_bounded_6c16c4,0.9942351989999998,70020.39,71123.28,True,False
Emergent_ambiguity_analogy_5808ce,Emergent_autonomy_coherence_a41799,0.9882350999999998,70020.39,71183.34,True,False
Emergent_ambiguity_analogy_8651fe,Emergent_ambiguity_bounded_3894a5,0.9927310045874005,70045.71,70055.97,True,False
Emergent_ambiguity_analogy_8651fe,Emergent_analogy_anticipation_3cf9e4,0.991497412154154,70045.71,70070.53,True,False
Emergent_ambiguity_analogy_8651fe,Emergent_abstraction_attention_a50540,0.9925978565315323,70045.71,70081.7,True,False
Emergent_ambiguity_analogy_8651fe,Emergent_carefully_coherence_6373e7,0.9921360280365741,70045.71,70082.04,True,False
Emergent_ambiguity_analogy_8651fe,Emergent_anticipation_boundary_a5dcee,0.9927310041730439,70045.71,70091.93,True,False
Emergent_ambiguity_analogy_8651fe,Emergent_constraint_contradiction_8d2c9c,0.9918523697050721,70045.71,70104.93,True,False
Emergent_ambiguity_analogy_8651fe,Emergent_bounded_coherence_a2e9f5,0.9927310047937592,70045.71,70120.61,True,False
Emergent_ambiguity_analogy_8651fe,Emergent_appears_asymmetry_8ccc17,0.9927310039634334,70045.71,70135.74,True,False
Emergent_ambiguity_analogy_8651fe,Emergent_abstraction_appears_ce8722,0.9927310048671649,70045.71,70147.95,True,False
Emergent_ambiguity_analogy_8651fe,Emergent_abstraction_carefully_a0ed61,0.9927310015003186,70045.71,70162.34,True,False
Emergent_ambiguity_analogy_8651fe,Emergent_abstraction_autonomy_c124af,0.9927310058799059,70045.71,70176.85,True,False
Emergent_ambiguity_analogy_8651fe,Emergent_autonomy_carefully_dedeae,0.9927310058799059,70045.71,70177.19,True,False
Emergent_ambiguity_analogy_8651fe,Emergent_abstraction_ambiguity_353967,0.9921734869847942,70045.71,70192.29,True,False
Emergent_ambiguity_analogy_8651fe,Emergent_appears_asymmetry_8dba4c,0.9927310048727656,70045.71,70208.37,True,False
Emergent_ambiguity_analogy_8651fe,Emergent_appears_asymmetry_9e9e75,0.9914774201715757,70045.71,70221.09,True,False
Emergent_ambiguity_analogy_8651fe,Emergent_bounded_contradiction_d8e7d7,0.9927310008043133,70045.71,70234.0,True,False
Emergent_ambiguity_analogy_8651fe,Emergent_attention_bounded_c919d0,0.9927310009260939,70045.71,70234.34,True,False
Emergent_ambiguity_analogy_8651fe,Emergent_autonomy_collective_461851,0.9927310043530542,70045.71,70250.32,True,False
Emergent_ambiguity_analogy_8651fe,Emergent_constraint_coupling_2bd0bf,0.9922362263469788,70045.71,70298.87,True,False
Emergent_ambiguity_analogy_8651fe,Emergent_abstraction_bounded_77e339,0.992731003691421,70045.71,70315.5,True,False
Emergent_ambiguity_analogy_8651fe,Emergent_abstraction_analogy_1639a2,0.9923356850150515,70045.71,70332.51,True,False
Emergent_ambiguity_analogy_8651fe,Emergent_analogy_appears_18b183,0.992730999105411,70045.71,70332.85,True,False
Emergent_ambiguity_analogy_8651fe,Emergent_analogy_constraint_75e1d0,0.9927309925539678,70045.71,70349.24,True,False
Emergent_ambiguity_analogy_8651fe,Emergent_belief_revision_clarity_6ff780,0.992498300294508,70045.71,70364.52,True,False
Emergent_ambiguity_analogy_8651fe,Emergent_abstraction_analogy_a99238,0.9917419623274277,70045.71,70379.98,True,False
Emergent_ambiguity_analogy_8651fe,Emergent_analogy_autonomy_581819,0.9914732625458726,70045.71,70395.88,True,False
Emergent_ambiguity_analogy_8651fe,Emergent_autonomy_collective_b1eda1,0.9920752517764291,70045.71,70410.14,True,False
Emergent_ambiguity_analogy_8651fe,Emergent_belief_revision_bounded_6c1d78,0.9927306645880072,70045.71,70441.27,True,False
Emergent_ambiguity_analogy_8651fe,Emergent_abstraction_attention_ca8b9f,0.9917121149771431,70045.71,70473.6,True,False
Emergent_ambiguity_analogy_8651fe,Emergent_analogy_autonomy_2771b0,0.9927310689201334,70045.71,70492.35,True,False
Emergent_ambiguity_analogy_8651fe,Emergent_analogy_autonomy_a3a02c,0.9927310377767664,70045.71,70509.74,True,False
Emergent_ambiguity_analogy_8651fe,Emergent_analogy_attention_3c3dd6,0.9919152984218316,70045.71,70527.58,True,False
Emergent_ambiguity_analogy_8651fe,Emergent_appears_asymmetry_ecd8f7,0.9921902286607727,70045.71,70580.54,True,False
Emergent_ambiguity_analogy_8651fe,Emergent_analogy_autonomy_2be585,0.9917323977392107,70045.71,70628.87,True,False
Emergent_ambiguity_analogy_8651fe,Emergent_analogy_autonomy_fb4c5a,0.9927306794042907,70045.71,70646.8,True,False
Emergent_ambiguity_analogy_8651fe,Emergent_abstraction_contradiction_5c7672,0.9927297134325641,70045.71,70663.94,True,False
Emergent_ambiguity_analogy_8651fe,Emergent_anticipation_contradiction_81226c,0.9927297134325641,70045.71,70664.28,True,False
Emergent_ambiguity_analogy_8651fe,Emergent_feedback_identity_129d8f,0.992726053834605,70045.71,70717.68,True,False
Emergent_ambiguity_analogy_8651fe,Emergent_abstraction_analogy_82c26e,0.9926963088156671,70045.71,70737.2,True,False
Emergent_ambiguity_analogy_8651fe,Emergent_analogy_bounded_185c87,0.992185543030436,70045.71,70812.14,True,False
Emergent_ambiguity_analogy_8651fe,Emergent_attention_carefully_f521e2,0.9925161586264051,70045.71,70867.72,True,False
Emergent_ambiguity_analogy_8651fe,Emergent_carefully_cognition_d8aefa,0.9927481278330719,70045.71,70868.06,True,False
Emergent_ambiguity_analogy_8651fe,Emergent_bounded_contradiction_fc87f1,0.9927401847826833,70045.71,70884.61,True,False
Emergent_ambiguity_analogy_8651fe,Emergent_autonomy_carefully_659b9f,0.9911014766592059,70045.71,70905.03,True,False
Emergent_ambiguity_analogy_8651fe,Emergent_anticipation_appears_dac47e,0.9915998514374269,70045.71,70924.61,True,False
Emergent_ambiguity_analogy_8651fe,Emergent_analogy_chaos_1ab952,0.9920492664010572,70045.71,70963.32,True,False
Emergent_ambiguity_analogy_8651fe,Emergent_autonomy_bounded_72bafc,0.992266702783485,70045.71,70983.91,True,False
Emergent_ambiguity_analogy_8651fe,Emergent_analogy_anticipation_7d7764,0.9884788312320607,70045.71,71003.07,True,False
Emergent_ambiguity_analogy_8651fe,Emergent_analogy_chaos_8f3c3f,0.9883025381859329,70045.71,71003.41,True,False
Emergent_ambiguity_analogy_8651fe,Emergent_analogy_anticipation_138cb7,0.9923621431951903,70045.71,71041.6,True,False
Emergent_ambiguity_analogy_8651fe,Emergent_autonomy_bounded_94d9e2,0.9920001609384228,70045.71,71062.84,True,False
Emergent_ambiguity_analogy_8651fe,Emergent_autonomy_clarity_d6bec2,0.9768071996179746,70045.71,71084.59,True,False
Emergent_ambiguity_analogy_8651fe,Emergent_anticipation_autonomy_573275,0.9783177536015233,70045.71,71084.93,True,False
Emergent_ambiguity_analogy_8651fe,Emergent_anticipation_autonomy_a66f28,0.9931015359333248,70045.71,71104.44,True,False
Emergent_ambiguity_analogy_8651fe,Emergent_abstraction_attention_9ebe0c,0.9942351989999998,70045.71,71122.94,True,False
Emergent_ambiguity_analogy_8651fe,Emergent_anticipation_bounded_6c16c4,0.9942351989999998,70045.71,71123.28,True,False
Emergent_ambiguity_analogy_8651fe,Emergent_autonomy_coherence_a41799,0.9882350999999998,70045.71,71183.34,True,False
Emergent_ambiguity_bounded_3894a5,Emergent_analogy_anticipation_3cf9e4,0.991497412154154,70055.97,70070.53,True,False
Emergent_ambiguity_bounded_3894a5,Emergent_abstraction_attention_a50540,0.9925978565315323,70055.97,70081.7,True,False
Emergent_ambiguity_bounded_3894a5,Emergent_carefully_coherence_6373e7,0.9921360280365741,70055.97,70082.04,True,False
Emergent_ambiguity_bounded_3894a5,Emergent_anticipation_boundary_a5dcee,0.993234485203488,70055.97,70091.93,True,False
Emergent_ambiguity_bounded_3894a5,Emergent_constraint_contradiction_8d2c9c,0.9918523697050721,70055.97,70104.93,True,False
Emergent_ambiguity_bounded_3894a5,Emergent_bounded_coherence_a2e9f5,0.9930339274752644,70055.97,70120.61,True,False
Emergent_ambiguity_bounded_3894a5,Emergent_appears_asymmetry_8ccc17,0.993062638497122,70055.97,70135.74,True,False
Emergent_ambiguity_bounded_3894a5,Emergent_abstraction_appears_ce8722,0.9931034163680856,70055.97,70147.95,True,False
Emergent_ambiguity_bounded_3894a5,Emergent_abstraction_carefully_a0ed61,0.9930808381175236,70055.97,70162.34,True,False
Emergent_ambiguity_bounded_3894a5,Emergent_abstraction_autonomy_c124af,0.9932965963039952,70055.97,70176.85,True,False
Emergent_ambiguity_bounded_3894a5,Emergent_autonomy_carefully_dedeae,0.9932965963039952,70055.97,70177.19,True,False
Emergent_ambiguity_bounded_3894a5,Emergent_abstraction_ambiguity_353967,0.9921734869847942,70055.97,70192.29,True,False
Emergent_ambiguity_bounded_3894a5,Emergent_appears_asymmetry_8dba4c,0.9929724187978082,70055.97,70208.37,True,False
Emergent_ambiguity_bounded_3894a5,Emergent_appears_asymmetry_9e9e75,0.9914774201715757,70055.97,70221.09,True,False
Emergent_ambiguity_bounded_3894a5,Emergent_bounded_contradiction_d8e7d7,0.992902632573142,70055.97,70234.0,True,False
Emergent_ambiguity_bounded_3894a5,Emergent_attention_bounded_c919d0,0.9931876273949816,70055.97,70234.34,True,False
Emergent_ambiguity_bounded_3894a5,Emergent_autonomy_collective_461851,0.9930607917798264,70055.97,70250.32,True,False
Emergent_ambiguity_bounded_3894a5,Emergent_constraint_coupling_2bd0bf,0.9922362263469788,70055.97,70298.87,True,False
Emergent_ambiguity_bounded_3894a5,Emergent_abstraction_bounded_77e339,0.9930609029082176,70055.97,70315.5,True,False
Emergent_ambiguity_bounded_3894a5,Emergent_abstraction_analogy_1639a2,0.9923356850150515,70055.97,70332.51,True,False
Emergent_ambiguity_bounded_3894a5,Emergent_analogy_appears_18b183,0.9932965882753715,70055.97,70332.85,True,False
Emergent_ambiguity_bounded_3894a5,Emergent_analogy_constraint_75e1d0,0.9931662410136419,70055.97,70349.24,True,False
Emergent_ambiguity_bounded_3894a5,Emergent_belief_revision_clarity_6ff780,0.992498300294508,70055.97,70364.52,True,False
Emergent_ambiguity_bounded_3894a5,Emergent_abstraction_analogy_a99238,0.9917419623274277,70055.97,70379.98,True,False
Emergent_ambiguity_bounded_3894a5,Emergent_analogy_autonomy_581819,0.9914732625458726,70055.97,70395.88,True,False
Emergent_ambiguity_bounded_3894a5,Emergent_autonomy_collective_b1eda1,0.9920752517764291,70055.97,70410.14,True,False
Emergent_ambiguity_bounded_3894a5,Emergent_belief_revision_bounded_6c1d78,0.9931699255669444,70055.97,70441.27,True,False
Emergent_ambiguity_bounded_3894a5,Emergent_abstraction_attention_ca8b9f,0.9917121149771431,70055.97,70473.6,True,False
Emergent_ambiguity_bounded_3894a5,Emergent_analogy_autonomy_2771b0,0.9931243311746545,70055.97,70492.35,True,False
Emergent_ambiguity_bounded_3894a5,Emergent_analogy_autonomy_a3a02c,0.9931144981420246,70055.97,70509.74,True,False
Emergent_ambiguity_bounded_3894a5,Emergent_analogy_attention_3c3dd6,0.9919152984218316,70055.97,70527.58,True,False
Emergent_ambiguity_bounded_3894a5,Emergent_appears_asymmetry_ecd8f7,0.9921902286607727,70055.97,70580.54,True,False
Emergent_ambiguity_bounded_3894a5,Emergent_analogy_autonomy_2be585,0.9917323977392107,70055.97,70628.87,True,False
Emergent_ambiguity_bounded_3894a5,Emergent_analogy_autonomy_fb4c5a,0.9931930062179009,70055.97,70646.8,True,False
Emergent_ambiguity_bounded_3894a5,Emergent_abstraction_contradiction_5c7672,0.9931801817399728,70055.97,70663.94,True,False
Emergent_ambiguity_bounded_3894a5,Emergent_anticipation_contradiction_81226c,0.993294535269087,70055.97,70664.28,True,False
Emergent_ambiguity_bounded_3894a5,Emergent_feedback_identity_129d8f,0.9930711851208971,70055.97,70717.68,True,False
Emergent_ambiguity_bounded_3894a5,Emergent_abstraction_analogy_82c26e,0.9931630623410013,70055.97,70737.2,True,False
Emergent_ambiguity_bounded_3894a5,Emergent_analogy_bounded_185c87,0.992185543030436,70055.97,70812.14,True,False
Emergent_ambiguity_bounded_3894a5,Emergent_attention_carefully_f521e2,0.9925161586264051,70055.97,70867.72,True,False
Emergent_ambiguity_bounded_3894a5,Emergent_carefully_cognition_d8aefa,0.9927481278330719,70055.97,70868.06,True,False
Emergent_ambiguity_bounded_3894a5,Emergent_bounded_contradiction_fc87f1,0.9928649226504147,70055.97,70884.61,True,False
Emergent_ambiguity_bounded_3894a5,Emergent_autonomy_carefully_659b9f,0.9911014766592059,70055.97,70905.03,True,False
Emergent_ambiguity_bounded_3894a5,Emergent_anticipation_appears_dac47e,0.9915998514374269,70055.97,70924.61,True,False
Emergent_ambiguity_bounded_3894a5,Emergent_analogy_chaos_1ab952,0.9920492664010572,70055.97,70963.32,True,False
Emergent_ambiguity_bounded_3894a5,Emergent_autonomy_bounded_72bafc,0.9927023428936324,70055.97,70983.91,True,False
Emergent_ambiguity_bounded_3894a5,Emergent_analogy_anticipation_7d7764,0.9884788312320607,70055.97,71003.07,True,False
Emergent_ambiguity_bounded_3894a5,Emergent_analogy_chaos_8f3c3f,0.9883025381859329,70055.97,71003.41,True,False
Emergent_ambiguity_bounded_3894a5,Emergent_analogy_anticipation_138cb7,0.9923621431951903,70055.97,71041.6,True,False
Emergent_ambiguity_bounded_3894a5,Emergent_autonomy_bounded_94d9e2,0.9922070332778996,70055.97,71062.84,True,False
Emergent_ambiguity_bounded_3894a5,Emergent_autonomy_clarity_d6bec2,0.9768071996179746,70055.97,71084.59,True,False
Emergent_ambiguity_bounded_3894a5,Emergent_anticipation_autonomy_573275,0.978581199905405,70055.97,71084.93,True,False
Emergent_ambiguity_bounded_3894a5,Emergent_anticipation_autonomy_a66f28,0.9931015359333248,70055.97,71104.44,True,False
Emergent_ambiguity_bounded_3894a5,Emergent_abstraction_attention_9ebe0c,0.9942351989999998,70055.97,71122.94,True,False
Emergent_ambiguity_bounded_3894a5,Emergent_anticipation_bounded_6c16c4,0.9942351989999998,70055.97,71123.28,True,False
Emergent_ambiguity_bounded_3894a5,Emergent_autonomy_coherence_a41799,0.9882350999999998,70055.97,71183.34,True,False
Emergent_analogy_anticipation_3cf9e4,Emergent_abstraction_attention_a50540,0.9914974117475077,70070.53,70081.7,True,False
Emergent_analogy_anticipation_3cf9e4,Emergent_carefully_coherence_6373e7,0.9914974117461632,70070.53,70082.04,True,False
Emergent_analogy_anticipation_3cf9e4,Emergent_anticipation_boundary_a5dcee,0.991497411745945,70070.53,70091.93,True,False
Emergent_analogy_anticipation_3cf9e4,Emergent_constraint_contradiction_8d2c9c,0.9914974124591769,70070.53,70104.93,True,False
Emergent_analogy_anticipation_3cf9e4,Emergent_bounded_coherence_a2e9f5,0.9914974123928328,70070.53,70120.61,True,False
Emergent_analogy_anticipation_3cf9e4,Emergent_appears_asymmetry_8ccc17,0.9914974114838866,70070.53,70135.74,True,False
Emergent_analogy_anticipation_3cf9e4,Emergent_abstraction_appears_ce8722,0.9914974125108726,70070.53,70147.95,True,False
Emergent_analogy_anticipation_3cf9e4,Emergent_abstraction_carefully_a0ed61,0.9914974090927573,70070.53,70162.34,True,False
Emergent_analogy_anticipation_3cf9e4,Emergent_abstraction_autonomy_c124af,0.9914974135518895,70070.53,70176.85,True,False
Emergent_analogy_anticipation_3cf9e4,Emergent_autonomy_carefully_dedeae,0.9914974135518895,70070.53,70177.19,True,False
Emergent_analogy_anticipation_3cf9e4,Emergent_abstraction_ambiguity_353967,0.9914974131742118,70070.53,70192.29,True,False
Emergent_analogy_anticipation_3cf9e4,Emergent_appears_asymmetry_8dba4c,0.9914974125447491,70070.53,70208.37,True,False
Emergent_analogy_anticipation_3cf9e4,Emergent_appears_asymmetry_9e9e75,0.9914774201715757,70070.53,70221.09,True,False
Emergent_analogy_anticipation_3cf9e4,Emergent_bounded_contradiction_d8e7d7,0.9914974076007661,70070.53,70234.0,True,False
Emergent_analogy_anticipation_3cf9e4,Emergent_attention_bounded_c919d0,0.991497407713682,70070.53,70234.34,True,False
Emergent_analogy_anticipation_3cf9e4,Emergent_autonomy_collective_461851,0.9914974124942175,70070.53,70250.32,True,False
Emergent_analogy_anticipation_3cf9e4,Emergent_constraint_coupling_2bd0bf,0.9914974157242205,70070.53,70298.87,True,False
Emergent_analogy_anticipation_3cf9e4,Emergent_abstraction_bounded_77e339,0.9914974125140135,70070.53,70315.5,True,False
Emergent_analogy_anticipation_3cf9e4,Emergent_abstraction_analogy_1639a2,0.9914974079280032,70070.53,70332.51,True,False
Emergent_analogy_anticipation_3cf9e4,Emergent_analogy_appears_18b183,0.9914974079280032,70070.53,70332.85,True,False
Emergent_analogy_anticipation_3cf9e4,Emergent_analogy_constraint_75e1d0,0.9914974013765601,70070.53,70349.24,True,False
Emergent_analogy_anticipation_3cf9e4,Emergent_belief_revision_clarity_6ff780,0.9914973904574882,70070.53,70364.52,True,False
Emergent_analogy_anticipation_3cf9e4,Emergent_abstraction_analogy_a99238,0.9914973920173558,70070.53,70379.98,True,False
Emergent_analogy_anticipation_3cf9e4,Emergent_analogy_autonomy_581819,0.9914732625458726,70070.53,70395.88,True,False
Emergent_analogy_anticipation_3cf9e4,Emergent_autonomy_collective_b1eda1,0.9914973749714353,70070.53,70410.14,True,False
Emergent_analogy_anticipation_3cf9e4,Emergent_belief_revision_bounded_6c1d78,0.9914970654204316,70070.53,70441.27,True,False
Emergent_analogy_anticipation_3cf9e4,Emergent_abstraction_attention_ca8b9f,0.9914970330575625,70070.53,70473.6,True,False
Emergent_analogy_anticipation_3cf9e4,Emergent_analogy_autonomy_2771b0,0.9914974214694467,70070.53,70492.35,True,False
Emergent_analogy_anticipation_3cf9e4,Emergent_analogy_autonomy_a3a02c,0.9914975084082522,70070.53,70509.74,True,False
Emergent_analogy_anticipation_3cf9e4,Emergent_analogy_attention_3c3dd6,0.9914964001255011,70070.53,70527.58,True,False
Emergent_analogy_anticipation_3cf9e4,Emergent_appears_asymmetry_ecd8f7,0.9914961659408135,70070.53,70580.54,True,False
Emergent_analogy_anticipation_3cf9e4,Emergent_analogy_autonomy_2be585,0.991494637779053,70070.53,70628.87,True,False
Emergent_analogy_anticipation_3cf9e4,Emergent_analogy_autonomy_fb4c5a,0.9914978686337474,70070.53,70646.8,True,False
Emergent_analogy_anticipation_3cf9e4,Emergent_abstraction_contradiction_5c7672,0.9914969026620206,70070.53,70663.94,True,False
Emergent_analogy_anticipation_3cf9e4,Emergent_anticipation_contradiction_81226c,0.9914969026620206,70070.53,70664.28,True,False
Emergent_analogy_anticipation_3cf9e4,Emergent_feedback_identity_129d8f,0.9914932655035265,70070.53,70717.68,True,False
Emergent_analogy_anticipation_3cf9e4,Emergent_abstraction_analogy_82c26e,0.9914613324058132,70070.53,70737.2,True,False
Emergent_analogy_anticipation_3cf9e4,Emergent_analogy_bounded_185c87,0.9913484675385069,70070.53,70812.14,True,False
Emergent_analogy_anticipation_3cf9e4,Emergent_attention_carefully_f521e2,0.991549310175841,70070.53,70867.72,True,False
Emergent_analogy_anticipation_3cf9e4,Emergent_carefully_cognition_d8aefa,0.991549310175841,70070.53,70868.06,True,False
Emergent_analogy_anticipation_3cf9e4,Emergent_bounded_contradiction_fc87f1,0.9915151134902849,70070.53,70884.61,True,False
Emergent_analogy_anticipation_3cf9e4,Emergent_autonomy_carefully_659b9f,0.9911014766592059,70070.53,70905.03,True,False
Emergent_analogy_anticipation_3cf9e4,Emergent_anticipation_appears_dac47e,0.9915396808442352,70070.53,70924.61,True,False
Emergent_analogy_anticipation_3cf9e4,Emergent_analogy_chaos_1ab952,0.9912975552072281,70070.53,70963.32,True,False
Emergent_analogy_anticipation_3cf9e4,Emergent_autonomy_bounded_72bafc,0.991070586183286,70070.53,70983.91,True,False
Emergent_analogy_anticipation_3cf9e4,Emergent_analogy_anticipation_7d7764,0.9877647183919007,70070.53,71003.07,True,False
Emergent_analogy_anticipation_3cf9e4,Emergent_analogy_chaos_8f3c3f,0.9877572909750691,70070.53,71003.41,True,False
Emergent_analogy_anticipation_3cf9e4,Emergent_analogy_anticipation_138cb7,0.991675571487169,70070.53,71041.6,True,False
Emergent_analogy_anticipation_3cf9e4,Emergent_autonomy_bounded_94d9e2,0.9909404648006506,70070.53,71062.84,True,False
Emergent_analogy_anticipation_3cf9e4,Emergent_autonomy_clarity_d6bec2,0.9767418001219357,70070.53,71084.59,True,False
Emergent_analogy_anticipation_3cf9e4,Emergent_anticipation_autonomy_573275,0.9769586243595925,70070.53,71084.93,True,False
Emergent_analogy_anticipation_3cf9e4,Emergent_anticipation_autonomy_a66f28,0.9924752723231465,70070.53,71104.44,True,False
Emergent_analogy_anticipation_3cf9e4,Emergent_abstraction_attention_9ebe0c,0.9942351989999998,70070.53,71122.94,True,False
Emergent_analogy_anticipation_3cf9e4,Emergent_anticipation_bounded_6c16c4,0.9942351989999998,70070.53,71123.28,True,False
Emergent_analogy_anticipation_3cf9e4,Emergent_autonomy_coherence_a41799,0.9882350999999998,70070.53,71183.34,True,False
Emergent_abstraction_attention_a50540,Emergent_carefully_coherence_6373e7,0.9921360279701001,70081.7,70082.04,True,False
Emergent_abstraction_attention_a50540,Emergent_anticipation_boundary_a5dcee,0.9925978564618232,70081.7,70091.93,True,False
Emergent_abstraction_attention_a50540,Emergent_constraint_contradiction_8d2c9c,0.9918523696610155,70081.7,70104.93,True,False
Emergent_abstraction_attention_a50540,Emergent_bounded_coherence_a2e9f5,0.9925978571474061,70081.7,70120.61,True,False
Emergent_abstraction_attention_a50540,Emergent_appears_asymmetry_8ccc17,0.9925978563085942,70081.7,70135.74,True,False
Emergent_abstraction_attention_a50540,Emergent_abstraction_appears_ce8722,0.9925978572256293,70081.7,70147.95,True,False
Emergent_abstraction_attention_a50540,Emergent_abstraction_carefully_a0ed61,0.9925978538532494,70081.7,70162.34,True,False
Emergent_abstraction_attention_a50540,Emergent_abstraction_autonomy_c124af,0.9925978582414223,70081.7,70176.85,True,False
Emergent_abstraction_attention_a50540,Emergent_autonomy_carefully_dedeae,0.9925978582414223,70081.7,70177.19,True,False
Emergent_abstraction_attention_a50540,Emergent_abstraction_ambiguity_353967,0.9921734869847942,70081.7,70192.29,True,False
Emergent_abstraction_attention_a50540,Emergent_appears_asymmetry_8dba4c,0.992597857234282,70081.7,70208.37,True,False
Emergent_abstraction_attention_a50540,Emergent_appears_asymmetry_9e9e75,0.9914774201715757,70081.7,70221.09,True,False
Emergent_abstraction_attention_a50540,Emergent_bounded_contradiction_d8e7d7,0.9925978530713293,70081.7,70234.0,True,False
Emergent_abstraction_attention_a50540,Emergent_attention_bounded_c919d0,0.9925978531921531,70081.7,70234.34,True,False
Emergent_abstraction_attention_a50540,Emergent_autonomy_collective_461851,0.9925978567652114,70081.7,70250.32,True,False
Emergent_abstraction_attention_a50540,Emergent_constraint_coupling_2bd0bf,0.9922362263469788,70081.7,70298.87,True,False
Emergent_abstraction_attention_a50540,Emergent_abstraction_bounded_77e339,0.992597856177128,70081.7,70315.5,True,False
Emergent_abstraction_attention_a50540,Emergent_abstraction_analogy_1639a2,0.9923356850150515,70081.7,70332.51,True,False
Emergent_abstraction_attention_a50540,Emergent_analogy_appears_18b183,0.992597851591118,70081.7,70332.85,True,False
Emergent_abstraction_attention_a50540,Emergent_analogy_constraint_75e1d0,0.9925978450396749,70081.7,70349.24,True,False
Emergent_abstraction_attention_a50540,Emergent_belief_revision_clarity_6ff780,0.992498300294508,70081.7,70364.52,True,False
Emergent_abstraction_attention_a50540,Emergent_abstraction_analogy_a99238,0.9917419623274277,70081.7,70379.98,True,False
Emergent_abstraction_attention_a50540,Emergent_analogy_autonomy_581819,0.9914732625458726,70081.7,70395.88,True,False
Emergent_abstraction_attention_a50540,Emergent_autonomy_collective_b1eda1,0.9920752517764291,70081.7,70410.14,True,False
Emergent_abstraction_attention_a50540,Emergent_belief_revision_bounded_6c1d78,0.9925975162112965,70081.7,70441.27,True,False
Emergent_abstraction_attention_a50540,Emergent_abstraction_attention_ca8b9f,0.9917121149771431,70081.7,70473.6,True,False
Emergent_abstraction_attention_a50540,Emergent_analogy_autonomy_2771b0,0.992597915331991,70081.7,70492.35,True,False
Emergent_abstraction_attention_a50540,Emergent_analogy_autonomy_a3a02c,0.9925978969338092,70081.7,70509.74,True,False
Emergent_abstraction_attention_a50540,Emergent_analogy_attention_3c3dd6,0.9919152984218316,70081.7,70527.58,True,False
Emergent_abstraction_attention_a50540,Emergent_appears_asymmetry_ecd8f7,0.9921902286607727,70081.7,70580.54,True,False
Emergent_abstraction_attention_a50540,Emergent_analogy_autonomy_2be585,0.9917323977392107,70081.7,70628.87,True,False
Emergent_abstraction_attention_a50540,Emergent_analogy_autonomy_fb4c5a,0.9925976161231183,70081.7,70646.8,True,False
Emergent_abstraction_attention_a50540,Emergent_abstraction_contradiction_5c7672,0.9925966501513916,70081.7,70663.94,True,False
Emergent_abstraction_attention_a50540,Emergent_anticipation_contradiction_81226c,0.9925966501513916,70081.7,70664.28,True,False
Emergent_abstraction_attention_a50540,Emergent_feedback_identity_129d8f,0.9925929929754334,70081.7,70717.68,True,False
Emergent_abstraction_attention_a50540,Emergent_abstraction_analogy_82c26e,0.9925630117864779,70081.7,70737.2,True,False
Emergent_abstraction_attention_a50540,Emergent_analogy_bounded_185c87,0.992185543030436,70081.7,70812.14,True,False
Emergent_abstraction_attention_a50540,Emergent_attention_carefully_f521e2,0.9925161586264051,70081.7,70867.72,True,False
Emergent_abstraction_attention_a50540,Emergent_carefully_cognition_d8aefa,0.9926421535467029,70081.7,70868.06,True,False
Emergent_abstraction_attention_a50540,Emergent_bounded_contradiction_fc87f1,0.9926079568611468,70081.7,70884.61,True,False
Emergent_abstraction_attention_a50540,Emergent_autonomy_carefully_659b9f,0.9911014766592059,70081.7,70905.03,True,False
Emergent_abstraction_attention_a50540,Emergent_anticipation_appears_dac47e,0.9915998514374269,70081.7,70924.61,True,False
Emergent_abstraction_attention_a50540,Emergent_analogy_chaos_1ab952,0.9920492664010572,70081.7,70963.32,True,False
Emergent_abstraction_attention_a50540,Emergent_autonomy_bounded_72bafc,0.9921376000831434,70081.7,70983.91,True,False
Emergent_abstraction_attention_a50540,Emergent_analogy_anticipation_7d7764,0.9884788312320607,70081.7,71003.07,True,False
Emergent_abstraction_attention_a50540,Emergent_analogy_chaos_8f3c3f,0.9883025381859329,70081.7,71003.41,True,False
Emergent_abstraction_attention_a50540,Emergent_analogy_anticipation_138cb7,0.9923621431951903,70081.7,71041.6,True,False
Emergent_abstraction_attention_a50540,Emergent_autonomy_bounded_94d9e2,0.9918857827641667,70081.7,71062.84,True,False
Emergent_abstraction_attention_a50540,Emergent_autonomy_clarity_d6bec2,0.9768071996179746,70081.7,71084.59,True,False
Emergent_abstraction_attention_a50540,Emergent_anticipation_autonomy_573275,0.9781710561514441,70081.7,71084.93,True,False
Emergent_abstraction_attention_a50540,Emergent_anticipation_autonomy_a66f28,0.9931015359333248,70081.7,71104.44,True,False
Emergent_abstraction_attention_a50540,Emergent_abstraction_attention_9ebe0c,0.9942351989999998,70081.7,71122.94,True,False
Emergent_abstraction_attention_a50540,Emergent_anticipation_bounded_6c16c4,0.9942351989999998,70081.7,71123.28,True,False
Emergent_abstraction_attention_a50540,Emergent_autonomy_coherence_a41799,0.9882350999999998,70081.7,71183.34,True,False
Emergent_carefully_coherence_6373e7,Emergent_anticipation_boundary_a5dcee,0.9921360279678084,70082.04,70091.93,True,False
Emergent_carefully_coherence_6373e7,Emergent_constraint_contradiction_8d2c9c,0.9918523696577506,70082.04,70104.93,True,False
Emergent_carefully_coherence_6373e7,Emergent_bounded_coherence_a2e9f5,0.9921360286599199,70082.04,70120.61,True,False
Emergent_carefully_coherence_6373e7,Emergent_appears_asymmetry_8ccc17,0.9921360277916744,70082.04,70135.74,True,False
Emergent_carefully_coherence_6373e7,Emergent_abstraction_appears_ce8722,0.9921360287548531,70082.04,70147.95,True,False
Emergent_carefully_coherence_6373e7,Emergent_abstraction_carefully_a0ed61,0.9921360253632789,70082.04,70162.34,True,False
Emergent_carefully_coherence_6373e7,Emergent_abstraction_autonomy_c124af,0.9921360297812318,70082.04,70176.85,True,False
Emergent_carefully_coherence_6373e7,Emergent_autonomy_carefully_dedeae,0.9921360297812318,70082.04,70177.19,True,False
Emergent_carefully_coherence_6373e7,Emergent_abstraction_ambiguity_353967,0.9921360294035542,70082.04,70192.29,True,False
Emergent_carefully_coherence_6373e7,Emergent_appears_asymmetry_8dba4c,0.9921360287740915,70082.04,70208.37,True,False
Emergent_carefully_coherence_6373e7,Emergent_appears_asymmetry_9e9e75,0.9914774201715757,70082.04,70221.09,True,False
Emergent_carefully_coherence_6373e7,Emergent_bounded_contradiction_d8e7d7,0.9921360242833603,70082.04,70234.0,True,False
Emergent_carefully_coherence_6373e7,Emergent_attention_bounded_c919d0,0.9921360244008652,70082.04,70234.34,True,False
Emergent_carefully_coherence_6373e7,Emergent_autonomy_collective_461851,0.9921360284806711,70082.04,70250.32,True,False
Emergent_carefully_coherence_6373e7,Emergent_constraint_coupling_2bd0bf,0.9921360313579062,70082.04,70298.87,True,False
Emergent_carefully_coherence_6373e7,Emergent_abstraction_bounded_77e339,0.992136028147699,70082.04,70315.5,True,False
Emergent_carefully_coherence_6373e7,Emergent_abstraction_analogy_1639a2,0.992136023561689,70082.04,70332.51,True,False
Emergent_carefully_coherence_6373e7,Emergent_analogy_appears_18b183,0.992136023561689,70082.04,70332.85,True,False
Emergent_carefully_coherence_6373e7,Emergent_analogy_constraint_75e1d0,0.9921360170102456,70082.04,70349.24,True,False
Emergent_carefully_coherence_6373e7,Emergent_belief_revision_clarity_6ff780,0.9921360060911739,70082.04,70364.52,True,False
Emergent_carefully_coherence_6373e7,Emergent_abstraction_analogy_a99238,0.9917419623274277,70082.04,70379.98,True,False
Emergent_carefully_coherence_6373e7,Emergent_analogy_autonomy_581819,0.9914732625458726,70082.04,70395.88,True,False
Emergent_carefully_coherence_6373e7,Emergent_autonomy_collective_b1eda1,0.9920752517764291,70082.04,70410.14,True,False
Emergent_carefully_coherence_6373e7,Emergent_belief_revision_bounded_6c1d78,0.9921356851905332,70082.04,70441.27,True,False
Emergent_carefully_coherence_6373e7,Emergent_abstraction_attention_ca8b9f,0.9917121149771431,70082.04,70473.6,True,False
Emergent_carefully_coherence_6373e7,Emergent_analogy_autonomy_2771b0,0.9921360662351466,70082.04,70492.35,True,False
Emergent_carefully_coherence_6373e7,Emergent_analogy_autonomy_a3a02c,0.9921360920442013,70082.04,70509.74,True,False
Emergent_carefully_coherence_6373e7,Emergent_analogy_attention_3c3dd6,0.9919152984218316,70082.04,70527.58,True,False
Emergent_carefully_coherence_6373e7,Emergent_appears_asymmetry_ecd8f7,0.9921348579935532,70082.04,70580.54,True,False
Emergent_carefully_coherence_6373e7,Emergent_analogy_autonomy_2be585,0.9917323977392107,70082.04,70628.87,True,False
Emergent_carefully_coherence_6373e7,Emergent_analogy_autonomy_fb4c5a,0.9921360802599846,70082.04,70646.8,True,False
Emergent_carefully_coherence_6373e7,Emergent_abstraction_contradiction_5c7672,0.9921351142882577,70082.04,70663.94,True,False
Emergent_carefully_coherence_6373e7,Emergent_anticipation_contradiction_81226c,0.9921351142882577,70082.04,70664.28,True,False
Emergent_carefully_coherence_6373e7,Emergent_feedback_identity_129d8f,0.9921314655131168,70082.04,70717.68,True,False
Emergent_carefully_coherence_6373e7,Emergent_abstraction_analogy_82c26e,0.9921006651580326,70082.04,70737.2,True,False
Emergent_carefully_coherence_6373e7,Emergent_analogy_bounded_185c87,0.9919871572685452,70082.04,70812.14,True,False
Emergent_carefully_coherence_6373e7,Emergent_attention_carefully_f521e2,0.9921835151653331,70082.04,70867.72,True,False
Emergent_carefully_coherence_6373e7,Emergent_carefully_cognition_d8aefa,0.9921835151653331,70082.04,70868.06,True,False
Emergent_carefully_coherence_6373e7,Emergent_bounded_contradiction_fc87f1,0.9921493184797769,70082.04,70884.61,True,False
Emergent_carefully_coherence_6373e7,Emergent_autonomy_carefully_659b9f,0.9911014766592059,70082.04,70905.03,True,False
Emergent_carefully_coherence_6373e7,Emergent_anticipation_appears_dac47e,0.9915998514374269,70082.04,70924.61,True,False
Emergent_carefully_coherence_6373e7,Emergent_analogy_chaos_1ab952,0.9919177258678298,70082.04,70963.32,True,False
Emergent_carefully_coherence_6373e7,Emergent_autonomy_bounded_72bafc,0.9916898016694111,70082.04,70983.91,True,False
Emergent_carefully_coherence_6373e7,Emergent_analogy_anticipation_7d7764,0.9884788312320607,70082.04,71003.07,True,False
Emergent_carefully_coherence_6373e7,Emergent_analogy_chaos_8f3c3f,0.9883025381859329,70082.04,71003.41,True,False
Emergent_carefully_coherence_6373e7,Emergent_analogy_anticipation_138cb7,0.9922299311697536,70082.04,71041.6,True,False
Emergent_carefully_coherence_6373e7,Emergent_autonomy_bounded_94d9e2,0.9914890570189898,70082.04,71062.84,True,False
Emergent_carefully_coherence_6373e7,Emergent_autonomy_clarity_d6bec2,0.9768071996179746,70082.04,71084.59,True,False
Emergent_carefully_coherence_6373e7,Emergent_anticipation_autonomy_573275,0.9776622295717505,70082.04,71084.93,True,False
Emergent_carefully_coherence_6373e7,Emergent_anticipation_autonomy_a66f28,0.9931015359333248,70082.04,71104.44,True,False
Emergent_carefully_coherence_6373e7,Emergent_abstraction_attention_9ebe0c,0.9942351989999998,70082.04,71122.94,True,False
Emergent_carefully_coherence_6373e7,Emergent_anticipation_bounded_6c16c4,0.9942351989999998,70082.04,71123.28,True,False
Emergent_carefully_coherence_6373e7,Emergent_autonomy_coherence_a41799,0.9882350999999998,70082.04,71183.34,True,False
Emergent_anticipation_boundary_a5dcee,Emergent_constraint_contradiction_8d2c9c,0.9918523696152695,70091.93,70104.93,True,False
Emergent_anticipation_boundary_a5dcee,Emergent_bounded_coherence_a2e9f5,0.9930339274752644,70091.93,70120.61,True,False
Emergent_anticipation_boundary_a5dcee,Emergent_appears_asymmetry_8ccc17,0.993062638497122,70091.93,70135.74,True,False
Emergent_anticipation_boundary_a5dcee,Emergent_abstraction_appears_ce8722,0.9931034163680856,70091.93,70147.95,True,False
Emergent_anticipation_boundary_a5dcee,Emergent_abstraction_carefully_a0ed61,0.9930808381175236,70091.93,70162.34,True,False
Emergent_anticipation_boundary_a5dcee,Emergent_abstraction_autonomy_c124af,0.9932344868278171,70091.93,70176.85,True,False
Emergent_anticipation_boundary_a5dcee,Emergent_autonomy_carefully_dedeae,0.9932344868278171,70091.93,70177.19,True,False
Emergent_anticipation_boundary_a5dcee,Emergent_abstraction_ambiguity_353967,0.9921734869847942,70091.93,70192.29,True,False
Emergent_anticipation_boundary_a5dcee,Emergent_appears_asymmetry_8dba4c,0.9929724187978082,70091.93,70208.37,True,False
Emergent_anticipation_boundary_a5dcee,Emergent_appears_asymmetry_9e9e75,0.9914774201715757,70091.93,70221.09,True,False
Emergent_anticipation_boundary_a5dcee,Emergent_bounded_contradiction_d8e7d7,0.992902632573142,70091.93,70234.0,True,False
Emergent_anticipation_boundary_a5dcee,Emergent_attention_bounded_c919d0,0.9931876273949816,70091.93,70234.34,True,False
Emergent_anticipation_boundary_a5dcee,Emergent_autonomy_collective_461851,0.9930607917798264,70091.93,70250.32,True,False
Emergent_anticipation_boundary_a5dcee,Emergent_constraint_coupling_2bd0bf,0.9922362263469788,70091.93,70298.87,True,False
Emergent_anticipation_boundary_a5dcee,Emergent_abstraction_bounded_77e339,0.9930609029082176,70091.93,70315.5,True,False
Emergent_anticipation_boundary_a5dcee,Emergent_abstraction_analogy_1639a2,0.9923356850150515,70091.93,70332.51,True,False
Emergent_anticipation_boundary_a5dcee,Emergent_analogy_appears_18b183,0.9932344789953005,70091.93,70332.85,True,False
Emergent_anticipation_boundary_a5dcee,Emergent_analogy_constraint_75e1d0,0.9931662410136419,70091.93,70349.24,True,False
Emergent_anticipation_boundary_a5dcee,Emergent_belief_revision_clarity_6ff780,0.992498300294508,70091.93,70364.52,True,False
Emergent_anticipation_boundary_a5dcee,Emergent_abstraction_analogy_a99238,0.9917419623274277,70091.93,70379.98,True,False
Emergent_anticipation_boundary_a5dcee,Emergent_analogy_autonomy_581819,0.9914732625458726,70091.93,70395.88,True,False
Emergent_anticipation_boundary_a5dcee,Emergent_autonomy_collective_b1eda1,0.9920752517764291,70091.93,70410.14,True,False
Emergent_anticipation_boundary_a5dcee,Emergent_belief_revision_bounded_6c1d78,0.9931699255669444,70091.93,70441.27,True,False
Emergent_anticipation_boundary_a5dcee,Emergent_abstraction_attention_ca8b9f,0.9917121149771431,70091.93,70473.6,True,False
Emergent_anticipation_boundary_a5dcee,Emergent_analogy_autonomy_2771b0,0.9931243311746545,70091.93,70492.35,True,False
Emergent_anticipation_boundary_a5dcee,Emergent_analogy_autonomy_a3a02c,0.9931144981420246,70091.93,70509.74,True,False
Emergent_anticipation_boundary_a5dcee,Emergent_analogy_attention_3c3dd6,0.9919152984218316,70091.93,70527.58,True,False
Emergent_anticipation_boundary_a5dcee,Emergent_appears_asymmetry_ecd8f7,0.9921902286607727,70091.93,70580.54,True,False
Emergent_anticipation_boundary_a5dcee,Emergent_analogy_autonomy_2be585,0.9917323977392107,70091.93,70628.87,True,False
Emergent_anticipation_boundary_a5dcee,Emergent_analogy_autonomy_fb4c5a,0.9931930062179009,70091.93,70646.8,True,False
Emergent_anticipation_boundary_a5dcee,Emergent_abstraction_contradiction_5c7672,0.9931801817399728,70091.93,70663.94,True,False
Emergent_anticipation_boundary_a5dcee,Emergent_anticipation_contradiction_81226c,0.9932325249820657,70091.93,70664.28,True,False
Emergent_anticipation_boundary_a5dcee,Emergent_feedback_identity_129d8f,0.9930711851208971,70091.93,70717.68,True,False
Emergent_anticipation_boundary_a5dcee,Emergent_abstraction_analogy_82c26e,0.9931630623410013,70091.93,70737.2,True,False
Emergent_anticipation_boundary_a5dcee,Emergent_analogy_bounded_185c87,0.992185543030436,70091.93,70812.14,True,False
Emergent_anticipation_boundary_a5dcee,Emergent_attention_carefully_f521e2,0.9925161586264051,70091.93,70867.72,True,False
Emergent_anticipation_boundary_a5dcee,Emergent_carefully_cognition_d8aefa,0.9927481278330719,70091.93,70868.06,True,False
Emergent_anticipation_boundary_a5dcee,Emergent_bounded_contradiction_fc87f1,0.9928649226504147,70091.93,70884.61,True,False
Emergent_anticipation_boundary_a5dcee,Emergent_autonomy_carefully_659b9f,0.9911014766592059,70091.93,70905.03,True,False
Emergent_anticipation_boundary_a5dcee,Emergent_anticipation_appears_dac47e,0.9915998514374269,70091.93,70924.61,True,False
Emergent_anticipation_boundary_a5dcee,Emergent_analogy_chaos_1ab952,0.9920492664010572,70091.93,70963.32,True,False
Emergent_anticipation_boundary_a5dcee,Emergent_autonomy_bounded_72bafc,0.9927023428936324,70091.93,70983.91,True,False
Emergent_anticipation_boundary_a5dcee,Emergent_analogy_anticipation_7d7764,0.9884788312320607,70091.93,71003.07,True,False
Emergent_anticipation_boundary_a5dcee,Emergent_analogy_chaos_8f3c3f,0.9883025381859329,70091.93,71003.41,True,False
Emergent_anticipation_boundary_a5dcee,Emergent_analogy_anticipation_138cb7,0.9923621431951903,70091.93,71041.6,True,False
Emergent_anticipation_boundary_a5dcee,Emergent_autonomy_bounded_94d9e2,0.9922070332778996,70091.93,71062.84,True,False
Emergent_anticipation_boundary_a5dcee,Emergent_autonomy_clarity_d6bec2,0.9768071996179746,70091.93,71084.59,True,False
Emergent_anticipation_boundary_a5dcee,Emergent_anticipation_autonomy_573275,0.978581199905405,70091.93,71084.93,True,False
Emergent_anticipation_boundary_a5dcee,Emergent_anticipation_autonomy_a66f28,0.9931015359333248,70091.93,71104.44,True,False
Emergent_anticipation_boundary_a5dcee,Emergent_abstraction_attention_9ebe0c,0.9942351989999998,70091.93,71122.94,True,False
Emergent_anticipation_boundary_a5dcee,Emergent_anticipation_bounded_6c16c4,0.9942351989999998,70091.93,71123.28,True,False
Emergent_anticipation_boundary_a5dcee,Emergent_autonomy_coherence_a41799,0.9882350999999998,70091.93,71183.34,True,False
Emergent_constraint_contradiction_8d2c9c,Emergent_bounded_coherence_a2e9f5,0.9918523696386634,70104.93,70120.61,True,False
Emergent_constraint_contradiction_8d2c9c,Emergent_appears_asymmetry_8ccc17,0.9918523687523395,70104.93,70135.74,True,False
Emergent_constraint_contradiction_8d2c9c,Emergent_abstraction_appears_ce8722,0.9918523697438602,70104.93,70147.95,True,False
Emergent_constraint_contradiction_8d2c9c,Emergent_abstraction_carefully_a0ed61,0.9918523663404968,70104.93,70162.34,True,False
Emergent_constraint_contradiction_8d2c9c,Emergent_abstraction_autonomy_c124af,0.9918523707767406,70104.93,70176.85,True,False
Emergent_constraint_contradiction_8d2c9c,Emergent_autonomy_carefully_dedeae,0.9918523707767406,70104.93,70177.19,True,False
Emergent_constraint_contradiction_8d2c9c,Emergent_abstraction_ambiguity_353967,0.9918523703990632,70104.93,70192.29,True,False
Emergent_constraint_contradiction_8d2c9c,Emergent_appears_asymmetry_8dba4c,0.9918523697696002,70104.93,70208.37,True,False
Emergent_constraint_contradiction_8d2c9c,Emergent_appears_asymmetry_9e9e75,0.9914774201715757,70104.93,70221.09,True,False
Emergent_constraint_contradiction_8d2c9c,Emergent_bounded_contradiction_d8e7d7,0.9918523650775448,70104.93,70234.0,True,False
Emergent_constraint_contradiction_8d2c9c,Emergent_attention_bounded_c919d0,0.9918523651930116,70104.93,70234.34,True,False
Emergent_constraint_contradiction_8d2c9c,Emergent_autonomy_collective_461851,0.9918523695840655,70104.93,70250.32,True,False
Emergent_constraint_contradiction_8d2c9c,Emergent_constraint_coupling_2bd0bf,0.9918523726179924,70104.93,70298.87,True,False
Emergent_constraint_contradiction_8d2c9c,Emergent_abstraction_bounded_77e339,0.9918523694077854,70104.93,70315.5,True,False
Emergent_constraint_contradiction_8d2c9c,Emergent_abstraction_analogy_1639a2,0.9918523648217752,70104.93,70332.51,True,False
Emergent_constraint_contradiction_8d2c9c,Emergent_analogy_appears_18b183,0.9918523648217752,70104.93,70332.85,True,False
Emergent_constraint_contradiction_8d2c9c,Emergent_analogy_constraint_75e1d0,0.991852358270332,70104.93,70349.24,True,False
Emergent_constraint_contradiction_8d2c9c,Emergent_belief_revision_clarity_6ff780,0.9918523473512602,70104.93,70364.52,True,False
Emergent_constraint_contradiction_8d2c9c,Emergent_abstraction_analogy_a99238,0.9917419623274277,70104.93,70379.98,True,False
Emergent_constraint_contradiction_8d2c9c,Emergent_analogy_autonomy_581819,0.9914732625458726,70104.93,70395.88,True,False
Emergent_constraint_contradiction_8d2c9c,Emergent_autonomy_collective_b1eda1,0.9918523317821752,70104.93,70410.14,True,False
Emergent_constraint_contradiction_8d2c9c,Emergent_belief_revision_bounded_6c1d78,0.991852024613316,70104.93,70441.27,True,False
Emergent_constraint_contradiction_8d2c9c,Emergent_abstraction_attention_ca8b9f,0.9917121149771431,70104.93,70473.6,True,False
Emergent_constraint_contradiction_8d2c9c,Emergent_analogy_autonomy_2771b0,0.9918523945554456,70104.93,70492.35,True,False
Emergent_constraint_contradiction_8d2c9c,Emergent_analogy_autonomy_a3a02c,0.9918524475169643,70104.93,70509.74,True,False
Emergent_constraint_contradiction_8d2c9c,Emergent_analogy_attention_3c3dd6,0.9918513684328416,70104.93,70527.58,True,False
Emergent_constraint_contradiction_8d2c9c,Emergent_appears_asymmetry_ecd8f7,0.9918511653100095,70104.93,70580.54,True,False
Emergent_constraint_contradiction_8d2c9c,Emergent_analogy_autonomy_2be585,0.9917323977392107,70104.93,70628.87,True,False
Emergent_constraint_contradiction_8d2c9c,Emergent_analogy_autonomy_fb4c5a,0.991852600971117,70104.93,70646.8,True,False
Emergent_constraint_contradiction_8d2c9c,Emergent_abstraction_contradiction_5c7672,0.9918516349993904,70104.93,70663.94,True,False
Emergent_constraint_contradiction_8d2c9c,Emergent_anticipation_contradiction_81226c,0.9918516349993904,70104.93,70664.28,True,False
Emergent_constraint_contradiction_8d2c9c,Emergent_feedback_identity_129d8f,0.9918479913841034,70104.93,70717.68,True,False
Emergent_constraint_contradiction_8d2c9c,Emergent_abstraction_analogy_82c26e,0.9918166878901515,70104.93,70737.2,True,False
Emergent_constraint_contradiction_8d2c9c,Emergent_analogy_bounded_185c87,0.9917034656166934,70104.93,70812.14,True,False
Emergent_constraint_contradiction_8d2c9c,Emergent_attention_carefully_f521e2,0.9919018155346362,70104.93,70867.72,True,False
Emergent_constraint_contradiction_8d2c9c,Emergent_carefully_cognition_d8aefa,0.9919018155346362,70104.93,70868.06,True,False
Emergent_constraint_contradiction_8d2c9c,Emergent_bounded_contradiction_fc87f1,0.9918676188490803,70104.93,70884.61,True,False
Emergent_constraint_contradiction_8d2c9c,Emergent_autonomy_carefully_659b9f,0.9911014766592059,70104.93,70905.03,True,False
Emergent_constraint_contradiction_8d2c9c,Emergent_anticipation_appears_dac47e,0.9915998514374269,70104.93,70924.61,True,False
Emergent_constraint_contradiction_8d2c9c,Emergent_analogy_chaos_1ab952,0.9916422599712269,70104.93,70963.32,True,False
Emergent_constraint_contradiction_8d2c9c,Emergent_autonomy_bounded_72bafc,0.9914147600398857,70104.93,70983.91,True,False
Emergent_constraint_contradiction_8d2c9c,Emergent_analogy_anticipation_7d7764,0.988174272642516,70104.93,71003.07,True,False
Emergent_constraint_contradiction_8d2c9c,Emergent_analogy_chaos_8f3c3f,0.988166750395195,70104.93,71003.41,True,False
Emergent_constraint_contradiction_8d2c9c,Emergent_analogy_anticipation_138cb7,0.9919836970334024,70104.93,71041.6,True,False
Emergent_constraint_contradiction_8d2c9c,Emergent_autonomy_bounded_94d9e2,0.9912453846608884,70104.93,71062.84,True,False
Emergent_constraint_contradiction_8d2c9c,Emergent_autonomy_clarity_d6bec2,0.9768071996179746,70104.93,71084.59,True,False
Emergent_constraint_contradiction_8d2c9c,Emergent_anticipation_autonomy_573275,0.9773497039188384,70104.93,71084.93,True,False
Emergent_constraint_contradiction_8d2c9c,Emergent_anticipation_autonomy_a66f28,0.9931015359333248,70104.93,71104.44,True,False
Emergent_constraint_contradiction_8d2c9c,Emergent_abstraction_attention_9ebe0c,0.9942351989999998,70104.93,71122.94,True,False
Emergent_constraint_contradiction_8d2c9c,Emergent_anticipation_bounded_6c16c4,0.9942351989999998,70104.93,71123.28,True,False
Emergent_constraint_contradiction_8d2c9c,Emergent_autonomy_coherence_a41799,0.9882350999999998,70104.93,71183.34,True,False
Emergent_bounded_coherence_a2e9f5,Emergent_appears_asymmetry_8ccc17,0.993033926663389,70120.61,70135.74,True,False
Emergent_bounded_coherence_a2e9f5,Emergent_abstraction_appears_ce8722,0.9930339275321851,70120.61,70147.95,True,False
Emergent_bounded_coherence_a2e9f5,Emergent_abstraction_carefully_a0ed61,0.9930339241842745,70120.61,70162.34,True,False
Emergent_bounded_coherence_a2e9f5,Emergent_abstraction_autonomy_c124af,0.9930339285344829,70120.61,70176.85,True,False
Emergent_bounded_coherence_a2e9f5,Emergent_autonomy_carefully_dedeae,0.9930339285344829,70120.61,70177.19,True,False
Emergent_bounded_coherence_a2e9f5,Emergent_abstraction_ambiguity_353967,0.9921734869847942,70120.61,70192.29,True,False
Emergent_bounded_coherence_a2e9f5,Emergent_appears_asymmetry_8dba4c,0.9929724187978082,70120.61,70208.37,True,False
Emergent_bounded_coherence_a2e9f5,Emergent_appears_asymmetry_9e9e75,0.9914774201715757,70120.61,70221.09,True,False
Emergent_bounded_coherence_a2e9f5,Emergent_bounded_contradiction_d8e7d7,0.992902632573142,70120.61,70234.0,True,False
Emergent_bounded_coherence_a2e9f5,Emergent_attention_bounded_c919d0,0.9930339239073107,70120.61,70234.34,True,False
Emergent_bounded_coherence_a2e9f5,Emergent_autonomy_collective_461851,0.9930339268343455,70120.61,70250.32,True,False
Emergent_bounded_coherence_a2e9f5,Emergent_constraint_coupling_2bd0bf,0.9922362263469788,70120.61,70298.87,True,False
Emergent_bounded_coherence_a2e9f5,Emergent_abstraction_bounded_77e339,0.993033925921035,70120.61,70315.5,True,False
Emergent_bounded_coherence_a2e9f5,Emergent_abstraction_analogy_1639a2,0.9923356850150515,70120.61,70332.51,True,False
Emergent_bounded_coherence_a2e9f5,Emergent_analogy_appears_18b183,0.993033921335025,70120.61,70332.85,True,False
Emergent_bounded_coherence_a2e9f5,Emergent_analogy_constraint_75e1d0,0.9930339147835818,70120.61,70349.24,True,False
Emergent_bounded_coherence_a2e9f5,Emergent_belief_revision_clarity_6ff780,0.992498300294508,70120.61,70364.52,True,False
Emergent_bounded_coherence_a2e9f5,Emergent_abstraction_analogy_a99238,0.9917419623274277,70120.61,70379.98,True,False
Emergent_bounded_coherence_a2e9f5,Emergent_analogy_autonomy_581819,0.9914732625458726,70120.61,70395.88,True,False
Emergent_bounded_coherence_a2e9f5,Emergent_autonomy_collective_b1eda1,0.9920752517764291,70120.61,70410.14,True,False
Emergent_bounded_coherence_a2e9f5,Emergent_belief_revision_bounded_6c1d78,0.9930335897686877,70120.61,70441.27,True,False
Emergent_bounded_coherence_a2e9f5,Emergent_abstraction_attention_ca8b9f,0.9917121149771431,70120.61,70473.6,True,False
Emergent_bounded_coherence_a2e9f5,Emergent_analogy_autonomy_2771b0,0.9930340119335626,70120.61,70492.35,True,False
Emergent_bounded_coherence_a2e9f5,Emergent_analogy_autonomy_a3a02c,0.9930339371780572,70120.61,70509.74,True,False
Emergent_bounded_coherence_a2e9f5,Emergent_analogy_attention_3c3dd6,0.9919152984218316,70120.61,70527.58,True,False
Emergent_bounded_coherence_a2e9f5,Emergent_appears_asymmetry_ecd8f7,0.9921902286607727,70120.61,70580.54,True,False
Emergent_bounded_coherence_a2e9f5,Emergent_analogy_autonomy_2be585,0.9917323977392107,70120.61,70628.87,True,False
Emergent_bounded_coherence_a2e9f5,Emergent_analogy_autonomy_fb4c5a,0.993033313400622,70120.61,70646.8,True,False
Emergent_bounded_coherence_a2e9f5,Emergent_abstraction_contradiction_5c7672,0.9930323474288953,70120.61,70663.94,True,False
Emergent_bounded_coherence_a2e9f5,Emergent_anticipation_contradiction_81226c,0.9930323474288953,70120.61,70664.28,True,False
Emergent_bounded_coherence_a2e9f5,Emergent_feedback_identity_129d8f,0.9930286795432068,70120.61,70717.68,True,False
Emergent_bounded_coherence_a2e9f5,Emergent_abstraction_analogy_82c26e,0.9929997426631489,70120.61,70737.2,True,False
Emergent_bounded_coherence_a2e9f5,Emergent_analogy_bounded_185c87,0.992185543030436,70120.61,70812.14,True,False
Emergent_bounded_coherence_a2e9f5,Emergent_attention_carefully_f521e2,0.9925161586264051,70120.61,70867.72,True,False
Emergent_bounded_coherence_a2e9f5,Emergent_carefully_cognition_d8aefa,0.9927481278330719,70120.61,70868.06,True,False
Emergent_bounded_coherence_a2e9f5,Emergent_bounded_contradiction_fc87f1,0.9928649226504147,70120.61,70884.61,True,False
Emergent_bounded_coherence_a2e9f5,Emergent_autonomy_carefully_659b9f,0.9911014766592059,70120.61,70905.03,True,False
Emergent_bounded_coherence_a2e9f5,Emergent_anticipation_appears_dac47e,0.9915998514374269,70120.61,70924.61,True,False
Emergent_bounded_coherence_a2e9f5,Emergent_analogy_chaos_1ab952,0.9920492664010572,70120.61,70963.32,True,False
Emergent_bounded_coherence_a2e9f5,Emergent_autonomy_bounded_72bafc,0.9925557842578279,70120.61,70983.91,True,False
Emergent_bounded_coherence_a2e9f5,Emergent_analogy_anticipation_7d7764,0.9884788312320607,70120.61,71003.07,True,False
Emergent_bounded_coherence_a2e9f5,Emergent_analogy_chaos_8f3c3f,0.9883025381859329,70120.61,71003.41,True,False
Emergent_bounded_coherence_a2e9f5,Emergent_analogy_anticipation_138cb7,0.9923621431951903,70120.61,71041.6,True,False
Emergent_bounded_coherence_a2e9f5,Emergent_autonomy_bounded_94d9e2,0.9922070332778996,70120.61,71062.84,True,False
Emergent_bounded_coherence_a2e9f5,Emergent_autonomy_clarity_d6bec2,0.9768071996179746,70120.61,71084.59,True,False
Emergent_bounded_coherence_a2e9f5,Emergent_anticipation_autonomy_573275,0.978581199905405,70120.61,71084.93,True,False
Emergent_bounded_coherence_a2e9f5,Emergent_anticipation_autonomy_a66f28,0.9931015359333248,70120.61,71104.44,True,False
Emergent_bounded_coherence_a2e9f5,Emergent_abstraction_attention_9ebe0c,0.9942351989999998,70120.61,71122.94,True,False
Emergent_bounded_coherence_a2e9f5,Emergent_anticipation_bounded_6c16c4,0.9942351989999998,70120.61,71123.28,True,False
Emergent_bounded_coherence_a2e9f5,Emergent_autonomy_coherence_a41799,0.9882350999999998,70120.61,71183.34,True,False
Emergent_appears_asymmetry_8ccc17,Emergent_abstraction_appears_ce8722,0.9930626393252813,70135.74,70147.95,True,False
Emergent_appears_asymmetry_8ccc17,Emergent_abstraction_carefully_a0ed61,0.9930626360017516,70135.74,70162.34,True,False
Emergent_appears_asymmetry_8ccc17,Emergent_abstraction_autonomy_c124af,0.9930626403456959,70135.74,70176.85,True,False
Emergent_appears_asymmetry_8ccc17,Emergent_autonomy_carefully_dedeae,0.9930626403456959,70135.74,70177.19,True,False
Emergent_appears_asymmetry_8ccc17,Emergent_abstraction_ambiguity_353967,0.9921734869847942,70135.74,70192.29,True,False
Emergent_appears_asymmetry_8ccc17,Emergent_appears_asymmetry_8dba4c,0.9929724187978082,70135.74,70208.37,True,False
Emergent_appears_asymmetry_8ccc17,Emergent_appears_asymmetry_9e9e75,0.9914774201715757,70135.74,70221.09,True,False
Emergent_appears_asymmetry_8ccc17,Emergent_bounded_contradiction_d8e7d7,0.992902632573142,70135.74,70234.0,True,False
Emergent_appears_asymmetry_8ccc17,Emergent_attention_bounded_c919d0,0.9930626357881702,70135.74,70234.34,True,False
Emergent_appears_asymmetry_8ccc17,Emergent_autonomy_collective_461851,0.9930607917798264,70135.74,70250.32,True,False
Emergent_appears_asymmetry_8ccc17,Emergent_constraint_coupling_2bd0bf,0.9922362263469788,70135.74,70298.87,True,False
Emergent_appears_asymmetry_8ccc17,Emergent_abstraction_bounded_77e339,0.9930609029082176,70135.74,70315.5,True,False
Emergent_appears_asymmetry_8ccc17,Emergent_abstraction_analogy_1639a2,0.9923356850150515,70135.74,70332.51,True,False
Emergent_appears_asymmetry_8ccc17,Emergent_analogy_appears_18b183,0.9930626330556271,70135.74,70332.85,True,False
Emergent_appears_asymmetry_8ccc17,Emergent_analogy_constraint_75e1d0,0.993062626504184,70135.74,70349.24,True,False
Emergent_appears_asymmetry_8ccc17,Emergent_belief_revision_clarity_6ff780,0.992498300294508,70135.74,70364.52,True,False
Emergent_appears_asymmetry_8ccc17,Emergent_abstraction_analogy_a99238,0.9917419623274277,70135.74,70379.98,True,False
Emergent_appears_asymmetry_8ccc17,Emergent_analogy_autonomy_581819,0.9914732625458726,70135.74,70395.88,True,False
Emergent_appears_asymmetry_8ccc17,Emergent_autonomy_collective_b1eda1,0.9920752517764291,70135.74,70410.14,True,False
Emergent_appears_asymmetry_8ccc17,Emergent_belief_revision_bounded_6c1d78,0.9930623021185183,70135.74,70441.27,True,False
Emergent_appears_asymmetry_8ccc17,Emergent_abstraction_attention_ca8b9f,0.9917121149771431,70135.74,70473.6,True,False
Emergent_appears_asymmetry_8ccc17,Emergent_analogy_autonomy_2771b0,0.9930627250839774,70135.74,70492.35,True,False
Emergent_appears_asymmetry_8ccc17,Emergent_analogy_autonomy_a3a02c,0.9930626455320521,70135.74,70509.74,True,False
Emergent_appears_asymmetry_8ccc17,Emergent_analogy_attention_3c3dd6,0.9919152984218316,70135.74,70527.58,True,False
Emergent_appears_asymmetry_8ccc17,Emergent_appears_asymmetry_ecd8f7,0.9921902286607727,70135.74,70580.54,True,False
Emergent_appears_asymmetry_8ccc17,Emergent_analogy_autonomy_2be585,0.9917323977392107,70135.74,70628.87,True,False
Emergent_appears_asymmetry_8ccc17,Emergent_analogy_autonomy_fb4c5a,0.9930619651647883,70135.74,70646.8,True,False
Emergent_appears_asymmetry_8ccc17,Emergent_abstraction_contradiction_5c7672,0.9930609991930617,70135.74,70663.94,True,False
Emergent_appears_asymmetry_8ccc17,Emergent_anticipation_contradiction_81226c,0.9930609991930617,70135.74,70664.28,True,False
Emergent_appears_asymmetry_8ccc17,Emergent_feedback_identity_129d8f,0.993057329540258,70135.74,70717.68,True,False
Emergent_appears_asymmetry_8ccc17,Emergent_abstraction_analogy_82c26e,0.9930285649721289,70135.74,70737.2,True,False
Emergent_appears_asymmetry_8ccc17,Emergent_analogy_bounded_185c87,0.992185543030436,70135.74,70812.14,True,False
Emergent_appears_asymmetry_8ccc17,Emergent_attention_carefully_f521e2,0.9925161586264051,70135.74,70867.72,True,False
Emergent_appears_asymmetry_8ccc17,Emergent_carefully_cognition_d8aefa,0.9927481278330719,70135.74,70868.06,True,False
Emergent_appears_asymmetry_8ccc17,Emergent_bounded_contradiction_fc87f1,0.9928649226504147,70135.74,70884.61,True,False
Emergent_appears_asymmetry_8ccc17,Emergent_autonomy_carefully_659b9f,0.9911014766592059,70135.74,70905.03,True,False
Emergent_appears_asymmetry_8ccc17,Emergent_anticipation_appears_dac47e,0.9915998514374269,70135.74,70924.61,True,False
Emergent_appears_asymmetry_8ccc17,Emergent_analogy_chaos_1ab952,0.9920492664010572,70135.74,70963.32,True,False
Emergent_appears_asymmetry_8ccc17,Emergent_autonomy_bounded_72bafc,0.9925815463439163,70135.74,70983.91,True,False
Emergent_appears_asymmetry_8ccc17,Emergent_analogy_anticipation_7d7764,0.9884788312320607,70135.74,71003.07,True,False
Emergent_appears_asymmetry_8ccc17,Emergent_analogy_chaos_8f3c3f,0.9883025381859329,70135.74,71003.41,True,False
Emergent_appears_asymmetry_8ccc17,Emergent_analogy_anticipation_138cb7,0.9923621431951903,70135.74,71041.6,True,False
Emergent_appears_asymmetry_8ccc17,Emergent_autonomy_bounded_94d9e2,0.9922070332778996,70135.74,71062.84,True,False
Emergent_appears_asymmetry_8ccc17,Emergent_autonomy_clarity_d6bec2,0.9768071996179746,70135.74,71084.59,True,False
Emergent_appears_asymmetry_8ccc17,Emergent_anticipation_autonomy_573275,0.978581199905405,70135.74,71084.93,True,False
Emergent_appears_asymmetry_8ccc17,Emergent_anticipation_autonomy_a66f28,0.9931015359333248,70135.74,71104.44,True,False
Emergent_appears_asymmetry_8ccc17,Emergent_abstraction_attention_9ebe0c,0.9942351989999998,70135.74,71122.94,True,False
Emergent_appears_asymmetry_8ccc17,Emergent_anticipation_bounded_6c16c4,0.9942351989999998,70135.74,71123.28,True,False
Emergent_appears_asymmetry_8ccc17,Emergent_autonomy_coherence_a41799,0.9882350999999998,70135.74,71183.34,True,False
Emergent_abstraction_appears_ce8722,Emergent_abstraction_carefully_a0ed61,0.9930808380168821,70147.95,70162.34,True,False
Emergent_abstraction_appears_ce8722,Emergent_abstraction_autonomy_c124af,0.9931034173649942,70147.95,70176.85,True,False
Emergent_abstraction_appears_ce8722,Emergent_autonomy_carefully_dedeae,0.9931034173649942,70147.95,70177.19,True,False
Emergent_abstraction_appears_ce8722,Emergent_abstraction_ambiguity_353967,0.9921734869847942,70147.95,70192.29,True,False
Emergent_abstraction_appears_ce8722,Emergent_appears_asymmetry_8dba4c,0.9929724187978082,70147.95,70208.37,True,False
Emergent_abstraction_appears_ce8722,Emergent_appears_asymmetry_9e9e75,0.9914774201715757,70147.95,70221.09,True,False
Emergent_abstraction_appears_ce8722,Emergent_bounded_contradiction_d8e7d7,0.992902632573142,70147.95,70234.0,True,False
Emergent_abstraction_appears_ce8722,Emergent_attention_bounded_c919d0,0.9931034129063869,70147.95,70234.34,True,False
Emergent_abstraction_appears_ce8722,Emergent_autonomy_collective_461851,0.9930607917798264,70147.95,70250.32,True,False
Emergent_abstraction_appears_ce8722,Emergent_constraint_coupling_2bd0bf,0.9922362263469788,70147.95,70298.87,True,False
Emergent_abstraction_appears_ce8722,Emergent_abstraction_bounded_77e339,0.9930609029082176,70147.95,70315.5,True,False
Emergent_abstraction_appears_ce8722,Emergent_abstraction_analogy_1639a2,0.9923356850150515,70147.95,70332.51,True,False
Emergent_abstraction_appears_ce8722,Emergent_analogy_appears_18b183,0.993103409946231,70147.95,70332.85,True,False
Emergent_abstraction_appears_ce8722,Emergent_analogy_constraint_75e1d0,0.9931034033947879,70147.95,70349.24,True,False
Emergent_abstraction_appears_ce8722,Emergent_belief_revision_clarity_6ff780,0.992498300294508,70147.95,70364.52,True,False
Emergent_abstraction_appears_ce8722,Emergent_abstraction_analogy_a99238,0.9917419623274277,70147.95,70379.98,True,False
Emergent_abstraction_appears_ce8722,Emergent_analogy_autonomy_581819,0.9914732625458726,70147.95,70395.88,True,False
Emergent_abstraction_appears_ce8722,Emergent_autonomy_collective_b1eda1,0.9920752517764291,70147.95,70410.14,True,False
Emergent_abstraction_appears_ce8722,Emergent_belief_revision_bounded_6c1d78,0.9931030799028131,70147.95,70441.27,True,False
Emergent_abstraction_appears_ce8722,Emergent_abstraction_attention_ca8b9f,0.9917121149771431,70147.95,70473.6,True,False
Emergent_abstraction_appears_ce8722,Emergent_analogy_autonomy_2771b0,0.9931034994637797,70147.95,70492.35,True,False
Emergent_abstraction_appears_ce8722,Emergent_analogy_autonomy_a3a02c,0.9931034199118545,70147.95,70509.74,True,False
Emergent_abstraction_appears_ce8722,Emergent_analogy_attention_3c3dd6,0.9919152984218316,70147.95,70527.58,True,False
Emergent_abstraction_appears_ce8722,Emergent_appears_asymmetry_ecd8f7,0.9921902286607727,70147.95,70580.54,True,False
Emergent_abstraction_appears_ce8722,Emergent_analogy_autonomy_2be585,0.9917323977392107,70147.95,70628.87,True,False
Emergent_abstraction_appears_ce8722,Emergent_analogy_autonomy_fb4c5a,0.9931026591702454,70147.95,70646.8,True,False
Emergent_abstraction_appears_ce8722,Emergent_abstraction_contradiction_5c7672,0.9931016931985188,70147.95,70663.94,True,False
Emergent_abstraction_appears_ce8722,Emergent_anticipation_contradiction_81226c,0.9931016931985188,70147.95,70664.28,True,False
Emergent_abstraction_appears_ce8722,Emergent_feedback_identity_129d8f,0.9930711851208971,70147.95,70717.68,True,False
Emergent_abstraction_appears_ce8722,Emergent_abstraction_analogy_82c26e,0.993069501201818,70147.95,70737.2,True,False
Emergent_abstraction_appears_ce8722,Emergent_analogy_bounded_185c87,0.992185543030436,70147.95,70812.14,True,False
Emergent_abstraction_appears_ce8722,Emergent_attention_carefully_f521e2,0.9925161586264051,70147.95,70867.72,True,False
Emergent_abstraction_appears_ce8722,Emergent_carefully_cognition_d8aefa,0.9927481278330719,70147.95,70868.06,True,False
Emergent_abstraction_appears_ce8722,Emergent_bounded_contradiction_fc87f1,0.9928649226504147,70147.95,70884.61,True,False
Emergent_abstraction_appears_ce8722,Emergent_autonomy_carefully_659b9f,0.9911014766592059,70147.95,70905.03,True,False
Emergent_abstraction_appears_ce8722,Emergent_anticipation_appears_dac47e,0.9915998514374269,70147.95,70924.61,True,False
Emergent_abstraction_appears_ce8722,Emergent_analogy_chaos_1ab952,0.9920492664010572,70147.95,70963.32,True,False
Emergent_abstraction_appears_ce8722,Emergent_autonomy_bounded_72bafc,0.9926181361491997,70147.95,70983.91,True,False
Emergent_abstraction_appears_ce8722,Emergent_analogy_anticipation_7d7764,0.9884788312320607,70147.95,71003.07,True,False
Emergent_abstraction_appears_ce8722,Emergent_analogy_chaos_8f3c3f,0.9883025381859329,70147.95,71003.41,True,False
Emergent_abstraction_appears_ce8722,Emergent_analogy_anticipation_138cb7,0.9923621431951903,70147.95,71041.6,True,False
Emergent_abstraction_appears_ce8722,Emergent_autonomy_bounded_94d9e2,0.9922070332778996,70147.95,71062.84,True,False
Emergent_abstraction_appears_ce8722,Emergent_autonomy_clarity_d6bec2,0.9768071996179746,70147.95,71084.59,True,False
Emergent_abstraction_appears_ce8722,Emergent_anticipation_autonomy_573275,0.978581199905405,70147.95,71084.93,True,False
Emergent_abstraction_appears_ce8722,Emergent_anticipation_autonomy_a66f28,0.9931015359333248,70147.95,71104.44,True,False
Emergent_abstraction_appears_ce8722,Emergent_abstraction_attention_9ebe0c,0.9942351989999998,70147.95,71122.94,True,False
Emergent_abstraction_appears_ce8722,Emergent_anticipation_bounded_6c16c4,0.9942351989999998,70147.95,71123.28,True,False
Emergent_abstraction_appears_ce8722,Emergent_autonomy_coherence_a41799,0.9882350999999998,70147.95,71183.34,True,False
Emergent_abstraction_carefully_a0ed61,Emergent_abstraction_autonomy_c124af,0.9930808418412695,70162.34,70176.85,True,False
Emergent_abstraction_carefully_a0ed61,Emergent_autonomy_carefully_dedeae,0.9930808418412695,70162.34,70177.19,True,False
Emergent_abstraction_carefully_a0ed61,Emergent_abstraction_ambiguity_353967,0.9921734869847942,70162.34,70192.29,True,False
Emergent_abstraction_carefully_a0ed61,Emergent_appears_asymmetry_8dba4c,0.9929724187978082,70162.34,70208.37,True,False
Emergent_abstraction_carefully_a0ed61,Emergent_appears_asymmetry_9e9e75,0.9914774201715757,70162.34,70221.09,True,False
Emergent_abstraction_carefully_a0ed61,Emergent_bounded_contradiction_d8e7d7,0.992902632573142,70162.34,70234.0,True,False
Emergent_abstraction_carefully_a0ed61,Emergent_attention_bounded_c919d0,0.993080837944126,70162.34,70234.34,True,False
Emergent_abstraction_carefully_a0ed61,Emergent_autonomy_collective_461851,0.9930607917798264,70162.34,70250.32,True,False
Emergent_abstraction_carefully_a0ed61,Emergent_constraint_coupling_2bd0bf,0.9922362263469788,70162.34,70298.87,True,False
Emergent_abstraction_carefully_a0ed61,Emergent_abstraction_bounded_77e339,0.9930609029082176,70162.34,70315.5,True,False
Emergent_abstraction_carefully_a0ed61,Emergent_abstraction_analogy_1639a2,0.9923356850150515,70162.34,70332.51,True,False
Emergent_abstraction_carefully_a0ed61,Emergent_analogy_appears_18b183,0.9930808351099807,70162.34,70332.85,True,False
Emergent_abstraction_carefully_a0ed61,Emergent_analogy_constraint_75e1d0,0.9930808285585375,70162.34,70349.24,True,False
Emergent_abstraction_carefully_a0ed61,Emergent_belief_revision_clarity_6ff780,0.992498300294508,70162.34,70364.52,True,False
Emergent_abstraction_carefully_a0ed61,Emergent_abstraction_analogy_a99238,0.9917419623274277,70162.34,70379.98,True,False
Emergent_abstraction_carefully_a0ed61,Emergent_analogy_autonomy_581819,0.9914732625458726,70162.34,70395.88,True,False
Emergent_abstraction_carefully_a0ed61,Emergent_autonomy_collective_b1eda1,0.9920752517764291,70162.34,70410.14,True,False
Emergent_abstraction_carefully_a0ed61,Emergent_belief_revision_bounded_6c1d78,0.993080504571799,70162.34,70441.27,True,False
Emergent_abstraction_carefully_a0ed61,Emergent_abstraction_attention_ca8b9f,0.9917121149771431,70162.34,70473.6,True,False
Emergent_abstraction_carefully_a0ed61,Emergent_analogy_autonomy_2771b0,0.9930809260175553,70162.34,70492.35,True,False
Emergent_abstraction_carefully_a0ed61,Emergent_analogy_autonomy_a3a02c,0.9930808464656298,70162.34,70509.74,True,False
Emergent_abstraction_carefully_a0ed61,Emergent_analogy_attention_3c3dd6,0.9919152984218316,70162.34,70527.58,True,False
Emergent_abstraction_carefully_a0ed61,Emergent_appears_asymmetry_ecd8f7,0.9921902286607727,70162.34,70580.54,True,False
Emergent_abstraction_carefully_a0ed61,Emergent_analogy_autonomy_2be585,0.9917323977392107,70162.34,70628.87,True,False
Emergent_abstraction_carefully_a0ed61,Emergent_analogy_autonomy_fb4c5a,0.9930801302207362,70162.34,70646.8,True,False
Emergent_abstraction_carefully_a0ed61,Emergent_abstraction_contradiction_5c7672,0.9930791642490095,70162.34,70663.94,True,False
Emergent_abstraction_carefully_a0ed61,Emergent_anticipation_contradiction_81226c,0.9930791642490095,70162.34,70664.28,True,False
Emergent_abstraction_carefully_a0ed61,Emergent_feedback_identity_129d8f,0.9930711851208971,70162.34,70717.68,True,False
Emergent_abstraction_carefully_a0ed61,Emergent_abstraction_analogy_82c26e,0.9930468381525208,70162.34,70737.2,True,False
Emergent_abstraction_carefully_a0ed61,Emergent_analogy_bounded_185c87,0.992185543030436,70162.34,70812.14,True,False
Emergent_abstraction_carefully_a0ed61,Emergent_attention_carefully_f521e2,0.9925161586264051,70162.34,70867.72,True,False
Emergent_abstraction_carefully_a0ed61,Emergent_carefully_cognition_d8aefa,0.9927481278330719,70162.34,70868.06,True,False
Emergent_abstraction_carefully_a0ed61,Emergent_bounded_contradiction_fc87f1,0.9928649226504147,70162.34,70884.61,True,False
Emergent_abstraction_carefully_a0ed61,Emergent_autonomy_carefully_659b9f,0.9911014766592059,70162.34,70905.03,True,False
Emergent_abstraction_carefully_a0ed61,Emergent_anticipation_appears_dac47e,0.9915998514374269,70162.34,70924.61,True,False
Emergent_abstraction_carefully_a0ed61,Emergent_analogy_chaos_1ab952,0.9920492664010572,70162.34,70963.32,True,False
Emergent_abstraction_carefully_a0ed61,Emergent_autonomy_bounded_72bafc,0.9925978793603549,70162.34,70983.91,True,False
Emergent_abstraction_carefully_a0ed61,Emergent_analogy_anticipation_7d7764,0.9884788312320607,70162.34,71003.07,True,False
Emergent_abstraction_carefully_a0ed61,Emergent_analogy_chaos_8f3c3f,0.9883025381859329,70162.34,71003.41,True,False
Emergent_abstraction_carefully_a0ed61,Emergent_analogy_anticipation_138cb7,0.9923621431951903,70162.34,71041.6,True,False
Emergent_abstraction_carefully_a0ed61,Emergent_autonomy_bounded_94d9e2,0.9922070332778996,70162.34,71062.84,True,False
Emergent_abstraction_carefully_a0ed61,Emergent_autonomy_clarity_d6bec2,0.9768071996179746,70162.34,71084.59,True,False
Emergent_abstraction_carefully_a0ed61,Emergent_anticipation_autonomy_573275,0.978581199905405,70162.34,71084.93,True,False
Emergent_abstraction_carefully_a0ed61,Emergent_anticipation_autonomy_a66f28,0.9931015359333248,70162.34,71104.44,True,False
Emergent_abstraction_carefully_a0ed61,Emergent_abstraction_attention_9ebe0c,0.9942351989999998,70162.34,71122.94,True,False
Emergent_abstraction_carefully_a0ed61,Emergent_anticipation_bounded_6c16c4,0.9942351989999998,70162.34,71123.28,True,False
Emergent_abstraction_carefully_a0ed61,Emergent_autonomy_coherence_a41799,0.9882350999999998,70162.34,71183.34,True,False
Emergent_abstraction_autonomy_c124af,Emergent_autonomy_carefully_dedeae,0.9933718777039622,70176.85,70177.19,True,False
Emergent_abstraction_autonomy_c124af,Emergent_abstraction_ambiguity_353967,0.9921734869847942,70176.85,70192.29,True,False
Emergent_abstraction_autonomy_c124af,Emergent_appears_asymmetry_8dba4c,0.9929724187978082,70176.85,70208.37,True,False
Emergent_abstraction_autonomy_c124af,Emergent_appears_asymmetry_9e9e75,0.9914774201715757,70176.85,70221.09,True,False
Emergent_abstraction_autonomy_c124af,Emergent_bounded_contradiction_d8e7d7,0.992902632573142,70176.85,70234.0,True,False
Emergent_abstraction_autonomy_c124af,Emergent_attention_bounded_c919d0,0.9931876273949816,70176.85,70234.34,True,False
Emergent_abstraction_autonomy_c124af,Emergent_autonomy_collective_461851,0.9930607917798264,70176.85,70250.32,True,False
Emergent_abstraction_autonomy_c124af,Emergent_constraint_coupling_2bd0bf,0.9922362263469788,70176.85,70298.87,True,False
Emergent_abstraction_autonomy_c124af,Emergent_abstraction_bounded_77e339,0.9930609029082176,70176.85,70315.5,True,False
Emergent_abstraction_autonomy_c124af,Emergent_abstraction_analogy_1639a2,0.9923356850150515,70176.85,70332.51,True,False
Emergent_abstraction_autonomy_c124af,Emergent_analogy_appears_18b183,0.9933091453357425,70176.85,70332.85,True,False
Emergent_abstraction_autonomy_c124af,Emergent_analogy_constraint_75e1d0,0.9931662410136419,70176.85,70349.24,True,False
Emergent_abstraction_autonomy_c124af,Emergent_belief_revision_clarity_6ff780,0.992498300294508,70176.85,70364.52,True,False
Emergent_abstraction_autonomy_c124af,Emergent_abstraction_analogy_a99238,0.9917419623274277,70176.85,70379.98,True,False
Emergent_abstraction_autonomy_c124af,Emergent_analogy_autonomy_581819,0.9914732625458726,70176.85,70395.88,True,False
Emergent_abstraction_autonomy_c124af,Emergent_autonomy_collective_b1eda1,0.9920752517764291,70176.85,70410.14,True,False
Emergent_abstraction_autonomy_c124af,Emergent_belief_revision_bounded_6c1d78,0.9931699255669444,70176.85,70441.27,True,False
Emergent_abstraction_autonomy_c124af,Emergent_abstraction_attention_ca8b9f,0.9917121149771431,70176.85,70473.6,True,False
Emergent_abstraction_autonomy_c124af,Emergent_analogy_autonomy_2771b0,0.9931243311746545,70176.85,70492.35,True,False
Emergent_abstraction_autonomy_c124af,Emergent_analogy_autonomy_a3a02c,0.9931144981420246,70176.85,70509.74,True,False
Emergent_abstraction_autonomy_c124af,Emergent_analogy_attention_3c3dd6,0.9919152984218316,70176.85,70527.58,True,False
Emergent_abstraction_autonomy_c124af,Emergent_appears_asymmetry_ecd8f7,0.9921902286607727,70176.85,70580.54,True,False
Emergent_abstraction_autonomy_c124af,Emergent_analogy_autonomy_2be585,0.9917323977392107,70176.85,70628.87,True,False
Emergent_abstraction_autonomy_c124af,Emergent_analogy_autonomy_fb4c5a,0.9931930062179009,70176.85,70646.8,True,False
Emergent_abstraction_autonomy_c124af,Emergent_abstraction_contradiction_5c7672,0.9931801817399728,70176.85,70663.94,True,False
Emergent_abstraction_autonomy_c124af,Emergent_anticipation_contradiction_81226c,0.9933697267321262,70176.85,70664.28,True,False
Emergent_abstraction_autonomy_c124af,Emergent_feedback_identity_129d8f,0.9930711851208971,70176.85,70717.68,True,False
Emergent_abstraction_autonomy_c124af,Emergent_abstraction_analogy_82c26e,0.9931630623410013,70176.85,70737.2,True,False
Emergent_abstraction_autonomy_c124af,Emergent_analogy_bounded_185c87,0.992185543030436,70176.85,70812.14,True,False
Emergent_abstraction_autonomy_c124af,Emergent_attention_carefully_f521e2,0.9925161586264051,70176.85,70867.72,True,False
Emergent_abstraction_autonomy_c124af,Emergent_carefully_cognition_d8aefa,0.9927481278330719,70176.85,70868.06,True,False
Emergent_abstraction_autonomy_c124af,Emergent_bounded_contradiction_fc87f1,0.9928649226504147,70176.85,70884.61,True,False
Emergent_abstraction_autonomy_c124af,Emergent_autonomy_carefully_659b9f,0.9911014766592059,70176.85,70905.03,True,False
Emergent_abstraction_autonomy_c124af,Emergent_anticipation_appears_dac47e,0.9915998514374269,70176.85,70924.61,True,False
Emergent_abstraction_autonomy_c124af,Emergent_analogy_chaos_1ab952,0.9920492664010572,70176.85,70963.32,True,False
Emergent_abstraction_autonomy_c124af,Emergent_autonomy_bounded_72bafc,0.9927023428936324,70176.85,70983.91,True,False
Emergent_abstraction_autonomy_c124af,Emergent_analogy_anticipation_7d7764,0.9884788312320607,70176.85,71003.07,True,False
Emergent_abstraction_autonomy_c124af,Emergent_analogy_chaos_8f3c3f,0.9883025381859329,70176.85,71003.41,True,False
Emergent_abstraction_autonomy_c124af,Emergent_analogy_anticipation_138cb7,0.9923621431951903,70176.85,71041.6,True,False
Emergent_abstraction_autonomy_c124af,Emergent_autonomy_bounded_94d9e2,0.9922070332778996,70176.85,71062.84,True,False
Emergent_abstraction_autonomy_c124af,Emergent_autonomy_clarity_d6bec2,0.9768071996179746,70176.85,71084.59,True,False
Emergent_abstraction_autonomy_c124af,Emergent_anticipation_autonomy_573275,0.978581199905405,70176.85,71084.93,True,False
Emergent_abstraction_autonomy_c124af,Emergent_anticipation_autonomy_a66f28,0.9931015359333248,70176.85,71104.44,True,False
Emergent_abstraction_autonomy_c124af,Emergent_abstraction_attention_9ebe0c,0.9942351989999998,70176.85,71122.94,True,False
Emergent_abstraction_autonomy_c124af,Emergent_anticipation_bounded_6c16c4,0.9942351989999998,70176.85,71123.28,True,False
Emergent_abstraction_autonomy_c124af,Emergent_autonomy_coherence_a41799,0.9882350999999998,70176.85,71183.34,True,False
Emergent_autonomy_carefully_dedeae,Emergent_abstraction_ambiguity_353967,0.9921734869847942,70177.19,70192.29,True,False
Emergent_autonomy_carefully_dedeae,Emergent_appears_asymmetry_8dba4c,0.9929724187978082,70177.19,70208.37,True,False
Emergent_autonomy_carefully_dedeae,Emergent_appears_asymmetry_9e9e75,0.9914774201715757,70177.19,70221.09,True,False
Emergent_autonomy_carefully_dedeae,Emergent_bounded_contradiction_d8e7d7,0.992902632573142,70177.19,70234.0,True,False
Emergent_autonomy_carefully_dedeae,Emergent_attention_bounded_c919d0,0.9931876273949816,70177.19,70234.34,True,False
Emergent_autonomy_carefully_dedeae,Emergent_autonomy_collective_461851,0.9930607917798264,70177.19,70250.32,True,False
Emergent_autonomy_carefully_dedeae,Emergent_constraint_coupling_2bd0bf,0.9922362263469788,70177.19,70298.87,True,False
Emergent_autonomy_carefully_dedeae,Emergent_abstraction_bounded_77e339,0.9930609029082176,70177.19,70315.5,True,False
Emergent_autonomy_carefully_dedeae,Emergent_abstraction_analogy_1639a2,0.9923356850150515,70177.19,70332.51,True,False
Emergent_autonomy_carefully_dedeae,Emergent_analogy_appears_18b183,0.9933091453357425,70177.19,70332.85,True,False
Emergent_autonomy_carefully_dedeae,Emergent_analogy_constraint_75e1d0,0.9931662410136419,70177.19,70349.24,True,False
Emergent_autonomy_carefully_dedeae,Emergent_belief_revision_clarity_6ff780,0.992498300294508,70177.19,70364.52,True,False
Emergent_autonomy_carefully_dedeae,Emergent_abstraction_analogy_a99238,0.9917419623274277,70177.19,70379.98,True,False
Emergent_autonomy_carefully_dedeae,Emergent_analogy_autonomy_581819,0.9914732625458726,70177.19,70395.88,True,False
Emergent_autonomy_carefully_dedeae,Emergent_autonomy_collective_b1eda1,0.9920752517764291,70177.19,70410.14,True,False
Emergent_autonomy_carefully_dedeae,Emergent_belief_revision_bounded_6c1d78,0.9931699255669444,70177.19,70441.27,True,False
Emergent_autonomy_carefully_dedeae,Emergent_abstraction_attention_ca8b9f,0.9917121149771431,70177.19,70473.6,True,False
Emergent_autonomy_carefully_dedeae,Emergent_analogy_autonomy_2771b0,0.9931243311746545,70177.19,70492.35,True,False
Emergent_autonomy_carefully_dedeae,Emergent_analogy_autonomy_a3a02c,0.9931144981420246,70177.19,70509.74,True,False
Emergent_autonomy_carefully_dedeae,Emergent_analogy_attention_3c3dd6,0.9919152984218316,70177.19,70527.58,True,False
Emergent_autonomy_carefully_dedeae,Emergent_appears_asymmetry_ecd8f7,0.9921902286607727,70177.19,70580.54,True,False
Emergent_autonomy_carefully_dedeae,Emergent_analogy_autonomy_2be585,0.9917323977392107,70177.19,70628.87,True,False
Emergent_autonomy_carefully_dedeae,Emergent_analogy_autonomy_fb4c5a,0.9931930062179009,70177.19,70646.8,True,False
Emergent_autonomy_carefully_dedeae,Emergent_abstraction_contradiction_5c7672,0.9931801817399728,70177.19,70663.94,True,False
Emergent_autonomy_carefully_dedeae,Emergent_anticipation_contradiction_81226c,0.9934232379229617,70177.19,70664.28,True,False
Emergent_autonomy_carefully_dedeae,Emergent_feedback_identity_129d8f,0.9930711851208971,70177.19,70717.68,True,False
Emergent_autonomy_carefully_dedeae,Emergent_abstraction_analogy_82c26e,0.9931630623410013,70177.19,70737.2,True,False
Emergent_autonomy_carefully_dedeae,Emergent_analogy_bounded_185c87,0.992185543030436,70177.19,70812.14,True,False
Emergent_autonomy_carefully_dedeae,Emergent_attention_carefully_f521e2,0.9925161586264051,70177.19,70867.72,True,False
Emergent_autonomy_carefully_dedeae,Emergent_carefully_cognition_d8aefa,0.9927481278330719,70177.19,70868.06,True,False
Emergent_autonomy_carefully_dedeae,Emergent_bounded_contradiction_fc87f1,0.9928649226504147,70177.19,70884.61,True,False
Emergent_autonomy_carefully_dedeae,Emergent_autonomy_carefully_659b9f,0.9911014766592059,70177.19,70905.03,True,False
Emergent_autonomy_carefully_dedeae,Emergent_anticipation_appears_dac47e,0.9915998514374269,70177.19,70924.61,True,False
Emergent_autonomy_carefully_dedeae,Emergent_analogy_chaos_1ab952,0.9920492664010572,70177.19,70963.32,True,False
Emergent_autonomy_carefully_dedeae,Emergent_autonomy_bounded_72bafc,0.9927023428936324,70177.19,70983.91,True,False
Emergent_autonomy_carefully_dedeae,Emergent_analogy_anticipation_7d7764,0.9884788312320607,70177.19,71003.07,True,False
Emergent_autonomy_carefully_dedeae,Emergent_analogy_chaos_8f3c3f,0.9883025381859329,70177.19,71003.41,True,False
Emergent_autonomy_carefully_dedeae,Emergent_analogy_anticipation_138cb7,0.9923621431951903,70177.19,71041.6,True,False
Emergent_autonomy_carefully_dedeae,Emergent_autonomy_bounded_94d9e2,0.9922070332778996,70177.19,71062.84,True,False
Emergent_autonomy_carefully_dedeae,Emergent_autonomy_clarity_d6bec2,0.9768071996179746,70177.19,71084.59,True,False
Emergent_autonomy_carefully_dedeae,Emergent_anticipation_autonomy_573275,0.978581199905405,70177.19,71084.93,True,False
Emergent_autonomy_carefully_dedeae,Emergent_anticipation_autonomy_a66f28,0.9931015359333248,70177.19,71104.44,True,False
Emergent_autonomy_carefully_dedeae,Emergent_abstraction_attention_9ebe0c,0.9942351989999998,70177.19,71122.94,True,False
Emergent_autonomy_carefully_dedeae,Emergent_anticipation_bounded_6c16c4,0.9942351989999998,70177.19,71123.28,True,False
Emergent_autonomy_carefully_dedeae,Emergent_autonomy_coherence_a41799,0.9882350999999998,70177.19,71183.34,True,False
Emergent_abstraction_ambiguity_353967,Emergent_appears_asymmetry_8dba4c,0.9921734863553315,70192.29,70208.37,True,False
Emergent_abstraction_ambiguity_353967,Emergent_appears_asymmetry_9e9e75,0.9914774201715757,70192.29,70221.09,True,False
Emergent_abstraction_ambiguity_353967,Emergent_bounded_contradiction_d8e7d7,0.9921734818911856,70192.29,70234.0,True,False
Emergent_abstraction_ambiguity_353967,Emergent_attention_bounded_c919d0,0.9921734820089598,70192.29,70234.34,True,False
Emergent_abstraction_ambiguity_353967,Emergent_autonomy_collective_461851,0.9921734860476645,70192.29,70250.32,True,False
Emergent_abstraction_ambiguity_353967,Emergent_constraint_coupling_2bd0bf,0.9921734889042084,70192.29,70298.87,True,False
Emergent_abstraction_ambiguity_353967,Emergent_abstraction_bounded_77e339,0.9921734856940012,70192.29,70315.5,True,False
Emergent_abstraction_ambiguity_353967,Emergent_abstraction_analogy_1639a2,0.9921734811079912,70192.29,70332.51,True,False
Emergent_abstraction_ambiguity_353967,Emergent_analogy_appears_18b183,0.9921734811079912,70192.29,70332.85,True,False
Emergent_abstraction_ambiguity_353967,Emergent_analogy_constraint_75e1d0,0.992173474556548,70192.29,70349.24,True,False
Emergent_abstraction_ambiguity_353967,Emergent_belief_revision_clarity_6ff780,0.9921734636374762,70192.29,70364.52,True,False
Emergent_abstraction_ambiguity_353967,Emergent_abstraction_analogy_a99238,0.9917419623274277,70192.29,70379.98,True,False
Emergent_abstraction_ambiguity_353967,Emergent_analogy_autonomy_581819,0.9914732625458726,70192.29,70395.88,True,False
Emergent_abstraction_ambiguity_353967,Emergent_autonomy_collective_b1eda1,0.9920752517764291,70192.29,70410.14,True,False
Emergent_abstraction_ambiguity_353967,Emergent_belief_revision_bounded_6c1d78,0.992173142979454,70192.29,70441.27,True,False
Emergent_abstraction_ambiguity_353967,Emergent_abstraction_attention_ca8b9f,0.9917121149771431,70192.29,70473.6,True,False
Emergent_abstraction_ambiguity_353967,Emergent_analogy_autonomy_2771b0,0.9921735254901665,70192.29,70492.35,True,False
Emergent_abstraction_ambiguity_353967,Emergent_analogy_autonomy_a3a02c,0.992173547713699,70192.29,70509.74,True,False
Emergent_abstraction_ambiguity_353967,Emergent_analogy_attention_3c3dd6,0.9919152984218316,70192.29,70527.58,True,False
Emergent_abstraction_ambiguity_353967,Emergent_appears_asymmetry_ecd8f7,0.9921723200221606,70192.29,70580.54,True,False
Emergent_abstraction_ambiguity_353967,Emergent_analogy_autonomy_2be585,0.9917323977392107,70192.29,70628.87,True,False
Emergent_abstraction_ambiguity_353967,Emergent_analogy_autonomy_fb4c5a,0.9921735141095169,70192.29,70646.8,True,False
Emergent_abstraction_ambiguity_353967,Emergent_abstraction_contradiction_5c7672,0.9921725481377901,70192.29,70663.94,True,False
Emergent_abstraction_ambiguity_353967,Emergent_anticipation_contradiction_81226c,0.9921725481377901,70192.29,70664.28,True,False
Emergent_abstraction_ambiguity_353967,Emergent_feedback_identity_129d8f,0.9921688986812829,70192.29,70717.68,True,False
Emergent_abstraction_ambiguity_353967,Emergent_abstraction_analogy_82c26e,0.9921381647664131,70192.29,70737.2,True,False
Emergent_abstraction_ambiguity_353967,Emergent_analogy_bounded_185c87,0.9920246191609166,70192.29,70812.14,True,False
Emergent_abstraction_ambiguity_353967,Emergent_attention_carefully_f521e2,0.9922207140084334,70192.29,70867.72,True,False
Emergent_abstraction_ambiguity_353967,Emergent_carefully_cognition_d8aefa,0.9922207140084334,70192.29,70868.06,True,False
Emergent_abstraction_ambiguity_353967,Emergent_bounded_contradiction_fc87f1,0.9921865173228774,70192.29,70884.61,True,False
Emergent_abstraction_ambiguity_353967,Emergent_autonomy_carefully_659b9f,0.9911014766592059,70192.29,70905.03,True,False
Emergent_abstraction_ambiguity_353967,Emergent_anticipation_appears_dac47e,0.9915998514374269,70192.29,70924.61,True,False
Emergent_abstraction_ambiguity_353967,Emergent_analogy_chaos_1ab952,0.9919541015373394,70192.29,70963.32,True,False
Emergent_abstraction_ambiguity_353967,Emergent_autonomy_bounded_72bafc,0.9917261213138406,70192.29,70983.91,True,False
Emergent_abstraction_ambiguity_353967,Emergent_analogy_anticipation_7d7764,0.9884788312320607,70192.29,71003.07,True,False
Emergent_abstraction_ambiguity_353967,Emergent_analogy_chaos_8f3c3f,0.9883025381859329,70192.29,71003.41,True,False
Emergent_abstraction_ambiguity_353967,Emergent_analogy_anticipation_138cb7,0.9922624467431018,70192.29,71041.6,True,False
Emergent_abstraction_ambiguity_353967,Emergent_autonomy_bounded_94d9e2,0.9915212343058202,70192.29,71062.84,True,False
Emergent_abstraction_ambiguity_353967,Emergent_autonomy_clarity_d6bec2,0.9768071996179746,70192.29,71084.59,True,False
Emergent_abstraction_ambiguity_353967,Emergent_anticipation_autonomy_573275,0.9777034990356075,70192.29,71084.93,True,False
Emergent_abstraction_ambiguity_353967,Emergent_anticipation_autonomy_a66f28,0.9931015359333248,70192.29,71104.44,True,False
Emergent_abstraction_ambiguity_353967,Emergent_abstraction_attention_9ebe0c,0.9942351989999998,70192.29,71122.94,True,False
Emergent_abstraction_ambiguity_353967,Emergent_anticipation_bounded_6c16c4,0.9942351989999998,70192.29,71123.28,True,False
Emergent_abstraction_ambiguity_353967,Emergent_autonomy_coherence_a41799,0.9882350999999998,70192.29,71183.34,True,False
Emergent_appears_asymmetry_8dba4c,Emergent_appears_asymmetry_9e9e75,0.9914774182831876,70208.37,70221.09,True,False
Emergent_appears_asymmetry_8dba4c,Emergent_bounded_contradiction_d8e7d7,0.992902632573142,70208.37,70234.0,True,False
Emergent_appears_asymmetry_8dba4c,Emergent_attention_bounded_c919d0,0.9929724150285821,70208.37,70234.34,True,False
Emergent_appears_asymmetry_8dba4c,Emergent_autonomy_collective_461851,0.9929724181839601,70208.37,70250.32,True,False
Emergent_appears_asymmetry_8dba4c,Emergent_constraint_coupling_2bd0bf,0.9922362263469788,70208.37,70298.87,True,False
Emergent_appears_asymmetry_8dba4c,Emergent_abstraction_bounded_77e339,0.9929724173856045,70208.37,70315.5,True,False
Emergent_appears_asymmetry_8dba4c,Emergent_abstraction_analogy_1639a2,0.9923356850150515,70208.37,70332.51,True,False
Emergent_appears_asymmetry_8dba4c,Emergent_analogy_appears_18b183,0.9929724127995943,70208.37,70332.85,True,False
Emergent_appears_asymmetry_8dba4c,Emergent_analogy_constraint_75e1d0,0.9929724062481511,70208.37,70349.24,True,False
Emergent_appears_asymmetry_8dba4c,Emergent_belief_revision_clarity_6ff780,0.992498300294508,70208.37,70364.52,True,False
Emergent_appears_asymmetry_8dba4c,Emergent_abstraction_analogy_a99238,0.9917419623274277,70208.37,70379.98,True,False
Emergent_appears_asymmetry_8dba4c,Emergent_analogy_autonomy_581819,0.9914732625458726,70208.37,70395.88,True,False
Emergent_appears_asymmetry_8dba4c,Emergent_autonomy_collective_b1eda1,0.9920752517764291,70208.37,70410.14,True,False
Emergent_appears_asymmetry_8dba4c,Emergent_belief_revision_bounded_6c1d78,0.9929720798853443,70208.37,70441.27,True,False
Emergent_appears_asymmetry_8dba4c,Emergent_abstraction_attention_ca8b9f,0.9917121149771431,70208.37,70473.6,True,False
Emergent_appears_asymmetry_8dba4c,Emergent_analogy_autonomy_2771b0,0.9929724939050315,70208.37,70492.35,True,False
Emergent_appears_asymmetry_8dba4c,Emergent_analogy_autonomy_a3a02c,0.9929724390695656,70208.37,70509.74,True,False
Emergent_appears_asymmetry_8dba4c,Emergent_analogy_attention_3c3dd6,0.9919152984218316,70208.37,70527.58,True,False
Emergent_appears_asymmetry_8dba4c,Emergent_appears_asymmetry_ecd8f7,0.9921902286607727,70208.37,70580.54,True,False
Emergent_appears_asymmetry_8dba4c,Emergent_analogy_autonomy_2be585,0.9917323977392107,70208.37,70628.87,True,False
Emergent_appears_asymmetry_8dba4c,Emergent_analogy_autonomy_fb4c5a,0.9929719365170324,70208.37,70646.8,True,False
Emergent_appears_asymmetry_8dba4c,Emergent_abstraction_contradiction_5c7672,0.9929709705453056,70208.37,70663.94,True,False
Emergent_appears_asymmetry_8dba4c,Emergent_anticipation_contradiction_81226c,0.9929709705453056,70208.37,70664.28,True,False
Emergent_appears_asymmetry_8dba4c,Emergent_feedback_identity_129d8f,0.9929673064450746,70208.37,70717.68,True,False
Emergent_appears_asymmetry_8dba4c,Emergent_abstraction_analogy_82c26e,0.9929380004439692,70208.37,70737.2,True,False
Emergent_appears_asymmetry_8dba4c,Emergent_analogy_bounded_185c87,0.992185543030436,70208.37,70812.14,True,False
Emergent_appears_asymmetry_8dba4c,Emergent_attention_carefully_f521e2,0.9925161586264051,70208.37,70867.72,True,False
Emergent_appears_asymmetry_8dba4c,Emergent_carefully_cognition_d8aefa,0.9927481278330719,70208.37,70868.06,True,False
Emergent_appears_asymmetry_8dba4c,Emergent_bounded_contradiction_fc87f1,0.9928649226504147,70208.37,70884.61,True,False
Emergent_appears_asymmetry_8dba4c,Emergent_autonomy_carefully_659b9f,0.9911014766592059,70208.37,70905.03,True,False
Emergent_appears_asymmetry_8dba4c,Emergent_anticipation_appears_dac47e,0.9915998514374269,70208.37,70924.61,True,False
Emergent_appears_asymmetry_8dba4c,Emergent_analogy_chaos_1ab952,0.9920492664010572,70208.37,70963.32,True,False
Emergent_appears_asymmetry_8dba4c,Emergent_autonomy_bounded_72bafc,0.9925005975492642,70208.37,70983.91,True,False
Emergent_appears_asymmetry_8dba4c,Emergent_analogy_anticipation_7d7764,0.9884788312320607,70208.37,71003.07,True,False
Emergent_appears_asymmetry_8dba4c,Emergent_analogy_chaos_8f3c3f,0.9883025381859329,70208.37,71003.41,True,False
Emergent_appears_asymmetry_8dba4c,Emergent_analogy_anticipation_138cb7,0.9923621431951903,70208.37,71041.6,True,False
Emergent_appears_asymmetry_8dba4c,Emergent_autonomy_bounded_94d9e2,0.9922066841962018,70208.37,71062.84,True,False
Emergent_appears_asymmetry_8dba4c,Emergent_autonomy_clarity_d6bec2,0.9768071996179746,70208.37,71084.59,True,False
Emergent_appears_asymmetry_8dba4c,Emergent_anticipation_autonomy_573275,0.978581199905405,70208.37,71084.93,True,False
Emergent_appears_asymmetry_8dba4c,Emergent_anticipation_autonomy_a66f28,0.9931015359333248,70208.37,71104.44,True,False
Emergent_appears_asymmetry_8dba4c,Emergent_abstraction_attention_9ebe0c,0.9942351989999998,70208.37,71122.94,True,False
Emergent_appears_asymmetry_8dba4c,Emergent_anticipation_bounded_6c16c4,0.9942351989999998,70208.37,71123.28,True,False
Emergent_appears_asymmetry_8dba4c,Emergent_autonomy_coherence_a41799,0.9882350999999998,70208.37,71183.34,True,False
Emergent_appears_asymmetry_9e9e75,Emergent_bounded_contradiction_d8e7d7,0.99147741512348,70221.09,70234.0,True,False
Emergent_appears_asymmetry_9e9e75,Emergent_attention_bounded_c919d0,0.9914774152362522,70221.09,70234.34,True,False
Emergent_appears_asymmetry_9e9e75,Emergent_autonomy_collective_461851,0.9914774200387249,70221.09,70250.32,True,False
Emergent_appears_asymmetry_9e9e75,Emergent_constraint_coupling_2bd0bf,0.9914774232797716,70221.09,70298.87,True,False
Emergent_appears_asymmetry_9e9e75,Emergent_abstraction_bounded_77e339,0.9914774200695644,70221.09,70315.5,True,False
Emergent_appears_asymmetry_9e9e75,Emergent_abstraction_analogy_1639a2,0.9914774154835542,70221.09,70332.51,True,False
Emergent_appears_asymmetry_9e9e75,Emergent_analogy_appears_18b183,0.9914774154835542,70221.09,70332.85,True,False
Emergent_appears_asymmetry_9e9e75,Emergent_analogy_constraint_75e1d0,0.9914774089321112,70221.09,70349.24,True,False
Emergent_appears_asymmetry_9e9e75,Emergent_belief_revision_clarity_6ff780,0.9914773980130394,70221.09,70364.52,True,False
Emergent_appears_asymmetry_9e9e75,Emergent_abstraction_analogy_a99238,0.9914773995729069,70221.09,70379.98,True,False
Emergent_appears_asymmetry_9e9e75,Emergent_analogy_autonomy_581819,0.9914732625458726,70221.09,70395.88,True,False
Emergent_appears_asymmetry_9e9e75,Emergent_autonomy_collective_b1eda1,0.991477382531663,70221.09,70410.14,True,False
Emergent_appears_asymmetry_9e9e75,Emergent_belief_revision_bounded_6c1d78,0.9914770728464883,70221.09,70441.27,True,False
Emergent_appears_asymmetry_9e9e75,Emergent_abstraction_attention_ca8b9f,0.9914770401953004,70221.09,70473.6,True,False
Emergent_appears_asymmetry_9e9e75,Emergent_analogy_autonomy_2771b0,0.9914774281129937,70221.09,70492.35,True,False
Emergent_appears_asymmetry_9e9e75,Emergent_analogy_autonomy_a3a02c,0.9914775169655217,70221.09,70509.74,True,False
Emergent_appears_asymmetry_9e9e75,Emergent_analogy_attention_3c3dd6,0.9914764070381992,70221.09,70527.58,True,False
Emergent_appears_asymmetry_9e9e75,Emergent_appears_asymmetry_ecd8f7,0.9914761711039963,70221.09,70580.54,True,False
Emergent_appears_asymmetry_9e9e75,Emergent_analogy_autonomy_2be585,0.9914746448865737,70221.09,70628.87,True,False
Emergent_appears_asymmetry_9e9e75,Emergent_analogy_autonomy_fb4c5a,0.9914778888371198,70221.09,70646.8,True,False
Emergent_appears_asymmetry_9e9e75,Emergent_abstraction_contradiction_5c7672,0.991476922865393,70221.09,70663.94,True,False
Emergent_appears_asymmetry_9e9e75,Emergent_anticipation_contradiction_81226c,0.991476922865393,70221.09,70664.28,True,False
Emergent_appears_asymmetry_9e9e75,Emergent_feedback_identity_129d8f,0.9914732860705686,70221.09,70717.68,True,False
Emergent_appears_asymmetry_9e9e75,Emergent_abstraction_analogy_82c26e,0.991441317511315,70221.09,70737.2,True,False
Emergent_appears_asymmetry_9e9e75,Emergent_analogy_bounded_185c87,0.9913284727744038,70221.09,70812.14,True,False
Emergent_appears_asymmetry_9e9e75,Emergent_attention_carefully_f521e2,0.9915294558106282,70221.09,70867.72,True,False
Emergent_appears_asymmetry_9e9e75,Emergent_carefully_cognition_d8aefa,0.9915294558106282,70221.09,70868.06,True,False
Emergent_appears_asymmetry_9e9e75,Emergent_bounded_contradiction_fc87f1,0.9914952591250723,70221.09,70884.61,True,False
Emergent_appears_asymmetry_9e9e75,Emergent_autonomy_carefully_659b9f,0.9911014766592059,70221.09,70905.03,True,False
Emergent_appears_asymmetry_9e9e75,Emergent_anticipation_appears_dac47e,0.9915202658364795,70221.09,70924.61,True,False
Emergent_appears_asymmetry_9e9e75,Emergent_analogy_chaos_1ab952,0.9912781401994724,70221.09,70963.32,True,False
Emergent_appears_asymmetry_9e9e75,Emergent_autonomy_bounded_72bafc,0.9910512010781378,70221.09,70983.91,True,False
Emergent_appears_asymmetry_9e9e75,Emergent_analogy_anticipation_7d7764,0.9877416508286332,70221.09,71003.07,True,False
Emergent_appears_asymmetry_9e9e75,Emergent_analogy_chaos_8f3c3f,0.9877342287529949,70221.09,71003.41,True,False
Emergent_appears_asymmetry_9e9e75,Emergent_analogy_anticipation_138cb7,0.9916582167520607,70221.09,71041.6,True,False
Emergent_appears_asymmetry_9e9e75,Emergent_autonomy_bounded_94d9e2,0.9909232906212664,70221.09,71062.84,True,False
Emergent_appears_asymmetry_9e9e75,Emergent_autonomy_clarity_d6bec2,0.9767200489931251,70221.09,71084.59,True,False
Emergent_appears_asymmetry_9e9e75,Emergent_anticipation_autonomy_573275,0.9769365973571575,70221.09,71084.93,True,False
Emergent_appears_asymmetry_9e9e75,Emergent_anticipation_autonomy_a66f28,0.9924335029064975,70221.09,71104.44,True,False
Emergent_appears_asymmetry_9e9e75,Emergent_abstraction_attention_9ebe0c,0.9942351989999998,70221.09,71122.94,True,False
Emergent_appears_asymmetry_9e9e75,Emergent_anticipation_bounded_6c16c4,0.9942351989999998,70221.09,71123.28,True,False
Emergent_appears_asymmetry_9e9e75,Emergent_autonomy_coherence_a41799,0.9882350999999998,70221.09,71183.34,True,False
Emergent_bounded_contradiction_d8e7d7,Emergent_attention_bounded_c919d0,0.99290263002018,70234.0,70234.34,True,False
Emergent_bounded_contradiction_d8e7d7,Emergent_autonomy_collective_461851,0.9929026359347914,70234.0,70250.32,True,False
Emergent_bounded_contradiction_d8e7d7,Emergent_constraint_coupling_2bd0bf,0.9922362263469788,70234.0,70298.87,True,False
Emergent_bounded_contradiction_d8e7d7,Emergent_abstraction_bounded_77e339,0.9929026351783496,70234.0,70315.5,True,False
Emergent_bounded_contradiction_d8e7d7,Emergent_abstraction_analogy_1639a2,0.9923356850150515,70234.0,70332.51,True,False
Emergent_bounded_contradiction_d8e7d7,Emergent_analogy_appears_18b183,0.9929026305923394,70234.0,70332.85,True,False
Emergent_bounded_contradiction_d8e7d7,Emergent_analogy_constraint_75e1d0,0.9929026240408962,70234.0,70349.24,True,False
Emergent_bounded_contradiction_d8e7d7,Emergent_belief_revision_clarity_6ff780,0.992498300294508,70234.0,70364.52,True,False
Emergent_bounded_contradiction_d8e7d7,Emergent_abstraction_analogy_a99238,0.9917419623274277,70234.0,70379.98,True,False
Emergent_bounded_contradiction_d8e7d7,Emergent_analogy_autonomy_581819,0.9914732625458726,70234.0,70395.88,True,False
Emergent_bounded_contradiction_d8e7d7,Emergent_autonomy_collective_b1eda1,0.9920752517764291,70234.0,70410.14,True,False
Emergent_bounded_contradiction_d8e7d7,Emergent_belief_revision_bounded_6c1d78,0.9929022971866208,70234.0,70441.27,True,False
Emergent_bounded_contradiction_d8e7d7,Emergent_abstraction_attention_ca8b9f,0.9917121149771431,70234.0,70473.6,True,False
Emergent_bounded_contradiction_d8e7d7,Emergent_analogy_autonomy_2771b0,0.9929027082364523,70234.0,70492.35,True,False
Emergent_bounded_contradiction_d8e7d7,Emergent_analogy_autonomy_a3a02c,0.9929026606641262,70234.0,70509.74,True,False
Emergent_bounded_contradiction_d8e7d7,Emergent_analogy_attention_3c3dd6,0.9919152984218316,70234.0,70527.58,True,False
Emergent_bounded_contradiction_d8e7d7,Emergent_appears_asymmetry_ecd8f7,0.9921902286607727,70234.0,70580.54,True,False
Emergent_bounded_contradiction_d8e7d7,Emergent_analogy_autonomy_2be585,0.9917323977392107,70234.0,70628.87,True,False
Emergent_bounded_contradiction_d8e7d7,Emergent_analogy_autonomy_fb4c5a,0.9929022023119813,70234.0,70646.8,True,False
Emergent_bounded_contradiction_d8e7d7,Emergent_abstraction_contradiction_5c7672,0.9929012363402545,70234.0,70663.94,True,False
Emergent_bounded_contradiction_d8e7d7,Emergent_anticipation_contradiction_81226c,0.9929012363402545,70234.0,70664.28,True,False
Emergent_bounded_contradiction_d8e7d7,Emergent_feedback_identity_129d8f,0.9928975736202572,70234.0,70717.68,True,False
Emergent_bounded_contradiction_d8e7d7,Emergent_abstraction_analogy_82c26e,0.9928681330321716,70234.0,70737.2,True,False
Emergent_bounded_contradiction_d8e7d7,Emergent_analogy_bounded_185c87,0.992185543030436,70234.0,70812.14,True,False
Emergent_bounded_contradiction_d8e7d7,Emergent_attention_carefully_f521e2,0.9925161586264051,70234.0,70867.72,True,False
Emergent_bounded_contradiction_d8e7d7,Emergent_carefully_cognition_d8aefa,0.9927481278330719,70234.0,70868.06,True,False
Emergent_bounded_contradiction_d8e7d7,Emergent_bounded_contradiction_fc87f1,0.9928649226504147,70234.0,70884.61,True,False
Emergent_bounded_contradiction_d8e7d7,Emergent_autonomy_carefully_659b9f,0.9911014766592059,70234.0,70905.03,True,False
Emergent_bounded_contradiction_d8e7d7,Emergent_anticipation_appears_dac47e,0.9915998514374269,70234.0,70924.61,True,False
Emergent_bounded_contradiction_d8e7d7,Emergent_analogy_chaos_1ab952,0.9920492664010572,70234.0,70963.32,True,False
Emergent_bounded_contradiction_d8e7d7,Emergent_autonomy_bounded_72bafc,0.9924331203733576,70234.0,70983.91,True,False
Emergent_bounded_contradiction_d8e7d7,Emergent_analogy_anticipation_7d7764,0.9884788312320607,70234.0,71003.07,True,False
Emergent_bounded_contradiction_d8e7d7,Emergent_analogy_chaos_8f3c3f,0.9883025381859329,70234.0,71003.41,True,False
Emergent_bounded_contradiction_d8e7d7,Emergent_analogy_anticipation_138cb7,0.9923621431951903,70234.0,71041.6,True,False
Emergent_bounded_contradiction_d8e7d7,Emergent_autonomy_bounded_94d9e2,0.9921475981341075,70234.0,71062.84,True,False
Emergent_bounded_contradiction_d8e7d7,Emergent_autonomy_clarity_d6bec2,0.9768071996179746,70234.0,71084.59,True,False
Emergent_bounded_contradiction_d8e7d7,Emergent_anticipation_autonomy_573275,0.9785068513974489,70234.0,71084.93,True,False
Emergent_bounded_contradiction_d8e7d7,Emergent_anticipation_autonomy_a66f28,0.9931015359333248,70234.0,71104.44,True,False
Emergent_bounded_contradiction_d8e7d7,Emergent_abstraction_attention_9ebe0c,0.9942351989999998,70234.0,71122.94,True,False
Emergent_bounded_contradiction_d8e7d7,Emergent_anticipation_bounded_6c16c4,0.9942351989999998,70234.0,71123.28,True,False
Emergent_bounded_contradiction_d8e7d7,Emergent_autonomy_coherence_a41799,0.9882350999999998,70234.0,71183.34,True,False
Emergent_attention_bounded_c919d0,Emergent_autonomy_collective_461851,0.9930607917798264,70234.34,70250.32,True,False
Emergent_attention_bounded_c919d0,Emergent_constraint_coupling_2bd0bf,0.9922362263469788,70234.34,70298.87,True,False
Emergent_attention_bounded_c919d0,Emergent_abstraction_bounded_77e339,0.9930609029082176,70234.34,70315.5,True,False
Emergent_attention_bounded_c919d0,Emergent_abstraction_analogy_1639a2,0.9923356850150515,70234.34,70332.51,True,False
Emergent_attention_bounded_c919d0,Emergent_analogy_appears_18b183,0.9931876239647026,70234.34,70332.85,True,False
Emergent_attention_bounded_c919d0,Emergent_analogy_constraint_75e1d0,0.9931662410136419,70234.34,70349.24,True,False
Emergent_attention_bounded_c919d0,Emergent_belief_revision_clarity_6ff780,0.992498300294508,70234.34,70364.52,True,False
Emergent_attention_bounded_c919d0,Emergent_abstraction_analogy_a99238,0.9917419623274277,70234.34,70379.98,True,False
Emergent_attention_bounded_c919d0,Emergent_analogy_autonomy_581819,0.9914732625458726,70234.34,70395.88,True,False
Emergent_attention_bounded_c919d0,Emergent_autonomy_collective_b1eda1,0.9920752517764291,70234.34,70410.14,True,False
Emergent_attention_bounded_c919d0,Emergent_belief_revision_bounded_6c1d78,0.9931699255669444,70234.34,70441.27,True,False
Emergent_attention_bounded_c919d0,Emergent_abstraction_attention_ca8b9f,0.9917121149771431,70234.34,70473.6,True,False
Emergent_attention_bounded_c919d0,Emergent_analogy_autonomy_2771b0,0.9931243311746545,70234.34,70492.35,True,False
Emergent_attention_bounded_c919d0,Emergent_analogy_autonomy_a3a02c,0.9931144981420246,70234.34,70509.74,True,False
Emergent_attention_bounded_c919d0,Emergent_analogy_attention_3c3dd6,0.9919152984218316,70234.34,70527.58,True,False
Emergent_attention_bounded_c919d0,Emergent_appears_asymmetry_ecd8f7,0.9921902286607727,70234.34,70580.54,True,False
Emergent_attention_bounded_c919d0,Emergent_analogy_autonomy_2be585,0.9917323977392107,70234.34,70628.87,True,False
Emergent_attention_bounded_c919d0,Emergent_analogy_autonomy_fb4c5a,0.9931867106032164,70234.34,70646.8,True,False
Emergent_attention_bounded_c919d0,Emergent_abstraction_contradiction_5c7672,0.9931801817399728,70234.34,70663.94,True,False
Emergent_attention_bounded_c919d0,Emergent_anticipation_contradiction_81226c,0.9931857446314896,70234.34,70664.28,True,False
Emergent_attention_bounded_c919d0,Emergent_feedback_identity_129d8f,0.9930711851208971,70234.34,70717.68,True,False
Emergent_attention_bounded_c919d0,Emergent_abstraction_analogy_82c26e,0.9931540529368255,70234.34,70737.2,True,False
Emergent_attention_bounded_c919d0,Emergent_analogy_bounded_185c87,0.992185543030436,70234.34,70812.14,True,False
Emergent_attention_bounded_c919d0,Emergent_attention_carefully_f521e2,0.9925161586264051,70234.34,70867.72,True,False
Emergent_attention_bounded_c919d0,Emergent_carefully_cognition_d8aefa,0.9927481278330719,70234.34,70868.06,True,False
Emergent_attention_bounded_c919d0,Emergent_bounded_contradiction_fc87f1,0.9928649226504147,70234.34,70884.61,True,False
Emergent_attention_bounded_c919d0,Emergent_autonomy_carefully_659b9f,0.9911014766592059,70234.34,70905.03,True,False
Emergent_attention_bounded_c919d0,Emergent_anticipation_appears_dac47e,0.9915998514374269,70234.34,70924.61,True,False
Emergent_attention_bounded_c919d0,Emergent_analogy_chaos_1ab952,0.9920492664010572,70234.34,70963.32,True,False
Emergent_attention_bounded_c919d0,Emergent_autonomy_bounded_72bafc,0.9926937105619822,70234.34,70983.91,True,False
Emergent_attention_bounded_c919d0,Emergent_analogy_anticipation_7d7764,0.9884788312320607,70234.34,71003.07,True,False
Emergent_attention_bounded_c919d0,Emergent_analogy_chaos_8f3c3f,0.9883025381859329,70234.34,71003.41,True,False
Emergent_attention_bounded_c919d0,Emergent_analogy_anticipation_138cb7,0.9923621431951903,70234.34,71041.6,True,False
Emergent_attention_bounded_c919d0,Emergent_autonomy_bounded_94d9e2,0.9922070332778996,70234.34,71062.84,True,False
Emergent_attention_bounded_c919d0,Emergent_autonomy_clarity_d6bec2,0.9768071996179746,70234.34,71084.59,True,False
Emergent_attention_bounded_c919d0,Emergent_anticipation_autonomy_573275,0.978581199905405,70234.34,71084.93,True,False
Emergent_attention_bounded_c919d0,Emergent_anticipation_autonomy_a66f28,0.9931015359333248,70234.34,71104.44,True,False
Emergent_attention_bounded_c919d0,Emergent_abstraction_attention_9ebe0c,0.9942351989999998,70234.34,71122.94,True,False
Emergent_attention_bounded_c919d0,Emergent_anticipation_bounded_6c16c4,0.9942351989999998,70234.34,71123.28,True,False
Emergent_attention_bounded_c919d0,Emergent_autonomy_coherence_a41799,0.9882350999999998,70234.34,71183.34,True,False
Emergent_autonomy_collective_461851,Emergent_constraint_coupling_2bd0bf,0.9922362263469788,70250.32,70298.87,True,False
Emergent_autonomy_collective_461851,Emergent_abstraction_bounded_77e339,0.9930607908163052,70250.32,70315.5,True,False
Emergent_autonomy_collective_461851,Emergent_abstraction_analogy_1639a2,0.9923356850150515,70250.32,70332.51,True,False
Emergent_autonomy_collective_461851,Emergent_analogy_appears_18b183,0.9930607862302949,70250.32,70332.85,True,False
Emergent_autonomy_collective_461851,Emergent_analogy_constraint_75e1d0,0.9930607796788518,70250.32,70349.24,True,False
Emergent_autonomy_collective_461851,Emergent_belief_revision_clarity_6ff780,0.992498300294508,70250.32,70364.52,True,False
Emergent_autonomy_collective_461851,Emergent_abstraction_analogy_a99238,0.9917419623274277,70250.32,70379.98,True,False
Emergent_autonomy_collective_461851,Emergent_analogy_autonomy_581819,0.9914732625458726,70250.32,70395.88,True,False
Emergent_autonomy_collective_461851,Emergent_autonomy_collective_b1eda1,0.9920752517764291,70250.32,70410.14,True,False
Emergent_autonomy_collective_461851,Emergent_belief_revision_bounded_6c1d78,0.99306045525271,70250.32,70441.27,True,False
Emergent_autonomy_collective_461851,Emergent_abstraction_attention_ca8b9f,0.9917121149771431,70250.32,70473.6,True,False
Emergent_autonomy_collective_461851,Emergent_analogy_autonomy_2771b0,0.993060878372362,70250.32,70492.35,True,False
Emergent_autonomy_collective_461851,Emergent_analogy_autonomy_a3a02c,0.9930607988204365,70250.32,70509.74,True,False
Emergent_autonomy_collective_461851,Emergent_analogy_attention_3c3dd6,0.9919152984218316,70250.32,70527.58,True,False
Emergent_autonomy_collective_461851,Emergent_appears_asymmetry_ecd8f7,0.9921902286607727,70250.32,70580.54,True,False
Emergent_autonomy_collective_461851,Emergent_analogy_autonomy_2be585,0.9917323977392107,70250.32,70628.87,True,False
Emergent_autonomy_collective_461851,Emergent_analogy_autonomy_fb4c5a,0.9930601220934059,70250.32,70646.8,True,False
Emergent_autonomy_collective_461851,Emergent_abstraction_contradiction_5c7672,0.993059156121679,70250.32,70663.94,True,False
Emergent_autonomy_collective_461851,Emergent_anticipation_contradiction_81226c,0.993059156121679,70250.32,70664.28,True,False
Emergent_autonomy_collective_461851,Emergent_feedback_identity_129d8f,0.9930554865825483,70250.32,70717.68,True,False
Emergent_autonomy_collective_461851,Emergent_abstraction_analogy_82c26e,0.9930267109301734,70250.32,70737.2,True,False
Emergent_autonomy_collective_461851,Emergent_analogy_bounded_185c87,0.992185543030436,70250.32,70812.14,True,False
Emergent_autonomy_collective_461851,Emergent_attention_carefully_f521e2,0.9925161586264051,70250.32,70867.72,True,False
Emergent_autonomy_collective_461851,Emergent_carefully_cognition_d8aefa,0.9927481278330719,70250.32,70868.06,True,False
Emergent_autonomy_collective_461851,Emergent_bounded_contradiction_fc87f1,0.9928649226504147,70250.32,70884.61,True,False
Emergent_autonomy_collective_461851,Emergent_autonomy_carefully_659b9f,0.9911014766592059,70250.32,70905.03,True,False
Emergent_autonomy_collective_461851,Emergent_anticipation_appears_dac47e,0.9915998514374269,70250.32,70924.61,True,False
Emergent_autonomy_collective_461851,Emergent_analogy_chaos_1ab952,0.9920492664010572,70250.32,70963.32,True,False
Emergent_autonomy_collective_461851,Emergent_autonomy_bounded_72bafc,0.9925798891557811,70250.32,70983.91,True,False
Emergent_autonomy_collective_461851,Emergent_analogy_anticipation_7d7764,0.9884788312320607,70250.32,71003.07,True,False
Emergent_autonomy_collective_461851,Emergent_analogy_chaos_8f3c3f,0.9883025381859329,70250.32,71003.41,True,False
Emergent_autonomy_collective_461851,Emergent_analogy_anticipation_138cb7,0.9923621431951903,70250.32,71041.6,True,False
Emergent_autonomy_collective_461851,Emergent_autonomy_bounded_94d9e2,0.9922070332778996,70250.32,71062.84,True,False
Emergent_autonomy_collective_461851,Emergent_autonomy_clarity_d6bec2,0.9768071996179746,70250.32,71084.59,True,False
Emergent_autonomy_collective_461851,Emergent_anticipation_autonomy_573275,0.978581199905405,70250.32,71084.93,True,False
Emergent_autonomy_collective_461851,Emergent_anticipation_autonomy_a66f28,0.9931015359333248,70250.32,71104.44,True,False
Emergent_autonomy_collective_461851,Emergent_abstraction_attention_9ebe0c,0.9942351989999998,70250.32,71122.94,True,False
Emergent_autonomy_collective_461851,Emergent_anticipation_bounded_6c16c4,0.9942351989999998,70250.32,71123.28,True,False
Emergent_autonomy_collective_461851,Emergent_autonomy_coherence_a41799,0.9882350999999998,70250.32,71183.34,True,False
Emergent_constraint_coupling_2bd0bf,Emergent_abstraction_bounded_77e339,0.9922362231367716,70298.87,70315.5,True,False
Emergent_constraint_coupling_2bd0bf,Emergent_abstraction_analogy_1639a2,0.9922362185507614,70298.87,70332.51,True,False
Emergent_constraint_coupling_2bd0bf,Emergent_analogy_appears_18b183,0.9922362185507614,70298.87,70332.85,True,False
Emergent_constraint_coupling_2bd0bf,Emergent_analogy_constraint_75e1d0,0.9922362119993182,70298.87,70349.24,True,False
Emergent_constraint_coupling_2bd0bf,Emergent_belief_revision_clarity_6ff780,0.9922362010802466,70298.87,70364.52,True,False
Emergent_constraint_coupling_2bd0bf,Emergent_abstraction_analogy_a99238,0.9917419623274277,70298.87,70379.98,True,False
Emergent_constraint_coupling_2bd0bf,Emergent_analogy_autonomy_581819,0.9914732625458726,70298.87,70395.88,True,False
Emergent_constraint_coupling_2bd0bf,Emergent_autonomy_collective_b1eda1,0.9920752517764291,70298.87,70410.14,True,False
Emergent_constraint_coupling_2bd0bf,Emergent_belief_revision_bounded_6c1d78,0.9922358808285847,70298.87,70441.27,True,False
Emergent_constraint_coupling_2bd0bf,Emergent_abstraction_attention_ca8b9f,0.9917121149771431,70298.87,70473.6,True,False
Emergent_constraint_coupling_2bd0bf,Emergent_analogy_autonomy_2771b0,0.9922362657948587,70298.87,70492.35,True,False
Emergent_constraint_coupling_2bd0bf,Emergent_analogy_autonomy_a3a02c,0.9922362820130195,70298.87,70509.74,True,False
Emergent_constraint_coupling_2bd0bf,Emergent_analogy_attention_3c3dd6,0.9919152984218316,70298.87,70527.58,True,False
Emergent_constraint_coupling_2bd0bf,Emergent_appears_asymmetry_ecd8f7,0.9921902286607727,70298.87,70580.54,True,False
Emergent_constraint_coupling_2bd0bf,Emergent_analogy_autonomy_2be585,0.9917323977392107,70298.87,70628.87,True,False
Emergent_constraint_coupling_2bd0bf,Emergent_analogy_autonomy_fb4c5a,0.9922362118626948,70298.87,70646.8,True,False
Emergent_constraint_coupling_2bd0bf,Emergent_abstraction_contradiction_5c7672,0.992235245890968,70298.87,70663.94,True,False
Emergent_constraint_coupling_2bd0bf,Emergent_anticipation_contradiction_81226c,0.992235245890968,70298.87,70664.28,True,False
Emergent_constraint_coupling_2bd0bf,Emergent_feedback_identity_129d8f,0.9922315952932443,70298.87,70717.68,True,False
Emergent_constraint_coupling_2bd0bf,Emergent_abstraction_analogy_82c26e,0.9922009726587318,70298.87,70737.2,True,False
Emergent_constraint_coupling_2bd0bf,Emergent_analogy_bounded_185c87,0.9920873638828942,70298.87,70812.14,True,False
Emergent_constraint_coupling_2bd0bf,Emergent_attention_carefully_f521e2,0.992283018150603,70298.87,70867.72,True,False
Emergent_constraint_coupling_2bd0bf,Emergent_carefully_cognition_d8aefa,0.992283018150603,70298.87,70868.06,True,False
Emergent_constraint_coupling_2bd0bf,Emergent_bounded_contradiction_fc87f1,0.9922488214650469,70298.87,70884.61,True,False
Emergent_constraint_coupling_2bd0bf,Emergent_autonomy_carefully_659b9f,0.9911014766592059,70298.87,70905.03,True,False
Emergent_constraint_coupling_2bd0bf,Emergent_anticipation_appears_dac47e,0.9915998514374269,70298.87,70924.61,True,False
Emergent_constraint_coupling_2bd0bf,Emergent_analogy_chaos_1ab952,0.992015026950491,70298.87,70963.32,True,False
Emergent_constraint_coupling_2bd0bf,Emergent_autonomy_bounded_72bafc,0.9917869528908865,70298.87,70983.91,True,False
Emergent_constraint_coupling_2bd0bf,Emergent_analogy_anticipation_7d7764,0.9884788312320607,70298.87,71003.07,True,False
Emergent_constraint_coupling_2bd0bf,Emergent_analogy_chaos_8f3c3f,0.9883025381859329,70298.87,71003.41,True,False
Emergent_constraint_coupling_2bd0bf,Emergent_analogy_anticipation_138cb7,0.9923169069019608,70298.87,71041.6,True,False
Emergent_constraint_coupling_2bd0bf,Emergent_autonomy_bounded_94d9e2,0.9915751278704104,70298.87,71062.84,True,False
Emergent_constraint_coupling_2bd0bf,Emergent_autonomy_clarity_d6bec2,0.9768071996179746,70298.87,71084.59,True,False
Emergent_constraint_coupling_2bd0bf,Emergent_anticipation_autonomy_573275,0.9777726210385813,70298.87,71084.93,True,False
Emergent_constraint_coupling_2bd0bf,Emergent_anticipation_autonomy_a66f28,0.9931015359333248,70298.87,71104.44,True,False
Emergent_constraint_coupling_2bd0bf,Emergent_abstraction_attention_9ebe0c,0.9942351989999998,70298.87,71122.94,True,False
Emergent_constraint_coupling_2bd0bf,Emergent_anticipation_bounded_6c16c4,0.9942351989999998,70298.87,71123.28,True,False
Emergent_constraint_coupling_2bd0bf,Emergent_autonomy_coherence_a41799,0.9882350999999998,70298.87,71183.34,True,False
Emergent_abstraction_bounded_77e339,Emergent_abstraction_analogy_1639a2,0.9923356850150515,70315.5,70332.51,True,False
Emergent_abstraction_bounded_77e339,Emergent_analogy_appears_18b183,0.9930608983222073,70315.5,70332.85,True,False
Emergent_abstraction_bounded_77e339,Emergent_analogy_constraint_75e1d0,0.9930608917707642,70315.5,70349.24,True,False
Emergent_abstraction_bounded_77e339,Emergent_belief_revision_clarity_6ff780,0.992498300294508,70315.5,70364.52,True,False
Emergent_abstraction_bounded_77e339,Emergent_abstraction_analogy_a99238,0.9917419623274277,70315.5,70379.98,True,False
Emergent_abstraction_bounded_77e339,Emergent_analogy_autonomy_581819,0.9914732625458726,70315.5,70395.88,True,False
Emergent_abstraction_bounded_77e339,Emergent_autonomy_collective_b1eda1,0.9920752517764291,70315.5,70410.14,True,False
Emergent_abstraction_bounded_77e339,Emergent_belief_revision_bounded_6c1d78,0.9930605673470791,70315.5,70441.27,True,False
Emergent_abstraction_bounded_77e339,Emergent_abstraction_attention_ca8b9f,0.9917121149771431,70315.5,70473.6,True,False
Emergent_abstraction_bounded_77e339,Emergent_analogy_autonomy_2771b0,0.9930609904573722,70315.5,70492.35,True,False
Emergent_abstraction_bounded_77e339,Emergent_analogy_autonomy_a3a02c,0.9930609109054469,70315.5,70509.74,True,False
Emergent_abstraction_bounded_77e339,Emergent_analogy_attention_3c3dd6,0.9919152984218316,70315.5,70527.58,True,False
Emergent_abstraction_bounded_77e339,Emergent_appears_asymmetry_ecd8f7,0.9921902286607727,70315.5,70580.54,True,False
Emergent_abstraction_bounded_77e339,Emergent_analogy_autonomy_2be585,0.9917323977392107,70315.5,70628.87,True,False
Emergent_abstraction_bounded_77e339,Emergent_analogy_autonomy_fb4c5a,0.9930602339574746,70315.5,70646.8,True,False
Emergent_abstraction_bounded_77e339,Emergent_abstraction_contradiction_5c7672,0.9930592679857477,70315.5,70663.94,True,False
Emergent_abstraction_bounded_77e339,Emergent_anticipation_contradiction_81226c,0.9930592679857477,70315.5,70664.28,True,False
Emergent_abstraction_bounded_77e339,Emergent_feedback_identity_129d8f,0.9930555984397174,70315.5,70717.68,True,False
Emergent_abstraction_bounded_77e339,Emergent_abstraction_analogy_82c26e,0.9930268234600941,70315.5,70737.2,True,False
Emergent_abstraction_bounded_77e339,Emergent_analogy_bounded_185c87,0.992185543030436,70315.5,70812.14,True,False
Emergent_abstraction_bounded_77e339,Emergent_attention_carefully_f521e2,0.9925161586264051,70315.5,70867.72,True,False
Emergent_abstraction_bounded_77e339,Emergent_carefully_cognition_d8aefa,0.9927481278330719,70315.5,70868.06,True,False
Emergent_abstraction_bounded_77e339,Emergent_bounded_contradiction_fc87f1,0.9928649226504147,70315.5,70884.61,True,False
Emergent_abstraction_bounded_77e339,Emergent_autonomy_carefully_659b9f,0.9911014766592059,70315.5,70905.03,True,False
Emergent_abstraction_bounded_77e339,Emergent_anticipation_appears_dac47e,0.9915998514374269,70315.5,70924.61,True,False
Emergent_abstraction_bounded_77e339,Emergent_analogy_chaos_1ab952,0.9920492664010572,70315.5,70963.32,True,False
Emergent_abstraction_bounded_77e339,Emergent_autonomy_bounded_72bafc,0.992579989737782,70315.5,70983.91,True,False
Emergent_abstraction_bounded_77e339,Emergent_analogy_anticipation_7d7764,0.9884788312320607,70315.5,71003.07,True,False
Emergent_abstraction_bounded_77e339,Emergent_analogy_chaos_8f3c3f,0.9883025381859329,70315.5,71003.41,True,False
Emergent_abstraction_bounded_77e339,Emergent_analogy_anticipation_138cb7,0.9923621431951903,70315.5,71041.6,True,False
Emergent_abstraction_bounded_77e339,Emergent_autonomy_bounded_94d9e2,0.9922070332778996,70315.5,71062.84,True,False
Emergent_abstraction_bounded_77e339,Emergent_autonomy_clarity_d6bec2,0.9768071996179746,70315.5,71084.59,True,False
Emergent_abstraction_bounded_77e339,Emergent_anticipation_autonomy_573275,0.978581199905405,70315.5,71084.93,True,False
Emergent_abstraction_bounded_77e339,Emergent_anticipation_autonomy_a66f28,0.9931015359333248,70315.5,71104.44,True,False
Emergent_abstraction_bounded_77e339,Emergent_abstraction_attention_9ebe0c,0.9942351989999998,70315.5,71122.94,True,False
Emergent_abstraction_bounded_77e339,Emergent_anticipation_bounded_6c16c4,0.9942351989999998,70315.5,71123.28,True,False
Emergent_abstraction_bounded_77e339,Emergent_autonomy_coherence_a41799,0.9882350999999998,70315.5,71183.34,True,False
Emergent_abstraction_analogy_1639a2,Emergent_analogy_appears_18b183,0.992335669728351,70332.51,70332.85,True,False
Emergent_abstraction_analogy_1639a2,Emergent_analogy_constraint_75e1d0,0.9923356784636084,70332.51,70349.24,True,False
Emergent_abstraction_analogy_1639a2,Emergent_belief_revision_clarity_6ff780,0.9923356675445365,70332.51,70364.52,True,False
Emergent_abstraction_analogy_1639a2,Emergent_abstraction_analogy_a99238,0.9917419623274277,70332.51,70379.98,True,False
Emergent_abstraction_analogy_1639a2,Emergent_analogy_autonomy_581819,0.9914732625458726,70332.51,70395.88,True,False
Emergent_abstraction_analogy_1639a2,Emergent_autonomy_collective_b1eda1,0.9920752517764291,70332.51,70410.14,True,False
Emergent_abstraction_analogy_1639a2,Emergent_belief_revision_bounded_6c1d78,0.9923353479371351,70332.51,70441.27,True,False
Emergent_abstraction_analogy_1639a2,Emergent_abstraction_attention_ca8b9f,0.9917121149771431,70332.51,70473.6,True,False
Emergent_abstraction_analogy_1639a2,Emergent_analogy_autonomy_2771b0,0.9923357367965548,70332.51,70492.35,True,False
Emergent_abstraction_analogy_1639a2,Emergent_analogy_autonomy_a3a02c,0.992335743493558,70332.51,70509.74,True,False
Emergent_abstraction_analogy_1639a2,Emergent_analogy_attention_3c3dd6,0.9919152984218316,70332.51,70527.58,True,False
Emergent_abstraction_analogy_1639a2,Emergent_appears_asymmetry_ecd8f7,0.9921902286607727,70332.51,70580.54,True,False
Emergent_abstraction_analogy_1639a2,Emergent_analogy_autonomy_2be585,0.9917323977392107,70332.51,70628.87,True,False
Emergent_abstraction_analogy_1639a2,Emergent_analogy_autonomy_fb4c5a,0.9923356154015095,70332.51,70646.8,True,False
Emergent_abstraction_analogy_1639a2,Emergent_abstraction_contradiction_5c7672,0.9923346494297827,70332.51,70663.94,True,False
Emergent_abstraction_analogy_1639a2,Emergent_anticipation_contradiction_81226c,0.9923346494297827,70332.51,70664.28,True,False
Emergent_abstraction_analogy_1639a2,Emergent_feedback_identity_129d8f,0.9923309970227283,70332.51,70717.68,True,False
Emergent_abstraction_analogy_1639a2,Emergent_abstraction_analogy_82c26e,0.9923005508165685,70332.51,70737.2,True,False
Emergent_abstraction_analogy_1639a2,Emergent_analogy_bounded_185c87,0.992185543030436,70332.51,70812.14,True,False
Emergent_abstraction_analogy_1639a2,Emergent_attention_carefully_f521e2,0.9923817976426987,70332.51,70867.72,True,False
Emergent_abstraction_analogy_1639a2,Emergent_carefully_cognition_d8aefa,0.9923817976426987,70332.51,70868.06,True,False
Emergent_abstraction_analogy_1639a2,Emergent_bounded_contradiction_fc87f1,0.9923476009571428,70332.51,70884.61,True,False
Emergent_abstraction_analogy_1639a2,Emergent_autonomy_carefully_659b9f,0.9911014766592059,70332.51,70905.03,True,False
Emergent_abstraction_analogy_1639a2,Emergent_anticipation_appears_dac47e,0.9915998514374269,70332.51,70924.61,True,False
Emergent_abstraction_analogy_1639a2,Emergent_analogy_chaos_1ab952,0.9920492664010572,70332.51,70963.32,True,False
Emergent_abstraction_analogy_1639a2,Emergent_autonomy_bounded_72bafc,0.9918833977190267,70332.51,70983.91,True,False
Emergent_abstraction_analogy_1639a2,Emergent_analogy_anticipation_7d7764,0.9884788312320607,70332.51,71003.07,True,False
Emergent_abstraction_analogy_1639a2,Emergent_analogy_chaos_8f3c3f,0.9883025381859329,70332.51,71003.41,True,False
Emergent_abstraction_analogy_1639a2,Emergent_analogy_anticipation_138cb7,0.9923621431951903,70332.51,71041.6,True,False
Emergent_abstraction_analogy_1639a2,Emergent_autonomy_bounded_94d9e2,0.9916605728946424,70332.51,71062.84,True,False
Emergent_abstraction_analogy_1639a2,Emergent_autonomy_clarity_d6bec2,0.9768071996179746,70332.51,71084.59,True,False
Emergent_abstraction_analogy_1639a2,Emergent_anticipation_autonomy_573275,0.977882209841326,70332.51,71084.93,True,False
Emergent_abstraction_analogy_1639a2,Emergent_anticipation_autonomy_a66f28,0.9931015359333248,70332.51,71104.44,True,False
Emergent_abstraction_analogy_1639a2,Emergent_abstraction_attention_9ebe0c,0.9942351989999998,70332.51,71122.94,True,False
Emergent_abstraction_analogy_1639a2,Emergent_anticipation_bounded_6c16c4,0.9942351989999998,70332.51,71123.28,True,False
Emergent_abstraction_analogy_1639a2,Emergent_autonomy_coherence_a41799,0.9882350999999998,70332.51,71183.34,True,False
Emergent_analogy_appears_18b183,Emergent_analogy_constraint_75e1d0,0.9931662410136419,70332.85,70349.24,True,False
Emergent_analogy_appears_18b183,Emergent_belief_revision_clarity_6ff780,0.992498300294508,70332.85,70364.52,True,False
Emergent_analogy_appears_18b183,Emergent_abstraction_analogy_a99238,0.9917419623274277,70332.85,70379.98,True,False
Emergent_analogy_appears_18b183,Emergent_analogy_autonomy_581819,0.9914732625458726,70332.85,70395.88,True,False
Emergent_analogy_appears_18b183,Emergent_autonomy_collective_b1eda1,0.9920752517764291,70332.85,70410.14,True,False
Emergent_analogy_appears_18b183,Emergent_belief_revision_bounded_6c1d78,0.9931699255669444,70332.85,70441.27,True,False
Emergent_analogy_appears_18b183,Emergent_abstraction_attention_ca8b9f,0.9917121149771431,70332.85,70473.6,True,False
Emergent_analogy_appears_18b183,Emergent_analogy_autonomy_2771b0,0.9931243311746545,70332.85,70492.35,True,False
Emergent_analogy_appears_18b183,Emergent_analogy_autonomy_a3a02c,0.9931144981420246,70332.85,70509.74,True,False
Emergent_analogy_appears_18b183,Emergent_analogy_attention_3c3dd6,0.9919152984218316,70332.85,70527.58,True,False
Emergent_analogy_appears_18b183,Emergent_appears_asymmetry_ecd8f7,0.9921902286607727,70332.85,70580.54,True,False
Emergent_analogy_appears_18b183,Emergent_analogy_autonomy_2be585,0.9917323977392107,70332.85,70628.87,True,False
Emergent_analogy_appears_18b183,Emergent_analogy_autonomy_fb4c5a,0.9931930062179009,70332.85,70646.8,True,False
Emergent_analogy_appears_18b183,Emergent_abstraction_contradiction_5c7672,0.9931801817399728,70332.85,70663.94,True,False
Emergent_analogy_appears_18b183,Emergent_anticipation_contradiction_81226c,0.9933070723153525,70332.85,70664.28,True,False
Emergent_analogy_appears_18b183,Emergent_feedback_identity_129d8f,0.9930711851208971,70332.85,70717.68,True,False
Emergent_analogy_appears_18b183,Emergent_abstraction_analogy_82c26e,0.9931630623410013,70332.85,70737.2,True,False
Emergent_analogy_appears_18b183,Emergent_analogy_bounded_185c87,0.992185543030436,70332.85,70812.14,True,False
Emergent_analogy_appears_18b183,Emergent_attention_carefully_f521e2,0.9925161586264051,70332.85,70867.72,True,False
Emergent_analogy_appears_18b183,Emergent_carefully_cognition_d8aefa,0.9927481278330719,70332.85,70868.06,True,False
Emergent_analogy_appears_18b183,Emergent_bounded_contradiction_fc87f1,0.9928649226504147,70332.85,70884.61,True,False
Emergent_analogy_appears_18b183,Emergent_autonomy_carefully_659b9f,0.9911014766592059,70332.85,70905.03,True,False
Emergent_analogy_appears_18b183,Emergent_anticipation_appears_dac47e,0.9915998514374269,70332.85,70924.61,True,False
Emergent_analogy_appears_18b183,Emergent_analogy_chaos_1ab952,0.9920492664010572,70332.85,70963.32,True,False
Emergent_analogy_appears_18b183,Emergent_autonomy_bounded_72bafc,0.9927023428936324,70332.85,70983.91,True,False
Emergent_analogy_appears_18b183,Emergent_analogy_anticipation_7d7764,0.9884788312320607,70332.85,71003.07,True,False
Emergent_analogy_appears_18b183,Emergent_analogy_chaos_8f3c3f,0.9883025381859329,70332.85,71003.41,True,False
Emergent_analogy_appears_18b183,Emergent_analogy_anticipation_138cb7,0.9923621431951903,70332.85,71041.6,True,False
Emergent_analogy_appears_18b183,Emergent_autonomy_bounded_94d9e2,0.9922070332778996,70332.85,71062.84,True,False
Emergent_analogy_appears_18b183,Emergent_autonomy_clarity_d6bec2,0.9768071996179746,70332.85,71084.59,True,False
Emergent_analogy_appears_18b183,Emergent_anticipation_autonomy_573275,0.978581199905405,70332.85,71084.93,True,False
Emergent_analogy_appears_18b183,Emergent_anticipation_autonomy_a66f28,0.9931015359333248,70332.85,71104.44,True,False
Emergent_analogy_appears_18b183,Emergent_abstraction_attention_9ebe0c,0.9942351989999998,70332.85,71122.94,True,False
Emergent_analogy_appears_18b183,Emergent_anticipation_bounded_6c16c4,0.9942351989999998,70332.85,71123.28,True,False
Emergent_analogy_appears_18b183,Emergent_autonomy_coherence_a41799,0.9882350999999998,70332.85,71183.34,True,False
Emergent_analogy_constraint_75e1d0,Emergent_belief_revision_clarity_6ff780,0.992498300294508,70349.24,70364.52,True,False
Emergent_analogy_constraint_75e1d0,Emergent_abstraction_analogy_a99238,0.9917419623274277,70349.24,70379.98,True,False
Emergent_analogy_constraint_75e1d0,Emergent_analogy_autonomy_581819,0.9914732625458726,70349.24,70395.88,True,False
Emergent_analogy_constraint_75e1d0,Emergent_autonomy_collective_b1eda1,0.9920752517764291,70349.24,70410.14,True,False
Emergent_analogy_constraint_75e1d0,Emergent_belief_revision_bounded_6c1d78,0.9931659188988544,70349.24,70441.27,True,False
Emergent_analogy_constraint_75e1d0,Emergent_abstraction_attention_ca8b9f,0.9917121149771431,70349.24,70473.6,True,False
Emergent_analogy_constraint_75e1d0,Emergent_analogy_autonomy_2771b0,0.9931243311746545,70349.24,70492.35,True,False
Emergent_analogy_constraint_75e1d0,Emergent_analogy_autonomy_a3a02c,0.9931144981420246,70349.24,70509.74,True,False
Emergent_analogy_constraint_75e1d0,Emergent_analogy_attention_3c3dd6,0.9919152984218316,70349.24,70527.58,True,False
Emergent_analogy_constraint_75e1d0,Emergent_appears_asymmetry_ecd8f7,0.9921902286607727,70349.24,70580.54,True,False
Emergent_analogy_constraint_75e1d0,Emergent_analogy_autonomy_2be585,0.9917323977392107,70349.24,70628.87,True,False
Emergent_analogy_constraint_75e1d0,Emergent_analogy_autonomy_fb4c5a,0.9931653690622133,70349.24,70646.8,True,False
Emergent_analogy_constraint_75e1d0,Emergent_abstraction_contradiction_5c7672,0.9931644030904865,70349.24,70663.94,True,False
Emergent_analogy_constraint_75e1d0,Emergent_anticipation_contradiction_81226c,0.9931644030904865,70349.24,70664.28,True,False
Emergent_analogy_constraint_75e1d0,Emergent_feedback_identity_129d8f,0.9930711851208971,70349.24,70717.68,True,False
Emergent_analogy_constraint_75e1d0,Emergent_abstraction_analogy_82c26e,0.9931325843638843,70349.24,70737.2,True,False
Emergent_analogy_constraint_75e1d0,Emergent_analogy_bounded_185c87,0.992185543030436,70349.24,70812.14,True,False
Emergent_analogy_constraint_75e1d0,Emergent_attention_carefully_f521e2,0.9925161586264051,70349.24,70867.72,True,False
Emergent_analogy_constraint_75e1d0,Emergent_carefully_cognition_d8aefa,0.9927481278330719,70349.24,70868.06,True,False
Emergent_analogy_constraint_75e1d0,Emergent_bounded_contradiction_fc87f1,0.9928649226504147,70349.24,70884.61,True,False
Emergent_analogy_constraint_75e1d0,Emergent_autonomy_carefully_659b9f,0.9911014766592059,70349.24,70905.03,True,False
Emergent_analogy_constraint_75e1d0,Emergent_anticipation_appears_dac47e,0.9915998514374269,70349.24,70924.61,True,False
Emergent_analogy_constraint_75e1d0,Emergent_analogy_chaos_1ab952,0.9920492664010572,70349.24,70963.32,True,False
Emergent_analogy_constraint_75e1d0,Emergent_autonomy_bounded_72bafc,0.9926745214253765,70349.24,70983.91,True,False
Emergent_analogy_constraint_75e1d0,Emergent_analogy_anticipation_7d7764,0.9884788312320607,70349.24,71003.07,True,False
Emergent_analogy_constraint_75e1d0,Emergent_analogy_chaos_8f3c3f,0.9883025381859329,70349.24,71003.41,True,False
Emergent_analogy_constraint_75e1d0,Emergent_analogy_anticipation_138cb7,0.9923621431951903,70349.24,71041.6,True,False
Emergent_analogy_constraint_75e1d0,Emergent_autonomy_bounded_94d9e2,0.9922070332778996,70349.24,71062.84,True,False
Emergent_analogy_constraint_75e1d0,Emergent_autonomy_clarity_d6bec2,0.9768071996179746,70349.24,71084.59,True,False
Emergent_analogy_constraint_75e1d0,Emergent_anticipation_autonomy_573275,0.978581199905405,70349.24,71084.93,True,False
Emergent_analogy_constraint_75e1d0,Emergent_anticipation_autonomy_a66f28,0.9931015359333248,70349.24,71104.44,True,False
Emergent_analogy_constraint_75e1d0,Emergent_abstraction_attention_9ebe0c,0.9942351989999998,70349.24,71122.94,True,False
Emergent_analogy_constraint_75e1d0,Emergent_anticipation_bounded_6c16c4,0.9942351989999998,70349.24,71123.28,True,False
Emergent_analogy_constraint_75e1d0,Emergent_autonomy_coherence_a41799,0.9882350999999998,70349.24,71183.34,True,False
Emergent_belief_revision_clarity_6ff780,Emergent_abstraction_analogy_a99238,0.9917419295702121,70364.52,70379.98,True,False
Emergent_belief_revision_clarity_6ff780,Emergent_analogy_autonomy_581819,0.9914732625458726,70364.52,70395.88,True,False
Emergent_belief_revision_clarity_6ff780,Emergent_autonomy_collective_b1eda1,0.9920752517764291,70364.52,70410.14,True,False
Emergent_belief_revision_clarity_6ff780,Emergent_belief_revision_bounded_6c1d78,0.9924979817405049,70364.52,70441.27,True,False
Emergent_belief_revision_clarity_6ff780,Emergent_abstraction_attention_ca8b9f,0.9917121149771431,70364.52,70473.6,True,False
Emergent_belief_revision_clarity_6ff780,Emergent_analogy_autonomy_2771b0,0.992498376965417,70364.52,70492.35,True,False
Emergent_belief_revision_clarity_6ff780,Emergent_analogy_autonomy_a3a02c,0.9924983680948407,70364.52,70509.74,True,False
Emergent_belief_revision_clarity_6ff780,Emergent_analogy_attention_3c3dd6,0.9919152984218316,70364.52,70527.58,True,False
Emergent_belief_revision_clarity_6ff780,Emergent_appears_asymmetry_ecd8f7,0.9921902286607727,70364.52,70580.54,True,False
Emergent_belief_revision_clarity_6ff780,Emergent_analogy_autonomy_2be585,0.9917323977392107,70364.52,70628.87,True,False
Emergent_belief_revision_clarity_6ff780,Emergent_analogy_autonomy_fb4c5a,0.992498145265114,70364.52,70646.8,True,False
Emergent_belief_revision_clarity_6ff780,Emergent_abstraction_contradiction_5c7672,0.9924971792933872,70364.52,70663.94,True,False
Emergent_belief_revision_clarity_6ff780,Emergent_anticipation_contradiction_81226c,0.9924971792933872,70364.52,70664.28,True,False
Emergent_belief_revision_clarity_6ff780,Emergent_feedback_identity_129d8f,0.9924935239279848,70364.52,70717.68,True,False
Emergent_belief_revision_clarity_6ff780,Emergent_abstraction_analogy_82c26e,0.9924633661911941,70364.52,70737.2,True,False
Emergent_belief_revision_clarity_6ff780,Emergent_analogy_bounded_185c87,0.992185543030436,70364.52,70812.14,True,False
Emergent_belief_revision_clarity_6ff780,Emergent_attention_carefully_f521e2,0.9925161586264051,70364.52,70867.72,True,False
Emergent_belief_revision_clarity_6ff780,Emergent_carefully_cognition_d8aefa,0.9925433071580412,70364.52,70868.06,True,False
Emergent_belief_revision_clarity_6ff780,Emergent_bounded_contradiction_fc87f1,0.9925091104724852,70364.52,70884.61,True,False
Emergent_belief_revision_clarity_6ff780,Emergent_autonomy_carefully_659b9f,0.9911014766592059,70364.52,70905.03,True,False
Emergent_belief_revision_clarity_6ff780,Emergent_anticipation_appears_dac47e,0.9915998514374269,70364.52,70924.61,True,False
Emergent_belief_revision_clarity_6ff780,Emergent_analogy_chaos_1ab952,0.9920492664010572,70364.52,70963.32,True,False
Emergent_belief_revision_clarity_6ff780,Emergent_autonomy_bounded_72bafc,0.9920410899395449,70364.52,70983.91,True,False
Emergent_belief_revision_clarity_6ff780,Emergent_analogy_anticipation_7d7764,0.9884788312320607,70364.52,71003.07,True,False
Emergent_belief_revision_clarity_6ff780,Emergent_analogy_chaos_8f3c3f,0.9883025381859329,70364.52,71003.41,True,False
Emergent_belief_revision_clarity_6ff780,Emergent_analogy_anticipation_138cb7,0.9923621431951903,70364.52,71041.6,True,False
Emergent_belief_revision_clarity_6ff780,Emergent_autonomy_bounded_94d9e2,0.9918002798738881,70364.52,71062.84,True,False
Emergent_belief_revision_clarity_6ff780,Emergent_autonomy_clarity_d6bec2,0.9768071996179746,70364.52,71084.59,True,False
Emergent_belief_revision_clarity_6ff780,Emergent_anticipation_autonomy_573275,0.9780613931317301,70364.52,71084.93,True,False
Emergent_belief_revision_clarity_6ff780,Emergent_anticipation_autonomy_a66f28,0.9931015359333248,70364.52,71104.44,True,False
Emergent_belief_revision_clarity_6ff780,Emergent_abstraction_attention_9ebe0c,0.9942351989999998,70364.52,71122.94,True,False
Emergent_belief_revision_clarity_6ff780,Emergent_anticipation_bounded_6c16c4,0.9942351989999998,70364.52,71123.28,True,False
Emergent_belief_revision_clarity_6ff780,Emergent_autonomy_coherence_a41799,0.9882350999999998,70364.52,71183.34,True,False
Emergent_abstraction_analogy_a99238,Emergent_analogy_autonomy_581819,0.9914732625458726,70379.98,70395.88,True,False
Emergent_abstraction_analogy_a99238,Emergent_autonomy_collective_b1eda1,0.9917419452242973,70379.98,70410.14,True,False
Emergent_abstraction_analogy_a99238,Emergent_belief_revision_bounded_6c1d78,0.9917416373146246,70379.98,70441.27,True,False
Emergent_abstraction_analogy_a99238,Emergent_abstraction_attention_ca8b9f,0.9917121149771431,70379.98,70473.6,True,False
Emergent_abstraction_analogy_a99238,Emergent_analogy_autonomy_2771b0,0.9917420029361916,70379.98,70492.35,True,False
Emergent_abstraction_analogy_a99238,Emergent_analogy_autonomy_a3a02c,0.991742066464167,70379.98,70509.74,True,False
Emergent_abstraction_analogy_a99238,Emergent_analogy_attention_3c3dd6,0.9917409782996831,70379.98,70527.58,True,False
Emergent_abstraction_analogy_a99238,Emergent_appears_asymmetry_ecd8f7,0.9917407655170525,70379.98,70580.54,True,False
Emergent_abstraction_analogy_a99238,Emergent_analogy_autonomy_2be585,0.9917323977392107,70379.98,70628.87,True,False
Emergent_abstraction_analogy_a99238,Emergent_analogy_autonomy_fb4c5a,0.9917422842212886,70379.98,70646.8,True,False
Emergent_abstraction_analogy_a99238,Emergent_abstraction_contradiction_5c7672,0.9917413182495618,70379.98,70663.94,True,False
Emergent_abstraction_analogy_a99238,Emergent_anticipation_contradiction_81226c,0.9917413182495618,70379.98,70664.28,True,False
Emergent_abstraction_analogy_a99238,Emergent_feedback_identity_129d8f,0.9917376766422463,70379.98,70717.68,True,False
Emergent_abstraction_analogy_a99238,Emergent_abstraction_analogy_82c26e,0.9917061773504117,70379.98,70737.2,True,False
Emergent_abstraction_analogy_a99238,Emergent_analogy_bounded_185c87,0.9915930662252221,70379.98,70812.14,True,False
Emergent_abstraction_analogy_a99238,Emergent_attention_carefully_f521e2,0.9917921913437102,70379.98,70867.72,True,False
Emergent_abstraction_analogy_a99238,Emergent_carefully_cognition_d8aefa,0.9917921913437102,70379.98,70868.06,True,False
Emergent_abstraction_analogy_a99238,Emergent_bounded_contradiction_fc87f1,0.9917579946581543,70379.98,70884.61,True,False
Emergent_abstraction_analogy_a99238,Emergent_autonomy_carefully_659b9f,0.9911014766592059,70379.98,70905.03,True,False
Emergent_abstraction_analogy_a99238,Emergent_anticipation_appears_dac47e,0.9915998514374269,70379.98,70924.61,True,False
Emergent_abstraction_analogy_a99238,Emergent_analogy_chaos_1ab952,0.9915350616551764,70379.98,70963.32,True,False
Emergent_abstraction_analogy_a99238,Emergent_autonomy_bounded_72bafc,0.9913077268285422,70379.98,70983.91,True,False
Emergent_abstraction_analogy_a99238,Emergent_analogy_anticipation_7d7764,0.9880469070514868,70379.98,71003.07,True,False
Emergent_abstraction_analogy_a99238,Emergent_analogy_chaos_8f3c3f,0.9880394142951094,70379.98,71003.41,True,False
Emergent_abstraction_analogy_a99238,Emergent_analogy_anticipation_138cb7,0.9918878743377564,70379.98,71041.6,True,False
Emergent_abstraction_analogy_a99238,Emergent_autonomy_bounded_94d9e2,0.991150558888338,70379.98,71062.84,True,False
Emergent_abstraction_analogy_a99238,Emergent_autonomy_clarity_d6bec2,0.9768071996179746,70379.98,71084.59,True,False
Emergent_abstraction_analogy_a99238,Emergent_anticipation_autonomy_573275,0.9772280836960523,70379.98,71084.93,True,False
Emergent_abstraction_analogy_a99238,Emergent_anticipation_autonomy_a66f28,0.9929862433155849,70379.98,71104.44,True,False
Emergent_abstraction_analogy_a99238,Emergent_abstraction_attention_9ebe0c,0.9942351989999998,70379.98,71122.94,True,False
Emergent_abstraction_analogy_a99238,Emergent_anticipation_bounded_6c16c4,0.9942351989999998,70379.98,71123.28,True,False
Emergent_abstraction_analogy_a99238,Emergent_autonomy_coherence_a41799,0.9882350999999998,70379.98,71183.34,True,False
Emergent_analogy_autonomy_581819,Emergent_autonomy_collective_b1eda1,0.9914732143082436,70395.88,70410.14,True,False
Emergent_analogy_autonomy_581819,Emergent_belief_revision_bounded_6c1d78,0.9914729418653929,70395.88,70441.27,True,False
Emergent_analogy_autonomy_581819,Emergent_abstraction_attention_ca8b9f,0.9914729227634937,70395.88,70473.6,True,False
Emergent_analogy_autonomy_581819,Emergent_analogy_autonomy_2771b0,0.9914733105794107,70395.88,70492.35,True,False
Emergent_analogy_autonomy_581819,Emergent_analogy_autonomy_a3a02c,0.9914733998260605,70395.88,70509.74,True,False
Emergent_analogy_autonomy_581819,Emergent_analogy_attention_3c3dd6,0.9914722895600465,70395.88,70527.58,True,False
Emergent_analogy_autonomy_581819,Emergent_appears_asymmetry_ecd8f7,0.9914720532655399,70395.88,70580.54,True,False
Emergent_analogy_autonomy_581819,Emergent_analogy_autonomy_2be585,0.9914705274485438,70395.88,70628.87,True,False
Emergent_analogy_autonomy_581819,Emergent_analogy_autonomy_fb4c5a,0.9914737740961164,70395.88,70646.8,True,False
Emergent_analogy_autonomy_581819,Emergent_abstraction_contradiction_5c7672,0.9914728081243895,70395.88,70663.94,True,False
Emergent_analogy_autonomy_581819,Emergent_anticipation_contradiction_81226c,0.9914728081243895,70395.88,70664.28,True,False
Emergent_analogy_autonomy_581819,Emergent_feedback_identity_129d8f,0.9914691714044612,70395.88,70717.68,True,False
Emergent_analogy_autonomy_581819,Emergent_abstraction_analogy_82c26e,0.9914371955420775,70395.88,70737.2,True,False
Emergent_analogy_autonomy_581819,Emergent_analogy_bounded_185c87,0.9913243549509227,70395.88,70812.14,True,False
Emergent_analogy_autonomy_581819,Emergent_attention_carefully_f521e2,0.9915253669016089,70395.88,70867.72,True,False
Emergent_analogy_autonomy_581819,Emergent_carefully_cognition_d8aefa,0.9915253669016089,70395.88,70868.06,True,False
Emergent_analogy_autonomy_581819,Emergent_bounded_contradiction_fc87f1,0.9914911702160527,70395.88,70884.61,True,False
Emergent_analogy_autonomy_581819,Emergent_autonomy_carefully_659b9f,0.9911014766592059,70395.88,70905.03,True,False
Emergent_analogy_autonomy_581819,Emergent_anticipation_appears_dac47e,0.9915162674109708,70395.88,70924.61,True,False
Emergent_analogy_autonomy_581819,Emergent_analogy_chaos_1ab952,0.9912741417739637,70395.88,70963.32,True,False
Emergent_analogy_autonomy_581819,Emergent_autonomy_bounded_72bafc,0.9910472088109243,70395.88,70983.91,True,False
Emergent_analogy_autonomy_581819,Emergent_analogy_anticipation_7d7764,0.9877369001772531,70395.88,71003.07,True,False
Emergent_analogy_autonomy_581819,Emergent_analogy_chaos_8f3c3f,0.9877294792016074,70395.88,71003.41,True,False
Emergent_analogy_autonomy_581819,Emergent_analogy_anticipation_138cb7,0.9916546426295865,70395.88,71041.6,True,False
Emergent_analogy_autonomy_581819,Emergent_autonomy_bounded_94d9e2,0.9909197536833574,70395.88,71062.84,True,False
Emergent_analogy_autonomy_581819,Emergent_autonomy_clarity_d6bec2,0.9767155694549572,70395.88,71084.59,True,False
Emergent_analogy_autonomy_581819,Emergent_anticipation_autonomy_573275,0.9769320610041712,70395.88,71084.93,True,False
Emergent_analogy_autonomy_581819,Emergent_anticipation_autonomy_a66f28,0.9924249007002499,70395.88,71104.44,True,False
Emergent_analogy_autonomy_581819,Emergent_abstraction_attention_9ebe0c,0.9942351989999998,70395.88,71122.94,True,False
Emergent_analogy_autonomy_581819,Emergent_anticipation_bounded_6c16c4,0.9942351989999998,70395.88,71123.28,True,False
Emergent_analogy_autonomy_581819,Emergent_autonomy_coherence_a41799,0.9882350999999998,70395.88,71183.34,True,False
Emergent_autonomy_collective_b1eda1,Emergent_belief_revision_bounded_6c1d78,0.9920749334009191,70410.14,70441.27,True,False
Emergent_autonomy_collective_b1eda1,Emergent_abstraction_attention_ca8b9f,0.9917121149771431,70410.14,70473.6,True,False
Emergent_autonomy_collective_b1eda1,Emergent_analogy_autonomy_2771b0,0.992075324770888,70410.14,70492.35,True,False
Emergent_autonomy_collective_b1eda1,Emergent_analogy_autonomy_a3a02c,0.9920753563939895,70410.14,70509.74,True,False
Emergent_autonomy_collective_b1eda1,Emergent_analogy_attention_3c3dd6,0.9919152984218316,70410.14,70527.58,True,False
Emergent_autonomy_collective_b1eda1,Emergent_appears_asymmetry_ecd8f7,0.992074112031827,70410.14,70580.54,True,False
Emergent_autonomy_collective_b1eda1,Emergent_analogy_autonomy_2be585,0.9917323977392107,70410.14,70628.87,True,False
Emergent_autonomy_collective_b1eda1,Emergent_analogy_autonomy_fb4c5a,0.9920753799915936,70410.14,70646.8,True,False
Emergent_autonomy_collective_b1eda1,Emergent_abstraction_contradiction_5c7672,0.9920744140198667,70410.14,70663.94,True,False
Emergent_autonomy_collective_b1eda1,Emergent_anticipation_contradiction_81226c,0.9920744140198667,70410.14,70664.28,True,False
Emergent_autonomy_collective_b1eda1,Emergent_feedback_identity_129d8f,0.9920707663495842,70410.14,70717.68,True,False
Emergent_autonomy_collective_b1eda1,Emergent_abstraction_analogy_82c26e,0.9920398582594185,70410.14,70737.2,True,False
Emergent_autonomy_collective_b1eda1,Emergent_analogy_bounded_185c87,0.9919264115277313,70410.14,70812.14,True,False
Emergent_autonomy_collective_b1eda1,Emergent_attention_carefully_f521e2,0.9921231959679155,70410.14,70867.72,True,False
Emergent_autonomy_collective_b1eda1,Emergent_carefully_cognition_d8aefa,0.9921231959679155,70410.14,70868.06,True,False
Emergent_autonomy_collective_b1eda1,Emergent_bounded_contradiction_fc87f1,0.9920889992823594,70410.14,70884.61,True,False
Emergent_autonomy_collective_b1eda1,Emergent_autonomy_carefully_659b9f,0.9911014766592059,70410.14,70905.03,True,False
Emergent_autonomy_collective_b1eda1,Emergent_anticipation_appears_dac47e,0.9915998514374269,70410.14,70924.61,True,False
Emergent_autonomy_collective_b1eda1,Emergent_analogy_chaos_1ab952,0.991858741474567,70410.14,70963.32,True,False
Emergent_autonomy_collective_b1eda1,Emergent_autonomy_bounded_72bafc,0.9916309081227339,70410.14,70983.91,True,False
Emergent_autonomy_collective_b1eda1,Emergent_analogy_anticipation_7d7764,0.9884314809237249,70410.14,71003.07,True,False
Emergent_autonomy_collective_b1eda1,Emergent_analogy_chaos_8f3c3f,0.9883025381859329,70410.14,71003.41,True,False
Emergent_autonomy_collective_b1eda1,Emergent_analogy_anticipation_138cb7,0.9921772060545493,70410.14,71041.6,True,False
Emergent_autonomy_collective_b1eda1,Emergent_autonomy_bounded_94d9e2,0.991436880446954,70410.14,71062.84,True,False
Emergent_autonomy_collective_b1eda1,Emergent_autonomy_clarity_d6bec2,0.9768071996179746,70410.14,71084.59,True,False
Emergent_autonomy_collective_b1eda1,Emergent_anticipation_autonomy_573275,0.9775953097234376,70410.14,71084.93,True,False
Emergent_autonomy_collective_b1eda1,Emergent_anticipation_autonomy_a66f28,0.9931015359333248,70410.14,71104.44,True,False
Emergent_autonomy_collective_b1eda1,Emergent_abstraction_attention_9ebe0c,0.9942351989999998,70410.14,71122.94,True,False
Emergent_autonomy_collective_b1eda1,Emergent_anticipation_bounded_6c16c4,0.9942351989999998,70410.14,71123.28,True,False
Emergent_autonomy_collective_b1eda1,Emergent_autonomy_coherence_a41799,0.9882350999999998,70410.14,71183.34,True,False
Emergent_belief_revision_bounded_6c1d78,Emergent_abstraction_attention_ca8b9f,0.9917121149771431,70441.27,70473.6,True,False
Emergent_belief_revision_bounded_6c1d78,Emergent_analogy_autonomy_2771b0,0.9931243311746545,70441.27,70492.35,True,False
Emergent_belief_revision_bounded_6c1d78,Emergent_analogy_autonomy_a3a02c,0.9931144981420246,70441.27,70509.74,True,False
Emergent_belief_revision_bounded_6c1d78,Emergent_analogy_attention_3c3dd6,0.9919152984218316,70441.27,70527.58,True,False
Emergent_belief_revision_bounded_6c1d78,Emergent_appears_asymmetry_ecd8f7,0.9921902286607727,70441.27,70580.54,True,False
Emergent_belief_revision_bounded_6c1d78,Emergent_analogy_autonomy_2be585,0.9917323977392107,70441.27,70628.87,True,False
Emergent_belief_revision_bounded_6c1d78,Emergent_analogy_autonomy_fb4c5a,0.9931693684687919,70441.27,70646.8,True,False
Emergent_belief_revision_bounded_6c1d78,Emergent_abstraction_contradiction_5c7672,0.9931684024970651,70441.27,70663.94,True,False
Emergent_belief_revision_bounded_6c1d78,Emergent_anticipation_contradiction_81226c,0.9931684024970651,70441.27,70664.28,True,False
Emergent_belief_revision_bounded_6c1d78,Emergent_feedback_identity_129d8f,0.9930711851208971,70441.27,70717.68,True,False
Emergent_belief_revision_bounded_6c1d78,Emergent_abstraction_analogy_82c26e,0.9931366075762587,70441.27,70737.2,True,False
Emergent_belief_revision_bounded_6c1d78,Emergent_analogy_bounded_185c87,0.992185543030436,70441.27,70812.14,True,False
Emergent_belief_revision_bounded_6c1d78,Emergent_attention_carefully_f521e2,0.9925161586264051,70441.27,70867.72,True,False
Emergent_belief_revision_bounded_6c1d78,Emergent_carefully_cognition_d8aefa,0.9927481278330719,70441.27,70868.06,True,False
Emergent_belief_revision_bounded_6c1d78,Emergent_bounded_contradiction_fc87f1,0.9928649226504147,70441.27,70884.61,True,False
Emergent_belief_revision_bounded_6c1d78,Emergent_autonomy_carefully_659b9f,0.9911014766592059,70441.27,70905.03,True,False
Emergent_belief_revision_bounded_6c1d78,Emergent_anticipation_appears_dac47e,0.9915998514374269,70441.27,70924.61,True,False
Emergent_belief_revision_bounded_6c1d78,Emergent_analogy_chaos_1ab952,0.9920492664010572,70441.27,70963.32,True,False
Emergent_belief_revision_bounded_6c1d78,Emergent_autonomy_bounded_72bafc,0.9926781174711901,70441.27,70983.91,True,False
Emergent_belief_revision_bounded_6c1d78,Emergent_analogy_anticipation_7d7764,0.9884788312320607,70441.27,71003.07,True,False
Emergent_belief_revision_bounded_6c1d78,Emergent_analogy_chaos_8f3c3f,0.9883025381859329,70441.27,71003.41,True,False
Emergent_belief_revision_bounded_6c1d78,Emergent_analogy_anticipation_138cb7,0.9923621431951903,70441.27,71041.6,True,False
Emergent_belief_revision_bounded_6c1d78,Emergent_autonomy_bounded_94d9e2,0.9922070332778996,70441.27,71062.84,True,False
Emergent_belief_revision_bounded_6c1d78,Emergent_autonomy_clarity_d6bec2,0.9768071996179746,70441.27,71084.59,True,False
Emergent_belief_revision_bounded_6c1d78,Emergent_anticipation_autonomy_573275,0.978581199905405,70441.27,71084.93,True,False
Emergent_belief_revision_bounded_6c1d78,Emergent_anticipation_autonomy_a66f28,0.9931015359333248,70441.27,71104.44,True,False
Emergent_belief_revision_bounded_6c1d78,Emergent_abstraction_attention_9ebe0c,0.9942351989999998,70441.27,71122.94,True,False
Emergent_belief_revision_bounded_6c1d78,Emergent_anticipation_bounded_6c16c4,0.9942351989999998,70441.27,71123.28,True,False
Emergent_belief_revision_bounded_6c1d78,Emergent_autonomy_coherence_a41799,0.9882350999999998,70441.27,71183.34,True,False
Emergent_abstraction_attention_ca8b9f,Emergent_analogy_autonomy_2771b0,0.9917124575602259,70473.6,70492.35,True,False
Emergent_abstraction_attention_ca8b9f,Emergent_analogy_autonomy_a3a02c,0.9917125750566043,70473.6,70509.74,True,False
Emergent_abstraction_attention_ca8b9f,Emergent_analogy_attention_3c3dd6,0.9917114844660462,70473.6,70527.58,True,False
Emergent_abstraction_attention_ca8b9f,Emergent_appears_asymmetry_ecd8f7,0.991711269102528,70473.6,70580.54,True,False
Emergent_abstraction_attention_ca8b9f,Emergent_analogy_autonomy_2be585,0.9917097200237093,70473.6,70628.87,True,False
Emergent_abstraction_attention_ca8b9f,Emergent_analogy_autonomy_fb4c5a,0.9917128099940755,70473.6,70646.8,True,False
Emergent_abstraction_attention_ca8b9f,Emergent_abstraction_contradiction_5c7672,0.9917118440223489,70473.6,70663.94,True,False
Emergent_abstraction_attention_ca8b9f,Emergent_anticipation_contradiction_81226c,0.9917118440223489,70473.6,70664.28,True,False
Emergent_abstraction_attention_ca8b9f,Emergent_feedback_identity_129d8f,0.9917082029515192,70473.6,70717.68,True,False
Emergent_abstraction_attention_ca8b9f,Emergent_abstraction_analogy_82c26e,0.9916766513467647,70473.6,70737.2,True,False
Emergent_abstraction_attention_ca8b9f,Emergent_analogy_bounded_185c87,0.9915635699179659,70473.6,70812.14,True,False
Emergent_abstraction_attention_ca8b9f,Emergent_attention_carefully_f521e2,0.9917629021531167,70473.6,70867.72,True,False
Emergent_abstraction_attention_ca8b9f,Emergent_carefully_cognition_d8aefa,0.9917629021531167,70473.6,70868.06,True,False
Emergent_abstraction_attention_ca8b9f,Emergent_bounded_contradiction_fc87f1,0.9917287054675605,70473.6,70884.61,True,False
Emergent_abstraction_attention_ca8b9f,Emergent_autonomy_carefully_659b9f,0.9911014766592059,70473.6,70905.03,True,False
Emergent_abstraction_attention_ca8b9f,Emergent_anticipation_appears_dac47e,0.9915998514374269,70473.6,70924.61,True,False
Emergent_abstraction_attention_ca8b9f,Emergent_analogy_chaos_1ab952,0.9915064206053896,70473.6,70963.32,True,False
Emergent_abstraction_attention_ca8b9f,Emergent_autonomy_bounded_72bafc,0.991279129891129,70473.6,70983.91,True,False
Emergent_abstraction_attention_ca8b9f,Emergent_analogy_anticipation_7d7764,0.9880128777461004,70473.6,71003.07,True,False
Emergent_abstraction_attention_ca8b9f,Emergent_analogy_chaos_8f3c3f,0.9880053928690595,70473.6,71003.41,True,False
Emergent_abstraction_attention_ca8b9f,Emergent_analogy_anticipation_138cb7,0.9918622726053989,70473.6,71041.6,True,False
Emergent_abstraction_attention_ca8b9f,Emergent_autonomy_bounded_94d9e2,0.991125223512068,70473.6,71062.84,True,False
Emergent_abstraction_attention_ca8b9f,Emergent_autonomy_clarity_d6bec2,0.9768071996179746,70473.6,71084.59,True,False
Emergent_abstraction_attention_ca8b9f,Emergent_anticipation_autonomy_573275,0.9771955894276323,70473.6,71084.93,True,False
Emergent_abstraction_attention_ca8b9f,Emergent_anticipation_autonomy_a66f28,0.9929246250068593,70473.6,71104.44,True,False
Emergent_abstraction_attention_ca8b9f,Emergent_abstraction_attention_9ebe0c,0.9942351989999998,70473.6,71122.94,True,False
Emergent_abstraction_attention_ca8b9f,Emergent_anticipation_bounded_6c16c4,0.9942351989999998,70473.6,71123.28,True,False
Emergent_abstraction_attention_ca8b9f,Emergent_autonomy_coherence_a41799,0.9882350999999998,70473.6,71183.34,True,False
Emergent_analogy_autonomy_2771b0,Emergent_analogy_autonomy_a3a02c,0.9931144981420246,70492.35,70509.74,True,False
Emergent_analogy_autonomy_2771b0,Emergent_analogy_attention_3c3dd6,0.9919152984218316,70492.35,70527.58,True,False
Emergent_analogy_autonomy_2771b0,Emergent_appears_asymmetry_ecd8f7,0.9921902286607727,70492.35,70580.54,True,False
Emergent_analogy_autonomy_2771b0,Emergent_analogy_autonomy_2be585,0.9917323977392107,70492.35,70628.87,True,False
Emergent_analogy_autonomy_2771b0,Emergent_analogy_autonomy_fb4c5a,0.9931234498177093,70492.35,70646.8,True,False
Emergent_analogy_autonomy_2771b0,Emergent_abstraction_contradiction_5c7672,0.9931224838459825,70492.35,70663.94,True,False
Emergent_analogy_autonomy_2771b0,Emergent_anticipation_contradiction_81226c,0.9931224838459825,70492.35,70664.28,True,False
Emergent_analogy_autonomy_2771b0,Emergent_feedback_identity_129d8f,0.9930711851208971,70492.35,70717.68,True,False
Emergent_analogy_autonomy_2771b0,Emergent_abstraction_analogy_82c26e,0.9930904156021183,70492.35,70737.2,True,False
Emergent_analogy_autonomy_2771b0,Emergent_analogy_bounded_185c87,0.992185543030436,70492.35,70812.14,True,False
Emergent_analogy_autonomy_2771b0,Emergent_attention_carefully_f521e2,0.9925161586264051,70492.35,70867.72,True,False
Emergent_analogy_autonomy_2771b0,Emergent_carefully_cognition_d8aefa,0.9927481278330719,70492.35,70868.06,True,False
Emergent_analogy_autonomy_2771b0,Emergent_bounded_contradiction_fc87f1,0.9928649226504147,70492.35,70884.61,True,False
Emergent_analogy_autonomy_2771b0,Emergent_autonomy_carefully_659b9f,0.9911014766592059,70492.35,70905.03,True,False
Emergent_analogy_autonomy_2771b0,Emergent_anticipation_appears_dac47e,0.9915998514374269,70492.35,70924.61,True,False
Emergent_analogy_autonomy_2771b0,Emergent_analogy_chaos_1ab952,0.9920492664010572,70492.35,70963.32,True,False
Emergent_analogy_autonomy_2771b0,Emergent_autonomy_bounded_72bafc,0.9926368299527184,70492.35,70983.91,True,False
Emergent_analogy_autonomy_2771b0,Emergent_analogy_anticipation_7d7764,0.9884788312320607,70492.35,71003.07,True,False
Emergent_analogy_autonomy_2771b0,Emergent_analogy_chaos_8f3c3f,0.9883025381859329,70492.35,71003.41,True,False
Emergent_analogy_autonomy_2771b0,Emergent_analogy_anticipation_138cb7,0.9923621431951903,70492.35,71041.6,True,False
Emergent_analogy_autonomy_2771b0,Emergent_autonomy_bounded_94d9e2,0.9922070332778996,70492.35,71062.84,True,False
Emergent_analogy_autonomy_2771b0,Emergent_autonomy_clarity_d6bec2,0.9768071996179746,70492.35,71084.59,True,False
Emergent_analogy_autonomy_2771b0,Emergent_anticipation_autonomy_573275,0.978581199905405,70492.35,71084.93,True,False
Emergent_analogy_autonomy_2771b0,Emergent_anticipation_autonomy_a66f28,0.9931015359333248,70492.35,71104.44,True,False
Emergent_analogy_autonomy_2771b0,Emergent_abstraction_attention_9ebe0c,0.9942351989999998,70492.35,71122.94,True,False
Emergent_analogy_autonomy_2771b0,Emergent_anticipation_bounded_6c16c4,0.9942351989999998,70492.35,71123.28,True,False
Emergent_analogy_autonomy_2771b0,Emergent_autonomy_coherence_a41799,0.9882350999999998,70492.35,71183.34,True,False
Emergent_analogy_autonomy_a3a02c,Emergent_analogy_attention_3c3dd6,0.9919152984218316,70509.74,70527.58,True,False
Emergent_analogy_autonomy_a3a02c,Emergent_appears_asymmetry_ecd8f7,0.9921902286607727,70509.74,70580.54,True,False
Emergent_analogy_autonomy_a3a02c,Emergent_analogy_autonomy_2be585,0.9917323977392107,70509.74,70628.87,True,False
Emergent_analogy_autonomy_a3a02c,Emergent_analogy_autonomy_fb4c5a,0.9931137155630387,70509.74,70646.8,True,False
Emergent_analogy_autonomy_a3a02c,Emergent_abstraction_contradiction_5c7672,0.9931127495913119,70509.74,70663.94,True,False
Emergent_analogy_autonomy_a3a02c,Emergent_anticipation_contradiction_81226c,0.9931127495913119,70509.74,70664.28,True,False
Emergent_analogy_autonomy_a3a02c,Emergent_feedback_identity_129d8f,0.9930711851208971,70509.74,70717.68,True,False
Emergent_analogy_autonomy_a3a02c,Emergent_abstraction_analogy_82c26e,0.9930806234059324,70509.74,70737.2,True,False
Emergent_analogy_autonomy_a3a02c,Emergent_analogy_bounded_185c87,0.992185543030436,70509.74,70812.14,True,False
Emergent_analogy_autonomy_a3a02c,Emergent_attention_carefully_f521e2,0.9925161586264051,70509.74,70867.72,True,False
Emergent_analogy_autonomy_a3a02c,Emergent_carefully_cognition_d8aefa,0.9927481278330719,70509.74,70868.06,True,False
Emergent_analogy_autonomy_a3a02c,Emergent_bounded_contradiction_fc87f1,0.9928649226504147,70509.74,70884.61,True,False
Emergent_analogy_autonomy_a3a02c,Emergent_autonomy_carefully_659b9f,0.9911014766592059,70509.74,70905.03,True,False
Emergent_analogy_autonomy_a3a02c,Emergent_anticipation_appears_dac47e,0.9915998514374269,70509.74,70924.61,True,False
Emergent_analogy_autonomy_a3a02c,Emergent_analogy_chaos_1ab952,0.9920492664010572,70509.74,70963.32,True,False
Emergent_analogy_autonomy_a3a02c,Emergent_autonomy_bounded_72bafc,0.9926280774477989,70509.74,70983.91,True,False
Emergent_analogy_autonomy_a3a02c,Emergent_analogy_anticipation_7d7764,0.9884788312320607,70509.74,71003.07,True,False
Emergent_analogy_autonomy_a3a02c,Emergent_analogy_chaos_8f3c3f,0.9883025381859329,70509.74,71003.41,True,False
Emergent_analogy_autonomy_a3a02c,Emergent_analogy_anticipation_138cb7,0.9923621431951903,70509.74,71041.6,True,False
Emergent_analogy_autonomy_a3a02c,Emergent_autonomy_bounded_94d9e2,0.9922070332778996,70509.74,71062.84,True,False
Emergent_analogy_autonomy_a3a02c,Emergent_autonomy_clarity_d6bec2,0.9768071996179746,70509.74,71084.59,True,False
Emergent_analogy_autonomy_a3a02c,Emergent_anticipation_autonomy_573275,0.978581199905405,70509.74,71084.93,True,False
Emergent_analogy_autonomy_a3a02c,Emergent_anticipation_autonomy_a66f28,0.9931015359333248,70509.74,71104.44,True,False
Emergent_analogy_autonomy_a3a02c,Emergent_abstraction_attention_9ebe0c,0.9942351989999998,70509.74,71122.94,True,False
Emergent_analogy_autonomy_a3a02c,Emergent_anticipation_bounded_6c16c4,0.9942351989999998,70509.74,71123.28,True,False
Emergent_analogy_autonomy_a3a02c,Emergent_autonomy_coherence_a41799,0.9882350999999998,70509.74,71183.34,True,False
Emergent_analogy_attention_3c3dd6,Emergent_appears_asymmetry_ecd8f7,0.991915100893257,70527.58,70580.54,True,False
Emergent_analogy_attention_3c3dd6,Emergent_analogy_autonomy_2be585,0.9917323977392107,70527.58,70628.87,True,False
Emergent_analogy_attention_3c3dd6,Emergent_analogy_autonomy_fb4c5a,0.9919164884617846,70527.58,70646.8,True,False
Emergent_analogy_attention_3c3dd6,Emergent_abstraction_contradiction_5c7672,0.9919155224900575,70527.58,70663.94,True,False
Emergent_analogy_attention_3c3dd6,Emergent_anticipation_contradiction_81226c,0.9919155224900575,70527.58,70664.28,True,False
Emergent_analogy_attention_3c3dd6,Emergent_feedback_identity_129d8f,0.9919118777118987,70527.58,70717.68,True,False
Emergent_analogy_attention_3c3dd6,Emergent_abstraction_analogy_82c26e,0.9918806876099335,70527.58,70737.2,True,False
Emergent_analogy_attention_3c3dd6,Emergent_analogy_bounded_185c87,0.9917674009674293,70527.58,70812.14,True,False
Emergent_analogy_attention_3c3dd6,Emergent_attention_carefully_f521e2,0.9919653019452275,70527.58,70867.72,True,False
Emergent_analogy_attention_3c3dd6,Emergent_carefully_cognition_d8aefa,0.9919653019452275,70527.58,70868.06,True,False
Emergent_analogy_attention_3c3dd6,Emergent_bounded_contradiction_fc87f1,0.9919311052596713,70527.58,70884.61,True,False
Emergent_analogy_attention_3c3dd6,Emergent_autonomy_carefully_659b9f,0.9911014766592059,70527.58,70905.03,True,False
Emergent_analogy_attention_3c3dd6,Emergent_anticipation_appears_dac47e,0.9915998514374269,70527.58,70924.61,True,False
Emergent_analogy_attention_3c3dd6,Emergent_analogy_chaos_1ab952,0.9917043414903697,70527.58,70963.32,True,False
Emergent_analogy_attention_3c3dd6,Emergent_autonomy_bounded_72bafc,0.991476745942311,70527.58,70983.91,True,False
Emergent_analogy_attention_3c3dd6,Emergent_analogy_anticipation_7d7764,0.9882480335901589,70527.58,71003.07,True,False
Emergent_analogy_attention_3c3dd6,Emergent_analogy_chaos_8f3c3f,0.9882404942638141,70527.58,71003.41,True,False
Emergent_analogy_attention_3c3dd6,Emergent_analogy_anticipation_138cb7,0.9920391906151413,70527.58,71041.6,True,False
Emergent_analogy_attention_3c3dd6,Emergent_autonomy_bounded_94d9e2,0.991300300896802,70527.58,71062.84,True,False
Emergent_analogy_attention_3c3dd6,Emergent_autonomy_clarity_d6bec2,0.9768071996179746,70527.58,71084.59,True,False
Emergent_analogy_attention_3c3dd6,Emergent_anticipation_autonomy_573275,0.9774201375643208,70527.58,71084.93,True,False
Emergent_analogy_attention_3c3dd6,Emergent_anticipation_autonomy_a66f28,0.9931015359333248,70527.58,71104.44,True,False
Emergent_analogy_attention_3c3dd6,Emergent_abstraction_attention_9ebe0c,0.9942351989999998,70527.58,71122.94,True,False
Emergent_analogy_attention_3c3dd6,Emergent_anticipation_bounded_6c16c4,0.9942351989999998,70527.58,71123.28,True,False
Emergent_analogy_attention_3c3dd6,Emergent_autonomy_coherence_a41799,0.9882350999999998,70527.58,71183.34,True,False
Emergent_appears_asymmetry_ecd8f7,Emergent_analogy_autonomy_2be585,0.9917322409459921,70580.54,70628.87,True,False
Emergent_appears_asymmetry_ecd8f7,Emergent_analogy_autonomy_fb4c5a,0.9921914092771855,70580.54,70646.8,True,False
Emergent_appears_asymmetry_ecd8f7,Emergent_abstraction_contradiction_5c7672,0.9921904433054587,70580.54,70663.94,True,False
Emergent_appears_asymmetry_ecd8f7,Emergent_anticipation_contradiction_81226c,0.9921904433054587,70580.54,70664.28,True,False
Emergent_appears_asymmetry_ecd8f7,Emergent_feedback_identity_129d8f,0.9921867935232258,70580.54,70717.68,True,False
Emergent_appears_asymmetry_ecd8f7,Emergent_abstraction_analogy_82c26e,0.9921560913699512,70580.54,70737.2,True,False
Emergent_appears_asymmetry_ecd8f7,Emergent_analogy_bounded_185c87,0.9920425277344012,70580.54,70812.14,True,False
Emergent_appears_asymmetry_ecd8f7,Emergent_attention_carefully_f521e2,0.9922384968318052,70580.54,70867.72,True,False
Emergent_appears_asymmetry_ecd8f7,Emergent_carefully_cognition_d8aefa,0.9922384968318052,70580.54,70868.06,True,False
Emergent_appears_asymmetry_ecd8f7,Emergent_bounded_contradiction_fc87f1,0.992204300146249,70580.54,70884.61,True,False
Emergent_appears_asymmetry_ecd8f7,Emergent_autonomy_carefully_659b9f,0.9911014766592059,70580.54,70905.03,True,False
Emergent_appears_asymmetry_ecd8f7,Emergent_anticipation_appears_dac47e,0.9915998514374269,70580.54,70924.61,True,False
Emergent_appears_asymmetry_ecd8f7,Emergent_analogy_chaos_1ab952,0.9919714908444257,70580.54,70963.32,True,False
Emergent_appears_asymmetry_ecd8f7,Emergent_autonomy_bounded_72bafc,0.9917434838382628,70580.54,70983.91,True,False
Emergent_appears_asymmetry_ecd8f7,Emergent_analogy_anticipation_7d7764,0.9884788312320607,70580.54,71003.07,True,False
Emergent_appears_asymmetry_ecd8f7,Emergent_analogy_chaos_8f3c3f,0.9883025381859329,70580.54,71003.41,True,False
Emergent_appears_asymmetry_ecd8f7,Emergent_analogy_anticipation_138cb7,0.9922779907398902,70580.54,71041.6,True,False
Emergent_appears_asymmetry_ecd8f7,Emergent_autonomy_bounded_94d9e2,0.9915366165854986,70580.54,71062.84,True,False
Emergent_appears_asymmetry_ecd8f7,Emergent_autonomy_clarity_d6bec2,0.9768071996179746,70580.54,71084.59,True,False
Emergent_appears_asymmetry_ecd8f7,Emergent_anticipation_autonomy_573275,0.9777232278100867,70580.54,71084.93,True,False
Emergent_appears_asymmetry_ecd8f7,Emergent_anticipation_autonomy_a66f28,0.9931015359333248,70580.54,71104.44,True,False
Emergent_appears_asymmetry_ecd8f7,Emergent_abstraction_attention_9ebe0c,0.9942351989999998,70580.54,71122.94,True,False
Emergent_appears_asymmetry_ecd8f7,Emergent_anticipation_bounded_6c16c4,0.9942351989999998,70580.54,71123.28,True,False
Emergent_appears_asymmetry_ecd8f7,Emergent_autonomy_coherence_a41799,0.9882350999999998,70580.54,71183.34,True,False
Emergent_analogy_autonomy_2be585,Emergent_analogy_autonomy_fb4c5a,0.9917354728550978,70628.87,70646.8,True,False
Emergent_analogy_autonomy_2be585,Emergent_abstraction_contradiction_5c7672,0.9917345068833712,70628.87,70663.94,True,False
Emergent_analogy_autonomy_2be585,Emergent_anticipation_contradiction_81226c,0.9917345068833712,70628.87,70664.28,True,False
Emergent_analogy_autonomy_2be585,Emergent_feedback_identity_129d8f,0.9917308654000352,70628.87,70717.68,True,False
Emergent_analogy_autonomy_2be585,Emergent_abstraction_analogy_82c26e,0.9916993540189116,70628.87,70737.2,True,False
Emergent_analogy_autonomy_2be585,Emergent_analogy_bounded_185c87,0.9915862497564287,70628.87,70812.14,True,False
Emergent_analogy_autonomy_2be585,Emergent_attention_carefully_f521e2,0.9917854227386804,70628.87,70867.72,True,False
Emergent_analogy_autonomy_2be585,Emergent_carefully_cognition_d8aefa,0.9917854227386804,70628.87,70868.06,True,False
Emergent_analogy_autonomy_2be585,Emergent_bounded_contradiction_fc87f1,0.9917512260531243,70628.87,70884.61,True,False
Emergent_analogy_autonomy_2be585,Emergent_autonomy_carefully_659b9f,0.9911014766592059,70628.87,70905.03,True,False
Emergent_analogy_autonomy_2be585,Emergent_anticipation_appears_dac47e,0.9915998514374269,70628.87,70924.61,True,False
Emergent_analogy_autonomy_2be585,Emergent_analogy_chaos_1ab952,0.9915284428326785,70628.87,70963.32,True,False
Emergent_analogy_autonomy_2be585,Emergent_autonomy_bounded_72bafc,0.9913011182002227,70628.87,70983.91,True,False
Emergent_analogy_autonomy_2be585,Emergent_analogy_anticipation_7d7764,0.9880390430264683,70628.87,71003.07,True,False
Emergent_analogy_autonomy_2be585,Emergent_analogy_chaos_8f3c3f,0.9880315520909715,70628.87,71003.41,True,False
Emergent_analogy_autonomy_2be585,Emergent_analogy_anticipation_138cb7,0.9918819578883464,70628.87,71041.6,True,False
Emergent_analogy_autonomy_2be585,Emergent_autonomy_bounded_94d9e2,0.9911447039926657,70628.87,71062.84,True,False
Emergent_analogy_autonomy_2be585,Emergent_autonomy_clarity_d6bec2,0.9768071996179746,70628.87,71084.59,True,False
Emergent_analogy_autonomy_2be585,Emergent_anticipation_autonomy_573275,0.9772205744114251,70628.87,71084.93,True,False
Emergent_analogy_autonomy_2be585,Emergent_anticipation_autonomy_a66f28,0.9929720035914438,70628.87,71104.44,True,False
Emergent_analogy_autonomy_2be585,Emergent_abstraction_attention_9ebe0c,0.9942351989999998,70628.87,71122.94,True,False
Emergent_analogy_autonomy_2be585,Emergent_anticipation_bounded_6c16c4,0.9942351989999998,70628.87,71123.28,True,False
Emergent_analogy_autonomy_2be585,Emergent_autonomy_coherence_a41799,0.9882350999999998,70628.87,71183.34,True,False
Emergent_analogy_autonomy_fb4c5a,Emergent_abstraction_contradiction_5c7672,0.9931801817399728,70646.8,70663.94,True,False
Emergent_analogy_autonomy_fb4c5a,Emergent_anticipation_contradiction_81226c,0.993192040246174,70646.8,70664.28,True,False
Emergent_analogy_autonomy_fb4c5a,Emergent_feedback_identity_129d8f,0.9930711851208971,70646.8,70717.68,True,False
Emergent_analogy_autonomy_fb4c5a,Emergent_abstraction_analogy_82c26e,0.9931603860250988,70646.8,70737.2,True,False
Emergent_analogy_autonomy_fb4c5a,Emergent_analogy_bounded_185c87,0.992185543030436,70646.8,70812.14,True,False
Emergent_analogy_autonomy_fb4c5a,Emergent_attention_carefully_f521e2,0.9925161586264051,70646.8,70867.72,True,False
Emergent_analogy_autonomy_fb4c5a,Emergent_carefully_cognition_d8aefa,0.9927481278330719,70646.8,70868.06,True,False
Emergent_analogy_autonomy_fb4c5a,Emergent_bounded_contradiction_fc87f1,0.9928649226504147,70646.8,70884.61,True,False
Emergent_analogy_autonomy_fb4c5a,Emergent_autonomy_carefully_659b9f,0.9911014766592059,70646.8,70905.03,True,False
Emergent_analogy_autonomy_fb4c5a,Emergent_anticipation_appears_dac47e,0.9915998514374269,70646.8,70924.61,True,False
Emergent_analogy_autonomy_fb4c5a,Emergent_analogy_chaos_1ab952,0.9920492664010572,70646.8,70963.32,True,False
Emergent_analogy_autonomy_fb4c5a,Emergent_autonomy_bounded_72bafc,0.99269937123148,70646.8,70983.91,True,False
Emergent_analogy_autonomy_fb4c5a,Emergent_analogy_anticipation_7d7764,0.9884788312320607,70646.8,71003.07,True,False
Emergent_analogy_autonomy_fb4c5a,Emergent_analogy_chaos_8f3c3f,0.9883025381859329,70646.8,71003.41,True,False
Emergent_analogy_autonomy_fb4c5a,Emergent_analogy_anticipation_138cb7,0.9923621431951903,70646.8,71041.6,True,False
Emergent_analogy_autonomy_fb4c5a,Emergent_autonomy_bounded_94d9e2,0.9922070332778996,70646.8,71062.84,True,False
Emergent_analogy_autonomy_fb4c5a,Emergent_autonomy_clarity_d6bec2,0.9768071996179746,70646.8,71084.59,True,False
Emergent_analogy_autonomy_fb4c5a,Emergent_anticipation_autonomy_573275,0.978581199905405,70646.8,71084.93,True,False
Emergent_analogy_autonomy_fb4c5a,Emergent_anticipation_autonomy_a66f28,0.9931015359333248,70646.8,71104.44,True,False
Emergent_analogy_autonomy_fb4c5a,Emergent_abstraction_attention_9ebe0c,0.9942351989999998,70646.8,71122.94,True,False
Emergent_analogy_autonomy_fb4c5a,Emergent_anticipation_bounded_6c16c4,0.9942351989999998,70646.8,71123.28,True,False
Emergent_analogy_autonomy_fb4c5a,Emergent_autonomy_coherence_a41799,0.9882350999999998,70646.8,71183.34,True,False
Emergent_abstraction_contradiction_5c7672,Emergent_anticipation_contradiction_81226c,0.993176961834217,70663.94,70664.28,True,False
Emergent_abstraction_contradiction_5c7672,Emergent_feedback_identity_129d8f,0.9930711851208971,70663.94,70717.68,True,False
Emergent_abstraction_contradiction_5c7672,Emergent_abstraction_analogy_82c26e,0.9931484569331313,70663.94,70737.2,True,False
Emergent_abstraction_contradiction_5c7672,Emergent_analogy_bounded_185c87,0.992185543030436,70663.94,70812.14,True,False
Emergent_abstraction_contradiction_5c7672,Emergent_attention_carefully_f521e2,0.9925161586264051,70663.94,70867.72,True,False
Emergent_abstraction_contradiction_5c7672,Emergent_carefully_cognition_d8aefa,0.9927481278330719,70663.94,70868.06,True,False
Emergent_abstraction_contradiction_5c7672,Emergent_bounded_contradiction_fc87f1,0.9928649226504147,70663.94,70884.61,True,False
Emergent_abstraction_contradiction_5c7672,Emergent_autonomy_carefully_659b9f,0.9911014766592059,70663.94,70905.03,True,False
Emergent_abstraction_contradiction_5c7672,Emergent_anticipation_appears_dac47e,0.9915998514374269,70663.94,70924.61,True,False
Emergent_abstraction_contradiction_5c7672,Emergent_analogy_chaos_1ab952,0.9920492664010572,70663.94,70963.32,True,False
Emergent_abstraction_contradiction_5c7672,Emergent_autonomy_bounded_72bafc,0.992688708716744,70663.94,70983.91,True,False
Emergent_abstraction_contradiction_5c7672,Emergent_analogy_anticipation_7d7764,0.9884788312320607,70663.94,71003.07,True,False
Emergent_abstraction_contradiction_5c7672,Emergent_analogy_chaos_8f3c3f,0.9883025381859329,70663.94,71003.41,True,False
Emergent_abstraction_contradiction_5c7672,Emergent_analogy_anticipation_138cb7,0.9923621431951903,70663.94,71041.6,True,False
Emergent_abstraction_contradiction_5c7672,Emergent_autonomy_bounded_94d9e2,0.9922070332778996,70663.94,71062.84,True,False
Emergent_abstraction_contradiction_5c7672,Emergent_autonomy_clarity_d6bec2,0.9768071996179746,70663.94,71084.59,True,False
Emergent_abstraction_contradiction_5c7672,Emergent_anticipation_autonomy_573275,0.978581199905405,70663.94,71084.93,True,False
Emergent_abstraction_contradiction_5c7672,Emergent_anticipation_autonomy_a66f28,0.9931015359333248,70663.94,71104.44,True,False
Emergent_abstraction_contradiction_5c7672,Emergent_abstraction_attention_9ebe0c,0.9942351989999998,70663.94,71122.94,True,False
Emergent_abstraction_contradiction_5c7672,Emergent_anticipation_bounded_6c16c4,0.9942351989999998,70663.94,71123.28,True,False
Emergent_abstraction_contradiction_5c7672,Emergent_autonomy_coherence_a41799,0.9882350999999998,70663.94,71183.34,True,False
Emergent_anticipation_contradiction_81226c,Emergent_feedback_identity_129d8f,0.9930711851208971,70664.28,70717.68,True,False
Emergent_anticipation_contradiction_81226c,Emergent_abstraction_analogy_82c26e,0.9931630623410013,70664.28,70737.2,True,False
Emergent_anticipation_contradiction_81226c,Emergent_analogy_bounded_185c87,0.992185543030436,70664.28,70812.14,True,False
Emergent_anticipation_contradiction_81226c,Emergent_attention_carefully_f521e2,0.9925161586264051,70664.28,70867.72,True,False
Emergent_anticipation_contradiction_81226c,Emergent_carefully_cognition_d8aefa,0.9927481278330719,70664.28,70868.06,True,False
Emergent_anticipation_contradiction_81226c,Emergent_bounded_contradiction_fc87f1,0.9928649226504147,70664.28,70884.61,True,False
Emergent_anticipation_contradiction_81226c,Emergent_autonomy_carefully_659b9f,0.9911014766592059,70664.28,70905.03,True,False
Emergent_anticipation_contradiction_81226c,Emergent_anticipation_appears_dac47e,0.9915998514374269,70664.28,70924.61,True,False
Emergent_anticipation_contradiction_81226c,Emergent_analogy_chaos_1ab952,0.9920492664010572,70664.28,70963.32,True,False
Emergent_anticipation_contradiction_81226c,Emergent_autonomy_bounded_72bafc,0.9927023428936324,70664.28,70983.91,True,False
Emergent_anticipation_contradiction_81226c,Emergent_analogy_anticipation_7d7764,0.9884788312320607,70664.28,71003.07,True,False
Emergent_anticipation_contradiction_81226c,Emergent_analogy_chaos_8f3c3f,0.9883025381859329,70664.28,71003.41,True,False
Emergent_anticipation_contradiction_81226c,Emergent_analogy_anticipation_138cb7,0.9923621431951903,70664.28,71041.6,True,False
Emergent_anticipation_contradiction_81226c,Emergent_autonomy_bounded_94d9e2,0.9922070332778996,70664.28,71062.84,True,False
Emergent_anticipation_contradiction_81226c,Emergent_autonomy_clarity_d6bec2,0.9768071996179746,70664.28,71084.59,True,False
Emergent_anticipation_contradiction_81226c,Emergent_anticipation_autonomy_573275,0.978581199905405,70664.28,71084.93,True,False
Emergent_anticipation_contradiction_81226c,Emergent_anticipation_autonomy_a66f28,0.9931015359333248,70664.28,71104.44,True,False
Emergent_anticipation_contradiction_81226c,Emergent_abstraction_attention_9ebe0c,0.9942351989999998,70664.28,71122.94,True,False
Emergent_anticipation_contradiction_81226c,Emergent_anticipation_bounded_6c16c4,0.9942351989999998,70664.28,71123.28,True,False
Emergent_anticipation_contradiction_81226c,Emergent_autonomy_coherence_a41799,0.9882350999999998,70664.28,71183.34,True,False
Emergent_feedback_identity_129d8f,Emergent_abstraction_analogy_82c26e,0.9930414399623844,70717.68,70737.2,True,False
Emergent_feedback_identity_129d8f,Emergent_analogy_bounded_185c87,0.992185543030436,70717.68,70812.14,True,False
Emergent_feedback_identity_129d8f,Emergent_attention_carefully_f521e2,0.9925161586264051,70717.68,70867.72,True,False
Emergent_feedback_identity_129d8f,Emergent_carefully_cognition_d8aefa,0.9927481278330719,70717.68,70868.06,True,False
Emergent_feedback_identity_129d8f,Emergent_bounded_contradiction_fc87f1,0.9928649226504147,70717.68,70884.61,True,False
Emergent_feedback_identity_129d8f,Emergent_autonomy_carefully_659b9f,0.9911014766592059,70717.68,70905.03,True,False
Emergent_feedback_identity_129d8f,Emergent_anticipation_appears_dac47e,0.9915998514374269,70717.68,70924.61,True,False
Emergent_feedback_identity_129d8f,Emergent_analogy_chaos_1ab952,0.9920492664010572,70717.68,70963.32,True,False
Emergent_feedback_identity_129d8f,Emergent_autonomy_bounded_72bafc,0.9925940052862536,70717.68,70983.91,True,False
Emergent_feedback_identity_129d8f,Emergent_analogy_anticipation_7d7764,0.9884788312320607,70717.68,71003.07,True,False
Emergent_feedback_identity_129d8f,Emergent_analogy_chaos_8f3c3f,0.9883025381859329,70717.68,71003.41,True,False
Emergent_feedback_identity_129d8f,Emergent_analogy_anticipation_138cb7,0.9923621431951903,70717.68,71041.6,True,False
Emergent_feedback_identity_129d8f,Emergent_autonomy_bounded_94d9e2,0.9922070332778996,70717.68,71062.84,True,False
Emergent_feedback_identity_129d8f,Emergent_autonomy_clarity_d6bec2,0.9768071996179746,70717.68,71084.59,True,False
Emergent_feedback_identity_129d8f,Emergent_anticipation_autonomy_573275,0.978581199905405,70717.68,71084.93,True,False
Emergent_feedback_identity_129d8f,Emergent_anticipation_autonomy_a66f28,0.9931015359333248,70717.68,71104.44,True,False
Emergent_feedback_identity_129d8f,Emergent_abstraction_attention_9ebe0c,0.9942351989999998,70717.68,71122.94,True,False
Emergent_feedback_identity_129d8f,Emergent_anticipation_bounded_6c16c4,0.9942351989999998,70717.68,71123.28,True,False
Emergent_feedback_identity_129d8f,Emergent_autonomy_coherence_a41799,0.9882350999999998,70717.68,71183.34,True,False
Emergent_abstraction_analogy_82c26e,Emergent_analogy_bounded_185c87,0.992185543030436,70737.2,70812.14,True,False
Emergent_abstraction_analogy_82c26e,Emergent_attention_carefully_f521e2,0.9925161586264051,70737.2,70867.72,True,False
Emergent_abstraction_analogy_82c26e,Emergent_carefully_cognition_d8aefa,0.9927481278330719,70737.2,70868.06,True,False
Emergent_abstraction_analogy_82c26e,Emergent_bounded_contradiction_fc87f1,0.9928649226504147,70737.2,70884.61,True,False
Emergent_abstraction_analogy_82c26e,Emergent_autonomy_carefully_659b9f,0.9911014766592059,70737.2,70905.03,True,False
Emergent_abstraction_analogy_82c26e,Emergent_anticipation_appears_dac47e,0.9915998514374269,70737.2,70924.61,True,False
Emergent_abstraction_analogy_82c26e,Emergent_analogy_chaos_1ab952,0.9920492664010572,70737.2,70963.32,True,False
Emergent_abstraction_analogy_82c26e,Emergent_autonomy_bounded_72bafc,0.9927017633882196,70737.2,70983.91,True,False
Emergent_abstraction_analogy_82c26e,Emergent_analogy_anticipation_7d7764,0.9884788312320607,70737.2,71003.07,True,False
Emergent_abstraction_analogy_82c26e,Emergent_analogy_chaos_8f3c3f,0.9883025381859329,70737.2,71003.41,True,False
Emergent_abstraction_analogy_82c26e,Emergent_analogy_anticipation_138cb7,0.9923621431951903,70737.2,71041.6,True,False
Emergent_abstraction_analogy_82c26e,Emergent_autonomy_bounded_94d9e2,0.9922070332778996,70737.2,71062.84,True,False
Emergent_abstraction_analogy_82c26e,Emergent_autonomy_clarity_d6bec2,0.9768071996179746,70737.2,71084.59,True,False
Emergent_abstraction_analogy_82c26e,Emergent_anticipation_autonomy_573275,0.978581199905405,70737.2,71084.93,True,False
Emergent_abstraction_analogy_82c26e,Emergent_anticipation_autonomy_a66f28,0.9931015359333248,70737.2,71104.44,True,False
Emergent_abstraction_analogy_82c26e,Emergent_abstraction_attention_9ebe0c,0.9942351989999998,70737.2,71122.94,True,False
Emergent_abstraction_analogy_82c26e,Emergent_anticipation_bounded_6c16c4,0.9942351989999998,70737.2,71123.28,True,False
Emergent_abstraction_analogy_82c26e,Emergent_autonomy_coherence_a41799,0.9882350999999998,70737.2,71183.34,True,False
Emergent_analogy_bounded_185c87,Emergent_attention_carefully_f521e2,0.9923805079054975,70812.14,70867.72,True,False
Emergent_analogy_bounded_185c87,Emergent_carefully_cognition_d8aefa,0.9923805079054975,70812.14,70868.06,True,False
Emergent_analogy_bounded_185c87,Emergent_bounded_contradiction_fc87f1,0.9923463112199413,70812.14,70884.61,True,False
Emergent_analogy_bounded_185c87,Emergent_autonomy_carefully_659b9f,0.9911014766592059,70812.14,70905.03,True,False
Emergent_analogy_bounded_185c87,Emergent_anticipation_appears_dac47e,0.9915998514374269,70812.14,70924.61,True,False
Emergent_analogy_bounded_185c87,Emergent_analogy_chaos_1ab952,0.9920492664010572,70812.14,70963.32,True,False
Emergent_analogy_bounded_185c87,Emergent_autonomy_bounded_72bafc,0.9918821384649037,70812.14,70983.91,True,False
Emergent_analogy_bounded_185c87,Emergent_analogy_anticipation_7d7764,0.9884788312320607,70812.14,71003.07,True,False
Emergent_analogy_bounded_185c87,Emergent_analogy_chaos_8f3c3f,0.9883025381859329,70812.14,71003.41,True,False
Emergent_analogy_bounded_185c87,Emergent_analogy_anticipation_138cb7,0.9923621431951903,70812.14,71041.6,True,False
Emergent_analogy_bounded_185c87,Emergent_autonomy_bounded_94d9e2,0.9916594572619934,70812.14,71062.84,True,False
Emergent_analogy_bounded_185c87,Emergent_autonomy_clarity_d6bec2,0.9768071996179746,70812.14,71084.59,True,False
Emergent_analogy_bounded_185c87,Emergent_anticipation_autonomy_573275,0.9778807789698691,70812.14,71084.93,True,False
Emergent_analogy_bounded_185c87,Emergent_anticipation_autonomy_a66f28,0.9931015359333248,70812.14,71104.44,True,False
Emergent_analogy_bounded_185c87,Emergent_abstraction_attention_9ebe0c,0.9942351989999998,70812.14,71122.94,True,False
Emergent_analogy_bounded_185c87,Emergent_anticipation_bounded_6c16c4,0.9942351989999998,70812.14,71123.28,True,False
Emergent_analogy_bounded_185c87,Emergent_autonomy_coherence_a41799,0.9882350999999998,70812.14,71183.34,True,False
Emergent_attention_carefully_f521e2,Emergent_carefully_cognition_d8aefa,0.9924363663601072,70867.72,70868.06,True,False
Emergent_attention_carefully_f521e2,Emergent_bounded_contradiction_fc87f1,0.9924819619408489,70867.72,70884.61,True,False
Emergent_attention_carefully_f521e2,Emergent_autonomy_carefully_659b9f,0.9911014766592059,70867.72,70905.03,True,False
Emergent_attention_carefully_f521e2,Emergent_anticipation_appears_dac47e,0.9915998514374269,70867.72,70924.61,True,False
Emergent_attention_carefully_f521e2,Emergent_analogy_chaos_1ab952,0.9920492664010572,70867.72,70963.32,True,False
Emergent_attention_carefully_f521e2,Emergent_autonomy_bounded_72bafc,0.9920145830663836,70867.72,70983.91,True,False
Emergent_attention_carefully_f521e2,Emergent_analogy_anticipation_7d7764,0.9884788312320607,70867.72,71003.07,True,False
Emergent_attention_carefully_f521e2,Emergent_analogy_chaos_8f3c3f,0.9883025381859329,70867.72,71003.41,True,False
Emergent_attention_carefully_f521e2,Emergent_analogy_anticipation_138cb7,0.9923621431951903,70867.72,71041.6,True,False
Emergent_attention_carefully_f521e2,Emergent_autonomy_bounded_94d9e2,0.9917767961841637,70867.72,71062.84,True,False
Emergent_attention_carefully_f521e2,Emergent_autonomy_clarity_d6bec2,0.9768071996179746,70867.72,71084.59,True,False
Emergent_attention_carefully_f521e2,Emergent_anticipation_autonomy_573275,0.9780312737717782,70867.72,71084.93,True,False
Emergent_attention_carefully_f521e2,Emergent_anticipation_autonomy_a66f28,0.9931015359333248,70867.72,71104.44,True,False
Emergent_attention_carefully_f521e2,Emergent_abstraction_attention_9ebe0c,0.9942351989999998,70867.72,71122.94,True,False
Emergent_attention_carefully_f521e2,Emergent_anticipation_bounded_6c16c4,0.9942351989999998,70867.72,71123.28,True,False
Emergent_attention_carefully_f521e2,Emergent_autonomy_coherence_a41799,0.9882350999999998,70867.72,71183.34,True,False
Emergent_carefully_cognition_d8aefa,Emergent_bounded_contradiction_fc87f1,0.9927139311475157,70868.06,70884.61,True,False
Emergent_carefully_cognition_d8aefa,Emergent_autonomy_carefully_659b9f,0.9911014766592059,70868.06,70905.03,True,False
Emergent_carefully_cognition_d8aefa,Emergent_anticipation_appears_dac47e,0.9915998514374269,70868.06,70924.61,True,False
Emergent_carefully_cognition_d8aefa,Emergent_analogy_chaos_1ab952,0.9920492664010572,70868.06,70963.32,True,False
Emergent_carefully_cognition_d8aefa,Emergent_autonomy_bounded_72bafc,0.9922410696558179,70868.06,70983.91,True,False
Emergent_carefully_cognition_d8aefa,Emergent_analogy_anticipation_7d7764,0.9884788312320607,70868.06,71003.07,True,False
Emergent_carefully_cognition_d8aefa,Emergent_analogy_chaos_8f3c3f,0.9883025381859329,70868.06,71003.41,True,False
Emergent_carefully_cognition_d8aefa,Emergent_analogy_anticipation_138cb7,0.9923621431951903,70868.06,71041.6,True,False
Emergent_carefully_cognition_d8aefa,Emergent_autonomy_bounded_94d9e2,0.9919774513410613,70868.06,71062.84,True,False
Emergent_carefully_cognition_d8aefa,Emergent_autonomy_clarity_d6bec2,0.9768071996179746,70868.06,71084.59,True,False
Emergent_carefully_cognition_d8aefa,Emergent_anticipation_autonomy_573275,0.9782886270653905,70868.06,71084.93,True,False
Emergent_carefully_cognition_d8aefa,Emergent_anticipation_autonomy_a66f28,0.9931015359333248,70868.06,71104.44,True,False
Emergent_carefully_cognition_d8aefa,Emergent_abstraction_attention_9ebe0c,0.9942351989999998,70868.06,71122.94,True,False
Emergent_carefully_cognition_d8aefa,Emergent_anticipation_bounded_6c16c4,0.9942351989999998,70868.06,71123.28,True,False
Emergent_carefully_cognition_d8aefa,Emergent_autonomy_coherence_a41799,0.9882350999999998,70868.06,71183.34,True,False
Emergent_bounded_contradiction_fc87f1,Emergent_autonomy_carefully_659b9f,0.9911014766592059,70884.61,70905.03,True,False
Emergent_bounded_contradiction_fc87f1,Emergent_anticipation_appears_dac47e,0.9915998514374269,70884.61,70924.61,True,False
Emergent_bounded_contradiction_fc87f1,Emergent_analogy_chaos_1ab952,0.9920492664010572,70884.61,70963.32,True,False
Emergent_bounded_contradiction_fc87f1,Emergent_autonomy_bounded_72bafc,0.9923884924582513,70884.61,70983.91,True,False
Emergent_bounded_contradiction_fc87f1,Emergent_analogy_anticipation_7d7764,0.9884788312320607,70884.61,71003.07,True,False
Emergent_bounded_contradiction_fc87f1,Emergent_analogy_chaos_8f3c3f,0.9883025381859329,70884.61,71003.41,True,False
Emergent_bounded_contradiction_fc87f1,Emergent_analogy_anticipation_138cb7,0.9923621431951903,70884.61,71041.6,True,False
Emergent_bounded_contradiction_fc87f1,Emergent_autonomy_bounded_94d9e2,0.9921080601582388,70884.61,71062.84,True,False
Emergent_bounded_contradiction_fc87f1,Emergent_autonomy_clarity_d6bec2,0.9768071996179746,70884.61,71084.59,True,False
Emergent_bounded_contradiction_fc87f1,Emergent_anticipation_autonomy_573275,0.9784561413710038,70884.61,71084.93,True,False
Emergent_bounded_contradiction_fc87f1,Emergent_anticipation_autonomy_a66f28,0.9931015359333248,70884.61,71104.44,True,False
Emergent_bounded_contradiction_fc87f1,Emergent_abstraction_attention_9ebe0c,0.9942351989999998,70884.61,71122.94,True,False
Emergent_bounded_contradiction_fc87f1,Emergent_anticipation_bounded_6c16c4,0.9942351989999998,70884.61,71123.28,True,False
Emergent_bounded_contradiction_fc87f1,Emergent_autonomy_coherence_a41799,0.9882350999999998,70884.61,71183.34,True,False
Emergent_autonomy_carefully_659b9f,Emergent_anticipation_appears_dac47e,0.9915138055737369,70905.03,70924.61,True,False
Emergent_autonomy_carefully_659b9f,Emergent_analogy_chaos_1ab952,0.9912716799367298,70905.03,70963.32,True,False
Emergent_autonomy_carefully_659b9f,Emergent_autonomy_bounded_72bafc,0.991044750765363,70905.03,70983.91,True,False
Emergent_autonomy_carefully_659b9f,Emergent_analogy_anticipation_7d7764,0.9877339751932996,70905.03,71003.07,True,False
Emergent_autonomy_carefully_659b9f,Emergent_analogy_chaos_8f3c3f,0.987726554894921,70905.03,71003.41,True,False
Emergent_autonomy_carefully_659b9f,Emergent_analogy_anticipation_138cb7,0.9916524420364365,70905.03,71041.6,True,False
Emergent_autonomy_carefully_659b9f,Emergent_autonomy_bounded_94d9e2,0.9909175759848057,70905.03,71062.84,True,False
Emergent_autonomy_carefully_659b9f,Emergent_autonomy_clarity_d6bec2,0.976712811395859,70905.03,71084.59,True,False
Emergent_autonomy_carefully_659b9f,Emergent_anticipation_autonomy_573275,0.9769292679640948,70905.03,71084.93,True,False
Emergent_autonomy_carefully_659b9f,Emergent_anticipation_autonomy_a66f28,0.9924196043075608,70905.03,71104.44,True,False
Emergent_autonomy_carefully_659b9f,Emergent_abstraction_attention_9ebe0c,0.9942351989999998,70905.03,71122.94,True,False
Emergent_autonomy_carefully_659b9f,Emergent_anticipation_bounded_6c16c4,0.9942351989999998,70905.03,71123.28,True,False
Emergent_autonomy_carefully_659b9f,Emergent_autonomy_coherence_a41799,0.9882350999999998,70905.03,71183.34,True,False
Emergent_anticipation_appears_dac47e,Emergent_analogy_chaos_1ab952,0.9913577258004198,70924.61,70963.32,True,False
Emergent_anticipation_appears_dac47e,Emergent_autonomy_bounded_72bafc,0.9911306641029305,70924.61,70983.91,True,False
Emergent_anticipation_appears_dac47e,Emergent_analogy_anticipation_7d7764,0.9878362089100989,70924.61,71003.07,True,False
Emergent_anticipation_appears_dac47e,Emergent_analogy_chaos_8f3c3f,0.9878287649399518,70924.61,71003.41,True,False
Emergent_anticipation_appears_dac47e,Emergent_analogy_anticipation_138cb7,0.9917293569256971,70924.61,71041.6,True,False
Emergent_anticipation_appears_dac47e,Emergent_autonomy_bounded_94d9e2,0.9909936906645858,70924.61,71062.84,True,False
Emergent_anticipation_appears_dac47e,Emergent_autonomy_clarity_d6bec2,0.9768071996179746,70924.61,71084.59,True,False
Emergent_anticipation_appears_dac47e,Emergent_anticipation_autonomy_573275,0.9770268899930348,70924.61,71084.93,True,False
Emergent_anticipation_appears_dac47e,Emergent_anticipation_autonomy_a66f28,0.9926047232411506,70924.61,71104.44,True,False
Emergent_anticipation_appears_dac47e,Emergent_abstraction_attention_9ebe0c,0.9942351989999998,70924.61,71122.94,True,False
Emergent_anticipation_appears_dac47e,Emergent_anticipation_bounded_6c16c4,0.9942351989999998,70924.61,71123.28,True,False
Emergent_anticipation_appears_dac47e,Emergent_autonomy_coherence_a41799,0.9882350999999998,70924.61,71183.34,True,False
Emergent_analogy_chaos_1ab952,Emergent_autonomy_bounded_72bafc,0.991821139606534,70963.32,70983.91,True,False
Emergent_analogy_chaos_1ab952,Emergent_analogy_anticipation_7d7764,0.9884788312320607,70963.32,71003.07,True,False
Emergent_analogy_chaos_1ab952,Emergent_analogy_chaos_8f3c3f,0.9883025381859329,70963.32,71003.41,True,False
Emergent_analogy_chaos_1ab952,Emergent_analogy_anticipation_138cb7,0.992347512946641,70963.32,71041.6,True,False
Emergent_analogy_chaos_1ab952,Emergent_autonomy_bounded_94d9e2,0.9916054154949854,70963.32,71062.84,True,False
Emergent_analogy_chaos_1ab952,Emergent_autonomy_clarity_d6bec2,0.9768071996179746,70963.32,71084.59,True,False
Emergent_analogy_chaos_1ab952,Emergent_anticipation_autonomy_573275,0.9778114668876521,70963.32,71084.93,True,False
Emergent_analogy_chaos_1ab952,Emergent_anticipation_autonomy_a66f28,0.9931015359333248,70963.32,71104.44,True,False
Emergent_analogy_chaos_1ab952,Emergent_abstraction_attention_9ebe0c,0.9942351989999998,70963.32,71122.94,True,False
Emergent_analogy_chaos_1ab952,Emergent_anticipation_bounded_6c16c4,0.9942351989999998,70963.32,71123.28,True,False
Emergent_analogy_chaos_1ab952,Emergent_autonomy_coherence_a41799,0.9882350999999998,70963.32,71183.34,True,False
Emergent_autonomy_bounded_72bafc,Emergent_analogy_anticipation_7d7764,0.9883974051972599,70983.91,71003.07,True,False
Emergent_autonomy_bounded_72bafc,Emergent_analogy_chaos_8f3c3f,0.9882218412769201,70983.91,71003.41,True,False
Emergent_autonomy_bounded_72bafc,Emergent_analogy_anticipation_138cb7,0.9923621431951903,70983.91,71041.6,True,False
Emergent_autonomy_bounded_72bafc,Emergent_autonomy_bounded_94d9e2,0.9922070332778996,70983.91,71062.84,True,False
Emergent_autonomy_bounded_72bafc,Emergent_autonomy_clarity_d6bec2,0.9768071996179746,70983.91,71084.59,True,False
Emergent_autonomy_bounded_72bafc,Emergent_anticipation_autonomy_573275,0.978581199905405,70983.91,71084.93,True,False
Emergent_autonomy_bounded_72bafc,Emergent_anticipation_autonomy_a66f28,0.9931015359333248,70983.91,71104.44,True,False
Emergent_autonomy_bounded_72bafc,Emergent_abstraction_attention_9ebe0c,0.9942351989999998,70983.91,71122.94,True,False
Emergent_autonomy_bounded_72bafc,Emergent_anticipation_bounded_6c16c4,0.9942351989999998,70983.91,71123.28,True,False
Emergent_autonomy_bounded_72bafc,Emergent_autonomy_coherence_a41799,0.9882350999999998,70983.91,71183.34,True,False
Emergent_analogy_anticipation_7d7764,Emergent_analogy_chaos_8f3c3f,0.9872715514890853,71003.07,71003.41,True,False
Emergent_analogy_anticipation_7d7764,Emergent_analogy_anticipation_138cb7,0.9918924754827176,71003.07,71041.6,True,False
Emergent_analogy_anticipation_7d7764,Emergent_autonomy_bounded_94d9e2,0.9914721335285135,71003.07,71062.84,True,False
Emergent_analogy_anticipation_7d7764,Emergent_autonomy_clarity_d6bec2,0.9768071996179746,71003.07,71084.59,True,False
Emergent_analogy_anticipation_7d7764,Emergent_anticipation_autonomy_573275,0.9776405240941499,71003.07,71084.93,True,False
Emergent_analogy_anticipation_7d7764,Emergent_anticipation_autonomy_a66f28,0.9931015359333248,71003.07,71104.44,True,False
Emergent_analogy_anticipation_7d7764,Emergent_abstraction_attention_9ebe0c,0.9942351989999998,71003.07,71122.94,True,False
Emergent_analogy_anticipation_7d7764,Emergent_anticipation_bounded_6c16c4,0.9942351989999998,71003.07,71123.28,True,False
Emergent_analogy_anticipation_7d7764,Emergent_autonomy_coherence_a41799,0.9882350999999998,71003.07,71183.34,True,False
Emergent_analogy_chaos_8f3c3f,Emergent_analogy_anticipation_138cb7,0.9917547605686712,71003.41,71041.6,True,False
Emergent_analogy_chaos_8f3c3f,Emergent_autonomy_bounded_94d9e2,0.9913465043131386,71003.41,71062.84,True,False
Emergent_analogy_chaos_8f3c3f,Emergent_autonomy_clarity_d6bec2,0.9768071996179746,71003.41,71084.59,True,False
Emergent_analogy_chaos_8f3c3f,Emergent_anticipation_autonomy_573275,0.9774793964518282,71003.41,71084.93,True,False
Emergent_analogy_chaos_8f3c3f,Emergent_anticipation_autonomy_a66f28,0.9931015359333248,71003.41,71104.44,True,False
Emergent_analogy_chaos_8f3c3f,Emergent_abstraction_attention_9ebe0c,0.9942351989999998,71003.41,71122.94,True,False
Emergent_analogy_chaos_8f3c3f,Emergent_anticipation_bounded_6c16c4,0.9942351989999998,71003.41,71123.28,True,False
Emergent_analogy_chaos_8f3c3f,Emergent_autonomy_coherence_a41799,0.9882350999999998,71003.41,71183.34,True,False
Emergent_analogy_anticipation_138cb7,Emergent_autonomy_bounded_94d9e2,0.9916198935329066,71041.6,71062.84,True,False
Emergent_analogy_anticipation_138cb7,Emergent_autonomy_clarity_d6bec2,0.9768071996179746,71041.6,71084.59,True,False
Emergent_analogy_anticipation_138cb7,Emergent_anticipation_autonomy_573275,0.9778300359132464,71041.6,71084.93,True,False
Emergent_analogy_anticipation_138cb7,Emergent_anticipation_autonomy_a66f28,0.9931015359333248,71041.6,71104.44,True,False
Emergent_analogy_anticipation_138cb7,Emergent_abstraction_attention_9ebe0c,0.9942351989999998,71041.6,71122.94,True,False
Emergent_analogy_anticipation_138cb7,Emergent_anticipation_bounded_6c16c4,0.9942351989999998,71041.6,71123.28,True,False
Emergent_analogy_anticipation_138cb7,Emergent_autonomy_coherence_a41799,0.9882350999999998,71041.6,71183.34,True,False
Emergent_autonomy_bounded_94d9e2,Emergent_autonomy_clarity_d6bec2,0.9763323611391552,71062.84,71084.59,True,False
Emergent_autonomy_bounded_94d9e2,Emergent_anticipation_autonomy_573275,0.9780638249857065,71062.84,71084.93,True,False
Emergent_autonomy_bounded_94d9e2,Emergent_anticipation_autonomy_a66f28,0.9931015359333248,71062.84,71104.44,True,False
Emergent_autonomy_bounded_94d9e2,Emergent_abstraction_attention_9ebe0c,0.9942351989999998,71062.84,71122.94,True,False
Emergent_autonomy_bounded_94d9e2,Emergent_anticipation_bounded_6c16c4,0.9942351989999998,71062.84,71123.28,True,False
Emergent_autonomy_bounded_94d9e2,Emergent_autonomy_coherence_a41799,0.9882350999999998,71062.84,71183.34,True,False
Emergent_autonomy_clarity_d6bec2,Emergent_anticipation_autonomy_573275,0.9744710308861422,71084.59,71084.93,True,False
Emergent_autonomy_clarity_d6bec2,Emergent_anticipation_autonomy_a66f28,0.9899474646154811,71084.59,71104.44,True,False
Emergent_autonomy_clarity_d6bec2,Emergent_abstraction_attention_9ebe0c,0.9942351989999998,71084.59,71122.94,True,False
Emergent_autonomy_clarity_d6bec2,Emergent_anticipation_bounded_6c16c4,0.9942351989999998,71084.59,71123.28,True,False
Emergent_autonomy_clarity_d6bec2,Emergent_autonomy_coherence_a41799,0.9882350999999998,71084.59,71183.34,True,False
Emergent_anticipation_autonomy_573275,Emergent_anticipation_autonomy_a66f28,0.9910252105463089,71084.93,71104.44,True,False
Emergent_anticipation_autonomy_573275,Emergent_abstraction_attention_9ebe0c,0.9942351989999998,71084.93,71122.94,True,False
Emergent_anticipation_autonomy_573275,Emergent_anticipation_bounded_6c16c4,0.9942351989999998,71084.93,71123.28,True,False
Emergent_anticipation_autonomy_573275,Emergent_autonomy_coherence_a41799,0.9882350999999998,71084.93,71183.34,True,False
Emergent_anticipation_autonomy_a66f28,Emergent_abstraction_attention_9ebe0c,0.9942351989999998,71104.44,71122.94,True,False
Emergent_anticipation_autonomy_a66f28,Emergent_anticipation_bounded_6c16c4,0.9942351989999998,71104.44,71123.28,True,False
Emergent_anticipation_autonomy_a66f28,Emergent_autonomy_coherence_a41799,0.9882350999999998,71104.44,71183.34,True,False
Emergent_abstraction_attention_9ebe0c,Emergent_anticipation_bounded_6c16c4,0.9884703979999998,71122.94,71123.28,True,False
Emergent_abstraction_attention_9ebe0c,Emergent_autonomy_coherence_a41799,0.9882350999999998,71122.94,71183.34,True,False
Emergent_anticipation_bounded_6c16c4,Emergent_autonomy_coherence_a41799,0.9882350999999998,71123.28,71183.34,True,False
