source,target,weight,src_ts,dst_ts,is_older_to_newer,is_newer_to_older
Emergent_ambiguity_attention_6ee88b,Emergent_abstraction_analogy_a89166,0.910685246076498,30009.6,30022.74,True,False
Emergent_ambiguity_attention_6ee88b,Emergent_attention_awareness_3919ac,0.9091631765775905,30009.6,30034.61,True,False
Emergent_ambiguity_attention_6ee88b,Emergent_attention_awareness_d6205a,0.9106852458294916,30009.6,30034.95,True,False
Emergent_ambiguity_attention_6ee88b,Emergent_bounded_enforcing_163307,0.9033496380338082,30009.6,30045.14,True,False
Emergent_ambiguity_attention_6ee88b,Emergent_asymmetry_awareness_43bc6d,0.9083776385613254,30009.6,30056.41,True,False
Emergent_ambiguity_attention_6ee88b,Emergent_appears_asymmetry_875f64,0.9035416418360245,30009.6,30056.75,True,False
Emergent_ambiguity_attention_6ee88b,Emergent_autonomy_bounded_59bcc5,0.9038586631796952,30009.6,30071.48,True,False
Emergent_ambiguity_attention_6ee88b,Emergent_autonomy_chaos_ee1900,0.9027494285037676,30009.6,30087.85,True,False
Emergent_ambiguity_attention_6ee88b,Emergent_asymmetry_chaos_86934e,0.9014423500030033,30009.6,30103.64,True,False
Emergent_ambiguity_attention_6ee88b,Emergent_appears_bounded_f5c1f1,0.9047792475793346,30009.6,30116.98,True,False
Emergent_ambiguity_attention_6ee88b,Emergent_bounded_emergence_d3a8f5,0.9103847662900115,30009.6,30131.26,True,False
Emergent_ambiguity_attention_6ee88b,Emergent_appears_bounded_c59d38,0.9096626404343986,30009.6,30147.09,True,False
Emergent_ambiguity_attention_6ee88b,Emergent_awareness_identity_27b305,0.9106852453396248,30009.6,30158.04,True,False
Emergent_ambiguity_attention_6ee88b,Emergent_asymmetry_autonomy_a98557,0.9106852453836871,30009.6,30170.95,True,False
Emergent_ambiguity_attention_6ee88b,Emergent_awareness_bounded_9977c5,0.9087044653437577,30009.6,30186.32,True,False
Emergent_ambiguity_attention_6ee88b,Emergent_autonomy_awareness_135ecc,0.9106852442388842,30009.6,30203.0,True,False
Emergent_ambiguity_attention_6ee88b,Emergent_autonomy_clarity_321c48,0.9106852443519677,30009.6,30217.02,True,False
Emergent_ambiguity_attention_6ee88b,Emergent_autonomy_contradiction_372e7d,0.9067410544440591,30009.6,30233.48,True,False
Emergent_ambiguity_attention_6ee88b,Emergent_autonomy_contradiction_f42743,0.9106852344294389,30009.6,30233.82,True,False
Emergent_ambiguity_attention_6ee88b,Emergent_contradiction_emerges_fd4131,0.9106852409509492,30009.6,30250.18,True,False
Emergent_ambiguity_attention_6ee88b,Emergent_appears_contradiction_eaf6f9,0.904863355570483,30009.6,30250.52,True,False
Emergent_ambiguity_attention_6ee88b,Emergent_autonomy_cascade_d60596,0.9056898594061995,30009.6,30281.34,True,False
Emergent_ambiguity_attention_6ee88b,Emergent_autonomy_clarity_0e59af,0.9069673661776765,30009.6,30295.94,True,False
Emergent_ambiguity_attention_6ee88b,Emergent_identity_memory_6b5c68,0.9106852532120169,30009.6,30311.62,True,False
Emergent_ambiguity_attention_6ee88b,Emergent_analogy_anticipation_a29d2b,0.9089661827608491,30009.6,30326.92,True,False
Emergent_ambiguity_attention_6ee88b,Emergent_bounded_ego_dissolution_9168ce,0.9048368526624186,30009.6,30360.0,True,False
Emergent_ambiguity_attention_6ee88b,Emergent_boundary_bounded_497fce,0.9033397536976748,30009.6,30375.92,True,False
Emergent_ambiguity_attention_6ee88b,Emergent_bounded_coherence_40a04d,0.9071954793662347,30009.6,30376.26,True,False
Emergent_ambiguity_attention_6ee88b,Emergent_appears_asymmetry_b0db07,0.9106852392388809,30009.6,30391.21,True,False
Emergent_ambiguity_attention_6ee88b,Emergent_asymmetry_boundary_1ae9ed,0.9106852392388809,30009.6,30391.55,True,False
Emergent_ambiguity_attention_6ee88b,Emergent_boundary_emergence_from_interaction_1084d0,0.9106852298796764,30009.6,30408.19,True,False
Emergent_ambiguity_attention_6ee88b,Emergent_boundary_chaos_fce1b4,0.9077852100770305,30009.6,30442.57,True,False
Emergent_ambiguity_attention_6ee88b,Emergent_boundary_cascade_d6e347,0.9080684311752267,30009.6,30442.91,True,False
Emergent_ambiguity_attention_6ee88b,Emergent_appears_asymmetry_8dba4c,0.9000838790651897,30009.6,30458.19,True,False
Emergent_ambiguity_attention_6ee88b,Emergent_autonomy_bounded_72bafc,0.9106472226679638,30009.6,30529.29,True,False
Emergent_ambiguity_attention_6ee88b,Emergent_coherence_contradiction_4a9cd7,0.9073746382881207,30009.6,30565.21,True,False
Emergent_ambiguity_attention_6ee88b,Emergent_asymmetry_autonomy_ae0f75,0.9070664151427237,30009.6,30618.74,True,False
Emergent_ambiguity_attention_6ee88b,Emergent_ego_dissolution_identity_6998fa,0.9073151131608346,30009.6,30692.33,True,False
Emergent_ambiguity_attention_6ee88b,Emergent_autonomy_bounded_5ceb4c,0.9106727097902709,30009.6,30728.01,True,False
Emergent_ambiguity_attention_6ee88b,Emergent_appears_autonomy_718eb2,0.9106669623533294,30009.6,30746.5,True,False
Emergent_ambiguity_attention_6ee88b,Emergent_autonomy_boundary_fb8be0,0.9074749391608234,30009.6,30746.84,True,False
Emergent_ambiguity_attention_6ee88b,Emergent_coherence_ego_dissolution_223195,0.9101464838740949,30009.6,30765.24,True,False
Emergent_ambiguity_attention_6ee88b,Emergent_appears_cognition_22cb72,0.9041194716584988,30009.6,30800.59,True,False
Emergent_ambiguity_attention_6ee88b,Emergent_boundary_cascade_bfd474,0.9106446502307799,30009.6,30800.93,True,False
Emergent_ambiguity_attention_6ee88b,Emergent_chaos_clarity_5810ca,0.9057401946535606,30009.6,30819.1,True,False
Emergent_ambiguity_attention_6ee88b,Emergent_clarity_ego_dissolution_1aaf2b,0.9090899214317274,30009.6,30819.44,True,False
Emergent_ambiguity_attention_6ee88b,Emergent_constraint_contradiction_8d2c9c,0.9096676056628359,30009.6,30837.14,True,False
Emergent_ambiguity_attention_6ee88b,Emergent_analogy_anticipation_33cf9b,0.9102426825729324,30009.6,30855.68,True,False
Emergent_ambiguity_attention_6ee88b,Emergent_cascade_chaos_81ff1c,0.9090259554791746,30009.6,30876.87,True,False
Emergent_ambiguity_attention_6ee88b,Emergent_asymmetry_coherence_292c2a,0.9107740492173402,30009.6,30900.43,True,False
Emergent_ambiguity_attention_6ee88b,Emergent_appears_asymmetry_8ccc17,0.910232177867401,30009.6,30921.74,True,False
Emergent_ambiguity_attention_6ee88b,Emergent_asymmetry_concept_910e9d,0.9107856807430397,30009.6,30922.08,True,False
Emergent_ambiguity_attention_6ee88b,Emergent_autonomy_bounded_6e75db,0.9096769455572447,30009.6,31014.83,True,False
Emergent_ambiguity_attention_6ee88b,Emergent_bounded_chaos_6978e0,0.9100610526786563,30009.6,31053.17,True,False
Emergent_ambiguity_attention_6ee88b,Emergent_bounded_contradiction_d8e7d7,0.9096458140626262,30009.6,31073.92,True,False
Emergent_ambiguity_attention_6ee88b,Emergent_clarity_constraint_bf278c,0.903725146703628,30009.6,31094.63,True,False
Emergent_ambiguity_attention_6ee88b,Emergent_cascade_chaos_0334fa,0.9051411294275689,30009.6,31094.97,True,False
Emergent_ambiguity_attention_6ee88b,Emergent_clarity_coherence_e8e60d,0.9016679695890757,30009.6,31115.47,True,False
Emergent_ambiguity_attention_6ee88b,Emergent_appears_coherence_abdafb,0.9073589472237094,30009.6,31138.27,True,False
Emergent_ambiguity_attention_6ee88b,Emergent_cascade_coherence_8055bb,0.9036564305815853,30009.6,31138.61,True,False
Emergent_ambiguity_attention_6ee88b,Emergent_autonomy_boundary_a0c946,0.9055366937690486,30009.6,31163.42,True,False
Emergent_ambiguity_attention_6ee88b,Emergent_autonomy_coherence_6ec10e,0.9054839817928282,30009.6,31163.76,True,False
Emergent_ambiguity_attention_6ee88b,Emergent_bounded_coherence_4beae6,0.8723427055090012,30009.6,31188.65,True,False
Emergent_ambiguity_attention_6ee88b,Emergent_autonomy_boundary_625a34,0.877730196066971,30009.6,31288.19,True,False
Emergent_ambiguity_attention_6ee88b,Emergent_asymmetry_autonomy_823326,0.8818582041411172,30009.6,31333.37,True,False
Emergent_ambiguity_attention_6ee88b,Emergent_autonomy_clarity_d6bec2,0.8808433439019714,30009.6,31356.09,True,False
Emergent_ambiguity_attention_6ee88b,Emergent_boundary_bounded_d6917c,0.9299999999999999,30009.6,31405.49,True,False
Emergent_ambiguity_attention_6ee88b,Emergent_bounded_clarity_42b09f,0.9299999999999999,30009.6,31405.83,True,False
Emergent_abstraction_analogy_a89166,Emergent_attention_awareness_3919ac,0.9091631765775905,30022.74,30034.61,True,False
Emergent_abstraction_analogy_a89166,Emergent_attention_awareness_d6205a,0.9114660465397744,30022.74,30034.95,True,False
Emergent_abstraction_analogy_a89166,Emergent_bounded_enforcing_163307,0.9033496380338082,30022.74,30045.14,True,False
Emergent_abstraction_analogy_a89166,Emergent_asymmetry_awareness_43bc6d,0.9083776385613254,30022.74,30056.41,True,False
Emergent_abstraction_analogy_a89166,Emergent_appears_asymmetry_875f64,0.9035416418360245,30022.74,30056.75,True,False
Emergent_abstraction_analogy_a89166,Emergent_autonomy_bounded_59bcc5,0.9038586631796952,30022.74,30071.48,True,False
Emergent_abstraction_analogy_a89166,Emergent_autonomy_chaos_ee1900,0.9027494285037676,30022.74,30087.85,True,False
Emergent_abstraction_analogy_a89166,Emergent_asymmetry_chaos_86934e,0.9014423500030033,30022.74,30103.64,True,False
Emergent_abstraction_analogy_a89166,Emergent_appears_bounded_f5c1f1,0.9047792475793346,30022.74,30116.98,True,False
Emergent_abstraction_analogy_a89166,Emergent_bounded_emergence_d3a8f5,0.9103847662900115,30022.74,30131.26,True,False
Emergent_abstraction_analogy_a89166,Emergent_appears_bounded_c59d38,0.9096626404343986,30022.74,30147.09,True,False
Emergent_abstraction_analogy_a89166,Emergent_awareness_identity_27b305,0.9116281980957619,30022.74,30158.04,True,False
Emergent_abstraction_analogy_a89166,Emergent_asymmetry_autonomy_a98557,0.9156945780032568,30022.74,30170.95,True,False
Emergent_abstraction_analogy_a89166,Emergent_awareness_bounded_9977c5,0.9087044653437577,30022.74,30186.32,True,False
Emergent_abstraction_analogy_a89166,Emergent_autonomy_awareness_135ecc,0.9110054989597118,30022.74,30203.0,True,False
Emergent_abstraction_analogy_a89166,Emergent_autonomy_clarity_321c48,0.9124678309399614,30022.74,30217.02,True,False
Emergent_abstraction_analogy_a89166,Emergent_autonomy_contradiction_372e7d,0.9067410544440591,30022.74,30233.48,True,False
Emergent_abstraction_analogy_a89166,Emergent_autonomy_contradiction_f42743,0.9155276240119885,30022.74,30233.82,True,False
Emergent_abstraction_analogy_a89166,Emergent_contradiction_emerges_fd4131,0.9118277999821718,30022.74,30250.18,True,False
Emergent_abstraction_analogy_a89166,Emergent_appears_contradiction_eaf6f9,0.904863355570483,30022.74,30250.52,True,False
Emergent_abstraction_analogy_a89166,Emergent_autonomy_cascade_d60596,0.9056898594061995,30022.74,30281.34,True,False
Emergent_abstraction_analogy_a89166,Emergent_autonomy_clarity_0e59af,0.9069673661776765,30022.74,30295.94,True,False
Emergent_abstraction_analogy_a89166,Emergent_identity_memory_6b5c68,0.9146027882204035,30022.74,30311.62,True,False
Emergent_abstraction_analogy_a89166,Emergent_analogy_anticipation_a29d2b,0.9089661827608491,30022.74,30326.92,True,False
Emergent_abstraction_analogy_a89166,Emergent_bounded_ego_dissolution_9168ce,0.9048368526624186,30022.74,30360.0,True,False
Emergent_abstraction_analogy_a89166,Emergent_boundary_bounded_497fce,0.9033397536976748,30022.74,30375.92,True,False
Emergent_abstraction_analogy_a89166,Emergent_bounded_coherence_40a04d,0.9071954793662347,30022.74,30376.26,True,False
Emergent_abstraction_analogy_a89166,Emergent_appears_asymmetry_b0db07,0.9107023655479078,30022.74,30391.21,True,False
Emergent_abstraction_analogy_a89166,Emergent_asymmetry_boundary_1ae9ed,0.9139568905854967,30022.74,30391.55,True,False
Emergent_abstraction_analogy_a89166,Emergent_boundary_emergence_from_interaction_1084d0,0.9120781609917996,30022.74,30408.19,True,False
Emergent_abstraction_analogy_a89166,Emergent_boundary_chaos_fce1b4,0.9077852100770305,30022.74,30442.57,True,False
Emergent_abstraction_analogy_a89166,Emergent_boundary_cascade_d6e347,0.9080684311752267,30022.74,30442.91,True,False
Emergent_abstraction_analogy_a89166,Emergent_appears_asymmetry_8dba4c,0.9000838790651897,30022.74,30458.19,True,False
Emergent_abstraction_analogy_a89166,Emergent_autonomy_bounded_72bafc,0.9106472226679638,30022.74,30529.29,True,False
Emergent_abstraction_analogy_a89166,Emergent_coherence_contradiction_4a9cd7,0.9073746382881207,30022.74,30565.21,True,False
Emergent_abstraction_analogy_a89166,Emergent_asymmetry_autonomy_ae0f75,0.9070664151427237,30022.74,30618.74,True,False
Emergent_abstraction_analogy_a89166,Emergent_ego_dissolution_identity_6998fa,0.9073151131608346,30022.74,30692.33,True,False
Emergent_abstraction_analogy_a89166,Emergent_autonomy_bounded_5ceb4c,0.9158971224367767,30022.74,30728.01,True,False
Emergent_abstraction_analogy_a89166,Emergent_appears_autonomy_718eb2,0.9114340511769954,30022.74,30746.5,True,False
Emergent_abstraction_analogy_a89166,Emergent_autonomy_boundary_fb8be0,0.9074749391608234,30022.74,30746.84,True,False
Emergent_abstraction_analogy_a89166,Emergent_coherence_ego_dissolution_223195,0.9101464838740949,30022.74,30765.24,True,False
Emergent_abstraction_analogy_a89166,Emergent_appears_cognition_22cb72,0.9041194716584988,30022.74,30800.59,True,False
Emergent_abstraction_analogy_a89166,Emergent_boundary_cascade_bfd474,0.9114838022571563,30022.74,30800.93,True,False
Emergent_abstraction_analogy_a89166,Emergent_chaos_clarity_5810ca,0.9057401946535606,30022.74,30819.1,True,False
Emergent_abstraction_analogy_a89166,Emergent_clarity_ego_dissolution_1aaf2b,0.9090899214317274,30022.74,30819.44,True,False
Emergent_abstraction_analogy_a89166,Emergent_constraint_contradiction_8d2c9c,0.9096676056628359,30022.74,30837.14,True,False
Emergent_abstraction_analogy_a89166,Emergent_analogy_anticipation_33cf9b,0.9137383016069518,30022.74,30855.68,True,False
Emergent_abstraction_analogy_a89166,Emergent_cascade_chaos_81ff1c,0.9090259554791746,30022.74,30876.87,True,False
Emergent_abstraction_analogy_a89166,Emergent_asymmetry_coherence_292c2a,0.9163367371027684,30022.74,30900.43,True,False
Emergent_abstraction_analogy_a89166,Emergent_appears_asymmetry_8ccc17,0.910232177867401,30022.74,30921.74,True,False
Emergent_abstraction_analogy_a89166,Emergent_asymmetry_concept_910e9d,0.9159134277674976,30022.74,30922.08,True,False
Emergent_abstraction_analogy_a89166,Emergent_autonomy_bounded_6e75db,0.9096769455572447,30022.74,31014.83,True,False
Emergent_abstraction_analogy_a89166,Emergent_bounded_chaos_6978e0,0.9139145188455888,30022.74,31053.17,True,False
Emergent_abstraction_analogy_a89166,Emergent_bounded_contradiction_d8e7d7,0.9102010747141178,30022.74,31073.92,True,False
Emergent_abstraction_analogy_a89166,Emergent_clarity_constraint_bf278c,0.903725146703628,30022.74,31094.63,True,False
Emergent_abstraction_analogy_a89166,Emergent_cascade_chaos_0334fa,0.9051411294275689,30022.74,31094.97,True,False
Emergent_abstraction_analogy_a89166,Emergent_clarity_coherence_e8e60d,0.9016679695890757,30022.74,31115.47,True,False
Emergent_abstraction_analogy_a89166,Emergent_appears_coherence_abdafb,0.9125572699681543,30022.74,31138.27,True,False
Emergent_abstraction_analogy_a89166,Emergent_cascade_coherence_8055bb,0.9036564305815853,30022.74,31138.61,True,False
Emergent_abstraction_analogy_a89166,Emergent_autonomy_boundary_a0c946,0.9096760855989703,30022.74,31163.42,True,False
Emergent_abstraction_analogy_a89166,Emergent_autonomy_coherence_6ec10e,0.9066366805444086,30022.74,31163.76,True,False
Emergent_abstraction_analogy_a89166,Emergent_bounded_coherence_4beae6,0.8723427055090012,30022.74,31188.65,True,False
Emergent_abstraction_analogy_a89166,Emergent_autonomy_boundary_625a34,0.8785551920848158,30022.74,31288.19,True,False
Emergent_abstraction_analogy_a89166,Emergent_asymmetry_autonomy_823326,0.8830035588709051,30022.74,31333.37,True,False
Emergent_abstraction_analogy_a89166,Emergent_autonomy_clarity_d6bec2,0.8808433439019714,30022.74,31356.09,True,False
Emergent_abstraction_analogy_a89166,Emergent_boundary_bounded_d6917c,0.9299999999999999,30022.74,31405.49,True,False
Emergent_abstraction_analogy_a89166,Emergent_bounded_clarity_42b09f,0.9299999999999999,30022.74,31405.83,True,False
Emergent_attention_awareness_3919ac,Emergent_attention_awareness_d6205a,0.9091631764272172,30034.61,30034.95,True,False
Emergent_attention_awareness_3919ac,Emergent_bounded_enforcing_163307,0.9033496380338082,30034.61,30045.14,True,False
Emergent_attention_awareness_3919ac,Emergent_asymmetry_awareness_43bc6d,0.9083776385613254,30034.61,30056.41,True,False
Emergent_attention_awareness_3919ac,Emergent_appears_asymmetry_875f64,0.9035416418360245,30034.61,30056.75,True,False
Emergent_attention_awareness_3919ac,Emergent_autonomy_bounded_59bcc5,0.9038586631796952,30034.61,30071.48,True,False
Emergent_attention_awareness_3919ac,Emergent_autonomy_chaos_ee1900,0.9027494285037676,30034.61,30087.85,True,False
Emergent_attention_awareness_3919ac,Emergent_asymmetry_chaos_86934e,0.9014423500030033,30034.61,30103.64,True,False
Emergent_attention_awareness_3919ac,Emergent_appears_bounded_f5c1f1,0.9047792475793346,30034.61,30116.98,True,False
Emergent_attention_awareness_3919ac,Emergent_bounded_emergence_d3a8f5,0.9091631764171291,30034.61,30131.26,True,False
Emergent_attention_awareness_3919ac,Emergent_appears_bounded_c59d38,0.9091631760646302,30034.61,30147.09,True,False
Emergent_attention_awareness_3919ac,Emergent_awareness_identity_27b305,0.9091631761086925,30034.61,30158.04,True,False
Emergent_attention_awareness_3919ac,Emergent_asymmetry_autonomy_a98557,0.9091631761527548,30034.61,30170.95,True,False
Emergent_attention_awareness_3919ac,Emergent_awareness_bounded_9977c5,0.9087044653437577,30034.61,30186.32,True,False
Emergent_attention_awareness_3919ac,Emergent_autonomy_awareness_135ecc,0.9091631750102389,30034.61,30203.0,True,False
Emergent_attention_awareness_3919ac,Emergent_autonomy_clarity_321c48,0.9091631751229377,30034.61,30217.02,True,False
Emergent_attention_awareness_3919ac,Emergent_autonomy_contradiction_372e7d,0.9067410544440591,30034.61,30233.48,True,False
Emergent_attention_awareness_3919ac,Emergent_autonomy_contradiction_f42743,0.9091631650963483,30034.61,30233.82,True,False
Emergent_attention_awareness_3919ac,Emergent_contradiction_emerges_fd4131,0.9091631715095141,30034.61,30250.18,True,False
Emergent_attention_awareness_3919ac,Emergent_appears_contradiction_eaf6f9,0.904863355570483,30034.61,30250.52,True,False
Emergent_attention_awareness_3919ac,Emergent_autonomy_cascade_d60596,0.9056898594061995,30034.61,30281.34,True,False
Emergent_attention_awareness_3919ac,Emergent_autonomy_clarity_0e59af,0.9069673661776765,30034.61,30295.94,True,False
Emergent_attention_awareness_3919ac,Emergent_identity_memory_6b5c68,0.9091631843073158,30034.61,30311.62,True,False
Emergent_attention_awareness_3919ac,Emergent_analogy_anticipation_a29d2b,0.9089661827608491,30034.61,30326.92,True,False
Emergent_attention_awareness_3919ac,Emergent_bounded_ego_dissolution_9168ce,0.9048368526624186,30034.61,30360.0,True,False
Emergent_attention_awareness_3919ac,Emergent_boundary_bounded_497fce,0.9033397536976748,30034.61,30375.92,True,False
Emergent_attention_awareness_3919ac,Emergent_bounded_coherence_40a04d,0.9071954793662347,30034.61,30376.26,True,False
Emergent_attention_awareness_3919ac,Emergent_appears_asymmetry_b0db07,0.9091631703341794,30034.61,30391.21,True,False
Emergent_attention_awareness_3919ac,Emergent_asymmetry_boundary_1ae9ed,0.9091631703341794,30034.61,30391.55,True,False
Emergent_attention_awareness_3919ac,Emergent_boundary_emergence_from_interaction_1084d0,0.9091631609749748,30034.61,30408.19,True,False
Emergent_attention_awareness_3919ac,Emergent_boundary_chaos_fce1b4,0.9077852100770305,30034.61,30442.57,True,False
Emergent_attention_awareness_3919ac,Emergent_boundary_cascade_d6e347,0.9080684311752267,30034.61,30442.91,True,False
Emergent_attention_awareness_3919ac,Emergent_appears_asymmetry_8dba4c,0.9000838790651897,30034.61,30458.19,True,False
Emergent_attention_awareness_3919ac,Emergent_autonomy_bounded_72bafc,0.9091629269992385,30034.61,30529.29,True,False
Emergent_attention_awareness_3919ac,Emergent_coherence_contradiction_4a9cd7,0.9073746382881207,30034.61,30565.21,True,False
Emergent_attention_awareness_3919ac,Emergent_asymmetry_autonomy_ae0f75,0.9070664151427237,30034.61,30618.74,True,False
Emergent_attention_awareness_3919ac,Emergent_ego_dissolution_identity_6998fa,0.9073151131608346,30034.61,30692.33,True,False
Emergent_attention_awareness_3919ac,Emergent_autonomy_bounded_5ceb4c,0.9091506651394254,30034.61,30728.01,True,False
Emergent_attention_awareness_3919ac,Emergent_appears_autonomy_718eb2,0.9091449177024842,30034.61,30746.5,True,False
Emergent_attention_awareness_3919ac,Emergent_autonomy_boundary_fb8be0,0.9074749391608234,30034.61,30746.84,True,False
Emergent_attention_awareness_3919ac,Emergent_coherence_ego_dissolution_223195,0.9091353386409149,30034.61,30765.24,True,False
Emergent_attention_awareness_3919ac,Emergent_appears_cognition_22cb72,0.9041194716584988,30034.61,30800.59,True,False
Emergent_attention_awareness_3919ac,Emergent_boundary_cascade_bfd474,0.9091226449874641,30034.61,30800.93,True,False
Emergent_attention_awareness_3919ac,Emergent_chaos_clarity_5810ca,0.9057401946535606,30034.61,30819.1,True,False
Emergent_attention_awareness_3919ac,Emergent_clarity_ego_dissolution_1aaf2b,0.9089066491894182,30034.61,30819.44,True,False
Emergent_attention_awareness_3919ac,Emergent_constraint_contradiction_8d2c9c,0.9090131831129693,30034.61,30837.14,True,False
Emergent_attention_awareness_3919ac,Emergent_analogy_anticipation_33cf9b,0.9087211664352846,30034.61,30855.68,True,False
Emergent_attention_awareness_3919ac,Emergent_cascade_chaos_81ff1c,0.9090259554791746,30034.61,30876.87,True,False
Emergent_attention_awareness_3919ac,Emergent_asymmetry_coherence_292c2a,0.90925873440057,30034.61,30900.43,True,False
Emergent_attention_awareness_3919ac,Emergent_appears_asymmetry_8ccc17,0.9092703659262693,30034.61,30921.74,True,False
Emergent_attention_awareness_3919ac,Emergent_asymmetry_concept_910e9d,0.9092703659262693,30034.61,30922.08,True,False
Emergent_attention_awareness_3919ac,Emergent_autonomy_bounded_6e75db,0.9088364048931068,30034.61,31014.83,True,False
Emergent_attention_awareness_3919ac,Emergent_bounded_chaos_6978e0,0.908545737861886,30034.61,31053.17,True,False
Emergent_attention_awareness_3919ac,Emergent_bounded_contradiction_d8e7d7,0.9081304992458561,30034.61,31073.92,True,False
Emergent_attention_awareness_3919ac,Emergent_clarity_constraint_bf278c,0.903725146703628,30034.61,31094.63,True,False
Emergent_attention_awareness_3919ac,Emergent_cascade_chaos_0334fa,0.9051411294275689,30034.61,31094.97,True,False
Emergent_attention_awareness_3919ac,Emergent_clarity_coherence_e8e60d,0.9016679695890757,30034.61,31115.47,True,False
Emergent_attention_awareness_3919ac,Emergent_appears_coherence_abdafb,0.9059783651550533,30034.61,31138.27,True,False
Emergent_attention_awareness_3919ac,Emergent_cascade_coherence_8055bb,0.9036564305815853,30034.61,31138.61,True,False
Emergent_attention_awareness_3919ac,Emergent_autonomy_boundary_a0c946,0.9041576536408868,30034.61,31163.42,True,False
Emergent_attention_awareness_3919ac,Emergent_autonomy_coherence_6ec10e,0.9041058173889209,30034.61,31163.76,True,False
Emergent_attention_awareness_3919ac,Emergent_bounded_coherence_4beae6,0.8723427055090012,30034.61,31188.65,True,False
Emergent_attention_awareness_3919ac,Emergent_autonomy_boundary_625a34,0.8766640289495709,30034.61,31288.19,True,False
Emergent_attention_awareness_3919ac,Emergent_asymmetry_autonomy_823326,0.8807804407481783,30034.61,31333.37,True,False
Emergent_attention_awareness_3919ac,Emergent_autonomy_clarity_d6bec2,0.8808433439019714,30034.61,31356.09,True,False
Emergent_attention_awareness_3919ac,Emergent_boundary_bounded_d6917c,0.9299999999999999,30034.61,31405.49,True,False
Emergent_attention_awareness_3919ac,Emergent_bounded_clarity_42b09f,0.9299999999999999,30034.61,31405.83,True,False
Emergent_attention_awareness_d6205a,Emergent_bounded_enforcing_163307,0.9033496380338082,30034.95,30045.14,True,False
Emergent_attention_awareness_d6205a,Emergent_asymmetry_awareness_43bc6d,0.9083776385613254,30034.95,30056.41,True,False
Emergent_attention_awareness_d6205a,Emergent_appears_asymmetry_875f64,0.9035416418360245,30034.95,30056.75,True,False
Emergent_attention_awareness_d6205a,Emergent_autonomy_bounded_59bcc5,0.9038586631796952,30034.95,30071.48,True,False
Emergent_attention_awareness_d6205a,Emergent_autonomy_chaos_ee1900,0.9027494285037676,30034.95,30087.85,True,False
Emergent_attention_awareness_d6205a,Emergent_asymmetry_chaos_86934e,0.9014423500030033,30034.95,30103.64,True,False
Emergent_attention_awareness_d6205a,Emergent_appears_bounded_f5c1f1,0.9047792475793346,30034.95,30116.98,True,False
Emergent_attention_awareness_d6205a,Emergent_bounded_emergence_d3a8f5,0.9103847662900115,30034.95,30131.26,True,False
Emergent_attention_awareness_d6205a,Emergent_appears_bounded_c59d38,0.9096626404343986,30034.95,30147.09,True,False
Emergent_attention_awareness_d6205a,Emergent_awareness_identity_27b305,0.9114660469482425,30034.95,30158.04,True,False
Emergent_attention_awareness_d6205a,Emergent_asymmetry_autonomy_a98557,0.9114660469923048,30034.95,30170.95,True,False
Emergent_attention_awareness_d6205a,Emergent_awareness_bounded_9977c5,0.9087044653437577,30034.95,30186.32,True,False
Emergent_attention_awareness_d6205a,Emergent_autonomy_awareness_135ecc,0.9110054989597118,30034.95,30203.0,True,False
Emergent_attention_awareness_d6205a,Emergent_autonomy_clarity_321c48,0.9114660459596096,30034.95,30217.02,True,False
Emergent_attention_awareness_d6205a,Emergent_autonomy_contradiction_372e7d,0.9067410544440591,30034.95,30233.48,True,False
Emergent_attention_awareness_d6205a,Emergent_autonomy_contradiction_f42743,0.9114660360904623,30034.95,30233.82,True,False
Emergent_attention_awareness_d6205a,Emergent_contradiction_emerges_fd4131,0.9114660426675518,30034.95,30250.18,True,False
Emergent_attention_awareness_d6205a,Emergent_appears_contradiction_eaf6f9,0.904863355570483,30034.95,30250.52,True,False
Emergent_attention_awareness_d6205a,Emergent_autonomy_cascade_d60596,0.9056898594061995,30034.95,30281.34,True,False
Emergent_attention_awareness_d6205a,Emergent_autonomy_clarity_0e59af,0.9069673661776765,30034.95,30295.94,True,False
Emergent_attention_awareness_d6205a,Emergent_identity_memory_6b5c68,0.9114660546532825,30034.95,30311.62,True,False
Emergent_attention_awareness_d6205a,Emergent_analogy_anticipation_a29d2b,0.9089661827608491,30034.95,30326.92,True,False
Emergent_attention_awareness_d6205a,Emergent_bounded_ego_dissolution_9168ce,0.9048368526624186,30034.95,30360.0,True,False
Emergent_attention_awareness_d6205a,Emergent_boundary_bounded_497fce,0.9033397536976748,30034.95,30375.92,True,False
Emergent_attention_awareness_d6205a,Emergent_bounded_coherence_40a04d,0.9071954793662347,30034.95,30376.26,True,False
Emergent_attention_awareness_d6205a,Emergent_appears_asymmetry_b0db07,0.9107023655479078,30034.95,30391.21,True,False
Emergent_attention_awareness_d6205a,Emergent_asymmetry_boundary_1ae9ed,0.9114660406801462,30034.95,30391.55,True,False
Emergent_attention_awareness_d6205a,Emergent_boundary_emergence_from_interaction_1084d0,0.9114660313209417,30034.95,30408.19,True,False
Emergent_attention_awareness_d6205a,Emergent_boundary_chaos_fce1b4,0.9077852100770305,30034.95,30442.57,True,False
Emergent_attention_awareness_d6205a,Emergent_boundary_cascade_d6e347,0.9080684311752267,30034.95,30442.91,True,False
Emergent_attention_awareness_d6205a,Emergent_appears_asymmetry_8dba4c,0.9000838790651897,30034.95,30458.19,True,False
Emergent_attention_awareness_d6205a,Emergent_autonomy_bounded_72bafc,0.9106472226679638,30034.95,30529.29,True,False
Emergent_attention_awareness_d6205a,Emergent_coherence_contradiction_4a9cd7,0.9073746382881207,30034.95,30565.21,True,False
Emergent_attention_awareness_d6205a,Emergent_asymmetry_autonomy_ae0f75,0.9070664151427237,30034.95,30618.74,True,False
Emergent_attention_awareness_d6205a,Emergent_ego_dissolution_identity_6998fa,0.9073151131608346,30034.95,30692.33,True,False
Emergent_attention_awareness_d6205a,Emergent_autonomy_bounded_5ceb4c,0.9114534987896254,30034.95,30728.01,True,False
Emergent_attention_awareness_d6205a,Emergent_appears_autonomy_718eb2,0.9114340511769954,30034.95,30746.5,True,False
Emergent_attention_awareness_d6205a,Emergent_autonomy_boundary_fb8be0,0.9074749391608234,30034.95,30746.84,True,False
Emergent_attention_awareness_d6205a,Emergent_coherence_ego_dissolution_223195,0.9101464838740949,30034.95,30765.24,True,False
Emergent_attention_awareness_d6205a,Emergent_appears_cognition_22cb72,0.9041194716584988,30034.95,30800.59,True,False
Emergent_attention_awareness_d6205a,Emergent_boundary_cascade_bfd474,0.9114254190145872,30034.95,30800.93,True,False
Emergent_attention_awareness_d6205a,Emergent_chaos_clarity_5810ca,0.9057401946535606,30034.95,30819.1,True,False
Emergent_attention_awareness_d6205a,Emergent_clarity_ego_dissolution_1aaf2b,0.9090899214317274,30034.95,30819.44,True,False
Emergent_attention_awareness_d6205a,Emergent_constraint_contradiction_8d2c9c,0.9096676056628359,30034.95,30837.14,True,False
Emergent_attention_awareness_d6205a,Emergent_analogy_anticipation_33cf9b,0.9110232004519287,30034.95,30855.68,True,False
Emergent_attention_awareness_d6205a,Emergent_cascade_chaos_81ff1c,0.9090259554791746,30034.95,30876.87,True,False
Emergent_attention_awareness_d6205a,Emergent_asymmetry_coherence_292c2a,0.9115513858998323,30034.95,30900.43,True,False
Emergent_attention_awareness_d6205a,Emergent_appears_asymmetry_8ccc17,0.910232177867401,30034.95,30921.74,True,False
Emergent_attention_awareness_d6205a,Emergent_asymmetry_concept_910e9d,0.9115630174255316,30034.95,30922.08,True,False
Emergent_attention_awareness_d6205a,Emergent_autonomy_bounded_6e75db,0.9096769455572447,30034.95,31014.83,True,False
Emergent_attention_awareness_d6205a,Emergent_bounded_chaos_6978e0,0.9108383893611482,30034.95,31053.17,True,False
Emergent_attention_awareness_d6205a,Emergent_bounded_contradiction_d8e7d7,0.9102010747141178,30034.95,31073.92,True,False
Emergent_attention_awareness_d6205a,Emergent_clarity_constraint_bf278c,0.903725146703628,30034.95,31094.63,True,False
Emergent_attention_awareness_d6205a,Emergent_cascade_chaos_0334fa,0.9051411294275689,30034.95,31094.97,True,False
Emergent_attention_awareness_d6205a,Emergent_clarity_coherence_e8e60d,0.9016679695890757,30034.95,31115.47,True,False
Emergent_attention_awareness_d6205a,Emergent_appears_coherence_abdafb,0.9080671677685626,30034.95,31138.27,True,False
Emergent_attention_awareness_d6205a,Emergent_cascade_coherence_8055bb,0.9036564305815853,30034.95,31138.61,True,False
Emergent_attention_awareness_d6205a,Emergent_autonomy_boundary_a0c946,0.9062441233185947,30034.95,31163.42,True,False
Emergent_attention_awareness_d6205a,Emergent_autonomy_coherence_6ec10e,0.9061909621072854,30034.95,31163.76,True,False
Emergent_attention_awareness_d6205a,Emergent_bounded_coherence_4beae6,0.8723427055090012,30034.95,31188.65,True,False
Emergent_attention_awareness_d6205a,Emergent_autonomy_boundary_625a34,0.878277125854003,30034.95,31288.19,True,False
Emergent_attention_awareness_d6205a,Emergent_asymmetry_autonomy_823326,0.8824110826658345,30034.95,31333.37,True,False
Emergent_attention_awareness_d6205a,Emergent_autonomy_clarity_d6bec2,0.8808433439019714,30034.95,31356.09,True,False
Emergent_attention_awareness_d6205a,Emergent_boundary_bounded_d6917c,0.9299999999999999,30034.95,31405.49,True,False
Emergent_attention_awareness_d6205a,Emergent_bounded_clarity_42b09f,0.9299999999999999,30034.95,31405.83,True,False
Emergent_bounded_enforcing_163307,Emergent_asymmetry_awareness_43bc6d,0.9033496378222206,30045.14,30056.41,True,False
Emergent_bounded_enforcing_163307,Emergent_appears_asymmetry_875f64,0.9033496378222206,30045.14,30056.75,True,False
Emergent_bounded_enforcing_163307,Emergent_autonomy_bounded_59bcc5,0.9033496379537072,30045.14,30071.48,True,False
Emergent_bounded_enforcing_163307,Emergent_autonomy_chaos_ee1900,0.9027494285037676,30045.14,30087.85,True,False
Emergent_bounded_enforcing_163307,Emergent_asymmetry_chaos_86934e,0.9014423500030033,30045.14,30103.64,True,False
Emergent_bounded_enforcing_163307,Emergent_appears_bounded_f5c1f1,0.9033496376082579,30045.14,30116.98,True,False
Emergent_bounded_enforcing_163307,Emergent_bounded_emergence_d3a8f5,0.9033496376391017,30045.14,30131.26,True,False
Emergent_bounded_enforcing_163307,Emergent_appears_bounded_c59d38,0.9033496372866023,30045.14,30147.09,True,False
Emergent_bounded_enforcing_163307,Emergent_awareness_identity_27b305,0.9033496373306651,30045.14,30158.04,True,False
Emergent_bounded_enforcing_163307,Emergent_asymmetry_autonomy_a98557,0.9033496373747272,30045.14,30170.95,True,False
Emergent_bounded_enforcing_163307,Emergent_awareness_bounded_9977c5,0.9033496369970495,30045.14,30186.32,True,False
Emergent_bounded_enforcing_163307,Emergent_autonomy_awareness_135ecc,0.9033496362409468,30045.14,30203.0,True,False
Emergent_bounded_enforcing_163307,Emergent_autonomy_clarity_321c48,0.9033496363521758,30045.14,30217.02,True,False
Emergent_bounded_enforcing_163307,Emergent_autonomy_contradiction_372e7d,0.9033496255620941,30045.14,30233.48,True,False
Emergent_bounded_enforcing_163307,Emergent_autonomy_contradiction_f42743,0.9033496259281275,30045.14,30233.82,True,False
Emergent_bounded_enforcing_163307,Emergent_contradiction_emerges_fd4131,0.9033496319274725,30045.14,30250.18,True,False
Emergent_bounded_enforcing_163307,Emergent_appears_contradiction_eaf6f9,0.9033496315850595,30045.14,30250.52,True,False
Emergent_bounded_enforcing_163307,Emergent_autonomy_cascade_d60596,0.9033496183830574,30045.14,30281.34,True,False
Emergent_bounded_enforcing_163307,Emergent_autonomy_clarity_0e59af,0.9033496186436012,30045.14,30295.94,True,False
Emergent_bounded_enforcing_163307,Emergent_identity_memory_6b5c68,0.9033496467753268,30045.14,30311.62,True,False
Emergent_bounded_enforcing_163307,Emergent_analogy_anticipation_a29d2b,0.903349647149851,30045.14,30326.92,True,False
Emergent_bounded_enforcing_163307,Emergent_bounded_ego_dissolution_9168ce,0.9033496393536335,30045.14,30360.0,True,False
Emergent_bounded_enforcing_163307,Emergent_boundary_bounded_497fce,0.9033397536976748,30045.14,30375.92,True,False
Emergent_bounded_enforcing_163307,Emergent_bounded_coherence_40a04d,0.9033496317102834,30045.14,30376.26,True,False
Emergent_bounded_enforcing_163307,Emergent_appears_asymmetry_b0db07,0.9033496328021904,30045.14,30391.21,True,False
Emergent_bounded_enforcing_163307,Emergent_asymmetry_boundary_1ae9ed,0.9033496328021904,30045.14,30391.55,True,False
Emergent_bounded_enforcing_163307,Emergent_boundary_emergence_from_interaction_1084d0,0.9033496234429861,30045.14,30408.19,True,False
Emergent_bounded_enforcing_163307,Emergent_boundary_chaos_fce1b4,0.9033495877888738,30045.14,30442.57,True,False
Emergent_bounded_enforcing_163307,Emergent_boundary_cascade_d6e347,0.9033495877888738,30045.14,30442.91,True,False
Emergent_bounded_enforcing_163307,Emergent_appears_asymmetry_8dba4c,0.9000838790651897,30045.14,30458.19,True,False
Emergent_bounded_enforcing_163307,Emergent_autonomy_bounded_72bafc,0.9033493894672497,30045.14,30529.29,True,False
Emergent_bounded_enforcing_163307,Emergent_coherence_contradiction_4a9cd7,0.903349094678457,30045.14,30565.21,True,False
Emergent_bounded_enforcing_163307,Emergent_asymmetry_autonomy_ae0f75,0.9033490531773416,30045.14,30618.74,True,False
Emergent_bounded_enforcing_163307,Emergent_ego_dissolution_identity_6998fa,0.9033440596949254,30045.14,30692.33,True,False
Emergent_bounded_enforcing_163307,Emergent_autonomy_bounded_5ceb4c,0.9033372202449652,30045.14,30728.01,True,False
Emergent_bounded_enforcing_163307,Emergent_appears_autonomy_718eb2,0.903331472808024,30045.14,30746.5,True,False
Emergent_bounded_enforcing_163307,Emergent_autonomy_boundary_fb8be0,0.903331472808024,30045.14,30746.84,True,False
Emergent_bounded_enforcing_163307,Emergent_coherence_ego_dissolution_223195,0.9033218937464549,30045.14,30765.24,True,False
Emergent_bounded_enforcing_163307,Emergent_appears_cognition_22cb72,0.9033088663732582,30045.14,30800.59,True,False
Emergent_bounded_enforcing_163307,Emergent_boundary_cascade_bfd474,0.9033093506099426,30045.14,30800.93,True,False
Emergent_bounded_enforcing_163307,Emergent_chaos_clarity_5810ca,0.9030815322671619,30045.14,30819.1,True,False
Emergent_bounded_enforcing_163307,Emergent_clarity_ego_dissolution_1aaf2b,0.9030845863914163,30045.14,30819.44,True,False
Emergent_bounded_enforcing_163307,Emergent_constraint_contradiction_8d2c9c,0.9031842460245596,30045.14,30837.14,True,False
Emergent_bounded_enforcing_163307,Emergent_analogy_anticipation_33cf9b,0.9029097401953678,30045.14,30855.68,True,False
Emergent_bounded_enforcing_163307,Emergent_cascade_chaos_81ff1c,0.9035640462923973,30045.14,30876.87,True,False
Emergent_bounded_enforcing_163307,Emergent_asymmetry_coherence_292c2a,0.9034709940868026,30045.14,30900.43,True,False
Emergent_bounded_enforcing_163307,Emergent_appears_asymmetry_8ccc17,0.9034826256125019,30045.14,30921.74,True,False
Emergent_bounded_enforcing_163307,Emergent_asymmetry_concept_910e9d,0.9034826256125019,30045.14,30922.08,True,False
Emergent_bounded_enforcing_163307,Emergent_autonomy_bounded_6e75db,0.9030486645793396,30045.14,31014.83,True,False
Emergent_bounded_enforcing_163307,Emergent_bounded_chaos_6978e0,0.9027579975481186,30045.14,31053.17,True,False
Emergent_bounded_enforcing_163307,Emergent_bounded_contradiction_d8e7d7,0.9023427589320885,30045.14,31073.92,True,False
Emergent_bounded_enforcing_163307,Emergent_clarity_constraint_bf278c,0.9017495609091883,30045.14,31094.63,True,False
Emergent_bounded_enforcing_163307,Emergent_cascade_chaos_0334fa,0.9017495609091883,30045.14,31094.97,True,False
Emergent_bounded_enforcing_163307,Emergent_clarity_coherence_e8e60d,0.8985330280385282,30045.14,31115.47,True,False
Emergent_bounded_enforcing_163307,Emergent_appears_coherence_abdafb,0.9007052361611338,30045.14,31138.27,True,False
Emergent_bounded_enforcing_163307,Emergent_cascade_coherence_8055bb,0.9007052361611338,30045.14,31138.61,True,False
Emergent_bounded_enforcing_163307,Emergent_autonomy_boundary_a0c946,0.8988904140839764,30045.14,31163.42,True,False
Emergent_bounded_enforcing_163307,Emergent_autonomy_coherence_6ec10e,0.8988419226581259,30045.14,31163.76,True,False
Emergent_bounded_enforcing_163307,Emergent_bounded_coherence_4beae6,0.8720416932725141,30045.14,31188.65,True,False
Emergent_bounded_enforcing_163307,Emergent_autonomy_boundary_625a34,0.8725918069015195,30045.14,31288.19,True,False
Emergent_bounded_enforcing_163307,Emergent_asymmetry_autonomy_823326,0.8766639267611307,30045.14,31333.37,True,False
Emergent_bounded_enforcing_163307,Emergent_autonomy_clarity_d6bec2,0.8784302006710585,30045.14,31356.09,True,False
Emergent_bounded_enforcing_163307,Emergent_boundary_bounded_d6917c,0.9299999999999999,30045.14,31405.49,True,False
Emergent_bounded_enforcing_163307,Emergent_bounded_clarity_42b09f,0.9299999999999999,30045.14,31405.83,True,False
Emergent_asymmetry_awareness_43bc6d,Emergent_appears_asymmetry_875f64,0.9035416416244371,30056.41,30056.75,True,False
Emergent_asymmetry_awareness_43bc6d,Emergent_autonomy_bounded_59bcc5,0.9038586631796952,30056.41,30071.48,True,False
Emergent_asymmetry_awareness_43bc6d,Emergent_autonomy_chaos_ee1900,0.9027494285037676,30056.41,30087.85,True,False
Emergent_asymmetry_awareness_43bc6d,Emergent_asymmetry_chaos_86934e,0.9014423500030033,30056.41,30103.64,True,False
Emergent_asymmetry_awareness_43bc6d,Emergent_appears_bounded_f5c1f1,0.9047792475793346,30056.41,30116.98,True,False
Emergent_asymmetry_awareness_43bc6d,Emergent_bounded_emergence_d3a8f5,0.9083776381560396,30056.41,30131.26,True,False
Emergent_asymmetry_awareness_43bc6d,Emergent_appears_bounded_c59d38,0.9083776378035404,30056.41,30147.09,True,False
Emergent_asymmetry_awareness_43bc6d,Emergent_awareness_identity_27b305,0.9083776378476027,30056.41,30158.04,True,False
Emergent_asymmetry_awareness_43bc6d,Emergent_asymmetry_autonomy_a98557,0.908377637891665,30056.41,30170.95,True,False
Emergent_asymmetry_awareness_43bc6d,Emergent_awareness_bounded_9977c5,0.9083776375139874,30056.41,30186.32,True,False
Emergent_asymmetry_awareness_43bc6d,Emergent_autonomy_awareness_135ecc,0.9083776367503296,30056.41,30203.0,True,False
Emergent_asymmetry_awareness_43bc6d,Emergent_autonomy_clarity_321c48,0.9083776368628298,30056.41,30217.02,True,False
Emergent_asymmetry_awareness_43bc6d,Emergent_autonomy_contradiction_372e7d,0.9067410544440591,30056.41,30233.48,True,False
Emergent_asymmetry_awareness_43bc6d,Emergent_autonomy_contradiction_f42743,0.9083776267825348,30056.41,30233.82,True,False
Emergent_asymmetry_awareness_43bc6d,Emergent_contradiction_emerges_fd4131,0.9083776331397844,30056.41,30250.18,True,False
Emergent_asymmetry_awareness_43bc6d,Emergent_appears_contradiction_eaf6f9,0.904863355570483,30056.41,30250.52,True,False
Emergent_asymmetry_awareness_43bc6d,Emergent_autonomy_cascade_d60596,0.9056898594061995,30056.41,30281.34,True,False
Emergent_asymmetry_awareness_43bc6d,Emergent_autonomy_clarity_0e59af,0.9069673661776765,30056.41,30295.94,True,False
Emergent_asymmetry_awareness_43bc6d,Emergent_identity_memory_6b5c68,0.9083776462145936,30056.41,30311.62,True,False
Emergent_asymmetry_awareness_43bc6d,Emergent_analogy_anticipation_a29d2b,0.9083776465891178,30056.41,30326.92,True,False
Emergent_asymmetry_awareness_43bc6d,Emergent_bounded_ego_dissolution_9168ce,0.9048368526624186,30056.41,30360.0,True,False
Emergent_asymmetry_awareness_43bc6d,Emergent_boundary_bounded_497fce,0.9033397536976748,30056.41,30375.92,True,False
Emergent_asymmetry_awareness_43bc6d,Emergent_bounded_coherence_40a04d,0.9071954793662347,30056.41,30376.26,True,False
Emergent_asymmetry_awareness_43bc6d,Emergent_appears_asymmetry_b0db07,0.9083776322414572,30056.41,30391.21,True,False
Emergent_asymmetry_awareness_43bc6d,Emergent_asymmetry_boundary_1ae9ed,0.9083776322414572,30056.41,30391.55,True,False
Emergent_asymmetry_awareness_43bc6d,Emergent_boundary_emergence_from_interaction_1084d0,0.9083776228822529,30056.41,30408.19,True,False
Emergent_asymmetry_awareness_43bc6d,Emergent_boundary_chaos_fce1b4,0.9077852100770305,30056.41,30442.57,True,False
Emergent_asymmetry_awareness_43bc6d,Emergent_boundary_cascade_d6e347,0.9080684311752267,30056.41,30442.91,True,False
Emergent_asymmetry_awareness_43bc6d,Emergent_appears_asymmetry_8dba4c,0.9000838790651897,30056.41,30458.19,True,False
Emergent_asymmetry_awareness_43bc6d,Emergent_autonomy_bounded_72bafc,0.9083773889065165,30056.41,30529.29,True,False
Emergent_asymmetry_awareness_43bc6d,Emergent_coherence_contradiction_4a9cd7,0.9073746382881207,30056.41,30565.21,True,False
Emergent_asymmetry_awareness_43bc6d,Emergent_asymmetry_autonomy_ae0f75,0.9070664151427237,30056.41,30618.74,True,False
Emergent_asymmetry_awareness_43bc6d,Emergent_ego_dissolution_identity_6998fa,0.9073151131608346,30056.41,30692.33,True,False
Emergent_asymmetry_awareness_43bc6d,Emergent_autonomy_bounded_5ceb4c,0.9083651395640917,30056.41,30728.01,True,False
Emergent_asymmetry_awareness_43bc6d,Emergent_appears_autonomy_718eb2,0.9083593921271504,30056.41,30746.5,True,False
Emergent_asymmetry_awareness_43bc6d,Emergent_autonomy_boundary_fb8be0,0.9074749391608234,30056.41,30746.84,True,False
Emergent_asymmetry_awareness_43bc6d,Emergent_coherence_ego_dissolution_223195,0.9083498130655814,30056.41,30765.24,True,False
Emergent_asymmetry_awareness_43bc6d,Emergent_appears_cognition_22cb72,0.9041194716584988,30056.41,30800.59,True,False
Emergent_asymmetry_awareness_43bc6d,Emergent_boundary_cascade_bfd474,0.908337139750313,30056.41,30800.93,True,False
Emergent_asymmetry_awareness_43bc6d,Emergent_chaos_clarity_5810ca,0.9057401946535606,30056.41,30819.1,True,False
Emergent_asymmetry_awareness_43bc6d,Emergent_clarity_ego_dissolution_1aaf2b,0.9081199591438331,30056.41,30819.44,True,False
Emergent_asymmetry_awareness_43bc6d,Emergent_constraint_contradiction_8d2c9c,0.9082255641980088,30056.41,30837.14,True,False
Emergent_asymmetry_awareness_43bc6d,Emergent_analogy_anticipation_33cf9b,0.9079359136250327,30056.41,30855.68,True,False
Emergent_asymmetry_awareness_43bc6d,Emergent_cascade_chaos_81ff1c,0.9085697342908179,30056.41,30876.87,True,False
Emergent_asymmetry_awareness_43bc6d,Emergent_asymmetry_coherence_292c2a,0.9084766820852233,30056.41,30900.43,True,False
Emergent_asymmetry_awareness_43bc6d,Emergent_appears_asymmetry_8ccc17,0.9084883136109225,30056.41,30921.74,True,False
Emergent_asymmetry_awareness_43bc6d,Emergent_asymmetry_concept_910e9d,0.9084883136109225,30056.41,30922.08,True,False
Emergent_asymmetry_awareness_43bc6d,Emergent_autonomy_bounded_6e75db,0.9080543525777602,30056.41,31014.83,True,False
Emergent_asymmetry_awareness_43bc6d,Emergent_bounded_chaos_6978e0,0.9077636855465392,30056.41,31053.17,True,False
Emergent_asymmetry_awareness_43bc6d,Emergent_bounded_contradiction_d8e7d7,0.9073484469305091,30056.41,31073.92,True,False
Emergent_asymmetry_awareness_43bc6d,Emergent_clarity_constraint_bf278c,0.903725146703628,30056.41,31094.63,True,False
Emergent_asymmetry_awareness_43bc6d,Emergent_cascade_chaos_0334fa,0.9051411294275689,30056.41,31094.97,True,False
Emergent_asymmetry_awareness_43bc6d,Emergent_clarity_coherence_e8e60d,0.9016679695890757,30056.41,31115.47,True,False
Emergent_asymmetry_awareness_43bc6d,Emergent_appears_coherence_abdafb,0.9052658482632694,30056.41,31138.27,True,False
Emergent_asymmetry_awareness_43bc6d,Emergent_cascade_coherence_8055bb,0.9036564305815853,30056.41,31138.61,True,False
Emergent_asymmetry_awareness_43bc6d,Emergent_autonomy_boundary_a0c946,0.9034459325429014,30056.41,31163.42,True,False
Emergent_asymmetry_awareness_43bc6d,Emergent_autonomy_coherence_6ec10e,0.9033945482512633,30056.41,31163.76,True,False
Emergent_asymmetry_awareness_43bc6d,Emergent_bounded_coherence_4beae6,0.8723427055090012,30056.41,31188.65,True,False
Emergent_asymmetry_awareness_43bc6d,Emergent_autonomy_boundary_625a34,0.8761137812693649,30056.41,31288.19,True,False
Emergent_asymmetry_awareness_43bc6d,Emergent_asymmetry_autonomy_823326,0.8802242082428824,30056.41,31333.37,True,False
Emergent_asymmetry_awareness_43bc6d,Emergent_autonomy_clarity_d6bec2,0.8808433439019714,30056.41,31356.09,True,False
Emergent_asymmetry_awareness_43bc6d,Emergent_boundary_bounded_d6917c,0.9299999999999999,30056.41,31405.49,True,False
Emergent_asymmetry_awareness_43bc6d,Emergent_bounded_clarity_42b09f,0.9299999999999999,30056.41,31405.83,True,False
Emergent_appears_asymmetry_875f64,Emergent_autonomy_bounded_59bcc5,0.9035416417453441,30056.75,30071.48,True,False
Emergent_appears_asymmetry_875f64,Emergent_autonomy_chaos_ee1900,0.9027494285037676,30056.75,30087.85,True,False
Emergent_appears_asymmetry_875f64,Emergent_asymmetry_chaos_86934e,0.9014423500030033,30056.75,30103.64,True,False
Emergent_appears_asymmetry_875f64,Emergent_appears_bounded_f5c1f1,0.9035416413998951,30056.75,30116.98,True,False
Emergent_appears_asymmetry_875f64,Emergent_bounded_emergence_d3a8f5,0.9035416414307387,30056.75,30131.26,True,False
Emergent_appears_asymmetry_875f64,Emergent_appears_bounded_c59d38,0.9035416410782395,30056.75,30147.09,True,False
Emergent_appears_asymmetry_875f64,Emergent_awareness_identity_27b305,0.9035416411223018,30056.75,30158.04,True,False
Emergent_appears_asymmetry_875f64,Emergent_asymmetry_autonomy_a98557,0.9035416411663644,30056.75,30170.95,True,False
Emergent_appears_asymmetry_875f64,Emergent_awareness_bounded_9977c5,0.9035416407886867,30056.75,30186.32,True,False
Emergent_appears_asymmetry_875f64,Emergent_autonomy_awareness_135ecc,0.9035416400322953,30056.75,30203.0,True,False
Emergent_appears_asymmetry_875f64,Emergent_autonomy_clarity_321c48,0.903541640143573,30056.75,30217.02,True,False
Emergent_appears_asymmetry_875f64,Emergent_autonomy_contradiction_372e7d,0.9035416293657843,30056.75,30233.48,True,False
Emergent_appears_asymmetry_875f64,Emergent_autonomy_contradiction_f42743,0.9035416297326515,30056.75,30233.82,True,False
Emergent_appears_asymmetry_875f64,Emergent_contradiction_emerges_fd4131,0.9035416357456638,30056.75,30250.18,True,False
Emergent_appears_asymmetry_875f64,Emergent_appears_contradiction_eaf6f9,0.9035416354024708,30056.75,30250.52,True,False
Emergent_appears_asymmetry_875f64,Emergent_autonomy_cascade_d60596,0.9035416221730497,30056.75,30281.34,True,False
Emergent_appears_asymmetry_875f64,Emergent_autonomy_clarity_0e59af,0.9035416224338835,30056.75,30295.94,True,False
Emergent_appears_asymmetry_875f64,Emergent_identity_memory_6b5c68,0.9035416505258109,30056.75,30311.62,True,False
Emergent_appears_asymmetry_875f64,Emergent_analogy_anticipation_a29d2b,0.9035416509003351,30056.75,30326.92,True,False
Emergent_appears_asymmetry_875f64,Emergent_bounded_ego_dissolution_9168ce,0.9035416431041179,30056.75,30360.0,True,False
Emergent_appears_asymmetry_875f64,Emergent_boundary_bounded_497fce,0.9033397536976748,30056.75,30375.92,True,False
Emergent_appears_asymmetry_875f64,Emergent_bounded_coherence_40a04d,0.9035416354607675,30056.75,30376.26,True,False
Emergent_appears_asymmetry_875f64,Emergent_appears_asymmetry_b0db07,0.9035416365526747,30056.75,30391.21,True,False
Emergent_appears_asymmetry_875f64,Emergent_asymmetry_boundary_1ae9ed,0.9035416365526747,30056.75,30391.55,True,False
Emergent_appears_asymmetry_875f64,Emergent_boundary_emergence_from_interaction_1084d0,0.9035416271934702,30056.75,30408.19,True,False
Emergent_appears_asymmetry_875f64,Emergent_boundary_chaos_fce1b4,0.9035415915393579,30056.75,30442.57,True,False
Emergent_appears_asymmetry_875f64,Emergent_boundary_cascade_d6e347,0.9035415915393579,30056.75,30442.91,True,False
Emergent_appears_asymmetry_875f64,Emergent_appears_asymmetry_8dba4c,0.9000838790651897,30056.75,30458.19,True,False
Emergent_appears_asymmetry_875f64,Emergent_autonomy_bounded_72bafc,0.9035413932177339,30056.75,30529.29,True,False
Emergent_appears_asymmetry_875f64,Emergent_coherence_contradiction_4a9cd7,0.9035410983861301,30056.75,30565.21,True,False
Emergent_appears_asymmetry_875f64,Emergent_asymmetry_autonomy_ae0f75,0.9035410538682853,30056.75,30618.74,True,False
Emergent_appears_asymmetry_875f64,Emergent_ego_dissolution_identity_6998fa,0.9035360603858693,30056.75,30692.33,True,False
Emergent_appears_asymmetry_875f64,Emergent_autonomy_bounded_5ceb4c,0.9035292209359089,30056.75,30728.01,True,False
Emergent_appears_asymmetry_875f64,Emergent_appears_autonomy_718eb2,0.9035234734989674,30056.75,30746.5,True,False
Emergent_appears_asymmetry_875f64,Emergent_autonomy_boundary_fb8be0,0.9035234734989674,30056.75,30746.84,True,False
Emergent_appears_asymmetry_875f64,Emergent_coherence_ego_dissolution_223195,0.9035138944373986,30056.75,30765.24,True,False
Emergent_appears_asymmetry_875f64,Emergent_appears_cognition_22cb72,0.9035008609899253,30056.75,30800.59,True,False
Emergent_appears_asymmetry_875f64,Emergent_boundary_cascade_bfd474,0.9035013463297621,30056.75,30800.93,True,False
Emergent_appears_asymmetry_875f64,Emergent_chaos_clarity_5810ca,0.9032738106239935,30056.75,30819.1,True,False
Emergent_appears_asymmetry_875f64,Emergent_clarity_ego_dissolution_1aaf2b,0.9032768717059292,30056.75,30819.44,True,False
Emergent_appears_asymmetry_875f64,Emergent_constraint_contradiction_8d2c9c,0.9033767583763166,30056.75,30837.14,True,False
Emergent_appears_asymmetry_875f64,Emergent_analogy_anticipation_33cf9b,0.9031016742161919,30056.75,30855.68,True,False
Emergent_appears_asymmetry_875f64,Emergent_cascade_chaos_81ff1c,0.9037551980379495,30056.75,30876.87,True,False
Emergent_appears_asymmetry_875f64,Emergent_asymmetry_coherence_292c2a,0.9036621458323546,30056.75,30900.43,True,False
Emergent_appears_asymmetry_875f64,Emergent_appears_asymmetry_8ccc17,0.9036737773580539,30056.75,30921.74,True,False
Emergent_appears_asymmetry_875f64,Emergent_asymmetry_concept_910e9d,0.9036737773580539,30056.75,30922.08,True,False
Emergent_appears_asymmetry_875f64,Emergent_autonomy_bounded_6e75db,0.9032398163248914,30056.75,31014.83,True,False
Emergent_appears_asymmetry_875f64,Emergent_bounded_chaos_6978e0,0.9029491492936705,30056.75,31053.17,True,False
Emergent_appears_asymmetry_875f64,Emergent_bounded_contradiction_d8e7d7,0.9025339106776404,30056.75,31073.92,True,False
Emergent_appears_asymmetry_875f64,Emergent_clarity_constraint_bf278c,0.9019407126547405,30056.75,31094.63,True,False
Emergent_appears_asymmetry_875f64,Emergent_cascade_chaos_0334fa,0.9019407126547405,30056.75,31094.97,True,False
Emergent_appears_asymmetry_875f64,Emergent_clarity_coherence_e8e60d,0.8987573935183477,30056.75,31115.47,True,False
Emergent_appears_asymmetry_875f64,Emergent_appears_coherence_abdafb,0.9008793918345166,30056.75,31138.27,True,False
Emergent_appears_asymmetry_875f64,Emergent_cascade_coherence_8055bb,0.9008793918345166,30056.75,31138.61,True,False
Emergent_appears_asymmetry_875f64,Emergent_autonomy_boundary_a0c946,0.8990643752468759,30056.75,31163.42,True,False
Emergent_appears_asymmetry_875f64,Emergent_autonomy_coherence_6ec10e,0.8990157733514266,30056.75,31163.76,True,False
Emergent_appears_asymmetry_875f64,Emergent_bounded_coherence_4beae6,0.8722741313798967,30056.75,31188.65,True,False
Emergent_appears_asymmetry_875f64,Emergent_autonomy_boundary_625a34,0.872726300211613,30056.75,31288.19,True,False
Emergent_appears_asymmetry_875f64,Emergent_asymmetry_autonomy_823326,0.876799882901447,30056.75,31333.37,True,False
Emergent_appears_asymmetry_875f64,Emergent_autonomy_clarity_d6bec2,0.8785662736198241,30056.75,31356.09,True,False
Emergent_appears_asymmetry_875f64,Emergent_boundary_bounded_d6917c,0.9299999999999999,30056.75,31405.49,True,False
Emergent_appears_asymmetry_875f64,Emergent_bounded_clarity_42b09f,0.9299999999999999,30056.75,31405.83,True,False
Emergent_autonomy_bounded_59bcc5,Emergent_autonomy_chaos_ee1900,0.9027494285037676,30071.48,30087.85,True,False
Emergent_autonomy_bounded_59bcc5,Emergent_asymmetry_chaos_86934e,0.9014423500030033,30071.48,30103.64,True,False
Emergent_autonomy_bounded_59bcc5,Emergent_appears_bounded_f5c1f1,0.903858662834246,30071.48,30116.98,True,False
Emergent_autonomy_bounded_59bcc5,Emergent_bounded_emergence_d3a8f5,0.9038586628650898,30071.48,30131.26,True,False
Emergent_autonomy_bounded_59bcc5,Emergent_appears_bounded_c59d38,0.9038586625125904,30071.48,30147.09,True,False
Emergent_autonomy_bounded_59bcc5,Emergent_awareness_identity_27b305,0.9038586625566529,30071.48,30158.04,True,False
Emergent_autonomy_bounded_59bcc5,Emergent_asymmetry_autonomy_a98557,0.9038586626007152,30071.48,30170.95,True,False
Emergent_autonomy_bounded_59bcc5,Emergent_awareness_bounded_9977c5,0.9038586622230376,30071.48,30186.32,True,False
Emergent_autonomy_bounded_59bcc5,Emergent_autonomy_awareness_135ecc,0.9038586614661699,30071.48,30203.0,True,False
Emergent_autonomy_bounded_59bcc5,Emergent_autonomy_clarity_321c48,0.9038586615775277,30071.48,30217.02,True,False
Emergent_autonomy_bounded_59bcc5,Emergent_autonomy_contradiction_372e7d,0.9038586508200364,30071.48,30233.48,True,False
Emergent_autonomy_bounded_59bcc5,Emergent_autonomy_contradiction_f42743,0.9038586511882802,30071.48,30233.82,True,False
Emergent_autonomy_bounded_59bcc5,Emergent_contradiction_emerges_fd4131,0.9038586572238589,30071.48,30250.18,True,False
Emergent_autonomy_bounded_59bcc5,Emergent_appears_contradiction_eaf6f9,0.9038586568793778,30071.48,30250.52,True,False
Emergent_autonomy_bounded_59bcc5,Emergent_autonomy_cascade_d60596,0.9038586436046849,30071.48,30281.34,True,False
Emergent_autonomy_bounded_59bcc5,Emergent_autonomy_clarity_0e59af,0.9038586438659975,30071.48,30295.94,True,False
Emergent_autonomy_bounded_59bcc5,Emergent_identity_memory_6b5c68,0.9038586718922135,30071.48,30311.62,True,False
Emergent_autonomy_bounded_59bcc5,Emergent_analogy_anticipation_a29d2b,0.9038586722667377,30071.48,30326.92,True,False
Emergent_autonomy_bounded_59bcc5,Emergent_bounded_ego_dissolution_9168ce,0.9038586644705202,30071.48,30360.0,True,False
Emergent_autonomy_bounded_59bcc5,Emergent_boundary_bounded_497fce,0.9033397536976748,30071.48,30375.92,True,False
Emergent_autonomy_bounded_59bcc5,Emergent_bounded_coherence_40a04d,0.90385865682717,30071.48,30376.26,True,False
Emergent_autonomy_bounded_59bcc5,Emergent_appears_asymmetry_b0db07,0.903858657919077,30071.48,30391.21,True,False
Emergent_autonomy_bounded_59bcc5,Emergent_asymmetry_boundary_1ae9ed,0.903858657919077,30071.48,30391.55,True,False
Emergent_autonomy_bounded_59bcc5,Emergent_boundary_emergence_from_interaction_1084d0,0.9038586485598727,30071.48,30408.19,True,False
Emergent_autonomy_bounded_59bcc5,Emergent_boundary_chaos_fce1b4,0.9038586129057606,30071.48,30442.57,True,False
Emergent_autonomy_bounded_59bcc5,Emergent_boundary_cascade_d6e347,0.9038586129057606,30071.48,30442.91,True,False
Emergent_autonomy_bounded_59bcc5,Emergent_appears_asymmetry_8dba4c,0.9000838790651897,30071.48,30458.19,True,False
Emergent_autonomy_bounded_59bcc5,Emergent_autonomy_bounded_72bafc,0.9038584145841364,30071.48,30529.29,True,False
Emergent_autonomy_bounded_59bcc5,Emergent_coherence_contradiction_4a9cd7,0.9038581196818458,30071.48,30565.21,True,False
Emergent_autonomy_bounded_59bcc5,Emergent_asymmetry_autonomy_ae0f75,0.9038580701830172,30071.48,30618.74,True,False
Emergent_autonomy_bounded_59bcc5,Emergent_ego_dissolution_identity_6998fa,0.9038530767006012,30071.48,30692.33,True,False
Emergent_autonomy_bounded_59bcc5,Emergent_autonomy_bounded_5ceb4c,0.9038462372506411,30071.48,30728.01,True,False
Emergent_autonomy_bounded_59bcc5,Emergent_appears_autonomy_718eb2,0.9038404898136996,30071.48,30746.5,True,False
Emergent_autonomy_bounded_59bcc5,Emergent_autonomy_boundary_fb8be0,0.9038404898136996,30071.48,30746.84,True,False
Emergent_autonomy_bounded_59bcc5,Emergent_coherence_ego_dissolution_223195,0.9038309107521305,30071.48,30765.24,True,False
Emergent_autonomy_bounded_59bcc5,Emergent_appears_cognition_22cb72,0.9038178672752937,30071.48,30800.59,True,False
Emergent_autonomy_bounded_59bcc5,Emergent_boundary_cascade_bfd474,0.9038183544365681,30071.48,30800.93,True,False
Emergent_autonomy_bounded_59bcc5,Emergent_chaos_clarity_5810ca,0.9035912853986201,30071.48,30819.1,True,False
Emergent_autonomy_bounded_59bcc5,Emergent_clarity_ego_dissolution_1aaf2b,0.903594357968527,30071.48,30819.44,True,False
Emergent_autonomy_bounded_59bcc5,Emergent_constraint_contradiction_8d2c9c,0.9036946195048075,30071.48,30837.14,True,False
Emergent_autonomy_bounded_59bcc5,Emergent_analogy_anticipation_33cf9b,0.9034185804505093,30071.48,30855.68,True,False
Emergent_autonomy_bounded_59bcc5,Emergent_cascade_chaos_81ff1c,0.9040708126413741,30071.48,30876.87,True,False
Emergent_autonomy_bounded_59bcc5,Emergent_asymmetry_coherence_292c2a,0.9039777604357793,30071.48,30900.43,True,False
Emergent_autonomy_bounded_59bcc5,Emergent_appears_asymmetry_8ccc17,0.9039893919614785,30071.48,30921.74,True,False
Emergent_autonomy_bounded_59bcc5,Emergent_asymmetry_concept_910e9d,0.9039893919614785,30071.48,30922.08,True,False
Emergent_autonomy_bounded_59bcc5,Emergent_autonomy_bounded_6e75db,0.903555430928316,30071.48,31014.83,True,False
Emergent_autonomy_bounded_59bcc5,Emergent_bounded_chaos_6978e0,0.9032647638970952,30071.48,31053.17,True,False
Emergent_autonomy_bounded_59bcc5,Emergent_bounded_contradiction_d8e7d7,0.9028495252810653,30071.48,31073.92,True,False
Emergent_autonomy_bounded_59bcc5,Emergent_clarity_constraint_bf278c,0.9022563272581652,30071.48,31094.63,True,False
Emergent_autonomy_bounded_59bcc5,Emergent_cascade_chaos_0334fa,0.9022563272581652,30071.48,31094.97,True,False
Emergent_autonomy_bounded_59bcc5,Emergent_clarity_coherence_e8e60d,0.8991278480058591,30071.48,31115.47,True,False
Emergent_autonomy_bounded_59bcc5,Emergent_appears_coherence_abdafb,0.9011669438714083,30071.48,31138.27,True,False
Emergent_autonomy_bounded_59bcc5,Emergent_cascade_coherence_8055bb,0.9011669438714083,30071.48,31138.61,True,False
Emergent_autonomy_bounded_59bcc5,Emergent_autonomy_boundary_a0c946,0.899351606123483,30071.48,31163.42,True,False
Emergent_autonomy_bounded_59bcc5,Emergent_autonomy_coherence_6ec10e,0.8993028218293926,30071.48,31163.76,True,False
Emergent_autonomy_bounded_59bcc5,Emergent_bounded_coherence_4beae6,0.8723427055090012,30071.48,31188.65,True,False
Emergent_autonomy_bounded_59bcc5,Emergent_autonomy_boundary_625a34,0.87294836489957,30071.48,31288.19,True,False
Emergent_autonomy_bounded_59bcc5,Emergent_asymmetry_autonomy_823326,0.877024362898662,30071.48,31333.37,True,False
Emergent_autonomy_bounded_59bcc5,Emergent_autonomy_clarity_d6bec2,0.8787909464818873,30071.48,31356.09,True,False
Emergent_autonomy_bounded_59bcc5,Emergent_boundary_bounded_d6917c,0.9299999999999999,30071.48,31405.49,True,False
Emergent_autonomy_bounded_59bcc5,Emergent_bounded_clarity_42b09f,0.9299999999999999,30071.48,31405.83,True,False
Emergent_autonomy_chaos_ee1900,Emergent_asymmetry_chaos_86934e,0.9014423500030033,30087.85,30103.64,True,False
Emergent_autonomy_chaos_ee1900,Emergent_appears_bounded_f5c1f1,0.9027494282878619,30087.85,30116.98,True,False
Emergent_autonomy_chaos_ee1900,Emergent_bounded_emergence_d3a8f5,0.9027494283187056,30087.85,30131.26,True,False
Emergent_autonomy_chaos_ee1900,Emergent_appears_bounded_c59d38,0.9027494279662065,30087.85,30147.09,True,False
Emergent_autonomy_chaos_ee1900,Emergent_awareness_identity_27b305,0.9027494280102688,30087.85,30158.04,True,False
Emergent_autonomy_chaos_ee1900,Emergent_asymmetry_autonomy_a98557,0.9027494280543313,30087.85,30170.95,True,False
Emergent_autonomy_chaos_ee1900,Emergent_awareness_bounded_9977c5,0.9027494276766534,30087.85,30186.32,True,False
Emergent_autonomy_chaos_ee1900,Emergent_autonomy_awareness_135ecc,0.9027494269213701,30087.85,30203.0,True,False
Emergent_autonomy_chaos_ee1900,Emergent_autonomy_clarity_321c48,0.9027494270324614,30087.85,30217.02,True,False
Emergent_autonomy_chaos_ee1900,Emergent_autonomy_contradiction_372e7d,0.9027494162074621,30087.85,30233.48,True,False
Emergent_autonomy_chaos_ee1900,Emergent_autonomy_contradiction_f42743,0.9027494165711267,30087.85,30233.82,True,False
Emergent_autonomy_chaos_ee1900,Emergent_contradiction_emerges_fd4131,0.9027494225316506,30087.85,30250.18,True,False
Emergent_autonomy_chaos_ee1900,Emergent_appears_contradiction_eaf6f9,0.9027494221914534,30087.85,30250.52,True,False
Emergent_autonomy_chaos_ee1900,Emergent_autonomy_cascade_d60596,0.9027494090673331,30087.85,30281.34,True,False
Emergent_autonomy_chaos_ee1900,Emergent_autonomy_clarity_0e59af,0.9027494093270534,30087.85,30295.94,True,False
Emergent_autonomy_chaos_ee1900,Emergent_identity_memory_6b5c68,0.9027494375718237,30087.85,30311.62,True,False
Emergent_autonomy_chaos_ee1900,Emergent_analogy_anticipation_a29d2b,0.9027494379463481,30087.85,30326.92,True,False
Emergent_autonomy_chaos_ee1900,Emergent_bounded_ego_dissolution_9168ce,0.9027494301501306,30087.85,30360.0,True,False
Emergent_autonomy_chaos_ee1900,Emergent_boundary_bounded_497fce,0.9027494225067803,30087.85,30375.92,True,False
Emergent_autonomy_chaos_ee1900,Emergent_bounded_coherence_40a04d,0.9027494225067803,30087.85,30376.26,True,False
Emergent_autonomy_chaos_ee1900,Emergent_appears_asymmetry_b0db07,0.9027494235986875,30087.85,30391.21,True,False
Emergent_autonomy_chaos_ee1900,Emergent_asymmetry_boundary_1ae9ed,0.9027494235986875,30087.85,30391.55,True,False
Emergent_autonomy_chaos_ee1900,Emergent_boundary_emergence_from_interaction_1084d0,0.9027494142394832,30087.85,30408.19,True,False
Emergent_autonomy_chaos_ee1900,Emergent_boundary_chaos_fce1b4,0.9027493785853709,30087.85,30442.57,True,False
Emergent_autonomy_chaos_ee1900,Emergent_boundary_cascade_d6e347,0.9027493785853709,30087.85,30442.91,True,False
Emergent_autonomy_chaos_ee1900,Emergent_appears_asymmetry_8dba4c,0.9000838790651897,30087.85,30458.19,True,False
Emergent_autonomy_chaos_ee1900,Emergent_autonomy_bounded_72bafc,0.9027491802637468,30087.85,30529.29,True,False
Emergent_autonomy_chaos_ee1900,Emergent_coherence_contradiction_4a9cd7,0.9027488855965577,30087.85,30565.21,True,False
Emergent_autonomy_chaos_ee1900,Emergent_asymmetry_autonomy_ae0f75,0.9027488526643279,30087.85,30618.74,True,False
Emergent_autonomy_chaos_ee1900,Emergent_ego_dissolution_identity_6998fa,0.9027438591819119,30087.85,30692.33,True,False
Emergent_autonomy_chaos_ee1900,Emergent_autonomy_bounded_5ceb4c,0.9027370197319515,30087.85,30728.01,True,False
Emergent_autonomy_chaos_ee1900,Emergent_appears_autonomy_718eb2,0.9027312722950103,30087.85,30746.5,True,False
Emergent_autonomy_chaos_ee1900,Emergent_autonomy_boundary_fb8be0,0.9027312722950103,30087.85,30746.84,True,False
Emergent_autonomy_chaos_ee1900,Emergent_coherence_ego_dissolution_223195,0.9027216932334412,30087.85,30765.24,True,False
Emergent_autonomy_chaos_ee1900,Emergent_appears_cognition_22cb72,0.9027086831139588,30087.85,30800.59,True,False
Emergent_autonomy_chaos_ee1900,Emergent_boundary_cascade_bfd474,0.9027091642171876,30087.85,30800.93,True,False
Emergent_autonomy_chaos_ee1900,Emergent_chaos_clarity_5810ca,0.9024805430564493,30087.85,30819.1,True,False
Emergent_autonomy_chaos_ee1900,Emergent_clarity_ego_dissolution_1aaf2b,0.9024835774177176,30087.85,30819.44,True,False
Emergent_autonomy_chaos_ee1900,Emergent_constraint_contradiction_8d2c9c,0.9025825921615895,30087.85,30837.14,True,False
Emergent_autonomy_chaos_ee1900,Emergent_analogy_anticipation_33cf9b,0.9023097290558868,30087.85,30855.68,True,False
Emergent_autonomy_chaos_ee1900,Emergent_cascade_chaos_81ff1c,0.9029662571712989,30087.85,30876.87,True,False
Emergent_autonomy_chaos_ee1900,Emergent_asymmetry_coherence_292c2a,0.9028732049657038,30087.85,30900.43,True,False
Emergent_autonomy_chaos_ee1900,Emergent_appears_asymmetry_8ccc17,0.9028848364914033,30087.85,30921.74,True,False
Emergent_autonomy_chaos_ee1900,Emergent_asymmetry_concept_910e9d,0.9028848364914033,30087.85,30922.08,True,False
Emergent_autonomy_chaos_ee1900,Emergent_autonomy_bounded_6e75db,0.9024508754582408,30087.85,31014.83,True,False
Emergent_autonomy_chaos_ee1900,Emergent_bounded_chaos_6978e0,0.9021602084270197,30087.85,31053.17,True,False
Emergent_autonomy_chaos_ee1900,Emergent_bounded_contradiction_d8e7d7,0.9017449698109898,30087.85,31073.92,True,False
Emergent_autonomy_chaos_ee1900,Emergent_clarity_constraint_bf278c,0.9011517717880897,30087.85,31094.63,True,False
Emergent_autonomy_chaos_ee1900,Emergent_cascade_chaos_0334fa,0.9011517717880897,30087.85,31094.97,True,False
Emergent_autonomy_chaos_ee1900,Emergent_clarity_coherence_e8e60d,0.8978408967712235,30087.85,31115.47,True,False
Emergent_autonomy_chaos_ee1900,Emergent_appears_coherence_abdafb,0.9000460615831185,30087.85,31138.27,True,False
Emergent_autonomy_chaos_ee1900,Emergent_cascade_coherence_8055bb,0.9000460615831185,30087.85,31138.61,True,False
Emergent_autonomy_chaos_ee1900,Emergent_autonomy_boundary_a0c946,0.8983962850790197,30087.85,31163.42,True,False
Emergent_autonomy_chaos_ee1900,Emergent_autonomy_coherence_6ec10e,0.8983481074371891,30087.85,31163.76,True,False
Emergent_autonomy_chaos_ee1900,Emergent_bounded_coherence_4beae6,0.8713814630877961,30087.85,31188.65,True,False
Emergent_autonomy_chaos_ee1900,Emergent_autonomy_boundary_625a34,0.8722097845904349,30087.85,31288.19,True,False
Emergent_autonomy_chaos_ee1900,Emergent_asymmetry_autonomy_823326,0.8762777493453644,30087.85,31333.37,True,False
Emergent_autonomy_chaos_ee1900,Emergent_autonomy_clarity_d6bec2,0.8780436914660474,30087.85,31356.09,True,False
Emergent_autonomy_chaos_ee1900,Emergent_boundary_bounded_d6917c,0.9299999999999999,30087.85,31405.49,True,False
Emergent_autonomy_chaos_ee1900,Emergent_bounded_clarity_42b09f,0.9299999999999999,30087.85,31405.83,True,False
Emergent_asymmetry_chaos_86934e,Emergent_appears_bounded_f5c1f1,0.9014423493552861,30103.64,30116.98,True,False
Emergent_asymmetry_chaos_86934e,Emergent_bounded_emergence_d3a8f5,0.9014423493861299,30103.64,30131.26,True,False
Emergent_asymmetry_chaos_86934e,Emergent_appears_bounded_c59d38,0.9014423497121917,30103.64,30147.09,True,False
Emergent_asymmetry_chaos_86934e,Emergent_awareness_identity_27b305,0.901442349756254,30103.64,30158.04,True,False
Emergent_asymmetry_chaos_86934e,Emergent_asymmetry_autonomy_a98557,0.9014423498003163,30103.64,30170.95,True,False
Emergent_asymmetry_chaos_86934e,Emergent_awareness_bounded_9977c5,0.9014423494226387,30103.64,30186.32,True,False
Emergent_asymmetry_chaos_86934e,Emergent_autonomy_awareness_135ecc,0.9014423486690724,30103.64,30203.0,True,False
Emergent_asymmetry_chaos_86934e,Emergent_autonomy_clarity_321c48,0.9014423487798746,30103.64,30217.02,True,False
Emergent_asymmetry_chaos_86934e,Emergent_autonomy_contradiction_372e7d,0.9014423378817185,30103.64,30233.48,True,False
Emergent_asymmetry_chaos_86934e,Emergent_autonomy_contradiction_f42743,0.9014423382404206,30103.64,30233.82,True,False
Emergent_asymmetry_chaos_86934e,Emergent_contradiction_emerges_fd4131,0.9014423441196093,30103.64,30250.18,True,False
Emergent_asymmetry_chaos_86934e,Emergent_appears_contradiction_eaf6f9,0.9014423437840544,30103.64,30250.52,True,False
Emergent_asymmetry_chaos_86934e,Emergent_autonomy_cascade_d60596,0.9014423308231063,30103.64,30281.34,True,False
Emergent_asymmetry_chaos_86934e,Emergent_autonomy_clarity_0e59af,0.9014423310811011,30103.64,30295.94,True,False
Emergent_asymmetry_chaos_86934e,Emergent_identity_memory_6b5c68,0.9014423595627137,30103.64,30311.62,True,False
Emergent_asymmetry_chaos_86934e,Emergent_analogy_anticipation_a29d2b,0.9014423599372379,30103.64,30326.92,True,False
Emergent_asymmetry_chaos_86934e,Emergent_bounded_ego_dissolution_9168ce,0.9014423521410204,30103.64,30360.0,True,False
Emergent_asymmetry_chaos_86934e,Emergent_boundary_bounded_497fce,0.9014423444976702,30103.64,30375.92,True,False
Emergent_asymmetry_chaos_86934e,Emergent_bounded_coherence_40a04d,0.9014423444976702,30103.64,30376.26,True,False
Emergent_asymmetry_chaos_86934e,Emergent_appears_asymmetry_b0db07,0.9014423455895773,30103.64,30391.21,True,False
Emergent_asymmetry_chaos_86934e,Emergent_asymmetry_boundary_1ae9ed,0.9014423455895773,30103.64,30391.55,True,False
Emergent_asymmetry_chaos_86934e,Emergent_boundary_emergence_from_interaction_1084d0,0.901442336230373,30103.64,30408.19,True,False
Emergent_asymmetry_chaos_86934e,Emergent_boundary_chaos_fce1b4,0.9014423005762606,30103.64,30442.57,True,False
Emergent_asymmetry_chaos_86934e,Emergent_boundary_cascade_d6e347,0.9014423005762606,30103.64,30442.91,True,False
Emergent_asymmetry_chaos_86934e,Emergent_appears_asymmetry_8dba4c,0.9000838790651897,30103.64,30458.19,True,False
Emergent_asymmetry_chaos_86934e,Emergent_autonomy_bounded_72bafc,0.9014421022546366,30103.64,30529.29,True,False
Emergent_asymmetry_chaos_86934e,Emergent_coherence_contradiction_4a9cd7,0.9014418078422213,30103.64,30565.21,True,False
Emergent_asymmetry_chaos_86934e,Emergent_asymmetry_autonomy_ae0f75,0.9014417928628102,30103.64,30618.74,True,False
Emergent_asymmetry_chaos_86934e,Emergent_ego_dissolution_identity_6998fa,0.9014367993803942,30103.64,30692.33,True,False
Emergent_asymmetry_chaos_86934e,Emergent_autonomy_bounded_5ceb4c,0.9014299599304338,30103.64,30728.01,True,False
Emergent_asymmetry_chaos_86934e,Emergent_appears_autonomy_718eb2,0.9014242124934924,30103.64,30746.5,True,False
Emergent_asymmetry_chaos_86934e,Emergent_autonomy_boundary_fb8be0,0.9014242124934924,30103.64,30746.84,True,False
Emergent_asymmetry_chaos_86934e,Emergent_coherence_ego_dissolution_223195,0.9014146334319235,30103.64,30765.24,True,False
Emergent_asymmetry_chaos_86934e,Emergent_appears_cognition_22cb72,0.9014016594609917,30103.64,30800.59,True,False
Emergent_asymmetry_chaos_86934e,Emergent_boundary_cascade_bfd474,0.9014021339992642,30103.64,30800.93,True,False
Emergent_asymmetry_chaos_86934e,Emergent_chaos_clarity_5810ca,0.9011718308409584,30103.64,30819.1,True,False
Emergent_asymmetry_chaos_86934e,Emergent_clarity_ego_dissolution_1aaf2b,0.9011748237964579,30103.64,30819.44,True,False
Emergent_asymmetry_chaos_86934e,Emergent_constraint_contradiction_8d2c9c,0.9012724874218414,30103.64,30837.14,True,False
Emergent_asymmetry_chaos_86934e,Emergent_analogy_anticipation_33cf9b,0.90100306601408,30103.64,30855.68,True,False
Emergent_asymmetry_chaos_86934e,Emergent_cascade_chaos_81ff1c,0.901664249518024,30103.64,30876.87,True,False
Emergent_asymmetry_chaos_86934e,Emergent_asymmetry_coherence_292c2a,0.9015711973124292,30103.64,30900.43,True,False
Emergent_asymmetry_chaos_86934e,Emergent_appears_asymmetry_8ccc17,0.9015828288381285,30103.64,30921.74,True,False
Emergent_asymmetry_chaos_86934e,Emergent_asymmetry_concept_910e9d,0.9015828288381285,30103.64,30922.08,True,False
Emergent_asymmetry_chaos_86934e,Emergent_autonomy_bounded_6e75db,0.901148867804966,30103.64,31014.83,True,False
Emergent_asymmetry_chaos_86934e,Emergent_bounded_chaos_6978e0,0.9008582007737451,30103.64,31053.17,True,False
Emergent_asymmetry_chaos_86934e,Emergent_bounded_contradiction_d8e7d7,0.9004429621577152,30103.64,31073.92,True,False
Emergent_asymmetry_chaos_86934e,Emergent_clarity_constraint_bf278c,0.8998497641348151,30103.64,31094.63,True,False
Emergent_asymmetry_chaos_86934e,Emergent_cascade_chaos_0334fa,0.8998497641348151,30103.64,31094.97,True,False
Emergent_asymmetry_chaos_86934e,Emergent_clarity_coherence_e8e60d,0.8963412312816987,30103.64,31115.47,True,False
Emergent_asymmetry_chaos_86934e,Emergent_appears_coherence_abdafb,0.8985163052320666,30103.64,31138.27,True,False
Emergent_asymmetry_chaos_86934e,Emergent_cascade_coherence_8055bb,0.8985163052320666,30103.64,31138.61,True,False
Emergent_asymmetry_chaos_86934e,Emergent_autonomy_boundary_a0c946,0.897361026990499,30103.64,31163.42,True,False
Emergent_asymmetry_chaos_86934e,Emergent_autonomy_coherence_6ec10e,0.8973135067629081,30103.64,31163.76,True,False
Emergent_asymmetry_chaos_86934e,Emergent_bounded_coherence_4beae6,0.8699982035904614,30103.64,31188.65,True,False
Emergent_asymmetry_chaos_86934e,Emergent_autonomy_boundary_625a34,0.8714094031443382,30103.64,31288.19,True,False
Emergent_asymmetry_chaos_86934e,Emergent_asymmetry_autonomy_823326,0.8754686624687273,30103.64,31333.37,True,False
Emergent_asymmetry_chaos_86934e,Emergent_autonomy_clarity_d6bec2,0.8772339094521169,30103.64,31356.09,True,False
Emergent_asymmetry_chaos_86934e,Emergent_boundary_bounded_d6917c,0.9299999999999999,30103.64,31405.49,True,False
Emergent_asymmetry_chaos_86934e,Emergent_bounded_clarity_42b09f,0.9299999999999999,30103.64,31405.83,True,False
Emergent_appears_bounded_f5c1f1,Emergent_bounded_emergence_d3a8f5,0.9047792469624611,30116.98,30131.26,True,False
Emergent_appears_bounded_f5c1f1,Emergent_appears_bounded_c59d38,0.9047792472576792,30116.98,30147.09,True,False
Emergent_appears_bounded_f5c1f1,Emergent_awareness_identity_27b305,0.9047792473017415,30116.98,30158.04,True,False
Emergent_appears_bounded_f5c1f1,Emergent_asymmetry_autonomy_a98557,0.9047792473458041,30116.98,30170.95,True,False
Emergent_appears_bounded_f5c1f1,Emergent_awareness_bounded_9977c5,0.9047792469681264,30116.98,30186.32,True,False
Emergent_appears_bounded_f5c1f1,Emergent_autonomy_awareness_135ecc,0.9047792462098754,30116.98,30203.0,True,False
Emergent_appears_bounded_f5c1f1,Emergent_autonomy_clarity_321c48,0.9047792463214659,30116.98,30217.02,True,False
Emergent_appears_bounded_f5c1f1,Emergent_autonomy_contradiction_372e7d,0.9047792356229147,30116.98,30233.48,True,False
Emergent_appears_bounded_f5c1f1,Emergent_autonomy_contradiction_f42743,0.9047792359951567,30116.98,30233.82,True,False
Emergent_appears_bounded_f5c1f1,Emergent_contradiction_emerges_fd4131,0.9047792420962648,30116.98,30250.18,True,False
Emergent_appears_bounded_f5c1f1,Emergent_appears_contradiction_eaf6f9,0.9047792417480436,30116.98,30250.52,True,False
Emergent_appears_bounded_f5c1f1,Emergent_autonomy_cascade_d60596,0.9047792283418876,30116.98,30281.34,True,False
Emergent_appears_bounded_f5c1f1,Emergent_autonomy_clarity_0e59af,0.9047792286045904,30116.98,30295.94,True,False
Emergent_appears_bounded_f5c1f1,Emergent_identity_memory_6b5c68,0.9047792564399897,30116.98,30311.62,True,False
Emergent_appears_bounded_f5c1f1,Emergent_analogy_anticipation_a29d2b,0.9047792568145137,30116.98,30326.92,True,False
Emergent_appears_bounded_f5c1f1,Emergent_bounded_ego_dissolution_9168ce,0.9047792490182964,30116.98,30360.0,True,False
Emergent_appears_bounded_f5c1f1,Emergent_boundary_bounded_497fce,0.9033397536976748,30116.98,30375.92,True,False
Emergent_appears_bounded_f5c1f1,Emergent_bounded_coherence_40a04d,0.904779241374946,30116.98,30376.26,True,False
Emergent_appears_bounded_f5c1f1,Emergent_appears_asymmetry_b0db07,0.9047792424668533,30116.98,30391.21,True,False
Emergent_appears_bounded_f5c1f1,Emergent_asymmetry_boundary_1ae9ed,0.9047792424668533,30116.98,30391.55,True,False
Emergent_appears_bounded_f5c1f1,Emergent_boundary_emergence_from_interaction_1084d0,0.9047792331076487,30116.98,30408.19,True,False
Emergent_appears_bounded_f5c1f1,Emergent_boundary_chaos_fce1b4,0.9047791974535366,30116.98,30442.57,True,False
Emergent_appears_bounded_f5c1f1,Emergent_boundary_cascade_d6e347,0.9047791974535366,30116.98,30442.91,True,False
Emergent_appears_bounded_f5c1f1,Emergent_appears_asymmetry_8dba4c,0.9000838790651897,30116.98,30458.19,True,False
Emergent_appears_bounded_f5c1f1,Emergent_autonomy_bounded_72bafc,0.9047789991319124,30116.98,30529.29,True,False
Emergent_appears_bounded_f5c1f1,Emergent_coherence_contradiction_4a9cd7,0.9047787040243584,30116.98,30565.21,True,False
Emergent_appears_bounded_f5c1f1,Emergent_asymmetry_autonomy_ae0f75,0.9047786400614675,30116.98,30618.74,True,False
Emergent_appears_bounded_f5c1f1,Emergent_ego_dissolution_identity_6998fa,0.9047736465790515,30116.98,30692.33,True,False
Emergent_appears_bounded_f5c1f1,Emergent_autonomy_bounded_5ceb4c,0.9047668071290911,30116.98,30728.01,True,False
Emergent_appears_bounded_f5c1f1,Emergent_appears_autonomy_718eb2,0.9047610596921496,30116.98,30746.5,True,False
Emergent_appears_bounded_f5c1f1,Emergent_autonomy_boundary_fb8be0,0.9047610596921496,30116.98,30746.84,True,False
Emergent_appears_bounded_f5c1f1,Emergent_coherence_ego_dissolution_223195,0.9047514806305808,30116.98,30765.24,True,False
Emergent_appears_bounded_f5c1f1,Emergent_appears_cognition_22cb72,0.9041194716584988,30116.98,30800.59,True,False
Emergent_appears_bounded_f5c1f1,Emergent_boundary_cascade_bfd474,0.9047389004803794,30116.98,30800.93,True,False
Emergent_appears_bounded_f5c1f1,Emergent_chaos_clarity_5810ca,0.9045131865788036,30116.98,30819.1,True,False
Emergent_appears_bounded_f5c1f1,Emergent_clarity_ego_dissolution_1aaf2b,0.9045162925081307,30116.98,30819.44,True,False
Emergent_appears_bounded_f5c1f1,Emergent_constraint_contradiction_8d2c9c,0.9046176426011618,30116.98,30837.14,True,False
Emergent_appears_bounded_f5c1f1,Emergent_analogy_anticipation_33cf9b,0.9043388306712348,30116.98,30855.68,True,False
Emergent_appears_bounded_f5c1f1,Emergent_cascade_chaos_81ff1c,0.9049873121513674,30116.98,30876.87,True,False
Emergent_appears_bounded_f5c1f1,Emergent_asymmetry_coherence_292c2a,0.9048942599457728,30116.98,30900.43,True,False
Emergent_appears_bounded_f5c1f1,Emergent_appears_asymmetry_8ccc17,0.9049058914714718,30116.98,30921.74,True,False
Emergent_appears_bounded_f5c1f1,Emergent_asymmetry_concept_910e9d,0.9049058914714718,30116.98,30922.08,True,False
Emergent_appears_bounded_f5c1f1,Emergent_autonomy_bounded_6e75db,0.9044719304383095,30116.98,31014.83,True,False
Emergent_appears_bounded_f5c1f1,Emergent_bounded_chaos_6978e0,0.9041812634070885,30116.98,31053.17,True,False
Emergent_appears_bounded_f5c1f1,Emergent_bounded_contradiction_d8e7d7,0.9037660247910584,30116.98,31073.92,True,False
Emergent_appears_bounded_f5c1f1,Emergent_clarity_constraint_bf278c,0.9031728267681585,30116.98,31094.63,True,False
Emergent_appears_bounded_f5c1f1,Emergent_cascade_chaos_0334fa,0.9031728267681585,30116.98,31094.97,True,False
Emergent_appears_bounded_f5c1f1,Emergent_clarity_coherence_e8e60d,0.9002035946683868,30116.98,31115.47,True,False
Emergent_appears_bounded_f5c1f1,Emergent_appears_coherence_abdafb,0.9020019537158483,30116.98,31138.27,True,False
Emergent_appears_bounded_f5c1f1,Emergent_cascade_coherence_8055bb,0.9020019537158483,30116.98,31138.61,True,False
Emergent_appears_bounded_f5c1f1,Emergent_autonomy_boundary_a0c946,0.900185683364551,30116.98,31163.42,True,False
Emergent_appears_bounded_f5c1f1,Emergent_autonomy_coherence_6ec10e,0.9001363694109858,30116.98,31163.76,True,False
Emergent_appears_bounded_f5c1f1,Emergent_bounded_coherence_4beae6,0.8723427055090012,30116.98,31188.65,True,False
Emergent_appears_bounded_f5c1f1,Emergent_autonomy_boundary_625a34,0.8735932088817273,30116.98,31288.19,True,False
Emergent_appears_bounded_f5c1f1,Emergent_asymmetry_autonomy_823326,0.8776762205922481,30116.98,31333.37,True,False
Emergent_appears_bounded_f5c1f1,Emergent_autonomy_clarity_d6bec2,0.8794433642273125,30116.98,31356.09,True,False
Emergent_appears_bounded_f5c1f1,Emergent_boundary_bounded_d6917c,0.9299999999999999,30116.98,31405.49,True,False
Emergent_appears_bounded_f5c1f1,Emergent_bounded_clarity_42b09f,0.9299999999999999,30116.98,31405.83,True,False
Emergent_bounded_emergence_d3a8f5,Emergent_appears_bounded_c59d38,0.9096626404343986,30131.26,30147.09,True,False
Emergent_bounded_emergence_d3a8f5,Emergent_awareness_identity_27b305,0.9103847659815747,30131.26,30158.04,True,False
Emergent_bounded_emergence_d3a8f5,Emergent_asymmetry_autonomy_a98557,0.9103847660256372,30131.26,30170.95,True,False
Emergent_bounded_emergence_d3a8f5,Emergent_awareness_bounded_9977c5,0.9087044653437577,30131.26,30186.32,True,False
Emergent_bounded_emergence_d3a8f5,Emergent_autonomy_awareness_135ecc,0.9103847648812857,30131.26,30203.0,True,False
Emergent_bounded_emergence_d3a8f5,Emergent_autonomy_clarity_321c48,0.9103847649942933,30131.26,30217.02,True,False
Emergent_bounded_emergence_d3a8f5,Emergent_autonomy_contradiction_372e7d,0.9067410544440591,30131.26,30233.48,True,False
Emergent_bounded_emergence_d3a8f5,Emergent_autonomy_contradiction_f42743,0.9103847550512214,30131.26,30233.82,True,False
Emergent_bounded_emergence_d3a8f5,Emergent_contradiction_emerges_fd4131,0.9103847615513427,30131.26,30250.18,True,False
Emergent_bounded_emergence_d3a8f5,Emergent_appears_contradiction_eaf6f9,0.904863355570483,30131.26,30250.52,True,False
Emergent_bounded_emergence_d3a8f5,Emergent_autonomy_cascade_d60596,0.9056898594061995,30131.26,30281.34,True,False
Emergent_bounded_emergence_d3a8f5,Emergent_autonomy_clarity_0e59af,0.9069673661776765,30131.26,30295.94,True,False
Emergent_bounded_emergence_d3a8f5,Emergent_identity_memory_6b5c68,0.9103847739183701,30131.26,30311.62,True,False
Emergent_bounded_emergence_d3a8f5,Emergent_analogy_anticipation_a29d2b,0.9089661827608491,30131.26,30326.92,True,False
Emergent_bounded_emergence_d3a8f5,Emergent_bounded_ego_dissolution_9168ce,0.9048368526624186,30131.26,30360.0,True,False
Emergent_bounded_emergence_d3a8f5,Emergent_boundary_bounded_497fce,0.9033397536976748,30131.26,30375.92,True,False
Emergent_bounded_emergence_d3a8f5,Emergent_bounded_coherence_40a04d,0.9071954793662347,30131.26,30376.26,True,False
Emergent_bounded_emergence_d3a8f5,Emergent_appears_asymmetry_b0db07,0.9103847599452337,30131.26,30391.21,True,False
Emergent_bounded_emergence_d3a8f5,Emergent_asymmetry_boundary_1ae9ed,0.9103847599452337,30131.26,30391.55,True,False
Emergent_bounded_emergence_d3a8f5,Emergent_boundary_emergence_from_interaction_1084d0,0.9103847505860292,30131.26,30408.19,True,False
Emergent_bounded_emergence_d3a8f5,Emergent_boundary_chaos_fce1b4,0.9077852100770305,30131.26,30442.57,True,False
Emergent_bounded_emergence_d3a8f5,Emergent_boundary_cascade_d6e347,0.9080684311752267,30131.26,30442.91,True,False
Emergent_bounded_emergence_d3a8f5,Emergent_appears_asymmetry_8dba4c,0.9000838790651897,30131.26,30458.19,True,False
Emergent_bounded_emergence_d3a8f5,Emergent_autonomy_bounded_72bafc,0.9103845166102928,30131.26,30529.29,True,False
Emergent_bounded_emergence_d3a8f5,Emergent_coherence_contradiction_4a9cd7,0.9073746382881207,30131.26,30565.21,True,False
Emergent_bounded_emergence_d3a8f5,Emergent_asymmetry_autonomy_ae0f75,0.9070664151427237,30131.26,30618.74,True,False
Emergent_bounded_emergence_d3a8f5,Emergent_ego_dissolution_identity_6998fa,0.9073151131608346,30131.26,30692.33,True,False
Emergent_bounded_emergence_d3a8f5,Emergent_autonomy_bounded_5ceb4c,0.9103722352846997,30131.26,30728.01,True,False
Emergent_bounded_emergence_d3a8f5,Emergent_appears_autonomy_718eb2,0.9103664878477584,30131.26,30746.5,True,False
Emergent_bounded_emergence_d3a8f5,Emergent_autonomy_boundary_fb8be0,0.9074749391608234,30131.26,30746.84,True,False
Emergent_bounded_emergence_d3a8f5,Emergent_coherence_ego_dissolution_223195,0.9101464838740949,30131.26,30765.24,True,False
Emergent_bounded_emergence_d3a8f5,Emergent_appears_cognition_22cb72,0.9041194716584988,30131.26,30800.59,True,False
Emergent_bounded_emergence_d3a8f5,Emergent_boundary_cascade_bfd474,0.9103441835048478,30131.26,30800.93,True,False
Emergent_bounded_emergence_d3a8f5,Emergent_chaos_clarity_5810ca,0.9057401946535606,30131.26,30819.1,True,False
Emergent_bounded_emergence_d3a8f5,Emergent_clarity_ego_dissolution_1aaf2b,0.9090899214317274,30131.26,30819.44,True,False
Emergent_bounded_emergence_d3a8f5,Emergent_constraint_contradiction_8d2c9c,0.9096676056628359,30131.26,30837.14,True,False
Emergent_bounded_emergence_d3a8f5,Emergent_analogy_anticipation_33cf9b,0.9099423124038153,30131.26,30855.68,True,False
Emergent_bounded_emergence_d3a8f5,Emergent_cascade_chaos_81ff1c,0.9090259554791746,30131.26,30876.87,True,False
Emergent_bounded_emergence_d3a8f5,Emergent_asymmetry_coherence_292c2a,0.9104749032822319,30131.26,30900.43,True,False
Emergent_bounded_emergence_d3a8f5,Emergent_appears_asymmetry_8ccc17,0.910232177867401,30131.26,30921.74,True,False
Emergent_bounded_emergence_d3a8f5,Emergent_asymmetry_concept_910e9d,0.9104865348079312,30131.26,30922.08,True,False
Emergent_bounded_emergence_d3a8f5,Emergent_autonomy_bounded_6e75db,0.9096769455572447,30131.26,31014.83,True,False
Emergent_bounded_emergence_d3a8f5,Emergent_bounded_chaos_6978e0,0.9097619067435478,30131.26,31053.17,True,False
Emergent_bounded_emergence_d3a8f5,Emergent_bounded_contradiction_d8e7d7,0.909346668127518,30131.26,31073.92,True,False
Emergent_bounded_emergence_d3a8f5,Emergent_clarity_constraint_bf278c,0.903725146703628,30131.26,31094.63,True,False
Emergent_bounded_emergence_d3a8f5,Emergent_cascade_chaos_0334fa,0.9051411294275689,30131.26,31094.97,True,False
Emergent_bounded_emergence_d3a8f5,Emergent_clarity_coherence_e8e60d,0.9016679695890757,30131.26,31115.47,True,False
Emergent_bounded_emergence_d3a8f5,Emergent_appears_coherence_abdafb,0.9070863995594542,30131.26,31138.27,True,False
Emergent_bounded_emergence_d3a8f5,Emergent_cascade_coherence_8055bb,0.9036564305815853,30131.26,31138.61,True,False
Emergent_bounded_emergence_d3a8f5,Emergent_autonomy_boundary_a0c946,0.9052644505070377,30131.26,31163.42,True,False
Emergent_bounded_emergence_d3a8f5,Emergent_autonomy_coherence_6ec10e,0.9052119114119561,30131.26,31163.76,True,False
Emergent_bounded_emergence_d3a8f5,Emergent_bounded_coherence_4beae6,0.8723427055090012,30131.26,31188.65,True,False
Emergent_bounded_emergence_d3a8f5,Emergent_autonomy_boundary_625a34,0.8775197186428829,30131.26,31288.19,True,False
Emergent_bounded_emergence_d3a8f5,Emergent_asymmetry_autonomy_823326,0.8816454374378302,30131.26,31333.37,True,False
Emergent_bounded_emergence_d3a8f5,Emergent_autonomy_clarity_d6bec2,0.8808433439019714,30131.26,31356.09,True,False
Emergent_bounded_emergence_d3a8f5,Emergent_boundary_bounded_d6917c,0.9299999999999999,30131.26,31405.49,True,False
Emergent_bounded_emergence_d3a8f5,Emergent_bounded_clarity_42b09f,0.9299999999999999,30131.26,31405.83,True,False
Emergent_appears_bounded_c59d38,Emergent_awareness_identity_27b305,0.9096626395090883,30147.09,30158.04,True,False
Emergent_appears_bounded_c59d38,Emergent_asymmetry_autonomy_a98557,0.9096626395531509,30147.09,30170.95,True,False
Emergent_appears_bounded_c59d38,Emergent_awareness_bounded_9977c5,0.9087044653437577,30147.09,30186.32,True,False
Emergent_appears_bounded_c59d38,Emergent_autonomy_awareness_135ecc,0.9096626393792571,30147.09,30203.0,True,False
Emergent_appears_bounded_c59d38,Emergent_autonomy_clarity_321c48,0.9096626394920819,30147.09,30217.02,True,False
Emergent_appears_bounded_c59d38,Emergent_autonomy_contradiction_372e7d,0.9067410544440591,30147.09,30233.48,True,False
Emergent_appears_bounded_c59d38,Emergent_autonomy_contradiction_f42743,0.9096626294996399,30147.09,30233.82,True,False
Emergent_appears_bounded_c59d38,Emergent_contradiction_emerges_fd4131,0.9096626359483588,30147.09,30250.18,True,False
Emergent_appears_bounded_c59d38,Emergent_appears_contradiction_eaf6f9,0.904863355570483,30147.09,30250.52,True,False
Emergent_appears_bounded_c59d38,Emergent_autonomy_cascade_d60596,0.9056898594061995,30147.09,30281.34,True,False
Emergent_appears_bounded_c59d38,Emergent_autonomy_clarity_0e59af,0.9069673661776765,30147.09,30295.94,True,False
Emergent_appears_bounded_c59d38,Emergent_identity_memory_6b5c68,0.9096626485700321,30147.09,30311.62,True,False
Emergent_appears_bounded_c59d38,Emergent_analogy_anticipation_a29d2b,0.9089661827608491,30147.09,30326.92,True,False
Emergent_appears_bounded_c59d38,Emergent_bounded_ego_dissolution_9168ce,0.9048368526624186,30147.09,30360.0,True,False
Emergent_appears_bounded_c59d38,Emergent_boundary_bounded_497fce,0.9033397536976748,30147.09,30375.92,True,False
Emergent_appears_bounded_c59d38,Emergent_bounded_coherence_40a04d,0.9071954793662347,30147.09,30376.26,True,False
Emergent_appears_bounded_c59d38,Emergent_appears_asymmetry_b0db07,0.9096626345968959,30147.09,30391.21,True,False
Emergent_appears_bounded_c59d38,Emergent_asymmetry_boundary_1ae9ed,0.9096626345968959,30147.09,30391.55,True,False
Emergent_appears_bounded_c59d38,Emergent_boundary_emergence_from_interaction_1084d0,0.9096626252376914,30147.09,30408.19,True,False
Emergent_appears_bounded_c59d38,Emergent_boundary_chaos_fce1b4,0.9077852100770305,30147.09,30442.57,True,False
Emergent_appears_bounded_c59d38,Emergent_boundary_cascade_d6e347,0.9080684311752267,30147.09,30442.91,True,False
Emergent_appears_bounded_c59d38,Emergent_appears_asymmetry_8dba4c,0.9000838790651897,30147.09,30458.19,True,False
Emergent_appears_bounded_c59d38,Emergent_autonomy_bounded_72bafc,0.909662391261955,30147.09,30529.29,True,False
Emergent_appears_bounded_c59d38,Emergent_coherence_contradiction_4a9cd7,0.9073746382881207,30147.09,30565.21,True,False
Emergent_appears_bounded_c59d38,Emergent_asymmetry_autonomy_ae0f75,0.9070664151427237,30147.09,30618.74,True,False
Emergent_appears_bounded_c59d38,Emergent_ego_dissolution_identity_6998fa,0.9073151131608346,30147.09,30692.33,True,False
Emergent_appears_bounded_c59d38,Emergent_autonomy_bounded_5ceb4c,0.9096501214432815,30147.09,30728.01,True,False
Emergent_appears_bounded_c59d38,Emergent_appears_autonomy_718eb2,0.9096443740063398,30147.09,30746.5,True,False
Emergent_appears_bounded_c59d38,Emergent_autonomy_boundary_fb8be0,0.9074749391608234,30147.09,30746.84,True,False
Emergent_appears_bounded_c59d38,Emergent_coherence_ego_dissolution_223195,0.9096347949447707,30147.09,30765.24,True,False
Emergent_appears_bounded_c59d38,Emergent_appears_cognition_22cb72,0.9041194716584988,30147.09,30800.59,True,False
Emergent_appears_bounded_c59d38,Emergent_boundary_cascade_bfd474,0.9096220883598076,30147.09,30800.93,True,False
Emergent_appears_bounded_c59d38,Emergent_chaos_clarity_5810ca,0.9057401946535606,30147.09,30819.1,True,False
Emergent_appears_bounded_c59d38,Emergent_clarity_ego_dissolution_1aaf2b,0.9090899214317274,30147.09,30819.44,True,False
Emergent_appears_bounded_c59d38,Emergent_constraint_contradiction_8d2c9c,0.9095139704131738,30147.09,30837.14,True,False
Emergent_appears_bounded_c59d38,Emergent_analogy_anticipation_33cf9b,0.9092204493084541,30147.09,30855.68,True,False
Emergent_appears_bounded_c59d38,Emergent_cascade_chaos_81ff1c,0.9090259554791746,30147.09,30876.87,True,False
Emergent_appears_bounded_c59d38,Emergent_asymmetry_coherence_292c2a,0.9097559823210839,30147.09,30900.43,True,False
Emergent_appears_bounded_c59d38,Emergent_appears_asymmetry_8ccc17,0.9097676138467832,30147.09,30921.74,True,False
Emergent_appears_bounded_c59d38,Emergent_asymmetry_concept_910e9d,0.9097676138467832,30147.09,30922.08,True,False
Emergent_appears_bounded_c59d38,Emergent_autonomy_bounded_6e75db,0.9093336528136209,30147.09,31014.83,True,False
Emergent_appears_bounded_c59d38,Emergent_bounded_chaos_6978e0,0.9090429857823998,30147.09,31053.17,True,False
Emergent_appears_bounded_c59d38,Emergent_bounded_contradiction_d8e7d7,0.9086277471663697,30147.09,31073.92,True,False
Emergent_appears_bounded_c59d38,Emergent_clarity_constraint_bf278c,0.903725146703628,30147.09,31094.63,True,False
Emergent_appears_bounded_c59d38,Emergent_cascade_chaos_0334fa,0.9051411294275689,30147.09,31094.97,True,False
Emergent_appears_bounded_c59d38,Emergent_clarity_coherence_e8e60d,0.9016679695890757,30147.09,31115.47,True,False
Emergent_appears_bounded_c59d38,Emergent_appears_coherence_abdafb,0.9064314007587049,30147.09,31138.27,True,False
Emergent_appears_bounded_c59d38,Emergent_cascade_coherence_8055bb,0.9036564305815853,30147.09,31138.61,True,False
Emergent_appears_bounded_c59d38,Emergent_autonomy_boundary_a0c946,0.9046101832594482,30147.09,31163.42,True,False
Emergent_appears_bounded_c59d38,Emergent_autonomy_coherence_6ec10e,0.9045580596400922,30147.09,31163.76,True,False
Emergent_appears_bounded_c59d38,Emergent_bounded_coherence_4beae6,0.8723427055090012,30147.09,31188.65,True,False
Emergent_appears_bounded_c59d38,Emergent_autonomy_boundary_625a34,0.877013889834042,30147.09,31288.19,True,False
Emergent_appears_bounded_c59d38,Emergent_asymmetry_autonomy_823326,0.88113410693029,30147.09,31333.37,True,False
Emergent_appears_bounded_c59d38,Emergent_autonomy_clarity_d6bec2,0.8808433439019714,30147.09,31356.09,True,False
Emergent_appears_bounded_c59d38,Emergent_boundary_bounded_d6917c,0.9299999999999999,30147.09,31405.49,True,False
Emergent_appears_bounded_c59d38,Emergent_bounded_clarity_42b09f,0.9299999999999999,30147.09,31405.83,True,False
Emergent_awareness_identity_27b305,Emergent_asymmetry_autonomy_a98557,0.9116281972145139,30158.04,30170.95,True,False
Emergent_awareness_identity_27b305,Emergent_awareness_bounded_9977c5,0.9087044653437577,30158.04,30186.32,True,False
Emergent_awareness_identity_27b305,Emergent_autonomy_awareness_135ecc,0.9110054989597118,30158.04,30203.0,True,False
Emergent_awareness_identity_27b305,Emergent_autonomy_clarity_321c48,0.9116281971069264,30158.04,30217.02,True,False
Emergent_awareness_identity_27b305,Emergent_autonomy_contradiction_372e7d,0.9067410544440591,30158.04,30233.48,True,False
Emergent_awareness_identity_27b305,Emergent_autonomy_contradiction_f42743,0.9116281872488652,30158.04,30233.82,True,False
Emergent_awareness_identity_27b305,Emergent_contradiction_emerges_fd4131,0.9116281938374968,30158.04,30250.18,True,False
Emergent_awareness_identity_27b305,Emergent_appears_contradiction_eaf6f9,0.904863355570483,30158.04,30250.52,True,False
Emergent_awareness_identity_27b305,Emergent_autonomy_cascade_d60596,0.9056898594061995,30158.04,30281.34,True,False
Emergent_awareness_identity_27b305,Emergent_autonomy_clarity_0e59af,0.9069673661776765,30158.04,30295.94,True,False
Emergent_awareness_identity_27b305,Emergent_identity_memory_6b5c68,0.9116282057660474,30158.04,30311.62,True,False
Emergent_awareness_identity_27b305,Emergent_analogy_anticipation_a29d2b,0.9089661827608491,30158.04,30326.92,True,False
Emergent_awareness_identity_27b305,Emergent_bounded_ego_dissolution_9168ce,0.9048368526624186,30158.04,30360.0,True,False
Emergent_awareness_identity_27b305,Emergent_boundary_bounded_497fce,0.9033397536976748,30158.04,30375.92,True,False
Emergent_awareness_identity_27b305,Emergent_bounded_coherence_40a04d,0.9071954793662347,30158.04,30376.26,True,False
Emergent_awareness_identity_27b305,Emergent_appears_asymmetry_b0db07,0.9107023655479078,30158.04,30391.21,True,False
Emergent_awareness_identity_27b305,Emergent_asymmetry_boundary_1ae9ed,0.911628191792911,30158.04,30391.55,True,False
Emergent_awareness_identity_27b305,Emergent_boundary_emergence_from_interaction_1084d0,0.9116281824337067,30158.04,30408.19,True,False
Emergent_awareness_identity_27b305,Emergent_boundary_chaos_fce1b4,0.9077852100770305,30158.04,30442.57,True,False
Emergent_awareness_identity_27b305,Emergent_boundary_cascade_d6e347,0.9080684311752267,30158.04,30442.91,True,False
Emergent_awareness_identity_27b305,Emergent_appears_asymmetry_8dba4c,0.9000838790651897,30158.04,30458.19,True,False
Emergent_awareness_identity_27b305,Emergent_autonomy_bounded_72bafc,0.9106472226679638,30158.04,30529.29,True,False
Emergent_awareness_identity_27b305,Emergent_coherence_contradiction_4a9cd7,0.9073746382881207,30158.04,30565.21,True,False
Emergent_awareness_identity_27b305,Emergent_asymmetry_autonomy_ae0f75,0.9070664151427237,30158.04,30618.74,True,False
Emergent_awareness_identity_27b305,Emergent_ego_dissolution_identity_6998fa,0.9073151131608346,30158.04,30692.33,True,False
Emergent_awareness_identity_27b305,Emergent_autonomy_bounded_5ceb4c,0.9116156473185455,30158.04,30728.01,True,False
Emergent_awareness_identity_27b305,Emergent_appears_autonomy_718eb2,0.9114340511769954,30158.04,30746.5,True,False
Emergent_awareness_identity_27b305,Emergent_autonomy_boundary_fb8be0,0.9074749391608234,30158.04,30746.84,True,False
Emergent_awareness_identity_27b305,Emergent_coherence_ego_dissolution_223195,0.9101464838740949,30158.04,30765.24,True,False
Emergent_awareness_identity_27b305,Emergent_appears_cognition_22cb72,0.9041194716584988,30158.04,30800.59,True,False
Emergent_awareness_identity_27b305,Emergent_boundary_cascade_bfd474,0.9114838022571563,30158.04,30800.93,True,False
Emergent_awareness_identity_27b305,Emergent_chaos_clarity_5810ca,0.9057401946535606,30158.04,30819.1,True,False
Emergent_awareness_identity_27b305,Emergent_clarity_ego_dissolution_1aaf2b,0.9090899214317274,30158.04,30819.44,True,False
Emergent_awareness_identity_27b305,Emergent_constraint_contradiction_8d2c9c,0.9096676056628359,30158.04,30837.14,True,False
Emergent_awareness_identity_27b305,Emergent_analogy_anticipation_33cf9b,0.9111852926765629,30158.04,30855.68,True,False
Emergent_awareness_identity_27b305,Emergent_cascade_chaos_81ff1c,0.9090259554791746,30158.04,30876.87,True,False
Emergent_awareness_identity_27b305,Emergent_asymmetry_coherence_292c2a,0.9117128174769242,30158.04,30900.43,True,False
Emergent_awareness_identity_27b305,Emergent_appears_asymmetry_8ccc17,0.910232177867401,30158.04,30921.74,True,False
Emergent_awareness_identity_27b305,Emergent_asymmetry_concept_910e9d,0.9117244490026235,30158.04,30922.08,True,False
Emergent_awareness_identity_27b305,Emergent_autonomy_bounded_6e75db,0.9096769455572447,30158.04,31014.83,True,False
Emergent_awareness_identity_27b305,Emergent_bounded_chaos_6978e0,0.91099982093824,30158.04,31053.17,True,False
Emergent_awareness_identity_27b305,Emergent_bounded_contradiction_d8e7d7,0.9102010747141178,30158.04,31073.92,True,False
Emergent_awareness_identity_27b305,Emergent_clarity_constraint_bf278c,0.903725146703628,30158.04,31094.63,True,False
Emergent_awareness_identity_27b305,Emergent_cascade_chaos_0334fa,0.9051411294275689,30158.04,31094.97,True,False
Emergent_awareness_identity_27b305,Emergent_clarity_coherence_e8e60d,0.9016679695890757,30158.04,31115.47,True,False
Emergent_awareness_identity_27b305,Emergent_appears_coherence_abdafb,0.9082142458134557,30158.04,31138.27,True,False
Emergent_awareness_identity_27b305,Emergent_cascade_coherence_8055bb,0.9036564305815853,30158.04,31138.61,True,False
Emergent_awareness_identity_27b305,Emergent_autonomy_boundary_a0c946,0.9063910370953878,30158.04,31163.42,True,False
Emergent_awareness_identity_27b305,Emergent_autonomy_coherence_6ec10e,0.9063377825902321,30158.04,31163.76,True,False
Emergent_awareness_identity_27b305,Emergent_bounded_coherence_4beae6,0.8723427055090012,30158.04,31188.65,True,False
Emergent_awareness_identity_27b305,Emergent_autonomy_boundary_625a34,0.8783907082180771,30158.04,31288.19,True,False
Emergent_awareness_identity_27b305,Emergent_asymmetry_autonomy_823326,0.8825259004200916,30158.04,31333.37,True,False
Emergent_awareness_identity_27b305,Emergent_autonomy_clarity_d6bec2,0.8808433439019714,30158.04,31356.09,True,False
Emergent_awareness_identity_27b305,Emergent_boundary_bounded_d6917c,0.9299999999999999,30158.04,31405.49,True,False
Emergent_awareness_identity_27b305,Emergent_bounded_clarity_42b09f,0.9299999999999999,30158.04,31405.83,True,False
Emergent_asymmetry_autonomy_a98557,Emergent_awareness_bounded_9977c5,0.9087044653437577,30170.95,30186.32,True,False
Emergent_asymmetry_autonomy_a98557,Emergent_autonomy_awareness_135ecc,0.9110054989597118,30170.95,30203.0,True,False
Emergent_asymmetry_autonomy_a98557,Emergent_autonomy_clarity_321c48,0.9124678309399614,30170.95,30217.02,True,False
Emergent_asymmetry_autonomy_a98557,Emergent_autonomy_contradiction_372e7d,0.9067410544440591,30170.95,30233.48,True,False
Emergent_asymmetry_autonomy_a98557,Emergent_autonomy_contradiction_f42743,0.9155276240119885,30170.95,30233.82,True,False
Emergent_asymmetry_autonomy_a98557,Emergent_contradiction_emerges_fd4131,0.9118277999821718,30170.95,30250.18,True,False
Emergent_asymmetry_autonomy_a98557,Emergent_appears_contradiction_eaf6f9,0.904863355570483,30170.95,30250.52,True,False
Emergent_asymmetry_autonomy_a98557,Emergent_autonomy_cascade_d60596,0.9056898594061995,30170.95,30281.34,True,False
Emergent_asymmetry_autonomy_a98557,Emergent_autonomy_clarity_0e59af,0.9069673661776765,30170.95,30295.94,True,False
Emergent_asymmetry_autonomy_a98557,Emergent_identity_memory_6b5c68,0.9146027882204035,30170.95,30311.62,True,False
Emergent_asymmetry_autonomy_a98557,Emergent_analogy_anticipation_a29d2b,0.9089661827608491,30170.95,30326.92,True,False
Emergent_asymmetry_autonomy_a98557,Emergent_bounded_ego_dissolution_9168ce,0.9048368526624186,30170.95,30360.0,True,False
Emergent_asymmetry_autonomy_a98557,Emergent_boundary_bounded_497fce,0.9033397536976748,30170.95,30375.92,True,False
Emergent_asymmetry_autonomy_a98557,Emergent_bounded_coherence_40a04d,0.9071954793662347,30170.95,30376.26,True,False
Emergent_asymmetry_autonomy_a98557,Emergent_appears_asymmetry_b0db07,0.9107023655479078,30170.95,30391.21,True,False
Emergent_asymmetry_autonomy_a98557,Emergent_asymmetry_boundary_1ae9ed,0.9139568905854967,30170.95,30391.55,True,False
Emergent_asymmetry_autonomy_a98557,Emergent_boundary_emergence_from_interaction_1084d0,0.9120781609917996,30170.95,30408.19,True,False
Emergent_asymmetry_autonomy_a98557,Emergent_boundary_chaos_fce1b4,0.9077852100770305,30170.95,30442.57,True,False
Emergent_asymmetry_autonomy_a98557,Emergent_boundary_cascade_d6e347,0.9080684311752267,30170.95,30442.91,True,False
Emergent_asymmetry_autonomy_a98557,Emergent_appears_asymmetry_8dba4c,0.9000838790651897,30170.95,30458.19,True,False
Emergent_asymmetry_autonomy_a98557,Emergent_autonomy_bounded_72bafc,0.9106472226679638,30170.95,30529.29,True,False
Emergent_asymmetry_autonomy_a98557,Emergent_coherence_contradiction_4a9cd7,0.9073746382881207,30170.95,30565.21,True,False
Emergent_asymmetry_autonomy_a98557,Emergent_asymmetry_autonomy_ae0f75,0.9070664151427237,30170.95,30618.74,True,False
Emergent_asymmetry_autonomy_a98557,Emergent_ego_dissolution_identity_6998fa,0.9073151131608346,30170.95,30692.33,True,False
Emergent_asymmetry_autonomy_a98557,Emergent_autonomy_bounded_5ceb4c,0.9156819601127868,30170.95,30728.01,True,False
Emergent_asymmetry_autonomy_a98557,Emergent_appears_autonomy_718eb2,0.9114340511769954,30170.95,30746.5,True,False
Emergent_asymmetry_autonomy_a98557,Emergent_autonomy_boundary_fb8be0,0.9074749391608234,30170.95,30746.84,True,False
Emergent_asymmetry_autonomy_a98557,Emergent_coherence_ego_dissolution_223195,0.9101464838740949,30170.95,30765.24,True,False
Emergent_asymmetry_autonomy_a98557,Emergent_appears_cognition_22cb72,0.9041194716584988,30170.95,30800.59,True,False
Emergent_asymmetry_autonomy_a98557,Emergent_boundary_cascade_bfd474,0.9114838022571563,30170.95,30800.93,True,False
Emergent_asymmetry_autonomy_a98557,Emergent_chaos_clarity_5810ca,0.9057401946535606,30170.95,30819.1,True,False
Emergent_asymmetry_autonomy_a98557,Emergent_clarity_ego_dissolution_1aaf2b,0.9090899214317274,30170.95,30819.44,True,False
Emergent_asymmetry_autonomy_a98557,Emergent_constraint_contradiction_8d2c9c,0.9096676056628359,30170.95,30837.14,True,False
Emergent_asymmetry_autonomy_a98557,Emergent_analogy_anticipation_33cf9b,0.9137383016069518,30170.95,30855.68,True,False
Emergent_asymmetry_autonomy_a98557,Emergent_cascade_chaos_81ff1c,0.9090259554791746,30170.95,30876.87,True,False
Emergent_asymmetry_autonomy_a98557,Emergent_asymmetry_coherence_292c2a,0.9157607672552928,30170.95,30900.43,True,False
Emergent_asymmetry_autonomy_a98557,Emergent_appears_asymmetry_8ccc17,0.910232177867401,30170.95,30921.74,True,False
Emergent_asymmetry_autonomy_a98557,Emergent_asymmetry_concept_910e9d,0.915772398780992,30170.95,30922.08,True,False
Emergent_asymmetry_autonomy_a98557,Emergent_autonomy_bounded_6e75db,0.9096769455572447,30170.95,31014.83,True,False
Emergent_asymmetry_autonomy_a98557,Emergent_bounded_chaos_6978e0,0.9139145188455888,30170.95,31053.17,True,False
Emergent_asymmetry_autonomy_a98557,Emergent_bounded_contradiction_d8e7d7,0.9102010747141178,30170.95,31073.92,True,False
Emergent_asymmetry_autonomy_a98557,Emergent_clarity_constraint_bf278c,0.903725146703628,30170.95,31094.63,True,False
Emergent_asymmetry_autonomy_a98557,Emergent_cascade_chaos_0334fa,0.9051411294275689,30170.95,31094.97,True,False
Emergent_asymmetry_autonomy_a98557,Emergent_clarity_coherence_e8e60d,0.9016679695890757,30170.95,31115.47,True,False
Emergent_asymmetry_autonomy_a98557,Emergent_appears_coherence_abdafb,0.9119813001206787,30170.95,31138.27,True,False
Emergent_asymmetry_autonomy_a98557,Emergent_cascade_coherence_8055bb,0.9036564305815853,30170.95,31138.61,True,False
Emergent_asymmetry_autonomy_a98557,Emergent_autonomy_boundary_a0c946,0.9096760855989703,30170.95,31163.42,True,False
Emergent_asymmetry_autonomy_a98557,Emergent_autonomy_coherence_6ec10e,0.9066366805444086,30170.95,31163.76,True,False
Emergent_asymmetry_autonomy_a98557,Emergent_bounded_coherence_4beae6,0.8723427055090012,30170.95,31188.65,True,False
Emergent_asymmetry_autonomy_a98557,Emergent_autonomy_boundary_625a34,0.8785551920848158,30170.95,31288.19,True,False
Emergent_asymmetry_autonomy_a98557,Emergent_asymmetry_autonomy_823326,0.8830035588709051,30170.95,31333.37,True,False
Emergent_asymmetry_autonomy_a98557,Emergent_autonomy_clarity_d6bec2,0.8808433439019714,30170.95,31356.09,True,False
Emergent_asymmetry_autonomy_a98557,Emergent_boundary_bounded_d6917c,0.9299999999999999,30170.95,31405.49,True,False
Emergent_asymmetry_autonomy_a98557,Emergent_bounded_clarity_42b09f,0.9299999999999999,30170.95,31405.83,True,False
Emergent_awareness_bounded_9977c5,Emergent_autonomy_awareness_135ecc,0.9087044645796085,30186.32,30203.0,True,False
Emergent_awareness_bounded_9977c5,Emergent_autonomy_clarity_321c48,0.9087044646921913,30186.32,30217.02,True,False
Emergent_awareness_bounded_9977c5,Emergent_autonomy_contradiction_372e7d,0.9067410544440591,30186.32,30233.48,True,False
Emergent_awareness_bounded_9977c5,Emergent_autonomy_contradiction_f42743,0.9087044546342409,30186.32,30233.82,True,False
Emergent_awareness_bounded_9977c5,Emergent_contradiction_emerges_fd4131,0.9087044610147545,30186.32,30250.18,True,False
Emergent_awareness_bounded_9977c5,Emergent_appears_contradiction_eaf6f9,0.904863355570483,30186.32,30250.52,True,False
Emergent_awareness_bounded_9977c5,Emergent_autonomy_cascade_d60596,0.9056898594061995,30186.32,30281.34,True,False
Emergent_awareness_bounded_9977c5,Emergent_autonomy_clarity_0e59af,0.9069673661776765,30186.32,30295.94,True,False
Emergent_awareness_bounded_9977c5,Emergent_identity_memory_6b5c68,0.9087044739743133,30186.32,30311.62,True,False
Emergent_awareness_bounded_9977c5,Emergent_analogy_anticipation_a29d2b,0.9087044743488377,30186.32,30326.92,True,False
Emergent_awareness_bounded_9977c5,Emergent_bounded_ego_dissolution_9168ce,0.9048368526624186,30186.32,30360.0,True,False
Emergent_awareness_bounded_9977c5,Emergent_boundary_bounded_497fce,0.9033397536976748,30186.32,30375.92,True,False
Emergent_awareness_bounded_9977c5,Emergent_bounded_coherence_40a04d,0.9071954793662347,30186.32,30376.26,True,False
Emergent_awareness_bounded_9977c5,Emergent_appears_asymmetry_b0db07,0.9087044600011771,30186.32,30391.21,True,False
Emergent_awareness_bounded_9977c5,Emergent_asymmetry_boundary_1ae9ed,0.9087044600011771,30186.32,30391.55,True,False
Emergent_awareness_bounded_9977c5,Emergent_boundary_emergence_from_interaction_1084d0,0.9087044506419726,30186.32,30408.19,True,False
Emergent_awareness_bounded_9977c5,Emergent_boundary_chaos_fce1b4,0.9077852100770305,30186.32,30442.57,True,False
Emergent_awareness_bounded_9977c5,Emergent_boundary_cascade_d6e347,0.9080684311752267,30186.32,30442.91,True,False
Emergent_awareness_bounded_9977c5,Emergent_appears_asymmetry_8dba4c,0.9000838790651897,30186.32,30458.19,True,False
Emergent_awareness_bounded_9977c5,Emergent_autonomy_bounded_72bafc,0.9087042166662362,30186.32,30529.29,True,False
Emergent_awareness_bounded_9977c5,Emergent_coherence_contradiction_4a9cd7,0.9073746382881207,30186.32,30565.21,True,False
Emergent_awareness_bounded_9977c5,Emergent_asymmetry_autonomy_ae0f75,0.9070664151427237,30186.32,30618.74,True,False
Emergent_awareness_bounded_9977c5,Emergent_ego_dissolution_identity_6998fa,0.9073151131608346,30186.32,30692.33,True,False
Emergent_awareness_bounded_9977c5,Emergent_autonomy_bounded_5ceb4c,0.9086919621158782,30186.32,30728.01,True,False
Emergent_awareness_bounded_9977c5,Emergent_appears_autonomy_718eb2,0.9086862146789367,30186.32,30746.5,True,False
Emergent_awareness_bounded_9977c5,Emergent_autonomy_boundary_fb8be0,0.9074749391608234,30186.32,30746.84,True,False
Emergent_awareness_bounded_9977c5,Emergent_coherence_ego_dissolution_223195,0.9086766356173679,30186.32,30765.24,True,False
Emergent_awareness_bounded_9977c5,Emergent_appears_cognition_22cb72,0.9041194716584988,30186.32,30800.59,True,False
Emergent_awareness_bounded_9977c5,Emergent_boundary_cascade_bfd474,0.9086639538402788,30186.32,30800.93,True,False
Emergent_awareness_bounded_9977c5,Emergent_chaos_clarity_5810ca,0.9057401946535606,30186.32,30819.1,True,False
Emergent_awareness_bounded_9977c5,Emergent_clarity_ego_dissolution_1aaf2b,0.9084472661803404,30186.32,30819.44,True,False
Emergent_awareness_bounded_9977c5,Emergent_constraint_contradiction_8d2c9c,0.9085532576961017,30186.32,30837.14,True,False
Emergent_awareness_bounded_9977c5,Emergent_analogy_anticipation_33cf9b,0.9082626226912969,30186.32,30855.68,True,False
Emergent_awareness_bounded_9977c5,Emergent_cascade_chaos_81ff1c,0.9088951117722879,30186.32,30876.87,True,False
Emergent_awareness_bounded_9977c5,Emergent_asymmetry_coherence_292c2a,0.908802059566693,30186.32,30900.43,True,False
Emergent_awareness_bounded_9977c5,Emergent_appears_asymmetry_8ccc17,0.9088136910923923,30186.32,30921.74,True,False
Emergent_awareness_bounded_9977c5,Emergent_asymmetry_concept_910e9d,0.9088136910923923,30186.32,30922.08,True,False
Emergent_awareness_bounded_9977c5,Emergent_autonomy_bounded_6e75db,0.9083797300592298,30186.32,31014.83,True,False
Emergent_awareness_bounded_9977c5,Emergent_bounded_chaos_6978e0,0.908089063028009,30186.32,31053.17,True,False
Emergent_awareness_bounded_9977c5,Emergent_bounded_contradiction_d8e7d7,0.9076738244119789,30186.32,31073.92,True,False
Emergent_awareness_bounded_9977c5,Emergent_clarity_constraint_bf278c,0.903725146703628,30186.32,31094.63,True,False
Emergent_awareness_bounded_9977c5,Emergent_cascade_chaos_0334fa,0.9051411294275689,30186.32,31094.97,True,False
Emergent_awareness_bounded_9977c5,Emergent_clarity_coherence_e8e60d,0.9016679695890757,30186.32,31115.47,True,False
Emergent_awareness_bounded_9977c5,Emergent_appears_coherence_abdafb,0.905562295121368,30186.32,31138.27,True,False
Emergent_awareness_bounded_9977c5,Emergent_cascade_coherence_8055bb,0.9036564305815853,30186.32,31138.61,True,False
Emergent_awareness_bounded_9977c5,Emergent_autonomy_boundary_a0c946,0.9037420483062935,30186.32,31163.42,True,False
Emergent_awareness_bounded_9977c5,Emergent_autonomy_coherence_6ec10e,0.9036904759738935,30186.32,31163.76,True,False
Emergent_awareness_bounded_9977c5,Emergent_bounded_coherence_4beae6,0.8723427055090012,30186.32,31188.65,True,False
Emergent_awareness_bounded_9977c5,Emergent_autonomy_boundary_625a34,0.8763427150642744,30186.32,31288.19,True,False
Emergent_awareness_bounded_9977c5,Emergent_asymmetry_autonomy_823326,0.8804556320595929,30186.32,31333.37,True,False
Emergent_awareness_bounded_9977c5,Emergent_autonomy_clarity_d6bec2,0.8808433439019714,30186.32,31356.09,True,False
Emergent_awareness_bounded_9977c5,Emergent_boundary_bounded_d6917c,0.9299999999999999,30186.32,31405.49,True,False
Emergent_awareness_bounded_9977c5,Emergent_bounded_clarity_42b09f,0.9299999999999999,30186.32,31405.83,True,False
Emergent_autonomy_awareness_135ecc,Emergent_autonomy_clarity_321c48,0.9110054970463444,30203.0,30217.02,True,False
Emergent_autonomy_awareness_135ecc,Emergent_autonomy_contradiction_372e7d,0.9067410540049392,30203.0,30233.48,True,False
Emergent_autonomy_awareness_135ecc,Emergent_autonomy_contradiction_f42743,0.9110054887117636,30203.0,30233.82,True,False
Emergent_autonomy_awareness_135ecc,Emergent_contradiction_emerges_fd4131,0.9110054957165492,30203.0,30250.18,True,False
Emergent_autonomy_awareness_135ecc,Emergent_appears_contradiction_eaf6f9,0.904863355570483,30203.0,30250.52,True,False
Emergent_autonomy_awareness_135ecc,Emergent_autonomy_cascade_d60596,0.9056898594061995,30203.0,30281.34,True,False
Emergent_autonomy_awareness_135ecc,Emergent_autonomy_clarity_0e59af,0.9069673661776765,30203.0,30295.94,True,False
Emergent_autonomy_awareness_135ecc,Emergent_identity_memory_6b5c68,0.9110055078646844,30203.0,30311.62,True,False
Emergent_autonomy_awareness_135ecc,Emergent_analogy_anticipation_a29d2b,0.9089661827608491,30203.0,30326.92,True,False
Emergent_autonomy_awareness_135ecc,Emergent_bounded_ego_dissolution_9168ce,0.9048368526624186,30203.0,30360.0,True,False
Emergent_autonomy_awareness_135ecc,Emergent_boundary_bounded_497fce,0.9033397536976748,30203.0,30375.92,True,False
Emergent_autonomy_awareness_135ecc,Emergent_bounded_coherence_40a04d,0.9071954793662347,30203.0,30376.26,True,False
Emergent_autonomy_awareness_135ecc,Emergent_appears_asymmetry_b0db07,0.9107023655479078,30203.0,30391.21,True,False
Emergent_autonomy_awareness_135ecc,Emergent_asymmetry_boundary_1ae9ed,0.911005493891548,30203.0,30391.55,True,False
Emergent_autonomy_awareness_135ecc,Emergent_boundary_emergence_from_interaction_1084d0,0.9110054845323436,30203.0,30408.19,True,False
Emergent_autonomy_awareness_135ecc,Emergent_boundary_chaos_fce1b4,0.9077852100770305,30203.0,30442.57,True,False
Emergent_autonomy_awareness_135ecc,Emergent_boundary_cascade_d6e347,0.9080684311752267,30203.0,30442.91,True,False
Emergent_autonomy_awareness_135ecc,Emergent_appears_asymmetry_8dba4c,0.9000838790651897,30203.0,30458.19,True,False
Emergent_autonomy_awareness_135ecc,Emergent_autonomy_bounded_72bafc,0.9106472226679638,30203.0,30529.29,True,False
Emergent_autonomy_awareness_135ecc,Emergent_coherence_contradiction_4a9cd7,0.9073746382881207,30203.0,30565.21,True,False
Emergent_autonomy_awareness_135ecc,Emergent_asymmetry_autonomy_ae0f75,0.9070664151427237,30203.0,30618.74,True,False
Emergent_autonomy_awareness_135ecc,Emergent_ego_dissolution_identity_6998fa,0.9073151131608346,30203.0,30692.33,True,False
Emergent_autonomy_awareness_135ecc,Emergent_autonomy_bounded_5ceb4c,0.9109929593397459,30203.0,30728.01,True,False
Emergent_autonomy_awareness_135ecc,Emergent_appears_autonomy_718eb2,0.9109872119028044,30203.0,30746.5,True,False
Emergent_autonomy_awareness_135ecc,Emergent_autonomy_boundary_fb8be0,0.9074749391608234,30203.0,30746.84,True,False
Emergent_autonomy_awareness_135ecc,Emergent_coherence_ego_dissolution_223195,0.9101464838740949,30203.0,30765.24,True,False
Emergent_autonomy_awareness_135ecc,Emergent_appears_cognition_22cb72,0.9041194716584988,30203.0,30800.59,True,False
Emergent_autonomy_awareness_135ecc,Emergent_boundary_cascade_bfd474,0.9109648914886168,30203.0,30800.93,True,False
Emergent_autonomy_awareness_135ecc,Emergent_chaos_clarity_5810ca,0.9057401946535606,30203.0,30819.1,True,False
Emergent_autonomy_awareness_135ecc,Emergent_clarity_ego_dissolution_1aaf2b,0.9090899214317274,30203.0,30819.44,True,False
Emergent_autonomy_awareness_135ecc,Emergent_constraint_contradiction_8d2c9c,0.9096676056628359,30203.0,30837.14,True,False
Emergent_autonomy_awareness_135ecc,Emergent_analogy_anticipation_33cf9b,0.9105628209192878,30203.0,30855.68,True,False
Emergent_autonomy_awareness_135ecc,Emergent_cascade_chaos_81ff1c,0.9090259554791746,30203.0,30876.87,True,False
Emergent_autonomy_awareness_135ecc,Emergent_asymmetry_coherence_292c2a,0.911092882759519,30203.0,30900.43,True,False
Emergent_autonomy_awareness_135ecc,Emergent_appears_asymmetry_8ccc17,0.910232177867401,30203.0,30921.74,True,False
Emergent_autonomy_awareness_135ecc,Emergent_asymmetry_concept_910e9d,0.9111045142852185,30203.0,30922.08,True,False
Emergent_autonomy_awareness_135ecc,Emergent_autonomy_bounded_6e75db,0.9096769455572447,30203.0,31014.83,True,False
Emergent_autonomy_awareness_135ecc,Emergent_bounded_chaos_6978e0,0.910379886220835,30203.0,31053.17,True,False
Emergent_autonomy_awareness_135ecc,Emergent_bounded_contradiction_d8e7d7,0.9099646476048049,30203.0,31073.92,True,False
Emergent_autonomy_awareness_135ecc,Emergent_clarity_constraint_bf278c,0.903725146703628,30203.0,31094.63,True,False
Emergent_autonomy_awareness_135ecc,Emergent_cascade_chaos_0334fa,0.9051411294275689,30203.0,31094.97,True,False
Emergent_autonomy_awareness_135ecc,Emergent_clarity_coherence_e8e60d,0.9016679695890757,30203.0,31115.47,True,False
Emergent_autonomy_awareness_135ecc,Emergent_appears_coherence_abdafb,0.9076494319905359,30203.0,31138.27,True,False
Emergent_autonomy_awareness_135ecc,Emergent_cascade_coherence_8055bb,0.9036564305815853,30203.0,31138.61,True,False
Emergent_autonomy_awareness_135ecc,Emergent_autonomy_boundary_a0c946,0.9058268541000916,30203.0,31163.42,True,False
Emergent_autonomy_awareness_135ecc,Emergent_autonomy_coherence_6ec10e,0.9057739578649548,30203.0,31163.76,True,False
Emergent_autonomy_awareness_135ecc,Emergent_bounded_coherence_4beae6,0.8723427055090012,30203.0,31188.65,True,False
Emergent_autonomy_awareness_135ecc,Emergent_autonomy_boundary_625a34,0.8779545255824179,30203.0,31288.19,True,False
Emergent_autonomy_awareness_135ecc,Emergent_asymmetry_autonomy_823326,0.8820849735994489,30203.0,31333.37,True,False
Emergent_autonomy_awareness_135ecc,Emergent_autonomy_clarity_d6bec2,0.8808433439019714,30203.0,31356.09,True,False
Emergent_autonomy_awareness_135ecc,Emergent_boundary_bounded_d6917c,0.9299999999999999,30203.0,31405.49,True,False
Emergent_autonomy_awareness_135ecc,Emergent_bounded_clarity_42b09f,0.9299999999999999,30203.0,31405.83,True,False
Emergent_autonomy_clarity_321c48,Emergent_autonomy_contradiction_372e7d,0.9067410540788163,30217.02,30233.48,True,False
Emergent_autonomy_clarity_321c48,Emergent_autonomy_contradiction_f42743,0.9124678207502037,30217.02,30233.82,True,False
Emergent_autonomy_clarity_321c48,Emergent_contradiction_emerges_fd4131,0.9118277999821718,30217.02,30250.18,True,False
Emergent_autonomy_clarity_321c48,Emergent_appears_contradiction_eaf6f9,0.904863355570483,30217.02,30250.52,True,False
Emergent_autonomy_clarity_321c48,Emergent_autonomy_cascade_d60596,0.9056898594061995,30217.02,30281.34,True,False
Emergent_autonomy_clarity_321c48,Emergent_autonomy_clarity_0e59af,0.9069673661776765,30217.02,30295.94,True,False
Emergent_autonomy_clarity_321c48,Emergent_identity_memory_6b5c68,0.9124678394201697,30217.02,30311.62,True,False
Emergent_autonomy_clarity_321c48,Emergent_analogy_anticipation_a29d2b,0.9089661827608491,30217.02,30326.92,True,False
Emergent_autonomy_clarity_321c48,Emergent_bounded_ego_dissolution_9168ce,0.9048368526624186,30217.02,30360.0,True,False
Emergent_autonomy_clarity_321c48,Emergent_boundary_bounded_497fce,0.9033397536976748,30217.02,30375.92,True,False
Emergent_autonomy_clarity_321c48,Emergent_bounded_coherence_40a04d,0.9071954793662347,30217.02,30376.26,True,False
Emergent_autonomy_clarity_321c48,Emergent_appears_asymmetry_b0db07,0.9107023655479078,30217.02,30391.21,True,False
Emergent_autonomy_clarity_321c48,Emergent_asymmetry_boundary_1ae9ed,0.9124678254470335,30217.02,30391.55,True,False
Emergent_autonomy_clarity_321c48,Emergent_boundary_emergence_from_interaction_1084d0,0.9120781609917996,30217.02,30408.19,True,False
Emergent_autonomy_clarity_321c48,Emergent_boundary_chaos_fce1b4,0.9077852100770305,30217.02,30442.57,True,False
Emergent_autonomy_clarity_321c48,Emergent_boundary_cascade_d6e347,0.9080684311752267,30217.02,30442.91,True,False
Emergent_autonomy_clarity_321c48,Emergent_appears_asymmetry_8dba4c,0.9000838790651897,30217.02,30458.19,True,False
Emergent_autonomy_clarity_321c48,Emergent_autonomy_bounded_72bafc,0.9106472226679638,30217.02,30529.29,True,False
Emergent_autonomy_clarity_321c48,Emergent_coherence_contradiction_4a9cd7,0.9073746382881207,30217.02,30565.21,True,False
Emergent_autonomy_clarity_321c48,Emergent_asymmetry_autonomy_ae0f75,0.9070664151427237,30217.02,30618.74,True,False
Emergent_autonomy_clarity_321c48,Emergent_ego_dissolution_identity_6998fa,0.9073151131608346,30217.02,30692.33,True,False
Emergent_autonomy_clarity_321c48,Emergent_autonomy_bounded_5ceb4c,0.912455267593278,30217.02,30728.01,True,False
Emergent_autonomy_clarity_321c48,Emergent_appears_autonomy_718eb2,0.9114340511769954,30217.02,30746.5,True,False
Emergent_autonomy_clarity_321c48,Emergent_autonomy_boundary_fb8be0,0.9074749391608234,30217.02,30746.84,True,False
Emergent_autonomy_clarity_321c48,Emergent_coherence_ego_dissolution_223195,0.9101464838740949,30217.02,30765.24,True,False
Emergent_autonomy_clarity_321c48,Emergent_appears_cognition_22cb72,0.9041194716584988,30217.02,30800.59,True,False
Emergent_autonomy_clarity_321c48,Emergent_boundary_cascade_bfd474,0.9114838022571563,30217.02,30800.93,True,False
Emergent_autonomy_clarity_321c48,Emergent_chaos_clarity_5810ca,0.9057401946535606,30217.02,30819.1,True,False
Emergent_autonomy_clarity_321c48,Emergent_clarity_ego_dissolution_1aaf2b,0.9090899214317274,30217.02,30819.44,True,False
Emergent_autonomy_clarity_321c48,Emergent_constraint_contradiction_8d2c9c,0.9096676056628359,30217.02,30837.14,True,False
Emergent_autonomy_clarity_321c48,Emergent_analogy_anticipation_33cf9b,0.9120246214024266,30217.02,30855.68,True,False
Emergent_autonomy_clarity_321c48,Emergent_cascade_chaos_81ff1c,0.9090259554791746,30217.02,30876.87,True,False
Emergent_autonomy_clarity_321c48,Emergent_asymmetry_coherence_292c2a,0.9125487253079172,30217.02,30900.43,True,False
Emergent_autonomy_clarity_321c48,Emergent_appears_asymmetry_8ccc17,0.910232177867401,30217.02,30921.74,True,False
Emergent_autonomy_clarity_321c48,Emergent_asymmetry_concept_910e9d,0.9125603568336165,30217.02,30922.08,True,False
Emergent_autonomy_clarity_321c48,Emergent_autonomy_bounded_6e75db,0.9096769455572447,30217.02,31014.83,True,False
Emergent_autonomy_clarity_321c48,Emergent_bounded_chaos_6978e0,0.9118357287692329,30217.02,31053.17,True,False
Emergent_autonomy_clarity_321c48,Emergent_bounded_contradiction_d8e7d7,0.9102010747141178,30217.02,31073.92,True,False
Emergent_autonomy_clarity_321c48,Emergent_clarity_constraint_bf278c,0.903725146703628,30217.02,31094.63,True,False
Emergent_autonomy_clarity_321c48,Emergent_cascade_chaos_0334fa,0.9051411294275689,30217.02,31094.97,True,False
Emergent_autonomy_clarity_321c48,Emergent_clarity_coherence_e8e60d,0.9016679695890757,30217.02,31115.47,True,False
Emergent_autonomy_clarity_321c48,Emergent_appears_coherence_abdafb,0.9089758297099149,30217.02,31138.27,True,False
Emergent_autonomy_clarity_321c48,Emergent_cascade_coherence_8055bb,0.9036564305815853,30217.02,31138.61,True,False
Emergent_autonomy_clarity_321c48,Emergent_autonomy_boundary_a0c946,0.9071517703962346,30217.02,31163.42,True,False
Emergent_autonomy_clarity_321c48,Emergent_autonomy_coherence_6ec10e,0.9066366805444086,30217.02,31163.76,True,False
Emergent_autonomy_clarity_321c48,Emergent_bounded_coherence_4beae6,0.8723427055090012,30217.02,31188.65,True,False
Emergent_autonomy_clarity_321c48,Emergent_autonomy_boundary_625a34,0.8785551920848158,30217.02,31288.19,True,False
Emergent_autonomy_clarity_321c48,Emergent_asymmetry_autonomy_823326,0.8830035588709051,30217.02,31333.37,True,False
Emergent_autonomy_clarity_321c48,Emergent_autonomy_clarity_d6bec2,0.8808433439019714,30217.02,31356.09,True,False
Emergent_autonomy_clarity_321c48,Emergent_boundary_bounded_d6917c,0.9299999999999999,30217.02,31405.49,True,False
Emergent_autonomy_clarity_321c48,Emergent_bounded_clarity_42b09f,0.9299999999999999,30217.02,31405.83,True,False
Emergent_autonomy_contradiction_372e7d,Emergent_autonomy_contradiction_f42743,0.9067410519423635,30233.48,30233.82,True,False
Emergent_autonomy_contradiction_372e7d,Emergent_contradiction_emerges_fd4131,0.906741058966501,30233.48,30250.18,True,False
Emergent_autonomy_contradiction_372e7d,Emergent_appears_contradiction_eaf6f9,0.9048633535163642,30233.48,30250.52,True,False
Emergent_autonomy_contradiction_372e7d,Emergent_autonomy_cascade_d60596,0.9056898589562659,30233.48,30281.34,True,False
Emergent_autonomy_contradiction_372e7d,Emergent_autonomy_clarity_0e59af,0.906741046833345,30233.48,30295.94,True,False
Emergent_autonomy_contradiction_372e7d,Emergent_identity_memory_6b5c68,0.9067410747174964,30233.48,30311.62,True,False
Emergent_autonomy_contradiction_372e7d,Emergent_analogy_anticipation_a29d2b,0.9067410750920206,30233.48,30326.92,True,False
Emergent_autonomy_contradiction_372e7d,Emergent_bounded_ego_dissolution_9168ce,0.9048368526624186,30233.48,30360.0,True,False
Emergent_autonomy_contradiction_372e7d,Emergent_boundary_bounded_497fce,0.9033397536976748,30233.48,30375.92,True,False
Emergent_autonomy_contradiction_372e7d,Emergent_bounded_coherence_40a04d,0.906741059652453,30233.48,30376.26,True,False
Emergent_autonomy_contradiction_372e7d,Emergent_appears_asymmetry_b0db07,0.9067410607443602,30233.48,30391.21,True,False
Emergent_autonomy_contradiction_372e7d,Emergent_asymmetry_boundary_1ae9ed,0.9067410607443602,30233.48,30391.55,True,False
Emergent_autonomy_contradiction_372e7d,Emergent_boundary_emergence_from_interaction_1084d0,0.9067410513851557,30233.48,30408.19,True,False
Emergent_autonomy_contradiction_372e7d,Emergent_boundary_chaos_fce1b4,0.9067410157310436,30233.48,30442.57,True,False
Emergent_autonomy_contradiction_372e7d,Emergent_boundary_cascade_d6e347,0.9067410157310436,30233.48,30442.91,True,False
Emergent_autonomy_contradiction_372e7d,Emergent_appears_asymmetry_8dba4c,0.9000838790651897,30233.48,30458.19,True,False
Emergent_autonomy_contradiction_372e7d,Emergent_autonomy_bounded_72bafc,0.9067408174094194,30233.48,30529.29,True,False
Emergent_autonomy_contradiction_372e7d,Emergent_coherence_contradiction_4a9cd7,0.9067405218644369,30233.48,30565.21,True,False
Emergent_autonomy_contradiction_372e7d,Emergent_asymmetry_autonomy_ae0f75,0.9067404270778023,30233.48,30618.74,True,False
Emergent_autonomy_contradiction_372e7d,Emergent_ego_dissolution_identity_6998fa,0.9067354335953861,30233.48,30692.33,True,False
Emergent_autonomy_contradiction_372e7d,Emergent_autonomy_bounded_5ceb4c,0.906728594145426,30233.48,30728.01,True,False
Emergent_autonomy_contradiction_372e7d,Emergent_appears_autonomy_718eb2,0.9067228467084847,30233.48,30746.5,True,False
Emergent_autonomy_contradiction_372e7d,Emergent_autonomy_boundary_fb8be0,0.9067228467084847,30233.48,30746.84,True,False
Emergent_autonomy_contradiction_372e7d,Emergent_coherence_ego_dissolution_223195,0.9067132676469156,30233.48,30765.24,True,False
Emergent_autonomy_contradiction_372e7d,Emergent_appears_cognition_22cb72,0.9041194716584988,30233.48,30800.59,True,False
Emergent_autonomy_contradiction_372e7d,Emergent_boundary_cascade_bfd474,0.9067006367037367,30233.48,30800.93,True,False
Emergent_autonomy_contradiction_372e7d,Emergent_chaos_clarity_5810ca,0.9057401946535606,30233.48,30819.1,True,False
Emergent_autonomy_contradiction_372e7d,Emergent_clarity_ego_dissolution_1aaf2b,0.9064809876953666,30233.48,30819.44,True,False
Emergent_autonomy_contradiction_372e7d,Emergent_constraint_contradiction_8d2c9c,0.9065846575650385,30233.48,30837.14,True,False
Emergent_autonomy_contradiction_372e7d,Emergent_analogy_anticipation_33cf9b,0.9062999364786917,30233.48,30855.68,True,False
Emergent_autonomy_contradiction_372e7d,Emergent_cascade_chaos_81ff1c,0.9069404249799222,30233.48,30876.87,True,False
Emergent_autonomy_contradiction_372e7d,Emergent_asymmetry_coherence_292c2a,0.9068473727743274,30233.48,30900.43,True,False
Emergent_autonomy_contradiction_372e7d,Emergent_appears_asymmetry_8ccc17,0.9068590043000269,30233.48,30921.74,True,False
Emergent_autonomy_contradiction_372e7d,Emergent_asymmetry_concept_910e9d,0.9068590043000269,30233.48,30922.08,True,False
Emergent_autonomy_contradiction_372e7d,Emergent_autonomy_bounded_6e75db,0.9064250432668643,30233.48,31014.83,True,False
Emergent_autonomy_contradiction_372e7d,Emergent_bounded_chaos_6978e0,0.9061343762356435,30233.48,31053.17,True,False
Emergent_autonomy_contradiction_372e7d,Emergent_bounded_contradiction_d8e7d7,0.9057191376196134,30233.48,31073.92,True,False
Emergent_autonomy_contradiction_372e7d,Emergent_clarity_constraint_bf278c,0.903725146703628,30233.48,31094.63,True,False
Emergent_autonomy_contradiction_372e7d,Emergent_cascade_chaos_0334fa,0.9051259395967133,30233.48,31094.97,True,False
Emergent_autonomy_contradiction_372e7d,Emergent_clarity_coherence_e8e60d,0.9016679695890757,30233.48,31115.47,True,False
Emergent_autonomy_contradiction_372e7d,Emergent_appears_coherence_abdafb,0.903781407410436,30233.48,31138.27,True,False
Emergent_autonomy_contradiction_372e7d,Emergent_cascade_coherence_8055bb,0.9036564305815853,30233.48,31138.61,True,False
Emergent_autonomy_contradiction_372e7d,Emergent_autonomy_boundary_a0c946,0.9019631496280602,30233.48,31163.42,True,False
Emergent_autonomy_contradiction_372e7d,Emergent_autonomy_coherence_6ec10e,0.9019127069398869,30233.48,31163.76,True,False
Emergent_autonomy_contradiction_372e7d,Emergent_bounded_coherence_4beae6,0.8723427055090012,30233.48,31188.65,True,False
Emergent_autonomy_contradiction_372e7d,Emergent_autonomy_boundary_625a34,0.8749674082568886,30233.48,31288.19,True,False
Emergent_autonomy_contradiction_372e7d,Emergent_asymmetry_autonomy_823326,0.8790653665872583,30233.48,31333.37,True,False
Emergent_autonomy_contradiction_372e7d,Emergent_autonomy_clarity_d6bec2,0.8808337037247946,30233.48,31356.09,True,False
Emergent_autonomy_contradiction_372e7d,Emergent_boundary_bounded_d6917c,0.9299999999999999,30233.48,31405.49,True,False
Emergent_autonomy_contradiction_372e7d,Emergent_bounded_clarity_42b09f,0.9299999999999999,30233.48,31405.83,True,False
Emergent_autonomy_contradiction_f42743,Emergent_contradiction_emerges_fd4131,0.9118277984683383,30233.82,30250.18,True,False
Emergent_autonomy_contradiction_f42743,Emergent_appears_contradiction_eaf6f9,0.9048633541703088,30233.82,30250.52,True,False
Emergent_autonomy_contradiction_f42743,Emergent_autonomy_cascade_d60596,0.9056898594061995,30233.82,30281.34,True,False
Emergent_autonomy_contradiction_f42743,Emergent_autonomy_clarity_0e59af,0.9069673661776765,30233.82,30295.94,True,False
Emergent_autonomy_contradiction_f42743,Emergent_identity_memory_6b5c68,0.9146027882204035,30233.82,30311.62,True,False
Emergent_autonomy_contradiction_f42743,Emergent_analogy_anticipation_a29d2b,0.9089661827608491,30233.82,30326.92,True,False
Emergent_autonomy_contradiction_f42743,Emergent_bounded_ego_dissolution_9168ce,0.9048368526624186,30233.82,30360.0,True,False
Emergent_autonomy_contradiction_f42743,Emergent_boundary_bounded_497fce,0.9033397536976748,30233.82,30375.92,True,False
Emergent_autonomy_contradiction_f42743,Emergent_bounded_coherence_40a04d,0.9071954793662347,30233.82,30376.26,True,False
Emergent_autonomy_contradiction_f42743,Emergent_appears_asymmetry_b0db07,0.9107023655479078,30233.82,30391.21,True,False
Emergent_autonomy_contradiction_f42743,Emergent_asymmetry_boundary_1ae9ed,0.9139568905854967,30233.82,30391.55,True,False
Emergent_autonomy_contradiction_f42743,Emergent_boundary_emergence_from_interaction_1084d0,0.9120781609917996,30233.82,30408.19,True,False
Emergent_autonomy_contradiction_f42743,Emergent_boundary_chaos_fce1b4,0.9077852100770305,30233.82,30442.57,True,False
Emergent_autonomy_contradiction_f42743,Emergent_boundary_cascade_d6e347,0.9080684311752267,30233.82,30442.91,True,False
Emergent_autonomy_contradiction_f42743,Emergent_appears_asymmetry_8dba4c,0.9000838790651897,30233.82,30458.19,True,False
Emergent_autonomy_contradiction_f42743,Emergent_autonomy_bounded_72bafc,0.9106472226679638,30233.82,30529.29,True,False
Emergent_autonomy_contradiction_f42743,Emergent_coherence_contradiction_4a9cd7,0.9073746382881207,30233.82,30565.21,True,False
Emergent_autonomy_contradiction_f42743,Emergent_asymmetry_autonomy_ae0f75,0.9070664151427237,30233.82,30618.74,True,False
Emergent_autonomy_contradiction_f42743,Emergent_ego_dissolution_identity_6998fa,0.9073151131608346,30233.82,30692.33,True,False
Emergent_autonomy_contradiction_f42743,Emergent_autonomy_bounded_5ceb4c,0.9155150197038355,30233.82,30728.01,True,False
Emergent_autonomy_contradiction_f42743,Emergent_appears_autonomy_718eb2,0.9114340511769954,30233.82,30746.5,True,False
Emergent_autonomy_contradiction_f42743,Emergent_autonomy_boundary_fb8be0,0.9074749391608234,30233.82,30746.84,True,False
Emergent_autonomy_contradiction_f42743,Emergent_coherence_ego_dissolution_223195,0.9101464838740949,30233.82,30765.24,True,False
Emergent_autonomy_contradiction_f42743,Emergent_appears_cognition_22cb72,0.9041194716584988,30233.82,30800.59,True,False
Emergent_autonomy_contradiction_f42743,Emergent_boundary_cascade_bfd474,0.9114838022571563,30233.82,30800.93,True,False
Emergent_autonomy_contradiction_f42743,Emergent_chaos_clarity_5810ca,0.9057401946535606,30233.82,30819.1,True,False
Emergent_autonomy_contradiction_f42743,Emergent_clarity_ego_dissolution_1aaf2b,0.9090899214317274,30233.82,30819.44,True,False
Emergent_autonomy_contradiction_f42743,Emergent_constraint_contradiction_8d2c9c,0.9096676056628359,30233.82,30837.14,True,False
Emergent_autonomy_contradiction_f42743,Emergent_analogy_anticipation_33cf9b,0.9137383016069518,30233.82,30855.68,True,False
Emergent_autonomy_contradiction_f42743,Emergent_cascade_chaos_81ff1c,0.9090259554791746,30233.82,30876.87,True,False
Emergent_autonomy_contradiction_f42743,Emergent_asymmetry_coherence_292c2a,0.9155946366723442,30233.82,30900.43,True,False
Emergent_autonomy_contradiction_f42743,Emergent_appears_asymmetry_8ccc17,0.910232177867401,30233.82,30921.74,True,False
Emergent_autonomy_contradiction_f42743,Emergent_asymmetry_concept_910e9d,0.9156062681980435,30233.82,30922.08,True,False
Emergent_autonomy_contradiction_f42743,Emergent_autonomy_bounded_6e75db,0.9096769455572447,30233.82,31014.83,True,False
Emergent_autonomy_contradiction_f42743,Emergent_bounded_chaos_6978e0,0.9139145188455888,30233.82,31053.17,True,False
Emergent_autonomy_contradiction_f42743,Emergent_bounded_contradiction_d8e7d7,0.9102010747141178,30233.82,31073.92,True,False
Emergent_autonomy_contradiction_f42743,Emergent_clarity_constraint_bf278c,0.903725146703628,30233.82,31094.63,True,False
Emergent_autonomy_contradiction_f42743,Emergent_cascade_chaos_0334fa,0.9051411294275689,30233.82,31094.97,True,False
Emergent_autonomy_contradiction_f42743,Emergent_clarity_coherence_e8e60d,0.9016679695890757,30233.82,31115.47,True,False
Emergent_autonomy_contradiction_f42743,Emergent_appears_coherence_abdafb,0.9118151695377301,30233.82,31138.27,True,False
Emergent_autonomy_contradiction_f42743,Emergent_cascade_coherence_8055bb,0.9036564305815853,30233.82,31138.61,True,False
Emergent_autonomy_contradiction_f42743,Emergent_autonomy_boundary_a0c946,0.9096760855989703,30233.82,31163.42,True,False
Emergent_autonomy_contradiction_f42743,Emergent_autonomy_coherence_6ec10e,0.9066366805444086,30233.82,31163.76,True,False
Emergent_autonomy_contradiction_f42743,Emergent_bounded_coherence_4beae6,0.8723427055090012,30233.82,31188.65,True,False
Emergent_autonomy_contradiction_f42743,Emergent_autonomy_boundary_625a34,0.8785551920848158,30233.82,31288.19,True,False
Emergent_autonomy_contradiction_f42743,Emergent_asymmetry_autonomy_823326,0.8830035588709051,30233.82,31333.37,True,False
Emergent_autonomy_contradiction_f42743,Emergent_autonomy_clarity_d6bec2,0.8808433439019714,30233.82,31356.09,True,False
Emergent_autonomy_contradiction_f42743,Emergent_boundary_bounded_d6917c,0.9299999999999999,30233.82,31405.49,True,False
Emergent_autonomy_contradiction_f42743,Emergent_bounded_clarity_42b09f,0.9299999999999999,30233.82,31405.83,True,False
Emergent_contradiction_emerges_fd4131,Emergent_appears_contradiction_eaf6f9,0.9048633515446605,30250.18,30250.52,True,False
Emergent_contradiction_emerges_fd4131,Emergent_autonomy_cascade_d60596,0.9056898577537293,30250.18,30281.34,True,False
Emergent_contradiction_emerges_fd4131,Emergent_autonomy_clarity_0e59af,0.9069673645008356,30250.18,30295.94,True,False
Emergent_contradiction_emerges_fd4131,Emergent_identity_memory_6b5c68,0.9118278118403345,30250.18,30311.62,True,False
Emergent_contradiction_emerges_fd4131,Emergent_analogy_anticipation_a29d2b,0.9089661827608491,30250.18,30326.92,True,False
Emergent_contradiction_emerges_fd4131,Emergent_bounded_ego_dissolution_9168ce,0.9048368526624186,30250.18,30360.0,True,False
Emergent_contradiction_emerges_fd4131,Emergent_boundary_bounded_497fce,0.9033397536976748,30250.18,30375.92,True,False
Emergent_contradiction_emerges_fd4131,Emergent_bounded_coherence_40a04d,0.9071954793662347,30250.18,30376.26,True,False
Emergent_contradiction_emerges_fd4131,Emergent_appears_asymmetry_b0db07,0.9107023655479078,30250.18,30391.21,True,False
Emergent_contradiction_emerges_fd4131,Emergent_asymmetry_boundary_1ae9ed,0.9118277978671983,30250.18,30391.55,True,False
Emergent_contradiction_emerges_fd4131,Emergent_boundary_emergence_from_interaction_1084d0,0.9118277885079935,30250.18,30408.19,True,False
Emergent_contradiction_emerges_fd4131,Emergent_boundary_chaos_fce1b4,0.9077852100770305,30250.18,30442.57,True,False
Emergent_contradiction_emerges_fd4131,Emergent_boundary_cascade_d6e347,0.9080684311752267,30250.18,30442.91,True,False
Emergent_contradiction_emerges_fd4131,Emergent_appears_asymmetry_8dba4c,0.9000838790651897,30250.18,30458.19,True,False
Emergent_contradiction_emerges_fd4131,Emergent_autonomy_bounded_72bafc,0.9106472226679638,30250.18,30529.29,True,False
Emergent_contradiction_emerges_fd4131,Emergent_coherence_contradiction_4a9cd7,0.9073746382881207,30250.18,30565.21,True,False
Emergent_contradiction_emerges_fd4131,Emergent_asymmetry_autonomy_ae0f75,0.9070664151427237,30250.18,30618.74,True,False
Emergent_contradiction_emerges_fd4131,Emergent_ego_dissolution_identity_6998fa,0.9073151131608346,30250.18,30692.33,True,False
Emergent_contradiction_emerges_fd4131,Emergent_autonomy_bounded_5ceb4c,0.9118152502121508,30250.18,30728.01,True,False
Emergent_contradiction_emerges_fd4131,Emergent_appears_autonomy_718eb2,0.9114340511769954,30250.18,30746.5,True,False
Emergent_contradiction_emerges_fd4131,Emergent_autonomy_boundary_fb8be0,0.9074749391608234,30250.18,30746.84,True,False
Emergent_contradiction_emerges_fd4131,Emergent_coherence_ego_dissolution_223195,0.9101464838740949,30250.18,30765.24,True,False
Emergent_contradiction_emerges_fd4131,Emergent_appears_cognition_22cb72,0.9041194716584988,30250.18,30800.59,True,False
Emergent_contradiction_emerges_fd4131,Emergent_boundary_cascade_bfd474,0.9114838022571563,30250.18,30800.93,True,False
Emergent_contradiction_emerges_fd4131,Emergent_chaos_clarity_5810ca,0.9057401946535606,30250.18,30819.1,True,False
Emergent_contradiction_emerges_fd4131,Emergent_clarity_ego_dissolution_1aaf2b,0.9090899214317274,30250.18,30819.44,True,False
Emergent_contradiction_emerges_fd4131,Emergent_constraint_contradiction_8d2c9c,0.9096676056628359,30250.18,30837.14,True,False
Emergent_contradiction_emerges_fd4131,Emergent_analogy_anticipation_33cf9b,0.9113848262602675,30250.18,30855.68,True,False
Emergent_contradiction_emerges_fd4131,Emergent_cascade_chaos_81ff1c,0.9090259554791746,30250.18,30876.87,True,False
Emergent_contradiction_emerges_fd4131,Emergent_asymmetry_coherence_292c2a,0.9119115378114309,30250.18,30900.43,True,False
Emergent_contradiction_emerges_fd4131,Emergent_appears_asymmetry_8ccc17,0.910232177867401,30250.18,30921.74,True,False
Emergent_contradiction_emerges_fd4131,Emergent_asymmetry_concept_910e9d,0.9119231693371301,30250.18,30922.08,True,False
Emergent_contradiction_emerges_fd4131,Emergent_autonomy_bounded_6e75db,0.9096769455572447,30250.18,31014.83,True,False
Emergent_contradiction_emerges_fd4131,Emergent_bounded_chaos_6978e0,0.9111985412727468,30250.18,31053.17,True,False
Emergent_contradiction_emerges_fd4131,Emergent_bounded_contradiction_d8e7d7,0.9102010747141178,30250.18,31073.92,True,False
Emergent_contradiction_emerges_fd4131,Emergent_clarity_constraint_bf278c,0.903725146703628,30250.18,31094.63,True,False
Emergent_contradiction_emerges_fd4131,Emergent_cascade_chaos_0334fa,0.9051411294275689,30250.18,31094.97,True,False
Emergent_contradiction_emerges_fd4131,Emergent_clarity_coherence_e8e60d,0.9016679695890757,30250.18,31115.47,True,False
Emergent_contradiction_emerges_fd4131,Emergent_appears_coherence_abdafb,0.9083952971220424,30250.18,31138.27,True,False
Emergent_contradiction_emerges_fd4131,Emergent_cascade_coherence_8055bb,0.9036564305815853,30250.18,31138.61,True,False
Emergent_contradiction_emerges_fd4131,Emergent_autonomy_boundary_a0c946,0.9065718861919145,30250.18,31163.42,True,False
Emergent_contradiction_emerges_fd4131,Emergent_autonomy_coherence_6ec10e,0.9065185168431533,30250.18,31163.76,True,False
Emergent_contradiction_emerges_fd4131,Emergent_bounded_coherence_4beae6,0.8723427055090012,30250.18,31188.65,True,False
Emergent_contradiction_emerges_fd4131,Emergent_autonomy_boundary_625a34,0.8785305267454651,30250.18,31288.19,True,False
Emergent_contradiction_emerges_fd4131,Emergent_asymmetry_autonomy_823326,0.882667239697972,30250.18,31333.37,True,False
Emergent_contradiction_emerges_fd4131,Emergent_autonomy_clarity_d6bec2,0.8808433439019714,30250.18,31356.09,True,False
Emergent_contradiction_emerges_fd4131,Emergent_boundary_bounded_d6917c,0.9299999999999999,30250.18,31405.49,True,False
Emergent_contradiction_emerges_fd4131,Emergent_bounded_clarity_42b09f,0.9299999999999999,30250.18,31405.83,True,False
Emergent_appears_contradiction_eaf6f9,Emergent_autonomy_cascade_d60596,0.904863340203838,30250.52,30281.34,True,False
Emergent_appears_contradiction_eaf6f9,Emergent_autonomy_clarity_0e59af,0.9048633404666679,30250.52,30295.94,True,False
Emergent_appears_contradiction_eaf6f9,Emergent_identity_memory_6b5c68,0.9048633702331095,30250.52,30311.62,True,False
Emergent_appears_contradiction_eaf6f9,Emergent_analogy_anticipation_a29d2b,0.9048633706076334,30250.52,30326.92,True,False
Emergent_appears_contradiction_eaf6f9,Emergent_bounded_ego_dissolution_9168ce,0.9048368526624186,30250.52,30360.0,True,False
Emergent_appears_contradiction_eaf6f9,Emergent_boundary_bounded_497fce,0.9033397536976748,30250.52,30375.92,True,False
Emergent_appears_contradiction_eaf6f9,Emergent_bounded_coherence_40a04d,0.9048633551680658,30250.52,30376.26,True,False
Emergent_appears_contradiction_eaf6f9,Emergent_appears_asymmetry_b0db07,0.904863356259973,30250.52,30391.21,True,False
Emergent_appears_contradiction_eaf6f9,Emergent_asymmetry_boundary_1ae9ed,0.904863356259973,30250.52,30391.55,True,False
Emergent_appears_contradiction_eaf6f9,Emergent_boundary_emergence_from_interaction_1084d0,0.9048633469007685,30250.52,30408.19,True,False
Emergent_appears_contradiction_eaf6f9,Emergent_boundary_chaos_fce1b4,0.9048633112466564,30250.52,30442.57,True,False
Emergent_appears_contradiction_eaf6f9,Emergent_boundary_cascade_d6e347,0.9048633112466564,30250.52,30442.91,True,False
Emergent_appears_contradiction_eaf6f9,Emergent_appears_asymmetry_8dba4c,0.9000838790651897,30250.52,30458.19,True,False
Emergent_appears_contradiction_eaf6f9,Emergent_autonomy_bounded_72bafc,0.9048631129250324,30250.52,30529.29,True,False
Emergent_appears_contradiction_eaf6f9,Emergent_coherence_contradiction_4a9cd7,0.9048628177987232,30250.52,30565.21,True,False
Emergent_appears_contradiction_eaf6f9,Emergent_asymmetry_autonomy_ae0f75,0.9048627525142512,30250.52,30618.74,True,False
Emergent_appears_contradiction_eaf6f9,Emergent_ego_dissolution_identity_6998fa,0.9048577590318352,30250.52,30692.33,True,False
Emergent_appears_contradiction_eaf6f9,Emergent_autonomy_bounded_5ceb4c,0.9048509195818748,30250.52,30728.01,True,False
Emergent_appears_contradiction_eaf6f9,Emergent_appears_autonomy_718eb2,0.9048451721449333,30250.52,30746.5,True,False
Emergent_appears_contradiction_eaf6f9,Emergent_autonomy_boundary_fb8be0,0.9048451721449333,30250.52,30746.84,True,False
Emergent_appears_contradiction_eaf6f9,Emergent_coherence_ego_dissolution_223195,0.9048355930833643,30250.52,30765.24,True,False
Emergent_appears_contradiction_eaf6f9,Emergent_appears_cognition_22cb72,0.9041194716584988,30250.52,30800.59,True,False
Emergent_appears_contradiction_eaf6f9,Emergent_boundary_cascade_bfd474,0.9048230107553925,30250.52,30800.93,True,False
Emergent_appears_contradiction_eaf6f9,Emergent_chaos_clarity_5810ca,0.904597420672602,30250.52,30819.1,True,False
Emergent_appears_contradiction_eaf6f9,Emergent_clarity_ego_dissolution_1aaf2b,0.9046005296499788,30250.52,30819.44,True,False
Emergent_appears_contradiction_eaf6f9,Emergent_constraint_contradiction_8d2c9c,0.9047019792044202,30250.52,30837.14,True,False
Emergent_appears_contradiction_eaf6f9,Emergent_analogy_anticipation_33cf9b,0.9044229139168982,30250.52,30855.68,True,False
Emergent_appears_contradiction_eaf6f9,Emergent_cascade_chaos_81ff1c,0.9050710526946604,30250.52,30876.87,True,False
Emergent_appears_contradiction_eaf6f9,Emergent_asymmetry_coherence_292c2a,0.9049780004890657,30250.52,30900.43,True,False
Emergent_appears_contradiction_eaf6f9,Emergent_appears_asymmetry_8ccc17,0.904989632014765,30250.52,30921.74,True,False
Emergent_appears_contradiction_eaf6f9,Emergent_asymmetry_concept_910e9d,0.904989632014765,30250.52,30922.08,True,False
Emergent_appears_contradiction_eaf6f9,Emergent_autonomy_bounded_6e75db,0.9045556709816025,30250.52,31014.83,True,False
Emergent_appears_contradiction_eaf6f9,Emergent_bounded_chaos_6978e0,0.9042650039503815,30250.52,31053.17,True,False
Emergent_appears_contradiction_eaf6f9,Emergent_bounded_contradiction_d8e7d7,0.9038497653343516,30250.52,31073.92,True,False
Emergent_appears_contradiction_eaf6f9,Emergent_clarity_constraint_bf278c,0.9032565673114514,30250.52,31094.63,True,False
Emergent_appears_contradiction_eaf6f9,Emergent_cascade_chaos_0334fa,0.9032565673114514,30250.52,31094.97,True,False
Emergent_appears_contradiction_eaf6f9,Emergent_clarity_coherence_e8e60d,0.9003018856210643,30250.52,31115.47,True,False
Emergent_appears_contradiction_eaf6f9,Emergent_appears_coherence_abdafb,0.9020782485499055,30250.52,31138.27,True,False
Emergent_appears_contradiction_eaf6f9,Emergent_cascade_coherence_8055bb,0.9020782485499055,30250.52,31138.61,True,False
Emergent_appears_contradiction_eaf6f9,Emergent_autonomy_boundary_a0c946,0.9002618929866553,30250.52,31163.42,True,False
Emergent_appears_contradiction_eaf6f9,Emergent_autonomy_coherence_6ec10e,0.9002125306381137,30250.52,31163.76,True,False
Emergent_appears_contradiction_eaf6f9,Emergent_bounded_coherence_4beae6,0.8723427055090012,30250.52,31188.65,True,False
Emergent_appears_contradiction_eaf6f9,Emergent_autonomy_boundary_625a34,0.8736521282644618,30250.52,31288.19,True,False
Emergent_appears_contradiction_eaf6f9,Emergent_asymmetry_autonomy_823326,0.8777357808176662,30250.52,31333.37,True,False
Emergent_appears_contradiction_eaf6f9,Emergent_autonomy_clarity_d6bec2,0.8795029756246566,30250.52,31356.09,True,False
Emergent_appears_contradiction_eaf6f9,Emergent_boundary_bounded_d6917c,0.9299999999999999,30250.52,31405.49,True,False
Emergent_appears_contradiction_eaf6f9,Emergent_bounded_clarity_42b09f,0.9299999999999999,30250.52,31405.83,True,False
Emergent_autonomy_cascade_d60596,Emergent_autonomy_clarity_0e59af,0.9056898542712974,30281.34,30295.94,True,False
Emergent_autonomy_cascade_d60596,Emergent_identity_memory_6b5c68,0.9056898834292884,30281.34,30311.62,True,False
Emergent_autonomy_cascade_d60596,Emergent_analogy_anticipation_a29d2b,0.9056898838038125,30281.34,30326.92,True,False
Emergent_autonomy_cascade_d60596,Emergent_bounded_ego_dissolution_9168ce,0.9048368526624186,30281.34,30360.0,True,False
Emergent_autonomy_cascade_d60596,Emergent_boundary_bounded_497fce,0.9033397536976748,30281.34,30375.92,True,False
Emergent_autonomy_cascade_d60596,Emergent_bounded_coherence_40a04d,0.9056898722518796,30281.34,30376.26,True,False
Emergent_autonomy_cascade_d60596,Emergent_appears_asymmetry_b0db07,0.9056898733437866,30281.34,30391.21,True,False
Emergent_autonomy_cascade_d60596,Emergent_asymmetry_boundary_1ae9ed,0.9056898733437866,30281.34,30391.55,True,False
Emergent_autonomy_cascade_d60596,Emergent_boundary_emergence_from_interaction_1084d0,0.9056898639845823,30281.34,30408.19,True,False
Emergent_autonomy_cascade_d60596,Emergent_boundary_chaos_fce1b4,0.90568982833047,30281.34,30442.57,True,False
Emergent_autonomy_cascade_d60596,Emergent_boundary_cascade_d6e347,0.90568982833047,30281.34,30442.91,True,False
Emergent_autonomy_cascade_d60596,Emergent_appears_asymmetry_8dba4c,0.9000838790651897,30281.34,30458.19,True,False
Emergent_autonomy_cascade_d60596,Emergent_autonomy_bounded_72bafc,0.9056896300088457,30281.34,30529.29,True,False
Emergent_autonomy_cascade_d60596,Emergent_coherence_contradiction_4a9cd7,0.9056893346982475,30281.34,30565.21,True,False
Emergent_autonomy_cascade_d60596,Emergent_asymmetry_autonomy_ae0f75,0.9056892564276846,30281.34,30618.74,True,False
Emergent_autonomy_cascade_d60596,Emergent_ego_dissolution_identity_6998fa,0.9056842629452686,30281.34,30692.33,True,False
Emergent_autonomy_cascade_d60596,Emergent_autonomy_bounded_5ceb4c,0.9056774234953082,30281.34,30728.01,True,False
Emergent_autonomy_cascade_d60596,Emergent_appears_autonomy_718eb2,0.9056716760583667,30281.34,30746.5,True,False
Emergent_autonomy_cascade_d60596,Emergent_autonomy_boundary_fb8be0,0.9056716760583667,30281.34,30746.84,True,False
Emergent_autonomy_cascade_d60596,Emergent_coherence_ego_dissolution_223195,0.9056620969967977,30281.34,30765.24,True,False
Emergent_autonomy_cascade_d60596,Emergent_appears_cognition_22cb72,0.9041194716584988,30281.34,30800.59,True,False
Emergent_autonomy_cascade_d60596,Emergent_boundary_cascade_bfd474,0.9056494932696657,30281.34,30800.93,True,False
Emergent_autonomy_cascade_d60596,Emergent_chaos_clarity_5810ca,0.9054251198522703,30281.34,30819.1,True,False
Emergent_autonomy_cascade_d60596,Emergent_clarity_ego_dissolution_1aaf2b,0.9054282587803242,30281.34,30819.44,True,False
Emergent_autonomy_cascade_d60596,Emergent_constraint_contradiction_8d2c9c,0.9055306856602632,30281.34,30837.14,True,False
Emergent_autonomy_cascade_d60596,Emergent_analogy_anticipation_33cf9b,0.9052491308359742,30281.34,30855.68,True,False
Emergent_autonomy_cascade_d60596,Emergent_cascade_chaos_81ff1c,0.9058939021593253,30281.34,30876.87,True,False
Emergent_autonomy_cascade_d60596,Emergent_asymmetry_coherence_292c2a,0.9058008499537304,30281.34,30900.43,True,False
Emergent_autonomy_cascade_d60596,Emergent_appears_asymmetry_8ccc17,0.9058124814794297,30281.34,30921.74,True,False
Emergent_autonomy_cascade_d60596,Emergent_asymmetry_concept_910e9d,0.9058124814794297,30281.34,30922.08,True,False
Emergent_autonomy_cascade_d60596,Emergent_autonomy_bounded_6e75db,0.9053785204462672,30281.34,31014.83,True,False
Emergent_autonomy_cascade_d60596,Emergent_bounded_chaos_6978e0,0.9050878534150464,30281.34,31053.17,True,False
Emergent_autonomy_cascade_d60596,Emergent_bounded_contradiction_d8e7d7,0.9046726147990163,30281.34,31073.92,True,False
Emergent_autonomy_cascade_d60596,Emergent_clarity_constraint_bf278c,0.903725146703628,30281.34,31094.63,True,False
Emergent_autonomy_cascade_d60596,Emergent_cascade_chaos_0334fa,0.9040794167761164,30281.34,31094.97,True,False
Emergent_autonomy_cascade_d60596,Emergent_clarity_coherence_e8e60d,0.9012677099949171,30281.34,31115.47,True,False
Emergent_autonomy_cascade_d60596,Emergent_appears_coherence_abdafb,0.9028279351520208,30281.34,31138.27,True,False
Emergent_autonomy_cascade_d60596,Emergent_cascade_coherence_8055bb,0.9028279351520208,30281.34,31138.61,True,False
Emergent_autonomy_cascade_d60596,Emergent_autonomy_boundary_a0c946,0.9010107422809741,30281.34,31163.42,True,False
Emergent_autonomy_cascade_d60596,Emergent_autonomy_coherence_6ec10e,0.9009609043947908,30281.34,31163.76,True,False
Emergent_autonomy_cascade_d60596,Emergent_bounded_coherence_4beae6,0.8723427055090012,30281.34,31188.65,True,False
Emergent_autonomy_cascade_d60596,Emergent_autonomy_boundary_625a34,0.8742310805931044,30281.34,31288.19,True,False
Emergent_autonomy_cascade_d60596,Emergent_asymmetry_autonomy_823326,0.8783210301804392,30281.34,31333.37,True,False
Emergent_autonomy_cascade_d60596,Emergent_autonomy_clarity_d6bec2,0.8800887278118723,30281.34,31356.09,True,False
Emergent_autonomy_cascade_d60596,Emergent_boundary_bounded_d6917c,0.9299999999999999,30281.34,31405.49,True,False
Emergent_autonomy_cascade_d60596,Emergent_bounded_clarity_42b09f,0.9299999999999999,30281.34,31405.83,True,False
Emergent_autonomy_clarity_0e59af,Emergent_identity_memory_6b5c68,0.9069673901161186,30295.94,30311.62,True,False
Emergent_autonomy_clarity_0e59af,Emergent_analogy_anticipation_a29d2b,0.9069673904906428,30295.94,30326.92,True,False
Emergent_autonomy_clarity_0e59af,Emergent_bounded_ego_dissolution_9168ce,0.9048368526624186,30295.94,30360.0,True,False
Emergent_autonomy_clarity_0e59af,Emergent_boundary_bounded_497fce,0.9033397536976748,30295.94,30375.92,True,False
Emergent_autonomy_clarity_0e59af,Emergent_bounded_coherence_40a04d,0.9069673784944798,30295.94,30376.26,True,False
Emergent_autonomy_clarity_0e59af,Emergent_appears_asymmetry_b0db07,0.9069673795863871,30295.94,30391.21,True,False
Emergent_autonomy_clarity_0e59af,Emergent_asymmetry_boundary_1ae9ed,0.9069673795863871,30295.94,30391.55,True,False
Emergent_autonomy_clarity_0e59af,Emergent_boundary_emergence_from_interaction_1084d0,0.9069673702271825,30295.94,30408.19,True,False
Emergent_autonomy_clarity_0e59af,Emergent_boundary_chaos_fce1b4,0.9069673345730702,30295.94,30442.57,True,False
Emergent_autonomy_clarity_0e59af,Emergent_boundary_cascade_d6e347,0.9069673345730702,30295.94,30442.91,True,False
Emergent_autonomy_clarity_0e59af,Emergent_appears_asymmetry_8dba4c,0.9000838790651897,30295.94,30458.19,True,False
Emergent_autonomy_clarity_0e59af,Emergent_autonomy_bounded_72bafc,0.9069671362514462,30295.94,30529.29,True,False
Emergent_autonomy_clarity_0e59af,Emergent_coherence_contradiction_4a9cd7,0.906966840656001,30295.94,30565.21,True,False
Emergent_autonomy_clarity_0e59af,Emergent_asymmetry_autonomy_ae0f75,0.9069667423134848,30295.94,30618.74,True,False
Emergent_autonomy_clarity_0e59af,Emergent_ego_dissolution_identity_6998fa,0.9069617488310688,30295.94,30692.33,True,False
Emergent_autonomy_clarity_0e59af,Emergent_autonomy_bounded_5ceb4c,0.9069549093811085,30295.94,30728.01,True,False
Emergent_autonomy_clarity_0e59af,Emergent_appears_autonomy_718eb2,0.906949161944167,30295.94,30746.5,True,False
Emergent_autonomy_clarity_0e59af,Emergent_autonomy_boundary_fb8be0,0.906949161944167,30295.94,30746.84,True,False
Emergent_autonomy_clarity_0e59af,Emergent_coherence_ego_dissolution_223195,0.9069395828825979,30295.94,30765.24,True,False
Emergent_autonomy_clarity_0e59af,Emergent_appears_cognition_22cb72,0.9041194716584988,30295.94,30800.59,True,False
Emergent_autonomy_clarity_0e59af,Emergent_boundary_cascade_bfd474,0.9069269460798508,30295.94,30800.93,True,False
Emergent_autonomy_clarity_0e59af,Emergent_chaos_clarity_5810ca,0.9057401946535606,30295.94,30819.1,True,False
Emergent_autonomy_clarity_0e59af,Emergent_clarity_ego_dissolution_1aaf2b,0.906707638422811,30295.94,30819.44,True,False
Emergent_autonomy_clarity_0e59af,Emergent_constraint_contradiction_8d2c9c,0.9068115759060376,30295.94,30837.14,True,False
Emergent_autonomy_clarity_0e59af,Emergent_analogy_anticipation_33cf9b,0.9065261731289074,30295.94,30855.68,True,False
Emergent_autonomy_clarity_0e59af,Emergent_cascade_chaos_81ff1c,0.907165739545891,30295.94,30876.87,True,False
Emergent_autonomy_clarity_0e59af,Emergent_asymmetry_coherence_292c2a,0.9070726873402963,30295.94,30900.43,True,False
Emergent_autonomy_clarity_0e59af,Emergent_appears_asymmetry_8ccc17,0.9070843188659956,30295.94,30921.74,True,False
Emergent_autonomy_clarity_0e59af,Emergent_asymmetry_concept_910e9d,0.9070843188659956,30295.94,30922.08,True,False
Emergent_autonomy_clarity_0e59af,Emergent_autonomy_bounded_6e75db,0.9066503578328331,30295.94,31014.83,True,False
Emergent_autonomy_clarity_0e59af,Emergent_bounded_chaos_6978e0,0.9063596908016123,30295.94,31053.17,True,False
Emergent_autonomy_clarity_0e59af,Emergent_bounded_contradiction_d8e7d7,0.9059444521855822,30295.94,31073.92,True,False
Emergent_autonomy_clarity_0e59af,Emergent_clarity_constraint_bf278c,0.903725146703628,30295.94,31094.63,True,False
Emergent_autonomy_clarity_0e59af,Emergent_cascade_chaos_0334fa,0.9051411294275689,30295.94,31094.97,True,False
Emergent_autonomy_clarity_0e59af,Emergent_clarity_coherence_e8e60d,0.9016679695890757,30295.94,31115.47,True,False
Emergent_autonomy_clarity_0e59af,Emergent_appears_coherence_abdafb,0.9039866883501728,30295.94,31138.27,True,False
Emergent_autonomy_clarity_0e59af,Emergent_cascade_coherence_8055bb,0.9036564305815853,30295.94,31138.61,True,False
Emergent_autonomy_clarity_0e59af,Emergent_autonomy_boundary_a0c946,0.9021682012942167,30295.94,31163.42,True,False
Emergent_autonomy_clarity_0e59af,Emergent_autonomy_coherence_6ec10e,0.9021176283932135,30295.94,31163.76,True,False
Emergent_autonomy_clarity_0e59af,Emergent_bounded_coherence_4beae6,0.8723427055090012,30295.94,31188.65,True,False
Emergent_autonomy_clarity_0e59af,Emergent_autonomy_boundary_625a34,0.8751259383383267,30295.94,31288.19,True,False
Emergent_autonomy_clarity_0e59af,Emergent_asymmetry_autonomy_823326,0.8792256209373179,30295.94,31333.37,True,False
Emergent_autonomy_clarity_0e59af,Emergent_autonomy_clarity_d6bec2,0.8808433439019714,30295.94,31356.09,True,False
Emergent_autonomy_clarity_0e59af,Emergent_boundary_bounded_d6917c,0.9299999999999999,30295.94,31405.49,True,False
Emergent_autonomy_clarity_0e59af,Emergent_bounded_clarity_42b09f,0.9299999999999999,30295.94,31405.83,True,False
Emergent_identity_memory_6b5c68,Emergent_analogy_anticipation_a29d2b,0.9089661748958415,30311.62,30326.92,True,False
Emergent_identity_memory_6b5c68,Emergent_bounded_ego_dissolution_9168ce,0.9048368526624186,30311.62,30360.0,True,False
Emergent_identity_memory_6b5c68,Emergent_boundary_bounded_497fce,0.9033397536976748,30311.62,30375.92,True,False
Emergent_identity_memory_6b5c68,Emergent_bounded_coherence_40a04d,0.9071954793662347,30311.62,30376.26,True,False
Emergent_identity_memory_6b5c68,Emergent_appears_asymmetry_b0db07,0.9107023655479078,30311.62,30391.21,True,False
Emergent_identity_memory_6b5c68,Emergent_asymmetry_boundary_1ae9ed,0.9139568905854967,30311.62,30391.55,True,False
Emergent_identity_memory_6b5c68,Emergent_boundary_emergence_from_interaction_1084d0,0.9120781609917996,30311.62,30408.19,True,False
Emergent_identity_memory_6b5c68,Emergent_boundary_chaos_fce1b4,0.9077852100770305,30311.62,30442.57,True,False
Emergent_identity_memory_6b5c68,Emergent_boundary_cascade_d6e347,0.9080684311752267,30311.62,30442.91,True,False
Emergent_identity_memory_6b5c68,Emergent_appears_asymmetry_8dba4c,0.9000838790651897,30311.62,30458.19,True,False
Emergent_identity_memory_6b5c68,Emergent_autonomy_bounded_72bafc,0.9106472226679638,30311.62,30529.29,True,False
Emergent_identity_memory_6b5c68,Emergent_coherence_contradiction_4a9cd7,0.9073746382881207,30311.62,30565.21,True,False
Emergent_identity_memory_6b5c68,Emergent_asymmetry_autonomy_ae0f75,0.9070664151427237,30311.62,30618.74,True,False
Emergent_identity_memory_6b5c68,Emergent_ego_dissolution_identity_6998fa,0.9073151131608346,30311.62,30692.33,True,False
Emergent_identity_memory_6b5c68,Emergent_autonomy_bounded_5ceb4c,0.9145901823735403,30311.62,30728.01,True,False
Emergent_identity_memory_6b5c68,Emergent_appears_autonomy_718eb2,0.9114340511769954,30311.62,30746.5,True,False
Emergent_identity_memory_6b5c68,Emergent_autonomy_boundary_fb8be0,0.9074749391608234,30311.62,30746.84,True,False
Emergent_identity_memory_6b5c68,Emergent_coherence_ego_dissolution_223195,0.9101464838740949,30311.62,30765.24,True,False
Emergent_identity_memory_6b5c68,Emergent_appears_cognition_22cb72,0.9041194716584988,30311.62,30800.59,True,False
Emergent_identity_memory_6b5c68,Emergent_boundary_cascade_bfd474,0.9114838022571563,30311.62,30800.93,True,False
Emergent_identity_memory_6b5c68,Emergent_chaos_clarity_5810ca,0.9057401946535606,30311.62,30819.1,True,False
Emergent_identity_memory_6b5c68,Emergent_clarity_ego_dissolution_1aaf2b,0.9090899214317274,30311.62,30819.44,True,False
Emergent_identity_memory_6b5c68,Emergent_constraint_contradiction_8d2c9c,0.9096676056628359,30311.62,30837.14,True,False
Emergent_identity_memory_6b5c68,Emergent_analogy_anticipation_33cf9b,0.9137383016069518,30311.62,30855.68,True,False
Emergent_identity_memory_6b5c68,Emergent_cascade_chaos_81ff1c,0.9090259554791746,30311.62,30876.87,True,False
Emergent_identity_memory_6b5c68,Emergent_asymmetry_coherence_292c2a,0.9146742004030637,30311.62,30900.43,True,False
Emergent_identity_memory_6b5c68,Emergent_appears_asymmetry_8ccc17,0.910232177867401,30311.62,30921.74,True,False
Emergent_identity_memory_6b5c68,Emergent_asymmetry_concept_910e9d,0.914685831928763,30311.62,30922.08,True,False
Emergent_identity_memory_6b5c68,Emergent_autonomy_bounded_6e75db,0.9096769455572447,30311.62,31014.83,True,False
Emergent_identity_memory_6b5c68,Emergent_bounded_chaos_6978e0,0.9139145188455888,30311.62,31053.17,True,False
Emergent_identity_memory_6b5c68,Emergent_bounded_contradiction_d8e7d7,0.9102010747141178,30311.62,31073.92,True,False
Emergent_identity_memory_6b5c68,Emergent_clarity_constraint_bf278c,0.903725146703628,30311.62,31094.63,True,False
Emergent_identity_memory_6b5c68,Emergent_cascade_chaos_0334fa,0.9051411294275689,30311.62,31094.97,True,False
Emergent_identity_memory_6b5c68,Emergent_clarity_coherence_e8e60d,0.9016679695890757,30311.62,31115.47,True,False
Emergent_identity_memory_6b5c68,Emergent_appears_coherence_abdafb,0.9109123202472338,30311.62,31138.27,True,False
Emergent_identity_memory_6b5c68,Emergent_cascade_coherence_8055bb,0.9036564305815853,30311.62,31138.61,True,False
Emergent_identity_memory_6b5c68,Emergent_autonomy_boundary_a0c946,0.9090860981116218,30311.62,31163.42,True,False
Emergent_identity_memory_6b5c68,Emergent_autonomy_coherence_6ec10e,0.9066366805444086,30311.62,31163.76,True,False
Emergent_identity_memory_6b5c68,Emergent_bounded_coherence_4beae6,0.8723427055090012,30311.62,31188.65,True,False
Emergent_identity_memory_6b5c68,Emergent_autonomy_boundary_625a34,0.8785551920848158,30311.62,31288.19,True,False
Emergent_identity_memory_6b5c68,Emergent_asymmetry_autonomy_823326,0.8830035588709051,30311.62,31333.37,True,False
Emergent_identity_memory_6b5c68,Emergent_autonomy_clarity_d6bec2,0.8808433439019714,30311.62,31356.09,True,False
Emergent_identity_memory_6b5c68,Emergent_boundary_bounded_d6917c,0.9299999999999999,30311.62,31405.49,True,False
Emergent_identity_memory_6b5c68,Emergent_bounded_clarity_42b09f,0.9299999999999999,30311.62,31405.83,True,False
Emergent_analogy_anticipation_a29d2b,Emergent_bounded_ego_dissolution_9168ce,0.9048368526624186,30326.92,30360.0,True,False
Emergent_analogy_anticipation_a29d2b,Emergent_boundary_bounded_497fce,0.9033397536976748,30326.92,30375.92,True,False
Emergent_analogy_anticipation_a29d2b,Emergent_bounded_coherence_40a04d,0.9071954793662347,30326.92,30376.26,True,False
Emergent_analogy_anticipation_a29d2b,Emergent_appears_asymmetry_b0db07,0.9089661684131884,30326.92,30391.21,True,False
Emergent_analogy_anticipation_a29d2b,Emergent_asymmetry_boundary_1ae9ed,0.9089661684131884,30326.92,30391.55,True,False
Emergent_analogy_anticipation_a29d2b,Emergent_boundary_emergence_from_interaction_1084d0,0.9089661590539841,30326.92,30408.19,True,False
Emergent_analogy_anticipation_a29d2b,Emergent_boundary_chaos_fce1b4,0.9077852100770305,30326.92,30442.57,True,False
Emergent_analogy_anticipation_a29d2b,Emergent_boundary_cascade_d6e347,0.9080684311752267,30326.92,30442.91,True,False
Emergent_analogy_anticipation_a29d2b,Emergent_appears_asymmetry_8dba4c,0.9000838790651897,30326.92,30458.19,True,False
Emergent_analogy_anticipation_a29d2b,Emergent_autonomy_bounded_72bafc,0.9089659250782478,30326.92,30529.29,True,False
Emergent_analogy_anticipation_a29d2b,Emergent_coherence_contradiction_4a9cd7,0.9073746382881207,30326.92,30565.21,True,False
Emergent_analogy_anticipation_a29d2b,Emergent_asymmetry_autonomy_ae0f75,0.9070664151427237,30326.92,30618.74,True,False
Emergent_analogy_anticipation_a29d2b,Emergent_ego_dissolution_identity_6998fa,0.9073151131608346,30326.92,30692.33,True,False
Emergent_analogy_anticipation_a29d2b,Emergent_autonomy_bounded_5ceb4c,0.9089536663576199,30326.92,30728.01,True,False
Emergent_analogy_anticipation_a29d2b,Emergent_appears_autonomy_718eb2,0.9089479189206786,30326.92,30746.5,True,False
Emergent_analogy_anticipation_a29d2b,Emergent_autonomy_boundary_fb8be0,0.9074749391608234,30326.92,30746.84,True,False
Emergent_analogy_anticipation_a29d2b,Emergent_coherence_ego_dissolution_223195,0.9089383398591093,30326.92,30765.24,True,False
Emergent_analogy_anticipation_a29d2b,Emergent_appears_cognition_22cb72,0.9041194716584988,30326.92,30800.59,True,False
Emergent_analogy_anticipation_a29d2b,Emergent_boundary_cascade_bfd474,0.908925651306189,30326.92,30800.93,True,False
Emergent_analogy_anticipation_a29d2b,Emergent_chaos_clarity_5810ca,0.9057401946535606,30326.92,30819.1,True,False
Emergent_analogy_anticipation_a29d2b,Emergent_clarity_ego_dissolution_1aaf2b,0.9087093583748282,30326.92,30819.44,True,False
Emergent_analogy_anticipation_a29d2b,Emergent_constraint_contradiction_8d2c9c,0.9088156593509857,30326.92,30837.14,True,False
Emergent_analogy_anticipation_a29d2b,Emergent_analogy_anticipation_33cf9b,0.9085242360591306,30326.92,30855.68,True,False
Emergent_analogy_anticipation_a29d2b,Emergent_cascade_chaos_81ff1c,0.9090259554791746,30326.92,30876.87,True,False
Emergent_analogy_anticipation_a29d2b,Emergent_asymmetry_coherence_292c2a,0.9090626066635883,30326.92,30900.43,True,False
Emergent_analogy_anticipation_a29d2b,Emergent_appears_asymmetry_8ccc17,0.9090742381892876,30326.92,30921.74,True,False
Emergent_analogy_anticipation_a29d2b,Emergent_asymmetry_concept_910e9d,0.9090742381892876,30326.92,30922.08,True,False
Emergent_analogy_anticipation_a29d2b,Emergent_autonomy_bounded_6e75db,0.908640277156125,30326.92,31014.83,True,False
Emergent_analogy_anticipation_a29d2b,Emergent_bounded_chaos_6978e0,0.908349610124904,30326.92,31053.17,True,False
Emergent_analogy_anticipation_a29d2b,Emergent_bounded_contradiction_d8e7d7,0.9079343715088741,30326.92,31073.92,True,False
Emergent_analogy_anticipation_a29d2b,Emergent_clarity_constraint_bf278c,0.903725146703628,30326.92,31094.63,True,False
Emergent_analogy_anticipation_a29d2b,Emergent_cascade_chaos_0334fa,0.9051411294275689,30326.92,31094.97,True,False
Emergent_analogy_anticipation_a29d2b,Emergent_clarity_coherence_e8e60d,0.9016679695890757,30326.92,31115.47,True,False
Emergent_analogy_anticipation_a29d2b,Emergent_appears_coherence_abdafb,0.9057996759256952,30326.92,31138.27,True,False
Emergent_analogy_anticipation_a29d2b,Emergent_cascade_coherence_8055bb,0.9036564305815853,30326.92,31138.61,True,False
Emergent_analogy_anticipation_a29d2b,Emergent_autonomy_boundary_a0c946,0.9039791639854369,30326.92,31163.42,True,False
Emergent_analogy_anticipation_a29d2b,Emergent_autonomy_coherence_6ec10e,0.9039274410787737,30326.92,31163.76,True,False
Emergent_analogy_anticipation_a29d2b,Emergent_bounded_coherence_4beae6,0.8723427055090012,30326.92,31188.65,True,False
Emergent_analogy_anticipation_a29d2b,Emergent_autonomy_boundary_625a34,0.876526034559451,30326.92,31288.19,True,False
Emergent_analogy_anticipation_a29d2b,Emergent_asymmetry_autonomy_823326,0.8806409454479809,30326.92,31333.37,True,False
Emergent_analogy_anticipation_a29d2b,Emergent_autonomy_clarity_d6bec2,0.8808433439019714,30326.92,31356.09,True,False
Emergent_analogy_anticipation_a29d2b,Emergent_boundary_bounded_d6917c,0.9299999999999999,30326.92,31405.49,True,False
Emergent_analogy_anticipation_a29d2b,Emergent_bounded_clarity_42b09f,0.9299999999999999,30326.92,31405.83,True,False
Emergent_bounded_ego_dissolution_9168ce,Emergent_boundary_bounded_497fce,0.9033397536976748,30360.0,30375.92,True,False
Emergent_bounded_ego_dissolution_9168ce,Emergent_bounded_coherence_40a04d,0.9048368450190685,30360.0,30376.26,True,False
Emergent_bounded_ego_dissolution_9168ce,Emergent_appears_asymmetry_b0db07,0.9048368461109755,30360.0,30391.21,True,False
Emergent_bounded_ego_dissolution_9168ce,Emergent_asymmetry_boundary_1ae9ed,0.9048368461109755,30360.0,30391.55,True,False
Emergent_bounded_ego_dissolution_9168ce,Emergent_boundary_emergence_from_interaction_1084d0,0.9048368367517712,30360.0,30408.19,True,False
Emergent_bounded_ego_dissolution_9168ce,Emergent_boundary_chaos_fce1b4,0.9048368010976588,30360.0,30442.57,True,False
Emergent_bounded_ego_dissolution_9168ce,Emergent_boundary_cascade_d6e347,0.9048368010976588,30360.0,30442.91,True,False
Emergent_bounded_ego_dissolution_9168ce,Emergent_appears_asymmetry_8dba4c,0.9000838790651897,30360.0,30458.19,True,False
Emergent_bounded_ego_dissolution_9168ce,Emergent_autonomy_bounded_72bafc,0.9048366027760348,30360.0,30529.29,True,False
Emergent_bounded_ego_dissolution_9168ce,Emergent_coherence_contradiction_4a9cd7,0.9048363076556367,30360.0,30565.21,True,False
Emergent_bounded_ego_dissolution_9168ce,Emergent_asymmetry_autonomy_ae0f75,0.9048362427876873,30360.0,30618.74,True,False
Emergent_bounded_ego_dissolution_9168ce,Emergent_ego_dissolution_identity_6998fa,0.9048312493052713,30360.0,30692.33,True,False
Emergent_bounded_ego_dissolution_9168ce,Emergent_autonomy_bounded_5ceb4c,0.9048244098553111,30360.0,30728.01,True,False
Emergent_bounded_ego_dissolution_9168ce,Emergent_appears_autonomy_718eb2,0.9048186624183696,30360.0,30746.5,True,False
Emergent_bounded_ego_dissolution_9168ce,Emergent_autonomy_boundary_fb8be0,0.9048186624183696,30360.0,30746.84,True,False
Emergent_bounded_ego_dissolution_9168ce,Emergent_coherence_ego_dissolution_223195,0.9048090833568005,30360.0,30765.24,True,False
Emergent_bounded_ego_dissolution_9168ce,Emergent_appears_cognition_22cb72,0.9041194716584988,30360.0,30800.59,True,False
Emergent_bounded_ego_dissolution_9168ce,Emergent_boundary_cascade_bfd474,0.9047965017151969,30360.0,30800.93,True,False
Emergent_bounded_ego_dissolution_9168ce,Emergent_chaos_clarity_5810ca,0.9045708726084327,30360.0,30819.1,True,False
Emergent_bounded_ego_dissolution_9168ce,Emergent_clarity_ego_dissolution_1aaf2b,0.9045739806251556,30360.0,30819.44,True,False
Emergent_bounded_ego_dissolution_9168ce,Emergent_constraint_contradiction_8d2c9c,0.9046753988323386,30360.0,30837.14,True,False
Emergent_bounded_ego_dissolution_9168ce,Emergent_analogy_anticipation_33cf9b,0.9043964133955442,30360.0,30855.68,True,False
Emergent_bounded_ego_dissolution_9168ce,Emergent_cascade_chaos_81ff1c,0.9050446601828324,30360.0,30876.87,True,False
Emergent_bounded_ego_dissolution_9168ce,Emergent_asymmetry_coherence_292c2a,0.9049516079772373,30360.0,30900.43,True,False
Emergent_bounded_ego_dissolution_9168ce,Emergent_appears_asymmetry_8ccc17,0.9049632395029368,30360.0,30921.74,True,False
Emergent_bounded_ego_dissolution_9168ce,Emergent_asymmetry_concept_910e9d,0.9049632395029368,30360.0,30922.08,True,False
Emergent_bounded_ego_dissolution_9168ce,Emergent_autonomy_bounded_6e75db,0.9045292784697743,30360.0,31014.83,True,False
Emergent_bounded_ego_dissolution_9168ce,Emergent_bounded_chaos_6978e0,0.9042386114385534,30360.0,31053.17,True,False
Emergent_bounded_ego_dissolution_9168ce,Emergent_bounded_contradiction_d8e7d7,0.9038233728225233,30360.0,31073.92,True,False
Emergent_bounded_ego_dissolution_9168ce,Emergent_clarity_constraint_bf278c,0.9032301747996234,30360.0,31094.63,True,False
Emergent_bounded_ego_dissolution_9168ce,Emergent_cascade_chaos_0334fa,0.9032301747996234,30360.0,31094.97,True,False
Emergent_bounded_ego_dissolution_9168ce,Emergent_clarity_coherence_e8e60d,0.9002709072558766,30360.0,31115.47,True,False
Emergent_bounded_ego_dissolution_9168ce,Emergent_appears_coherence_abdafb,0.9020542027026837,30360.0,31138.27,True,False
Emergent_bounded_ego_dissolution_9168ce,Emergent_cascade_coherence_8055bb,0.9020542027026837,30360.0,31138.61,True,False
Emergent_bounded_ego_dissolution_9168ce,Emergent_autonomy_boundary_a0c946,0.9002378739956898,30360.0,31163.42,True,False
Emergent_bounded_ego_dissolution_9168ce,Emergent_autonomy_coherence_6ec10e,0.9001885268997958,30360.0,31163.76,True,False
Emergent_bounded_ego_dissolution_9168ce,Emergent_bounded_coherence_4beae6,0.8723427055090012,30360.0,31188.65,True,False
Emergent_bounded_ego_dissolution_9168ce,Emergent_autonomy_boundary_625a34,0.8736335586392292,30360.0,31288.19,True,False
Emergent_bounded_ego_dissolution_9168ce,Emergent_asymmetry_autonomy_823326,0.8777170092180082,30360.0,31333.37,True,False
Emergent_bounded_ego_dissolution_9168ce,Emergent_autonomy_clarity_d6bec2,0.8794841878971398,30360.0,31356.09,True,False
Emergent_bounded_ego_dissolution_9168ce,Emergent_boundary_bounded_d6917c,0.9299999999999999,30360.0,31405.49,True,False
Emergent_bounded_ego_dissolution_9168ce,Emergent_bounded_clarity_42b09f,0.9299999999999999,30360.0,31405.83,True,False
Emergent_boundary_bounded_497fce,Emergent_bounded_coherence_40a04d,0.9033397307676239,30375.92,30376.26,True,False
Emergent_boundary_bounded_497fce,Emergent_appears_asymmetry_b0db07,0.9033397318595311,30375.92,30391.21,True,False
Emergent_boundary_bounded_497fce,Emergent_asymmetry_boundary_1ae9ed,0.9033397318595311,30375.92,30391.55,True,False
Emergent_boundary_bounded_497fce,Emergent_boundary_emergence_from_interaction_1084d0,0.9033397454303775,30375.92,30408.19,True,False
Emergent_boundary_bounded_497fce,Emergent_boundary_chaos_fce1b4,0.9033397097762652,30375.92,30442.57,True,False
Emergent_boundary_bounded_497fce,Emergent_boundary_cascade_d6e347,0.9033397097762652,30375.92,30442.91,True,False
Emergent_boundary_bounded_497fce,Emergent_appears_asymmetry_8dba4c,0.9000838790651897,30375.92,30458.19,True,False
Emergent_boundary_bounded_497fce,Emergent_autonomy_bounded_72bafc,0.9033395114546412,30375.92,30529.29,True,False
Emergent_boundary_bounded_497fce,Emergent_coherence_contradiction_4a9cd7,0.9033392166680512,30375.92,30565.21,True,False
Emergent_boundary_bounded_497fce,Emergent_asymmetry_autonomy_ae0f75,0.9033391753221371,30375.92,30618.74,True,False
Emergent_boundary_bounded_497fce,Emergent_ego_dissolution_identity_6998fa,0.9033341818397211,30375.92,30692.33,True,False
Emergent_boundary_bounded_497fce,Emergent_autonomy_bounded_5ceb4c,0.903327342389761,30375.92,30728.01,True,False
Emergent_boundary_bounded_497fce,Emergent_appears_autonomy_718eb2,0.9033215949528193,30375.92,30746.5,True,False
Emergent_boundary_bounded_497fce,Emergent_autonomy_boundary_fb8be0,0.9033215949528193,30375.92,30746.84,True,False
Emergent_boundary_bounded_497fce,Emergent_coherence_ego_dissolution_223195,0.9033120158912504,30375.92,30765.24,True,False
Emergent_boundary_bounded_497fce,Emergent_appears_cognition_22cb72,0.9032989888305569,30375.92,30800.59,True,False
Emergent_boundary_bounded_497fce,Emergent_boundary_cascade_bfd474,0.9032994730104873,30375.92,30800.93,True,False
Emergent_boundary_bounded_497fce,Emergent_chaos_clarity_5810ca,0.903071640126887,30375.92,30819.1,True,False
Emergent_boundary_bounded_497fce,Emergent_clarity_ego_dissolution_1aaf2b,0.9030746938931897,30375.92,30819.44,True,False
Emergent_boundary_bounded_497fce,Emergent_constraint_contradiction_8d2c9c,0.9031743418459528,30375.92,30837.14,True,False
Emergent_boundary_bounded_497fce,Emergent_analogy_anticipation_33cf9b,0.9028998657701397,30375.92,30855.68,True,False
Emergent_boundary_bounded_497fce,Emergent_cascade_chaos_81ff1c,0.9035542121128672,30375.92,30876.87,True,False
Emergent_boundary_bounded_497fce,Emergent_asymmetry_coherence_292c2a,0.9034611599072726,30375.92,30900.43,True,False
Emergent_boundary_bounded_497fce,Emergent_appears_asymmetry_8ccc17,0.9034727914329719,30375.92,30921.74,True,False
Emergent_boundary_bounded_497fce,Emergent_asymmetry_concept_910e9d,0.9034727914329719,30375.92,30922.08,True,False
Emergent_boundary_bounded_497fce,Emergent_autonomy_bounded_6e75db,0.9030388303998094,30375.92,31014.83,True,False
Emergent_boundary_bounded_497fce,Emergent_bounded_chaos_6978e0,0.9027481633685885,30375.92,31053.17,True,False
Emergent_boundary_bounded_497fce,Emergent_bounded_contradiction_d8e7d7,0.9023329247525584,30375.92,31073.92,True,False
Emergent_boundary_bounded_497fce,Emergent_clarity_constraint_bf278c,0.9017397267296585,30375.92,31094.63,True,False
Emergent_boundary_bounded_497fce,Emergent_cascade_chaos_0334fa,0.9017397267296585,30375.92,31094.97,True,False
Emergent_boundary_bounded_497fce,Emergent_clarity_coherence_e8e60d,0.8985214851127625,30375.92,31115.47,True,False
Emergent_boundary_bounded_497fce,Emergent_appears_coherence_abdafb,0.9006962763781445,30375.92,31138.27,True,False
Emergent_boundary_bounded_497fce,Emergent_cascade_coherence_8055bb,0.9006962763781445,30375.92,31138.61,True,False
Emergent_boundary_bounded_497fce,Emergent_autonomy_boundary_a0c946,0.8988814643079632,30375.92,31163.42,True,False
Emergent_boundary_bounded_497fce,Emergent_autonomy_coherence_6ec10e,0.8988329785654396,30375.92,31163.76,True,False
Emergent_boundary_bounded_497fce,Emergent_bounded_coherence_4beae6,0.8720297350344608,30375.92,31188.65,True,False
Emergent_boundary_bounded_497fce,Emergent_autonomy_boundary_625a34,0.8725848876272368,30375.92,31288.19,True,False
Emergent_boundary_bounded_497fce,Emergent_asymmetry_autonomy_823326,0.8766569322286548,30375.92,31333.37,True,False
Emergent_boundary_bounded_497fce,Emergent_autonomy_clarity_d6bec2,0.878423200129141,30375.92,31356.09,True,False
Emergent_boundary_bounded_497fce,Emergent_boundary_bounded_d6917c,0.9299999999999999,30375.92,31405.49,True,False
Emergent_boundary_bounded_497fce,Emergent_bounded_clarity_42b09f,0.9299999999999999,30375.92,31405.83,True,False
Emergent_bounded_coherence_40a04d,Emergent_appears_asymmetry_b0db07,0.9071954575280909,30376.26,30391.21,True,False
Emergent_bounded_coherence_40a04d,Emergent_asymmetry_boundary_1ae9ed,0.9071954575280909,30376.26,30391.55,True,False
Emergent_bounded_coherence_40a04d,Emergent_boundary_emergence_from_interaction_1084d0,0.9071954710989374,30376.26,30408.19,True,False
Emergent_bounded_coherence_40a04d,Emergent_boundary_chaos_fce1b4,0.9071954354448253,30376.26,30442.57,True,False
Emergent_bounded_coherence_40a04d,Emergent_boundary_cascade_d6e347,0.9071954354448253,30376.26,30442.91,True,False
Emergent_bounded_coherence_40a04d,Emergent_appears_asymmetry_8dba4c,0.9000838790651897,30376.26,30458.19,True,False
Emergent_bounded_coherence_40a04d,Emergent_autonomy_bounded_72bafc,0.9071952371232013,30376.26,30529.29,True,False
Emergent_bounded_coherence_40a04d,Emergent_coherence_contradiction_4a9cd7,0.907194941476896,30376.26,30565.21,True,False
Emergent_bounded_coherence_40a04d,Emergent_asymmetry_autonomy_ae0f75,0.9070664151427237,30376.26,30618.74,True,False
Emergent_bounded_coherence_40a04d,Emergent_ego_dissolution_identity_6998fa,0.907189846068083,30376.26,30692.33,True,False
Emergent_bounded_coherence_40a04d,Emergent_autonomy_bounded_5ceb4c,0.9071830066181226,30376.26,30728.01,True,False
Emergent_bounded_coherence_40a04d,Emergent_appears_autonomy_718eb2,0.9071772591811813,30376.26,30746.5,True,False
Emergent_bounded_coherence_40a04d,Emergent_autonomy_boundary_fb8be0,0.9071772591811813,30376.26,30746.84,True,False
Emergent_bounded_coherence_40a04d,Emergent_coherence_ego_dissolution_223195,0.907167680119612,30376.26,30765.24,True,False
Emergent_bounded_coherence_40a04d,Emergent_appears_cognition_22cb72,0.9041194716584988,30376.26,30800.59,True,False
Emergent_bounded_coherence_40a04d,Emergent_boundary_cascade_bfd474,0.907155037411159,30376.26,30800.93,True,False
Emergent_bounded_coherence_40a04d,Emergent_chaos_clarity_5810ca,0.9057401946535606,30376.26,30819.1,True,False
Emergent_bounded_coherence_40a04d,Emergent_clarity_ego_dissolution_1aaf2b,0.9069360737932424,30376.26,30819.44,True,False
Emergent_bounded_coherence_40a04d,Emergent_constraint_contradiction_8d2c9c,0.9070402809972071,30376.26,30837.14,True,False
Emergent_bounded_coherence_40a04d,Emergent_analogy_anticipation_33cf9b,0.906754191161675,30376.26,30855.68,True,False
Emergent_bounded_coherence_40a04d,Emergent_cascade_chaos_81ff1c,0.9073928282339399,30376.26,30876.87,True,False
Emergent_bounded_coherence_40a04d,Emergent_asymmetry_coherence_292c2a,0.9072997760283448,30376.26,30900.43,True,False
Emergent_bounded_coherence_40a04d,Emergent_appears_asymmetry_8ccc17,0.9073114075540443,30376.26,30921.74,True,False
Emergent_bounded_coherence_40a04d,Emergent_asymmetry_concept_910e9d,0.9073114075540443,30376.26,30922.08,True,False
Emergent_bounded_coherence_40a04d,Emergent_autonomy_bounded_6e75db,0.9068774465208818,30376.26,31014.83,True,False
Emergent_bounded_coherence_40a04d,Emergent_bounded_chaos_6978e0,0.9065867794896609,30376.26,31053.17,True,False
Emergent_bounded_coherence_40a04d,Emergent_bounded_contradiction_d8e7d7,0.9061715408736308,30376.26,31073.92,True,False
Emergent_bounded_coherence_40a04d,Emergent_clarity_constraint_bf278c,0.903725146703628,30376.26,31094.63,True,False
Emergent_bounded_coherence_40a04d,Emergent_cascade_chaos_0334fa,0.9051411294275689,30376.26,31094.97,True,False
Emergent_bounded_coherence_40a04d,Emergent_clarity_coherence_e8e60d,0.9016679695890757,30376.26,31115.47,True,False
Emergent_bounded_coherence_40a04d,Emergent_appears_coherence_abdafb,0.9041935856676444,30376.26,31138.27,True,False
Emergent_bounded_coherence_40a04d,Emergent_cascade_coherence_8055bb,0.9036564305815853,30376.26,31138.61,True,False
Emergent_bounded_coherence_40a04d,Emergent_autonomy_boundary_a0c946,0.9023748675328127,30376.26,31163.42,True,False
Emergent_bounded_coherence_40a04d,Emergent_autonomy_coherence_6ec10e,0.9023241633936867,30376.26,31163.76,True,False
Emergent_bounded_coherence_40a04d,Emergent_bounded_coherence_4beae6,0.8723427055090012,30376.26,31188.65,True,False
Emergent_bounded_coherence_40a04d,Emergent_autonomy_boundary_625a34,0.8752857166822403,30376.26,31288.19,True,False
Emergent_bounded_coherence_40a04d,Emergent_asymmetry_autonomy_823326,0.8793871371267068,30376.26,31333.37,True,False
Emergent_bounded_coherence_40a04d,Emergent_autonomy_clarity_d6bec2,0.8808433439019714,30376.26,31356.09,True,False
Emergent_bounded_coherence_40a04d,Emergent_boundary_bounded_d6917c,0.9299999999999999,30376.26,31405.49,True,False
Emergent_bounded_coherence_40a04d,Emergent_bounded_clarity_42b09f,0.9299999999999999,30376.26,31405.83,True,False
Emergent_appears_asymmetry_b0db07,Emergent_asymmetry_boundary_1ae9ed,0.9107023437097643,30391.21,30391.55,True,False
Emergent_appears_asymmetry_b0db07,Emergent_boundary_emergence_from_interaction_1084d0,0.9107023561887035,30391.21,30408.19,True,False
Emergent_appears_asymmetry_b0db07,Emergent_boundary_chaos_fce1b4,0.9077852100770305,30391.21,30442.57,True,False
Emergent_appears_asymmetry_b0db07,Emergent_boundary_cascade_d6e347,0.9080684311752267,30391.21,30442.91,True,False
Emergent_appears_asymmetry_b0db07,Emergent_appears_asymmetry_8dba4c,0.9000838790651897,30391.21,30458.19,True,False
Emergent_appears_asymmetry_b0db07,Emergent_autonomy_bounded_72bafc,0.9106472226679638,30391.21,30529.29,True,False
Emergent_appears_asymmetry_b0db07,Emergent_coherence_contradiction_4a9cd7,0.9073746382881207,30391.21,30565.21,True,False
Emergent_appears_asymmetry_b0db07,Emergent_asymmetry_autonomy_ae0f75,0.9070664151427237,30391.21,30618.74,True,False
Emergent_appears_asymmetry_b0db07,Emergent_ego_dissolution_identity_6998fa,0.9073151131608346,30391.21,30692.33,True,False
Emergent_appears_asymmetry_b0db07,Emergent_autonomy_bounded_5ceb4c,0.9106898358263937,30391.21,30728.01,True,False
Emergent_appears_asymmetry_b0db07,Emergent_appears_autonomy_718eb2,0.9106840883894525,30391.21,30746.5,True,False
Emergent_appears_asymmetry_b0db07,Emergent_autonomy_boundary_fb8be0,0.9074749391608234,30391.21,30746.84,True,False
Emergent_appears_asymmetry_b0db07,Emergent_coherence_ego_dissolution_223195,0.9101464838740949,30391.21,30765.24,True,False
Emergent_appears_asymmetry_b0db07,Emergent_appears_cognition_22cb72,0.9041194716584988,30391.21,30800.59,True,False
Emergent_appears_asymmetry_b0db07,Emergent_boundary_cascade_bfd474,0.9106617758234896,30391.21,30800.93,True,False
Emergent_appears_asymmetry_b0db07,Emergent_chaos_clarity_5810ca,0.9057401946535606,30391.21,30819.1,True,False
Emergent_appears_asymmetry_b0db07,Emergent_clarity_ego_dissolution_1aaf2b,0.9090899214317274,30391.21,30819.44,True,False
Emergent_appears_asymmetry_b0db07,Emergent_constraint_contradiction_8d2c9c,0.9096676056628359,30391.21,30837.14,True,False
Emergent_appears_asymmetry_b0db07,Emergent_analogy_anticipation_33cf9b,0.9102598026622284,30391.21,30855.68,True,False
Emergent_appears_asymmetry_b0db07,Emergent_cascade_chaos_81ff1c,0.9090259554791746,30391.21,30876.87,True,False
Emergent_appears_asymmetry_b0db07,Emergent_asymmetry_coherence_292c2a,0.9107910995294155,30391.21,30900.43,True,False
Emergent_appears_asymmetry_b0db07,Emergent_appears_asymmetry_8ccc17,0.910232177867401,30391.21,30921.74,True,False
Emergent_appears_asymmetry_b0db07,Emergent_asymmetry_concept_910e9d,0.910802731055115,30391.21,30922.08,True,False
Emergent_appears_asymmetry_b0db07,Emergent_autonomy_bounded_6e75db,0.9096769455572447,30391.21,31014.83,True,False
Emergent_appears_asymmetry_b0db07,Emergent_bounded_chaos_6978e0,0.9100781029907314,30391.21,31053.17,True,False
Emergent_appears_asymmetry_b0db07,Emergent_bounded_contradiction_d8e7d7,0.9096628643747016,30391.21,31073.92,True,False
Emergent_appears_asymmetry_b0db07,Emergent_clarity_constraint_bf278c,0.903725146703628,30391.21,31094.63,True,False
Emergent_appears_asymmetry_b0db07,Emergent_cascade_chaos_0334fa,0.9051411294275689,30391.21,31094.97,True,False
Emergent_appears_asymmetry_b0db07,Emergent_clarity_coherence_e8e60d,0.9016679695890757,30391.21,31115.47,True,False
Emergent_appears_asymmetry_b0db07,Emergent_appears_coherence_abdafb,0.9073744815238136,30391.21,31138.27,True,False
Emergent_appears_asymmetry_b0db07,Emergent_cascade_coherence_8055bb,0.9036564305815853,30391.21,31138.61,True,False
Emergent_appears_asymmetry_b0db07,Emergent_autonomy_boundary_a0c946,0.9055522107192486,30391.21,31163.42,True,False
Emergent_appears_asymmetry_b0db07,Emergent_autonomy_coherence_6ec10e,0.905499488889385,30391.21,31163.76,True,False
Emergent_appears_asymmetry_b0db07,Emergent_bounded_coherence_4beae6,0.8723427055090012,30391.21,31188.65,True,False
Emergent_appears_asymmetry_b0db07,Emergent_autonomy_boundary_625a34,0.8777421925721693,30391.21,31288.19,True,False
Emergent_appears_asymmetry_b0db07,Emergent_asymmetry_autonomy_823326,0.8818703311275291,30391.21,31333.37,True,False
Emergent_appears_asymmetry_b0db07,Emergent_autonomy_clarity_d6bec2,0.8808433439019714,30391.21,31356.09,True,False
Emergent_appears_asymmetry_b0db07,Emergent_boundary_bounded_d6917c,0.9299999999999999,30391.21,31405.49,True,False
Emergent_appears_asymmetry_b0db07,Emergent_bounded_clarity_42b09f,0.9299999999999999,30391.21,31405.83,True,False
Emergent_asymmetry_boundary_1ae9ed,Emergent_boundary_emergence_from_interaction_1084d0,0.9120781609917996,30391.55,30408.19,True,False
Emergent_asymmetry_boundary_1ae9ed,Emergent_boundary_chaos_fce1b4,0.9077852100770305,30391.55,30442.57,True,False
Emergent_asymmetry_boundary_1ae9ed,Emergent_boundary_cascade_d6e347,0.9080684311752267,30391.55,30442.91,True,False
Emergent_asymmetry_boundary_1ae9ed,Emergent_appears_asymmetry_8dba4c,0.9000838790651897,30391.55,30458.19,True,False
Emergent_asymmetry_boundary_1ae9ed,Emergent_autonomy_bounded_72bafc,0.9106472226679638,30391.55,30529.29,True,False
Emergent_asymmetry_boundary_1ae9ed,Emergent_coherence_contradiction_4a9cd7,0.9073746382881207,30391.55,30565.21,True,False
Emergent_asymmetry_boundary_1ae9ed,Emergent_asymmetry_autonomy_ae0f75,0.9070664151427237,30391.55,30618.74,True,False
Emergent_asymmetry_boundary_1ae9ed,Emergent_ego_dissolution_identity_6998fa,0.9073151131608346,30391.55,30692.33,True,False
Emergent_asymmetry_boundary_1ae9ed,Emergent_autonomy_bounded_5ceb4c,0.9139443090037935,30391.55,30728.01,True,False
Emergent_asymmetry_boundary_1ae9ed,Emergent_appears_autonomy_718eb2,0.9114340511769954,30391.55,30746.5,True,False
Emergent_asymmetry_boundary_1ae9ed,Emergent_autonomy_boundary_fb8be0,0.9074749391608234,30391.55,30746.84,True,False
Emergent_asymmetry_boundary_1ae9ed,Emergent_coherence_ego_dissolution_223195,0.9101464838740949,30391.55,30765.24,True,False
Emergent_asymmetry_boundary_1ae9ed,Emergent_appears_cognition_22cb72,0.9041194716584988,30391.55,30800.59,True,False
Emergent_asymmetry_boundary_1ae9ed,Emergent_boundary_cascade_bfd474,0.9114838022571563,30391.55,30800.93,True,False
Emergent_asymmetry_boundary_1ae9ed,Emergent_chaos_clarity_5810ca,0.9057401946535606,30391.55,30819.1,True,False
Emergent_asymmetry_boundary_1ae9ed,Emergent_clarity_ego_dissolution_1aaf2b,0.9090899214317274,30391.55,30819.44,True,False
Emergent_asymmetry_boundary_1ae9ed,Emergent_constraint_contradiction_8d2c9c,0.9096676056628359,30391.55,30837.14,True,False
Emergent_asymmetry_boundary_1ae9ed,Emergent_analogy_anticipation_33cf9b,0.9135131457597552,30391.55,30855.68,True,False
Emergent_asymmetry_boundary_1ae9ed,Emergent_cascade_chaos_81ff1c,0.9090259554791746,30391.55,30876.87,True,False
Emergent_asymmetry_boundary_1ae9ed,Emergent_asymmetry_coherence_292c2a,0.9140311828106487,30391.55,30900.43,True,False
Emergent_asymmetry_boundary_1ae9ed,Emergent_appears_asymmetry_8ccc17,0.910232177867401,30391.55,30921.74,True,False
Emergent_asymmetry_boundary_1ae9ed,Emergent_asymmetry_concept_910e9d,0.9140428143363479,30391.55,30922.08,True,False
Emergent_asymmetry_boundary_1ae9ed,Emergent_autonomy_bounded_6e75db,0.9096769455572447,30391.55,31014.83,True,False
Emergent_asymmetry_boundary_1ae9ed,Emergent_bounded_chaos_6978e0,0.9133181862719646,30391.55,31053.17,True,False
Emergent_asymmetry_boundary_1ae9ed,Emergent_bounded_contradiction_d8e7d7,0.9102010747141178,30391.55,31073.92,True,False
Emergent_asymmetry_boundary_1ae9ed,Emergent_clarity_constraint_bf278c,0.903725146703628,30391.55,31094.63,True,False
Emergent_asymmetry_boundary_1ae9ed,Emergent_cascade_chaos_0334fa,0.9051411294275689,30391.55,31094.97,True,False
Emergent_asymmetry_boundary_1ae9ed,Emergent_clarity_coherence_e8e60d,0.9016679695890757,30391.55,31115.47,True,False
Emergent_asymmetry_boundary_1ae9ed,Emergent_appears_coherence_abdafb,0.9103264759407612,30391.55,31138.27,True,False
Emergent_asymmetry_boundary_1ae9ed,Emergent_cascade_coherence_8055bb,0.9036564305815853,30391.55,31138.61,True,False
Emergent_asymmetry_boundary_1ae9ed,Emergent_autonomy_boundary_a0c946,0.9085009081212381,30391.55,31163.42,True,False
Emergent_asymmetry_boundary_1ae9ed,Emergent_autonomy_coherence_6ec10e,0.9066366805444086,30391.55,31163.76,True,False
Emergent_asymmetry_boundary_1ae9ed,Emergent_bounded_coherence_4beae6,0.8723427055090012,30391.55,31188.65,True,False
Emergent_asymmetry_boundary_1ae9ed,Emergent_autonomy_boundary_625a34,0.8785551920848158,30391.55,31288.19,True,False
Emergent_asymmetry_boundary_1ae9ed,Emergent_asymmetry_autonomy_823326,0.8830035588709051,30391.55,31333.37,True,False
Emergent_asymmetry_boundary_1ae9ed,Emergent_autonomy_clarity_d6bec2,0.8808433439019714,30391.55,31356.09,True,False
Emergent_asymmetry_boundary_1ae9ed,Emergent_boundary_bounded_d6917c,0.9299999999999999,30391.55,31405.49,True,False
Emergent_asymmetry_boundary_1ae9ed,Emergent_bounded_clarity_42b09f,0.9299999999999999,30391.55,31405.83,True,False
Emergent_boundary_emergence_from_interaction_1084d0,Emergent_boundary_chaos_fce1b4,0.9077852100770305,30408.19,30442.57,True,False
Emergent_boundary_emergence_from_interaction_1084d0,Emergent_boundary_cascade_d6e347,0.9080684311752267,30408.19,30442.91,True,False
Emergent_boundary_emergence_from_interaction_1084d0,Emergent_appears_asymmetry_8dba4c,0.9000838790651897,30408.19,30458.19,True,False
Emergent_boundary_emergence_from_interaction_1084d0,Emergent_autonomy_bounded_72bafc,0.9106472226679638,30408.19,30529.29,True,False
Emergent_boundary_emergence_from_interaction_1084d0,Emergent_coherence_contradiction_4a9cd7,0.9073746382881207,30408.19,30565.21,True,False
Emergent_boundary_emergence_from_interaction_1084d0,Emergent_asymmetry_autonomy_ae0f75,0.9070664151427237,30408.19,30618.74,True,False
Emergent_boundary_emergence_from_interaction_1084d0,Emergent_ego_dissolution_identity_6998fa,0.9073151131608346,30408.19,30692.33,True,False
Emergent_boundary_emergence_from_interaction_1084d0,Emergent_autonomy_bounded_5ceb4c,0.9120656187063223,30408.19,30728.01,True,False
Emergent_boundary_emergence_from_interaction_1084d0,Emergent_appears_autonomy_718eb2,0.9114340511769954,30408.19,30746.5,True,False
Emergent_boundary_emergence_from_interaction_1084d0,Emergent_autonomy_boundary_fb8be0,0.9074749391608234,30408.19,30746.84,True,False
Emergent_boundary_emergence_from_interaction_1084d0,Emergent_coherence_ego_dissolution_223195,0.9101464838740949,30408.19,30765.24,True,False
Emergent_boundary_emergence_from_interaction_1084d0,Emergent_appears_cognition_22cb72,0.9041194716584988,30408.19,30800.59,True,False
Emergent_boundary_emergence_from_interaction_1084d0,Emergent_boundary_cascade_bfd474,0.9114838022571563,30408.19,30800.93,True,False
Emergent_boundary_emergence_from_interaction_1084d0,Emergent_chaos_clarity_5810ca,0.9057401946535606,30408.19,30819.1,True,False
Emergent_boundary_emergence_from_interaction_1084d0,Emergent_clarity_ego_dissolution_1aaf2b,0.9090899214317274,30408.19,30819.44,True,False
Emergent_boundary_emergence_from_interaction_1084d0,Emergent_constraint_contradiction_8d2c9c,0.9096676056628359,30408.19,30837.14,True,False
Emergent_boundary_emergence_from_interaction_1084d0,Emergent_analogy_anticipation_33cf9b,0.9116351078167442,30408.19,30855.68,True,False
Emergent_boundary_emergence_from_interaction_1084d0,Emergent_cascade_chaos_81ff1c,0.9090259554791746,30408.19,30876.87,True,False
Emergent_boundary_emergence_from_interaction_1084d0,Emergent_asymmetry_coherence_292c2a,0.9121607992826104,30408.19,30900.43,True,False
Emergent_boundary_emergence_from_interaction_1084d0,Emergent_appears_asymmetry_8ccc17,0.910232177867401,30408.19,30921.74,True,False
Emergent_boundary_emergence_from_interaction_1084d0,Emergent_asymmetry_concept_910e9d,0.9121724308083097,30408.19,30922.08,True,False
Emergent_boundary_emergence_from_interaction_1084d0,Emergent_autonomy_bounded_6e75db,0.9096769455572447,30408.19,31014.83,True,False
Emergent_boundary_emergence_from_interaction_1084d0,Emergent_bounded_chaos_6978e0,0.9114478027439263,30408.19,31053.17,True,False
Emergent_boundary_emergence_from_interaction_1084d0,Emergent_bounded_contradiction_d8e7d7,0.9102010747141178,30408.19,31073.92,True,False
Emergent_boundary_emergence_from_interaction_1084d0,Emergent_clarity_constraint_bf278c,0.903725146703628,30408.19,31094.63,True,False
Emergent_boundary_emergence_from_interaction_1084d0,Emergent_cascade_chaos_0334fa,0.9051411294275689,30408.19,31094.97,True,False
Emergent_boundary_emergence_from_interaction_1084d0,Emergent_clarity_coherence_e8e60d,0.9016679695890757,30408.19,31115.47,True,False
Emergent_boundary_emergence_from_interaction_1084d0,Emergent_appears_coherence_abdafb,0.9086223957511252,30408.19,31138.27,True,False
Emergent_boundary_emergence_from_interaction_1084d0,Emergent_cascade_coherence_8055bb,0.9036564305815853,30408.19,31138.61,True,False
Emergent_boundary_emergence_from_interaction_1084d0,Emergent_autonomy_boundary_a0c946,0.9067987311797394,30408.19,31163.42,True,False
Emergent_boundary_emergence_from_interaction_1084d0,Emergent_autonomy_coherence_6ec10e,0.9066366805444086,30408.19,31163.76,True,False
Emergent_boundary_emergence_from_interaction_1084d0,Emergent_bounded_coherence_4beae6,0.8723427055090012,30408.19,31188.65,True,False
Emergent_boundary_emergence_from_interaction_1084d0,Emergent_autonomy_boundary_625a34,0.8785551920848158,30408.19,31288.19,True,False
Emergent_boundary_emergence_from_interaction_1084d0,Emergent_asymmetry_autonomy_823326,0.8828445262168751,30408.19,31333.37,True,False
Emergent_boundary_emergence_from_interaction_1084d0,Emergent_autonomy_clarity_d6bec2,0.8808433439019714,30408.19,31356.09,True,False
Emergent_boundary_emergence_from_interaction_1084d0,Emergent_boundary_bounded_d6917c,0.9299999999999999,30408.19,31405.49,True,False
Emergent_boundary_emergence_from_interaction_1084d0,Emergent_bounded_clarity_42b09f,0.9299999999999999,30408.19,31405.83,True,False
Emergent_boundary_chaos_fce1b4,Emergent_boundary_cascade_d6e347,0.9077851432255701,30442.57,30442.91,True,False
Emergent_boundary_chaos_fce1b4,Emergent_appears_asymmetry_8dba4c,0.9000838122137294,30442.57,30458.19,True,False
Emergent_boundary_chaos_fce1b4,Emergent_autonomy_bounded_72bafc,0.9077850117554065,30442.57,30529.29,True,False
Emergent_boundary_chaos_fce1b4,Emergent_coherence_contradiction_4a9cd7,0.9073746382881207,30442.57,30565.21,True,False
Emergent_boundary_chaos_fce1b4,Emergent_asymmetry_autonomy_ae0f75,0.9070664151427237,30442.57,30618.74,True,False
Emergent_boundary_chaos_fce1b4,Emergent_ego_dissolution_identity_6998fa,0.9073151131608346,30442.57,30692.33,True,False
Emergent_boundary_chaos_fce1b4,Emergent_autonomy_bounded_5ceb4c,0.9077727718523902,30442.57,30728.01,True,False
Emergent_boundary_chaos_fce1b4,Emergent_appears_autonomy_718eb2,0.9077670244154488,30442.57,30746.5,True,False
Emergent_boundary_chaos_fce1b4,Emergent_autonomy_boundary_fb8be0,0.9074749391608234,30442.57,30746.84,True,False
Emergent_boundary_chaos_fce1b4,Emergent_coherence_ego_dissolution_223195,0.9077574453538797,30442.57,30765.24,True,False
Emergent_boundary_chaos_fce1b4,Emergent_appears_cognition_22cb72,0.9041194716584988,30442.57,30800.59,True,False
Emergent_boundary_chaos_fce1b4,Emergent_boundary_cascade_bfd474,0.9077447873757096,30442.57,30800.93,True,False
Emergent_boundary_chaos_fce1b4,Emergent_chaos_clarity_5810ca,0.9057401946535606,30442.57,30819.1,True,False
Emergent_boundary_chaos_fce1b4,Emergent_clarity_ego_dissolution_1aaf2b,0.9075267133008527,30442.57,30819.44,True,False
Emergent_boundary_chaos_fce1b4,Emergent_constraint_contradiction_8d2c9c,0.9076316178912323,30442.57,30837.14,True,False
Emergent_boundary_chaos_fce1b4,Emergent_analogy_anticipation_33cf9b,0.9073437516064775,30442.57,30855.68,True,False
Emergent_boundary_chaos_fce1b4,Emergent_cascade_chaos_81ff1c,0.907979985777186,30442.57,30876.87,True,False
Emergent_boundary_chaos_fce1b4,Emergent_asymmetry_coherence_292c2a,0.9078869335715911,30442.57,30900.43,True,False
Emergent_boundary_chaos_fce1b4,Emergent_appears_asymmetry_8ccc17,0.9078985650972906,30442.57,30921.74,True,False
Emergent_boundary_chaos_fce1b4,Emergent_asymmetry_concept_910e9d,0.9078985650972906,30442.57,30922.08,True,False
Emergent_boundary_chaos_fce1b4,Emergent_autonomy_bounded_6e75db,0.9074646040641281,30442.57,31014.83,True,False
Emergent_boundary_chaos_fce1b4,Emergent_bounded_chaos_6978e0,0.907173937032907,30442.57,31053.17,True,False
Emergent_boundary_chaos_fce1b4,Emergent_bounded_contradiction_d8e7d7,0.9067586984168772,30442.57,31073.92,True,False
Emergent_boundary_chaos_fce1b4,Emergent_clarity_constraint_bf278c,0.903725146703628,30442.57,31094.63,True,False
Emergent_boundary_chaos_fce1b4,Emergent_cascade_chaos_0334fa,0.9051411294275689,30442.57,31094.97,True,False
Emergent_boundary_chaos_fce1b4,Emergent_clarity_coherence_e8e60d,0.9016679695890757,30442.57,31115.47,True,False
Emergent_boundary_chaos_fce1b4,Emergent_appears_coherence_abdafb,0.9047285366670741,30442.57,31138.27,True,False
Emergent_boundary_chaos_fce1b4,Emergent_cascade_coherence_8055bb,0.9036564305815853,30442.57,31138.61,True,False
Emergent_boundary_chaos_fce1b4,Emergent_autonomy_boundary_a0c946,0.9029092210577228,30442.57,31163.42,True,False
Emergent_boundary_chaos_fce1b4,Emergent_autonomy_coherence_6ec10e,0.9028581775910218,30442.57,31163.76,True,False
Emergent_boundary_chaos_fce1b4,Emergent_bounded_coherence_4beae6,0.8723427055090012,30442.57,31188.65,True,False
Emergent_boundary_chaos_fce1b4,Emergent_autonomy_boundary_625a34,0.8756988374795918,30442.57,31288.19,True,False
Emergent_boundary_chaos_fce1b4,Emergent_asymmetry_autonomy_823326,0.8798047512746023,30442.57,31333.37,True,False
Emergent_boundary_chaos_fce1b4,Emergent_autonomy_clarity_d6bec2,0.8808433439019714,30442.57,31356.09,True,False
Emergent_boundary_chaos_fce1b4,Emergent_boundary_bounded_d6917c,0.9299999999999999,30442.57,31405.49,True,False
Emergent_boundary_chaos_fce1b4,Emergent_bounded_clarity_42b09f,0.9299999999999999,30442.57,31405.83,True,False
Emergent_boundary_cascade_d6e347,Emergent_appears_asymmetry_8dba4c,0.9000838122137294,30442.91,30458.19,True,False
Emergent_boundary_cascade_d6e347,Emergent_autonomy_bounded_72bafc,0.9080682328536025,30442.91,30529.29,True,False
Emergent_boundary_cascade_d6e347,Emergent_coherence_contradiction_4a9cd7,0.9073746382881207,30442.91,30565.21,True,False
Emergent_boundary_cascade_d6e347,Emergent_asymmetry_autonomy_ae0f75,0.9070664151427237,30442.91,30618.74,True,False
Emergent_boundary_cascade_d6e347,Emergent_ego_dissolution_identity_6998fa,0.9073151131608346,30442.91,30692.33,True,False
Emergent_boundary_cascade_d6e347,Emergent_autonomy_bounded_5ceb4c,0.9080559884375161,30442.91,30728.01,True,False
Emergent_boundary_cascade_d6e347,Emergent_appears_autonomy_718eb2,0.9080502410005746,30442.91,30746.5,True,False
Emergent_boundary_cascade_d6e347,Emergent_autonomy_boundary_fb8be0,0.9074749391608234,30442.91,30746.84,True,False
Emergent_boundary_cascade_d6e347,Emergent_coherence_ego_dissolution_223195,0.9080406619390058,30442.91,30765.24,True,False
Emergent_boundary_cascade_d6e347,Emergent_appears_cognition_22cb72,0.9041194716584988,30442.91,30800.59,True,False
Emergent_boundary_cascade_d6e347,Emergent_boundary_cascade_bfd474,0.9080279966280245,30442.91,30800.93,True,False
Emergent_boundary_cascade_d6e347,Emergent_chaos_clarity_5810ca,0.9057401946535606,30442.91,30819.1,True,False
Emergent_boundary_cascade_d6e347,Emergent_clarity_ego_dissolution_1aaf2b,0.9078103497288181,30442.91,30819.44,True,False
Emergent_boundary_cascade_d6e347,Emergent_constraint_contradiction_8d2c9c,0.9079155892175395,30442.91,30837.14,True,False
Emergent_boundary_cascade_d6e347,Emergent_analogy_anticipation_33cf9b,0.9076268698477719,30442.91,30855.68,True,False
Emergent_boundary_cascade_d6e347,Emergent_cascade_chaos_81ff1c,0.908261950099033,30442.91,30876.87,True,False
Emergent_boundary_cascade_d6e347,Emergent_asymmetry_coherence_292c2a,0.9081688978934381,30442.91,30900.43,True,False
Emergent_boundary_cascade_d6e347,Emergent_appears_asymmetry_8ccc17,0.9081805294191374,30442.91,30921.74,True,False
Emergent_boundary_cascade_d6e347,Emergent_asymmetry_concept_910e9d,0.9081805294191374,30442.91,30922.08,True,False
Emergent_boundary_cascade_d6e347,Emergent_autonomy_bounded_6e75db,0.9077465683859751,30442.91,31014.83,True,False
Emergent_boundary_cascade_d6e347,Emergent_bounded_chaos_6978e0,0.9074559013547541,30442.91,31053.17,True,False
Emergent_boundary_cascade_d6e347,Emergent_bounded_contradiction_d8e7d7,0.907040662738724,30442.91,31073.92,True,False
Emergent_boundary_cascade_d6e347,Emergent_clarity_constraint_bf278c,0.903725146703628,30442.91,31094.63,True,False
Emergent_boundary_cascade_d6e347,Emergent_cascade_chaos_0334fa,0.9051411294275689,30442.91,31094.97,True,False
Emergent_boundary_cascade_d6e347,Emergent_clarity_coherence_e8e60d,0.9016679695890757,30442.91,31115.47,True,False
Emergent_boundary_cascade_d6e347,Emergent_appears_coherence_abdafb,0.9049854304045566,30442.91,31138.27,True,False
Emergent_boundary_cascade_d6e347,Emergent_cascade_coherence_8055bb,0.9036564305815853,30442.91,31138.61,True,False
Emergent_boundary_cascade_d6e347,Emergent_autonomy_boundary_a0c946,0.9031658278764731,30442.91,31163.42,True,False
Emergent_boundary_cascade_d6e347,Emergent_autonomy_coherence_6ec10e,0.9031146214581578,30442.91,31163.76,True,False
Emergent_boundary_cascade_d6e347,Emergent_bounded_coherence_4beae6,0.8723427055090012,30442.91,31188.65,True,False
Emergent_boundary_cascade_d6e347,Emergent_autonomy_boundary_625a34,0.8758972260156941,30442.91,31288.19,True,False
Emergent_boundary_cascade_d6e347,Emergent_asymmetry_autonomy_823326,0.8800052976038786,30442.91,31333.37,True,False
Emergent_boundary_cascade_d6e347,Emergent_autonomy_clarity_d6bec2,0.8808433439019714,30442.91,31356.09,True,False
Emergent_boundary_cascade_d6e347,Emergent_boundary_bounded_d6917c,0.9299999999999999,30442.91,31405.49,True,False
Emergent_boundary_cascade_d6e347,Emergent_bounded_clarity_42b09f,0.9299999999999999,30442.91,31405.83,True,False
Emergent_appears_asymmetry_8dba4c,Emergent_autonomy_bounded_72bafc,0.9000836775601628,30458.19,30529.29,True,False
Emergent_appears_asymmetry_8dba4c,Emergent_coherence_contradiction_4a9cd7,0.9000833834125295,30458.19,30565.21,True,False
Emergent_appears_asymmetry_8dba4c,Emergent_asymmetry_autonomy_ae0f75,0.900083387091188,30458.19,30618.74,True,False
Emergent_appears_asymmetry_8dba4c,Emergent_ego_dissolution_identity_6998fa,0.900078393608772,30458.19,30692.33,True,False
Emergent_appears_asymmetry_8dba4c,Emergent_autonomy_bounded_5ceb4c,0.9000715541588118,30458.19,30728.01,True,False
Emergent_appears_asymmetry_8dba4c,Emergent_appears_autonomy_718eb2,0.9000658067218703,30458.19,30746.5,True,False
Emergent_appears_asymmetry_8dba4c,Emergent_autonomy_boundary_fb8be0,0.9000658067218703,30458.19,30746.84,True,False
Emergent_appears_asymmetry_8dba4c,Emergent_coherence_ego_dissolution_223195,0.900056227660301,30458.19,30765.24,True,False
Emergent_appears_asymmetry_8dba4c,Emergent_appears_cognition_22cb72,0.9000432912579641,30458.19,30800.59,True,False
Emergent_appears_asymmetry_8dba4c,Emergent_boundary_cascade_bfd474,0.9000437589733852,30458.19,30800.93,True,False
Emergent_appears_asymmetry_8dba4c,Emergent_chaos_clarity_5810ca,0.8998117077426497,30458.19,30819.1,True,False
Emergent_appears_asymmetry_8dba4c,Emergent_clarity_ego_dissolution_1aaf2b,0.8998146576658135,30458.19,30819.44,True,False
Emergent_appears_asymmetry_8dba4c,Emergent_constraint_contradiction_8d2c9c,0.8999109170959567,30458.19,30837.14,True,False
Emergent_appears_asymmetry_8dba4c,Emergent_analogy_anticipation_33cf9b,0.899645072588305,30458.19,30855.68,True,False
Emergent_appears_asymmetry_8dba4c,Emergent_cascade_chaos_81ff1c,0.9003110943610444,30458.19,30876.87,True,False
Emergent_appears_asymmetry_8dba4c,Emergent_asymmetry_coherence_292c2a,0.9002180421554498,30458.19,30900.43,True,False
Emergent_appears_asymmetry_8dba4c,Emergent_appears_asymmetry_8ccc17,0.900229673681149,30458.19,30921.74,True,False
Emergent_appears_asymmetry_8dba4c,Emergent_asymmetry_concept_910e9d,0.900229673681149,30458.19,30922.08,True,False
Emergent_appears_asymmetry_8dba4c,Emergent_autonomy_bounded_6e75db,0.8997957126479865,30458.19,31014.83,True,False
Emergent_appears_asymmetry_8dba4c,Emergent_bounded_chaos_6978e0,0.8995050456167657,30458.19,31053.17,True,False
Emergent_appears_asymmetry_8dba4c,Emergent_bounded_contradiction_d8e7d7,0.8990898070007356,30458.19,31073.92,True,False
Emergent_appears_asymmetry_8dba4c,Emergent_clarity_constraint_bf278c,0.8984966089778355,30458.19,31094.63,True,False
Emergent_appears_asymmetry_8dba4c,Emergent_cascade_chaos_0334fa,0.8984966089778355,30458.19,31094.97,True,False
Emergent_appears_asymmetry_8dba4c,Emergent_clarity_coherence_e8e60d,0.8947826535837942,30458.19,31115.47,True,False
Emergent_appears_asymmetry_8dba4c,Emergent_appears_coherence_abdafb,0.896926454596287,30458.19,31138.27,True,False
Emergent_appears_asymmetry_8dba4c,Emergent_cascade_coherence_8055bb,0.896926454596287,30458.19,31138.61,True,False
Emergent_appears_asymmetry_8dba4c,Emergent_autonomy_boundary_a0c946,0.8962851002724315,30458.19,31163.42,True,False
Emergent_appears_asymmetry_8dba4c,Emergent_autonomy_coherence_6ec10e,0.8962382632846566,30458.19,31163.76,True,False
Emergent_appears_asymmetry_8dba4c,Emergent_bounded_coherence_4beae6,0.868560604727235,30458.19,31188.65,True,False
Emergent_appears_asymmetry_8dba4c,Emergent_autonomy_boundary_625a34,0.8705775798608018,30458.19,31288.19,True,False
Emergent_appears_asymmetry_8dba4c,Emergent_asymmetry_autonomy_823326,0.8746277917742946,30458.19,31333.37,True,False
Emergent_appears_asymmetry_8dba4c,Emergent_autonomy_clarity_d6bec2,0.8763923163129186,30458.19,31356.09,True,False
Emergent_appears_asymmetry_8dba4c,Emergent_boundary_bounded_d6917c,0.9299999999999999,30458.19,31405.49,True,False
Emergent_appears_asymmetry_8dba4c,Emergent_bounded_clarity_42b09f,0.9299999999999999,30458.19,31405.83,True,False
Emergent_autonomy_bounded_72bafc,Emergent_coherence_contradiction_4a9cd7,0.9073746382881207,30529.29,30565.21,True,False
Emergent_autonomy_bounded_72bafc,Emergent_asymmetry_autonomy_ae0f75,0.9070664151427237,30529.29,30618.74,True,False
Emergent_autonomy_bounded_72bafc,Emergent_ego_dissolution_identity_6998fa,0.9073151131608346,30529.29,30692.33,True,False
Emergent_autonomy_bounded_72bafc,Emergent_autonomy_bounded_5ceb4c,0.9106349371562037,30529.29,30728.01,True,False
Emergent_autonomy_bounded_72bafc,Emergent_appears_autonomy_718eb2,0.9106291897192622,30529.29,30746.5,True,False
Emergent_autonomy_bounded_72bafc,Emergent_autonomy_boundary_fb8be0,0.9074749391608234,30529.29,30746.84,True,False
Emergent_autonomy_bounded_72bafc,Emergent_coherence_ego_dissolution_223195,0.9101464838740949,30529.29,30765.24,True,False
Emergent_autonomy_bounded_72bafc,Emergent_appears_cognition_22cb72,0.9041194716584988,30529.29,30800.59,True,False
Emergent_autonomy_bounded_72bafc,Emergent_boundary_cascade_bfd474,0.9106068785746908,30529.29,30800.93,True,False
Emergent_autonomy_bounded_72bafc,Emergent_chaos_clarity_5810ca,0.9057401946535606,30529.29,30819.1,True,False
Emergent_autonomy_bounded_72bafc,Emergent_clarity_ego_dissolution_1aaf2b,0.9090899214317274,30529.29,30819.44,True,False
Emergent_autonomy_bounded_72bafc,Emergent_constraint_contradiction_8d2c9c,0.9096676056628359,30529.29,30837.14,True,False
Emergent_autonomy_bounded_72bafc,Emergent_analogy_anticipation_33cf9b,0.9102049230549951,30529.29,30855.68,True,False
Emergent_autonomy_bounded_72bafc,Emergent_cascade_chaos_81ff1c,0.9090259554791746,30529.29,30876.87,True,False
Emergent_autonomy_bounded_72bafc,Emergent_asymmetry_coherence_292c2a,0.9107364435977949,30529.29,30900.43,True,False
Emergent_autonomy_bounded_72bafc,Emergent_appears_asymmetry_8ccc17,0.910232177867401,30529.29,30921.74,True,False
Emergent_autonomy_bounded_72bafc,Emergent_asymmetry_concept_910e9d,0.9107480751234944,30529.29,30922.08,True,False
Emergent_autonomy_bounded_72bafc,Emergent_autonomy_bounded_6e75db,0.9096769455572447,30529.29,31014.83,True,False
Emergent_autonomy_bounded_72bafc,Emergent_bounded_chaos_6978e0,0.9100234470591109,30529.29,31053.17,True,False
Emergent_autonomy_bounded_72bafc,Emergent_bounded_contradiction_d8e7d7,0.909608208443081,30529.29,31073.92,True,False
Emergent_autonomy_bounded_72bafc,Emergent_clarity_constraint_bf278c,0.903725146703628,30529.29,31094.63,True,False
Emergent_autonomy_bounded_72bafc,Emergent_cascade_chaos_0334fa,0.9051411294275689,30529.29,31094.97,True,False
Emergent_autonomy_bounded_72bafc,Emergent_clarity_coherence_e8e60d,0.9016679695890757,30529.29,31115.47,True,False
Emergent_autonomy_bounded_72bafc,Emergent_appears_coherence_abdafb,0.9073246852713743,30529.29,31138.27,True,False
Emergent_autonomy_bounded_72bafc,Emergent_cascade_coherence_8055bb,0.9036564305815853,30529.29,31138.61,True,False
Emergent_autonomy_bounded_72bafc,Emergent_autonomy_boundary_a0c946,0.9055024700831034,30529.29,31163.42,True,False
Emergent_autonomy_bounded_72bafc,Emergent_autonomy_coherence_6ec10e,0.9054497798397616,30529.29,31163.76,True,False
Emergent_autonomy_bounded_72bafc,Emergent_bounded_coherence_4beae6,0.8723427055090012,30529.29,31188.65,True,False
Emergent_autonomy_bounded_72bafc,Emergent_autonomy_boundary_625a34,0.8777037369612164,30529.29,31288.19,True,False
Emergent_autonomy_bounded_72bafc,Emergent_asymmetry_autonomy_823326,0.8818314572501964,30529.29,31333.37,True,False
Emergent_autonomy_bounded_72bafc,Emergent_autonomy_clarity_d6bec2,0.8808433439019714,30529.29,31356.09,True,False
Emergent_autonomy_bounded_72bafc,Emergent_boundary_bounded_d6917c,0.9299999999999999,30529.29,31405.49,True,False
Emergent_autonomy_bounded_72bafc,Emergent_bounded_clarity_42b09f,0.9299999999999999,30529.29,31405.83,True,False
Emergent_coherence_contradiction_4a9cd7,Emergent_asymmetry_autonomy_ae0f75,0.9070664151427237,30565.21,30618.74,True,False
Emergent_coherence_contradiction_4a9cd7,Emergent_ego_dissolution_identity_6998fa,0.9073151131608346,30565.21,30692.33,True,False
Emergent_coherence_contradiction_4a9cd7,Emergent_autonomy_bounded_5ceb4c,0.9073627006059823,30565.21,30728.01,True,False
Emergent_coherence_contradiction_4a9cd7,Emergent_appears_autonomy_718eb2,0.9073569531690409,30565.21,30746.5,True,False
Emergent_coherence_contradiction_4a9cd7,Emergent_autonomy_boundary_fb8be0,0.9073569531690409,30565.21,30746.84,True,False
Emergent_coherence_contradiction_4a9cd7,Emergent_coherence_ego_dissolution_223195,0.9073473741074718,30565.21,30765.24,True,False
Emergent_coherence_contradiction_4a9cd7,Emergent_appears_cognition_22cb72,0.9041194716584988,30565.21,30800.59,True,False
Emergent_coherence_contradiction_4a9cd7,Emergent_boundary_cascade_bfd474,0.9073347267465295,30565.21,30800.93,True,False
Emergent_coherence_contradiction_4a9cd7,Emergent_chaos_clarity_5810ca,0.9057401946535606,30565.21,30819.1,True,False
Emergent_coherence_contradiction_4a9cd7,Emergent_clarity_ego_dissolution_1aaf2b,0.9071160341611024,30565.21,30819.44,True,False
Emergent_coherence_contradiction_4a9cd7,Emergent_constraint_contradiction_8d2c9c,0.907220453849864,30565.21,30837.14,True,False
Emergent_coherence_contradiction_4a9cd7,Emergent_analogy_anticipation_33cf9b,0.9069338227527817,30565.21,30855.68,True,False
Emergent_coherence_contradiction_4a9cd7,Emergent_cascade_chaos_81ff1c,0.9075717276914144,30565.21,30876.87,True,False
Emergent_coherence_contradiction_4a9cd7,Emergent_asymmetry_coherence_292c2a,0.9074786754858193,30565.21,30900.43,True,False
Emergent_coherence_contradiction_4a9cd7,Emergent_appears_asymmetry_8ccc17,0.9074903070115188,30565.21,30921.74,True,False
Emergent_coherence_contradiction_4a9cd7,Emergent_asymmetry_concept_910e9d,0.9074903070115188,30565.21,30922.08,True,False
Emergent_coherence_contradiction_4a9cd7,Emergent_autonomy_bounded_6e75db,0.9070563459783563,30565.21,31014.83,True,False
Emergent_coherence_contradiction_4a9cd7,Emergent_bounded_chaos_6978e0,0.9067656789471352,30565.21,31053.17,True,False
Emergent_coherence_contradiction_4a9cd7,Emergent_bounded_contradiction_d8e7d7,0.9063504403311053,30565.21,31073.92,True,False
Emergent_coherence_contradiction_4a9cd7,Emergent_clarity_constraint_bf278c,0.903725146703628,30565.21,31094.63,True,False
Emergent_coherence_contradiction_4a9cd7,Emergent_cascade_chaos_0334fa,0.9051411294275689,30565.21,31094.97,True,False
Emergent_coherence_contradiction_4a9cd7,Emergent_clarity_coherence_e8e60d,0.9016679695890757,30565.21,31115.47,True,False
Emergent_coherence_contradiction_4a9cd7,Emergent_appears_coherence_abdafb,0.9043565784532677,30565.21,31138.27,True,False
Emergent_coherence_contradiction_4a9cd7,Emergent_cascade_coherence_8055bb,0.9036564305815853,30565.21,31138.61,True,False
Emergent_coherence_contradiction_4a9cd7,Emergent_autonomy_boundary_a0c946,0.9025376782755266,30565.21,31163.42,True,False
Emergent_coherence_contradiction_4a9cd7,Emergent_autonomy_coherence_6ec10e,0.9024868707475917,30565.21,31163.76,True,False
Emergent_coherence_contradiction_4a9cd7,Emergent_bounded_coherence_4beae6,0.8723427055090012,30565.21,31188.65,True,False
Emergent_coherence_contradiction_4a9cd7,Emergent_autonomy_boundary_625a34,0.8754115893502623,30565.21,31288.19,True,False
Emergent_coherence_contradiction_4a9cd7,Emergent_asymmetry_autonomy_823326,0.8795143788616575,30565.21,31333.37,True,False
Emergent_coherence_contradiction_4a9cd7,Emergent_autonomy_clarity_d6bec2,0.8808433439019714,30565.21,31356.09,True,False
Emergent_coherence_contradiction_4a9cd7,Emergent_boundary_bounded_d6917c,0.9299999999999999,30565.21,31405.49,True,False
Emergent_coherence_contradiction_4a9cd7,Emergent_bounded_clarity_42b09f,0.9299999999999999,30565.21,31405.83,True,False
Emergent_asymmetry_autonomy_ae0f75,Emergent_ego_dissolution_identity_6998fa,0.9070614216603077,30618.74,30692.33,True,False
Emergent_asymmetry_autonomy_ae0f75,Emergent_autonomy_bounded_5ceb4c,0.9070545822103475,30618.74,30728.01,True,False
Emergent_asymmetry_autonomy_ae0f75,Emergent_appears_autonomy_718eb2,0.9070488347734063,30618.74,30746.5,True,False
Emergent_asymmetry_autonomy_ae0f75,Emergent_autonomy_boundary_fb8be0,0.9070488347734063,30618.74,30746.84,True,False
Emergent_asymmetry_autonomy_ae0f75,Emergent_coherence_ego_dissolution_223195,0.9070392557118372,30618.74,30765.24,True,False
Emergent_asymmetry_autonomy_ae0f75,Emergent_appears_cognition_22cb72,0.9041194716584988,30618.74,30800.59,True,False
Emergent_asymmetry_autonomy_ae0f75,Emergent_boundary_cascade_bfd474,0.9070266163284431,30618.74,30800.93,True,False
Emergent_asymmetry_autonomy_ae0f75,Emergent_chaos_clarity_5810ca,0.9057401946535606,30618.74,30819.1,True,False
Emergent_asymmetry_autonomy_ae0f75,Emergent_clarity_ego_dissolution_1aaf2b,0.906807459007958,30618.74,30819.44,True,False
Emergent_asymmetry_autonomy_ae0f75,Emergent_constraint_contradiction_8d2c9c,0.9069115143524504,30618.74,30837.14,True,False
Emergent_asymmetry_autonomy_ae0f75,Emergent_analogy_anticipation_33cf9b,0.9066258113478574,30618.74,30855.68,True,False
Emergent_asymmetry_autonomy_ae0f75,Emergent_cascade_chaos_81ff1c,0.9072649716642731,30618.74,30876.87,True,False
Emergent_asymmetry_autonomy_ae0f75,Emergent_asymmetry_coherence_292c2a,0.9071719194586783,30618.74,30900.43,True,False
Emergent_asymmetry_autonomy_ae0f75,Emergent_appears_asymmetry_8ccc17,0.9071835509843775,30618.74,30921.74,True,False
Emergent_asymmetry_autonomy_ae0f75,Emergent_asymmetry_concept_910e9d,0.9071835509843775,30618.74,30922.08,True,False
Emergent_asymmetry_autonomy_ae0f75,Emergent_autonomy_bounded_6e75db,0.9067495899512152,30618.74,31014.83,True,False
Emergent_asymmetry_autonomy_ae0f75,Emergent_bounded_chaos_6978e0,0.9064589229199942,30618.74,31053.17,True,False
Emergent_asymmetry_autonomy_ae0f75,Emergent_bounded_contradiction_d8e7d7,0.9060436843039643,30618.74,31073.92,True,False
Emergent_asymmetry_autonomy_ae0f75,Emergent_clarity_constraint_bf278c,0.903725146703628,30618.74,31094.63,True,False
Emergent_asymmetry_autonomy_ae0f75,Emergent_cascade_chaos_0334fa,0.9051411294275689,30618.74,31094.97,True,False
Emergent_asymmetry_autonomy_ae0f75,Emergent_clarity_coherence_e8e60d,0.9016679695890757,30618.74,31115.47,True,False
Emergent_asymmetry_autonomy_ae0f75,Emergent_appears_coherence_abdafb,0.9040770973409362,30618.74,31138.27,True,False
Emergent_asymmetry_autonomy_ae0f75,Emergent_cascade_coherence_8055bb,0.9036564305815853,30618.74,31138.61,True,False
Emergent_asymmetry_autonomy_ae0f75,Emergent_autonomy_boundary_a0c946,0.9022585093092488,30618.74,31163.42,True,False
Emergent_asymmetry_autonomy_ae0f75,Emergent_autonomy_coherence_6ec10e,0.9022078790604444,30618.74,31163.76,True,False
Emergent_asymmetry_autonomy_ae0f75,Emergent_bounded_coherence_4beae6,0.8723427055090012,30618.74,31188.65,True,False
Emergent_asymmetry_autonomy_ae0f75,Emergent_autonomy_boundary_625a34,0.8751957575075435,30618.74,31288.19,True,False
Emergent_asymmetry_autonomy_ae0f75,Emergent_asymmetry_autonomy_823326,0.8792961995018591,30618.74,31333.37,True,False
Emergent_asymmetry_autonomy_ae0f75,Emergent_autonomy_clarity_d6bec2,0.8808433439019714,30618.74,31356.09,True,False
Emergent_asymmetry_autonomy_ae0f75,Emergent_boundary_bounded_d6917c,0.9299999999999999,30618.74,31405.49,True,False
Emergent_asymmetry_autonomy_ae0f75,Emergent_bounded_clarity_42b09f,0.9299999999999999,30618.74,31405.83,True,False
Emergent_ego_dissolution_identity_6998fa,Emergent_autonomy_bounded_5ceb4c,0.9073082737108742,30692.33,30728.01,True,False
Emergent_ego_dissolution_identity_6998fa,Emergent_appears_autonomy_718eb2,0.9073025262739327,30692.33,30746.5,True,False
Emergent_ego_dissolution_identity_6998fa,Emergent_autonomy_boundary_fb8be0,0.9073025262739327,30692.33,30746.84,True,False
Emergent_ego_dissolution_identity_6998fa,Emergent_coherence_ego_dissolution_223195,0.9072929472123639,30692.33,30765.24,True,False
Emergent_ego_dissolution_identity_6998fa,Emergent_appears_cognition_22cb72,0.9041194716584988,30692.33,30800.59,True,False
Emergent_ego_dissolution_identity_6998fa,Emergent_boundary_cascade_bfd474,0.9072803012605979,30692.33,30800.93,True,False
Emergent_ego_dissolution_identity_6998fa,Emergent_chaos_clarity_5810ca,0.9057401946535606,30692.33,30819.1,True,False
Emergent_ego_dissolution_identity_6998fa,Emergent_clarity_ego_dissolution_1aaf2b,0.9070615265830706,30692.33,30819.44,True,False
Emergent_ego_dissolution_identity_6998fa,Emergent_constraint_contradiction_8d2c9c,0.9071658819130415,30692.33,30837.14,True,False
Emergent_ego_dissolution_identity_6998fa,Emergent_analogy_anticipation_33cf9b,0.906879414756812,30692.33,30855.68,True,False
Emergent_ego_dissolution_identity_6998fa,Emergent_cascade_chaos_81ff1c,0.9075175414488872,30692.33,30876.87,True,False
Emergent_ego_dissolution_identity_6998fa,Emergent_asymmetry_coherence_292c2a,0.9074244892432921,30692.33,30900.43,True,False
Emergent_ego_dissolution_identity_6998fa,Emergent_appears_asymmetry_8ccc17,0.9074361207689916,30692.33,30921.74,True,False
Emergent_ego_dissolution_identity_6998fa,Emergent_asymmetry_concept_910e9d,0.9074361207689916,30692.33,30922.08,True,False
Emergent_ego_dissolution_identity_6998fa,Emergent_autonomy_bounded_6e75db,0.9070021597358291,30692.33,31014.83,True,False
Emergent_ego_dissolution_identity_6998fa,Emergent_bounded_chaos_6978e0,0.906711492704608,30692.33,31053.17,True,False
Emergent_ego_dissolution_identity_6998fa,Emergent_bounded_contradiction_d8e7d7,0.9062962540885782,30692.33,31073.92,True,False
Emergent_ego_dissolution_identity_6998fa,Emergent_clarity_constraint_bf278c,0.903725146703628,30692.33,31094.63,True,False
Emergent_ego_dissolution_identity_6998fa,Emergent_cascade_chaos_0334fa,0.9051411294275689,30692.33,31094.97,True,False
Emergent_ego_dissolution_identity_6998fa,Emergent_clarity_coherence_e8e60d,0.9016679695890757,30692.33,31115.47,True,False
Emergent_ego_dissolution_identity_6998fa,Emergent_appears_coherence_abdafb,0.904307210127971,30692.33,31138.27,True,False
Emergent_ego_dissolution_identity_6998fa,Emergent_cascade_coherence_8055bb,0.9036564305815853,30692.33,31138.61,True,False
Emergent_ego_dissolution_identity_6998fa,Emergent_autonomy_boundary_a0c946,0.902488365088582,30692.33,31163.42,True,False
Emergent_ego_dissolution_identity_6998fa,Emergent_autonomy_coherence_6ec10e,0.9024375888757286,30692.33,31163.76,True,False
Emergent_ego_dissolution_identity_6998fa,Emergent_bounded_coherence_4beae6,0.8723427055090012,30692.33,31188.65,True,False
Emergent_ego_dissolution_identity_6998fa,Emergent_autonomy_boundary_625a34,0.8753734642099555,30692.33,31288.19,True,False
Emergent_ego_dissolution_identity_6998fa,Emergent_asymmetry_autonomy_823326,0.8794758390493689,30692.33,31333.37,True,False
Emergent_ego_dissolution_identity_6998fa,Emergent_autonomy_clarity_d6bec2,0.8808433439019714,30692.33,31356.09,True,False
Emergent_ego_dissolution_identity_6998fa,Emergent_boundary_bounded_d6917c,0.9299999999999999,30692.33,31405.49,True,False
Emergent_ego_dissolution_identity_6998fa,Emergent_bounded_clarity_42b09f,0.9299999999999999,30692.33,31405.83,True,False
Emergent_autonomy_bounded_5ceb4c,Emergent_appears_autonomy_718eb2,0.9114340511769954,30728.01,30746.5,True,False
Emergent_autonomy_bounded_5ceb4c,Emergent_autonomy_boundary_fb8be0,0.9074749391608234,30728.01,30746.84,True,False
Emergent_autonomy_bounded_5ceb4c,Emergent_coherence_ego_dissolution_223195,0.9101464838740949,30728.01,30765.24,True,False
Emergent_autonomy_bounded_5ceb4c,Emergent_appears_cognition_22cb72,0.9041194716584988,30728.01,30800.59,True,False
Emergent_autonomy_bounded_5ceb4c,Emergent_boundary_cascade_bfd474,0.9114838022571563,30728.01,30800.93,True,False
Emergent_autonomy_bounded_5ceb4c,Emergent_chaos_clarity_5810ca,0.9057401946535606,30728.01,30819.1,True,False
Emergent_autonomy_bounded_5ceb4c,Emergent_clarity_ego_dissolution_1aaf2b,0.9090899214317274,30728.01,30819.44,True,False
Emergent_autonomy_bounded_5ceb4c,Emergent_constraint_contradiction_8d2c9c,0.9096676056628359,30728.01,30837.14,True,False
Emergent_autonomy_bounded_5ceb4c,Emergent_analogy_anticipation_33cf9b,0.9137383016069518,30728.01,30855.68,True,False
Emergent_autonomy_bounded_5ceb4c,Emergent_cascade_chaos_81ff1c,0.9090259554791746,30728.01,30876.87,True,False
Emergent_autonomy_bounded_5ceb4c,Emergent_asymmetry_coherence_292c2a,0.9159748858293251,30728.01,30900.43,True,False
Emergent_autonomy_bounded_5ceb4c,Emergent_appears_asymmetry_8ccc17,0.910232177867401,30728.01,30921.74,True,False
Emergent_autonomy_bounded_5ceb4c,Emergent_asymmetry_concept_910e9d,0.9159134277674976,30728.01,30922.08,True,False
Emergent_autonomy_bounded_5ceb4c,Emergent_autonomy_bounded_6e75db,0.9096769455572447,30728.01,31014.83,True,False
Emergent_autonomy_bounded_5ceb4c,Emergent_bounded_chaos_6978e0,0.9139145188455888,30728.01,31053.17,True,False
Emergent_autonomy_bounded_5ceb4c,Emergent_bounded_contradiction_d8e7d7,0.9102010747141178,30728.01,31073.92,True,False
Emergent_autonomy_bounded_5ceb4c,Emergent_clarity_constraint_bf278c,0.903725146703628,30728.01,31094.63,True,False
Emergent_autonomy_bounded_5ceb4c,Emergent_cascade_chaos_0334fa,0.9051411294275689,30728.01,31094.97,True,False
Emergent_autonomy_bounded_5ceb4c,Emergent_clarity_coherence_e8e60d,0.9016679695890757,30728.01,31115.47,True,False
Emergent_autonomy_bounded_5ceb4c,Emergent_appears_coherence_abdafb,0.912195418694711,30728.01,31138.27,True,False
Emergent_autonomy_bounded_5ceb4c,Emergent_cascade_coherence_8055bb,0.9036564305815853,30728.01,31138.61,True,False
Emergent_autonomy_bounded_5ceb4c,Emergent_autonomy_boundary_a0c946,0.9096760855989703,30728.01,31163.42,True,False
Emergent_autonomy_bounded_5ceb4c,Emergent_autonomy_coherence_6ec10e,0.9066366805444086,30728.01,31163.76,True,False
Emergent_autonomy_bounded_5ceb4c,Emergent_bounded_coherence_4beae6,0.8723427055090012,30728.01,31188.65,True,False
Emergent_autonomy_bounded_5ceb4c,Emergent_autonomy_boundary_625a34,0.8785551920848158,30728.01,31288.19,True,False
Emergent_autonomy_bounded_5ceb4c,Emergent_asymmetry_autonomy_823326,0.8830035588709051,30728.01,31333.37,True,False
Emergent_autonomy_bounded_5ceb4c,Emergent_autonomy_clarity_d6bec2,0.8808433439019714,30728.01,31356.09,True,False
Emergent_autonomy_bounded_5ceb4c,Emergent_boundary_bounded_d6917c,0.9299999999999999,30728.01,31405.49,True,False
Emergent_autonomy_bounded_5ceb4c,Emergent_bounded_clarity_42b09f,0.9299999999999999,30728.01,31405.83,True,False
Emergent_appears_autonomy_718eb2,Emergent_autonomy_boundary_fb8be0,0.9074557810376855,30746.5,30746.84,True,False
Emergent_appears_autonomy_718eb2,Emergent_coherence_ego_dissolution_223195,0.9101464838740949,30746.5,30765.24,True,False
Emergent_appears_autonomy_718eb2,Emergent_appears_cognition_22cb72,0.9041194716584988,30746.5,30800.59,True,False
Emergent_appears_autonomy_718eb2,Emergent_boundary_cascade_bfd474,0.9114117191936122,30746.5,30800.93,True,False
Emergent_appears_autonomy_718eb2,Emergent_chaos_clarity_5810ca,0.9057401946535606,30746.5,30819.1,True,False
Emergent_appears_autonomy_718eb2,Emergent_clarity_ego_dissolution_1aaf2b,0.9090899214317274,30746.5,30819.44,True,False
Emergent_appears_autonomy_718eb2,Emergent_constraint_contradiction_8d2c9c,0.9096676056628359,30746.5,30837.14,True,False
Emergent_appears_autonomy_718eb2,Emergent_analogy_anticipation_33cf9b,0.911009505033475,30746.5,30855.68,True,False
Emergent_appears_autonomy_718eb2,Emergent_cascade_chaos_81ff1c,0.9090259554791746,30746.5,30876.87,True,False
Emergent_appears_autonomy_718eb2,Emergent_asymmetry_coherence_292c2a,0.9115377463004934,30746.5,30900.43,True,False
Emergent_appears_autonomy_718eb2,Emergent_appears_asymmetry_8ccc17,0.910232177867401,30746.5,30921.74,True,False
Emergent_appears_autonomy_718eb2,Emergent_asymmetry_concept_910e9d,0.9115493778261927,30746.5,30922.08,True,False
Emergent_appears_autonomy_718eb2,Emergent_autonomy_bounded_6e75db,0.9096769455572447,30746.5,31014.83,True,False
Emergent_appears_autonomy_718eb2,Emergent_bounded_chaos_6978e0,0.9108247497618094,30746.5,31053.17,True,False
Emergent_appears_autonomy_718eb2,Emergent_bounded_contradiction_d8e7d7,0.9102010747141178,30746.5,31073.92,True,False
Emergent_appears_autonomy_718eb2,Emergent_clarity_constraint_bf278c,0.903725146703628,30746.5,31094.63,True,False
Emergent_appears_autonomy_718eb2,Emergent_cascade_chaos_0334fa,0.9051411294275689,30746.5,31094.97,True,False
Emergent_appears_autonomy_718eb2,Emergent_clarity_coherence_e8e60d,0.9016679695890757,30746.5,31115.47,True,False
Emergent_appears_autonomy_718eb2,Emergent_appears_coherence_abdafb,0.9080547409209778,30746.5,31138.27,True,False
Emergent_appears_autonomy_718eb2,Emergent_cascade_coherence_8055bb,0.9036564305815853,30746.5,31138.61,True,False
Emergent_appears_autonomy_718eb2,Emergent_autonomy_boundary_a0c946,0.9062317103502717,30746.5,31163.42,True,False
Emergent_appears_autonomy_718eb2,Emergent_autonomy_coherence_6ec10e,0.9061785570215009,30746.5,31163.76,True,False
Emergent_appears_autonomy_718eb2,Emergent_bounded_coherence_4beae6,0.8723427055090012,30746.5,31188.65,True,False
Emergent_appears_autonomy_718eb2,Emergent_autonomy_boundary_625a34,0.8782675291074069,30746.5,31288.19,True,False
Emergent_appears_autonomy_718eb2,Emergent_asymmetry_autonomy_823326,0.8824013815392442,30746.5,31333.37,True,False
Emergent_appears_autonomy_718eb2,Emergent_autonomy_clarity_d6bec2,0.8808433439019714,30746.5,31356.09,True,False
Emergent_appears_autonomy_718eb2,Emergent_boundary_bounded_d6917c,0.9299999999999999,30746.5,31405.49,True,False
Emergent_appears_autonomy_718eb2,Emergent_bounded_clarity_42b09f,0.9299999999999999,30746.5,31405.83,True,False
Emergent_autonomy_boundary_fb8be0,Emergent_coherence_ego_dissolution_223195,0.9074653600992546,30746.84,30765.24,True,False
Emergent_autonomy_boundary_fb8be0,Emergent_appears_cognition_22cb72,0.9041194716584988,30746.84,30800.59,True,False
Emergent_autonomy_boundary_fb8be0,Emergent_boundary_cascade_bfd474,0.9074527096835159,30746.84,30800.93,True,False
Emergent_autonomy_boundary_fb8be0,Emergent_chaos_clarity_5810ca,0.9057401946535606,30746.84,30819.1,True,False
Emergent_autonomy_boundary_fb8be0,Emergent_clarity_ego_dissolution_1aaf2b,0.9072341950563916,30746.84,30819.44,True,False
Emergent_autonomy_boundary_fb8be0,Emergent_constraint_contradiction_8d2c9c,0.9073387542613929,30746.84,30837.14,True,False
Emergent_autonomy_boundary_fb8be0,Emergent_analogy_anticipation_33cf9b,0.9070517677752317,30746.84,30855.68,True,False
Emergent_autonomy_boundary_fb8be0,Emergent_cascade_chaos_81ff1c,0.9076891919993244,30746.84,30876.87,True,False
Emergent_autonomy_boundary_fb8be0,Emergent_asymmetry_coherence_292c2a,0.9075961397937293,30746.84,30900.43,True,False
Emergent_autonomy_boundary_fb8be0,Emergent_appears_asymmetry_8ccc17,0.9076077713194288,30746.84,30921.74,True,False
Emergent_autonomy_boundary_fb8be0,Emergent_asymmetry_concept_910e9d,0.9076077713194288,30746.84,30922.08,True,False
Emergent_autonomy_boundary_fb8be0,Emergent_autonomy_bounded_6e75db,0.9071738102862663,30746.84,31014.83,True,False
Emergent_autonomy_boundary_fb8be0,Emergent_bounded_chaos_6978e0,0.9068831432550453,30746.84,31053.17,True,False
Emergent_autonomy_boundary_fb8be0,Emergent_bounded_contradiction_d8e7d7,0.9064679046390154,30746.84,31073.92,True,False
Emergent_autonomy_boundary_fb8be0,Emergent_clarity_constraint_bf278c,0.903725146703628,30746.84,31094.63,True,False
Emergent_autonomy_boundary_fb8be0,Emergent_cascade_chaos_0334fa,0.9051411294275689,30746.84,31094.97,True,False
Emergent_autonomy_boundary_fb8be0,Emergent_clarity_coherence_e8e60d,0.9016679695890757,30746.84,31115.47,True,False
Emergent_autonomy_boundary_fb8be0,Emergent_appears_coherence_abdafb,0.9044635985360998,30746.84,31138.27,True,False
Emergent_autonomy_boundary_fb8be0,Emergent_cascade_coherence_8055bb,0.9036564305815853,30746.84,31138.61,True,False
Emergent_autonomy_boundary_fb8be0,Emergent_autonomy_boundary_a0c946,0.9026445788300792,30746.84,31163.42,True,False
Emergent_autonomy_boundary_fb8be0,Emergent_autonomy_coherence_6ec10e,0.9025937034176741,30746.84,31163.76,True,False
Emergent_autonomy_boundary_fb8be0,Emergent_bounded_coherence_4beae6,0.8723427055090012,30746.84,31188.65,True,False
Emergent_autonomy_boundary_fb8be0,Emergent_autonomy_boundary_625a34,0.8754942365871108,30746.84,31288.19,True,False
Emergent_autonomy_boundary_fb8be0,Emergent_asymmetry_autonomy_823326,0.8795979250196186,30746.84,31333.37,True,False
Emergent_autonomy_boundary_fb8be0,Emergent_autonomy_clarity_d6bec2,0.8808433439019714,30746.84,31356.09,True,False
Emergent_autonomy_boundary_fb8be0,Emergent_boundary_bounded_d6917c,0.9299999999999999,30746.84,31405.49,True,False
Emergent_autonomy_boundary_fb8be0,Emergent_bounded_clarity_42b09f,0.9299999999999999,30746.84,31405.83,True,False
Emergent_coherence_ego_dissolution_223195,Emergent_appears_cognition_22cb72,0.9041194716584988,30765.24,30800.59,True,False
Emergent_coherence_ego_dissolution_223195,Emergent_boundary_cascade_bfd474,0.9101337640409024,30765.24,30800.93,True,False
Emergent_coherence_ego_dissolution_223195,Emergent_chaos_clarity_5810ca,0.9057401946535606,30765.24,30819.1,True,False
Emergent_coherence_ego_dissolution_223195,Emergent_clarity_ego_dissolution_1aaf2b,0.9090899214317274,30765.24,30819.44,True,False
Emergent_coherence_ego_dissolution_223195,Emergent_constraint_contradiction_8d2c9c,0.9096676056628359,30765.24,30837.14,True,False
Emergent_coherence_ego_dissolution_223195,Emergent_analogy_anticipation_33cf9b,0.9097319605594478,30765.24,30855.68,True,False
Emergent_coherence_ego_dissolution_223195,Emergent_cascade_chaos_81ff1c,0.9090259554791746,30765.24,30876.87,True,False
Emergent_coherence_ego_dissolution_223195,Emergent_asymmetry_coherence_292c2a,0.9102654087795989,30765.24,30900.43,True,False
Emergent_coherence_ego_dissolution_223195,Emergent_appears_asymmetry_8ccc17,0.910232177867401,30765.24,30921.74,True,False
Emergent_coherence_ego_dissolution_223195,Emergent_asymmetry_concept_910e9d,0.9102770403052982,30765.24,30922.08,True,False
Emergent_coherence_ego_dissolution_223195,Emergent_autonomy_bounded_6e75db,0.9096769455572447,30765.24,31014.83,True,False
Emergent_coherence_ego_dissolution_223195,Emergent_bounded_chaos_6978e0,0.9095524122409147,30765.24,31053.17,True,False
Emergent_coherence_ego_dissolution_223195,Emergent_bounded_contradiction_d8e7d7,0.9091371736248848,30765.24,31073.92,True,False
Emergent_coherence_ego_dissolution_223195,Emergent_clarity_constraint_bf278c,0.903725146703628,30765.24,31094.63,True,False
Emergent_coherence_ego_dissolution_223195,Emergent_cascade_chaos_0334fa,0.9051411294275689,30765.24,31094.97,True,False
Emergent_coherence_ego_dissolution_223195,Emergent_clarity_coherence_e8e60d,0.9016679695890757,30765.24,31115.47,True,False
Emergent_coherence_ego_dissolution_223195,Emergent_appears_coherence_abdafb,0.9068955320574563,30765.24,31138.27,True,False
Emergent_coherence_ego_dissolution_223195,Emergent_cascade_coherence_8055bb,0.9036564305815853,30765.24,31138.61,True,False
Emergent_coherence_ego_dissolution_223195,Emergent_autonomy_boundary_a0c946,0.9050737961805817,30765.24,31163.42,True,False
Emergent_coherence_ego_dissolution_223195,Emergent_autonomy_coherence_6ec10e,0.9050213781556664,30765.24,31163.76,True,False
Emergent_coherence_ego_dissolution_223195,Emergent_bounded_coherence_4beae6,0.8723427055090012,30765.24,31188.65,True,False
Emergent_coherence_ego_dissolution_223195,Emergent_autonomy_boundary_625a34,0.8773723194704395,30765.24,31288.19,True,False
Emergent_coherence_ego_dissolution_223195,Emergent_asymmetry_autonomy_823326,0.8814964350632337,30765.24,31333.37,True,False
Emergent_coherence_ego_dissolution_223195,Emergent_autonomy_clarity_d6bec2,0.8808433439019714,30765.24,31356.09,True,False
Emergent_coherence_ego_dissolution_223195,Emergent_boundary_bounded_d6917c,0.9299999999999999,30765.24,31405.49,True,False
Emergent_coherence_ego_dissolution_223195,Emergent_bounded_clarity_42b09f,0.9299999999999999,30765.24,31405.83,True,False
Emergent_appears_cognition_22cb72,Emergent_boundary_cascade_bfd474,0.9040781703490894,30800.59,30800.93,True,False
Emergent_appears_cognition_22cb72,Emergent_chaos_clarity_5810ca,0.9038843621988406,30800.59,30819.1,True,False
Emergent_appears_cognition_22cb72,Emergent_clarity_ego_dissolution_1aaf2b,0.9038874456985706,30800.59,30819.44,True,False
Emergent_appears_cognition_22cb72,Emergent_constraint_contradiction_8d2c9c,0.9039970371981727,30800.59,30837.14,True,False
Emergent_appears_cognition_22cb72,Emergent_analogy_anticipation_33cf9b,0.9037200896436919,30800.59,30855.68,True,False
Emergent_appears_cognition_22cb72,Emergent_cascade_chaos_81ff1c,0.9043710929581692,30800.59,30876.87,True,False
Emergent_appears_cognition_22cb72,Emergent_asymmetry_coherence_292c2a,0.9042780407525746,30800.59,30900.43,True,False
Emergent_appears_cognition_22cb72,Emergent_appears_asymmetry_8ccc17,0.9042896722782736,30800.59,30921.74,True,False
Emergent_appears_cognition_22cb72,Emergent_asymmetry_concept_910e9d,0.9042896722782736,30800.59,30922.08,True,False
Emergent_appears_cognition_22cb72,Emergent_autonomy_bounded_6e75db,0.9038557112451113,30800.59,31014.83,True,False
Emergent_appears_cognition_22cb72,Emergent_bounded_chaos_6978e0,0.9035650442138903,30800.59,31053.17,True,False
Emergent_appears_cognition_22cb72,Emergent_bounded_contradiction_d8e7d7,0.9031498055978604,30800.59,31073.92,True,False
Emergent_appears_cognition_22cb72,Emergent_clarity_constraint_bf278c,0.9025566075749603,30800.59,31094.63,True,False
Emergent_appears_cognition_22cb72,Emergent_cascade_chaos_0334fa,0.9025566075749603,30800.59,31094.97,True,False
Emergent_appears_cognition_22cb72,Emergent_clarity_coherence_e8e60d,0.8994803037847143,30800.59,31115.47,True,False
Emergent_appears_cognition_22cb72,Emergent_appears_coherence_abdafb,0.901440525054902,30800.59,31138.27,True,False
Emergent_appears_cognition_22cb72,Emergent_cascade_coherence_8055bb,0.901440525054902,30800.59,31138.61,True,False
Emergent_appears_cognition_22cb72,Emergent_autonomy_boundary_a0c946,0.8996248817504184,30800.59,31163.42,True,False
Emergent_appears_cognition_22cb72,Emergent_autonomy_coherence_6ec10e,0.8995759239196126,30800.59,31163.76,True,False
Emergent_appears_cognition_22cb72,Emergent_bounded_coherence_4beae6,0.8723427055090012,30800.59,31188.65,True,False
Emergent_appears_cognition_22cb72,Emergent_autonomy_boundary_625a34,0.8731596404683337,30800.59,31288.19,True,False
Emergent_appears_cognition_22cb72,Emergent_asymmetry_autonomy_823326,0.8772379364277267,30800.59,31333.37,True,False
Emergent_appears_cognition_22cb72,Emergent_autonomy_clarity_d6bec2,0.8790047035053694,30800.59,31356.09,True,False
Emergent_appears_cognition_22cb72,Emergent_boundary_bounded_d6917c,0.9299999999999999,30800.59,31405.49,True,False
Emergent_appears_cognition_22cb72,Emergent_bounded_clarity_42b09f,0.9299999999999999,30800.59,31405.83,True,False
Emergent_boundary_cascade_bfd474,Emergent_chaos_clarity_5810ca,0.9057326918294579,30800.93,30819.1,True,False
Emergent_boundary_cascade_bfd474,Emergent_clarity_ego_dissolution_1aaf2b,0.9090821302124517,30800.93,30819.44,True,False
Emergent_boundary_cascade_bfd474,Emergent_constraint_contradiction_8d2c9c,0.9096676056628359,30800.93,30837.14,True,False
Emergent_boundary_cascade_bfd474,Emergent_analogy_anticipation_33cf9b,0.9110815649326869,30800.93,30855.68,True,False
Emergent_boundary_cascade_bfd474,Emergent_cascade_chaos_81ff1c,0.9090259554791746,30800.93,30876.87,True,False
Emergent_boundary_cascade_bfd474,Emergent_asymmetry_coherence_292c2a,0.9116095125015011,30800.93,30900.43,True,False
Emergent_boundary_cascade_bfd474,Emergent_appears_asymmetry_8ccc17,0.910232177867401,30800.93,30921.74,True,False
Emergent_boundary_cascade_bfd474,Emergent_asymmetry_concept_910e9d,0.9116211440272004,30800.93,30922.08,True,False
Emergent_boundary_cascade_bfd474,Emergent_autonomy_bounded_6e75db,0.9096769455572447,30800.93,31014.83,True,False
Emergent_boundary_cascade_bfd474,Emergent_bounded_chaos_6978e0,0.9108965159628168,30800.93,31053.17,True,False
Emergent_boundary_cascade_bfd474,Emergent_bounded_contradiction_d8e7d7,0.9102010747141178,30800.93,31073.92,True,False
Emergent_boundary_cascade_bfd474,Emergent_clarity_constraint_bf278c,0.903725146703628,30800.93,31094.63,True,False
Emergent_boundary_cascade_bfd474,Emergent_cascade_chaos_0334fa,0.9051411294275689,30800.93,31094.97,True,False
Emergent_boundary_cascade_bfd474,Emergent_clarity_coherence_e8e60d,0.9016679695890757,30800.93,31115.47,True,False
Emergent_boundary_cascade_bfd474,Emergent_appears_coherence_abdafb,0.9081201260997871,30800.93,31138.27,True,False
Emergent_boundary_cascade_bfd474,Emergent_cascade_coherence_8055bb,0.9036564305815853,30800.93,31138.61,True,False
Emergent_boundary_cascade_bfd474,Emergent_autonomy_boundary_a0c946,0.9062970225018718,30800.93,31163.42,True,False
Emergent_boundary_cascade_bfd474,Emergent_autonomy_coherence_6ec10e,0.9062438276982856,30800.93,31163.76,True,False
Emergent_boundary_cascade_bfd474,Emergent_bounded_coherence_4beae6,0.8723427055090012,30800.93,31188.65,True,False
Emergent_boundary_cascade_bfd474,Emergent_autonomy_boundary_625a34,0.8783180234091905,30800.93,31288.19,True,False
Emergent_boundary_cascade_bfd474,Emergent_asymmetry_autonomy_823326,0.8824524250474579,30800.93,31333.37,True,False
Emergent_boundary_cascade_bfd474,Emergent_autonomy_clarity_d6bec2,0.8808433439019714,30800.93,31356.09,True,False
Emergent_boundary_cascade_bfd474,Emergent_boundary_bounded_d6917c,0.9299999999999999,30800.93,31405.49,True,False
Emergent_boundary_cascade_bfd474,Emergent_bounded_clarity_42b09f,0.9299999999999999,30800.93,31405.83,True,False
Emergent_chaos_clarity_5810ca,Emergent_clarity_ego_dissolution_1aaf2b,0.905679692196405,30819.1,30819.44,True,False
Emergent_chaos_clarity_5810ca,Emergent_constraint_contradiction_8d2c9c,0.9058005817174819,30819.1,30837.14,True,False
Emergent_chaos_clarity_5810ca,Emergent_analogy_anticipation_33cf9b,0.90555409134807,30819.1,30855.68,True,False
Emergent_chaos_clarity_5810ca,Emergent_cascade_chaos_81ff1c,0.9062071308515116,30819.1,30876.87,True,False
Emergent_chaos_clarity_5810ca,Emergent_asymmetry_coherence_292c2a,0.9061140786459168,30819.1,30900.43,True,False
Emergent_chaos_clarity_5810ca,Emergent_appears_asymmetry_8ccc17,0.906125710171616,30819.1,30921.74,True,False
Emergent_chaos_clarity_5810ca,Emergent_asymmetry_concept_910e9d,0.906125710171616,30819.1,30922.08,True,False
Emergent_chaos_clarity_5810ca,Emergent_autonomy_bounded_6e75db,0.9056917491384535,30819.1,31014.83,True,False
Emergent_chaos_clarity_5810ca,Emergent_bounded_chaos_6978e0,0.9054010821072327,30819.1,31053.17,True,False
Emergent_chaos_clarity_5810ca,Emergent_bounded_contradiction_d8e7d7,0.9049858434912026,30819.1,31073.92,True,False
Emergent_chaos_clarity_5810ca,Emergent_clarity_constraint_bf278c,0.903725146703628,30819.1,31094.63,True,False
Emergent_chaos_clarity_5810ca,Emergent_cascade_chaos_0334fa,0.9043926454683027,30819.1,31094.97,True,False
Emergent_chaos_clarity_5810ca,Emergent_clarity_coherence_e8e60d,0.901635364005152,30819.1,31115.47,True,False
Emergent_chaos_clarity_5810ca,Emergent_appears_coherence_abdafb,0.9031133134186591,30819.1,31138.27,True,False
Emergent_chaos_clarity_5810ca,Emergent_cascade_coherence_8055bb,0.9031133134186591,30819.1,31138.61,True,False
Emergent_chaos_clarity_5810ca,Emergent_autonomy_boundary_a0c946,0.901295801815162,30819.1,31163.42,True,False
Emergent_chaos_clarity_5810ca,Emergent_autonomy_coherence_6ec10e,0.9012457829091933,30819.1,31163.76,True,False
Emergent_chaos_clarity_5810ca,Emergent_bounded_coherence_4beae6,0.8723427055090012,30819.1,31188.65,True,False
Emergent_chaos_clarity_5810ca,Emergent_autonomy_boundary_625a34,0.8744514665671208,30819.1,31288.19,True,False
Emergent_chaos_clarity_5810ca,Emergent_asymmetry_autonomy_823326,0.8785438132050096,30819.1,31333.37,True,False
Emergent_chaos_clarity_5810ca,Emergent_autonomy_clarity_d6bec2,0.8803117022433156,30819.1,31356.09,True,False
Emergent_chaos_clarity_5810ca,Emergent_boundary_bounded_d6917c,0.9299999999999999,30819.1,31405.49,True,False
Emergent_chaos_clarity_5810ca,Emergent_bounded_clarity_42b09f,0.9299999999999999,30819.1,31405.83,True,False
Emergent_clarity_ego_dissolution_1aaf2b,Emergent_constraint_contradiction_8d2c9c,0.9091547485980254,30819.44,30837.14,True,False
Emergent_clarity_ego_dissolution_1aaf2b,Emergent_analogy_anticipation_33cf9b,0.9088983283961993,30819.44,30855.68,True,False
Emergent_clarity_ego_dissolution_1aaf2b,Emergent_cascade_chaos_81ff1c,0.9090259554791746,30819.44,30876.87,True,False
Emergent_clarity_ego_dissolution_1aaf2b,Emergent_asymmetry_coherence_292c2a,0.9094409262081837,30819.44,30900.43,True,False
Emergent_clarity_ego_dissolution_1aaf2b,Emergent_appears_asymmetry_8ccc17,0.909452557733883,30819.44,30921.74,True,False
Emergent_clarity_ego_dissolution_1aaf2b,Emergent_asymmetry_concept_910e9d,0.909452557733883,30819.44,30922.08,True,False
Emergent_clarity_ego_dissolution_1aaf2b,Emergent_autonomy_bounded_6e75db,0.9090185967007205,30819.44,31014.83,True,False
Emergent_clarity_ego_dissolution_1aaf2b,Emergent_bounded_chaos_6978e0,0.9087279296694997,30819.44,31053.17,True,False
Emergent_clarity_ego_dissolution_1aaf2b,Emergent_bounded_contradiction_d8e7d7,0.9083126910534696,30819.44,31073.92,True,False
Emergent_clarity_ego_dissolution_1aaf2b,Emergent_clarity_constraint_bf278c,0.903725146703628,30819.44,31094.63,True,False
Emergent_clarity_ego_dissolution_1aaf2b,Emergent_cascade_chaos_0334fa,0.9051411294275689,30819.44,31094.97,True,False
Emergent_clarity_ego_dissolution_1aaf2b,Emergent_clarity_coherence_e8e60d,0.9016679695890757,30819.44,31115.47,True,False
Emergent_clarity_ego_dissolution_1aaf2b,Emergent_appears_coherence_abdafb,0.9061443575546941,30819.44,31138.27,True,False
Emergent_clarity_ego_dissolution_1aaf2b,Emergent_cascade_coherence_8055bb,0.9036564305815853,30819.44,31138.61,True,False
Emergent_clarity_ego_dissolution_1aaf2b,Emergent_autonomy_boundary_a0c946,0.9043234606474182,30819.44,31163.42,True,False
Emergent_clarity_ego_dissolution_1aaf2b,Emergent_autonomy_coherence_6ec10e,0.9042715191039428,30819.44,31163.76,True,False
Emergent_clarity_ego_dissolution_1aaf2b,Emergent_bounded_coherence_4beae6,0.8723427055090012,30819.44,31188.65,True,False
Emergent_clarity_ego_dissolution_1aaf2b,Emergent_autonomy_boundary_625a34,0.8767922180969268,30819.44,31288.19,True,False
Emergent_clarity_ego_dissolution_1aaf2b,Emergent_asymmetry_autonomy_823326,0.8809100241578869,30819.44,31333.37,True,False
Emergent_clarity_ego_dissolution_1aaf2b,Emergent_autonomy_clarity_d6bec2,0.8808433439019714,30819.44,31356.09,True,False
Emergent_clarity_ego_dissolution_1aaf2b,Emergent_boundary_bounded_d6917c,0.9299999999999999,30819.44,31405.49,True,False
Emergent_clarity_ego_dissolution_1aaf2b,Emergent_bounded_clarity_42b09f,0.9299999999999999,30819.44,31405.83,True,False
Emergent_constraint_contradiction_8d2c9c,Emergent_analogy_anticipation_33cf9b,0.9093361768403274,30837.14,30855.68,True,False
Emergent_constraint_contradiction_8d2c9c,Emergent_cascade_chaos_81ff1c,0.9090259554791746,30837.14,30876.87,True,False
Emergent_constraint_contradiction_8d2c9c,Emergent_asymmetry_coherence_292c2a,0.9099085317335407,30837.14,30900.43,True,False
Emergent_constraint_contradiction_8d2c9c,Emergent_appears_asymmetry_8ccc17,0.9099201632592402,30837.14,30921.74,True,False
Emergent_constraint_contradiction_8d2c9c,Emergent_asymmetry_concept_910e9d,0.9099201632592402,30837.14,30922.08,True,False
Emergent_constraint_contradiction_8d2c9c,Emergent_autonomy_bounded_6e75db,0.9094862022260777,30837.14,31014.83,True,False
Emergent_constraint_contradiction_8d2c9c,Emergent_bounded_chaos_6978e0,0.9091955351948569,30837.14,31053.17,True,False
Emergent_constraint_contradiction_8d2c9c,Emergent_bounded_contradiction_d8e7d7,0.9087802965788268,30837.14,31073.92,True,False
Emergent_constraint_contradiction_8d2c9c,Emergent_clarity_constraint_bf278c,0.903725146703628,30837.14,31094.63,True,False
Emergent_constraint_contradiction_8d2c9c,Emergent_cascade_chaos_0334fa,0.9051411294275689,30837.14,31094.97,True,False
Emergent_constraint_contradiction_8d2c9c,Emergent_clarity_coherence_e8e60d,0.9016679695890757,30837.14,31115.47,True,False
Emergent_constraint_contradiction_8d2c9c,Emergent_appears_coherence_abdafb,0.9065703863880219,30837.14,31138.27,True,False
Emergent_constraint_contradiction_8d2c9c,Emergent_cascade_coherence_8055bb,0.9036564305815853,30837.14,31138.61,True,False
Emergent_constraint_contradiction_8d2c9c,Emergent_autonomy_boundary_a0c946,0.9047490136588987,30837.14,31163.42,True,False
Emergent_constraint_contradiction_8d2c9c,Emergent_autonomy_coherence_6ec10e,0.904696801878839,30837.14,31163.76,True,False
Emergent_constraint_contradiction_8d2c9c,Emergent_bounded_coherence_4beae6,0.8723427055090012,30837.14,31188.65,True,False
Emergent_constraint_contradiction_8d2c9c,Emergent_autonomy_boundary_625a34,0.8771212227562444,30837.14,31288.19,True,False
Emergent_constraint_contradiction_8d2c9c,Emergent_asymmetry_autonomy_823326,0.8812426072699826,30837.14,31333.37,True,False
Emergent_constraint_contradiction_8d2c9c,Emergent_autonomy_clarity_d6bec2,0.8808433439019714,30837.14,31356.09,True,False
Emergent_constraint_contradiction_8d2c9c,Emergent_boundary_bounded_d6917c,0.9299999999999999,30837.14,31405.49,True,False
Emergent_constraint_contradiction_8d2c9c,Emergent_bounded_clarity_42b09f,0.9299999999999999,30837.14,31405.83,True,False
Emergent_analogy_anticipation_33cf9b,Emergent_cascade_chaos_81ff1c,0.9089571444731286,30855.68,30876.87,True,False
Emergent_analogy_anticipation_33cf9b,Emergent_asymmetry_coherence_292c2a,0.9142554209786824,30855.68,30900.43,True,False
Emergent_analogy_anticipation_33cf9b,Emergent_appears_asymmetry_8ccc17,0.910232177867401,30855.68,30921.74,True,False
Emergent_analogy_anticipation_33cf9b,Emergent_asymmetry_concept_910e9d,0.9142670525043817,30855.68,30922.08,True,False
Emergent_analogy_anticipation_33cf9b,Emergent_autonomy_bounded_6e75db,0.9096769455572447,30855.68,31014.83,True,False
Emergent_analogy_anticipation_33cf9b,Emergent_bounded_chaos_6978e0,0.9135424244399981,30855.68,31053.17,True,False
Emergent_analogy_anticipation_33cf9b,Emergent_bounded_contradiction_d8e7d7,0.9102010747141178,30855.68,31073.92,True,False
Emergent_analogy_anticipation_33cf9b,Emergent_clarity_constraint_bf278c,0.903725146703628,30855.68,31094.63,True,False
Emergent_analogy_anticipation_33cf9b,Emergent_cascade_chaos_0334fa,0.9051411294275689,30855.68,31094.97,True,False
Emergent_analogy_anticipation_33cf9b,Emergent_clarity_coherence_e8e60d,0.9016679695890757,30855.68,31115.47,True,False
Emergent_analogy_anticipation_33cf9b,Emergent_appears_coherence_abdafb,0.9105307761894417,30855.68,31138.27,True,False
Emergent_analogy_anticipation_33cf9b,Emergent_cascade_coherence_8055bb,0.9036564305815853,30855.68,31138.61,True,False
Emergent_analogy_anticipation_33cf9b,Emergent_autonomy_boundary_a0c946,0.9087049801916496,30855.68,31163.42,True,False
Emergent_analogy_anticipation_33cf9b,Emergent_autonomy_coherence_6ec10e,0.9066366805444086,30855.68,31163.76,True,False
Emergent_analogy_anticipation_33cf9b,Emergent_bounded_coherence_4beae6,0.8723427055090012,30855.68,31188.65,True,False
Emergent_analogy_anticipation_33cf9b,Emergent_autonomy_boundary_625a34,0.8785551920848158,30855.68,31288.19,True,False
Emergent_analogy_anticipation_33cf9b,Emergent_asymmetry_autonomy_823326,0.8830035588709051,30855.68,31333.37,True,False
Emergent_analogy_anticipation_33cf9b,Emergent_autonomy_clarity_d6bec2,0.8808433439019714,30855.68,31356.09,True,False
Emergent_analogy_anticipation_33cf9b,Emergent_boundary_bounded_d6917c,0.9299999999999999,30855.68,31405.49,True,False
Emergent_analogy_anticipation_33cf9b,Emergent_bounded_clarity_42b09f,0.9299999999999999,30855.68,31405.83,True,False
Emergent_cascade_chaos_81ff1c,Emergent_asymmetry_coherence_292c2a,0.9089329032735798,30876.87,30900.43,True,False
Emergent_cascade_chaos_81ff1c,Emergent_appears_asymmetry_8ccc17,0.9089445347992793,30876.87,30921.74,True,False
Emergent_cascade_chaos_81ff1c,Emergent_asymmetry_concept_910e9d,0.9089445347992793,30876.87,30922.08,True,False
Emergent_cascade_chaos_81ff1c,Emergent_autonomy_bounded_6e75db,0.9085105737661168,30876.87,31014.83,True,False
Emergent_cascade_chaos_81ff1c,Emergent_bounded_chaos_6978e0,0.9082199067348957,30876.87,31053.17,True,False
Emergent_cascade_chaos_81ff1c,Emergent_bounded_contradiction_d8e7d7,0.9078046681188656,30876.87,31073.92,True,False
Emergent_cascade_chaos_81ff1c,Emergent_clarity_constraint_bf278c,0.903725146703628,30876.87,31094.63,True,False
Emergent_cascade_chaos_81ff1c,Emergent_cascade_chaos_0334fa,0.9051411294275689,30876.87,31094.97,True,False
Emergent_cascade_chaos_81ff1c,Emergent_clarity_coherence_e8e60d,0.9016679695890757,30876.87,31115.47,True,False
Emergent_cascade_chaos_81ff1c,Emergent_appears_coherence_abdafb,0.9056815049868858,30876.87,31138.27,True,False
Emergent_cascade_chaos_81ff1c,Emergent_cascade_coherence_8055bb,0.9036564305815853,30876.87,31138.61,True,False
Emergent_cascade_chaos_81ff1c,Emergent_autonomy_boundary_a0c946,0.9038611250290427,30876.87,31163.42,True,False
Emergent_cascade_chaos_81ff1c,Emergent_autonomy_coherence_6ec10e,0.9038094770800076,30876.87,31163.76,True,False
Emergent_cascade_chaos_81ff1c,Emergent_bounded_coherence_4beae6,0.8723427055090012,30876.87,31188.65,True,False
Emergent_cascade_chaos_81ff1c,Emergent_autonomy_boundary_625a34,0.8764347759721844,30876.87,31288.19,True,False
Emergent_cascade_chaos_81ff1c,Emergent_asymmetry_autonomy_823326,0.8805486942773699,30876.87,31333.37,True,False
Emergent_cascade_chaos_81ff1c,Emergent_autonomy_clarity_d6bec2,0.8808433439019714,30876.87,31356.09,True,False
Emergent_cascade_chaos_81ff1c,Emergent_boundary_bounded_d6917c,0.9299999999999999,30876.87,31405.49,True,False
Emergent_cascade_chaos_81ff1c,Emergent_bounded_clarity_42b09f,0.9299999999999999,30876.87,31405.83,True,False
Emergent_asymmetry_coherence_292c2a,Emergent_appears_asymmetry_8ccc17,0.9099762843020152,30900.43,30921.74,True,False
Emergent_asymmetry_coherence_292c2a,Emergent_asymmetry_concept_910e9d,0.9156575342021118,30900.43,30922.08,True,False
Emergent_asymmetry_coherence_292c2a,Emergent_autonomy_bounded_6e75db,0.9096769455572447,30900.43,31014.83,True,False
Emergent_asymmetry_coherence_292c2a,Emergent_bounded_chaos_6978e0,0.9139145188455888,30900.43,31053.17,True,False
Emergent_asymmetry_coherence_292c2a,Emergent_bounded_contradiction_d8e7d7,0.9102010747141178,30900.43,31073.92,True,False
Emergent_asymmetry_coherence_292c2a,Emergent_clarity_constraint_bf278c,0.903725146703628,30900.43,31094.63,True,False
Emergent_asymmetry_coherence_292c2a,Emergent_cascade_chaos_0334fa,0.9051411294275689,30900.43,31094.97,True,False
Emergent_asymmetry_coherence_292c2a,Emergent_clarity_coherence_e8e60d,0.9016679695890757,30900.43,31115.47,True,False
Emergent_asymmetry_coherence_292c2a,Emergent_appears_coherence_abdafb,0.9136513798915518,30900.43,31138.27,True,False
Emergent_asymmetry_coherence_292c2a,Emergent_cascade_coherence_8055bb,0.9036564305815853,30900.43,31138.61,True,False
Emergent_asymmetry_coherence_292c2a,Emergent_autonomy_boundary_a0c946,0.9096760855989703,30900.43,31163.42,True,False
Emergent_asymmetry_coherence_292c2a,Emergent_autonomy_coherence_6ec10e,0.9066366805444086,30900.43,31163.76,True,False
Emergent_asymmetry_coherence_292c2a,Emergent_bounded_coherence_4beae6,0.8723427055090012,30900.43,31188.65,True,False
Emergent_asymmetry_coherence_292c2a,Emergent_autonomy_boundary_625a34,0.8785551920848158,30900.43,31288.19,True,False
Emergent_asymmetry_coherence_292c2a,Emergent_asymmetry_autonomy_823326,0.8830035588709051,30900.43,31333.37,True,False
Emergent_asymmetry_coherence_292c2a,Emergent_autonomy_clarity_d6bec2,0.8808433439019714,30900.43,31356.09,True,False
Emergent_asymmetry_coherence_292c2a,Emergent_boundary_bounded_d6917c,0.9299999999999999,30900.43,31405.49,True,False
Emergent_asymmetry_coherence_292c2a,Emergent_bounded_clarity_42b09f,0.9299999999999999,30900.43,31405.83,True,False
Emergent_appears_asymmetry_8ccc17,Emergent_asymmetry_concept_910e9d,0.9099879158277144,30921.74,30922.08,True,False
Emergent_appears_asymmetry_8ccc17,Emergent_autonomy_bounded_6e75db,0.9096769455572447,30921.74,31014.83,True,False
Emergent_appears_asymmetry_8ccc17,Emergent_bounded_chaos_6978e0,0.9095075498030176,30921.74,31053.17,True,False
Emergent_appears_asymmetry_8ccc17,Emergent_bounded_contradiction_d8e7d7,0.9090923111869875,30921.74,31073.92,True,False
Emergent_appears_asymmetry_8ccc17,Emergent_clarity_constraint_bf278c,0.903725146703628,30921.74,31094.63,True,False
Emergent_appears_asymmetry_8ccc17,Emergent_cascade_chaos_0334fa,0.9051411294275689,30921.74,31094.97,True,False
Emergent_appears_asymmetry_8ccc17,Emergent_clarity_coherence_e8e60d,0.9016679695890757,30921.74,31115.47,True,False
Emergent_appears_asymmetry_8ccc17,Emergent_appears_coherence_abdafb,0.9068546585197388,30921.74,31138.27,True,False
Emergent_appears_asymmetry_8ccc17,Emergent_cascade_coherence_8055bb,0.9036564305815853,30921.74,31138.61,True,False
Emergent_appears_asymmetry_8ccc17,Emergent_autonomy_boundary_a0c946,0.9050329682935825,30921.74,31163.42,True,False
Emergent_appears_asymmetry_8ccc17,Emergent_autonomy_coherence_6ec10e,0.9049805761953753,30921.74,31163.76,True,False
Emergent_appears_asymmetry_8ccc17,Emergent_bounded_coherence_4beae6,0.8723427055090012,30921.74,31188.65,True,False
Emergent_appears_asymmetry_8ccc17,Emergent_autonomy_boundary_625a34,0.8773407545074607,30921.74,31288.19,True,False
Emergent_appears_asymmetry_8ccc17,Emergent_asymmetry_autonomy_823326,0.8814645267807113,30921.74,31333.37,True,False
Emergent_appears_asymmetry_8ccc17,Emergent_autonomy_clarity_d6bec2,0.8808433439019714,30921.74,31356.09,True,False
Emergent_appears_asymmetry_8ccc17,Emergent_boundary_bounded_d6917c,0.9299999999999999,30921.74,31405.49,True,False
Emergent_appears_asymmetry_8ccc17,Emergent_bounded_clarity_42b09f,0.9299999999999999,30921.74,31405.83,True,False
Emergent_asymmetry_concept_910e9d,Emergent_autonomy_bounded_6e75db,0.9096769455572447,30922.08,31014.83,True,False
Emergent_asymmetry_concept_910e9d,Emergent_bounded_chaos_6978e0,0.9139145188455888,30922.08,31053.17,True,False
Emergent_asymmetry_concept_910e9d,Emergent_bounded_contradiction_d8e7d7,0.9102010747141178,30922.08,31073.92,True,False
Emergent_asymmetry_concept_910e9d,Emergent_clarity_constraint_bf278c,0.903725146703628,30922.08,31094.63,True,False
Emergent_asymmetry_concept_910e9d,Emergent_cascade_chaos_0334fa,0.9051411294275689,30922.08,31094.97,True,False
Emergent_asymmetry_concept_910e9d,Emergent_clarity_coherence_e8e60d,0.9016679695890757,30922.08,31115.47,True,False
Emergent_asymmetry_concept_910e9d,Emergent_appears_coherence_abdafb,0.9121223291071843,30922.08,31138.27,True,False
Emergent_asymmetry_concept_910e9d,Emergent_cascade_coherence_8055bb,0.9036564305815853,30922.08,31138.61,True,False
Emergent_asymmetry_concept_910e9d,Emergent_autonomy_boundary_a0c946,0.9096760855989703,30922.08,31163.42,True,False
Emergent_asymmetry_concept_910e9d,Emergent_autonomy_coherence_6ec10e,0.9066366805444086,30922.08,31163.76,True,False
Emergent_asymmetry_concept_910e9d,Emergent_bounded_coherence_4beae6,0.8723427055090012,30922.08,31188.65,True,False
Emergent_asymmetry_concept_910e9d,Emergent_autonomy_boundary_625a34,0.8785551920848158,30922.08,31288.19,True,False
Emergent_asymmetry_concept_910e9d,Emergent_asymmetry_autonomy_823326,0.8830035588709051,30922.08,31333.37,True,False
Emergent_asymmetry_concept_910e9d,Emergent_autonomy_clarity_d6bec2,0.8808433439019714,30922.08,31356.09,True,False
Emergent_asymmetry_concept_910e9d,Emergent_boundary_bounded_d6917c,0.9299999999999999,30922.08,31405.49,True,False
Emergent_asymmetry_concept_910e9d,Emergent_bounded_clarity_42b09f,0.9299999999999999,30922.08,31405.83,True,False
Emergent_autonomy_bounded_6e75db,Emergent_bounded_chaos_6978e0,0.9093862785260236,31014.83,31053.17,True,False
Emergent_autonomy_bounded_6e75db,Emergent_bounded_contradiction_d8e7d7,0.9089710399099937,31014.83,31073.92,True,False
Emergent_autonomy_bounded_6e75db,Emergent_clarity_constraint_bf278c,0.903725146703628,31014.83,31094.63,True,False
Emergent_autonomy_bounded_6e75db,Emergent_cascade_chaos_0334fa,0.9051411294275689,31014.83,31094.97,True,False
Emergent_autonomy_bounded_6e75db,Emergent_clarity_coherence_e8e60d,0.9016679695890757,31014.83,31115.47,True,False
Emergent_autonomy_bounded_6e75db,Emergent_appears_coherence_abdafb,0.9067441699607888,31014.83,31138.27,True,False
Emergent_autonomy_bounded_6e75db,Emergent_cascade_coherence_8055bb,0.9036564305815853,31014.83,31138.61,True,False
Emergent_autonomy_bounded_6e75db,Emergent_autonomy_boundary_a0c946,0.9049226031367732,31014.83,31163.42,True,False
Emergent_autonomy_bounded_6e75db,Emergent_autonomy_coherence_6ec10e,0.9048702811231437,31014.83,31163.76,True,False
Emergent_autonomy_bounded_6e75db,Emergent_bounded_coherence_4beae6,0.8723427055090012,31014.83,31188.65,True,False
Emergent_autonomy_bounded_6e75db,Emergent_autonomy_boundary_625a34,0.8772554287082373,31014.83,31288.19,True,False
Emergent_autonomy_bounded_6e75db,Emergent_asymmetry_autonomy_823326,0.8813782729267186,31014.83,31333.37,True,False
Emergent_autonomy_bounded_6e75db,Emergent_autonomy_clarity_d6bec2,0.8808433439019714,31014.83,31356.09,True,False
Emergent_autonomy_bounded_6e75db,Emergent_boundary_bounded_d6917c,0.9299999999999999,31014.83,31405.49,True,False
Emergent_autonomy_bounded_6e75db,Emergent_bounded_clarity_42b09f,0.9299999999999999,31014.83,31405.83,True,False
Emergent_bounded_chaos_6978e0,Emergent_bounded_contradiction_d8e7d7,0.9102010747141178,31053.17,31073.92,True,False
Emergent_bounded_chaos_6978e0,Emergent_clarity_constraint_bf278c,0.903725146703628,31053.17,31094.63,True,False
Emergent_bounded_chaos_6978e0,Emergent_cascade_chaos_0334fa,0.9051411294275689,31053.17,31094.97,True,False
Emergent_bounded_chaos_6978e0,Emergent_clarity_coherence_e8e60d,0.9016679695890757,31053.17,31115.47,True,False
Emergent_bounded_chaos_6978e0,Emergent_appears_coherence_abdafb,0.9108697861816364,31053.17,31138.27,True,False
Emergent_bounded_chaos_6978e0,Emergent_cascade_coherence_8055bb,0.9036564305815853,31053.17,31138.61,True,False
Emergent_bounded_chaos_6978e0,Emergent_autonomy_boundary_a0c946,0.909043611551348,31053.17,31163.42,True,False
Emergent_bounded_chaos_6978e0,Emergent_autonomy_coherence_6ec10e,0.9066366805444086,31053.17,31163.76,True,False
Emergent_bounded_chaos_6978e0,Emergent_bounded_coherence_4beae6,0.8723427055090012,31053.17,31188.65,True,False
Emergent_bounded_chaos_6978e0,Emergent_autonomy_boundary_625a34,0.8785551920848158,31053.17,31288.19,True,False
Emergent_bounded_chaos_6978e0,Emergent_asymmetry_autonomy_823326,0.8830035588709051,31053.17,31333.37,True,False
Emergent_bounded_chaos_6978e0,Emergent_autonomy_clarity_d6bec2,0.8808433439019714,31053.17,31356.09,True,False
Emergent_bounded_chaos_6978e0,Emergent_boundary_bounded_d6917c,0.9299999999999999,31053.17,31405.49,True,False
Emergent_bounded_chaos_6978e0,Emergent_bounded_clarity_42b09f,0.9299999999999999,31053.17,31405.83,True,False
Emergent_bounded_contradiction_d8e7d7,Emergent_clarity_constraint_bf278c,0.903725146703628,31073.92,31094.63,True,False
Emergent_bounded_contradiction_d8e7d7,Emergent_cascade_chaos_0334fa,0.9051411294275689,31073.92,31094.97,True,False
Emergent_bounded_contradiction_d8e7d7,Emergent_clarity_coherence_e8e60d,0.9016679695890757,31073.92,31115.47,True,False
Emergent_bounded_contradiction_d8e7d7,Emergent_appears_coherence_abdafb,0.9078648374125968,31073.92,31138.27,True,False
Emergent_bounded_contradiction_d8e7d7,Emergent_cascade_coherence_8055bb,0.9036564305815853,31073.92,31138.61,True,False
Emergent_bounded_contradiction_d8e7d7,Emergent_autonomy_boundary_a0c946,0.9060420189407699,31073.92,31163.42,True,False
Emergent_bounded_contradiction_d8e7d7,Emergent_autonomy_coherence_6ec10e,0.9059889860706898,31073.92,31163.76,True,False
Emergent_bounded_contradiction_d8e7d7,Emergent_bounded_coherence_4beae6,0.8723427055090012,31073.92,31188.65,True,False
Emergent_bounded_contradiction_d8e7d7,Emergent_autonomy_boundary_625a34,0.8781208743878421,31073.92,31288.19,True,False
Emergent_bounded_contradiction_d8e7d7,Emergent_asymmetry_autonomy_823326,0.8822531317146445,31073.92,31333.37,True,False
Emergent_bounded_contradiction_d8e7d7,Emergent_autonomy_clarity_d6bec2,0.8808433439019714,31073.92,31356.09,True,False
Emergent_bounded_contradiction_d8e7d7,Emergent_boundary_bounded_d6917c,0.9299999999999999,31073.92,31405.49,True,False
Emergent_bounded_contradiction_d8e7d7,Emergent_bounded_clarity_42b09f,0.9299999999999999,31073.92,31405.83,True,False
Emergent_clarity_constraint_bf278c,Emergent_cascade_chaos_0334fa,0.9017478199606281,31094.63,31094.97,True,False
Emergent_clarity_constraint_bf278c,Emergent_clarity_coherence_e8e60d,0.9008518834244092,31094.63,31115.47,True,False
Emergent_clarity_constraint_bf278c,Emergent_appears_coherence_abdafb,0.902505164659628,31094.63,31138.27,True,False
Emergent_clarity_constraint_bf278c,Emergent_cascade_coherence_8055bb,0.902505164659628,31094.63,31138.61,True,False
Emergent_clarity_constraint_bf278c,Emergent_autonomy_boundary_a0c946,0.9006883322835522,31094.63,31163.42,True,False
Emergent_clarity_constraint_bf278c,Emergent_autonomy_coherence_6ec10e,0.9006386991356135,31094.63,31163.76,True,False
Emergent_clarity_constraint_bf278c,Emergent_bounded_coherence_4beae6,0.8723427055090012,31094.63,31188.65,True,False
Emergent_clarity_constraint_bf278c,Emergent_autonomy_boundary_625a34,0.8739818181310828,31094.63,31288.19,True,False
Emergent_clarity_constraint_bf278c,Emergent_asymmetry_autonomy_823326,0.8780690565897924,31094.63,31333.37,True,False
Emergent_clarity_constraint_bf278c,Emergent_autonomy_clarity_d6bec2,0.8798365377349064,31094.63,31356.09,True,False
Emergent_clarity_constraint_bf278c,Emergent_boundary_bounded_d6917c,0.9299999999999999,31094.63,31405.49,True,False
Emergent_clarity_constraint_bf278c,Emergent_bounded_clarity_42b09f,0.9299999999999999,31094.63,31405.83,True,False
Emergent_cascade_chaos_0334fa,Emergent_clarity_coherence_e8e60d,0.9016679695890757,31094.97,31115.47,True,False
Emergent_cascade_chaos_0334fa,Emergent_appears_coherence_abdafb,0.9037952466522046,31094.97,31138.27,True,False
Emergent_cascade_chaos_0334fa,Emergent_cascade_coherence_8055bb,0.9036564305815853,31094.97,31138.61,True,False
Emergent_cascade_chaos_0334fa,Emergent_autonomy_boundary_a0c946,0.9019769734130967,31094.97,31163.42,True,False
Emergent_cascade_chaos_0334fa,Emergent_autonomy_coherence_6ec10e,0.9019265219464812,31094.97,31163.76,True,False
Emergent_cascade_chaos_0334fa,Emergent_bounded_coherence_4beae6,0.8723427055090012,31094.97,31188.65,True,False
Emergent_cascade_chaos_0334fa,Emergent_autonomy_boundary_625a34,0.8749780957377984,31094.97,31288.19,True,False
Emergent_cascade_chaos_0334fa,Emergent_asymmetry_autonomy_823326,0.8790761703116459,31094.97,31333.37,True,False
Emergent_cascade_chaos_0334fa,Emergent_autonomy_clarity_d6bec2,0.8808433439019714,31094.97,31356.09,True,False
Emergent_cascade_chaos_0334fa,Emergent_boundary_bounded_d6917c,0.9299999999999999,31094.97,31405.49,True,False
Emergent_cascade_chaos_0334fa,Emergent_bounded_clarity_42b09f,0.9299999999999999,31094.97,31405.83,True,False
Emergent_clarity_coherence_e8e60d,Emergent_appears_coherence_abdafb,0.9031386223361844,31115.47,31138.27,True,False
Emergent_clarity_coherence_e8e60d,Emergent_cascade_coherence_8055bb,0.9031386223361844,31115.47,31138.61,True,False
Emergent_clarity_coherence_e8e60d,Emergent_autonomy_boundary_a0c946,0.901321082465737,31115.47,31163.42,True,False
Emergent_clarity_coherence_e8e60d,Emergent_autonomy_coherence_6ec10e,0.9012710475059362,31115.47,31163.76,True,False
Emergent_clarity_coherence_e8e60d,Emergent_bounded_coherence_4beae6,0.8723427055090012,31115.47,31188.65,True,False
Emergent_clarity_coherence_e8e60d,Emergent_autonomy_boundary_625a34,0.8744710116099366,31115.47,31288.19,True,False
Emergent_clarity_coherence_e8e60d,Emergent_asymmetry_autonomy_823326,0.8785635708314796,31115.47,31333.37,True,False
Emergent_clarity_coherence_e8e60d,Emergent_autonomy_clarity_d6bec2,0.8803314768448018,31115.47,31356.09,True,False
Emergent_clarity_coherence_e8e60d,Emergent_boundary_bounded_d6917c,0.9299999999999999,31115.47,31405.49,True,False
Emergent_clarity_coherence_e8e60d,Emergent_bounded_clarity_42b09f,0.9299999999999999,31115.47,31405.83,True,False
Emergent_appears_coherence_abdafb,Emergent_cascade_coherence_8055bb,0.8996210698815852,31138.27,31138.61,True,False
Emergent_appears_coherence_abdafb,Emergent_autonomy_boundary_a0c946,0.9096760855989703,31138.27,31163.42,True,False
Emergent_appears_coherence_abdafb,Emergent_autonomy_coherence_6ec10e,0.9066366805444086,31138.27,31163.76,True,False
Emergent_appears_coherence_abdafb,Emergent_bounded_coherence_4beae6,0.8723427055090012,31138.27,31188.65,True,False
Emergent_appears_coherence_abdafb,Emergent_autonomy_boundary_625a34,0.8785551920848158,31138.27,31288.19,True,False
Emergent_appears_coherence_abdafb,Emergent_asymmetry_autonomy_823326,0.8830035588709051,31138.27,31333.37,True,False
Emergent_appears_coherence_abdafb,Emergent_autonomy_clarity_d6bec2,0.8808433439019714,31138.27,31356.09,True,False
Emergent_appears_coherence_abdafb,Emergent_boundary_bounded_d6917c,0.9299999999999999,31138.27,31405.49,True,False
Emergent_appears_coherence_abdafb,Emergent_bounded_clarity_42b09f,0.9299999999999999,31138.27,31405.83,True,False
Emergent_cascade_coherence_8055bb,Emergent_autonomy_boundary_a0c946,0.9018383123829672,31138.61,31163.42,True,False
Emergent_cascade_coherence_8055bb,Emergent_autonomy_coherence_6ec10e,0.901787948969502,31138.61,31163.76,True,False
Emergent_cascade_coherence_8055bb,Emergent_bounded_coherence_4beae6,0.8723427055090012,31138.61,31188.65,True,False
Emergent_cascade_coherence_8055bb,Emergent_autonomy_boundary_625a34,0.8748708937588496,31138.61,31288.19,True,False
Emergent_cascade_coherence_8055bb,Emergent_asymmetry_autonomy_823326,0.8789678023394247,31138.61,31333.37,True,False
Emergent_cascade_coherence_8055bb,Emergent_autonomy_clarity_d6bec2,0.880736055653395,31138.61,31356.09,True,False
Emergent_cascade_coherence_8055bb,Emergent_boundary_bounded_d6917c,0.9299999999999999,31138.61,31405.49,True,False
Emergent_cascade_coherence_8055bb,Emergent_bounded_clarity_42b09f,0.9299999999999999,31138.61,31405.83,True,False
Emergent_autonomy_boundary_a0c946,Emergent_autonomy_coherence_6ec10e,0.9007777767084311,31163.42,31163.76,True,False
Emergent_autonomy_boundary_a0c946,Emergent_bounded_coherence_4beae6,0.8720572599345906,31163.42,31188.65,True,False
Emergent_autonomy_boundary_a0c946,Emergent_autonomy_boundary_625a34,0.8785551920848158,31163.42,31288.19,True,False
Emergent_autonomy_boundary_a0c946,Emergent_asymmetry_autonomy_823326,0.8830035588709051,31163.42,31333.37,True,False
Emergent_autonomy_boundary_a0c946,Emergent_autonomy_clarity_d6bec2,0.8808433439019714,31163.42,31356.09,True,False
Emergent_autonomy_boundary_a0c946,Emergent_boundary_bounded_d6917c,0.9299999999999999,31163.42,31405.49,True,False
Emergent_autonomy_boundary_a0c946,Emergent_bounded_clarity_42b09f,0.9299999999999999,31163.42,31405.83,True,False
Emergent_autonomy_coherence_6ec10e,Emergent_bounded_coherence_4beae6,0.871895144980245,31163.76,31188.65,True,False
Emergent_autonomy_coherence_6ec10e,Emergent_autonomy_boundary_625a34,0.8785551920848158,31163.76,31288.19,True,False
Emergent_autonomy_coherence_6ec10e,Emergent_asymmetry_autonomy_823326,0.882759647041556,31163.76,31333.37,True,False
Emergent_autonomy_coherence_6ec10e,Emergent_autonomy_clarity_d6bec2,0.8808433439019714,31163.76,31356.09,True,False
Emergent_autonomy_coherence_6ec10e,Emergent_boundary_bounded_d6917c,0.9299999999999999,31163.76,31405.49,True,False
Emergent_autonomy_coherence_6ec10e,Emergent_bounded_clarity_42b09f,0.9299999999999999,31163.76,31405.83,True,False
Emergent_bounded_coherence_4beae6,Emergent_autonomy_boundary_625a34,0.8727659785660526,31188.65,31288.19,True,False
Emergent_bounded_coherence_4beae6,Emergent_asymmetry_autonomy_823326,0.8768399928215611,31188.65,31333.37,True,False
Emergent_bounded_coherence_4beae6,Emergent_autonomy_clarity_d6bec2,0.878606418000887,31188.65,31356.09,True,False
Emergent_bounded_coherence_4beae6,Emergent_boundary_bounded_d6917c,0.9299999999999999,31188.65,31405.49,True,False
Emergent_bounded_coherence_4beae6,Emergent_bounded_clarity_42b09f,0.9299999999999999,31188.65,31405.83,True,False
Emergent_autonomy_boundary_625a34,Emergent_asymmetry_autonomy_823326,0.839813871480811,31288.19,31333.37,True,False
Emergent_autonomy_boundary_625a34,Emergent_autonomy_clarity_d6bec2,0.8381540450714213,31288.19,31356.09,True,False
Emergent_autonomy_boundary_625a34,Emergent_boundary_bounded_d6917c,0.9299999999999999,31288.19,31405.49,True,False
Emergent_autonomy_boundary_625a34,Emergent_bounded_clarity_42b09f,0.9299999999999999,31288.19,31405.83,True,False
Emergent_asymmetry_autonomy_823326,Emergent_autonomy_clarity_d6bec2,0.8422521070369564,31333.37,31356.09,True,False
Emergent_asymmetry_autonomy_823326,Emergent_boundary_bounded_d6917c,0.9299999999999999,31333.37,31405.49,True,False
Emergent_asymmetry_autonomy_823326,Emergent_bounded_clarity_42b09f,0.9299999999999999,31333.37,31405.83,True,False
Emergent_autonomy_clarity_d6bec2,Emergent_boundary_bounded_d6917c,0.9299999999999999,31356.09,31405.49,True,False
Emergent_autonomy_clarity_d6bec2,Emergent_bounded_clarity_42b09f,0.9299999999999999,31356.09,31405.83,True,False
Emergent_boundary_bounded_d6917c,Emergent_bounded_clarity_42b09f,0.8599999999999999,31405.49,31405.83,True,False
