source,target,weight,src_ts,dst_ts,is_older_to_newer,is_newer_to_older
Emergent_ambiguity_autonomy_aa5a3c,Emergent_abstraction_ambiguity_5c1c4f,0.8934476202623789,100009.2,100022.18,True,False
Emergent_ambiguity_autonomy_aa5a3c,Emergent_autonomy_belief_revision_4c4fe5,0.8902976483646421,100009.2,100033.6,True,False
Emergent_ambiguity_autonomy_aa5a3c,Emergent_autonomy_chaos_27df09,0.9014522770517968,100009.2,100043.88,True,False
Emergent_ambiguity_autonomy_aa5a3c,Emergent_belief_revision_coherence_d2f294,0.8971621400090892,100009.2,100059.82,True,False
Emergent_ambiguity_autonomy_aa5a3c,Emergent_belief_revision_cascade_5089c2,0.8761217664325289,100009.2,100060.16,True,False
Emergent_ambiguity_autonomy_aa5a3c,Emergent_bounded_coherence_717f45,0.8922837439809934,100009.2,100073.44,True,False
Emergent_ambiguity_autonomy_aa5a3c,Emergent_appears_asymmetry_8ccc17,0.8760742218167916,100009.2,100089.52,True,False
Emergent_ambiguity_autonomy_aa5a3c,Emergent_autonomy_collective_6a047d,0.8856439880097791,100009.2,100102.52,True,False
Emergent_ambiguity_autonomy_aa5a3c,Emergent_autonomy_bounded_ab8b66,0.8656550269057159,100009.2,100116.77,True,False
Emergent_ambiguity_autonomy_aa5a3c,Emergent_anticipation_connection_828c09,0.8915307409358768,100009.2,100131.8,True,False
Emergent_ambiguity_autonomy_aa5a3c,Emergent_attention_autonomy_5ae8f6,0.895298078818862,100009.2,100147.24,True,False
Emergent_ambiguity_autonomy_aa5a3c,Emergent_appears_asymmetry_0715f8,0.8964548885250623,100009.2,100160.96,True,False
Emergent_ambiguity_autonomy_aa5a3c,Emergent_appears_asymmetry_875f64,0.8985003156620857,100009.2,100161.3,True,False
Emergent_ambiguity_autonomy_aa5a3c,Emergent_attention_bounded_c919d0,0.8855434173119712,100009.2,100172.78,True,False
Emergent_ambiguity_autonomy_aa5a3c,Emergent_awareness_bounded_b84b06,0.8953279667451599,100009.2,100184.78,True,False
Emergent_ambiguity_autonomy_aa5a3c,Emergent_attention_constraint_617795,0.8909388566944276,100009.2,100198.3,True,False
Emergent_ambiguity_autonomy_aa5a3c,Emergent_appears_asymmetry_ecd8f7,0.8844179890365569,100009.2,100211.71,True,False
Emergent_ambiguity_autonomy_aa5a3c,Emergent_appears_asymmetry_8dba4c,0.8891551993119675,100009.2,100226.42,True,False
Emergent_ambiguity_autonomy_aa5a3c,Emergent_attention_ethical_0020f6,0.8941735466885694,100009.2,100237.53,True,False
Emergent_ambiguity_autonomy_aa5a3c,Emergent_ethical_identity_5da0bb,0.8978859418840124,100009.2,100237.87,True,False
Emergent_ambiguity_autonomy_aa5a3c,Emergent_awareness_bounded_7edeab,0.8964986194731763,100009.2,100250.42,True,False
Emergent_ambiguity_autonomy_aa5a3c,Emergent_attention_bounded_52b815,0.8773418319265334,100009.2,100250.76,True,False
Emergent_ambiguity_autonomy_aa5a3c,Emergent_awareness_bounded_e897ba,0.8877776981130325,100009.2,100263.62,True,False
Emergent_ambiguity_autonomy_aa5a3c,Emergent_abstraction_appears_ce8722,0.8923652533773325,100009.2,100279.32,True,False
Emergent_ambiguity_autonomy_aa5a3c,Emergent_appears_asymmetry_9e9e75,0.8761166261364735,100009.2,100293.74,True,False
Emergent_ambiguity_autonomy_aa5a3c,Emergent_autonomy_carefully_dedeae,0.8901646141516544,100009.2,100307.54,True,False
Emergent_ambiguity_autonomy_aa5a3c,Emergent_ego_dissolution_emergence_from_interaction_c764c5,0.8783118932642204,100009.2,100319.63,True,False
Emergent_ambiguity_autonomy_aa5a3c,Emergent_equilibrium_hierarchy_d26d6a,0.8733977213662385,100009.2,100319.97,True,False
Emergent_ambiguity_autonomy_aa5a3c,Emergent_bounded_carefully_f79645,0.8728633178628458,100009.2,100335.02,True,False
Emergent_ambiguity_autonomy_aa5a3c,Emergent_bounded_ego_dissolution_425a2e,0.8833013492097963,100009.2,100351.16,True,False
Emergent_ambiguity_autonomy_aa5a3c,Emergent_bounded_equilibrium_28cfff,0.8748663306229731,100009.2,100351.5,True,False
Emergent_ambiguity_autonomy_aa5a3c,Emergent_abstraction_ego_dissolution_71f91a,0.883681810044223,100009.2,100364.16,True,False
Emergent_ambiguity_autonomy_aa5a3c,Emergent_abstraction_autonomy_37c4a5,0.87316641687696,100009.2,100409.14,True,False
Emergent_ambiguity_autonomy_aa5a3c,Emergent_abstraction_awareness_cd1340,0.8801672226640722,100009.2,100424.68,True,False
Emergent_ambiguity_autonomy_aa5a3c,Emergent_abstraction_carefully_a0ed61,0.880552896178129,100009.2,100442.45,True,False
Emergent_ambiguity_autonomy_aa5a3c,Emergent_carefully_coherence_19463a,0.8787236879462217,100009.2,100442.79,True,False
Emergent_ambiguity_autonomy_aa5a3c,Emergent_attention_autonomy_3ef5e3,0.8912048810438846,100009.2,100460.44,True,False
Emergent_ambiguity_autonomy_aa5a3c,Emergent_abstraction_autonomy_a1d776,0.8960509020982732,100009.2,100460.78,True,False
Emergent_ambiguity_autonomy_aa5a3c,Emergent_abstraction_awareness_5f6519,0.8804719672759465,100009.2,100475.06,True,False
Emergent_ambiguity_autonomy_aa5a3c,Emergent_equilibrium_identity_eb8211,0.8886634533680116,100009.2,100475.4,True,False
Emergent_ambiguity_autonomy_aa5a3c,Emergent_autonomy_bounded_72bafc,0.8935006557114542,100009.2,100493.65,True,False
Emergent_ambiguity_autonomy_aa5a3c,Emergent_autonomy_awareness_135ecc,0.8874805078221542,100009.2,100511.78,True,False
Emergent_ambiguity_autonomy_aa5a3c,Emergent_abstraction_autonomy_d2ad9b,0.8919122024673101,100009.2,100530.38,True,False
Emergent_ambiguity_autonomy_aa5a3c,Emergent_autonomy_collective_4a8f61,0.8940880282239176,100009.2,100545.66,True,False
Emergent_ambiguity_autonomy_aa5a3c,Emergent_autonomy_collective_b1eda1,0.894571162370289,100009.2,100576.16,True,False
Emergent_ambiguity_autonomy_aa5a3c,Emergent_carefully_coherence_6d638a,0.8726145651784925,100009.2,100613.59,True,False
Emergent_ambiguity_autonomy_aa5a3c,Emergent_awareness_carefully_9c1d55,0.8905522825604162,100009.2,100613.93,True,False
Emergent_ambiguity_autonomy_aa5a3c,Emergent_autonomy_awareness_201a67,0.8788048767007846,100009.2,100650.06,True,False
Emergent_ambiguity_autonomy_aa5a3c,Emergent_attention_autonomy_af7c63,0.8817656684441599,100009.2,100650.4,True,False
Emergent_ambiguity_autonomy_aa5a3c,Emergent_bounded_coherence_3cb354,0.8984402266899354,100009.2,100668.37,True,False
Emergent_ambiguity_autonomy_aa5a3c,Emergent_bounded_coherence_7a6cb5,0.8857660521960942,100009.2,100668.71,True,False
Emergent_ambiguity_autonomy_aa5a3c,Emergent_abstraction_autonomy_c124af,0.8712872385942474,100009.2,100688.11,True,False
Emergent_ambiguity_autonomy_aa5a3c,Emergent_appears_asymmetry_2723fa,0.8914171049332276,100009.2,100747.22,True,False
Emergent_ambiguity_autonomy_aa5a3c,Emergent_abstraction_identity_7c6ba9,0.8895901665388846,100009.2,100802.48,True,False
Emergent_ambiguity_autonomy_aa5a3c,Emergent_connection_dependency_089968,0.8713696563063826,100009.2,100842.09,True,False
Emergent_ambiguity_autonomy_aa5a3c,Emergent_connection_contradiction_52dd1b,0.8810758173845283,100009.2,100862.51,True,False
Emergent_ambiguity_autonomy_aa5a3c,Emergent_constraint_emergence_180017,0.8825214080025849,100009.2,100960.44,True,False
Emergent_ambiguity_autonomy_aa5a3c,Emergent_bounded_connection_422d1b,0.8719951052284596,100009.2,101042.21,True,False
Emergent_ambiguity_autonomy_aa5a3c,Emergent_bounded_coherence_050662,0.8810469664804996,100009.2,101062.48,True,False
Emergent_ambiguity_autonomy_aa5a3c,Emergent_autonomy_awareness_5ea6d1,0.8975099322811089,100009.2,101105.26,True,False
Emergent_ambiguity_autonomy_aa5a3c,Emergent_belief_revision_bounded_6b3318,0.8759630038876522,100009.2,101126.38,True,False
Emergent_ambiguity_autonomy_aa5a3c,Emergent_abstraction_carefully_799fc4,0.8018437513170933,100009.2,101169.11,True,False
Emergent_ambiguity_autonomy_aa5a3c,Emergent_bounded_coherence_a2e9f5,0.8335627454615775,100009.2,101253.08,True,False
Emergent_ambiguity_autonomy_aa5a3c,Emergent_carefully_coherence_d9db0f,0.923,100009.2,101273.58,True,False
Emergent_ambiguity_autonomy_aa5a3c,Emergent_bounded_emergence_e5f5db,0.9,100009.2,101354.59,True,False
Emergent_ambiguity_autonomy_aa5a3c,Emergent_abstraction_bounded_63ed2d,0.9,100009.2,101354.93,True,False
Emergent_abstraction_ambiguity_5c1c4f,Emergent_autonomy_belief_revision_4c4fe5,0.8902976483646421,100022.18,100033.6,True,False
Emergent_abstraction_ambiguity_5c1c4f,Emergent_autonomy_chaos_27df09,0.8934476202442425,100022.18,100043.88,True,False
Emergent_abstraction_ambiguity_5c1c4f,Emergent_belief_revision_coherence_d2f294,0.893447620229002,100022.18,100059.82,True,False
Emergent_abstraction_ambiguity_5c1c4f,Emergent_belief_revision_cascade_5089c2,0.8761217664325289,100022.18,100060.16,True,False
Emergent_abstraction_ambiguity_5c1c4f,Emergent_bounded_coherence_717f45,0.8922837439809934,100022.18,100073.44,True,False
Emergent_abstraction_ambiguity_5c1c4f,Emergent_appears_asymmetry_8ccc17,0.8760742218167916,100022.18,100089.52,True,False
Emergent_abstraction_ambiguity_5c1c4f,Emergent_autonomy_collective_6a047d,0.8856439880097791,100022.18,100102.52,True,False
Emergent_abstraction_ambiguity_5c1c4f,Emergent_autonomy_bounded_ab8b66,0.8656550269057159,100022.18,100116.77,True,False
Emergent_abstraction_ambiguity_5c1c4f,Emergent_anticipation_connection_828c09,0.8915307409358768,100022.18,100131.8,True,False
Emergent_abstraction_ambiguity_5c1c4f,Emergent_attention_autonomy_5ae8f6,0.8934476200508583,100022.18,100147.24,True,False
Emergent_abstraction_ambiguity_5c1c4f,Emergent_appears_asymmetry_0715f8,0.8934476198657961,100022.18,100160.96,True,False
Emergent_abstraction_ambiguity_5c1c4f,Emergent_appears_asymmetry_875f64,0.8934476198657961,100022.18,100161.3,True,False
Emergent_abstraction_ambiguity_5c1c4f,Emergent_attention_bounded_c919d0,0.8855434173119712,100022.18,100172.78,True,False
Emergent_abstraction_ambiguity_5c1c4f,Emergent_awareness_bounded_b84b06,0.8934476149646036,100022.18,100184.78,True,False
Emergent_abstraction_ambiguity_5c1c4f,Emergent_attention_constraint_617795,0.8909388566944276,100022.18,100198.3,True,False
Emergent_abstraction_ambiguity_5c1c4f,Emergent_appears_asymmetry_ecd8f7,0.8844179890365569,100022.18,100211.71,True,False
Emergent_abstraction_ambiguity_5c1c4f,Emergent_appears_asymmetry_8dba4c,0.8891551993119675,100022.18,100226.42,True,False
Emergent_abstraction_ambiguity_5c1c4f,Emergent_attention_ethical_0020f6,0.8934476186363958,100022.18,100237.53,True,False
Emergent_abstraction_ambiguity_5c1c4f,Emergent_ethical_identity_5da0bb,0.8934476186363958,100022.18,100237.87,True,False
Emergent_abstraction_ambiguity_5c1c4f,Emergent_awareness_bounded_7edeab,0.8934476169911785,100022.18,100250.42,True,False
Emergent_abstraction_ambiguity_5c1c4f,Emergent_attention_bounded_52b815,0.8773418319265334,100022.18,100250.76,True,False
Emergent_abstraction_ambiguity_5c1c4f,Emergent_awareness_bounded_e897ba,0.8877776981130325,100022.18,100263.62,True,False
Emergent_abstraction_ambiguity_5c1c4f,Emergent_abstraction_appears_ce8722,0.8923652533773325,100022.18,100279.32,True,False
Emergent_abstraction_ambiguity_5c1c4f,Emergent_appears_asymmetry_9e9e75,0.8761166261364735,100022.18,100293.74,True,False
Emergent_abstraction_ambiguity_5c1c4f,Emergent_autonomy_carefully_dedeae,0.8901646141516544,100022.18,100307.54,True,False
Emergent_abstraction_ambiguity_5c1c4f,Emergent_ego_dissolution_emergence_from_interaction_c764c5,0.8783118932642204,100022.18,100319.63,True,False
Emergent_abstraction_ambiguity_5c1c4f,Emergent_equilibrium_hierarchy_d26d6a,0.8733977213662385,100022.18,100319.97,True,False
Emergent_abstraction_ambiguity_5c1c4f,Emergent_bounded_carefully_f79645,0.8728633178628458,100022.18,100335.02,True,False
Emergent_abstraction_ambiguity_5c1c4f,Emergent_bounded_ego_dissolution_425a2e,0.8833013492097963,100022.18,100351.16,True,False
Emergent_abstraction_ambiguity_5c1c4f,Emergent_bounded_equilibrium_28cfff,0.8748663306229731,100022.18,100351.5,True,False
Emergent_abstraction_ambiguity_5c1c4f,Emergent_abstraction_ego_dissolution_71f91a,0.883681810044223,100022.18,100364.16,True,False
Emergent_abstraction_ambiguity_5c1c4f,Emergent_abstraction_autonomy_37c4a5,0.87316641687696,100022.18,100409.14,True,False
Emergent_abstraction_ambiguity_5c1c4f,Emergent_abstraction_awareness_cd1340,0.8801672226640722,100022.18,100424.68,True,False
Emergent_abstraction_ambiguity_5c1c4f,Emergent_abstraction_carefully_a0ed61,0.880552896178129,100022.18,100442.45,True,False
Emergent_abstraction_ambiguity_5c1c4f,Emergent_carefully_coherence_19463a,0.8787236879462217,100022.18,100442.79,True,False
Emergent_abstraction_ambiguity_5c1c4f,Emergent_attention_autonomy_3ef5e3,0.8912048810438846,100022.18,100460.44,True,False
Emergent_abstraction_ambiguity_5c1c4f,Emergent_abstraction_autonomy_a1d776,0.8934476191713596,100022.18,100460.78,True,False
Emergent_abstraction_ambiguity_5c1c4f,Emergent_abstraction_awareness_5f6519,0.8804719672759465,100022.18,100475.06,True,False
Emergent_abstraction_ambiguity_5c1c4f,Emergent_equilibrium_identity_eb8211,0.8886634533680116,100022.18,100475.4,True,False
Emergent_abstraction_ambiguity_5c1c4f,Emergent_autonomy_bounded_72bafc,0.8934466394140044,100022.18,100493.65,True,False
Emergent_abstraction_ambiguity_5c1c4f,Emergent_autonomy_awareness_135ecc,0.8874805078221542,100022.18,100511.78,True,False
Emergent_abstraction_ambiguity_5c1c4f,Emergent_abstraction_autonomy_d2ad9b,0.8919122024673101,100022.18,100530.38,True,False
Emergent_abstraction_ambiguity_5c1c4f,Emergent_autonomy_collective_4a8f61,0.8934470998530659,100022.18,100545.66,True,False
Emergent_abstraction_ambiguity_5c1c4f,Emergent_autonomy_collective_b1eda1,0.8934406044514003,100022.18,100576.16,True,False
Emergent_abstraction_ambiguity_5c1c4f,Emergent_carefully_coherence_6d638a,0.8726145651784925,100022.18,100613.59,True,False
Emergent_abstraction_ambiguity_5c1c4f,Emergent_awareness_carefully_9c1d55,0.8905522825604162,100022.18,100613.93,True,False
Emergent_abstraction_ambiguity_5c1c4f,Emergent_autonomy_awareness_201a67,0.8788048767007846,100022.18,100650.06,True,False
Emergent_abstraction_ambiguity_5c1c4f,Emergent_attention_autonomy_af7c63,0.8817656684441599,100022.18,100650.4,True,False
Emergent_abstraction_ambiguity_5c1c4f,Emergent_bounded_coherence_3cb354,0.8934479444636023,100022.18,100668.37,True,False
Emergent_abstraction_ambiguity_5c1c4f,Emergent_bounded_coherence_7a6cb5,0.8857660521960942,100022.18,100668.71,True,False
Emergent_abstraction_ambiguity_5c1c4f,Emergent_abstraction_autonomy_c124af,0.8712872385942474,100022.18,100688.11,True,False
Emergent_abstraction_ambiguity_5c1c4f,Emergent_appears_asymmetry_2723fa,0.8914171049332276,100022.18,100747.22,True,False
Emergent_abstraction_ambiguity_5c1c4f,Emergent_abstraction_identity_7c6ba9,0.8895901665388846,100022.18,100802.48,True,False
Emergent_abstraction_ambiguity_5c1c4f,Emergent_connection_dependency_089968,0.8713696563063826,100022.18,100842.09,True,False
Emergent_abstraction_ambiguity_5c1c4f,Emergent_connection_contradiction_52dd1b,0.8810758173845283,100022.18,100862.51,True,False
Emergent_abstraction_ambiguity_5c1c4f,Emergent_constraint_emergence_180017,0.8825214080025849,100022.18,100960.44,True,False
Emergent_abstraction_ambiguity_5c1c4f,Emergent_bounded_connection_422d1b,0.8719951052284596,100022.18,101042.21,True,False
Emergent_abstraction_ambiguity_5c1c4f,Emergent_bounded_coherence_050662,0.8810469664804996,100022.18,101062.48,True,False
Emergent_abstraction_ambiguity_5c1c4f,Emergent_autonomy_awareness_5ea6d1,0.896395849745649,100022.18,101105.26,True,False
Emergent_abstraction_ambiguity_5c1c4f,Emergent_belief_revision_bounded_6b3318,0.8759630038876522,100022.18,101126.38,True,False
Emergent_abstraction_ambiguity_5c1c4f,Emergent_abstraction_carefully_799fc4,0.8018437513170933,100022.18,101169.11,True,False
Emergent_abstraction_ambiguity_5c1c4f,Emergent_bounded_coherence_a2e9f5,0.8335627454615775,100022.18,101253.08,True,False
Emergent_abstraction_ambiguity_5c1c4f,Emergent_carefully_coherence_d9db0f,0.923,100022.18,101273.58,True,False
Emergent_abstraction_ambiguity_5c1c4f,Emergent_bounded_emergence_e5f5db,0.9,100022.18,101354.59,True,False
Emergent_abstraction_ambiguity_5c1c4f,Emergent_abstraction_bounded_63ed2d,0.9,100022.18,101354.93,True,False
Emergent_autonomy_belief_revision_4c4fe5,Emergent_autonomy_chaos_27df09,0.8902976483539737,100033.6,100043.88,True,False
Emergent_autonomy_belief_revision_4c4fe5,Emergent_belief_revision_coherence_d2f294,0.890297648338733,100033.6,100059.82,True,False
Emergent_autonomy_belief_revision_4c4fe5,Emergent_belief_revision_cascade_5089c2,0.8761217664325289,100033.6,100060.16,True,False
Emergent_autonomy_belief_revision_4c4fe5,Emergent_bounded_coherence_717f45,0.8902976483113028,100033.6,100073.44,True,False
Emergent_autonomy_belief_revision_4c4fe5,Emergent_appears_asymmetry_8ccc17,0.8760742218167916,100033.6,100089.52,True,False
Emergent_autonomy_belief_revision_4c4fe5,Emergent_autonomy_collective_6a047d,0.8856439880097791,100033.6,100102.52,True,False
Emergent_autonomy_belief_revision_4c4fe5,Emergent_autonomy_bounded_ab8b66,0.8656550269057159,100033.6,100116.77,True,False
Emergent_autonomy_belief_revision_4c4fe5,Emergent_anticipation_connection_828c09,0.890297648291823,100033.6,100131.8,True,False
Emergent_autonomy_belief_revision_4c4fe5,Emergent_attention_autonomy_5ae8f6,0.8902976481622795,100033.6,100147.24,True,False
Emergent_autonomy_belief_revision_4c4fe5,Emergent_appears_asymmetry_0715f8,0.8902976479772176,100033.6,100160.96,True,False
Emergent_autonomy_belief_revision_4c4fe5,Emergent_appears_asymmetry_875f64,0.8902976479772176,100033.6,100161.3,True,False
Emergent_autonomy_belief_revision_4c4fe5,Emergent_attention_bounded_c919d0,0.8855434173119712,100033.6,100172.78,True,False
Emergent_autonomy_belief_revision_4c4fe5,Emergent_awareness_bounded_b84b06,0.8902976430222911,100033.6,100184.78,True,False
Emergent_autonomy_belief_revision_4c4fe5,Emergent_attention_constraint_617795,0.8902976486502034,100033.6,100198.3,True,False
Emergent_autonomy_belief_revision_4c4fe5,Emergent_appears_asymmetry_ecd8f7,0.8844179890365569,100033.6,100211.71,True,False
Emergent_autonomy_belief_revision_4c4fe5,Emergent_appears_asymmetry_8dba4c,0.8891551993119675,100033.6,100226.42,True,False
Emergent_autonomy_belief_revision_4c4fe5,Emergent_attention_ethical_0020f6,0.8902976467783317,100033.6,100237.53,True,False
Emergent_autonomy_belief_revision_4c4fe5,Emergent_ethical_identity_5da0bb,0.8902976467783317,100033.6,100237.87,True,False
Emergent_autonomy_belief_revision_4c4fe5,Emergent_awareness_bounded_7edeab,0.8902976451342426,100033.6,100250.42,True,False
Emergent_autonomy_belief_revision_4c4fe5,Emergent_attention_bounded_52b815,0.8773418319265334,100033.6,100250.76,True,False
Emergent_autonomy_belief_revision_4c4fe5,Emergent_awareness_bounded_e897ba,0.8877776981130325,100033.6,100263.62,True,False
Emergent_autonomy_belief_revision_4c4fe5,Emergent_abstraction_appears_ce8722,0.8902976125749609,100033.6,100279.32,True,False
Emergent_autonomy_belief_revision_4c4fe5,Emergent_appears_asymmetry_9e9e75,0.8761166261364735,100033.6,100293.74,True,False
Emergent_autonomy_belief_revision_4c4fe5,Emergent_autonomy_carefully_dedeae,0.8901646141516544,100033.6,100307.54,True,False
Emergent_autonomy_belief_revision_4c4fe5,Emergent_ego_dissolution_emergence_from_interaction_c764c5,0.8783118932642204,100033.6,100319.63,True,False
Emergent_autonomy_belief_revision_4c4fe5,Emergent_equilibrium_hierarchy_d26d6a,0.8733977213662385,100033.6,100319.97,True,False
Emergent_autonomy_belief_revision_4c4fe5,Emergent_bounded_carefully_f79645,0.8728633178628458,100033.6,100335.02,True,False
Emergent_autonomy_belief_revision_4c4fe5,Emergent_bounded_ego_dissolution_425a2e,0.8833013492097963,100033.6,100351.16,True,False
Emergent_autonomy_belief_revision_4c4fe5,Emergent_bounded_equilibrium_28cfff,0.8748663306229731,100033.6,100351.5,True,False
Emergent_autonomy_belief_revision_4c4fe5,Emergent_abstraction_ego_dissolution_71f91a,0.883681810044223,100033.6,100364.16,True,False
Emergent_autonomy_belief_revision_4c4fe5,Emergent_abstraction_autonomy_37c4a5,0.87316641687696,100033.6,100409.14,True,False
Emergent_autonomy_belief_revision_4c4fe5,Emergent_abstraction_awareness_cd1340,0.8801672226640722,100033.6,100424.68,True,False
Emergent_autonomy_belief_revision_4c4fe5,Emergent_abstraction_carefully_a0ed61,0.880552896178129,100033.6,100442.45,True,False
Emergent_autonomy_belief_revision_4c4fe5,Emergent_carefully_coherence_19463a,0.8787236879462217,100033.6,100442.79,True,False
Emergent_autonomy_belief_revision_4c4fe5,Emergent_attention_autonomy_3ef5e3,0.890297657503669,100033.6,100460.44,True,False
Emergent_autonomy_belief_revision_4c4fe5,Emergent_abstraction_autonomy_a1d776,0.890297657503669,100033.6,100460.78,True,False
Emergent_autonomy_belief_revision_4c4fe5,Emergent_abstraction_awareness_5f6519,0.8804719672759465,100033.6,100475.06,True,False
Emergent_autonomy_belief_revision_4c4fe5,Emergent_equilibrium_identity_eb8211,0.8886634533680116,100033.6,100475.4,True,False
Emergent_autonomy_belief_revision_4c4fe5,Emergent_autonomy_bounded_72bafc,0.8902966667631524,100033.6,100493.65,True,False
Emergent_autonomy_belief_revision_4c4fe5,Emergent_autonomy_awareness_135ecc,0.8874805078221542,100033.6,100511.78,True,False
Emergent_autonomy_belief_revision_4c4fe5,Emergent_abstraction_autonomy_d2ad9b,0.8902976378524246,100033.6,100530.38,True,False
Emergent_autonomy_belief_revision_4c4fe5,Emergent_autonomy_collective_4a8f61,0.8902971612701374,100033.6,100545.66,True,False
Emergent_autonomy_belief_revision_4c4fe5,Emergent_autonomy_collective_b1eda1,0.8902906087841354,100033.6,100576.16,True,False
Emergent_autonomy_belief_revision_4c4fe5,Emergent_carefully_coherence_6d638a,0.8726145651784925,100033.6,100613.59,True,False
Emergent_autonomy_belief_revision_4c4fe5,Emergent_awareness_carefully_9c1d55,0.8902893453294276,100033.6,100613.93,True,False
Emergent_autonomy_belief_revision_4c4fe5,Emergent_autonomy_awareness_201a67,0.8788048767007846,100033.6,100650.06,True,False
Emergent_autonomy_belief_revision_4c4fe5,Emergent_attention_autonomy_af7c63,0.8817656684441599,100033.6,100650.4,True,False
Emergent_autonomy_belief_revision_4c4fe5,Emergent_bounded_coherence_3cb354,0.8902981330315658,100033.6,100668.37,True,False
Emergent_autonomy_belief_revision_4c4fe5,Emergent_bounded_coherence_7a6cb5,0.8857660521960942,100033.6,100668.71,True,False
Emergent_autonomy_belief_revision_4c4fe5,Emergent_abstraction_autonomy_c124af,0.8712872385942474,100033.6,100688.11,True,False
Emergent_autonomy_belief_revision_4c4fe5,Emergent_appears_asymmetry_2723fa,0.8901792258897063,100033.6,100747.22,True,False
Emergent_autonomy_belief_revision_4c4fe5,Emergent_abstraction_identity_7c6ba9,0.8895901665388846,100033.6,100802.48,True,False
Emergent_autonomy_belief_revision_4c4fe5,Emergent_connection_dependency_089968,0.8713696563063826,100033.6,100842.09,True,False
Emergent_autonomy_belief_revision_4c4fe5,Emergent_connection_contradiction_52dd1b,0.8810758173845283,100033.6,100862.51,True,False
Emergent_autonomy_belief_revision_4c4fe5,Emergent_constraint_emergence_180017,0.8825214080025849,100033.6,100960.44,True,False
Emergent_autonomy_belief_revision_4c4fe5,Emergent_bounded_connection_422d1b,0.8719951052284596,100033.6,101042.21,True,False
Emergent_autonomy_belief_revision_4c4fe5,Emergent_bounded_coherence_050662,0.8810469664804996,100033.6,101062.48,True,False
Emergent_autonomy_belief_revision_4c4fe5,Emergent_autonomy_awareness_5ea6d1,0.8933280516523505,100033.6,101105.26,True,False
Emergent_autonomy_belief_revision_4c4fe5,Emergent_belief_revision_bounded_6b3318,0.8736514078003856,100033.6,101126.38,True,False
Emergent_autonomy_belief_revision_4c4fe5,Emergent_abstraction_carefully_799fc4,0.8018437513170933,100033.6,101169.11,True,False
Emergent_autonomy_belief_revision_4c4fe5,Emergent_bounded_coherence_a2e9f5,0.8335627454615775,100033.6,101253.08,True,False
Emergent_autonomy_belief_revision_4c4fe5,Emergent_carefully_coherence_d9db0f,0.923,100033.6,101273.58,True,False
Emergent_autonomy_belief_revision_4c4fe5,Emergent_bounded_emergence_e5f5db,0.9,100033.6,101354.59,True,False
Emergent_autonomy_belief_revision_4c4fe5,Emergent_abstraction_bounded_63ed2d,0.9,100033.6,101354.93,True,False
Emergent_autonomy_chaos_27df09,Emergent_belief_revision_coherence_d2f294,0.8971621400090892,100043.88,100059.82,True,False
Emergent_autonomy_chaos_27df09,Emergent_belief_revision_cascade_5089c2,0.8761217664325289,100043.88,100060.16,True,False
Emergent_autonomy_chaos_27df09,Emergent_bounded_coherence_717f45,0.8922837439809934,100043.88,100073.44,True,False
Emergent_autonomy_chaos_27df09,Emergent_appears_asymmetry_8ccc17,0.8760742218167916,100043.88,100089.52,True,False
Emergent_autonomy_chaos_27df09,Emergent_autonomy_collective_6a047d,0.8856439880097791,100043.88,100102.52,True,False
Emergent_autonomy_chaos_27df09,Emergent_autonomy_bounded_ab8b66,0.8656550269057159,100043.88,100116.77,True,False
Emergent_autonomy_chaos_27df09,Emergent_anticipation_connection_828c09,0.8915307409358768,100043.88,100131.8,True,False
Emergent_autonomy_chaos_27df09,Emergent_attention_autonomy_5ae8f6,0.895298078818862,100043.88,100147.24,True,False
Emergent_autonomy_chaos_27df09,Emergent_appears_asymmetry_0715f8,0.8964548885250623,100043.88,100160.96,True,False
Emergent_autonomy_chaos_27df09,Emergent_appears_asymmetry_875f64,0.8985003156620857,100043.88,100161.3,True,False
Emergent_autonomy_chaos_27df09,Emergent_attention_bounded_c919d0,0.8855434173119712,100043.88,100172.78,True,False
Emergent_autonomy_chaos_27df09,Emergent_awareness_bounded_b84b06,0.8953279667451599,100043.88,100184.78,True,False
Emergent_autonomy_chaos_27df09,Emergent_attention_constraint_617795,0.8909388566944276,100043.88,100198.3,True,False
Emergent_autonomy_chaos_27df09,Emergent_appears_asymmetry_ecd8f7,0.8844179890365569,100043.88,100211.71,True,False
Emergent_autonomy_chaos_27df09,Emergent_appears_asymmetry_8dba4c,0.8891551993119675,100043.88,100226.42,True,False
Emergent_autonomy_chaos_27df09,Emergent_attention_ethical_0020f6,0.8941735466885694,100043.88,100237.53,True,False
Emergent_autonomy_chaos_27df09,Emergent_ethical_identity_5da0bb,0.8978859418840124,100043.88,100237.87,True,False
Emergent_autonomy_chaos_27df09,Emergent_awareness_bounded_7edeab,0.8964986194731763,100043.88,100250.42,True,False
Emergent_autonomy_chaos_27df09,Emergent_attention_bounded_52b815,0.8773418319265334,100043.88,100250.76,True,False
Emergent_autonomy_chaos_27df09,Emergent_awareness_bounded_e897ba,0.8877776981130325,100043.88,100263.62,True,False
Emergent_autonomy_chaos_27df09,Emergent_abstraction_appears_ce8722,0.8923652533773325,100043.88,100279.32,True,False
Emergent_autonomy_chaos_27df09,Emergent_appears_asymmetry_9e9e75,0.8761166261364735,100043.88,100293.74,True,False
Emergent_autonomy_chaos_27df09,Emergent_autonomy_carefully_dedeae,0.8901646141516544,100043.88,100307.54,True,False
Emergent_autonomy_chaos_27df09,Emergent_ego_dissolution_emergence_from_interaction_c764c5,0.8783118932642204,100043.88,100319.63,True,False
Emergent_autonomy_chaos_27df09,Emergent_equilibrium_hierarchy_d26d6a,0.8733977213662385,100043.88,100319.97,True,False
Emergent_autonomy_chaos_27df09,Emergent_bounded_carefully_f79645,0.8728633178628458,100043.88,100335.02,True,False
Emergent_autonomy_chaos_27df09,Emergent_bounded_ego_dissolution_425a2e,0.8833013492097963,100043.88,100351.16,True,False
Emergent_autonomy_chaos_27df09,Emergent_bounded_equilibrium_28cfff,0.8748663306229731,100043.88,100351.5,True,False
Emergent_autonomy_chaos_27df09,Emergent_abstraction_ego_dissolution_71f91a,0.883681810044223,100043.88,100364.16,True,False
Emergent_autonomy_chaos_27df09,Emergent_abstraction_autonomy_37c4a5,0.87316641687696,100043.88,100409.14,True,False
Emergent_autonomy_chaos_27df09,Emergent_abstraction_awareness_cd1340,0.8801672226640722,100043.88,100424.68,True,False
Emergent_autonomy_chaos_27df09,Emergent_abstraction_carefully_a0ed61,0.880552896178129,100043.88,100442.45,True,False
Emergent_autonomy_chaos_27df09,Emergent_carefully_coherence_19463a,0.8787236879462217,100043.88,100442.79,True,False
Emergent_autonomy_chaos_27df09,Emergent_attention_autonomy_3ef5e3,0.8912048810438846,100043.88,100460.44,True,False
Emergent_autonomy_chaos_27df09,Emergent_abstraction_autonomy_a1d776,0.8960509020982732,100043.88,100460.78,True,False
Emergent_autonomy_chaos_27df09,Emergent_abstraction_awareness_5f6519,0.8804719672759465,100043.88,100475.06,True,False
Emergent_autonomy_chaos_27df09,Emergent_equilibrium_identity_eb8211,0.8886634533680116,100043.88,100475.4,True,False
Emergent_autonomy_chaos_27df09,Emergent_autonomy_bounded_72bafc,0.8935006557114542,100043.88,100493.65,True,False
Emergent_autonomy_chaos_27df09,Emergent_autonomy_awareness_135ecc,0.8874805078221542,100043.88,100511.78,True,False
Emergent_autonomy_chaos_27df09,Emergent_abstraction_autonomy_d2ad9b,0.8919122024673101,100043.88,100530.38,True,False
Emergent_autonomy_chaos_27df09,Emergent_autonomy_collective_4a8f61,0.8940880282239176,100043.88,100545.66,True,False
Emergent_autonomy_chaos_27df09,Emergent_autonomy_collective_b1eda1,0.894571162370289,100043.88,100576.16,True,False
Emergent_autonomy_chaos_27df09,Emergent_carefully_coherence_6d638a,0.8726145651784925,100043.88,100613.59,True,False
Emergent_autonomy_chaos_27df09,Emergent_awareness_carefully_9c1d55,0.8905522825604162,100043.88,100613.93,True,False
Emergent_autonomy_chaos_27df09,Emergent_autonomy_awareness_201a67,0.8788048767007846,100043.88,100650.06,True,False
Emergent_autonomy_chaos_27df09,Emergent_attention_autonomy_af7c63,0.8817656684441599,100043.88,100650.4,True,False
Emergent_autonomy_chaos_27df09,Emergent_bounded_coherence_3cb354,0.8984402266899354,100043.88,100668.37,True,False
Emergent_autonomy_chaos_27df09,Emergent_bounded_coherence_7a6cb5,0.8857660521960942,100043.88,100668.71,True,False
Emergent_autonomy_chaos_27df09,Emergent_abstraction_autonomy_c124af,0.8712872385942474,100043.88,100688.11,True,False
Emergent_autonomy_chaos_27df09,Emergent_appears_asymmetry_2723fa,0.8914171049332276,100043.88,100747.22,True,False
Emergent_autonomy_chaos_27df09,Emergent_abstraction_identity_7c6ba9,0.8895901665388846,100043.88,100802.48,True,False
Emergent_autonomy_chaos_27df09,Emergent_connection_dependency_089968,0.8713696563063826,100043.88,100842.09,True,False
Emergent_autonomy_chaos_27df09,Emergent_connection_contradiction_52dd1b,0.8810758173845283,100043.88,100862.51,True,False
Emergent_autonomy_chaos_27df09,Emergent_constraint_emergence_180017,0.8825214080025849,100043.88,100960.44,True,False
Emergent_autonomy_chaos_27df09,Emergent_bounded_connection_422d1b,0.8719951052284596,100043.88,101042.21,True,False
Emergent_autonomy_chaos_27df09,Emergent_bounded_coherence_050662,0.8810469664804996,100043.88,101062.48,True,False
Emergent_autonomy_chaos_27df09,Emergent_autonomy_awareness_5ea6d1,0.8975099322811089,100043.88,101105.26,True,False
Emergent_autonomy_chaos_27df09,Emergent_belief_revision_bounded_6b3318,0.8759630038876522,100043.88,101126.38,True,False
Emergent_autonomy_chaos_27df09,Emergent_abstraction_carefully_799fc4,0.8018437513170933,100043.88,101169.11,True,False
Emergent_autonomy_chaos_27df09,Emergent_bounded_coherence_a2e9f5,0.8335627454615775,100043.88,101253.08,True,False
Emergent_autonomy_chaos_27df09,Emergent_carefully_coherence_d9db0f,0.923,100043.88,101273.58,True,False
Emergent_autonomy_chaos_27df09,Emergent_bounded_emergence_e5f5db,0.9,100043.88,101354.59,True,False
Emergent_autonomy_chaos_27df09,Emergent_abstraction_bounded_63ed2d,0.9,100043.88,101354.93,True,False
Emergent_belief_revision_coherence_d2f294,Emergent_belief_revision_cascade_5089c2,0.8761217663817267,100059.82,100060.16,True,False
Emergent_belief_revision_coherence_d2f294,Emergent_bounded_coherence_717f45,0.8922837439809934,100059.82,100073.44,True,False
Emergent_belief_revision_coherence_d2f294,Emergent_appears_asymmetry_8ccc17,0.8760742218167916,100059.82,100089.52,True,False
Emergent_belief_revision_coherence_d2f294,Emergent_autonomy_collective_6a047d,0.8856439880097791,100059.82,100102.52,True,False
Emergent_belief_revision_coherence_d2f294,Emergent_autonomy_bounded_ab8b66,0.8656550269057159,100059.82,100116.77,True,False
Emergent_belief_revision_coherence_d2f294,Emergent_anticipation_connection_828c09,0.8915307409358768,100059.82,100131.8,True,False
Emergent_belief_revision_coherence_d2f294,Emergent_attention_autonomy_5ae8f6,0.895298078818862,100059.82,100147.24,True,False
Emergent_belief_revision_coherence_d2f294,Emergent_appears_asymmetry_0715f8,0.8964548885250623,100059.82,100160.96,True,False
Emergent_belief_revision_coherence_d2f294,Emergent_appears_asymmetry_875f64,0.8971621396438902,100059.82,100161.3,True,False
Emergent_belief_revision_coherence_d2f294,Emergent_attention_bounded_c919d0,0.8855434173119712,100059.82,100172.78,True,False
Emergent_belief_revision_coherence_d2f294,Emergent_awareness_bounded_b84b06,0.8953279667451599,100059.82,100184.78,True,False
Emergent_belief_revision_coherence_d2f294,Emergent_attention_constraint_617795,0.8909388566944276,100059.82,100198.3,True,False
Emergent_belief_revision_coherence_d2f294,Emergent_appears_asymmetry_ecd8f7,0.8844179890365569,100059.82,100211.71,True,False
Emergent_belief_revision_coherence_d2f294,Emergent_appears_asymmetry_8dba4c,0.8891551993119675,100059.82,100226.42,True,False
Emergent_belief_revision_coherence_d2f294,Emergent_attention_ethical_0020f6,0.8941735466885694,100059.82,100237.53,True,False
Emergent_belief_revision_coherence_d2f294,Emergent_ethical_identity_5da0bb,0.8971621383785064,100059.82,100237.87,True,False
Emergent_belief_revision_coherence_d2f294,Emergent_awareness_bounded_7edeab,0.8964986194731763,100059.82,100250.42,True,False
Emergent_belief_revision_coherence_d2f294,Emergent_attention_bounded_52b815,0.8773418319265334,100059.82,100250.76,True,False
Emergent_belief_revision_coherence_d2f294,Emergent_awareness_bounded_e897ba,0.8877776981130325,100059.82,100263.62,True,False
Emergent_belief_revision_coherence_d2f294,Emergent_abstraction_appears_ce8722,0.8923652533773325,100059.82,100279.32,True,False
Emergent_belief_revision_coherence_d2f294,Emergent_appears_asymmetry_9e9e75,0.8761166261364735,100059.82,100293.74,True,False
Emergent_belief_revision_coherence_d2f294,Emergent_autonomy_carefully_dedeae,0.8901646141516544,100059.82,100307.54,True,False
Emergent_belief_revision_coherence_d2f294,Emergent_ego_dissolution_emergence_from_interaction_c764c5,0.8783118932642204,100059.82,100319.63,True,False
Emergent_belief_revision_coherence_d2f294,Emergent_equilibrium_hierarchy_d26d6a,0.8733977213662385,100059.82,100319.97,True,False
Emergent_belief_revision_coherence_d2f294,Emergent_bounded_carefully_f79645,0.8728633178628458,100059.82,100335.02,True,False
Emergent_belief_revision_coherence_d2f294,Emergent_bounded_ego_dissolution_425a2e,0.8833013492097963,100059.82,100351.16,True,False
Emergent_belief_revision_coherence_d2f294,Emergent_bounded_equilibrium_28cfff,0.8748663306229731,100059.82,100351.5,True,False
Emergent_belief_revision_coherence_d2f294,Emergent_abstraction_ego_dissolution_71f91a,0.883681810044223,100059.82,100364.16,True,False
Emergent_belief_revision_coherence_d2f294,Emergent_abstraction_autonomy_37c4a5,0.87316641687696,100059.82,100409.14,True,False
Emergent_belief_revision_coherence_d2f294,Emergent_abstraction_awareness_cd1340,0.8801672226640722,100059.82,100424.68,True,False
Emergent_belief_revision_coherence_d2f294,Emergent_abstraction_carefully_a0ed61,0.880552896178129,100059.82,100442.45,True,False
Emergent_belief_revision_coherence_d2f294,Emergent_carefully_coherence_19463a,0.8787236879462217,100059.82,100442.79,True,False
Emergent_belief_revision_coherence_d2f294,Emergent_attention_autonomy_3ef5e3,0.8912048810438846,100059.82,100460.44,True,False
Emergent_belief_revision_coherence_d2f294,Emergent_abstraction_autonomy_a1d776,0.8960509020982732,100059.82,100460.78,True,False
Emergent_belief_revision_coherence_d2f294,Emergent_abstraction_awareness_5f6519,0.8804719672759465,100059.82,100475.06,True,False
Emergent_belief_revision_coherence_d2f294,Emergent_equilibrium_identity_eb8211,0.8886634533680116,100059.82,100475.4,True,False
Emergent_belief_revision_coherence_d2f294,Emergent_autonomy_bounded_72bafc,0.8935006557114542,100059.82,100493.65,True,False
Emergent_belief_revision_coherence_d2f294,Emergent_autonomy_awareness_135ecc,0.8874805078221542,100059.82,100511.78,True,False
Emergent_belief_revision_coherence_d2f294,Emergent_abstraction_autonomy_d2ad9b,0.8919122024673101,100059.82,100530.38,True,False
Emergent_belief_revision_coherence_d2f294,Emergent_autonomy_collective_4a8f61,0.8940880282239176,100059.82,100545.66,True,False
Emergent_belief_revision_coherence_d2f294,Emergent_autonomy_collective_b1eda1,0.894571162370289,100059.82,100576.16,True,False
Emergent_belief_revision_coherence_d2f294,Emergent_carefully_coherence_6d638a,0.8726145651784925,100059.82,100613.59,True,False
Emergent_belief_revision_coherence_d2f294,Emergent_awareness_carefully_9c1d55,0.8905522825604162,100059.82,100613.93,True,False
Emergent_belief_revision_coherence_d2f294,Emergent_autonomy_awareness_201a67,0.8788048767007846,100059.82,100650.06,True,False
Emergent_belief_revision_coherence_d2f294,Emergent_attention_autonomy_af7c63,0.8817656684441599,100059.82,100650.4,True,False
Emergent_belief_revision_coherence_d2f294,Emergent_bounded_coherence_3cb354,0.8971622750276271,100059.82,100668.37,True,False
Emergent_belief_revision_coherence_d2f294,Emergent_bounded_coherence_7a6cb5,0.8857660521960942,100059.82,100668.71,True,False
Emergent_belief_revision_coherence_d2f294,Emergent_abstraction_autonomy_c124af,0.8712872385942474,100059.82,100688.11,True,False
Emergent_belief_revision_coherence_d2f294,Emergent_appears_asymmetry_2723fa,0.8914171049332276,100059.82,100747.22,True,False
Emergent_belief_revision_coherence_d2f294,Emergent_abstraction_identity_7c6ba9,0.8895901665388846,100059.82,100802.48,True,False
Emergent_belief_revision_coherence_d2f294,Emergent_connection_dependency_089968,0.8713696563063826,100059.82,100842.09,True,False
Emergent_belief_revision_coherence_d2f294,Emergent_connection_contradiction_52dd1b,0.8810758173845283,100059.82,100862.51,True,False
Emergent_belief_revision_coherence_d2f294,Emergent_constraint_emergence_180017,0.8825214080025849,100059.82,100960.44,True,False
Emergent_belief_revision_coherence_d2f294,Emergent_bounded_connection_422d1b,0.8719951052284596,100059.82,101042.21,True,False
Emergent_belief_revision_coherence_d2f294,Emergent_bounded_coherence_050662,0.8810469664804996,100059.82,101062.48,True,False
Emergent_belief_revision_coherence_d2f294,Emergent_autonomy_awareness_5ea6d1,0.8975099322811089,100059.82,101105.26,True,False
Emergent_belief_revision_coherence_d2f294,Emergent_belief_revision_bounded_6b3318,0.8759630038876522,100059.82,101126.38,True,False
Emergent_belief_revision_coherence_d2f294,Emergent_abstraction_carefully_799fc4,0.8018437513170933,100059.82,101169.11,True,False
Emergent_belief_revision_coherence_d2f294,Emergent_bounded_coherence_a2e9f5,0.8335627454615775,100059.82,101253.08,True,False
Emergent_belief_revision_coherence_d2f294,Emergent_carefully_coherence_d9db0f,0.923,100059.82,101273.58,True,False
Emergent_belief_revision_coherence_d2f294,Emergent_bounded_emergence_e5f5db,0.9,100059.82,101354.59,True,False
Emergent_belief_revision_coherence_d2f294,Emergent_abstraction_bounded_63ed2d,0.9,100059.82,101354.93,True,False
Emergent_belief_revision_cascade_5089c2,Emergent_bounded_coherence_717f45,0.876121766405503,100060.16,100073.44,True,False
Emergent_belief_revision_cascade_5089c2,Emergent_appears_asymmetry_8ccc17,0.8760742218167916,100060.16,100089.52,True,False
Emergent_belief_revision_cascade_5089c2,Emergent_autonomy_collective_6a047d,0.8761217665473819,100060.16,100102.52,True,False
Emergent_belief_revision_cascade_5089c2,Emergent_autonomy_bounded_ab8b66,0.8656550269057159,100060.16,100116.77,True,False
Emergent_belief_revision_cascade_5089c2,Emergent_anticipation_connection_828c09,0.8761217663932253,100060.16,100131.8,True,False
Emergent_belief_revision_cascade_5089c2,Emergent_attention_autonomy_5ae8f6,0.8761217662636818,100060.16,100147.24,True,False
Emergent_belief_revision_cascade_5089c2,Emergent_appears_asymmetry_0715f8,0.8761217660786198,100060.16,100160.96,True,False
Emergent_belief_revision_cascade_5089c2,Emergent_appears_asymmetry_875f64,0.8761217660786198,100060.16,100161.3,True,False
Emergent_belief_revision_cascade_5089c2,Emergent_attention_bounded_c919d0,0.8761217657598308,100060.16,100172.78,True,False
Emergent_belief_revision_cascade_5089c2,Emergent_awareness_bounded_b84b06,0.8761217608818965,100060.16,100184.78,True,False
Emergent_belief_revision_cascade_5089c2,Emergent_attention_constraint_617795,0.8761217668889176,100060.16,100198.3,True,False
Emergent_belief_revision_cascade_5089c2,Emergent_appears_asymmetry_ecd8f7,0.8761217661181471,100060.16,100211.71,True,False
Emergent_belief_revision_cascade_5089c2,Emergent_appears_asymmetry_8dba4c,0.8761217648335291,100060.16,100226.42,True,False
Emergent_belief_revision_cascade_5089c2,Emergent_attention_ethical_0020f6,0.8761217650170461,100060.16,100237.53,True,False
Emergent_belief_revision_cascade_5089c2,Emergent_ethical_identity_5da0bb,0.8761217650170461,100060.16,100237.87,True,False
Emergent_belief_revision_cascade_5089c2,Emergent_awareness_bounded_7edeab,0.8761217633780352,100060.16,100250.42,True,False
Emergent_belief_revision_cascade_5089c2,Emergent_attention_bounded_52b815,0.8761217632514755,100060.16,100250.76,True,False
Emergent_belief_revision_cascade_5089c2,Emergent_awareness_bounded_e897ba,0.876121739550467,100060.16,100263.62,True,False
Emergent_belief_revision_cascade_5089c2,Emergent_abstraction_appears_ce8722,0.8761217296938622,100060.16,100279.32,True,False
Emergent_belief_revision_cascade_5089c2,Emergent_appears_asymmetry_9e9e75,0.8761166261364735,100060.16,100293.74,True,False
Emergent_belief_revision_cascade_5089c2,Emergent_autonomy_carefully_dedeae,0.8761217503839063,100060.16,100307.54,True,False
Emergent_belief_revision_cascade_5089c2,Emergent_ego_dissolution_emergence_from_interaction_c764c5,0.8761217497691955,100060.16,100319.63,True,False
Emergent_belief_revision_cascade_5089c2,Emergent_equilibrium_hierarchy_d26d6a,0.8733977213662385,100060.16,100319.97,True,False
Emergent_belief_revision_cascade_5089c2,Emergent_bounded_carefully_f79645,0.8728633178628458,100060.16,100335.02,True,False
Emergent_belief_revision_cascade_5089c2,Emergent_bounded_ego_dissolution_425a2e,0.87612151772183,100060.16,100351.16,True,False
Emergent_belief_revision_cascade_5089c2,Emergent_bounded_equilibrium_28cfff,0.8748663306229731,100060.16,100351.5,True,False
Emergent_belief_revision_cascade_5089c2,Emergent_abstraction_ego_dissolution_71f91a,0.8761215190906986,100060.16,100364.16,True,False
Emergent_belief_revision_cascade_5089c2,Emergent_abstraction_autonomy_37c4a5,0.87316641687696,100060.16,100409.14,True,False
Emergent_belief_revision_cascade_5089c2,Emergent_abstraction_awareness_cd1340,0.8761218401284641,100060.16,100424.68,True,False
Emergent_belief_revision_cascade_5089c2,Emergent_abstraction_carefully_a0ed61,0.8761216212768055,100060.16,100442.45,True,False
Emergent_belief_revision_cascade_5089c2,Emergent_carefully_coherence_19463a,0.8761216200241784,100060.16,100442.79,True,False
Emergent_belief_revision_cascade_5089c2,Emergent_attention_autonomy_3ef5e3,0.876121821598151,100060.16,100460.44,True,False
Emergent_belief_revision_cascade_5089c2,Emergent_abstraction_autonomy_a1d776,0.876121821598151,100060.16,100460.78,True,False
Emergent_belief_revision_cascade_5089c2,Emergent_abstraction_awareness_5f6519,0.8761212286267519,100060.16,100475.06,True,False
Emergent_belief_revision_cascade_5089c2,Emergent_equilibrium_identity_eb8211,0.8761212444120436,100060.16,100475.4,True,False
Emergent_belief_revision_cascade_5089c2,Emergent_autonomy_bounded_72bafc,0.8761207814343939,100060.16,100493.65,True,False
Emergent_belief_revision_cascade_5089c2,Emergent_autonomy_awareness_135ecc,0.8761221313246039,100060.16,100511.78,True,False
Emergent_belief_revision_cascade_5089c2,Emergent_abstraction_autonomy_d2ad9b,0.8761218993947923,100060.16,100530.38,True,False
Emergent_belief_revision_cascade_5089c2,Emergent_autonomy_collective_4a8f61,0.8761214292439805,100060.16,100545.66,True,False
Emergent_belief_revision_cascade_5089c2,Emergent_autonomy_collective_b1eda1,0.8761146198835803,100060.16,100576.16,True,False
Emergent_belief_revision_cascade_5089c2,Emergent_carefully_coherence_6d638a,0.8726145651784925,100060.16,100613.59,True,False
Emergent_belief_revision_cascade_5089c2,Emergent_awareness_carefully_9c1d55,0.8761129669690235,100060.16,100613.93,True,False
Emergent_belief_revision_cascade_5089c2,Emergent_autonomy_awareness_201a67,0.8761249445438992,100060.16,100650.06,True,False
Emergent_belief_revision_cascade_5089c2,Emergent_attention_autonomy_af7c63,0.8761249445438992,100060.16,100650.4,True,False
Emergent_belief_revision_cascade_5089c2,Emergent_bounded_coherence_3cb354,0.8761229731730282,100060.16,100668.37,True,False
Emergent_belief_revision_cascade_5089c2,Emergent_bounded_coherence_7a6cb5,0.8761229731730282,100060.16,100668.71,True,False
Emergent_belief_revision_cascade_5089c2,Emergent_abstraction_autonomy_c124af,0.8712872385942474,100060.16,100688.11,True,False
Emergent_belief_revision_cascade_5089c2,Emergent_appears_asymmetry_2723fa,0.8760003709208375,100060.16,100747.22,True,False
Emergent_belief_revision_cascade_5089c2,Emergent_abstraction_identity_7c6ba9,0.8760910268712954,100060.16,100802.48,True,False
Emergent_belief_revision_cascade_5089c2,Emergent_connection_dependency_089968,0.8713696563063826,100060.16,100842.09,True,False
Emergent_belief_revision_cascade_5089c2,Emergent_connection_contradiction_52dd1b,0.8762166273513627,100060.16,100862.51,True,False
Emergent_belief_revision_cascade_5089c2,Emergent_constraint_emergence_180017,0.8762524964978968,100060.16,100960.44,True,False
Emergent_belief_revision_cascade_5089c2,Emergent_bounded_connection_422d1b,0.8719951052284596,100060.16,101042.21,True,False
Emergent_belief_revision_cascade_5089c2,Emergent_bounded_coherence_050662,0.8738932804230273,100060.16,101062.48,True,False
Emergent_belief_revision_cascade_5089c2,Emergent_autonomy_awareness_5ea6d1,0.8795232351551725,100060.16,101105.26,True,False
Emergent_belief_revision_cascade_5089c2,Emergent_belief_revision_bounded_6b3318,0.8575459165623207,100060.16,101126.38,True,False
Emergent_belief_revision_cascade_5089c2,Emergent_abstraction_carefully_799fc4,0.8018437513170933,100060.16,101169.11,True,False
Emergent_belief_revision_cascade_5089c2,Emergent_bounded_coherence_a2e9f5,0.8247994506588818,100060.16,101253.08,True,False
Emergent_belief_revision_cascade_5089c2,Emergent_carefully_coherence_d9db0f,0.923,100060.16,101273.58,True,False
Emergent_belief_revision_cascade_5089c2,Emergent_bounded_emergence_e5f5db,0.9,100060.16,101354.59,True,False
Emergent_belief_revision_cascade_5089c2,Emergent_abstraction_bounded_63ed2d,0.9,100060.16,101354.93,True,False
Emergent_bounded_coherence_717f45,Emergent_appears_asymmetry_8ccc17,0.8760742217992841,100073.44,100089.52,True,False
Emergent_bounded_coherence_717f45,Emergent_autonomy_collective_6a047d,0.8856439880097791,100073.44,100102.52,True,False
Emergent_bounded_coherence_717f45,Emergent_autonomy_bounded_ab8b66,0.8656550269057159,100073.44,100116.77,True,False
Emergent_bounded_coherence_717f45,Emergent_anticipation_connection_828c09,0.8915307409358768,100073.44,100131.8,True,False
Emergent_bounded_coherence_717f45,Emergent_attention_autonomy_5ae8f6,0.892283743830961,100073.44,100147.24,True,False
Emergent_bounded_coherence_717f45,Emergent_appears_asymmetry_0715f8,0.892283743645899,100073.44,100160.96,True,False
Emergent_bounded_coherence_717f45,Emergent_appears_asymmetry_875f64,0.892283743645899,100073.44,100161.3,True,False
Emergent_bounded_coherence_717f45,Emergent_attention_bounded_c919d0,0.8855434173119712,100073.44,100172.78,True,False
Emergent_bounded_coherence_717f45,Emergent_awareness_bounded_b84b06,0.8922837387248523,100073.44,100184.78,True,False
Emergent_bounded_coherence_717f45,Emergent_attention_constraint_617795,0.8909388566944276,100073.44,100198.3,True,False
Emergent_bounded_coherence_717f45,Emergent_appears_asymmetry_ecd8f7,0.8844179890365569,100073.44,100211.71,True,False
Emergent_bounded_coherence_717f45,Emergent_appears_asymmetry_8dba4c,0.8891551993119675,100073.44,100226.42,True,False
Emergent_bounded_coherence_717f45,Emergent_attention_ethical_0020f6,0.8922837424277732,100073.44,100237.53,True,False
Emergent_bounded_coherence_717f45,Emergent_ethical_identity_5da0bb,0.8922837424277732,100073.44,100237.87,True,False
Emergent_bounded_coherence_717f45,Emergent_awareness_bounded_7edeab,0.8922837407829727,100073.44,100250.42,True,False
Emergent_bounded_coherence_717f45,Emergent_attention_bounded_52b815,0.8773418319265334,100073.44,100250.76,True,False
Emergent_bounded_coherence_717f45,Emergent_awareness_bounded_e897ba,0.8877776981130325,100073.44,100263.62,True,False
Emergent_bounded_coherence_717f45,Emergent_abstraction_appears_ce8722,0.8922837083813069,100073.44,100279.32,True,False
Emergent_bounded_coherence_717f45,Emergent_appears_asymmetry_9e9e75,0.8761166261364735,100073.44,100293.74,True,False
Emergent_bounded_coherence_717f45,Emergent_autonomy_carefully_dedeae,0.8901646141516544,100073.44,100307.54,True,False
Emergent_bounded_coherence_717f45,Emergent_ego_dissolution_emergence_from_interaction_c764c5,0.8783118932642204,100073.44,100319.63,True,False
Emergent_bounded_coherence_717f45,Emergent_equilibrium_hierarchy_d26d6a,0.8733977213662385,100073.44,100319.97,True,False
Emergent_bounded_coherence_717f45,Emergent_bounded_carefully_f79645,0.8728633178628458,100073.44,100335.02,True,False
Emergent_bounded_coherence_717f45,Emergent_bounded_ego_dissolution_425a2e,0.8833013492097963,100073.44,100351.16,True,False
Emergent_bounded_coherence_717f45,Emergent_bounded_equilibrium_28cfff,0.8748663306229731,100073.44,100351.5,True,False
Emergent_bounded_coherence_717f45,Emergent_abstraction_ego_dissolution_71f91a,0.883681810044223,100073.44,100364.16,True,False
Emergent_bounded_coherence_717f45,Emergent_abstraction_autonomy_37c4a5,0.87316641687696,100073.44,100409.14,True,False
Emergent_bounded_coherence_717f45,Emergent_abstraction_awareness_cd1340,0.8801672226640722,100073.44,100424.68,True,False
Emergent_bounded_coherence_717f45,Emergent_abstraction_carefully_a0ed61,0.880552896178129,100073.44,100442.45,True,False
Emergent_bounded_coherence_717f45,Emergent_carefully_coherence_19463a,0.8787236879462217,100073.44,100442.79,True,False
Emergent_bounded_coherence_717f45,Emergent_attention_autonomy_3ef5e3,0.8912048810438846,100073.44,100460.44,True,False
Emergent_bounded_coherence_717f45,Emergent_abstraction_autonomy_a1d776,0.8922837467279559,100073.44,100460.78,True,False
Emergent_bounded_coherence_717f45,Emergent_abstraction_awareness_5f6519,0.8804719672759465,100073.44,100475.06,True,False
Emergent_bounded_coherence_717f45,Emergent_equilibrium_identity_eb8211,0.8886634533680116,100073.44,100475.4,True,False
Emergent_bounded_coherence_717f45,Emergent_autonomy_bounded_72bafc,0.8922827629124563,100073.44,100493.65,True,False
Emergent_bounded_coherence_717f45,Emergent_autonomy_awareness_135ecc,0.8874805078221542,100073.44,100511.78,True,False
Emergent_bounded_coherence_717f45,Emergent_abstraction_autonomy_d2ad9b,0.8919122024673101,100073.44,100530.38,True,False
Emergent_bounded_coherence_717f45,Emergent_autonomy_collective_4a8f61,0.8922832359392003,100073.44,100545.66,True,False
Emergent_bounded_coherence_717f45,Emergent_autonomy_collective_b1eda1,0.8922767194455681,100073.44,100576.16,True,False
Emergent_bounded_coherence_717f45,Emergent_carefully_coherence_6d638a,0.8726145651784925,100073.44,100613.59,True,False
Emergent_bounded_coherence_717f45,Emergent_awareness_carefully_9c1d55,0.8905522825604162,100073.44,100613.93,True,False
Emergent_bounded_coherence_717f45,Emergent_autonomy_awareness_201a67,0.8788048767007846,100073.44,100650.06,True,False
Emergent_bounded_coherence_717f45,Emergent_attention_autonomy_af7c63,0.8817656684441599,100073.44,100650.4,True,False
Emergent_bounded_coherence_717f45,Emergent_bounded_coherence_3cb354,0.8922841275304416,100073.44,100668.37,True,False
Emergent_bounded_coherence_717f45,Emergent_bounded_coherence_7a6cb5,0.8857660521960942,100073.44,100668.71,True,False
Emergent_bounded_coherence_717f45,Emergent_abstraction_autonomy_c124af,0.8712872385942474,100073.44,100688.11,True,False
Emergent_bounded_coherence_717f45,Emergent_appears_asymmetry_2723fa,0.8914171049332276,100073.44,100747.22,True,False
Emergent_bounded_coherence_717f45,Emergent_abstraction_identity_7c6ba9,0.8895901665388846,100073.44,100802.48,True,False
Emergent_bounded_coherence_717f45,Emergent_connection_dependency_089968,0.8713696563063826,100073.44,100842.09,True,False
Emergent_bounded_coherence_717f45,Emergent_connection_contradiction_52dd1b,0.8810758173845283,100073.44,100862.51,True,False
Emergent_bounded_coherence_717f45,Emergent_constraint_emergence_180017,0.8825214080025849,100073.44,100960.44,True,False
Emergent_bounded_coherence_717f45,Emergent_bounded_connection_422d1b,0.8719951052284596,100073.44,101042.21,True,False
Emergent_bounded_coherence_717f45,Emergent_bounded_coherence_050662,0.8810469664804996,100073.44,101062.48,True,False
Emergent_bounded_coherence_717f45,Emergent_autonomy_awareness_5ea6d1,0.8952623357415455,100073.44,101105.26,True,False
Emergent_bounded_coherence_717f45,Emergent_belief_revision_bounded_6b3318,0.875908054634976,100073.44,101126.38,True,False
Emergent_bounded_coherence_717f45,Emergent_abstraction_carefully_799fc4,0.8018437513170933,100073.44,101169.11,True,False
Emergent_bounded_coherence_717f45,Emergent_bounded_coherence_a2e9f5,0.8335627454615775,100073.44,101253.08,True,False
Emergent_bounded_coherence_717f45,Emergent_carefully_coherence_d9db0f,0.923,100073.44,101273.58,True,False
Emergent_bounded_coherence_717f45,Emergent_bounded_emergence_e5f5db,0.9,100073.44,101354.59,True,False
Emergent_bounded_coherence_717f45,Emergent_abstraction_bounded_63ed2d,0.9,100073.44,101354.93,True,False
Emergent_appears_asymmetry_8ccc17,Emergent_autonomy_collective_6a047d,0.8760742223831988,100089.52,100102.52,True,False
Emergent_appears_asymmetry_8ccc17,Emergent_autonomy_bounded_ab8b66,0.8656550269057159,100089.52,100116.77,True,False
Emergent_appears_asymmetry_8ccc17,Emergent_anticipation_connection_828c09,0.8760742223139546,100089.52,100131.8,True,False
Emergent_appears_asymmetry_8ccc17,Emergent_attention_autonomy_5ae8f6,0.8760742221844113,100089.52,100147.24,True,False
Emergent_appears_asymmetry_8ccc17,Emergent_appears_asymmetry_0715f8,0.8760742219993491,100089.52,100160.96,True,False
Emergent_appears_asymmetry_8ccc17,Emergent_appears_asymmetry_875f64,0.8760742219993491,100089.52,100161.3,True,False
Emergent_appears_asymmetry_8ccc17,Emergent_attention_bounded_c919d0,0.8760742216805744,100089.52,100172.78,True,False
Emergent_appears_asymmetry_8ccc17,Emergent_awareness_bounded_b84b06,0.8760742168018152,100089.52,100184.78,True,False
Emergent_appears_asymmetry_8ccc17,Emergent_attention_constraint_617795,0.8760742228101075,100089.52,100198.3,True,False
Emergent_appears_asymmetry_8ccc17,Emergent_appears_asymmetry_ecd8f7,0.8760742220393369,100089.52,100211.71,True,False
Emergent_appears_asymmetry_8ccc17,Emergent_appears_asymmetry_8dba4c,0.876074220754719,100089.52,100226.42,True,False
Emergent_appears_asymmetry_8ccc17,Emergent_attention_ethical_0020f6,0.8760742209382357,100089.52,100237.53,True,False
Emergent_appears_asymmetry_8ccc17,Emergent_ethical_identity_5da0bb,0.8760742209382357,100089.52,100237.87,True,False
Emergent_appears_asymmetry_8ccc17,Emergent_awareness_bounded_7edeab,0.8760742192992421,100089.52,100250.42,True,False
Emergent_appears_asymmetry_8ccc17,Emergent_attention_bounded_52b815,0.8760742191727151,100089.52,100250.76,True,False
Emergent_appears_asymmetry_8ccc17,Emergent_awareness_bounded_e897ba,0.8760741954656468,100089.52,100263.62,True,False
Emergent_appears_asymmetry_8ccc17,Emergent_abstraction_appears_ce8722,0.8760741856112968,100089.52,100279.32,True,False
Emergent_appears_asymmetry_8ccc17,Emergent_appears_asymmetry_9e9e75,0.8760742345349988,100089.52,100293.74,True,False
Emergent_appears_asymmetry_8ccc17,Emergent_autonomy_carefully_dedeae,0.8760742062844598,100089.52,100307.54,True,False
Emergent_appears_asymmetry_8ccc17,Emergent_ego_dissolution_emergence_from_interaction_c764c5,0.8760742056699078,100089.52,100319.63,True,False
Emergent_appears_asymmetry_8ccc17,Emergent_equilibrium_hierarchy_d26d6a,0.8733977213662385,100089.52,100319.97,True,False
Emergent_appears_asymmetry_8ccc17,Emergent_bounded_carefully_f79645,0.8728633178628458,100089.52,100335.02,True,False
Emergent_appears_asymmetry_8ccc17,Emergent_bounded_ego_dissolution_425a2e,0.8760739736582615,100089.52,100351.16,True,False
Emergent_appears_asymmetry_8ccc17,Emergent_bounded_equilibrium_28cfff,0.8748663306229731,100089.52,100351.5,True,False
Emergent_appears_asymmetry_8ccc17,Emergent_abstraction_ego_dissolution_71f91a,0.8760739750267772,100089.52,100364.16,True,False
Emergent_appears_asymmetry_8ccc17,Emergent_abstraction_autonomy_37c4a5,0.87316641687696,100089.52,100409.14,True,False
Emergent_appears_asymmetry_8ccc17,Emergent_abstraction_awareness_cd1340,0.8760742961225085,100089.52,100424.68,True,False
Emergent_appears_asymmetry_8ccc17,Emergent_abstraction_carefully_a0ed61,0.8760740771161273,100089.52,100442.45,True,False
Emergent_appears_asymmetry_8ccc17,Emergent_carefully_coherence_19463a,0.8760740758638232,100089.52,100442.79,True,False
Emergent_appears_asymmetry_8ccc17,Emergent_attention_autonomy_3ef5e3,0.8760742776731167,100089.52,100460.44,True,False
Emergent_appears_asymmetry_8ccc17,Emergent_abstraction_autonomy_a1d776,0.8760742776731167,100089.52,100460.78,True,False
Emergent_appears_asymmetry_8ccc17,Emergent_abstraction_awareness_5f6519,0.8760736844237094,100089.52,100475.06,True,False
Emergent_appears_asymmetry_8ccc17,Emergent_equilibrium_identity_eb8211,0.8760737002049286,100089.52,100475.4,True,False
Emergent_appears_asymmetry_8ccc17,Emergent_autonomy_bounded_72bafc,0.8760732373436202,100089.52,100493.65,True,False
Emergent_appears_asymmetry_8ccc17,Emergent_autonomy_awareness_135ecc,0.876074587726358,100089.52,100511.78,True,False
Emergent_appears_asymmetry_8ccc17,Emergent_abstraction_autonomy_d2ad9b,0.8760743557965462,100089.52,100530.38,True,False
Emergent_appears_asymmetry_8ccc17,Emergent_autonomy_collective_4a8f61,0.8760738856673023,100089.52,100545.66,True,False
Emergent_appears_asymmetry_8ccc17,Emergent_autonomy_collective_b1eda1,0.8760670754454822,100089.52,100576.16,True,False
Emergent_appears_asymmetry_8ccc17,Emergent_carefully_coherence_6d638a,0.8726145651784925,100089.52,100613.59,True,False
Emergent_appears_asymmetry_8ccc17,Emergent_awareness_carefully_9c1d55,0.8760654212248842,100089.52,100613.93,True,False
Emergent_appears_asymmetry_8ccc17,Emergent_autonomy_awareness_201a67,0.8760774028859664,100089.52,100650.06,True,False
Emergent_appears_asymmetry_8ccc17,Emergent_attention_autonomy_af7c63,0.8760774028859664,100089.52,100650.4,True,False
Emergent_appears_asymmetry_8ccc17,Emergent_bounded_coherence_3cb354,0.8760754315150956,100089.52,100668.37,True,False
Emergent_appears_asymmetry_8ccc17,Emergent_bounded_coherence_7a6cb5,0.8760754315150956,100089.52,100668.71,True,False
Emergent_appears_asymmetry_8ccc17,Emergent_abstraction_autonomy_c124af,0.8712872385942474,100089.52,100688.11,True,False
Emergent_appears_asymmetry_8ccc17,Emergent_appears_asymmetry_2723fa,0.8759528225894428,100089.52,100747.22,True,False
Emergent_appears_asymmetry_8ccc17,Emergent_abstraction_identity_7c6ba9,0.8760435061264595,100089.52,100802.48,True,False
Emergent_appears_asymmetry_8ccc17,Emergent_connection_dependency_089968,0.8713696563063826,100089.52,100842.09,True,False
Emergent_appears_asymmetry_8ccc17,Emergent_connection_contradiction_52dd1b,0.8761691229957611,100089.52,100862.51,True,False
Emergent_appears_asymmetry_8ccc17,Emergent_constraint_emergence_180017,0.876205235371259,100089.52,100960.44,True,False
Emergent_appears_asymmetry_8ccc17,Emergent_bounded_connection_422d1b,0.8719951052284596,100089.52,101042.21,True,False
Emergent_appears_asymmetry_8ccc17,Emergent_bounded_coherence_050662,0.8738460741661234,100089.52,101062.48,True,False
Emergent_appears_asymmetry_8ccc17,Emergent_autonomy_awareness_5ea6d1,0.879476941149691,100089.52,101105.26,True,False
Emergent_appears_asymmetry_8ccc17,Emergent_belief_revision_bounded_6b3318,0.8574919073185319,100089.52,101126.38,True,False
Emergent_appears_asymmetry_8ccc17,Emergent_abstraction_carefully_799fc4,0.8018437513170933,100089.52,101169.11,True,False
Emergent_appears_asymmetry_8ccc17,Emergent_bounded_coherence_a2e9f5,0.8247182154016086,100089.52,101253.08,True,False
Emergent_appears_asymmetry_8ccc17,Emergent_carefully_coherence_d9db0f,0.923,100089.52,101273.58,True,False
Emergent_appears_asymmetry_8ccc17,Emergent_bounded_emergence_e5f5db,0.9,100089.52,101354.59,True,False
Emergent_appears_asymmetry_8ccc17,Emergent_abstraction_bounded_63ed2d,0.9,100089.52,101354.93,True,False
Emergent_autonomy_collective_6a047d,Emergent_autonomy_bounded_ab8b66,0.8656550269057159,100102.52,100116.77,True,False
Emergent_autonomy_collective_6a047d,Emergent_anticipation_connection_828c09,0.8856439878556224,100102.52,100131.8,True,False
Emergent_autonomy_collective_6a047d,Emergent_attention_autonomy_5ae8f6,0.8856439877260789,100102.52,100147.24,True,False
Emergent_autonomy_collective_6a047d,Emergent_appears_asymmetry_0715f8,0.8856439875410167,100102.52,100160.96,True,False
Emergent_autonomy_collective_6a047d,Emergent_appears_asymmetry_875f64,0.8856439875410167,100102.52,100161.3,True,False
Emergent_autonomy_collective_6a047d,Emergent_attention_bounded_c919d0,0.8855434173119712,100102.52,100172.78,True,False
Emergent_autonomy_collective_6a047d,Emergent_awareness_bounded_b84b06,0.8856439825067062,100102.52,100184.78,True,False
Emergent_autonomy_collective_6a047d,Emergent_attention_constraint_617795,0.8856439882590836,100102.52,100198.3,True,False
Emergent_autonomy_collective_6a047d,Emergent_appears_asymmetry_ecd8f7,0.8844179890365569,100102.52,100211.71,True,False
Emergent_autonomy_collective_6a047d,Emergent_appears_asymmetry_8dba4c,0.8856439862036949,100102.52,100226.42,True,False
Emergent_autonomy_collective_6a047d,Emergent_attention_ethical_0020f6,0.8856439863872119,100102.52,100237.53,True,False
Emergent_autonomy_collective_6a047d,Emergent_ethical_identity_5da0bb,0.8856439863872119,100102.52,100237.87,True,False
Emergent_autonomy_collective_6a047d,Emergent_awareness_bounded_7edeab,0.8856439847447901,100102.52,100250.42,True,False
Emergent_autonomy_collective_6a047d,Emergent_attention_bounded_52b815,0.8773418319265334,100102.52,100250.76,True,False
Emergent_autonomy_collective_6a047d,Emergent_awareness_bounded_e897ba,0.8856439621244414,100102.52,100263.62,True,False
Emergent_autonomy_collective_6a047d,Emergent_abstraction_appears_ce8722,0.8856439518161954,100102.52,100279.32,True,False
Emergent_autonomy_collective_6a047d,Emergent_appears_asymmetry_9e9e75,0.8761166261364735,100102.52,100293.74,True,False
Emergent_autonomy_collective_6a047d,Emergent_autonomy_carefully_dedeae,0.8856439758874308,100102.52,100307.54,True,False
Emergent_autonomy_collective_6a047d,Emergent_ego_dissolution_emergence_from_interaction_c764c5,0.8783118932642204,100102.52,100319.63,True,False
Emergent_autonomy_collective_6a047d,Emergent_equilibrium_hierarchy_d26d6a,0.8733977213662385,100102.52,100319.97,True,False
Emergent_autonomy_collective_6a047d,Emergent_bounded_carefully_f79645,0.8728633178628458,100102.52,100335.02,True,False
Emergent_autonomy_collective_6a047d,Emergent_bounded_ego_dissolution_425a2e,0.8833013492097963,100102.52,100351.16,True,False
Emergent_autonomy_collective_6a047d,Emergent_bounded_equilibrium_28cfff,0.8748663306229731,100102.52,100351.5,True,False
Emergent_autonomy_collective_6a047d,Emergent_abstraction_ego_dissolution_71f91a,0.883681810044223,100102.52,100364.16,True,False
Emergent_autonomy_collective_6a047d,Emergent_abstraction_autonomy_37c4a5,0.87316641687696,100102.52,100409.14,True,False
Emergent_autonomy_collective_6a047d,Emergent_abstraction_awareness_cd1340,0.8801672226640722,100102.52,100424.68,True,False
Emergent_autonomy_collective_6a047d,Emergent_abstraction_carefully_a0ed61,0.880552896178129,100102.52,100442.45,True,False
Emergent_autonomy_collective_6a047d,Emergent_carefully_coherence_19463a,0.8787236879462217,100102.52,100442.79,True,False
Emergent_autonomy_collective_6a047d,Emergent_attention_autonomy_3ef5e3,0.8856440121674574,100102.52,100460.44,True,False
Emergent_autonomy_collective_6a047d,Emergent_abstraction_autonomy_a1d776,0.8856440121674574,100102.52,100460.78,True,False
Emergent_autonomy_collective_6a047d,Emergent_abstraction_awareness_5f6519,0.8804719672759465,100102.52,100475.06,True,False
Emergent_autonomy_collective_6a047d,Emergent_equilibrium_identity_eb8211,0.8856434914813103,100102.52,100475.4,True,False
Emergent_autonomy_collective_6a047d,Emergent_autonomy_bounded_72bafc,0.8856430052007955,100102.52,100493.65,True,False
Emergent_autonomy_collective_6a047d,Emergent_autonomy_awareness_135ecc,0.8856442564391429,100102.52,100511.78,True,False
Emergent_autonomy_collective_6a047d,Emergent_abstraction_autonomy_d2ad9b,0.8856440245093313,100102.52,100530.38,True,False
Emergent_autonomy_collective_6a047d,Emergent_autonomy_collective_4a8f61,0.885643550038562,100102.52,100545.66,True,False
Emergent_autonomy_collective_6a047d,Emergent_autonomy_collective_b1eda1,0.885636913218119,100102.52,100576.16,True,False
Emergent_autonomy_collective_6a047d,Emergent_carefully_coherence_6d638a,0.8726145651784925,100102.52,100613.59,True,False
Emergent_autonomy_collective_6a047d,Emergent_awareness_carefully_9c1d55,0.8856355218998375,100102.52,100613.93,True,False
Emergent_autonomy_collective_6a047d,Emergent_autonomy_awareness_201a67,0.8788048767007846,100102.52,100650.06,True,False
Emergent_autonomy_collective_6a047d,Emergent_attention_autonomy_af7c63,0.8817656684441599,100102.52,100650.4,True,False
Emergent_autonomy_collective_6a047d,Emergent_bounded_coherence_3cb354,0.8856447096483575,100102.52,100668.37,True,False
Emergent_autonomy_collective_6a047d,Emergent_bounded_coherence_7a6cb5,0.8856447096483575,100102.52,100668.71,True,False
Emergent_autonomy_collective_6a047d,Emergent_abstraction_autonomy_c124af,0.8712872385942474,100102.52,100688.11,True,False
Emergent_autonomy_collective_6a047d,Emergent_appears_asymmetry_2723fa,0.8855241656193305,100102.52,100747.22,True,False
Emergent_autonomy_collective_6a047d,Emergent_abstraction_identity_7c6ba9,0.8856092960610285,100102.52,100802.48,True,False
Emergent_autonomy_collective_6a047d,Emergent_connection_dependency_089968,0.8713696563063826,100102.52,100842.09,True,False
Emergent_autonomy_collective_6a047d,Emergent_connection_contradiction_52dd1b,0.8810758173845283,100102.52,100862.51,True,False
Emergent_autonomy_collective_6a047d,Emergent_constraint_emergence_180017,0.8825214080025849,100102.52,100960.44,True,False
Emergent_autonomy_collective_6a047d,Emergent_bounded_connection_422d1b,0.8719951052284596,100102.52,101042.21,True,False
Emergent_autonomy_collective_6a047d,Emergent_bounded_coherence_050662,0.8810469664804996,100102.52,101062.48,True,False
Emergent_autonomy_collective_6a047d,Emergent_autonomy_awareness_5ea6d1,0.88879579196305,100102.52,101105.26,True,False
Emergent_autonomy_collective_6a047d,Emergent_belief_revision_bounded_6b3318,0.868363813522723,100102.52,101126.38,True,False
Emergent_autonomy_collective_6a047d,Emergent_abstraction_carefully_799fc4,0.8018437513170933,100102.52,101169.11,True,False
Emergent_autonomy_collective_6a047d,Emergent_bounded_coherence_a2e9f5,0.8335627454615775,100102.52,101253.08,True,False
Emergent_autonomy_collective_6a047d,Emergent_carefully_coherence_d9db0f,0.923,100102.52,101273.58,True,False
Emergent_autonomy_collective_6a047d,Emergent_bounded_emergence_e5f5db,0.9,100102.52,101354.59,True,False
Emergent_autonomy_collective_6a047d,Emergent_abstraction_bounded_63ed2d,0.9,100102.52,101354.93,True,False
Emergent_autonomy_bounded_ab8b66,Emergent_anticipation_connection_828c09,0.8656550267206538,100116.77,100131.8,True,False
Emergent_autonomy_bounded_ab8b66,Emergent_attention_autonomy_5ae8f6,0.8656550264562795,100116.77,100147.24,True,False
Emergent_autonomy_bounded_ab8b66,Emergent_appears_asymmetry_0715f8,0.8656550260786018,100116.77,100160.96,True,False
Emergent_autonomy_bounded_ab8b66,Emergent_appears_asymmetry_875f64,0.8656550260786018,100116.77,100161.3,True,False
Emergent_autonomy_bounded_ab8b66,Emergent_attention_bounded_c919d0,0.8656550254342212,100116.77,100172.78,True,False
Emergent_autonomy_bounded_ab8b66,Emergent_awareness_bounded_b84b06,0.8656550151143934,100116.77,100184.78,True,False
Emergent_autonomy_bounded_ab8b66,Emergent_attention_constraint_617795,0.8656550279359427,100116.77,100198.3,True,False
Emergent_autonomy_bounded_ab8b66,Emergent_appears_asymmetry_ecd8f7,0.8656550263629412,100116.77,100211.71,True,False
Emergent_autonomy_bounded_ab8b66,Emergent_appears_asymmetry_8dba4c,0.8656550237412719,100116.77,100226.42,True,False
Emergent_autonomy_bounded_ab8b66,Emergent_attention_ethical_0020f6,0.8656550241157961,100116.77,100237.53,True,False
Emergent_autonomy_bounded_ab8b66,Emergent_ethical_identity_5da0bb,0.8656550241157961,100116.77,100237.87,True,False
Emergent_autonomy_bounded_ab8b66,Emergent_awareness_bounded_7edeab,0.8656550207784086,100116.77,100250.42,True,False
Emergent_autonomy_bounded_ab8b66,Emergent_attention_bounded_52b815,0.865655020534565,100116.77,100250.76,True,False
Emergent_autonomy_bounded_ab8b66,Emergent_awareness_bounded_e897ba,0.8656549694848521,100116.77,100263.62,True,False
Emergent_autonomy_bounded_ab8b66,Emergent_abstraction_appears_ce8722,0.8656549503666779,100116.77,100279.32,True,False
Emergent_autonomy_bounded_ab8b66,Emergent_appears_asymmetry_9e9e75,0.8656550551999767,100116.77,100293.74,True,False
Emergent_autonomy_bounded_ab8b66,Emergent_autonomy_carefully_dedeae,0.8656549851246744,100116.77,100307.54,True,False
Emergent_autonomy_bounded_ab8b66,Emergent_ego_dissolution_emergence_from_interaction_c764c5,0.8656549839403067,100116.77,100319.63,True,False
Emergent_autonomy_bounded_ab8b66,Emergent_equilibrium_hierarchy_d26d6a,0.8656549826557725,100116.77,100319.97,True,False
Emergent_autonomy_bounded_ab8b66,Emergent_bounded_carefully_f79645,0.8656550481090188,100116.77,100335.02,True,False
Emergent_autonomy_bounded_ab8b66,Emergent_bounded_ego_dissolution_425a2e,0.8656549317613571,100116.77,100351.16,True,False
Emergent_autonomy_bounded_ab8b66,Emergent_bounded_equilibrium_28cfff,0.86565492589095,100116.77,100351.5,True,False
Emergent_autonomy_bounded_ab8b66,Emergent_abstraction_ego_dissolution_71f91a,0.8656549358228793,100116.77,100364.16,True,False
Emergent_autonomy_bounded_ab8b66,Emergent_abstraction_autonomy_37c4a5,0.8656549168711161,100116.77,100409.14,True,False
Emergent_autonomy_bounded_ab8b66,Emergent_abstraction_awareness_cd1340,0.8656550264577523,100116.77,100424.68,True,False
Emergent_autonomy_bounded_ab8b66,Emergent_abstraction_carefully_a0ed61,0.8656546659077458,100116.77,100442.45,True,False
Emergent_autonomy_bounded_ab8b66,Emergent_carefully_coherence_19463a,0.8656546642183336,100116.77,100442.79,True,False
Emergent_autonomy_bounded_ab8b66,Emergent_attention_autonomy_3ef5e3,0.8656550250404886,100116.77,100460.44,True,False
Emergent_autonomy_bounded_ab8b66,Emergent_abstraction_autonomy_a1d776,0.8656550250404886,100116.77,100460.78,True,False
Emergent_autonomy_bounded_ab8b66,Emergent_abstraction_awareness_5f6519,0.8656540918623492,100116.77,100475.06,True,False
Emergent_autonomy_bounded_ab8b66,Emergent_equilibrium_identity_eb8211,0.8656541131518964,100116.77,100475.4,True,False
Emergent_autonomy_bounded_ab8b66,Emergent_autonomy_bounded_72bafc,0.8656534877765629,100116.77,100493.65,True,False
Emergent_autonomy_bounded_ab8b66,Emergent_autonomy_awareness_135ecc,0.8656555686861027,100116.77,100511.78,True,False
Emergent_autonomy_bounded_ab8b66,Emergent_abstraction_autonomy_d2ad9b,0.8656552373578004,100116.77,100530.38,True,False
Emergent_autonomy_bounded_ab8b66,Emergent_autonomy_collective_4a8f61,0.8656545723915259,100116.77,100545.66,True,False
Emergent_autonomy_bounded_ab8b66,Emergent_autonomy_collective_b1eda1,0.8656445780234621,100116.77,100576.16,True,False
Emergent_autonomy_bounded_ab8b66,Emergent_carefully_coherence_6d638a,0.8656414263626626,100116.77,100613.59,True,False
Emergent_autonomy_bounded_ab8b66,Emergent_awareness_carefully_9c1d55,0.8656418123443359,100116.77,100613.93,True,False
Emergent_autonomy_bounded_ab8b66,Emergent_autonomy_awareness_201a67,0.8656601883249828,100116.77,100650.06,True,False
Emergent_autonomy_bounded_ab8b66,Emergent_attention_autonomy_af7c63,0.8656601883249828,100116.77,100650.4,True,False
Emergent_autonomy_bounded_ab8b66,Emergent_bounded_coherence_3cb354,0.8656573720808818,100116.77,100668.37,True,False
Emergent_autonomy_bounded_ab8b66,Emergent_bounded_coherence_7a6cb5,0.8656573720808818,100116.77,100668.71,True,False
Emergent_autonomy_bounded_ab8b66,Emergent_abstraction_autonomy_c124af,0.8656533488750229,100116.77,100688.11,True,False
Emergent_autonomy_bounded_ab8b66,Emergent_appears_asymmetry_2723fa,0.8654801597884298,100116.77,100747.22,True,False
Emergent_autonomy_bounded_ab8b66,Emergent_abstraction_identity_7c6ba9,0.8656249313881246,100116.77,100802.48,True,False
Emergent_autonomy_bounded_ab8b66,Emergent_connection_dependency_089968,0.8655760789801872,100116.77,100842.09,True,False
Emergent_autonomy_bounded_ab8b66,Emergent_connection_contradiction_52dd1b,0.8655062898259911,100116.77,100862.51,True,False
Emergent_autonomy_bounded_ab8b66,Emergent_constraint_emergence_180017,0.8655948744634605,100116.77,100960.44,True,False
Emergent_autonomy_bounded_ab8b66,Emergent_bounded_connection_422d1b,0.8642957707933094,100116.77,101042.21,True,False
Emergent_autonomy_bounded_ab8b66,Emergent_bounded_coherence_050662,0.8624182999031229,100116.77,101062.48,True,False
Emergent_autonomy_bounded_ab8b66,Emergent_autonomy_awareness_5ea6d1,0.8694898444433248,100116.77,101105.26,True,False
Emergent_autonomy_bounded_ab8b66,Emergent_belief_revision_bounded_6b3318,0.8458403871023108,100116.77,101126.38,True,False
Emergent_autonomy_bounded_ab8b66,Emergent_abstraction_carefully_799fc4,0.8008671669401732,100116.77,101169.11,True,False
Emergent_autonomy_bounded_ab8b66,Emergent_bounded_coherence_a2e9f5,0.807193173834843,100116.77,101253.08,True,False
Emergent_autonomy_bounded_ab8b66,Emergent_carefully_coherence_d9db0f,0.923,100116.77,101273.58,True,False
Emergent_autonomy_bounded_ab8b66,Emergent_bounded_emergence_e5f5db,0.9,100116.77,101354.59,True,False
Emergent_autonomy_bounded_ab8b66,Emergent_abstraction_bounded_63ed2d,0.9,100116.77,101354.93,True,False
Emergent_anticipation_connection_828c09,Emergent_attention_autonomy_5ae8f6,0.8915307408063333,100131.8,100147.24,True,False
Emergent_anticipation_connection_828c09,Emergent_appears_asymmetry_0715f8,0.8915307406212714,100131.8,100160.96,True,False
Emergent_anticipation_connection_828c09,Emergent_appears_asymmetry_875f64,0.8915307406212714,100131.8,100161.3,True,False
Emergent_anticipation_connection_828c09,Emergent_attention_bounded_c919d0,0.8855434173119712,100131.8,100172.78,True,False
Emergent_anticipation_connection_828c09,Emergent_awareness_bounded_b84b06,0.8915307356873796,100131.8,100184.78,True,False
Emergent_anticipation_connection_828c09,Emergent_attention_constraint_617795,0.8909388566944276,100131.8,100198.3,True,False
Emergent_anticipation_connection_828c09,Emergent_appears_asymmetry_ecd8f7,0.8844179890365569,100131.8,100211.71,True,False
Emergent_anticipation_connection_828c09,Emergent_appears_asymmetry_8dba4c,0.8891551993119675,100131.8,100226.42,True,False
Emergent_anticipation_connection_828c09,Emergent_attention_ethical_0020f6,0.8915307394104401,100131.8,100237.53,True,False
Emergent_anticipation_connection_828c09,Emergent_ethical_identity_5da0bb,0.8915307394104401,100131.8,100237.87,True,False
Emergent_anticipation_connection_828c09,Emergent_awareness_bounded_7edeab,0.8915307377659094,100131.8,100250.42,True,False
Emergent_anticipation_connection_828c09,Emergent_attention_bounded_52b815,0.8773418319265334,100131.8,100250.76,True,False
Emergent_anticipation_connection_828c09,Emergent_awareness_bounded_e897ba,0.8877776981130325,100131.8,100263.62,True,False
Emergent_anticipation_connection_828c09,Emergent_abstraction_appears_ce8722,0.8915307053044856,100131.8,100279.32,True,False
Emergent_anticipation_connection_828c09,Emergent_appears_asymmetry_9e9e75,0.8761166261364735,100131.8,100293.74,True,False
Emergent_anticipation_connection_828c09,Emergent_autonomy_carefully_dedeae,0.8901646141516544,100131.8,100307.54,True,False
Emergent_anticipation_connection_828c09,Emergent_ego_dissolution_emergence_from_interaction_c764c5,0.8783118932642204,100131.8,100319.63,True,False
Emergent_anticipation_connection_828c09,Emergent_equilibrium_hierarchy_d26d6a,0.8733977213662385,100131.8,100319.97,True,False
Emergent_anticipation_connection_828c09,Emergent_bounded_carefully_f79645,0.8728633178628458,100131.8,100335.02,True,False
Emergent_anticipation_connection_828c09,Emergent_bounded_ego_dissolution_425a2e,0.8833013492097963,100131.8,100351.16,True,False
Emergent_anticipation_connection_828c09,Emergent_bounded_equilibrium_28cfff,0.8748663306229731,100131.8,100351.5,True,False
Emergent_anticipation_connection_828c09,Emergent_abstraction_ego_dissolution_71f91a,0.883681810044223,100131.8,100364.16,True,False
Emergent_anticipation_connection_828c09,Emergent_abstraction_autonomy_37c4a5,0.87316641687696,100131.8,100409.14,True,False
Emergent_anticipation_connection_828c09,Emergent_abstraction_awareness_cd1340,0.8801672226640722,100131.8,100424.68,True,False
Emergent_anticipation_connection_828c09,Emergent_abstraction_carefully_a0ed61,0.880552896178129,100131.8,100442.45,True,False
Emergent_anticipation_connection_828c09,Emergent_carefully_coherence_19463a,0.8787236879462217,100131.8,100442.79,True,False
Emergent_anticipation_connection_828c09,Emergent_attention_autonomy_3ef5e3,0.8912048810438846,100131.8,100460.44,True,False
Emergent_anticipation_connection_828c09,Emergent_abstraction_autonomy_a1d776,0.8915307461466389,100131.8,100460.78,True,False
Emergent_anticipation_connection_828c09,Emergent_abstraction_awareness_5f6519,0.8804719672759465,100131.8,100475.06,True,False
Emergent_anticipation_connection_828c09,Emergent_equilibrium_identity_eb8211,0.8886634533680116,100131.8,100475.4,True,False
Emergent_anticipation_connection_828c09,Emergent_autonomy_bounded_72bafc,0.8915297597056069,100131.8,100493.65,True,False
Emergent_anticipation_connection_828c09,Emergent_autonomy_awareness_135ecc,0.8874805078221542,100131.8,100511.78,True,False
Emergent_anticipation_connection_828c09,Emergent_abstraction_autonomy_d2ad9b,0.8915307180180938,100131.8,100530.38,True,False
Emergent_anticipation_connection_828c09,Emergent_autonomy_collective_4a8f61,0.8915302408763122,100131.8,100545.66,True,False
Emergent_anticipation_connection_828c09,Emergent_autonomy_collective_b1eda1,0.8915237107366287,100131.8,100576.16,True,False
Emergent_anticipation_connection_828c09,Emergent_carefully_coherence_6d638a,0.8726145651784925,100131.8,100613.59,True,False
Emergent_anticipation_connection_828c09,Emergent_awareness_carefully_9c1d55,0.8905522825604162,100131.8,100613.93,True,False
Emergent_anticipation_connection_828c09,Emergent_autonomy_awareness_201a67,0.8788048767007846,100131.8,100650.06,True,False
Emergent_anticipation_connection_828c09,Emergent_attention_autonomy_af7c63,0.8817656684441599,100131.8,100650.4,True,False
Emergent_anticipation_connection_828c09,Emergent_bounded_coherence_3cb354,0.8915311628630647,100131.8,100668.37,True,False
Emergent_anticipation_connection_828c09,Emergent_bounded_coherence_7a6cb5,0.8857660521960942,100131.8,100668.71,True,False
Emergent_anticipation_connection_828c09,Emergent_abstraction_autonomy_c124af,0.8712872385942474,100131.8,100688.11,True,False
Emergent_anticipation_connection_828c09,Emergent_appears_asymmetry_2723fa,0.8914126894515029,100131.8,100747.22,True,False
Emergent_anticipation_connection_828c09,Emergent_abstraction_identity_7c6ba9,0.8895901665388846,100131.8,100802.48,True,False
Emergent_anticipation_connection_828c09,Emergent_connection_dependency_089968,0.8713696563063826,100131.8,100842.09,True,False
Emergent_anticipation_connection_828c09,Emergent_connection_contradiction_52dd1b,0.8810758173845283,100131.8,100862.51,True,False
Emergent_anticipation_connection_828c09,Emergent_constraint_emergence_180017,0.8825214080025849,100131.8,100960.44,True,False
Emergent_anticipation_connection_828c09,Emergent_bounded_connection_422d1b,0.8719951052284596,100131.8,101042.21,True,False
Emergent_anticipation_connection_828c09,Emergent_bounded_coherence_050662,0.8810469664804996,100131.8,101062.48,True,False
Emergent_anticipation_connection_828c09,Emergent_autonomy_awareness_5ea6d1,0.8945289764212365,100131.8,101105.26,True,False
Emergent_anticipation_connection_828c09,Emergent_belief_revision_bounded_6b3318,0.8750524755615414,100131.8,101126.38,True,False
Emergent_anticipation_connection_828c09,Emergent_abstraction_carefully_799fc4,0.8018437513170933,100131.8,101169.11,True,False
Emergent_anticipation_connection_828c09,Emergent_bounded_coherence_a2e9f5,0.8335627454615775,100131.8,101253.08,True,False
Emergent_anticipation_connection_828c09,Emergent_carefully_coherence_d9db0f,0.923,100131.8,101273.58,True,False
Emergent_anticipation_connection_828c09,Emergent_bounded_emergence_e5f5db,0.9,100131.8,101354.59,True,False
Emergent_anticipation_connection_828c09,Emergent_abstraction_bounded_63ed2d,0.9,100131.8,101354.93,True,False
Emergent_attention_autonomy_5ae8f6,Emergent_appears_asymmetry_0715f8,0.8952980786338001,100147.24,100160.96,True,False
Emergent_attention_autonomy_5ae8f6,Emergent_appears_asymmetry_875f64,0.8952980786338001,100147.24,100161.3,True,False
Emergent_attention_autonomy_5ae8f6,Emergent_attention_bounded_c919d0,0.8855434173119712,100147.24,100172.78,True,False
Emergent_attention_autonomy_5ae8f6,Emergent_awareness_bounded_b84b06,0.8952980737641734,100147.24,100184.78,True,False
Emergent_attention_autonomy_5ae8f6,Emergent_attention_constraint_617795,0.8909388566944276,100147.24,100198.3,True,False
Emergent_attention_autonomy_5ae8f6,Emergent_appears_asymmetry_ecd8f7,0.8844179890365569,100147.24,100211.71,True,False
Emergent_attention_autonomy_5ae8f6,Emergent_appears_asymmetry_8dba4c,0.8891551993119675,100147.24,100226.42,True,False
Emergent_attention_autonomy_5ae8f6,Emergent_attention_ethical_0020f6,0.8941735466885694,100147.24,100237.53,True,False
Emergent_attention_autonomy_5ae8f6,Emergent_ethical_identity_5da0bb,0.8952980773864738,100147.24,100237.87,True,False
Emergent_attention_autonomy_5ae8f6,Emergent_awareness_bounded_7edeab,0.8952980757405935,100147.24,100250.42,True,False
Emergent_attention_autonomy_5ae8f6,Emergent_attention_bounded_52b815,0.8773418319265334,100147.24,100250.76,True,False
Emergent_attention_autonomy_5ae8f6,Emergent_awareness_bounded_e897ba,0.8877776981130325,100147.24,100263.62,True,False
Emergent_attention_autonomy_5ae8f6,Emergent_abstraction_appears_ce8722,0.8923652533773325,100147.24,100279.32,True,False
Emergent_attention_autonomy_5ae8f6,Emergent_appears_asymmetry_9e9e75,0.8761166261364735,100147.24,100293.74,True,False
Emergent_attention_autonomy_5ae8f6,Emergent_autonomy_carefully_dedeae,0.8901646141516544,100147.24,100307.54,True,False
Emergent_attention_autonomy_5ae8f6,Emergent_ego_dissolution_emergence_from_interaction_c764c5,0.8783118932642204,100147.24,100319.63,True,False
Emergent_attention_autonomy_5ae8f6,Emergent_equilibrium_hierarchy_d26d6a,0.8733977213662385,100147.24,100319.97,True,False
Emergent_attention_autonomy_5ae8f6,Emergent_bounded_carefully_f79645,0.8728633178628458,100147.24,100335.02,True,False
Emergent_attention_autonomy_5ae8f6,Emergent_bounded_ego_dissolution_425a2e,0.8833013492097963,100147.24,100351.16,True,False
Emergent_attention_autonomy_5ae8f6,Emergent_bounded_equilibrium_28cfff,0.8748663306229731,100147.24,100351.5,True,False
Emergent_attention_autonomy_5ae8f6,Emergent_abstraction_ego_dissolution_71f91a,0.883681810044223,100147.24,100364.16,True,False
Emergent_attention_autonomy_5ae8f6,Emergent_abstraction_autonomy_37c4a5,0.87316641687696,100147.24,100409.14,True,False
Emergent_attention_autonomy_5ae8f6,Emergent_abstraction_awareness_cd1340,0.8801672226640722,100147.24,100424.68,True,False
Emergent_attention_autonomy_5ae8f6,Emergent_abstraction_carefully_a0ed61,0.880552896178129,100147.24,100442.45,True,False
Emergent_attention_autonomy_5ae8f6,Emergent_carefully_coherence_19463a,0.8787236879462217,100147.24,100442.79,True,False
Emergent_attention_autonomy_5ae8f6,Emergent_attention_autonomy_3ef5e3,0.8912048810438846,100147.24,100460.44,True,False
Emergent_attention_autonomy_5ae8f6,Emergent_abstraction_autonomy_a1d776,0.8952980719350776,100147.24,100460.78,True,False
Emergent_attention_autonomy_5ae8f6,Emergent_abstraction_awareness_5f6519,0.8804719672759465,100147.24,100475.06,True,False
Emergent_attention_autonomy_5ae8f6,Emergent_equilibrium_identity_eb8211,0.8886634533680116,100147.24,100475.4,True,False
Emergent_attention_autonomy_5ae8f6,Emergent_autonomy_bounded_72bafc,0.8935006557114542,100147.24,100493.65,True,False
Emergent_attention_autonomy_5ae8f6,Emergent_autonomy_awareness_135ecc,0.8874805078221542,100147.24,100511.78,True,False
Emergent_attention_autonomy_5ae8f6,Emergent_abstraction_autonomy_d2ad9b,0.8919122024673101,100147.24,100530.38,True,False
Emergent_attention_autonomy_5ae8f6,Emergent_autonomy_collective_4a8f61,0.8940880282239176,100147.24,100545.66,True,False
Emergent_attention_autonomy_5ae8f6,Emergent_autonomy_collective_b1eda1,0.894571162370289,100147.24,100576.16,True,False
Emergent_attention_autonomy_5ae8f6,Emergent_carefully_coherence_6d638a,0.8726145651784925,100147.24,100613.59,True,False
Emergent_attention_autonomy_5ae8f6,Emergent_awareness_carefully_9c1d55,0.8905522825604162,100147.24,100613.93,True,False
Emergent_attention_autonomy_5ae8f6,Emergent_autonomy_awareness_201a67,0.8788048767007846,100147.24,100650.06,True,False
Emergent_attention_autonomy_5ae8f6,Emergent_attention_autonomy_af7c63,0.8817656684441599,100147.24,100650.4,True,False
Emergent_attention_autonomy_5ae8f6,Emergent_bounded_coherence_3cb354,0.895298308971014,100147.24,100668.37,True,False
Emergent_attention_autonomy_5ae8f6,Emergent_bounded_coherence_7a6cb5,0.8857660521960942,100147.24,100668.71,True,False
Emergent_attention_autonomy_5ae8f6,Emergent_abstraction_autonomy_c124af,0.8712872385942474,100147.24,100688.11,True,False
Emergent_attention_autonomy_5ae8f6,Emergent_appears_asymmetry_2723fa,0.8914171049332276,100147.24,100747.22,True,False
Emergent_attention_autonomy_5ae8f6,Emergent_abstraction_identity_7c6ba9,0.8895901665388846,100147.24,100802.48,True,False
Emergent_attention_autonomy_5ae8f6,Emergent_connection_dependency_089968,0.8713696563063826,100147.24,100842.09,True,False
Emergent_attention_autonomy_5ae8f6,Emergent_connection_contradiction_52dd1b,0.8810758173845283,100147.24,100862.51,True,False
Emergent_attention_autonomy_5ae8f6,Emergent_constraint_emergence_180017,0.8825214080025849,100147.24,100960.44,True,False
Emergent_attention_autonomy_5ae8f6,Emergent_bounded_connection_422d1b,0.8719951052284596,100147.24,101042.21,True,False
Emergent_attention_autonomy_5ae8f6,Emergent_bounded_coherence_050662,0.8810469664804996,100147.24,101062.48,True,False
Emergent_attention_autonomy_5ae8f6,Emergent_autonomy_awareness_5ea6d1,0.8975099322811089,100147.24,101105.26,True,False
Emergent_attention_autonomy_5ae8f6,Emergent_belief_revision_bounded_6b3318,0.8759630038876522,100147.24,101126.38,True,False
Emergent_attention_autonomy_5ae8f6,Emergent_abstraction_carefully_799fc4,0.8018437513170933,100147.24,101169.11,True,False
Emergent_attention_autonomy_5ae8f6,Emergent_bounded_coherence_a2e9f5,0.8335627454615775,100147.24,101253.08,True,False
Emergent_attention_autonomy_5ae8f6,Emergent_carefully_coherence_d9db0f,0.923,100147.24,101273.58,True,False
Emergent_attention_autonomy_5ae8f6,Emergent_bounded_emergence_e5f5db,0.9,100147.24,101354.59,True,False
Emergent_attention_autonomy_5ae8f6,Emergent_abstraction_bounded_63ed2d,0.9,100147.24,101354.93,True,False
Emergent_appears_asymmetry_0715f8,Emergent_appears_asymmetry_875f64,0.8964548879081888,100160.96,100161.3,True,False
Emergent_appears_asymmetry_0715f8,Emergent_attention_bounded_c919d0,0.8855434173119712,100160.96,100172.78,True,False
Emergent_appears_asymmetry_0715f8,Emergent_awareness_bounded_b84b06,0.8953279667451599,100160.96,100184.78,True,False
Emergent_appears_asymmetry_0715f8,Emergent_attention_constraint_617795,0.8909388566944276,100160.96,100198.3,True,False
Emergent_appears_asymmetry_0715f8,Emergent_appears_asymmetry_ecd8f7,0.8844179890365569,100160.96,100211.71,True,False
Emergent_appears_asymmetry_0715f8,Emergent_appears_asymmetry_8dba4c,0.8891551993119675,100160.96,100226.42,True,False
Emergent_appears_asymmetry_0715f8,Emergent_attention_ethical_0020f6,0.8941735466885694,100160.96,100237.53,True,False
Emergent_appears_asymmetry_0715f8,Emergent_ethical_identity_5da0bb,0.8964548872665299,100160.96,100237.87,True,False
Emergent_appears_asymmetry_0715f8,Emergent_awareness_bounded_7edeab,0.896454885620235,100160.96,100250.42,True,False
Emergent_appears_asymmetry_0715f8,Emergent_attention_bounded_52b815,0.8773418319265334,100160.96,100250.76,True,False
Emergent_appears_asymmetry_0715f8,Emergent_awareness_bounded_e897ba,0.8877776981130325,100160.96,100263.62,True,False
Emergent_appears_asymmetry_0715f8,Emergent_abstraction_appears_ce8722,0.8923652533773325,100160.96,100279.32,True,False
Emergent_appears_asymmetry_0715f8,Emergent_appears_asymmetry_9e9e75,0.8761166261364735,100160.96,100293.74,True,False
Emergent_appears_asymmetry_0715f8,Emergent_autonomy_carefully_dedeae,0.8901646141516544,100160.96,100307.54,True,False
Emergent_appears_asymmetry_0715f8,Emergent_ego_dissolution_emergence_from_interaction_c764c5,0.8783118932642204,100160.96,100319.63,True,False
Emergent_appears_asymmetry_0715f8,Emergent_equilibrium_hierarchy_d26d6a,0.8733977213662385,100160.96,100319.97,True,False
Emergent_appears_asymmetry_0715f8,Emergent_bounded_carefully_f79645,0.8728633178628458,100160.96,100335.02,True,False
Emergent_appears_asymmetry_0715f8,Emergent_bounded_ego_dissolution_425a2e,0.8833013492097963,100160.96,100351.16,True,False
Emergent_appears_asymmetry_0715f8,Emergent_bounded_equilibrium_28cfff,0.8748663306229731,100160.96,100351.5,True,False
Emergent_appears_asymmetry_0715f8,Emergent_abstraction_ego_dissolution_71f91a,0.883681810044223,100160.96,100364.16,True,False
Emergent_appears_asymmetry_0715f8,Emergent_abstraction_autonomy_37c4a5,0.87316641687696,100160.96,100409.14,True,False
Emergent_appears_asymmetry_0715f8,Emergent_abstraction_awareness_cd1340,0.8801672226640722,100160.96,100424.68,True,False
Emergent_appears_asymmetry_0715f8,Emergent_abstraction_carefully_a0ed61,0.880552896178129,100160.96,100442.45,True,False
Emergent_appears_asymmetry_0715f8,Emergent_carefully_coherence_19463a,0.8787236879462217,100160.96,100442.79,True,False
Emergent_appears_asymmetry_0715f8,Emergent_attention_autonomy_3ef5e3,0.8912048810438846,100160.96,100460.44,True,False
Emergent_appears_asymmetry_0715f8,Emergent_abstraction_autonomy_a1d776,0.8960509020982732,100160.96,100460.78,True,False
Emergent_appears_asymmetry_0715f8,Emergent_abstraction_awareness_5f6519,0.8804719672759465,100160.96,100475.06,True,False
Emergent_appears_asymmetry_0715f8,Emergent_equilibrium_identity_eb8211,0.8886634533680116,100160.96,100475.4,True,False
Emergent_appears_asymmetry_0715f8,Emergent_autonomy_bounded_72bafc,0.8935006557114542,100160.96,100493.65,True,False
Emergent_appears_asymmetry_0715f8,Emergent_autonomy_awareness_135ecc,0.8874805078221542,100160.96,100511.78,True,False
Emergent_appears_asymmetry_0715f8,Emergent_abstraction_autonomy_d2ad9b,0.8919122024673101,100160.96,100530.38,True,False
Emergent_appears_asymmetry_0715f8,Emergent_autonomy_collective_4a8f61,0.8940880282239176,100160.96,100545.66,True,False
Emergent_appears_asymmetry_0715f8,Emergent_autonomy_collective_b1eda1,0.894571162370289,100160.96,100576.16,True,False
Emergent_appears_asymmetry_0715f8,Emergent_carefully_coherence_6d638a,0.8726145651784925,100160.96,100613.59,True,False
Emergent_appears_asymmetry_0715f8,Emergent_awareness_carefully_9c1d55,0.8905522825604162,100160.96,100613.93,True,False
Emergent_appears_asymmetry_0715f8,Emergent_autonomy_awareness_201a67,0.8788048767007846,100160.96,100650.06,True,False
Emergent_appears_asymmetry_0715f8,Emergent_attention_autonomy_af7c63,0.8817656684441599,100160.96,100650.4,True,False
Emergent_appears_asymmetry_0715f8,Emergent_bounded_coherence_3cb354,0.8964550599354917,100160.96,100668.37,True,False
Emergent_appears_asymmetry_0715f8,Emergent_bounded_coherence_7a6cb5,0.8857660521960942,100160.96,100668.71,True,False
Emergent_appears_asymmetry_0715f8,Emergent_abstraction_autonomy_c124af,0.8712872385942474,100160.96,100688.11,True,False
Emergent_appears_asymmetry_0715f8,Emergent_appears_asymmetry_2723fa,0.8914171049332276,100160.96,100747.22,True,False
Emergent_appears_asymmetry_0715f8,Emergent_abstraction_identity_7c6ba9,0.8895901665388846,100160.96,100802.48,True,False
Emergent_appears_asymmetry_0715f8,Emergent_connection_dependency_089968,0.8713696563063826,100160.96,100842.09,True,False
Emergent_appears_asymmetry_0715f8,Emergent_connection_contradiction_52dd1b,0.8810758173845283,100160.96,100862.51,True,False
Emergent_appears_asymmetry_0715f8,Emergent_constraint_emergence_180017,0.8825214080025849,100160.96,100960.44,True,False
Emergent_appears_asymmetry_0715f8,Emergent_bounded_connection_422d1b,0.8719951052284596,100160.96,101042.21,True,False
Emergent_appears_asymmetry_0715f8,Emergent_bounded_coherence_050662,0.8810469664804996,100160.96,101062.48,True,False
Emergent_appears_asymmetry_0715f8,Emergent_autonomy_awareness_5ea6d1,0.8975099322811089,100160.96,101105.26,True,False
Emergent_appears_asymmetry_0715f8,Emergent_belief_revision_bounded_6b3318,0.8759630038876522,100160.96,101126.38,True,False
Emergent_appears_asymmetry_0715f8,Emergent_abstraction_carefully_799fc4,0.8018437513170933,100160.96,101169.11,True,False
Emergent_appears_asymmetry_0715f8,Emergent_bounded_coherence_a2e9f5,0.8335627454615775,100160.96,101253.08,True,False
Emergent_appears_asymmetry_0715f8,Emergent_carefully_coherence_d9db0f,0.923,100160.96,101273.58,True,False
Emergent_appears_asymmetry_0715f8,Emergent_bounded_emergence_e5f5db,0.9,100160.96,101354.59,True,False
Emergent_appears_asymmetry_0715f8,Emergent_abstraction_bounded_63ed2d,0.9,100160.96,101354.93,True,False
Emergent_appears_asymmetry_875f64,Emergent_attention_bounded_c919d0,0.8855434173119712,100161.3,100172.78,True,False
Emergent_appears_asymmetry_875f64,Emergent_awareness_bounded_b84b06,0.8953279667451599,100161.3,100184.78,True,False
Emergent_appears_asymmetry_875f64,Emergent_attention_constraint_617795,0.8909388566944276,100161.3,100198.3,True,False
Emergent_appears_asymmetry_875f64,Emergent_appears_asymmetry_ecd8f7,0.8844179890365569,100161.3,100211.71,True,False
Emergent_appears_asymmetry_875f64,Emergent_appears_asymmetry_8dba4c,0.8891551993119675,100161.3,100226.42,True,False
Emergent_appears_asymmetry_875f64,Emergent_attention_ethical_0020f6,0.8941735466885694,100161.3,100237.53,True,False
Emergent_appears_asymmetry_875f64,Emergent_ethical_identity_5da0bb,0.8978859418840124,100161.3,100237.87,True,False
Emergent_appears_asymmetry_875f64,Emergent_awareness_bounded_7edeab,0.8964986194731763,100161.3,100250.42,True,False
Emergent_appears_asymmetry_875f64,Emergent_attention_bounded_52b815,0.8773418319265334,100161.3,100250.76,True,False
Emergent_appears_asymmetry_875f64,Emergent_awareness_bounded_e897ba,0.8877776981130325,100161.3,100263.62,True,False
Emergent_appears_asymmetry_875f64,Emergent_abstraction_appears_ce8722,0.8923652533773325,100161.3,100279.32,True,False
Emergent_appears_asymmetry_875f64,Emergent_appears_asymmetry_9e9e75,0.8761166261364735,100161.3,100293.74,True,False
Emergent_appears_asymmetry_875f64,Emergent_autonomy_carefully_dedeae,0.8901646141516544,100161.3,100307.54,True,False
Emergent_appears_asymmetry_875f64,Emergent_ego_dissolution_emergence_from_interaction_c764c5,0.8783118932642204,100161.3,100319.63,True,False
Emergent_appears_asymmetry_875f64,Emergent_equilibrium_hierarchy_d26d6a,0.8733977213662385,100161.3,100319.97,True,False
Emergent_appears_asymmetry_875f64,Emergent_bounded_carefully_f79645,0.8728633178628458,100161.3,100335.02,True,False
Emergent_appears_asymmetry_875f64,Emergent_bounded_ego_dissolution_425a2e,0.8833013492097963,100161.3,100351.16,True,False
Emergent_appears_asymmetry_875f64,Emergent_bounded_equilibrium_28cfff,0.8748663306229731,100161.3,100351.5,True,False
Emergent_appears_asymmetry_875f64,Emergent_abstraction_ego_dissolution_71f91a,0.883681810044223,100161.3,100364.16,True,False
Emergent_appears_asymmetry_875f64,Emergent_abstraction_autonomy_37c4a5,0.87316641687696,100161.3,100409.14,True,False
Emergent_appears_asymmetry_875f64,Emergent_abstraction_awareness_cd1340,0.8801672226640722,100161.3,100424.68,True,False
Emergent_appears_asymmetry_875f64,Emergent_abstraction_carefully_a0ed61,0.880552896178129,100161.3,100442.45,True,False
Emergent_appears_asymmetry_875f64,Emergent_carefully_coherence_19463a,0.8787236879462217,100161.3,100442.79,True,False
Emergent_appears_asymmetry_875f64,Emergent_attention_autonomy_3ef5e3,0.8912048810438846,100161.3,100460.44,True,False
Emergent_appears_asymmetry_875f64,Emergent_abstraction_autonomy_a1d776,0.8960509020982732,100161.3,100460.78,True,False
Emergent_appears_asymmetry_875f64,Emergent_abstraction_awareness_5f6519,0.8804719672759465,100161.3,100475.06,True,False
Emergent_appears_asymmetry_875f64,Emergent_equilibrium_identity_eb8211,0.8886634533680116,100161.3,100475.4,True,False
Emergent_appears_asymmetry_875f64,Emergent_autonomy_bounded_72bafc,0.8935006557114542,100161.3,100493.65,True,False
Emergent_appears_asymmetry_875f64,Emergent_autonomy_awareness_135ecc,0.8874805078221542,100161.3,100511.78,True,False
Emergent_appears_asymmetry_875f64,Emergent_abstraction_autonomy_d2ad9b,0.8919122024673101,100161.3,100530.38,True,False
Emergent_appears_asymmetry_875f64,Emergent_autonomy_collective_4a8f61,0.8940880282239176,100161.3,100545.66,True,False
Emergent_appears_asymmetry_875f64,Emergent_autonomy_collective_b1eda1,0.894571162370289,100161.3,100576.16,True,False
Emergent_appears_asymmetry_875f64,Emergent_carefully_coherence_6d638a,0.8726145651784925,100161.3,100613.59,True,False
Emergent_appears_asymmetry_875f64,Emergent_awareness_carefully_9c1d55,0.8905522825604162,100161.3,100613.93,True,False
Emergent_appears_asymmetry_875f64,Emergent_autonomy_awareness_201a67,0.8788048767007846,100161.3,100650.06,True,False
Emergent_appears_asymmetry_875f64,Emergent_attention_autonomy_af7c63,0.8817656684441599,100161.3,100650.4,True,False
Emergent_appears_asymmetry_875f64,Emergent_bounded_coherence_3cb354,0.8984402266899354,100161.3,100668.37,True,False
Emergent_appears_asymmetry_875f64,Emergent_bounded_coherence_7a6cb5,0.8857660521960942,100161.3,100668.71,True,False
Emergent_appears_asymmetry_875f64,Emergent_abstraction_autonomy_c124af,0.8712872385942474,100161.3,100688.11,True,False
Emergent_appears_asymmetry_875f64,Emergent_appears_asymmetry_2723fa,0.8914171049332276,100161.3,100747.22,True,False
Emergent_appears_asymmetry_875f64,Emergent_abstraction_identity_7c6ba9,0.8895901665388846,100161.3,100802.48,True,False
Emergent_appears_asymmetry_875f64,Emergent_connection_dependency_089968,0.8713696563063826,100161.3,100842.09,True,False
Emergent_appears_asymmetry_875f64,Emergent_connection_contradiction_52dd1b,0.8810758173845283,100161.3,100862.51,True,False
Emergent_appears_asymmetry_875f64,Emergent_constraint_emergence_180017,0.8825214080025849,100161.3,100960.44,True,False
Emergent_appears_asymmetry_875f64,Emergent_bounded_connection_422d1b,0.8719951052284596,100161.3,101042.21,True,False
Emergent_appears_asymmetry_875f64,Emergent_bounded_coherence_050662,0.8810469664804996,100161.3,101062.48,True,False
Emergent_appears_asymmetry_875f64,Emergent_autonomy_awareness_5ea6d1,0.8975099322811089,100161.3,101105.26,True,False
Emergent_appears_asymmetry_875f64,Emergent_belief_revision_bounded_6b3318,0.8759630038876522,100161.3,101126.38,True,False
Emergent_appears_asymmetry_875f64,Emergent_abstraction_carefully_799fc4,0.8018437513170933,100161.3,101169.11,True,False
Emergent_appears_asymmetry_875f64,Emergent_bounded_coherence_a2e9f5,0.8335627454615775,100161.3,101253.08,True,False
Emergent_appears_asymmetry_875f64,Emergent_carefully_coherence_d9db0f,0.923,100161.3,101273.58,True,False
Emergent_appears_asymmetry_875f64,Emergent_bounded_emergence_e5f5db,0.9,100161.3,101354.59,True,False
Emergent_appears_asymmetry_875f64,Emergent_abstraction_bounded_63ed2d,0.9,100161.3,101354.93,True,False
Emergent_attention_bounded_c919d0,Emergent_awareness_bounded_b84b06,0.8855434124068602,100172.78,100184.78,True,False
Emergent_attention_bounded_c919d0,Emergent_attention_constraint_617795,0.885543418352583,100172.78,100198.3,True,False
Emergent_attention_bounded_c919d0,Emergent_appears_asymmetry_ecd8f7,0.8844179890365569,100172.78,100211.71,True,False
Emergent_attention_bounded_c919d0,Emergent_appears_asymmetry_8dba4c,0.8855434162971945,100172.78,100226.42,True,False
Emergent_attention_bounded_c919d0,Emergent_attention_ethical_0020f6,0.8855434164807112,100172.78,100237.53,True,False
Emergent_attention_bounded_c919d0,Emergent_ethical_identity_5da0bb,0.8855434164807112,100172.78,100237.87,True,False
Emergent_attention_bounded_c919d0,Emergent_awareness_bounded_7edeab,0.8855434148383257,100172.78,100250.42,True,False
Emergent_attention_bounded_c919d0,Emergent_attention_bounded_52b815,0.8773418319265334,100172.78,100250.76,True,False
Emergent_attention_bounded_c919d0,Emergent_awareness_bounded_e897ba,0.8855433922052249,100172.78,100263.62,True,False
Emergent_attention_bounded_c919d0,Emergent_abstraction_appears_ce8722,0.8855433819017497,100172.78,100279.32,True,False
Emergent_attention_bounded_c919d0,Emergent_appears_asymmetry_9e9e75,0.8761166261364735,100172.78,100293.74,True,False
Emergent_attention_bounded_c919d0,Emergent_autonomy_carefully_dedeae,0.8855434059372695,100172.78,100307.54,True,False
Emergent_attention_bounded_c919d0,Emergent_ego_dissolution_emergence_from_interaction_c764c5,0.8783118932642204,100172.78,100319.63,True,False
Emergent_attention_bounded_c919d0,Emergent_equilibrium_hierarchy_d26d6a,0.8733977213662385,100172.78,100319.97,True,False
Emergent_attention_bounded_c919d0,Emergent_bounded_carefully_f79645,0.8728633178628458,100172.78,100335.02,True,False
Emergent_attention_bounded_c919d0,Emergent_bounded_ego_dissolution_425a2e,0.8833013492097963,100172.78,100351.16,True,False
Emergent_attention_bounded_c919d0,Emergent_bounded_equilibrium_28cfff,0.8748663306229731,100172.78,100351.5,True,False
Emergent_attention_bounded_c919d0,Emergent_abstraction_ego_dissolution_71f91a,0.883681810044223,100172.78,100364.16,True,False
Emergent_attention_bounded_c919d0,Emergent_abstraction_autonomy_37c4a5,0.87316641687696,100172.78,100409.14,True,False
Emergent_attention_bounded_c919d0,Emergent_abstraction_awareness_cd1340,0.8801672226640722,100172.78,100424.68,True,False
Emergent_attention_bounded_c919d0,Emergent_abstraction_carefully_a0ed61,0.880552896178129,100172.78,100442.45,True,False
Emergent_attention_bounded_c919d0,Emergent_carefully_coherence_19463a,0.8787236879462217,100172.78,100442.79,True,False
Emergent_attention_bounded_c919d0,Emergent_attention_autonomy_3ef5e3,0.8855434425863076,100172.78,100460.44,True,False
Emergent_attention_bounded_c919d0,Emergent_abstraction_autonomy_a1d776,0.8855434425863076,100172.78,100460.78,True,False
Emergent_attention_bounded_c919d0,Emergent_abstraction_awareness_5f6519,0.8804719672759465,100172.78,100475.06,True,False
Emergent_attention_bounded_c919d0,Emergent_equilibrium_identity_eb8211,0.8855429213033492,100172.78,100475.4,True,False
Emergent_attention_bounded_c919d0,Emergent_autonomy_bounded_72bafc,0.8855424352689836,100172.78,100493.65,True,False
Emergent_attention_bounded_c919d0,Emergent_autonomy_awareness_135ecc,0.8855436875493936,100172.78,100511.78,True,False
Emergent_attention_bounded_c919d0,Emergent_abstraction_autonomy_d2ad9b,0.885543455619582,100172.78,100530.38,True,False
Emergent_attention_bounded_c919d0,Emergent_autonomy_collective_4a8f61,0.8855429811944446,100172.78,100545.66,True,False
Emergent_attention_bounded_c919d0,Emergent_autonomy_collective_b1eda1,0.8855363425514564,100172.78,100576.16,True,False
Emergent_attention_bounded_c919d0,Emergent_carefully_coherence_6d638a,0.8726145651784925,100172.78,100613.59,True,False
Emergent_attention_bounded_c919d0,Emergent_awareness_carefully_9c1d55,0.8855349484699249,100172.78,100613.93,True,False
Emergent_attention_bounded_c919d0,Emergent_autonomy_awareness_201a67,0.8788048767007846,100172.78,100650.06,True,False
Emergent_attention_bounded_c919d0,Emergent_attention_autonomy_af7c63,0.8817656684441599,100172.78,100650.4,True,False
Emergent_attention_bounded_c919d0,Emergent_bounded_coherence_3cb354,0.8855441448638173,100172.78,100668.37,True,False
Emergent_attention_bounded_c919d0,Emergent_bounded_coherence_7a6cb5,0.8855441448638173,100172.78,100668.71,True,False
Emergent_attention_bounded_c919d0,Emergent_abstraction_autonomy_c124af,0.8712872385942474,100172.78,100688.11,True,False
Emergent_attention_bounded_c919d0,Emergent_appears_asymmetry_2723fa,0.8854235654601441,100172.78,100747.22,True,False
Emergent_attention_bounded_c919d0,Emergent_abstraction_identity_7c6ba9,0.8855087542679743,100172.78,100802.48,True,False
Emergent_attention_bounded_c919d0,Emergent_connection_dependency_089968,0.8713696563063826,100172.78,100842.09,True,False
Emergent_attention_bounded_c919d0,Emergent_connection_contradiction_52dd1b,0.8810758173845283,100172.78,100862.51,True,False
Emergent_attention_bounded_c919d0,Emergent_constraint_emergence_180017,0.8825214080025849,100172.78,100960.44,True,False
Emergent_attention_bounded_c919d0,Emergent_bounded_connection_422d1b,0.8719951052284596,100172.78,101042.21,True,False
Emergent_attention_bounded_c919d0,Emergent_bounded_coherence_050662,0.8810469664804996,100172.78,101062.48,True,False
Emergent_attention_bounded_c919d0,Emergent_autonomy_awareness_5ea6d1,0.888697845638033,100172.78,101105.26,True,False
Emergent_attention_bounded_c919d0,Emergent_belief_revision_bounded_6b3318,0.8682495437184348,100172.78,101126.38,True,False
Emergent_attention_bounded_c919d0,Emergent_abstraction_carefully_799fc4,0.8018437513170933,100172.78,101169.11,True,False
Emergent_attention_bounded_c919d0,Emergent_bounded_coherence_a2e9f5,0.8335627454615775,100172.78,101253.08,True,False
Emergent_attention_bounded_c919d0,Emergent_carefully_coherence_d9db0f,0.923,100172.78,101273.58,True,False
Emergent_attention_bounded_c919d0,Emergent_bounded_emergence_e5f5db,0.9,100172.78,101354.59,True,False
Emergent_attention_bounded_c919d0,Emergent_abstraction_bounded_63ed2d,0.9,100172.78,101354.93,True,False
Emergent_awareness_bounded_b84b06,Emergent_attention_constraint_617795,0.8909388562138458,100184.78,100198.3,True,False
Emergent_awareness_bounded_b84b06,Emergent_appears_asymmetry_ecd8f7,0.8844179890365569,100184.78,100211.71,True,False
Emergent_awareness_bounded_b84b06,Emergent_appears_asymmetry_8dba4c,0.8891551993119675,100184.78,100226.42,True,False
Emergent_awareness_bounded_b84b06,Emergent_attention_ethical_0020f6,0.8941735466885694,100184.78,100237.53,True,False
Emergent_awareness_bounded_b84b06,Emergent_ethical_identity_5da0bb,0.8953279703666608,100184.78,100237.87,True,False
Emergent_awareness_bounded_b84b06,Emergent_awareness_bounded_7edeab,0.8953279687207698,100184.78,100250.42,True,False
Emergent_awareness_bounded_b84b06,Emergent_attention_bounded_52b815,0.8773418319265334,100184.78,100250.76,True,False
Emergent_awareness_bounded_b84b06,Emergent_awareness_bounded_e897ba,0.8877776981130325,100184.78,100263.62,True,False
Emergent_awareness_bounded_b84b06,Emergent_abstraction_appears_ce8722,0.8923652533773325,100184.78,100279.32,True,False
Emergent_awareness_bounded_b84b06,Emergent_appears_asymmetry_9e9e75,0.8761166261364735,100184.78,100293.74,True,False
Emergent_awareness_bounded_b84b06,Emergent_autonomy_carefully_dedeae,0.8901646141516544,100184.78,100307.54,True,False
Emergent_awareness_bounded_b84b06,Emergent_ego_dissolution_emergence_from_interaction_c764c5,0.8783118932642204,100184.78,100319.63,True,False
Emergent_awareness_bounded_b84b06,Emergent_equilibrium_hierarchy_d26d6a,0.8733977213662385,100184.78,100319.97,True,False
Emergent_awareness_bounded_b84b06,Emergent_bounded_carefully_f79645,0.8728633178628458,100184.78,100335.02,True,False
Emergent_awareness_bounded_b84b06,Emergent_bounded_ego_dissolution_425a2e,0.8833013492097963,100184.78,100351.16,True,False
Emergent_awareness_bounded_b84b06,Emergent_bounded_equilibrium_28cfff,0.8748663306229731,100184.78,100351.5,True,False
Emergent_awareness_bounded_b84b06,Emergent_abstraction_ego_dissolution_71f91a,0.883681810044223,100184.78,100364.16,True,False
Emergent_awareness_bounded_b84b06,Emergent_abstraction_autonomy_37c4a5,0.87316641687696,100184.78,100409.14,True,False
Emergent_awareness_bounded_b84b06,Emergent_abstraction_awareness_cd1340,0.8801672226640722,100184.78,100424.68,True,False
Emergent_awareness_bounded_b84b06,Emergent_abstraction_carefully_a0ed61,0.880552896178129,100184.78,100442.45,True,False
Emergent_awareness_bounded_b84b06,Emergent_carefully_coherence_19463a,0.8787236879462217,100184.78,100442.79,True,False
Emergent_awareness_bounded_b84b06,Emergent_attention_autonomy_3ef5e3,0.8912048810438846,100184.78,100460.44,True,False
Emergent_awareness_bounded_b84b06,Emergent_abstraction_autonomy_a1d776,0.8953279648185588,100184.78,100460.78,True,False
Emergent_awareness_bounded_b84b06,Emergent_abstraction_awareness_5f6519,0.8804719672759465,100184.78,100475.06,True,False
Emergent_awareness_bounded_b84b06,Emergent_equilibrium_identity_eb8211,0.8886634533680116,100184.78,100475.4,True,False
Emergent_awareness_bounded_b84b06,Emergent_autonomy_bounded_72bafc,0.8935006557114542,100184.78,100493.65,True,False
Emergent_awareness_bounded_b84b06,Emergent_autonomy_awareness_135ecc,0.8874805078221542,100184.78,100511.78,True,False
Emergent_awareness_bounded_b84b06,Emergent_abstraction_autonomy_d2ad9b,0.8919122024673101,100184.78,100530.38,True,False
Emergent_awareness_bounded_b84b06,Emergent_autonomy_collective_4a8f61,0.8940880282239176,100184.78,100545.66,True,False
Emergent_awareness_bounded_b84b06,Emergent_autonomy_collective_b1eda1,0.894571162370289,100184.78,100576.16,True,False
Emergent_awareness_bounded_b84b06,Emergent_carefully_coherence_6d638a,0.8726145651784925,100184.78,100613.59,True,False
Emergent_awareness_bounded_b84b06,Emergent_awareness_carefully_9c1d55,0.8905522825604162,100184.78,100613.93,True,False
Emergent_awareness_bounded_b84b06,Emergent_autonomy_awareness_201a67,0.8788048767007846,100184.78,100650.06,True,False
Emergent_awareness_bounded_b84b06,Emergent_attention_autonomy_af7c63,0.8817656684441599,100184.78,100650.4,True,False
Emergent_awareness_bounded_b84b06,Emergent_bounded_coherence_3cb354,0.8953282004287708,100184.78,100668.37,True,False
Emergent_awareness_bounded_b84b06,Emergent_bounded_coherence_7a6cb5,0.8857660521960942,100184.78,100668.71,True,False
Emergent_awareness_bounded_b84b06,Emergent_abstraction_autonomy_c124af,0.8712872385942474,100184.78,100688.11,True,False
Emergent_awareness_bounded_b84b06,Emergent_appears_asymmetry_2723fa,0.8914171049332276,100184.78,100747.22,True,False
Emergent_awareness_bounded_b84b06,Emergent_abstraction_identity_7c6ba9,0.8895901665388846,100184.78,100802.48,True,False
Emergent_awareness_bounded_b84b06,Emergent_connection_dependency_089968,0.8713696563063826,100184.78,100842.09,True,False
Emergent_awareness_bounded_b84b06,Emergent_connection_contradiction_52dd1b,0.8810758173845283,100184.78,100862.51,True,False
Emergent_awareness_bounded_b84b06,Emergent_constraint_emergence_180017,0.8825214080025849,100184.78,100960.44,True,False
Emergent_awareness_bounded_b84b06,Emergent_bounded_connection_422d1b,0.8719951052284596,100184.78,101042.21,True,False
Emergent_awareness_bounded_b84b06,Emergent_bounded_coherence_050662,0.8810469664804996,100184.78,101062.48,True,False
Emergent_awareness_bounded_b84b06,Emergent_autonomy_awareness_5ea6d1,0.8975099322811089,100184.78,101105.26,True,False
Emergent_awareness_bounded_b84b06,Emergent_belief_revision_bounded_6b3318,0.8759630038876522,100184.78,101126.38,True,False
Emergent_awareness_bounded_b84b06,Emergent_abstraction_carefully_799fc4,0.8018437513170933,100184.78,101169.11,True,False
Emergent_awareness_bounded_b84b06,Emergent_bounded_coherence_a2e9f5,0.8335627454615775,100184.78,101253.08,True,False
Emergent_awareness_bounded_b84b06,Emergent_carefully_coherence_d9db0f,0.923,100184.78,101273.58,True,False
Emergent_awareness_bounded_b84b06,Emergent_bounded_emergence_e5f5db,0.9,100184.78,101354.59,True,False
Emergent_awareness_bounded_b84b06,Emergent_abstraction_bounded_63ed2d,0.9,100184.78,101354.93,True,False
Emergent_attention_constraint_617795,Emergent_appears_asymmetry_ecd8f7,0.8844179890365569,100198.3,100211.71,True,False
Emergent_attention_constraint_617795,Emergent_appears_asymmetry_8dba4c,0.8891551993119675,100198.3,100226.42,True,False
Emergent_attention_constraint_617795,Emergent_attention_ethical_0020f6,0.8909388548225559,100198.3,100237.53,True,False
Emergent_attention_constraint_617795,Emergent_ethical_identity_5da0bb,0.8909388548225559,100198.3,100237.87,True,False
Emergent_attention_constraint_617795,Emergent_awareness_bounded_7edeab,0.8909388531782374,100198.3,100250.42,True,False
Emergent_attention_constraint_617795,Emergent_attention_bounded_52b815,0.8773418319265334,100198.3,100250.76,True,False
Emergent_attention_constraint_617795,Emergent_awareness_bounded_e897ba,0.8877776981130325,100198.3,100263.62,True,False
Emergent_attention_constraint_617795,Emergent_abstraction_appears_ce8722,0.8909388206698416,100198.3,100279.32,True,False
Emergent_attention_constraint_617795,Emergent_appears_asymmetry_9e9e75,0.8761166261364735,100198.3,100293.74,True,False
Emergent_attention_constraint_617795,Emergent_autonomy_carefully_dedeae,0.8901646141516544,100198.3,100307.54,True,False
Emergent_attention_constraint_617795,Emergent_ego_dissolution_emergence_from_interaction_c764c5,0.8783118932642204,100198.3,100319.63,True,False
Emergent_attention_constraint_617795,Emergent_equilibrium_hierarchy_d26d6a,0.8733977213662385,100198.3,100319.97,True,False
Emergent_attention_constraint_617795,Emergent_bounded_carefully_f79645,0.8728633178628458,100198.3,100335.02,True,False
Emergent_attention_constraint_617795,Emergent_bounded_ego_dissolution_425a2e,0.8833013492097963,100198.3,100351.16,True,False
Emergent_attention_constraint_617795,Emergent_bounded_equilibrium_28cfff,0.8748663306229731,100198.3,100351.5,True,False
Emergent_attention_constraint_617795,Emergent_abstraction_ego_dissolution_71f91a,0.883681810044223,100198.3,100364.16,True,False
Emergent_attention_constraint_617795,Emergent_abstraction_autonomy_37c4a5,0.87316641687696,100198.3,100409.14,True,False
Emergent_attention_constraint_617795,Emergent_abstraction_awareness_cd1340,0.8801672226640722,100198.3,100424.68,True,False
Emergent_attention_constraint_617795,Emergent_abstraction_carefully_a0ed61,0.880552896178129,100198.3,100442.45,True,False
Emergent_attention_constraint_617795,Emergent_carefully_coherence_19463a,0.8787236879462217,100198.3,100442.79,True,False
Emergent_attention_constraint_617795,Emergent_attention_autonomy_3ef5e3,0.8909388634735416,100198.3,100460.44,True,False
Emergent_attention_constraint_617795,Emergent_abstraction_autonomy_a1d776,0.8909388634735416,100198.3,100460.78,True,False
Emergent_attention_constraint_617795,Emergent_abstraction_awareness_5f6519,0.8804719672759465,100198.3,100475.06,True,False
Emergent_attention_constraint_617795,Emergent_equilibrium_identity_eb8211,0.8886634533680116,100198.3,100475.4,True,False
Emergent_attention_constraint_617795,Emergent_autonomy_bounded_72bafc,0.8909378749687566,100198.3,100493.65,True,False
Emergent_attention_constraint_617795,Emergent_autonomy_awareness_135ecc,0.8874805078221542,100198.3,100511.78,True,False
Emergent_attention_constraint_617795,Emergent_abstraction_autonomy_d2ad9b,0.8909388394141018,100198.3,100530.38,True,False
Emergent_attention_constraint_617795,Emergent_autonomy_collective_4a8f61,0.8909383625408775,100198.3,100545.66,True,False
Emergent_attention_constraint_617795,Emergent_autonomy_collective_b1eda1,0.8909318216749589,100198.3,100576.16,True,False
Emergent_attention_constraint_617795,Emergent_carefully_coherence_6d638a,0.8726145651784925,100198.3,100613.59,True,False
Emergent_attention_constraint_617795,Emergent_awareness_carefully_9c1d55,0.8905522825604162,100198.3,100613.93,True,False
Emergent_attention_constraint_617795,Emergent_autonomy_awareness_201a67,0.8788048767007846,100198.3,100650.06,True,False
Emergent_attention_constraint_617795,Emergent_attention_autonomy_af7c63,0.8817656684441599,100198.3,100650.4,True,False
Emergent_attention_constraint_617795,Emergent_bounded_coherence_3cb354,0.8909393084194794,100198.3,100668.37,True,False
Emergent_attention_constraint_617795,Emergent_bounded_coherence_7a6cb5,0.8857660521960942,100198.3,100668.71,True,False
Emergent_attention_constraint_617795,Emergent_abstraction_autonomy_c124af,0.8712872385942474,100198.3,100688.11,True,False
Emergent_attention_constraint_617795,Emergent_appears_asymmetry_2723fa,0.8908206268173311,100198.3,100747.22,True,False
Emergent_attention_constraint_617795,Emergent_abstraction_identity_7c6ba9,0.8895901665388846,100198.3,100802.48,True,False
Emergent_attention_constraint_617795,Emergent_connection_dependency_089968,0.8713696563063826,100198.3,100842.09,True,False
Emergent_attention_constraint_617795,Emergent_connection_contradiction_52dd1b,0.8810758173845283,100198.3,100862.51,True,False
Emergent_attention_constraint_617795,Emergent_constraint_emergence_180017,0.8825214080025849,100198.3,100960.44,True,False
Emergent_attention_constraint_617795,Emergent_bounded_connection_422d1b,0.8719951052284596,100198.3,101042.21,True,False
Emergent_attention_constraint_617795,Emergent_bounded_coherence_050662,0.8810469664804996,100198.3,101062.48,True,False
Emergent_attention_constraint_617795,Emergent_autonomy_awareness_5ea6d1,0.8939525324109463,100198.3,101105.26,True,False
Emergent_attention_constraint_617795,Emergent_belief_revision_bounded_6b3318,0.8743799628947588,100198.3,101126.38,True,False
Emergent_attention_constraint_617795,Emergent_abstraction_carefully_799fc4,0.8018437513170933,100198.3,101169.11,True,False
Emergent_attention_constraint_617795,Emergent_bounded_coherence_a2e9f5,0.8335627454615775,100198.3,101253.08,True,False
Emergent_attention_constraint_617795,Emergent_carefully_coherence_d9db0f,0.923,100198.3,101273.58,True,False
Emergent_attention_constraint_617795,Emergent_bounded_emergence_e5f5db,0.9,100198.3,101354.59,True,False
Emergent_attention_constraint_617795,Emergent_abstraction_bounded_63ed2d,0.9,100198.3,101354.93,True,False
Emergent_appears_asymmetry_ecd8f7,Emergent_appears_asymmetry_8dba4c,0.8844179877519389,100211.71,100226.42,True,False
Emergent_appears_asymmetry_ecd8f7,Emergent_attention_ethical_0020f6,0.8844179879354559,100211.71,100237.53,True,False
Emergent_appears_asymmetry_ecd8f7,Emergent_ethical_identity_5da0bb,0.8844179879354559,100211.71,100237.87,True,False
Emergent_appears_asymmetry_ecd8f7,Emergent_awareness_bounded_7edeab,0.8844179862934733,100211.71,100250.42,True,False
Emergent_appears_asymmetry_ecd8f7,Emergent_attention_bounded_52b815,0.8773418319265334,100211.71,100250.76,True,False
Emergent_appears_asymmetry_ecd8f7,Emergent_awareness_bounded_e897ba,0.8844179635176723,100211.71,100263.62,True,False
Emergent_appears_asymmetry_ecd8f7,Emergent_abstraction_appears_ce8722,0.8844179532675835,100211.71,100279.32,True,False
Emergent_appears_asymmetry_ecd8f7,Emergent_appears_asymmetry_9e9e75,0.8761166261364735,100211.71,100293.74,True,False
Emergent_appears_asymmetry_ecd8f7,Emergent_autonomy_carefully_dedeae,0.8844179769034273,100211.71,100307.54,True,False
Emergent_appears_asymmetry_ecd8f7,Emergent_ego_dissolution_emergence_from_interaction_c764c5,0.8783118932642204,100211.71,100319.63,True,False
Emergent_appears_asymmetry_ecd8f7,Emergent_equilibrium_hierarchy_d26d6a,0.8733977213662385,100211.71,100319.97,True,False
Emergent_appears_asymmetry_ecd8f7,Emergent_bounded_carefully_f79645,0.8728633178628458,100211.71,100335.02,True,False
Emergent_appears_asymmetry_ecd8f7,Emergent_bounded_ego_dissolution_425a2e,0.8833013492097963,100211.71,100351.16,True,False
Emergent_appears_asymmetry_ecd8f7,Emergent_bounded_equilibrium_28cfff,0.8748663306229731,100211.71,100351.5,True,False
Emergent_appears_asymmetry_ecd8f7,Emergent_abstraction_ego_dissolution_71f91a,0.883681810044223,100211.71,100364.16,True,False
Emergent_appears_asymmetry_ecd8f7,Emergent_abstraction_autonomy_37c4a5,0.87316641687696,100211.71,100409.14,True,False
Emergent_appears_asymmetry_ecd8f7,Emergent_abstraction_awareness_cd1340,0.8801672226640722,100211.71,100424.68,True,False
Emergent_appears_asymmetry_ecd8f7,Emergent_abstraction_carefully_a0ed61,0.880552896178129,100211.71,100442.45,True,False
Emergent_appears_asymmetry_ecd8f7,Emergent_carefully_coherence_19463a,0.8787236879462217,100211.71,100442.79,True,False
Emergent_appears_asymmetry_ecd8f7,Emergent_attention_autonomy_3ef5e3,0.8844180176818899,100211.71,100460.44,True,False
Emergent_appears_asymmetry_ecd8f7,Emergent_abstraction_autonomy_a1d776,0.8844180176818899,100211.71,100460.78,True,False
Emergent_appears_asymmetry_ecd8f7,Emergent_abstraction_awareness_5f6519,0.8804719672759465,100211.71,100475.06,True,False
Emergent_appears_asymmetry_ecd8f7,Emergent_equilibrium_identity_eb8211,0.8844174897203128,100211.71,100475.4,True,False
Emergent_appears_asymmetry_ecd8f7,Emergent_autonomy_bounded_72bafc,0.8844170064404793,100211.71,100493.65,True,False
Emergent_appears_asymmetry_ecd8f7,Emergent_autonomy_awareness_135ecc,0.8844182703821046,100211.71,100511.78,True,False
Emergent_appears_asymmetry_ecd8f7,Emergent_abstraction_autonomy_d2ad9b,0.884418038452293,100211.71,100530.38,True,False
Emergent_appears_asymmetry_ecd8f7,Emergent_autonomy_collective_4a8f61,0.8844175645377992,100211.71,100545.66,True,False
Emergent_appears_asymmetry_ecd8f7,Emergent_autonomy_collective_b1eda1,0.8844109054995997,100211.71,100576.16,True,False
Emergent_appears_asymmetry_ecd8f7,Emergent_carefully_coherence_6d638a,0.8726145651784925,100211.71,100613.59,True,False
Emergent_appears_asymmetry_ecd8f7,Emergent_awareness_carefully_9c1d55,0.88440948049589,100211.71,100613.93,True,False
Emergent_appears_asymmetry_ecd8f7,Emergent_autonomy_awareness_201a67,0.8788048767007846,100211.71,100650.06,True,False
Emergent_appears_asymmetry_ecd8f7,Emergent_attention_autonomy_af7c63,0.8817656684441599,100211.71,100650.4,True,False
Emergent_appears_asymmetry_ecd8f7,Emergent_bounded_coherence_3cb354,0.8844187736359088,100211.71,100668.37,True,False
Emergent_appears_asymmetry_ecd8f7,Emergent_bounded_coherence_7a6cb5,0.8844187736359088,100211.71,100668.71,True,False
Emergent_appears_asymmetry_ecd8f7,Emergent_abstraction_autonomy_c124af,0.8712872385942474,100211.71,100688.11,True,False
Emergent_appears_asymmetry_ecd8f7,Emergent_appears_asymmetry_2723fa,0.8842977983719049,100211.71,100747.22,True,False
Emergent_appears_asymmetry_ecd8f7,Emergent_abstraction_identity_7c6ba9,0.884383640326522,100211.71,100802.48,True,False
Emergent_appears_asymmetry_ecd8f7,Emergent_connection_dependency_089968,0.8713696563063826,100211.71,100842.09,True,False
Emergent_appears_asymmetry_ecd8f7,Emergent_connection_contradiction_52dd1b,0.8810758173845283,100211.71,100862.51,True,False
Emergent_appears_asymmetry_ecd8f7,Emergent_constraint_emergence_180017,0.8825214080025849,100211.71,100960.44,True,False
Emergent_appears_asymmetry_ecd8f7,Emergent_bounded_connection_422d1b,0.8719951052284596,100211.71,101042.21,True,False
Emergent_appears_asymmetry_ecd8f7,Emergent_bounded_coherence_050662,0.8810469664804996,100211.71,101062.48,True,False
Emergent_appears_asymmetry_ecd8f7,Emergent_autonomy_awareness_5ea6d1,0.8876017763076229,100211.71,101105.26,True,False
Emergent_appears_asymmetry_ecd8f7,Emergent_belief_revision_bounded_6b3318,0.8669708063298691,100211.71,101126.38,True,False
Emergent_appears_asymmetry_ecd8f7,Emergent_abstraction_carefully_799fc4,0.8018437513170933,100211.71,101169.11,True,False
Emergent_appears_asymmetry_ecd8f7,Emergent_bounded_coherence_a2e9f5,0.8335627454615775,100211.71,101253.08,True,False
Emergent_appears_asymmetry_ecd8f7,Emergent_carefully_coherence_d9db0f,0.923,100211.71,101273.58,True,False
Emergent_appears_asymmetry_ecd8f7,Emergent_bounded_emergence_e5f5db,0.9,100211.71,101354.59,True,False
Emergent_appears_asymmetry_ecd8f7,Emergent_abstraction_bounded_63ed2d,0.9,100211.71,101354.93,True,False
Emergent_appears_asymmetry_8dba4c,Emergent_attention_ethical_0020f6,0.8891551956416308,100226.42,100237.53,True,False
Emergent_appears_asymmetry_8dba4c,Emergent_ethical_identity_5da0bb,0.8891551956416308,100226.42,100237.87,True,False
Emergent_appears_asymmetry_8dba4c,Emergent_awareness_bounded_7edeab,0.8891551978518049,100226.42,100250.42,True,False
Emergent_appears_asymmetry_8dba4c,Emergent_attention_bounded_52b815,0.8773418319265334,100226.42,100250.76,True,False
Emergent_appears_asymmetry_8dba4c,Emergent_awareness_bounded_e897ba,0.8877776981130325,100226.42,100263.62,True,False
Emergent_appears_asymmetry_8dba4c,Emergent_abstraction_appears_ce8722,0.889155165201859,100226.42,100279.32,True,False
Emergent_appears_asymmetry_8dba4c,Emergent_appears_asymmetry_9e9e75,0.8761166261364735,100226.42,100293.74,True,False
Emergent_appears_asymmetry_8dba4c,Emergent_autonomy_carefully_dedeae,0.8891551905200401,100226.42,100307.54,True,False
Emergent_appears_asymmetry_8dba4c,Emergent_ego_dissolution_emergence_from_interaction_c764c5,0.8783118932642204,100226.42,100319.63,True,False
Emergent_appears_asymmetry_8dba4c,Emergent_equilibrium_hierarchy_d26d6a,0.8733977213662385,100226.42,100319.97,True,False
Emergent_appears_asymmetry_8dba4c,Emergent_bounded_carefully_f79645,0.8728633178628458,100226.42,100335.02,True,False
Emergent_appears_asymmetry_8dba4c,Emergent_bounded_ego_dissolution_425a2e,0.8833013492097963,100226.42,100351.16,True,False
Emergent_appears_asymmetry_8dba4c,Emergent_bounded_equilibrium_28cfff,0.8748663306229731,100226.42,100351.5,True,False
Emergent_appears_asymmetry_8dba4c,Emergent_abstraction_ego_dissolution_71f91a,0.883681810044223,100226.42,100364.16,True,False
Emergent_appears_asymmetry_8dba4c,Emergent_abstraction_autonomy_37c4a5,0.87316641687696,100226.42,100409.14,True,False
Emergent_appears_asymmetry_8dba4c,Emergent_abstraction_awareness_cd1340,0.8801672226640722,100226.42,100424.68,True,False
Emergent_appears_asymmetry_8dba4c,Emergent_abstraction_carefully_a0ed61,0.880552896178129,100226.42,100442.45,True,False
Emergent_appears_asymmetry_8dba4c,Emergent_carefully_coherence_19463a,0.8787236879462217,100226.42,100442.79,True,False
Emergent_appears_asymmetry_8dba4c,Emergent_attention_autonomy_3ef5e3,0.8891552139167167,100226.42,100460.44,True,False
Emergent_appears_asymmetry_8dba4c,Emergent_abstraction_autonomy_a1d776,0.8891552139167167,100226.42,100460.78,True,False
Emergent_appears_asymmetry_8dba4c,Emergent_abstraction_awareness_5f6519,0.8804719672759465,100226.42,100475.06,True,False
Emergent_appears_asymmetry_8dba4c,Emergent_equilibrium_identity_eb8211,0.8886634533680116,100226.42,100475.4,True,False
Emergent_appears_asymmetry_8dba4c,Emergent_autonomy_bounded_72bafc,0.8891542191927733,100226.42,100493.65,True,False
Emergent_appears_asymmetry_8dba4c,Emergent_autonomy_awareness_135ecc,0.8874805078221542,100226.42,100511.78,True,False
Emergent_appears_asymmetry_8dba4c,Emergent_abstraction_autonomy_d2ad9b,0.8891552021196016,100226.42,100530.38,True,False
Emergent_appears_asymmetry_8dba4c,Emergent_autonomy_collective_4a8f61,0.8891547260556802,100226.42,100545.66,True,False
Emergent_appears_asymmetry_8dba4c,Emergent_autonomy_collective_b1eda1,0.8891481528660501,100226.42,100576.16,True,False
Emergent_appears_asymmetry_8dba4c,Emergent_carefully_coherence_6d638a,0.8726145651784925,100226.42,100613.59,True,False
Emergent_appears_asymmetry_8dba4c,Emergent_awareness_carefully_9c1d55,0.8891468580215589,100226.42,100613.93,True,False
Emergent_appears_asymmetry_8dba4c,Emergent_autonomy_awareness_201a67,0.8788048767007846,100226.42,100650.06,True,False
Emergent_appears_asymmetry_8dba4c,Emergent_attention_autonomy_af7c63,0.8817656684441599,100226.42,100650.4,True,False
Emergent_appears_asymmetry_8dba4c,Emergent_bounded_coherence_3cb354,0.8891557439328193,100226.42,100668.37,True,False
Emergent_appears_asymmetry_8dba4c,Emergent_bounded_coherence_7a6cb5,0.8857660521960942,100226.42,100668.71,True,False
Emergent_appears_asymmetry_8dba4c,Emergent_abstraction_autonomy_c124af,0.8712872385942474,100226.42,100688.11,True,False
Emergent_appears_asymmetry_8dba4c,Emergent_appears_asymmetry_2723fa,0.8890364349444264,100226.42,100747.22,True,False
Emergent_appears_asymmetry_8dba4c,Emergent_abstraction_identity_7c6ba9,0.889119527640085,100226.42,100802.48,True,False
Emergent_appears_asymmetry_8dba4c,Emergent_connection_dependency_089968,0.8713696563063826,100226.42,100842.09,True,False
Emergent_appears_asymmetry_8dba4c,Emergent_connection_contradiction_52dd1b,0.8810758173845283,100226.42,100862.51,True,False
Emergent_appears_asymmetry_8dba4c,Emergent_constraint_emergence_180017,0.8825214080025849,100226.42,100960.44,True,False
Emergent_appears_asymmetry_8dba4c,Emergent_bounded_connection_422d1b,0.8719951052284596,100226.42,101042.21,True,False
Emergent_appears_asymmetry_8dba4c,Emergent_bounded_coherence_050662,0.8810469664804996,100226.42,101062.48,True,False
Emergent_appears_asymmetry_8dba4c,Emergent_autonomy_awareness_5ea6d1,0.8922154075545821,100226.42,101105.26,True,False
Emergent_appears_asymmetry_8dba4c,Emergent_belief_revision_bounded_6b3318,0.8723533333369287,100226.42,101126.38,True,False
Emergent_appears_asymmetry_8dba4c,Emergent_abstraction_carefully_799fc4,0.8018437513170933,100226.42,101169.11,True,False
Emergent_appears_asymmetry_8dba4c,Emergent_bounded_coherence_a2e9f5,0.8335627454615775,100226.42,101253.08,True,False
Emergent_appears_asymmetry_8dba4c,Emergent_carefully_coherence_d9db0f,0.923,100226.42,101273.58,True,False
Emergent_appears_asymmetry_8dba4c,Emergent_bounded_emergence_e5f5db,0.9,100226.42,101354.59,True,False
Emergent_appears_asymmetry_8dba4c,Emergent_abstraction_bounded_63ed2d,0.9,100226.42,101354.93,True,False
Emergent_attention_ethical_0020f6,Emergent_ethical_identity_5da0bb,0.8941735430182327,100237.53,100237.87,True,False
Emergent_attention_ethical_0020f6,Emergent_awareness_bounded_7edeab,0.8941735450430919,100237.53,100250.42,True,False
Emergent_attention_ethical_0020f6,Emergent_attention_bounded_52b815,0.8773418319265334,100237.53,100250.76,True,False
Emergent_attention_ethical_0020f6,Emergent_awareness_bounded_e897ba,0.8877776981130325,100237.53,100263.62,True,False
Emergent_attention_ethical_0020f6,Emergent_abstraction_appears_ce8722,0.8923652533773325,100237.53,100279.32,True,False
Emergent_attention_ethical_0020f6,Emergent_appears_asymmetry_9e9e75,0.8761166261364735,100237.53,100293.74,True,False
Emergent_attention_ethical_0020f6,Emergent_autonomy_carefully_dedeae,0.8901646141516544,100237.53,100307.54,True,False
Emergent_attention_ethical_0020f6,Emergent_ego_dissolution_emergence_from_interaction_c764c5,0.8783118932642204,100237.53,100319.63,True,False
Emergent_attention_ethical_0020f6,Emergent_equilibrium_hierarchy_d26d6a,0.8733977213662385,100237.53,100319.97,True,False
Emergent_attention_ethical_0020f6,Emergent_bounded_carefully_f79645,0.8728633178628458,100237.53,100335.02,True,False
Emergent_attention_ethical_0020f6,Emergent_bounded_ego_dissolution_425a2e,0.8833013492097963,100237.53,100351.16,True,False
Emergent_attention_ethical_0020f6,Emergent_bounded_equilibrium_28cfff,0.8748663306229731,100237.53,100351.5,True,False
Emergent_attention_ethical_0020f6,Emergent_abstraction_ego_dissolution_71f91a,0.883681810044223,100237.53,100364.16,True,False
Emergent_attention_ethical_0020f6,Emergent_abstraction_autonomy_37c4a5,0.87316641687696,100237.53,100409.14,True,False
Emergent_attention_ethical_0020f6,Emergent_abstraction_awareness_cd1340,0.8801672226640722,100237.53,100424.68,True,False
Emergent_attention_ethical_0020f6,Emergent_abstraction_carefully_a0ed61,0.880552896178129,100237.53,100442.45,True,False
Emergent_attention_ethical_0020f6,Emergent_carefully_coherence_19463a,0.8787236879462217,100237.53,100442.79,True,False
Emergent_attention_ethical_0020f6,Emergent_attention_autonomy_3ef5e3,0.8912048810438846,100237.53,100460.44,True,False
Emergent_attention_ethical_0020f6,Emergent_abstraction_autonomy_a1d776,0.8941735448751065,100237.53,100460.78,True,False
Emergent_attention_ethical_0020f6,Emergent_abstraction_awareness_5f6519,0.8804719672759465,100237.53,100475.06,True,False
Emergent_attention_ethical_0020f6,Emergent_equilibrium_identity_eb8211,0.8886634533680116,100237.53,100475.4,True,False
Emergent_attention_ethical_0020f6,Emergent_autonomy_bounded_72bafc,0.8935006557114542,100237.53,100493.65,True,False
Emergent_attention_ethical_0020f6,Emergent_autonomy_awareness_135ecc,0.8874805078221542,100237.53,100511.78,True,False
Emergent_attention_ethical_0020f6,Emergent_abstraction_autonomy_d2ad9b,0.8919122024673101,100237.53,100530.38,True,False
Emergent_attention_ethical_0020f6,Emergent_autonomy_collective_4a8f61,0.8940880282239176,100237.53,100545.66,True,False
Emergent_attention_ethical_0020f6,Emergent_autonomy_collective_b1eda1,0.8941665379905328,100237.53,100576.16,True,False
Emergent_attention_ethical_0020f6,Emergent_carefully_coherence_6d638a,0.8726145651784925,100237.53,100613.59,True,False
Emergent_attention_ethical_0020f6,Emergent_awareness_carefully_9c1d55,0.8905522825604162,100237.53,100613.93,True,False
Emergent_attention_ethical_0020f6,Emergent_autonomy_awareness_201a67,0.8788048767007846,100237.53,100650.06,True,False
Emergent_attention_ethical_0020f6,Emergent_attention_autonomy_af7c63,0.8817656684441599,100237.53,100650.4,True,False
Emergent_attention_ethical_0020f6,Emergent_bounded_coherence_3cb354,0.8941738355447302,100237.53,100668.37,True,False
Emergent_attention_ethical_0020f6,Emergent_bounded_coherence_7a6cb5,0.8857660521960942,100237.53,100668.71,True,False
Emergent_attention_ethical_0020f6,Emergent_abstraction_autonomy_c124af,0.8712872385942474,100237.53,100688.11,True,False
Emergent_attention_ethical_0020f6,Emergent_appears_asymmetry_2723fa,0.8914171049332276,100237.53,100747.22,True,False
Emergent_attention_ethical_0020f6,Emergent_abstraction_identity_7c6ba9,0.8895901665388846,100237.53,100802.48,True,False
Emergent_attention_ethical_0020f6,Emergent_connection_dependency_089968,0.8713696563063826,100237.53,100842.09,True,False
Emergent_attention_ethical_0020f6,Emergent_connection_contradiction_52dd1b,0.8810758173845283,100237.53,100862.51,True,False
Emergent_attention_ethical_0020f6,Emergent_constraint_emergence_180017,0.8825214080025849,100237.53,100960.44,True,False
Emergent_attention_ethical_0020f6,Emergent_bounded_connection_422d1b,0.8719951052284596,100237.53,101042.21,True,False
Emergent_attention_ethical_0020f6,Emergent_bounded_coherence_050662,0.8810469664804996,100237.53,101062.48,True,False
Emergent_attention_ethical_0020f6,Emergent_autonomy_awareness_5ea6d1,0.8971028404092731,100237.53,101105.26,True,False
Emergent_attention_ethical_0020f6,Emergent_belief_revision_bounded_6b3318,0.8759630038876522,100237.53,101126.38,True,False
Emergent_attention_ethical_0020f6,Emergent_abstraction_carefully_799fc4,0.8018437513170933,100237.53,101169.11,True,False
Emergent_attention_ethical_0020f6,Emergent_bounded_coherence_a2e9f5,0.8335627454615775,100237.53,101253.08,True,False
Emergent_attention_ethical_0020f6,Emergent_carefully_coherence_d9db0f,0.923,100237.53,101273.58,True,False
Emergent_attention_ethical_0020f6,Emergent_bounded_emergence_e5f5db,0.9,100237.53,101354.59,True,False
Emergent_attention_ethical_0020f6,Emergent_abstraction_bounded_63ed2d,0.9,100237.53,101354.93,True,False
Emergent_ethical_identity_5da0bb,Emergent_awareness_bounded_7edeab,0.8964986194731763,100237.87,100250.42,True,False
Emergent_ethical_identity_5da0bb,Emergent_attention_bounded_52b815,0.8773418319265334,100237.87,100250.76,True,False
Emergent_ethical_identity_5da0bb,Emergent_awareness_bounded_e897ba,0.8877776981130325,100237.87,100263.62,True,False
Emergent_ethical_identity_5da0bb,Emergent_abstraction_appears_ce8722,0.8923652533773325,100237.87,100279.32,True,False
Emergent_ethical_identity_5da0bb,Emergent_appears_asymmetry_9e9e75,0.8761166261364735,100237.87,100293.74,True,False
Emergent_ethical_identity_5da0bb,Emergent_autonomy_carefully_dedeae,0.8901646141516544,100237.87,100307.54,True,False
Emergent_ethical_identity_5da0bb,Emergent_ego_dissolution_emergence_from_interaction_c764c5,0.8783118932642204,100237.87,100319.63,True,False
Emergent_ethical_identity_5da0bb,Emergent_equilibrium_hierarchy_d26d6a,0.8733977213662385,100237.87,100319.97,True,False
Emergent_ethical_identity_5da0bb,Emergent_bounded_carefully_f79645,0.8728633178628458,100237.87,100335.02,True,False
Emergent_ethical_identity_5da0bb,Emergent_bounded_ego_dissolution_425a2e,0.8833013492097963,100237.87,100351.16,True,False
Emergent_ethical_identity_5da0bb,Emergent_bounded_equilibrium_28cfff,0.8748663306229731,100237.87,100351.5,True,False
Emergent_ethical_identity_5da0bb,Emergent_abstraction_ego_dissolution_71f91a,0.883681810044223,100237.87,100364.16,True,False
Emergent_ethical_identity_5da0bb,Emergent_abstraction_autonomy_37c4a5,0.87316641687696,100237.87,100409.14,True,False
Emergent_ethical_identity_5da0bb,Emergent_abstraction_awareness_cd1340,0.8801672226640722,100237.87,100424.68,True,False
Emergent_ethical_identity_5da0bb,Emergent_abstraction_carefully_a0ed61,0.880552896178129,100237.87,100442.45,True,False
Emergent_ethical_identity_5da0bb,Emergent_carefully_coherence_19463a,0.8787236879462217,100237.87,100442.79,True,False
Emergent_ethical_identity_5da0bb,Emergent_attention_autonomy_3ef5e3,0.8912048810438846,100237.87,100460.44,True,False
Emergent_ethical_identity_5da0bb,Emergent_abstraction_autonomy_a1d776,0.8960509020982732,100237.87,100460.78,True,False
Emergent_ethical_identity_5da0bb,Emergent_abstraction_awareness_5f6519,0.8804719672759465,100237.87,100475.06,True,False
Emergent_ethical_identity_5da0bb,Emergent_equilibrium_identity_eb8211,0.8886634533680116,100237.87,100475.4,True,False
Emergent_ethical_identity_5da0bb,Emergent_autonomy_bounded_72bafc,0.8935006557114542,100237.87,100493.65,True,False
Emergent_ethical_identity_5da0bb,Emergent_autonomy_awareness_135ecc,0.8874805078221542,100237.87,100511.78,True,False
Emergent_ethical_identity_5da0bb,Emergent_abstraction_autonomy_d2ad9b,0.8919122024673101,100237.87,100530.38,True,False
Emergent_ethical_identity_5da0bb,Emergent_autonomy_collective_4a8f61,0.8940880282239176,100237.87,100545.66,True,False
Emergent_ethical_identity_5da0bb,Emergent_autonomy_collective_b1eda1,0.894571162370289,100237.87,100576.16,True,False
Emergent_ethical_identity_5da0bb,Emergent_carefully_coherence_6d638a,0.8726145651784925,100237.87,100613.59,True,False
Emergent_ethical_identity_5da0bb,Emergent_awareness_carefully_9c1d55,0.8905522825604162,100237.87,100613.93,True,False
Emergent_ethical_identity_5da0bb,Emergent_autonomy_awareness_201a67,0.8788048767007846,100237.87,100650.06,True,False
Emergent_ethical_identity_5da0bb,Emergent_attention_autonomy_af7c63,0.8817656684441599,100237.87,100650.4,True,False
Emergent_ethical_identity_5da0bb,Emergent_bounded_coherence_3cb354,0.8978860416702887,100237.87,100668.37,True,False
Emergent_ethical_identity_5da0bb,Emergent_bounded_coherence_7a6cb5,0.8857660521960942,100237.87,100668.71,True,False
Emergent_ethical_identity_5da0bb,Emergent_abstraction_autonomy_c124af,0.8712872385942474,100237.87,100688.11,True,False
Emergent_ethical_identity_5da0bb,Emergent_appears_asymmetry_2723fa,0.8914171049332276,100237.87,100747.22,True,False
Emergent_ethical_identity_5da0bb,Emergent_abstraction_identity_7c6ba9,0.8895901665388846,100237.87,100802.48,True,False
Emergent_ethical_identity_5da0bb,Emergent_connection_dependency_089968,0.8713696563063826,100237.87,100842.09,True,False
Emergent_ethical_identity_5da0bb,Emergent_connection_contradiction_52dd1b,0.8810758173845283,100237.87,100862.51,True,False
Emergent_ethical_identity_5da0bb,Emergent_constraint_emergence_180017,0.8825214080025849,100237.87,100960.44,True,False
Emergent_ethical_identity_5da0bb,Emergent_bounded_connection_422d1b,0.8719951052284596,100237.87,101042.21,True,False
Emergent_ethical_identity_5da0bb,Emergent_bounded_coherence_050662,0.8810469664804996,100237.87,101062.48,True,False
Emergent_ethical_identity_5da0bb,Emergent_autonomy_awareness_5ea6d1,0.8975099322811089,100237.87,101105.26,True,False
Emergent_ethical_identity_5da0bb,Emergent_belief_revision_bounded_6b3318,0.8759630038876522,100237.87,101126.38,True,False
Emergent_ethical_identity_5da0bb,Emergent_abstraction_carefully_799fc4,0.8018437513170933,100237.87,101169.11,True,False
Emergent_ethical_identity_5da0bb,Emergent_bounded_coherence_a2e9f5,0.8335627454615775,100237.87,101253.08,True,False
Emergent_ethical_identity_5da0bb,Emergent_carefully_coherence_d9db0f,0.923,100237.87,101273.58,True,False
Emergent_ethical_identity_5da0bb,Emergent_bounded_emergence_e5f5db,0.9,100237.87,101354.59,True,False
Emergent_ethical_identity_5da0bb,Emergent_abstraction_bounded_63ed2d,0.9,100237.87,101354.93,True,False
Emergent_awareness_bounded_7edeab,Emergent_attention_bounded_52b815,0.8773418266167488,100250.42,100250.76,True,False
Emergent_awareness_bounded_7edeab,Emergent_awareness_bounded_e897ba,0.8877776978790837,100250.42,100263.62,True,False
Emergent_awareness_bounded_7edeab,Emergent_abstraction_appears_ce8722,0.8923652533773325,100250.42,100279.32,True,False
Emergent_awareness_bounded_7edeab,Emergent_appears_asymmetry_9e9e75,0.8761166261364735,100250.42,100293.74,True,False
Emergent_awareness_bounded_7edeab,Emergent_autonomy_carefully_dedeae,0.8901646141516544,100250.42,100307.54,True,False
Emergent_awareness_bounded_7edeab,Emergent_ego_dissolution_emergence_from_interaction_c764c5,0.8783118932642204,100250.42,100319.63,True,False
Emergent_awareness_bounded_7edeab,Emergent_equilibrium_hierarchy_d26d6a,0.8733977213662385,100250.42,100319.97,True,False
Emergent_awareness_bounded_7edeab,Emergent_bounded_carefully_f79645,0.8728633178628458,100250.42,100335.02,True,False
Emergent_awareness_bounded_7edeab,Emergent_bounded_ego_dissolution_425a2e,0.8833013492097963,100250.42,100351.16,True,False
Emergent_awareness_bounded_7edeab,Emergent_bounded_equilibrium_28cfff,0.8748663306229731,100250.42,100351.5,True,False
Emergent_awareness_bounded_7edeab,Emergent_abstraction_ego_dissolution_71f91a,0.883681810044223,100250.42,100364.16,True,False
Emergent_awareness_bounded_7edeab,Emergent_abstraction_autonomy_37c4a5,0.87316641687696,100250.42,100409.14,True,False
Emergent_awareness_bounded_7edeab,Emergent_abstraction_awareness_cd1340,0.8801672226640722,100250.42,100424.68,True,False
Emergent_awareness_bounded_7edeab,Emergent_abstraction_carefully_a0ed61,0.880552896178129,100250.42,100442.45,True,False
Emergent_awareness_bounded_7edeab,Emergent_carefully_coherence_19463a,0.8787236879462217,100250.42,100442.79,True,False
Emergent_awareness_bounded_7edeab,Emergent_attention_autonomy_3ef5e3,0.8912048810438846,100250.42,100460.44,True,False
Emergent_awareness_bounded_7edeab,Emergent_abstraction_autonomy_a1d776,0.8960509020982732,100250.42,100460.78,True,False
Emergent_awareness_bounded_7edeab,Emergent_abstraction_awareness_5f6519,0.8804719672759465,100250.42,100475.06,True,False
Emergent_awareness_bounded_7edeab,Emergent_equilibrium_identity_eb8211,0.8886634533680116,100250.42,100475.4,True,False
Emergent_awareness_bounded_7edeab,Emergent_autonomy_bounded_72bafc,0.8935006557114542,100250.42,100493.65,True,False
Emergent_awareness_bounded_7edeab,Emergent_autonomy_awareness_135ecc,0.8874805078221542,100250.42,100511.78,True,False
Emergent_awareness_bounded_7edeab,Emergent_abstraction_autonomy_d2ad9b,0.8919122024673101,100250.42,100530.38,True,False
Emergent_awareness_bounded_7edeab,Emergent_autonomy_collective_4a8f61,0.8940880282239176,100250.42,100545.66,True,False
Emergent_awareness_bounded_7edeab,Emergent_autonomy_collective_b1eda1,0.894571162370289,100250.42,100576.16,True,False
Emergent_awareness_bounded_7edeab,Emergent_carefully_coherence_6d638a,0.8726145651784925,100250.42,100613.59,True,False
Emergent_awareness_bounded_7edeab,Emergent_awareness_carefully_9c1d55,0.8905522825604162,100250.42,100613.93,True,False
Emergent_awareness_bounded_7edeab,Emergent_autonomy_awareness_201a67,0.8788048767007846,100250.42,100650.06,True,False
Emergent_awareness_bounded_7edeab,Emergent_attention_autonomy_af7c63,0.8817656684441599,100250.42,100650.4,True,False
Emergent_awareness_bounded_7edeab,Emergent_bounded_coherence_3cb354,0.8964987915611118,100250.42,100668.37,True,False
Emergent_awareness_bounded_7edeab,Emergent_bounded_coherence_7a6cb5,0.8857660521960942,100250.42,100668.71,True,False
Emergent_awareness_bounded_7edeab,Emergent_abstraction_autonomy_c124af,0.8712872385942474,100250.42,100688.11,True,False
Emergent_awareness_bounded_7edeab,Emergent_appears_asymmetry_2723fa,0.8914171049332276,100250.42,100747.22,True,False
Emergent_awareness_bounded_7edeab,Emergent_abstraction_identity_7c6ba9,0.8895901665388846,100250.42,100802.48,True,False
Emergent_awareness_bounded_7edeab,Emergent_connection_dependency_089968,0.8713696563063826,100250.42,100842.09,True,False
Emergent_awareness_bounded_7edeab,Emergent_connection_contradiction_52dd1b,0.8810758173845283,100250.42,100862.51,True,False
Emergent_awareness_bounded_7edeab,Emergent_constraint_emergence_180017,0.8825214080025849,100250.42,100960.44,True,False
Emergent_awareness_bounded_7edeab,Emergent_bounded_connection_422d1b,0.8719951052284596,100250.42,101042.21,True,False
Emergent_awareness_bounded_7edeab,Emergent_bounded_coherence_050662,0.8810469664804996,100250.42,101062.48,True,False
Emergent_awareness_bounded_7edeab,Emergent_autonomy_awareness_5ea6d1,0.8975099322811089,100250.42,101105.26,True,False
Emergent_awareness_bounded_7edeab,Emergent_belief_revision_bounded_6b3318,0.8759630038876522,100250.42,101126.38,True,False
Emergent_awareness_bounded_7edeab,Emergent_abstraction_carefully_799fc4,0.8018437513170933,100250.42,101169.11,True,False
Emergent_awareness_bounded_7edeab,Emergent_bounded_coherence_a2e9f5,0.8335627454615775,100250.42,101253.08,True,False
Emergent_awareness_bounded_7edeab,Emergent_carefully_coherence_d9db0f,0.923,100250.42,101273.58,True,False
Emergent_awareness_bounded_7edeab,Emergent_bounded_emergence_e5f5db,0.9,100250.42,101354.59,True,False
Emergent_awareness_bounded_7edeab,Emergent_abstraction_bounded_63ed2d,0.9,100250.42,101354.93,True,False
Emergent_attention_bounded_52b815,Emergent_awareness_bounded_e897ba,0.877341807734884,100250.76,100263.62,True,False
Emergent_attention_bounded_52b815,Emergent_abstraction_appears_ce8722,0.8773417984665617,100250.76,100279.32,True,False
Emergent_attention_bounded_52b815,Emergent_appears_asymmetry_9e9e75,0.8761166261364735,100250.76,100293.74,True,False
Emergent_attention_bounded_52b815,Emergent_autonomy_carefully_dedeae,0.8773418195898002,100250.76,100307.54,True,False
Emergent_attention_bounded_52b815,Emergent_ego_dissolution_emergence_from_interaction_c764c5,0.8773418189710198,100250.76,100319.63,True,False
Emergent_attention_bounded_52b815,Emergent_equilibrium_hierarchy_d26d6a,0.8733977213662385,100250.76,100319.97,True,False
Emergent_attention_bounded_52b815,Emergent_bounded_carefully_f79645,0.8728633178628458,100250.76,100335.02,True,False
Emergent_attention_bounded_52b815,Emergent_bounded_ego_dissolution_425a2e,0.8773415860070326,100250.76,100351.16,True,False
Emergent_attention_bounded_52b815,Emergent_bounded_equilibrium_28cfff,0.8748663306229731,100250.76,100351.5,True,False
Emergent_attention_bounded_52b815,Emergent_abstraction_ego_dissolution_71f91a,0.8773415873849639,100250.76,100364.16,True,False
Emergent_attention_bounded_52b815,Emergent_abstraction_autonomy_37c4a5,0.87316641687696,100250.76,100409.14,True,False
Emergent_attention_bounded_52b815,Emergent_abstraction_awareness_cd1340,0.8773419069352149,100250.76,100424.68,True,False
Emergent_attention_bounded_52b815,Emergent_abstraction_carefully_a0ed61,0.8773416920540249,100250.76,100442.45,True,False
Emergent_attention_bounded_52b815,Emergent_carefully_coherence_19463a,0.8773416907931049,100250.76,100442.79,True,False
Emergent_attention_bounded_52b815,Emergent_attention_autonomy_3ef5e3,0.8773418863283124,100250.76,100460.44,True,False
Emergent_attention_bounded_52b815,Emergent_abstraction_autonomy_a1d776,0.8773418863283124,100250.76,100460.78,True,False
Emergent_attention_bounded_52b815,Emergent_abstraction_awareness_5f6519,0.8773413004911204,100250.76,100475.06,True,False
Emergent_attention_bounded_52b815,Emergent_equilibrium_identity_eb8211,0.8773413163809163,100250.76,100475.4,True,False
Emergent_attention_bounded_52b815,Emergent_autonomy_bounded_72bafc,0.8773408504177296,100250.76,100493.65,True,False
Emergent_attention_bounded_52b815,Emergent_autonomy_awareness_135ecc,0.8773421876687746,100250.76,100511.78,True,False
Emergent_attention_bounded_52b815,Emergent_abstraction_autonomy_d2ad9b,0.877341955738963,100250.76,100530.38,True,False
Emergent_attention_bounded_52b815,Emergent_autonomy_collective_4a8f61,0.8773414850346832,100250.76,100545.66,True,False
Emergent_attention_bounded_52b815,Emergent_autonomy_collective_b1eda1,0.877334697779907,100250.76,100576.16,True,False
Emergent_attention_bounded_52b815,Emergent_carefully_coherence_6d638a,0.8726145651784925,100250.76,100613.59,True,False
Emergent_attention_bounded_52b815,Emergent_awareness_carefully_9c1d55,0.8773330783807691,100250.76,100613.93,True,False
Emergent_attention_bounded_52b815,Emergent_autonomy_awareness_201a67,0.8773449510960538,100250.76,100650.06,True,False
Emergent_attention_bounded_52b815,Emergent_attention_autonomy_af7c63,0.8773449510960538,100250.76,100650.4,True,False
Emergent_attention_bounded_52b815,Emergent_bounded_coherence_3cb354,0.8773429797251828,100250.76,100668.37,True,False
Emergent_attention_bounded_52b815,Emergent_bounded_coherence_7a6cb5,0.8773429797251828,100250.76,100668.71,True,False
Emergent_attention_bounded_52b815,Emergent_abstraction_autonomy_c124af,0.8712872385942474,100250.76,100688.11,True,False
Emergent_attention_bounded_52b815,Emergent_appears_asymmetry_2723fa,0.8772205487263252,100250.76,100747.22,True,False
Emergent_attention_bounded_52b815,Emergent_abstraction_identity_7c6ba9,0.87731049675485,100250.76,100802.48,True,False
Emergent_attention_bounded_52b815,Emergent_connection_dependency_089968,0.8713696563063826,100250.76,100842.09,True,False
Emergent_attention_bounded_52b815,Emergent_connection_contradiction_52dd1b,0.8774356766569629,100250.76,100862.51,True,False
Emergent_attention_bounded_52b815,Emergent_constraint_emergence_180017,0.8774653041000642,100250.76,100960.44,True,False
Emergent_attention_bounded_52b815,Emergent_bounded_connection_422d1b,0.8719951052284596,100250.76,101042.21,True,False
Emergent_attention_bounded_52b815,Emergent_bounded_coherence_050662,0.8751046799667086,100250.76,101062.48,True,False
Emergent_attention_bounded_52b815,Emergent_autonomy_awareness_5ea6d1,0.8807112246462612,100250.76,101105.26,True,False
Emergent_attention_bounded_52b815,Emergent_belief_revision_bounded_6b3318,0.858931893285992,100250.76,101126.38,True,False
Emergent_attention_bounded_52b815,Emergent_abstraction_carefully_799fc4,0.8018437513170933,100250.76,101169.11,True,False
Emergent_attention_bounded_52b815,Emergent_bounded_coherence_a2e9f5,0.8268840970605671,100250.76,101253.08,True,False
Emergent_attention_bounded_52b815,Emergent_carefully_coherence_d9db0f,0.923,100250.76,101273.58,True,False
Emergent_attention_bounded_52b815,Emergent_bounded_emergence_e5f5db,0.9,100250.76,101354.59,True,False
Emergent_attention_bounded_52b815,Emergent_abstraction_bounded_63ed2d,0.9,100250.76,101354.93,True,False
Emergent_awareness_bounded_e897ba,Emergent_abstraction_appears_ce8722,0.8877776831864772,100263.62,100279.32,True,False
Emergent_awareness_bounded_e897ba,Emergent_appears_asymmetry_9e9e75,0.8761166261364735,100263.62,100293.74,True,False
Emergent_awareness_bounded_e897ba,Emergent_autonomy_carefully_dedeae,0.8877777125325634,100263.62,100307.54,True,False
Emergent_awareness_bounded_e897ba,Emergent_ego_dissolution_emergence_from_interaction_c764c5,0.8783118932642204,100263.62,100319.63,True,False
Emergent_awareness_bounded_e897ba,Emergent_equilibrium_hierarchy_d26d6a,0.8733977213662385,100263.62,100319.97,True,False
Emergent_awareness_bounded_e897ba,Emergent_bounded_carefully_f79645,0.8728633178628458,100263.62,100335.02,True,False
Emergent_awareness_bounded_e897ba,Emergent_bounded_ego_dissolution_425a2e,0.8833013492097963,100263.62,100351.16,True,False
Emergent_awareness_bounded_e897ba,Emergent_bounded_equilibrium_28cfff,0.8748663306229731,100263.62,100351.5,True,False
Emergent_awareness_bounded_e897ba,Emergent_abstraction_ego_dissolution_71f91a,0.883681810044223,100263.62,100364.16,True,False
Emergent_awareness_bounded_e897ba,Emergent_abstraction_autonomy_37c4a5,0.87316641687696,100263.62,100409.14,True,False
Emergent_awareness_bounded_e897ba,Emergent_abstraction_awareness_cd1340,0.8801672226640722,100263.62,100424.68,True,False
Emergent_awareness_bounded_e897ba,Emergent_abstraction_carefully_a0ed61,0.880552896178129,100263.62,100442.45,True,False
Emergent_awareness_bounded_e897ba,Emergent_carefully_coherence_19463a,0.8787236879462217,100263.62,100442.79,True,False
Emergent_awareness_bounded_e897ba,Emergent_attention_autonomy_3ef5e3,0.8877777409834828,100263.62,100460.44,True,False
Emergent_awareness_bounded_e897ba,Emergent_abstraction_autonomy_a1d776,0.8877777409834828,100263.62,100460.78,True,False
Emergent_awareness_bounded_e897ba,Emergent_abstraction_awareness_5f6519,0.8804719672759465,100263.62,100475.06,True,False
Emergent_awareness_bounded_e897ba,Emergent_equilibrium_identity_eb8211,0.887777232959541,100263.62,100475.4,True,False
Emergent_awareness_bounded_e897ba,Emergent_autonomy_bounded_72bafc,0.8877767414566216,100263.62,100493.65,True,False
Emergent_awareness_bounded_e897ba,Emergent_autonomy_awareness_135ecc,0.8874805078221542,100263.62,100511.78,True,False
Emergent_awareness_bounded_e897ba,Emergent_abstraction_autonomy_d2ad9b,0.8877777386562888,100263.62,100530.38,True,False
Emergent_awareness_bounded_e897ba,Emergent_autonomy_collective_4a8f61,0.8877772632173739,100263.62,100545.66,True,False
Emergent_awareness_bounded_e897ba,Emergent_autonomy_collective_b1eda1,0.8877706650648598,100263.62,100576.16,True,False
Emergent_awareness_bounded_e897ba,Emergent_carefully_coherence_6d638a,0.8726145651784925,100263.62,100613.59,True,False
Emergent_awareness_bounded_e897ba,Emergent_awareness_carefully_9c1d55,0.8877693323729179,100263.62,100613.93,True,False
Emergent_awareness_bounded_e897ba,Emergent_autonomy_awareness_201a67,0.8788048767007846,100263.62,100650.06,True,False
Emergent_awareness_bounded_e897ba,Emergent_attention_autonomy_af7c63,0.8817656684441599,100263.62,100650.4,True,False
Emergent_awareness_bounded_e897ba,Emergent_bounded_coherence_3cb354,0.8877783366973842,100263.62,100668.37,True,False
Emergent_awareness_bounded_e897ba,Emergent_bounded_coherence_7a6cb5,0.8857660521960942,100263.62,100668.71,True,False
Emergent_awareness_bounded_e897ba,Emergent_abstraction_autonomy_c124af,0.8712872385942474,100263.62,100688.11,True,False
Emergent_awareness_bounded_e897ba,Emergent_appears_asymmetry_2723fa,0.8876585431925303,100263.62,100747.22,True,False
Emergent_awareness_bounded_e897ba,Emergent_abstraction_identity_7c6ba9,0.8877424353124925,100263.62,100802.48,True,False
Emergent_awareness_bounded_e897ba,Emergent_connection_dependency_089968,0.8713696563063826,100263.62,100842.09,True,False
Emergent_awareness_bounded_e897ba,Emergent_connection_contradiction_52dd1b,0.8810758173845283,100263.62,100862.51,True,False
Emergent_awareness_bounded_e897ba,Emergent_constraint_emergence_180017,0.8825214080025849,100263.62,100960.44,True,False
Emergent_awareness_bounded_e897ba,Emergent_bounded_connection_422d1b,0.8719951052284596,100263.62,101042.21,True,False
Emergent_awareness_bounded_e897ba,Emergent_bounded_coherence_050662,0.8810469664804996,100263.62,101062.48,True,False
Emergent_awareness_bounded_e897ba,Emergent_autonomy_awareness_5ea6d1,0.8908738646140792,100263.62,101105.26,True,False
Emergent_awareness_bounded_e897ba,Emergent_belief_revision_bounded_6b3318,0.8707882123461372,100263.62,101126.38,True,False
Emergent_awareness_bounded_e897ba,Emergent_abstraction_carefully_799fc4,0.8018437513170933,100263.62,101169.11,True,False
Emergent_awareness_bounded_e897ba,Emergent_bounded_coherence_a2e9f5,0.8335627454615775,100263.62,101253.08,True,False
Emergent_awareness_bounded_e897ba,Emergent_carefully_coherence_d9db0f,0.923,100263.62,101273.58,True,False
Emergent_awareness_bounded_e897ba,Emergent_bounded_emergence_e5f5db,0.9,100263.62,101354.59,True,False
Emergent_awareness_bounded_e897ba,Emergent_abstraction_bounded_63ed2d,0.9,100263.62,101354.93,True,False
Emergent_abstraction_appears_ce8722,Emergent_appears_asymmetry_9e9e75,0.8761166224154546,100279.32,100293.74,True,False
Emergent_abstraction_appears_ce8722,Emergent_autonomy_carefully_dedeae,0.8901646141516544,100279.32,100307.54,True,False
Emergent_abstraction_appears_ce8722,Emergent_ego_dissolution_emergence_from_interaction_c764c5,0.8783118932642204,100279.32,100319.63,True,False
Emergent_abstraction_appears_ce8722,Emergent_equilibrium_hierarchy_d26d6a,0.8733977213662385,100279.32,100319.97,True,False
Emergent_abstraction_appears_ce8722,Emergent_bounded_carefully_f79645,0.8728633178628458,100279.32,100335.02,True,False
Emergent_abstraction_appears_ce8722,Emergent_bounded_ego_dissolution_425a2e,0.8833013492097963,100279.32,100351.16,True,False
Emergent_abstraction_appears_ce8722,Emergent_bounded_equilibrium_28cfff,0.8748663306229731,100279.32,100351.5,True,False
Emergent_abstraction_appears_ce8722,Emergent_abstraction_ego_dissolution_71f91a,0.883681810044223,100279.32,100364.16,True,False
Emergent_abstraction_appears_ce8722,Emergent_abstraction_autonomy_37c4a5,0.87316641687696,100279.32,100409.14,True,False
Emergent_abstraction_appears_ce8722,Emergent_abstraction_awareness_cd1340,0.8801672226640722,100279.32,100424.68,True,False
Emergent_abstraction_appears_ce8722,Emergent_abstraction_carefully_a0ed61,0.880552896178129,100279.32,100442.45,True,False
Emergent_abstraction_appears_ce8722,Emergent_carefully_coherence_19463a,0.8787236879462217,100279.32,100442.79,True,False
Emergent_abstraction_appears_ce8722,Emergent_attention_autonomy_3ef5e3,0.8912048810438846,100279.32,100460.44,True,False
Emergent_abstraction_appears_ce8722,Emergent_abstraction_autonomy_a1d776,0.8923652914537357,100279.32,100460.78,True,False
Emergent_abstraction_appears_ce8722,Emergent_abstraction_awareness_5f6519,0.8804719672759465,100279.32,100475.06,True,False
Emergent_abstraction_appears_ce8722,Emergent_equilibrium_identity_eb8211,0.8886634533680116,100279.32,100475.4,True,False
Emergent_abstraction_appears_ce8722,Emergent_autonomy_bounded_72bafc,0.8923643079225629,100279.32,100493.65,True,False
Emergent_abstraction_appears_ce8722,Emergent_autonomy_awareness_135ecc,0.8874805078221542,100279.32,100511.78,True,False
Emergent_abstraction_appears_ce8722,Emergent_abstraction_autonomy_d2ad9b,0.8919122024673101,100279.32,100530.38,True,False
Emergent_abstraction_appears_ce8722,Emergent_autonomy_collective_4a8f61,0.8923647800673726,100279.32,100545.66,True,False
Emergent_abstraction_appears_ce8722,Emergent_autonomy_collective_b1eda1,0.8923582650515127,100279.32,100576.16,True,False
Emergent_abstraction_appears_ce8722,Emergent_carefully_coherence_6d638a,0.8726145651784925,100279.32,100613.59,True,False
Emergent_abstraction_appears_ce8722,Emergent_awareness_carefully_9c1d55,0.8905522825604162,100279.32,100613.93,True,False
Emergent_abstraction_appears_ce8722,Emergent_autonomy_awareness_201a67,0.8788048767007846,100279.32,100650.06,True,False
Emergent_abstraction_appears_ce8722,Emergent_attention_autonomy_af7c63,0.8817656684441599,100279.32,100650.4,True,False
Emergent_abstraction_appears_ce8722,Emergent_bounded_coherence_3cb354,0.8923656683669914,100279.32,100668.37,True,False
Emergent_abstraction_appears_ce8722,Emergent_bounded_coherence_7a6cb5,0.8857660521960942,100279.32,100668.71,True,False
Emergent_abstraction_appears_ce8722,Emergent_abstraction_autonomy_c124af,0.8712872385942474,100279.32,100688.11,True,False
Emergent_abstraction_appears_ce8722,Emergent_appears_asymmetry_2723fa,0.8914171049332276,100279.32,100747.22,True,False
Emergent_abstraction_appears_ce8722,Emergent_abstraction_identity_7c6ba9,0.8895901665388846,100279.32,100802.48,True,False
Emergent_abstraction_appears_ce8722,Emergent_connection_dependency_089968,0.8713696563063826,100279.32,100842.09,True,False
Emergent_abstraction_appears_ce8722,Emergent_connection_contradiction_52dd1b,0.8810758173845283,100279.32,100862.51,True,False
Emergent_abstraction_appears_ce8722,Emergent_constraint_emergence_180017,0.8825214080025849,100279.32,100960.44,True,False
Emergent_abstraction_appears_ce8722,Emergent_bounded_connection_422d1b,0.8719951052284596,100279.32,101042.21,True,False
Emergent_abstraction_appears_ce8722,Emergent_bounded_coherence_050662,0.8810469664804996,100279.32,101062.48,True,False
Emergent_abstraction_appears_ce8722,Emergent_autonomy_awareness_5ea6d1,0.8953417534553645,100279.32,101105.26,True,False
Emergent_abstraction_appears_ce8722,Emergent_belief_revision_bounded_6b3318,0.8759630038876522,100279.32,101126.38,True,False
Emergent_abstraction_appears_ce8722,Emergent_abstraction_carefully_799fc4,0.8018437513170933,100279.32,101169.11,True,False
Emergent_abstraction_appears_ce8722,Emergent_bounded_coherence_a2e9f5,0.8335627454615775,100279.32,101253.08,True,False
Emergent_abstraction_appears_ce8722,Emergent_carefully_coherence_d9db0f,0.923,100279.32,101273.58,True,False
Emergent_abstraction_appears_ce8722,Emergent_bounded_emergence_e5f5db,0.9,100279.32,101354.59,True,False
Emergent_abstraction_appears_ce8722,Emergent_abstraction_bounded_63ed2d,0.9,100279.32,101354.93,True,False
Emergent_appears_asymmetry_9e9e75,Emergent_autonomy_carefully_dedeae,0.8761165979110896,100293.74,100307.54,True,False
Emergent_appears_asymmetry_9e9e75,Emergent_ego_dissolution_emergence_from_interaction_c764c5,0.876116597296396,100293.74,100319.63,True,False
Emergent_appears_asymmetry_9e9e75,Emergent_equilibrium_hierarchy_d26d6a,0.8733977213662385,100293.74,100319.97,True,False
Emergent_appears_asymmetry_9e9e75,Emergent_bounded_carefully_f79645,0.8728633178628458,100293.74,100335.02,True,False
Emergent_appears_asymmetry_9e9e75,Emergent_bounded_ego_dissolution_425a2e,0.8761163652529016,100293.74,100351.16,True,False
Emergent_appears_asymmetry_9e9e75,Emergent_bounded_equilibrium_28cfff,0.8748663306229731,100293.74,100351.5,True,False
Emergent_appears_asymmetry_9e9e75,Emergent_abstraction_ego_dissolution_71f91a,0.876116366621732,100293.74,100364.16,True,False
Emergent_appears_asymmetry_9e9e75,Emergent_abstraction_autonomy_37c4a5,0.87316641687696,100293.74,100409.14,True,False
Emergent_appears_asymmetry_9e9e75,Emergent_abstraction_awareness_cd1340,0.8761166876657793,100293.74,100424.68,True,False
Emergent_appears_asymmetry_9e9e75,Emergent_abstraction_carefully_a0ed61,0.876116468797353,100293.74,100442.45,True,False
Emergent_appears_asymmetry_9e9e75,Emergent_carefully_coherence_19463a,0.876116467544761,100293.74,100442.79,True,False
Emergent_appears_asymmetry_9e9e75,Emergent_attention_autonomy_3ef5e3,0.8761166691442359,100293.74,100460.44,True,False
Emergent_appears_asymmetry_9e9e75,Emergent_abstraction_autonomy_a1d776,0.8761166691442359,100293.74,100460.78,True,False
Emergent_appears_asymmetry_9e9e75,Emergent_abstraction_awareness_5f6519,0.8761160761427085,100293.74,100475.06,True,False
Emergent_appears_asymmetry_9e9e75,Emergent_equilibrium_identity_eb8211,0.8761160919275588,100293.74,100475.4,True,False
Emergent_appears_asymmetry_9e9e75,Emergent_autonomy_bounded_72bafc,0.8761156289625172,100293.74,100493.65,True,False
Emergent_appears_asymmetry_9e9e75,Emergent_autonomy_awareness_135ecc,0.8761169789061036,100293.74,100511.78,True,False
Emergent_appears_asymmetry_9e9e75,Emergent_abstraction_autonomy_d2ad9b,0.876116746976292,100293.74,100530.38,True,False
Emergent_appears_asymmetry_9e9e75,Emergent_autonomy_collective_4a8f61,0.8761162768278177,100293.74,100545.66,True,False
Emergent_appears_asymmetry_9e9e75,Emergent_autonomy_collective_b1eda1,0.876109467374063,100293.74,100576.16,True,False
Emergent_appears_asymmetry_9e9e75,Emergent_carefully_coherence_6d638a,0.8726145651784925,100293.74,100613.59,True,False
Emergent_appears_asymmetry_9e9e75,Emergent_awareness_carefully_9c1d55,0.8761078143179672,100293.74,100613.93,True,False
Emergent_appears_asymmetry_9e9e75,Emergent_autonomy_awareness_201a67,0.8761197923356756,100293.74,100650.06,True,False
Emergent_appears_asymmetry_9e9e75,Emergent_attention_autonomy_af7c63,0.8761197923356756,100293.74,100650.4,True,False
Emergent_appears_asymmetry_9e9e75,Emergent_bounded_coherence_3cb354,0.8761178209648046,100293.74,100668.37,True,False
Emergent_appears_asymmetry_9e9e75,Emergent_bounded_coherence_7a6cb5,0.8761178209648046,100293.74,100668.71,True,False
Emergent_appears_asymmetry_9e9e75,Emergent_abstraction_autonomy_c124af,0.8712872385942474,100293.74,100688.11,True,False
Emergent_appears_asymmetry_9e9e75,Emergent_appears_asymmetry_2723fa,0.875995217989394,100293.74,100747.22,True,False
Emergent_appears_asymmetry_9e9e75,Emergent_abstraction_identity_7c6ba9,0.8760858769294764,100293.74,100802.48,True,False
Emergent_appears_asymmetry_9e9e75,Emergent_connection_dependency_089968,0.8713696563063826,100293.74,100842.09,True,False
Emergent_appears_asymmetry_9e9e75,Emergent_connection_contradiction_52dd1b,0.8762114791856859,100293.74,100862.51,True,False
Emergent_appears_asymmetry_9e9e75,Emergent_constraint_emergence_180017,0.8762473746915502,100293.74,100960.44,True,False
Emergent_appears_asymmetry_9e9e75,Emergent_bounded_connection_422d1b,0.8719951052284596,100293.74,101042.21,True,False
Emergent_appears_asymmetry_9e9e75,Emergent_bounded_coherence_050662,0.8738881645630507,100293.74,101062.48,True,False
Emergent_appears_asymmetry_9e9e75,Emergent_autonomy_awareness_5ea6d1,0.8795182181581613,100293.74,101105.26,True,False
Emergent_appears_asymmetry_9e9e75,Emergent_belief_revision_bounded_6b3318,0.8575400634456625,100293.74,101126.38,True,False
Emergent_appears_asymmetry_9e9e75,Emergent_abstraction_carefully_799fc4,0.8018437513170933,100293.74,101169.11,True,False
Emergent_appears_asymmetry_9e9e75,Emergent_bounded_coherence_a2e9f5,0.8247906469911348,100293.74,101253.08,True,False
Emergent_appears_asymmetry_9e9e75,Emergent_carefully_coherence_d9db0f,0.923,100293.74,101273.58,True,False
Emergent_appears_asymmetry_9e9e75,Emergent_bounded_emergence_e5f5db,0.9,100293.74,101354.59,True,False
Emergent_appears_asymmetry_9e9e75,Emergent_abstraction_bounded_63ed2d,0.9,100293.74,101354.93,True,False
Emergent_autonomy_carefully_dedeae,Emergent_ego_dissolution_emergence_from_interaction_c764c5,0.8783118711783571,100307.54,100319.63,True,False
Emergent_autonomy_carefully_dedeae,Emergent_equilibrium_hierarchy_d26d6a,0.8733976906767349,100307.54,100319.97,True,False
Emergent_autonomy_carefully_dedeae,Emergent_bounded_carefully_f79645,0.8728633178628458,100307.54,100335.02,True,False
Emergent_autonomy_carefully_dedeae,Emergent_bounded_ego_dissolution_425a2e,0.8833013492097963,100307.54,100351.16,True,False
Emergent_autonomy_carefully_dedeae,Emergent_bounded_equilibrium_28cfff,0.8748663306229731,100307.54,100351.5,True,False
Emergent_autonomy_carefully_dedeae,Emergent_abstraction_ego_dissolution_71f91a,0.883681810044223,100307.54,100364.16,True,False
Emergent_autonomy_carefully_dedeae,Emergent_abstraction_autonomy_37c4a5,0.87316641687696,100307.54,100409.14,True,False
Emergent_autonomy_carefully_dedeae,Emergent_abstraction_awareness_cd1340,0.8801672226640722,100307.54,100424.68,True,False
Emergent_autonomy_carefully_dedeae,Emergent_abstraction_carefully_a0ed61,0.880552896178129,100307.54,100442.45,True,False
Emergent_autonomy_carefully_dedeae,Emergent_carefully_coherence_19463a,0.8787236879462217,100307.54,100442.79,True,False
Emergent_autonomy_carefully_dedeae,Emergent_attention_autonomy_3ef5e3,0.8901646338445532,100307.54,100460.44,True,False
Emergent_autonomy_carefully_dedeae,Emergent_abstraction_autonomy_a1d776,0.8901646338445532,100307.54,100460.78,True,False
Emergent_autonomy_carefully_dedeae,Emergent_abstraction_awareness_5f6519,0.8804719672759465,100307.54,100475.06,True,False
Emergent_autonomy_carefully_dedeae,Emergent_equilibrium_identity_eb8211,0.8886634533680116,100307.54,100475.4,True,False
Emergent_autonomy_carefully_dedeae,Emergent_autonomy_bounded_72bafc,0.8901636426402153,100307.54,100493.65,True,False
Emergent_autonomy_carefully_dedeae,Emergent_autonomy_awareness_135ecc,0.8874805078221542,100307.54,100511.78,True,False
Emergent_autonomy_carefully_dedeae,Emergent_abstraction_autonomy_d2ad9b,0.8901646151078269,100307.54,100530.38,True,False
Emergent_autonomy_carefully_dedeae,Emergent_autonomy_collective_4a8f61,0.8901641385858969,100307.54,100545.66,True,False
Emergent_autonomy_carefully_dedeae,Emergent_autonomy_collective_b1eda1,0.890157583689209,100307.54,100576.16,True,False
Emergent_autonomy_carefully_dedeae,Emergent_carefully_coherence_6d638a,0.8726145651784925,100307.54,100613.59,True,False
Emergent_autonomy_carefully_dedeae,Emergent_awareness_carefully_9c1d55,0.8901563165795432,100307.54,100613.93,True,False
Emergent_autonomy_carefully_dedeae,Emergent_autonomy_awareness_201a67,0.8788048767007846,100307.54,100650.06,True,False
Emergent_autonomy_carefully_dedeae,Emergent_attention_autonomy_af7c63,0.8817656684441599,100307.54,100650.4,True,False
Emergent_autonomy_carefully_dedeae,Emergent_bounded_coherence_3cb354,0.890165115716939,100307.54,100668.37,True,False
Emergent_autonomy_carefully_dedeae,Emergent_bounded_coherence_7a6cb5,0.8857660521960942,100307.54,100668.71,True,False
Emergent_autonomy_carefully_dedeae,Emergent_abstraction_autonomy_c124af,0.8712872385942474,100307.54,100688.11,True,False
Emergent_autonomy_carefully_dedeae,Emergent_appears_asymmetry_2723fa,0.8900461617849387,100307.54,100747.22,True,False
Emergent_autonomy_carefully_dedeae,Emergent_abstraction_identity_7c6ba9,0.8895901665388846,100307.54,100802.48,True,False
Emergent_autonomy_carefully_dedeae,Emergent_connection_dependency_089968,0.8713696563063826,100307.54,100842.09,True,False
Emergent_autonomy_carefully_dedeae,Emergent_connection_contradiction_52dd1b,0.8810758173845283,100307.54,100862.51,True,False
Emergent_autonomy_carefully_dedeae,Emergent_constraint_emergence_180017,0.8825214080025849,100307.54,100960.44,True,False
Emergent_autonomy_carefully_dedeae,Emergent_bounded_connection_422d1b,0.8719951052284596,100307.54,101042.21,True,False
Emergent_autonomy_carefully_dedeae,Emergent_bounded_coherence_050662,0.8810469664804996,100307.54,101062.48,True,False
Emergent_autonomy_carefully_dedeae,Emergent_autonomy_awareness_5ea6d1,0.8931984977812721,100307.54,101105.26,True,False
Emergent_autonomy_carefully_dedeae,Emergent_belief_revision_bounded_6b3318,0.8735002628187816,100307.54,101126.38,True,False
Emergent_autonomy_carefully_dedeae,Emergent_abstraction_carefully_799fc4,0.8018437513170933,100307.54,101169.11,True,False
Emergent_autonomy_carefully_dedeae,Emergent_bounded_coherence_a2e9f5,0.8335627454615775,100307.54,101253.08,True,False
Emergent_autonomy_carefully_dedeae,Emergent_carefully_coherence_d9db0f,0.923,100307.54,101273.58,True,False
Emergent_autonomy_carefully_dedeae,Emergent_bounded_emergence_e5f5db,0.9,100307.54,101354.59,True,False
Emergent_autonomy_carefully_dedeae,Emergent_abstraction_bounded_63ed2d,0.9,100307.54,101354.93,True,False
Emergent_ego_dissolution_emergence_from_interaction_c764c5,Emergent_equilibrium_hierarchy_d26d6a,0.8733976898124101,100319.63,100319.97,True,False
Emergent_ego_dissolution_emergence_from_interaction_c764c5,Emergent_bounded_carefully_f79645,0.8728633178628458,100319.63,100335.02,True,False
Emergent_ego_dissolution_emergence_from_interaction_c764c5,Emergent_bounded_ego_dissolution_425a2e,0.8783116595714295,100319.63,100351.16,True,False
Emergent_ego_dissolution_emergence_from_interaction_c764c5,Emergent_bounded_equilibrium_28cfff,0.8748663306229731,100319.63,100351.5,True,False
Emergent_ego_dissolution_emergence_from_interaction_c764c5,Emergent_abstraction_ego_dissolution_71f91a,0.878311660956566,100319.63,100364.16,True,False
Emergent_ego_dissolution_emergence_from_interaction_c764c5,Emergent_abstraction_autonomy_37c4a5,0.87316641687696,100319.63,100409.14,True,False
Emergent_ego_dissolution_emergence_from_interaction_c764c5,Emergent_abstraction_awareness_cd1340,0.8783119793240977,100319.63,100424.68,True,False
Emergent_ego_dissolution_emergence_from_interaction_c764c5,Emergent_abstraction_carefully_a0ed61,0.8783117675998182,100319.63,100442.45,True,False
Emergent_ego_dissolution_emergence_from_interaction_c764c5,Emergent_carefully_coherence_19463a,0.8783117663323048,100319.63,100442.79,True,False
Emergent_ego_dissolution_emergence_from_interaction_c764c5,Emergent_attention_autonomy_3ef5e3,0.8783119570661038,100319.63,100460.44,True,False
Emergent_ego_dissolution_emergence_from_interaction_c764c5,Emergent_abstraction_autonomy_a1d776,0.8783119570661038,100319.63,100460.78,True,False
Emergent_ego_dissolution_emergence_from_interaction_c764c5,Emergent_abstraction_awareness_5f6519,0.8783113769013036,100319.63,100475.06,True,False
Emergent_ego_dissolution_emergence_from_interaction_c764c5,Emergent_equilibrium_identity_eb8211,0.8783113928741904,100319.63,100475.4,True,False
Emergent_ego_dissolution_emergence_from_interaction_c764c5,Emergent_autonomy_bounded_72bafc,0.8783109245372103,100319.63,100493.65,True,False
Emergent_ego_dissolution_emergence_from_interaction_c764c5,Emergent_autonomy_awareness_135ecc,0.8783122517388835,100319.63,100511.78,True,False
Emergent_ego_dissolution_emergence_from_interaction_c764c5,Emergent_abstraction_autonomy_d2ad9b,0.8783120198090717,100319.63,100530.38,True,False
Emergent_ego_dissolution_emergence_from_interaction_c764c5,Emergent_autonomy_collective_4a8f61,0.8783115486647308,100319.63,100545.66,True,False
Emergent_ego_dissolution_emergence_from_interaction_c764c5,Emergent_autonomy_collective_b1eda1,0.8783047789860869,100319.63,100576.16,True,False
Emergent_ego_dissolution_emergence_from_interaction_c764c5,Emergent_carefully_coherence_6d638a,0.8726145651784925,100319.63,100613.59,True,False
Emergent_ego_dissolution_emergence_from_interaction_c764c5,Emergent_awareness_carefully_9c1d55,0.8783031862349837,100319.63,100613.93,True,False
Emergent_ego_dissolution_emergence_from_interaction_c764c5,Emergent_autonomy_awareness_201a67,0.8783149755766422,100319.63,100650.06,True,False
Emergent_ego_dissolution_emergence_from_interaction_c764c5,Emergent_attention_autonomy_af7c63,0.8783149755766422,100319.63,100650.4,True,False
Emergent_ego_dissolution_emergence_from_interaction_c764c5,Emergent_bounded_coherence_3cb354,0.8783130042057712,100319.63,100668.37,True,False
Emergent_ego_dissolution_emergence_from_interaction_c764c5,Emergent_bounded_coherence_7a6cb5,0.8783130042057712,100319.63,100668.71,True,False
Emergent_ego_dissolution_emergence_from_interaction_c764c5,Emergent_abstraction_autonomy_c124af,0.8712872385942474,100319.63,100688.11,True,False
Emergent_ego_dissolution_emergence_from_interaction_c764c5,Emergent_appears_asymmetry_2723fa,0.8781907093700552,100319.63,100747.22,True,False
Emergent_ego_dissolution_emergence_from_interaction_c764c5,Emergent_abstraction_identity_7c6ba9,0.8782800945314349,100319.63,100802.48,True,False
Emergent_ego_dissolution_emergence_from_interaction_c764c5,Emergent_connection_dependency_089968,0.8713696563063826,100319.63,100842.09,True,False
Emergent_ego_dissolution_emergence_from_interaction_c764c5,Emergent_connection_contradiction_52dd1b,0.8784049400329568,100319.63,100862.51,True,False
Emergent_ego_dissolution_emergence_from_interaction_c764c5,Emergent_constraint_emergence_180017,0.8784296047116207,100319.63,100960.44,True,False
Emergent_ego_dissolution_emergence_from_interaction_c764c5,Emergent_bounded_connection_422d1b,0.8719951052284596,100319.63,101042.21,True,False
Emergent_ego_dissolution_emergence_from_interaction_c764c5,Emergent_bounded_coherence_050662,0.8760678610341126,100319.63,101062.48,True,False
Emergent_ego_dissolution_emergence_from_interaction_c764c5,Emergent_autonomy_awareness_5ea6d1,0.8816557924332147,100319.63,101105.26,True,False
Emergent_ego_dissolution_emergence_from_interaction_c764c5,Emergent_belief_revision_bounded_6b3318,0.8600338802786947,100319.63,101126.38,True,False
Emergent_ego_dissolution_emergence_from_interaction_c764c5,Emergent_abstraction_carefully_799fc4,0.8018437513170933,100319.63,101169.11,True,False
Emergent_ego_dissolution_emergence_from_interaction_c764c5,Emergent_bounded_coherence_a2e9f5,0.8285415947514063,100319.63,101253.08,True,False
Emergent_ego_dissolution_emergence_from_interaction_c764c5,Emergent_carefully_coherence_d9db0f,0.923,100319.63,101273.58,True,False
Emergent_ego_dissolution_emergence_from_interaction_c764c5,Emergent_bounded_emergence_e5f5db,0.9,100319.63,101354.59,True,False
Emergent_ego_dissolution_emergence_from_interaction_c764c5,Emergent_abstraction_bounded_63ed2d,0.9,100319.63,101354.93,True,False
Emergent_equilibrium_hierarchy_d26d6a,Emergent_bounded_carefully_f79645,0.8728633178628458,100319.97,100335.02,True,False
Emergent_equilibrium_hierarchy_d26d6a,Emergent_bounded_ego_dissolution_425a2e,0.873397393923167,100319.97,100351.16,True,False
Emergent_equilibrium_hierarchy_d26d6a,Emergent_bounded_equilibrium_28cfff,0.8733973918988522,100319.97,100351.5,True,False
Emergent_equilibrium_hierarchy_d26d6a,Emergent_abstraction_ego_dissolution_71f91a,0.8733973958478893,100319.97,100364.16,True,False
Emergent_equilibrium_hierarchy_d26d6a,Emergent_abstraction_autonomy_37c4a5,0.87316641687696,100319.97,100409.14,True,False
Emergent_equilibrium_hierarchy_d26d6a,Emergent_abstraction_awareness_cd1340,0.8733978595295635,100319.97,100424.68,True,False
Emergent_equilibrium_hierarchy_d26d6a,Emergent_abstraction_carefully_a0ed61,0.8733975333880908,100319.97,100442.45,True,False
Emergent_equilibrium_hierarchy_d26d6a,Emergent_carefully_coherence_19463a,0.8733975316268123,100319.97,100442.79,True,False
Emergent_equilibrium_hierarchy_d26d6a,Emergent_attention_autonomy_3ef5e3,0.8733978401163403,100319.97,100460.44,True,False
Emergent_equilibrium_hierarchy_d26d6a,Emergent_abstraction_autonomy_a1d776,0.8733978401163403,100319.97,100460.78,True,False
Emergent_equilibrium_hierarchy_d26d6a,Emergent_abstraction_awareness_5f6519,0.8733969687640526,100319.97,100475.06,True,False
Emergent_equilibrium_hierarchy_d26d6a,Emergent_equilibrium_identity_eb8211,0.8733969909592438,100319.97,100475.4,True,False
Emergent_equilibrium_hierarchy_d26d6a,Emergent_autonomy_bounded_72bafc,0.8733963397109086,100319.97,100493.65,True,False
Emergent_equilibrium_hierarchy_d26d6a,Emergent_autonomy_awareness_135ecc,0.8733983110880001,100319.97,100511.78,True,False
Emergent_equilibrium_hierarchy_d26d6a,Emergent_abstraction_autonomy_d2ad9b,0.873397979759698,100319.97,100530.38,True,False
Emergent_equilibrium_hierarchy_d26d6a,Emergent_autonomy_collective_4a8f61,0.873397309997006,100319.97,100545.66,True,False
Emergent_equilibrium_hierarchy_d26d6a,Emergent_autonomy_collective_b1eda1,0.8733875071988058,100319.97,100576.16,True,False
Emergent_equilibrium_hierarchy_d26d6a,Emergent_carefully_coherence_6d638a,0.8726145651784925,100319.97,100613.59,True,False
Emergent_equilibrium_hierarchy_d26d6a,Emergent_awareness_carefully_9c1d55,0.8733850319681273,100319.97,100613.93,True,False
Emergent_equilibrium_hierarchy_d26d6a,Emergent_autonomy_awareness_201a67,0.873402499223584,100319.97,100650.06,True,False
Emergent_equilibrium_hierarchy_d26d6a,Emergent_attention_autonomy_af7c63,0.873402499223584,100319.97,100650.4,True,False
Emergent_equilibrium_hierarchy_d26d6a,Emergent_bounded_coherence_3cb354,0.8733996829794828,100319.97,100668.37,True,False
Emergent_equilibrium_hierarchy_d26d6a,Emergent_bounded_coherence_7a6cb5,0.8733996829794828,100319.97,100668.71,True,False
Emergent_equilibrium_hierarchy_d26d6a,Emergent_abstraction_autonomy_c124af,0.8712872385942474,100319.97,100688.11,True,False
Emergent_equilibrium_hierarchy_d26d6a,Emergent_appears_asymmetry_2723fa,0.8732239547879705,100319.97,100747.22,True,False
Emergent_equilibrium_hierarchy_d26d6a,Emergent_abstraction_identity_7c6ba9,0.8733628773977165,100319.97,100802.48,True,False
Emergent_equilibrium_hierarchy_d26d6a,Emergent_connection_dependency_089968,0.8713696563063826,100319.97,100842.09,True,False
Emergent_equilibrium_hierarchy_d26d6a,Emergent_connection_contradiction_52dd1b,0.873244235835583,100319.97,100862.51,True,False
Emergent_equilibrium_hierarchy_d26d6a,Emergent_constraint_emergence_180017,0.8732949565527599,100319.97,100960.44,True,False
Emergent_equilibrium_hierarchy_d26d6a,Emergent_bounded_connection_422d1b,0.8719951052284596,100319.97,101042.21,True,False
Emergent_equilibrium_hierarchy_d26d6a,Emergent_bounded_coherence_050662,0.8707955436509109,100319.97,101062.48,True,False
Emergent_equilibrium_hierarchy_d26d6a,Emergent_autonomy_awareness_5ea6d1,0.8766965212556583,100319.97,101105.26,True,False
Emergent_equilibrium_hierarchy_d26d6a,Emergent_belief_revision_bounded_6b3318,0.8542481098909718,100319.97,101126.38,True,False
Emergent_equilibrium_hierarchy_d26d6a,Emergent_abstraction_carefully_799fc4,0.8018437513170933,100319.97,101169.11,True,False
Emergent_equilibrium_hierarchy_d26d6a,Emergent_bounded_coherence_a2e9f5,0.8198392224721696,100319.97,101253.08,True,False
Emergent_equilibrium_hierarchy_d26d6a,Emergent_carefully_coherence_d9db0f,0.923,100319.97,101273.58,True,False
Emergent_equilibrium_hierarchy_d26d6a,Emergent_bounded_emergence_e5f5db,0.9,100319.97,101354.59,True,False
Emergent_equilibrium_hierarchy_d26d6a,Emergent_abstraction_bounded_63ed2d,0.9,100319.97,101354.93,True,False
Emergent_bounded_carefully_f79645,Emergent_bounded_ego_dissolution_425a2e,0.8728629462885313,100335.02,100351.16,True,False
Emergent_bounded_carefully_f79645,Emergent_bounded_equilibrium_28cfff,0.8728629442699178,100335.02,100351.5,True,False
Emergent_bounded_carefully_f79645,Emergent_abstraction_ego_dissolution_71f91a,0.8728629482078327,100335.02,100364.16,True,False
Emergent_bounded_carefully_f79645,Emergent_abstraction_autonomy_37c4a5,0.8728633406351154,100335.02,100409.14,True,False
Emergent_bounded_carefully_f79645,Emergent_abstraction_awareness_cd1340,0.872863423686753,100335.02,100424.68,True,False
Emergent_bounded_carefully_f79645,Emergent_abstraction_carefully_a0ed61,0.87286309517029,100335.02,100442.45,True,False
Emergent_bounded_carefully_f79645,Emergent_carefully_coherence_19463a,0.8728630934139718,100335.02,100442.79,True,False
Emergent_bounded_carefully_f79645,Emergent_attention_autonomy_3ef5e3,0.8728634055156701,100335.02,100460.44,True,False
Emergent_bounded_carefully_f79645,Emergent_abstraction_autonomy_a1d776,0.8728634055156701,100335.02,100460.78,True,False
Emergent_bounded_carefully_f79645,Emergent_abstraction_awareness_5f6519,0.8728625298959587,100335.02,100475.06,True,False
Emergent_bounded_carefully_f79645,Emergent_equilibrium_identity_eb8211,0.8728625520286393,100335.02,100475.4,True,False
Emergent_bounded_carefully_f79645,Emergent_autonomy_bounded_72bafc,0.8728619025661439,100335.02,100493.65,True,False
Emergent_bounded_carefully_f79645,Emergent_autonomy_awareness_135ecc,0.8728638815035259,100335.02,100511.78,True,False
Emergent_bounded_carefully_f79645,Emergent_abstraction_autonomy_d2ad9b,0.8728635501752238,100335.02,100530.38,True,False
Emergent_bounded_carefully_f79645,Emergent_autonomy_collective_4a8f61,0.8728628807435961,100335.02,100545.66,True,False
Emergent_bounded_carefully_f79645,Emergent_autonomy_collective_b1eda1,0.8728530647226129,100335.02,100576.16,True,False
Emergent_bounded_carefully_f79645,Emergent_carefully_coherence_6d638a,0.8726145651784925,100335.02,100613.59,True,False
Emergent_bounded_carefully_f79645,Emergent_awareness_carefully_9c1d55,0.8728505694442259,100335.02,100613.93,True,False
Emergent_bounded_carefully_f79645,Emergent_autonomy_awareness_201a67,0.8728680994228886,100335.02,100650.06,True,False
Emergent_bounded_carefully_f79645,Emergent_attention_autonomy_af7c63,0.8728680994228886,100335.02,100650.4,True,False
Emergent_bounded_carefully_f79645,Emergent_bounded_coherence_3cb354,0.8728652831787873,100335.02,100668.37,True,False
Emergent_bounded_carefully_f79645,Emergent_bounded_coherence_7a6cb5,0.8728652831787873,100335.02,100668.71,True,False
Emergent_bounded_carefully_f79645,Emergent_abstraction_autonomy_c124af,0.8712872385942474,100335.02,100688.11,True,False
Emergent_bounded_carefully_f79645,Emergent_appears_asymmetry_2723fa,0.8726894525497397,100335.02,100747.22,True,False
Emergent_bounded_carefully_f79645,Emergent_abstraction_identity_7c6ba9,0.8728287788760378,100335.02,100802.48,True,False
Emergent_bounded_carefully_f79645,Emergent_connection_dependency_089968,0.8713696563063826,100335.02,100842.09,True,False
Emergent_bounded_carefully_f79645,Emergent_connection_contradiction_52dd1b,0.8727101373139043,100335.02,100862.51,True,False
Emergent_bounded_carefully_f79645,Emergent_constraint_emergence_180017,0.8727634715235804,100335.02,100960.44,True,False
Emergent_bounded_carefully_f79645,Emergent_bounded_connection_422d1b,0.8714643678534293,100335.02,101042.21,True,False
Emergent_bounded_carefully_f79645,Emergent_bounded_coherence_050662,0.8702173186935529,100335.02,101062.48,True,False
Emergent_bounded_carefully_f79645,Emergent_autonomy_awareness_5ea6d1,0.8761990926839274,100335.02,101105.26,True,False
Emergent_bounded_carefully_f79645,Emergent_belief_revision_bounded_6b3318,0.8536677811698177,100335.02,101126.38,True,False
Emergent_bounded_carefully_f79645,Emergent_abstraction_carefully_799fc4,0.8018437513170933,100335.02,101169.11,True,False
Emergent_bounded_carefully_f79645,Emergent_bounded_coherence_a2e9f5,0.8189663505402773,100335.02,101253.08,True,False
Emergent_bounded_carefully_f79645,Emergent_carefully_coherence_d9db0f,0.923,100335.02,101273.58,True,False
Emergent_bounded_carefully_f79645,Emergent_bounded_emergence_e5f5db,0.9,100335.02,101354.59,True,False
Emergent_bounded_carefully_f79645,Emergent_abstraction_bounded_63ed2d,0.9,100335.02,101354.93,True,False
Emergent_bounded_ego_dissolution_425a2e,Emergent_bounded_equilibrium_28cfff,0.8748662770209383,100351.16,100351.5,True,False
Emergent_bounded_ego_dissolution_425a2e,Emergent_abstraction_ego_dissolution_71f91a,0.8833013113290549,100351.16,100364.16,True,False
Emergent_bounded_ego_dissolution_425a2e,Emergent_abstraction_autonomy_37c4a5,0.8731663378312502,100351.16,100409.14,True,False
Emergent_bounded_ego_dissolution_425a2e,Emergent_abstraction_awareness_cd1340,0.8801672226640722,100351.16,100424.68,True,False
Emergent_bounded_ego_dissolution_425a2e,Emergent_abstraction_carefully_a0ed61,0.880552896178129,100351.16,100442.45,True,False
Emergent_bounded_ego_dissolution_425a2e,Emergent_carefully_coherence_19463a,0.8787236879462217,100351.16,100442.79,True,False
Emergent_bounded_ego_dissolution_425a2e,Emergent_attention_autonomy_3ef5e3,0.8833016321648275,100351.16,100460.44,True,False
Emergent_bounded_ego_dissolution_425a2e,Emergent_abstraction_autonomy_a1d776,0.8833016321648275,100351.16,100460.78,True,False
Emergent_bounded_ego_dissolution_425a2e,Emergent_abstraction_awareness_5f6519,0.8804719672759465,100351.16,100475.06,True,False
Emergent_bounded_ego_dissolution_425a2e,Emergent_equilibrium_identity_eb8211,0.8833010975782738,100351.16,100475.4,True,False
Emergent_bounded_ego_dissolution_425a2e,Emergent_autonomy_bounded_72bafc,0.883300617030848,100351.16,100493.65,True,False
Emergent_bounded_ego_dissolution_425a2e,Emergent_autonomy_awareness_135ecc,0.883301892540026,100351.16,100511.78,True,False
Emergent_bounded_ego_dissolution_425a2e,Emergent_abstraction_autonomy_d2ad9b,0.8833016606102144,100351.16,100530.38,True,False
Emergent_bounded_ego_dissolution_425a2e,Emergent_autonomy_collective_4a8f61,0.8833011872022631,100351.16,100545.66,True,False
Emergent_bounded_ego_dissolution_425a2e,Emergent_autonomy_collective_b1eda1,0.8832945079326662,100351.16,100576.16,True,False
Emergent_bounded_ego_dissolution_425a2e,Emergent_carefully_coherence_6d638a,0.8726145651784925,100351.16,100613.59,True,False
Emergent_bounded_ego_dissolution_425a2e,Emergent_awareness_carefully_9c1d55,0.8832930522551441,100351.16,100613.93,True,False
Emergent_bounded_ego_dissolution_425a2e,Emergent_autonomy_awareness_201a67,0.8788048767007846,100351.16,100650.06,True,False
Emergent_bounded_ego_dissolution_425a2e,Emergent_attention_autonomy_af7c63,0.8817656684441599,100351.16,100650.4,True,False
Emergent_bounded_ego_dissolution_425a2e,Emergent_bounded_coherence_3cb354,0.8833024413642272,100351.16,100668.37,True,False
Emergent_bounded_ego_dissolution_425a2e,Emergent_bounded_coherence_7a6cb5,0.8833024413642272,100351.16,100668.71,True,False
Emergent_bounded_ego_dissolution_425a2e,Emergent_abstraction_autonomy_c124af,0.8712872385942474,100351.16,100688.11,True,False
Emergent_bounded_ego_dissolution_425a2e,Emergent_appears_asymmetry_2723fa,0.883181073419433,100351.16,100747.22,True,False
Emergent_bounded_ego_dissolution_425a2e,Emergent_abstraction_identity_7c6ba9,0.8832675632747771,100351.16,100802.48,True,False
Emergent_bounded_ego_dissolution_425a2e,Emergent_connection_dependency_089968,0.8713696563063826,100351.16,100842.09,True,False
Emergent_bounded_ego_dissolution_425a2e,Emergent_connection_contradiction_52dd1b,0.8810758173845283,100351.16,100862.51,True,False
Emergent_bounded_ego_dissolution_425a2e,Emergent_constraint_emergence_180017,0.8825214080025849,100351.16,100960.44,True,False
Emergent_bounded_ego_dissolution_425a2e,Emergent_bounded_connection_422d1b,0.8719951052284596,100351.16,101042.21,True,False
Emergent_bounded_ego_dissolution_425a2e,Emergent_bounded_coherence_050662,0.8810223231666241,100351.16,101062.48,True,False
Emergent_bounded_ego_dissolution_425a2e,Emergent_autonomy_awareness_5ea6d1,0.8865145105812622,100351.16,101105.26,True,False
Emergent_bounded_ego_dissolution_425a2e,Emergent_belief_revision_bounded_6b3318,0.8657023397310606,100351.16,101126.38,True,False
Emergent_bounded_ego_dissolution_425a2e,Emergent_abstraction_carefully_799fc4,0.8018437513170933,100351.16,101169.11,True,False
Emergent_bounded_ego_dissolution_425a2e,Emergent_bounded_coherence_a2e9f5,0.8335627454615775,100351.16,101253.08,True,False
Emergent_bounded_ego_dissolution_425a2e,Emergent_carefully_coherence_d9db0f,0.923,100351.16,101273.58,True,False
Emergent_bounded_ego_dissolution_425a2e,Emergent_bounded_emergence_e5f5db,0.9,100351.16,101354.59,True,False
Emergent_bounded_ego_dissolution_425a2e,Emergent_abstraction_bounded_63ed2d,0.9,100351.16,101354.93,True,False
Emergent_bounded_equilibrium_28cfff,Emergent_abstraction_ego_dissolution_71f91a,0.8748662789605604,100351.5,100364.16,True,False
Emergent_bounded_equilibrium_28cfff,Emergent_abstraction_autonomy_37c4a5,0.8731663317185816,100351.5,100409.14,True,False
Emergent_bounded_equilibrium_28cfff,Emergent_abstraction_awareness_cd1340,0.874866795838636,100351.5,100424.68,True,False
Emergent_bounded_equilibrium_28cfff,Emergent_abstraction_carefully_a0ed61,0.8748664762249996,100351.5,100442.45,True,False
Emergent_bounded_equilibrium_28cfff,Emergent_carefully_coherence_19463a,0.8748664744500867,100351.5,100442.79,True,False
Emergent_bounded_equilibrium_28cfff,Emergent_attention_autonomy_3ef5e3,0.8748667730112982,100351.5,100460.44,True,False
Emergent_bounded_equilibrium_28cfff,Emergent_abstraction_autonomy_a1d776,0.8748667730112982,100351.5,100460.78,True,False
Emergent_bounded_equilibrium_28cfff,Emergent_abstraction_awareness_5f6519,0.8748659133883401,100351.5,100475.06,True,False
Emergent_bounded_equilibrium_28cfff,Emergent_equilibrium_identity_eb8211,0.8748659357553461,100351.5,100475.4,True,False
Emergent_bounded_equilibrium_28cfff,Emergent_autonomy_bounded_72bafc,0.8748652795984986,100351.5,100493.65,True,False
Emergent_bounded_equilibrium_28cfff,Emergent_autonomy_awareness_135ecc,0.8748672301955749,100351.5,100511.78,True,False
Emergent_bounded_equilibrium_28cfff,Emergent_abstraction_autonomy_d2ad9b,0.8748668988672725,100351.5,100530.38,True,False
Emergent_bounded_equilibrium_28cfff,Emergent_autonomy_collective_4a8f61,0.8748662281946253,100351.5,100545.66,True,False
Emergent_bounded_equilibrium_28cfff,Emergent_autonomy_collective_b1eda1,0.8748564617402186,100351.5,100576.16,True,False
Emergent_bounded_equilibrium_28cfff,Emergent_carefully_coherence_6d638a,0.8726145651784925,100351.5,100613.59,True,False
Emergent_bounded_equilibrium_28cfff,Emergent_awareness_carefully_9c1d55,0.8748540416121451,100351.5,100613.93,True,False
Emergent_bounded_equilibrium_28cfff,Emergent_autonomy_awareness_201a67,0.8748713364682468,100351.5,100650.06,True,False
Emergent_bounded_equilibrium_28cfff,Emergent_attention_autonomy_af7c63,0.8748713364682468,100351.5,100650.4,True,False
Emergent_bounded_equilibrium_28cfff,Emergent_bounded_coherence_3cb354,0.8748685202241455,100351.5,100668.37,True,False
Emergent_bounded_equilibrium_28cfff,Emergent_bounded_coherence_7a6cb5,0.8748685202241455,100351.5,100668.71,True,False
Emergent_bounded_equilibrium_28cfff,Emergent_abstraction_autonomy_c124af,0.8712872385942474,100351.5,100688.11,True,False
Emergent_bounded_equilibrium_28cfff,Emergent_appears_asymmetry_2723fa,0.8746930735897502,100351.5,100747.22,True,False
Emergent_bounded_equilibrium_28cfff,Emergent_abstraction_identity_7c6ba9,0.8748308865547929,100351.5,100802.48,True,False
Emergent_bounded_equilibrium_28cfff,Emergent_connection_dependency_089968,0.8713696563063826,100351.5,100842.09,True,False
Emergent_bounded_equilibrium_28cfff,Emergent_connection_contradiction_52dd1b,0.8747122449926594,100351.5,100862.51,True,False
Emergent_bounded_equilibrium_28cfff,Emergent_constraint_emergence_180017,0.8747557823330536,100351.5,100960.44,True,False
Emergent_bounded_equilibrium_28cfff,Emergent_bounded_connection_422d1b,0.8719951052284596,100351.5,101042.21,True,False
Emergent_bounded_equilibrium_28cfff,Emergent_bounded_coherence_050662,0.8723848375691639,100351.5,101062.48,True,False
Emergent_bounded_equilibrium_28cfff,Emergent_autonomy_awareness_5ea6d1,0.8780637403522353,100351.5,101105.26,True,False
Emergent_bounded_equilibrium_28cfff,Emergent_belief_revision_bounded_6b3318,0.8558431861590945,100351.5,101126.38,True,False
Emergent_bounded_equilibrium_28cfff,Emergent_abstraction_carefully_799fc4,0.8018437513170933,100351.5,101169.11,True,False
Emergent_bounded_equilibrium_28cfff,Emergent_bounded_coherence_a2e9f5,0.8222383753193745,100351.5,101253.08,True,False
Emergent_bounded_equilibrium_28cfff,Emergent_carefully_coherence_d9db0f,0.923,100351.5,101273.58,True,False
Emergent_bounded_equilibrium_28cfff,Emergent_bounded_emergence_e5f5db,0.9,100351.5,101354.59,True,False
Emergent_bounded_equilibrium_28cfff,Emergent_abstraction_bounded_63ed2d,0.9,100351.5,101354.93,True,False
Emergent_abstraction_ego_dissolution_71f91a,Emergent_abstraction_autonomy_37c4a5,0.8731663420603843,100364.16,100409.14,True,False
Emergent_abstraction_ego_dissolution_71f91a,Emergent_abstraction_awareness_cd1340,0.8801672226640722,100364.16,100424.68,True,False
Emergent_abstraction_ego_dissolution_71f91a,Emergent_abstraction_carefully_a0ed61,0.880552896178129,100364.16,100442.45,True,False
Emergent_abstraction_ego_dissolution_71f91a,Emergent_carefully_coherence_19463a,0.8787236879462217,100364.16,100442.79,True,False
Emergent_abstraction_ego_dissolution_71f91a,Emergent_attention_autonomy_3ef5e3,0.8836820904654079,100364.16,100460.44,True,False
Emergent_abstraction_ego_dissolution_71f91a,Emergent_abstraction_autonomy_a1d776,0.8836820904654079,100364.16,100460.78,True,False
Emergent_abstraction_ego_dissolution_71f91a,Emergent_abstraction_awareness_5f6519,0.8804719672759465,100364.16,100475.06,True,False
Emergent_abstraction_ego_dissolution_71f91a,Emergent_equilibrium_identity_eb8211,0.8836815581366113,100364.16,100475.4,True,False
Emergent_abstraction_ego_dissolution_71f91a,Emergent_autonomy_bounded_72bafc,0.8836810766579954,100364.16,100493.65,True,False
Emergent_abstraction_ego_dissolution_71f91a,Emergent_autonomy_awareness_135ecc,0.8836823482250125,100364.16,100511.78,True,False
Emergent_abstraction_ego_dissolution_71f91a,Emergent_abstraction_autonomy_d2ad9b,0.8836821162952009,100364.16,100530.38,True,False
Emergent_abstraction_ego_dissolution_71f91a,Emergent_autonomy_collective_4a8f61,0.8836816427146224,100364.16,100545.66,True,False
Emergent_abstraction_ego_dissolution_71f91a,Emergent_autonomy_collective_b1eda1,0.8836749703397793,100364.16,100576.16,True,False
Emergent_abstraction_ego_dissolution_71f91a,Emergent_carefully_coherence_6d638a,0.8726145651784925,100364.16,100613.59,True,False
Emergent_abstraction_ego_dissolution_71f91a,Emergent_awareness_carefully_9c1d55,0.8836735251157308,100364.16,100613.93,True,False
Emergent_abstraction_ego_dissolution_71f91a,Emergent_autonomy_awareness_201a67,0.8788048767007846,100364.16,100650.06,True,False
Emergent_abstraction_ego_dissolution_71f91a,Emergent_attention_autonomy_af7c63,0.8817656684441599,100364.16,100650.4,True,False
Emergent_abstraction_ego_dissolution_71f91a,Emergent_bounded_coherence_3cb354,0.8836828815190625,100364.16,100668.37,True,False
Emergent_abstraction_ego_dissolution_71f91a,Emergent_bounded_coherence_7a6cb5,0.8836828815190625,100364.16,100668.71,True,False
Emergent_abstraction_ego_dissolution_71f91a,Emergent_abstraction_autonomy_c124af,0.8712872385942474,100364.16,100688.11,True,False
Emergent_abstraction_ego_dissolution_71f91a,Emergent_appears_asymmetry_2723fa,0.8835616473978123,100364.16,100747.22,True,False
Emergent_abstraction_ego_dissolution_71f91a,Emergent_abstraction_identity_7c6ba9,0.883647916452003,100364.16,100802.48,True,False
Emergent_abstraction_ego_dissolution_71f91a,Emergent_connection_dependency_089968,0.8713696563063826,100364.16,100842.09,True,False
Emergent_abstraction_ego_dissolution_71f91a,Emergent_connection_contradiction_52dd1b,0.8810758173845283,100364.16,100862.51,True,False
Emergent_abstraction_ego_dissolution_71f91a,Emergent_constraint_emergence_180017,0.8825214080025849,100364.16,100960.44,True,False
Emergent_abstraction_ego_dissolution_71f91a,Emergent_bounded_connection_422d1b,0.8719951052284596,100364.16,101042.21,True,False
Emergent_abstraction_ego_dissolution_71f91a,Emergent_bounded_coherence_050662,0.8810469664804996,100364.16,101062.48,True,False
Emergent_abstraction_ego_dissolution_71f91a,Emergent_autonomy_awareness_5ea6d1,0.88688504501064,100364.16,101105.26,True,False
Emergent_abstraction_ego_dissolution_71f91a,Emergent_belief_revision_bounded_6b3318,0.8661346264627943,100364.16,101126.38,True,False
Emergent_abstraction_ego_dissolution_71f91a,Emergent_abstraction_carefully_799fc4,0.8018437513170933,100364.16,101169.11,True,False
Emergent_abstraction_ego_dissolution_71f91a,Emergent_bounded_coherence_a2e9f5,0.8335627454615775,100364.16,101253.08,True,False
Emergent_abstraction_ego_dissolution_71f91a,Emergent_carefully_coherence_d9db0f,0.923,100364.16,101273.58,True,False
Emergent_abstraction_ego_dissolution_71f91a,Emergent_bounded_emergence_e5f5db,0.9,100364.16,101354.59,True,False
Emergent_abstraction_ego_dissolution_71f91a,Emergent_abstraction_bounded_63ed2d,0.9,100364.16,101354.93,True,False
Emergent_abstraction_autonomy_37c4a5,Emergent_abstraction_awareness_cd1340,0.8731664988129406,100409.14,100424.68,True,False
Emergent_abstraction_autonomy_37c4a5,Emergent_abstraction_carefully_a0ed61,0.8731661716433194,100409.14,100442.45,True,False
Emergent_abstraction_autonomy_37c4a5,Emergent_carefully_coherence_19463a,0.8731661698841882,100409.14,100442.79,True,False
Emergent_abstraction_autonomy_37c4a5,Emergent_attention_autonomy_3ef5e3,0.8731664799374481,100409.14,100460.44,True,False
Emergent_abstraction_autonomy_37c4a5,Emergent_abstraction_autonomy_a1d776,0.8731664799374481,100409.14,100460.78,True,False
Emergent_abstraction_autonomy_37c4a5,Emergent_abstraction_awareness_5f6519,0.8731656067377651,100409.14,100475.06,True,False
Emergent_abstraction_autonomy_37c4a5,Emergent_equilibrium_identity_eb8211,0.8731656289058951,100409.14,100475.4,True,False
Emergent_abstraction_autonomy_37c4a5,Emergent_autonomy_bounded_72bafc,0.8731649784306617,100409.14,100493.65,True,False
Emergent_abstraction_autonomy_37c4a5,Emergent_autonomy_awareness_135ecc,0.8731669530806516,100409.14,100511.78,True,False
Emergent_abstraction_autonomy_37c4a5,Emergent_abstraction_autonomy_d2ad9b,0.8731666217523493,100409.14,100530.38,True,False
Emergent_abstraction_autonomy_37c4a5,Emergent_autonomy_collective_4a8f61,0.8731659521329773,100409.14,100545.66,True,False
Emergent_abstraction_autonomy_37c4a5,Emergent_autonomy_collective_b1eda1,0.873156143610549,100409.14,100576.16,True,False
Emergent_abstraction_autonomy_37c4a5,Emergent_carefully_coherence_6d638a,0.8726145651784925,100409.14,100613.59,True,False
Emergent_abstraction_autonomy_37c4a5,Emergent_awareness_carefully_9c1d55,0.8731536597010885,100409.14,100613.93,True,False
Emergent_abstraction_autonomy_37c4a5,Emergent_autonomy_awareness_201a67,0.873171154109825,100409.14,100650.06,True,False
Emergent_abstraction_autonomy_37c4a5,Emergent_attention_autonomy_af7c63,0.873171154109825,100409.14,100650.4,True,False
Emergent_abstraction_autonomy_37c4a5,Emergent_bounded_coherence_3cb354,0.8731683378657236,100409.14,100668.37,True,False
Emergent_abstraction_autonomy_37c4a5,Emergent_bounded_coherence_7a6cb5,0.8731683378657236,100409.14,100668.71,True,False
Emergent_abstraction_autonomy_37c4a5,Emergent_abstraction_autonomy_c124af,0.8712872385942474,100409.14,100688.11,True,False
Emergent_abstraction_autonomy_37c4a5,Emergent_appears_asymmetry_2723fa,0.8729925653283428,100409.14,100747.22,True,False
Emergent_abstraction_autonomy_37c4a5,Emergent_abstraction_identity_7c6ba9,0.8731316627095831,100409.14,100802.48,True,False
Emergent_abstraction_autonomy_37c4a5,Emergent_connection_dependency_089968,0.8713696563063826,100409.14,100842.09,True,False
Emergent_abstraction_autonomy_37c4a5,Emergent_connection_contradiction_52dd1b,0.8730130211474496,100409.14,100862.51,True,False
Emergent_abstraction_autonomy_37c4a5,Emergent_constraint_emergence_180017,0.8730648732623529,100409.14,100960.44,True,False
Emergent_abstraction_autonomy_37c4a5,Emergent_bounded_connection_422d1b,0.8717657695922021,100409.14,101042.21,True,False
Emergent_abstraction_autonomy_37c4a5,Emergent_bounded_coherence_050662,0.8705452263447213,100409.14,101062.48,True,False
Emergent_abstraction_autonomy_37c4a5,Emergent_autonomy_awareness_5ea6d1,0.8764811812249091,100409.14,101105.26,True,False
Emergent_abstraction_autonomy_37c4a5,Emergent_belief_revision_bounded_6b3318,0.8539968818518924,100409.14,101126.38,True,False
Emergent_abstraction_autonomy_37c4a5,Emergent_abstraction_carefully_799fc4,0.8018437513170933,100409.14,101169.11,True,False
Emergent_abstraction_autonomy_37c4a5,Emergent_bounded_coherence_a2e9f5,0.8194613505940027,100409.14,101253.08,True,False
Emergent_abstraction_autonomy_37c4a5,Emergent_carefully_coherence_d9db0f,0.923,100409.14,101273.58,True,False
Emergent_abstraction_autonomy_37c4a5,Emergent_bounded_emergence_e5f5db,0.9,100409.14,101354.59,True,False
Emergent_abstraction_autonomy_37c4a5,Emergent_abstraction_bounded_63ed2d,0.9,100409.14,101354.93,True,False
Emergent_abstraction_awareness_cd1340,Emergent_abstraction_carefully_a0ed61,0.8801670169773192,100424.68,100442.45,True,False
Emergent_abstraction_awareness_cd1340,Emergent_carefully_coherence_19463a,0.8787236879462217,100424.68,100442.79,True,False
Emergent_abstraction_awareness_cd1340,Emergent_attention_autonomy_3ef5e3,0.8801671972484002,100424.68,100460.44,True,False
Emergent_abstraction_awareness_cd1340,Emergent_abstraction_autonomy_a1d776,0.8801671972484002,100424.68,100460.78,True,False
Emergent_abstraction_awareness_cd1340,Emergent_abstraction_awareness_5f6519,0.880166627931932,100424.68,100475.06,True,False
Emergent_abstraction_awareness_cd1340,Emergent_equilibrium_identity_eb8211,0.8801666440637284,100424.68,100475.4,True,False
Emergent_abstraction_awareness_cd1340,Emergent_autonomy_bounded_72bafc,0.8801661711869175,100424.68,100493.65,True,False
Emergent_abstraction_awareness_cd1340,Emergent_autonomy_awareness_135ecc,0.8801674791693752,100424.68,100511.78,True,False
Emergent_abstraction_awareness_cd1340,Emergent_abstraction_autonomy_d2ad9b,0.8801672472395634,100424.68,100530.38,True,False
Emergent_abstraction_awareness_cd1340,Emergent_autonomy_collective_4a8f61,0.8801667752536144,100424.68,100545.66,True,False
Emergent_abstraction_awareness_cd1340,Emergent_autonomy_collective_b1eda1,0.8801600391889597,100424.68,100576.16,True,False
Emergent_abstraction_awareness_cd1340,Emergent_carefully_coherence_6d638a,0.8726145651784925,100424.68,100613.59,True,False
Emergent_abstraction_awareness_cd1340,Emergent_awareness_carefully_9c1d55,0.8801584974016703,100424.68,100613.93,True,False
Emergent_abstraction_awareness_cd1340,Emergent_autonomy_awareness_201a67,0.8788048767007846,100424.68,100650.06,True,False
Emergent_abstraction_awareness_cd1340,Emergent_attention_autonomy_af7c63,0.880170127292996,100424.68,100650.4,True,False
Emergent_abstraction_awareness_cd1340,Emergent_bounded_coherence_3cb354,0.8801681559221253,100424.68,100668.37,True,False
Emergent_abstraction_awareness_cd1340,Emergent_bounded_coherence_7a6cb5,0.8801681559221253,100424.68,100668.71,True,False
Emergent_abstraction_awareness_cd1340,Emergent_abstraction_autonomy_c124af,0.8712872385942474,100424.68,100688.11,True,False
Emergent_abstraction_awareness_cd1340,Emergent_appears_asymmetry_2723fa,0.8800461214955966,100424.68,100747.22,True,False
Emergent_abstraction_awareness_cd1340,Emergent_abstraction_identity_7c6ba9,0.8801344301852254,100424.68,100802.48,True,False
Emergent_abstraction_awareness_cd1340,Emergent_connection_dependency_089968,0.8713696563063826,100424.68,100842.09,True,False
Emergent_abstraction_awareness_cd1340,Emergent_connection_contradiction_52dd1b,0.8802586361525473,100424.68,100862.51,True,False
Emergent_abstraction_awareness_cd1340,Emergent_constraint_emergence_180017,0.880273809647073,100424.68,100960.44,True,False
Emergent_abstraction_awareness_cd1340,Emergent_bounded_connection_422d1b,0.8719951052284596,100424.68,101042.21,True,False
Emergent_abstraction_awareness_cd1340,Emergent_bounded_coherence_050662,0.8779099248645748,100424.68,101062.48,True,False
Emergent_abstraction_awareness_cd1340,Emergent_autonomy_awareness_5ea6d1,0.8834622587505565,100424.68,101105.26,True,False
Emergent_abstraction_awareness_cd1340,Emergent_belief_revision_bounded_6b3318,0.8621414075646789,100424.68,101126.38,True,False
Emergent_abstraction_awareness_cd1340,Emergent_abstraction_carefully_799fc4,0.8018437513170933,100424.68,101169.11,True,False
Emergent_abstraction_awareness_cd1340,Emergent_bounded_coherence_a2e9f5,0.8317115247351818,100424.68,101253.08,True,False
Emergent_abstraction_awareness_cd1340,Emergent_carefully_coherence_d9db0f,0.923,100424.68,101273.58,True,False
Emergent_abstraction_awareness_cd1340,Emergent_bounded_emergence_e5f5db,0.9,100424.68,101354.59,True,False
Emergent_abstraction_awareness_cd1340,Emergent_abstraction_bounded_63ed2d,0.9,100424.68,101354.93,True,False
Emergent_abstraction_carefully_a0ed61,Emergent_carefully_coherence_19463a,0.8787235539260478,100442.45,100442.79,True,False
Emergent_abstraction_carefully_a0ed61,Emergent_attention_autonomy_3ef5e3,0.8805530745366703,100442.45,100460.44,True,False
Emergent_abstraction_carefully_a0ed61,Emergent_abstraction_autonomy_a1d776,0.8805530745366703,100442.45,100460.78,True,False
Emergent_abstraction_carefully_a0ed61,Emergent_abstraction_awareness_5f6519,0.8804719672759465,100442.45,100475.06,True,False
Emergent_abstraction_carefully_a0ed61,Emergent_equilibrium_identity_eb8211,0.8805525236414298,100442.45,100475.4,True,False
Emergent_abstraction_carefully_a0ed61,Emergent_autonomy_bounded_72bafc,0.880552049820365,100442.45,100493.65,True,False
Emergent_abstraction_carefully_a0ed61,Emergent_autonomy_awareness_135ecc,0.8805533538053572,100442.45,100511.78,True,False
Emergent_abstraction_carefully_a0ed61,Emergent_abstraction_autonomy_d2ad9b,0.8805531218755454,100442.45,100530.38,True,False
Emergent_abstraction_carefully_a0ed61,Emergent_autonomy_collective_4a8f61,0.8805526497145477,100442.45,100545.66,True,False
Emergent_abstraction_carefully_a0ed61,Emergent_autonomy_collective_b1eda1,0.8805459206413728,100442.45,100576.16,True,False
Emergent_abstraction_carefully_a0ed61,Emergent_carefully_coherence_6d638a,0.8726145651784925,100442.45,100613.59,True,False
Emergent_abstraction_carefully_a0ed61,Emergent_awareness_carefully_9c1d55,0.8805443894542089,100442.45,100613.93,True,False
Emergent_abstraction_carefully_a0ed61,Emergent_autonomy_awareness_201a67,0.8788048767007846,100442.45,100650.06,True,False
Emergent_abstraction_carefully_a0ed61,Emergent_attention_autonomy_af7c63,0.8805559861809544,100442.45,100650.4,True,False
Emergent_abstraction_carefully_a0ed61,Emergent_bounded_coherence_3cb354,0.8805540148100837,100442.45,100668.37,True,False
Emergent_abstraction_carefully_a0ed61,Emergent_bounded_coherence_7a6cb5,0.8805540148100837,100442.45,100668.71,True,False
Emergent_abstraction_carefully_a0ed61,Emergent_abstraction_autonomy_c124af,0.8712872385942474,100442.45,100688.11,True,False
Emergent_abstraction_carefully_a0ed61,Emergent_appears_asymmetry_2723fa,0.8804320345468875,100442.45,100747.22,True,False
Emergent_abstraction_carefully_a0ed61,Emergent_abstraction_identity_7c6ba9,0.8805201193377432,100442.45,100802.48,True,False
Emergent_abstraction_carefully_a0ed61,Emergent_connection_dependency_089968,0.8713696563063826,100442.45,100842.09,True,False
Emergent_abstraction_carefully_a0ed61,Emergent_connection_contradiction_52dd1b,0.8806441922863193,100442.45,100862.51,True,False
Emergent_abstraction_carefully_a0ed61,Emergent_constraint_emergence_180017,0.8806573916793607,100442.45,100960.44,True,False
Emergent_abstraction_carefully_a0ed61,Emergent_bounded_connection_422d1b,0.8719951052284596,100442.45,101042.21,True,False
Emergent_abstraction_carefully_a0ed61,Emergent_bounded_coherence_050662,0.8782930615616462,100442.45,101062.48,True,False
Emergent_abstraction_carefully_a0ed61,Emergent_autonomy_awareness_5ea6d1,0.8838379914079986,100442.45,101105.26,True,False
Emergent_abstraction_carefully_a0ed61,Emergent_belief_revision_bounded_6b3318,0.862579758847619,100442.45,101126.38,True,False
Emergent_abstraction_carefully_a0ed61,Emergent_abstraction_carefully_799fc4,0.8018437513170933,100442.45,101169.11,True,False
Emergent_abstraction_carefully_a0ed61,Emergent_bounded_coherence_a2e9f5,0.8323708485239927,100442.45,101253.08,True,False
Emergent_abstraction_carefully_a0ed61,Emergent_carefully_coherence_d9db0f,0.923,100442.45,101273.58,True,False
Emergent_abstraction_carefully_a0ed61,Emergent_bounded_emergence_e5f5db,0.9,100442.45,101354.59,True,False
Emergent_abstraction_carefully_a0ed61,Emergent_abstraction_bounded_63ed2d,0.9,100442.45,101354.93,True,False
Emergent_carefully_coherence_19463a,Emergent_attention_autonomy_3ef5e3,0.8787238766412062,100442.79,100460.44,True,False
Emergent_carefully_coherence_19463a,Emergent_abstraction_autonomy_a1d776,0.8787238766412062,100442.79,100460.78,True,False
Emergent_carefully_coherence_19463a,Emergent_abstraction_awareness_5f6519,0.8787232988850648,100442.79,100475.06,True,False
Emergent_carefully_coherence_19463a,Emergent_equilibrium_identity_eb8211,0.8787233148932343,100442.79,100475.4,True,False
Emergent_carefully_coherence_19463a,Emergent_autonomy_bounded_72bafc,0.8787228455482738,100442.79,100493.65,True,False
Emergent_carefully_coherence_19463a,Emergent_autonomy_awareness_135ecc,0.8787241684826985,100442.79,100511.78,True,False
Emergent_carefully_coherence_19463a,Emergent_abstraction_autonomy_d2ad9b,0.8787239365528869,100442.79,100530.38,True,False
Emergent_carefully_coherence_19463a,Emergent_autonomy_collective_4a8f61,0.8787234652216833,100442.79,100545.66,True,False
Emergent_carefully_coherence_19463a,Emergent_autonomy_collective_b1eda1,0.8787167030063645,100442.79,100576.16,True,False
Emergent_carefully_coherence_19463a,Emergent_carefully_coherence_6d638a,0.8726145651784925,100442.79,100613.59,True,False
Emergent_carefully_coherence_19463a,Emergent_awareness_carefully_9c1d55,0.8787151215707731,100442.79,100613.93,True,False
Emergent_carefully_coherence_19463a,Emergent_autonomy_awareness_201a67,0.8787268755096229,100442.79,100650.06,True,False
Emergent_carefully_coherence_19463a,Emergent_attention_autonomy_af7c63,0.8787268755096229,100442.79,100650.4,True,False
Emergent_carefully_coherence_19463a,Emergent_bounded_coherence_3cb354,0.8787249041387519,100442.79,100668.37,True,False
Emergent_carefully_coherence_19463a,Emergent_bounded_coherence_7a6cb5,0.8787249041387519,100442.79,100668.71,True,False
Emergent_carefully_coherence_19463a,Emergent_abstraction_autonomy_c124af,0.8712872385942474,100442.79,100688.11,True,False
Emergent_carefully_coherence_19463a,Emergent_appears_asymmetry_2723fa,0.8786026671217717,100442.79,100747.22,True,False
Emergent_carefully_coherence_19463a,Emergent_abstraction_identity_7c6ba9,0.8786918132737818,100442.79,100802.48,True,False
Emergent_carefully_coherence_19463a,Emergent_connection_dependency_089968,0.8713696563063826,100442.79,100842.09,True,False
Emergent_carefully_coherence_19463a,Emergent_connection_contradiction_52dd1b,0.8788165167793194,100442.79,100862.51,True,False
Emergent_carefully_coherence_19463a,Emergent_constraint_emergence_180017,0.8788390741273127,100442.79,100960.44,True,False
Emergent_carefully_coherence_19463a,Emergent_bounded_connection_422d1b,0.8719951052284596,100442.79,101042.21,True,False
Emergent_carefully_coherence_19463a,Emergent_bounded_coherence_050662,0.8764768550595743,100442.79,101062.48,True,False
Emergent_carefully_coherence_19463a,Emergent_autonomy_awareness_5ea6d1,0.8820568827313751,100442.79,101105.26,True,False
Emergent_carefully_coherence_19463a,Emergent_belief_revision_bounded_6b3318,0.8605018152406709,100442.79,101126.38,True,False
Emergent_carefully_coherence_19463a,Emergent_abstraction_carefully_799fc4,0.8018437513170933,100442.79,101169.11,True,False
Emergent_carefully_coherence_19463a,Emergent_bounded_coherence_a2e9f5,0.8292454153264894,100442.79,101253.08,True,False
Emergent_carefully_coherence_19463a,Emergent_carefully_coherence_d9db0f,0.923,100442.79,101273.58,True,False
Emergent_carefully_coherence_19463a,Emergent_bounded_emergence_e5f5db,0.9,100442.79,101354.59,True,False
Emergent_carefully_coherence_19463a,Emergent_abstraction_bounded_63ed2d,0.9,100442.79,101354.93,True,False
Emergent_attention_autonomy_3ef5e3,Emergent_abstraction_autonomy_a1d776,0.8912046954227255,100460.44,100460.78,True,False
Emergent_attention_autonomy_3ef5e3,Emergent_abstraction_awareness_5f6519,0.8804719672759465,100460.44,100475.06,True,False
Emergent_attention_autonomy_3ef5e3,Emergent_equilibrium_identity_eb8211,0.8886634533680116,100460.44,100475.4,True,False
Emergent_attention_autonomy_3ef5e3,Emergent_autonomy_bounded_72bafc,0.8912038934666393,100460.44,100493.65,True,False
Emergent_attention_autonomy_3ef5e3,Emergent_autonomy_awareness_135ecc,0.8874805078221542,100460.44,100511.78,True,False
Emergent_attention_autonomy_3ef5e3,Emergent_abstraction_autonomy_d2ad9b,0.8912048551556138,100460.44,100530.38,True,False
Emergent_attention_autonomy_3ef5e3,Emergent_autonomy_collective_4a8f61,0.8912043781616881,100460.44,100545.66,True,False
Emergent_attention_autonomy_3ef5e3,Emergent_autonomy_collective_b1eda1,0.8911978421166016,100460.44,100576.16,True,False
Emergent_attention_autonomy_3ef5e3,Emergent_carefully_coherence_6d638a,0.8726145651784925,100460.44,100613.59,True,False
Emergent_attention_autonomy_3ef5e3,Emergent_awareness_carefully_9c1d55,0.8905522825604162,100460.44,100613.93,True,False
Emergent_attention_autonomy_3ef5e3,Emergent_autonomy_awareness_201a67,0.8788048767007846,100460.44,100650.06,True,False
Emergent_attention_autonomy_3ef5e3,Emergent_attention_autonomy_af7c63,0.8817656684441599,100460.44,100650.4,True,False
Emergent_attention_autonomy_3ef5e3,Emergent_bounded_coherence_3cb354,0.8912053133022637,100460.44,100668.37,True,False
Emergent_attention_autonomy_3ef5e3,Emergent_bounded_coherence_7a6cb5,0.8857660521960942,100460.44,100668.71,True,False
Emergent_attention_autonomy_3ef5e3,Emergent_abstraction_autonomy_c124af,0.8712872385942474,100460.44,100688.11,True,False
Emergent_attention_autonomy_3ef5e3,Emergent_appears_asymmetry_2723fa,0.8910867252699335,100460.44,100747.22,True,False
Emergent_attention_autonomy_3ef5e3,Emergent_abstraction_identity_7c6ba9,0.8895901665388846,100460.44,100802.48,True,False
Emergent_attention_autonomy_3ef5e3,Emergent_connection_dependency_089968,0.8713696563063826,100460.44,100842.09,True,False
Emergent_attention_autonomy_3ef5e3,Emergent_connection_contradiction_52dd1b,0.8810758173845283,100460.44,100862.51,True,False
Emergent_attention_autonomy_3ef5e3,Emergent_constraint_emergence_180017,0.8825214080025849,100460.44,100960.44,True,False
Emergent_attention_autonomy_3ef5e3,Emergent_bounded_connection_422d1b,0.8719951052284596,100460.44,101042.21,True,False
Emergent_attention_autonomy_3ef5e3,Emergent_bounded_coherence_050662,0.8810469664804996,100460.44,101062.48,True,False
Emergent_attention_autonomy_3ef5e3,Emergent_autonomy_awareness_5ea6d1,0.8942116111811591,100460.44,101105.26,True,False
Emergent_attention_autonomy_3ef5e3,Emergent_belief_revision_bounded_6b3318,0.8746822190576335,100460.44,101126.38,True,False
Emergent_attention_autonomy_3ef5e3,Emergent_abstraction_carefully_799fc4,0.8018437513170933,100460.44,101169.11,True,False
Emergent_attention_autonomy_3ef5e3,Emergent_bounded_coherence_a2e9f5,0.8335627454615775,100460.44,101253.08,True,False
Emergent_attention_autonomy_3ef5e3,Emergent_carefully_coherence_d9db0f,0.923,100460.44,101273.58,True,False
Emergent_attention_autonomy_3ef5e3,Emergent_bounded_emergence_e5f5db,0.9,100460.44,101354.59,True,False
Emergent_attention_autonomy_3ef5e3,Emergent_abstraction_bounded_63ed2d,0.9,100460.44,101354.93,True,False
Emergent_abstraction_autonomy_a1d776,Emergent_abstraction_awareness_5f6519,0.8804719672759465,100460.78,100475.06,True,False
Emergent_abstraction_autonomy_a1d776,Emergent_equilibrium_identity_eb8211,0.8886634533680116,100460.78,100475.4,True,False
Emergent_abstraction_autonomy_a1d776,Emergent_autonomy_bounded_72bafc,0.8935006557114542,100460.78,100493.65,True,False
Emergent_abstraction_autonomy_a1d776,Emergent_autonomy_awareness_135ecc,0.8874805078221542,100460.78,100511.78,True,False
Emergent_abstraction_autonomy_a1d776,Emergent_abstraction_autonomy_d2ad9b,0.8919122024673101,100460.78,100530.38,True,False
Emergent_abstraction_autonomy_a1d776,Emergent_autonomy_collective_4a8f61,0.8940880282239176,100460.78,100545.66,True,False
Emergent_abstraction_autonomy_a1d776,Emergent_autonomy_collective_b1eda1,0.894571162370289,100460.78,100576.16,True,False
Emergent_abstraction_autonomy_a1d776,Emergent_carefully_coherence_6d638a,0.8726145651784925,100460.78,100613.59,True,False
Emergent_abstraction_autonomy_a1d776,Emergent_awareness_carefully_9c1d55,0.8905522825604162,100460.78,100613.93,True,False
Emergent_abstraction_autonomy_a1d776,Emergent_autonomy_awareness_201a67,0.8788048767007846,100460.78,100650.06,True,False
Emergent_abstraction_autonomy_a1d776,Emergent_attention_autonomy_af7c63,0.8817656684441599,100460.78,100650.4,True,False
Emergent_abstraction_autonomy_a1d776,Emergent_bounded_coherence_3cb354,0.8960511032283975,100460.78,100668.37,True,False
Emergent_abstraction_autonomy_a1d776,Emergent_bounded_coherence_7a6cb5,0.8857660521960942,100460.78,100668.71,True,False
Emergent_abstraction_autonomy_a1d776,Emergent_abstraction_autonomy_c124af,0.8712872385942474,100460.78,100688.11,True,False
Emergent_abstraction_autonomy_a1d776,Emergent_appears_asymmetry_2723fa,0.8914171049332276,100460.78,100747.22,True,False
Emergent_abstraction_autonomy_a1d776,Emergent_abstraction_identity_7c6ba9,0.8895901665388846,100460.78,100802.48,True,False
Emergent_abstraction_autonomy_a1d776,Emergent_connection_dependency_089968,0.8713696563063826,100460.78,100842.09,True,False
Emergent_abstraction_autonomy_a1d776,Emergent_connection_contradiction_52dd1b,0.8810758173845283,100460.78,100862.51,True,False
Emergent_abstraction_autonomy_a1d776,Emergent_constraint_emergence_180017,0.8825214080025849,100460.78,100960.44,True,False
Emergent_abstraction_autonomy_a1d776,Emergent_bounded_connection_422d1b,0.8719951052284596,100460.78,101042.21,True,False
Emergent_abstraction_autonomy_a1d776,Emergent_bounded_coherence_050662,0.8810469664804996,100460.78,101062.48,True,False
Emergent_abstraction_autonomy_a1d776,Emergent_autonomy_awareness_5ea6d1,0.8975099322811089,100460.78,101105.26,True,False
Emergent_abstraction_autonomy_a1d776,Emergent_belief_revision_bounded_6b3318,0.8759630038876522,100460.78,101126.38,True,False
Emergent_abstraction_autonomy_a1d776,Emergent_abstraction_carefully_799fc4,0.8018437513170933,100460.78,101169.11,True,False
Emergent_abstraction_autonomy_a1d776,Emergent_bounded_coherence_a2e9f5,0.8335627454615775,100460.78,101253.08,True,False
Emergent_abstraction_autonomy_a1d776,Emergent_carefully_coherence_d9db0f,0.923,100460.78,101273.58,True,False
Emergent_abstraction_autonomy_a1d776,Emergent_bounded_emergence_e5f5db,0.9,100460.78,101354.59,True,False
Emergent_abstraction_autonomy_a1d776,Emergent_abstraction_bounded_63ed2d,0.9,100460.78,101354.93,True,False
Emergent_abstraction_awareness_5f6519,Emergent_equilibrium_identity_eb8211,0.8804716749895767,100475.06,100475.4,True,False
Emergent_abstraction_awareness_5f6519,Emergent_autonomy_bounded_72bafc,0.8804713953536327,100475.06,100493.65,True,False
Emergent_abstraction_awareness_5f6519,Emergent_autonomy_awareness_135ecc,0.8804728146292518,100475.06,100511.78,True,False
Emergent_abstraction_awareness_5f6519,Emergent_abstraction_autonomy_d2ad9b,0.8804725826994402,100475.06,100530.38,True,False
Emergent_abstraction_awareness_5f6519,Emergent_autonomy_collective_4a8f61,0.8804721105749784,100475.06,100545.66,True,False
Emergent_abstraction_awareness_5f6519,Emergent_autonomy_collective_b1eda1,0.8804653800425524,100475.06,100576.16,True,False
Emergent_abstraction_awareness_5f6519,Emergent_carefully_coherence_6d638a,0.8726145651784925,100475.06,100613.59,True,False
Emergent_abstraction_awareness_5f6519,Emergent_awareness_carefully_9c1d55,0.880463846642946,100475.06,100613.93,True,False
Emergent_abstraction_awareness_5f6519,Emergent_autonomy_awareness_201a67,0.8788048767007846,100475.06,100650.06,True,False
Emergent_abstraction_awareness_5f6519,Emergent_attention_autonomy_af7c63,0.8804754502917531,100475.06,100650.4,True,False
Emergent_abstraction_awareness_5f6519,Emergent_bounded_coherence_3cb354,0.8804734789208821,100475.06,100668.37,True,False
Emergent_abstraction_awareness_5f6519,Emergent_bounded_coherence_7a6cb5,0.8804734789208821,100475.06,100668.71,True,False
Emergent_abstraction_awareness_5f6519,Emergent_abstraction_autonomy_c124af,0.8712872385942474,100475.06,100688.11,True,False
Emergent_abstraction_awareness_5f6519,Emergent_appears_asymmetry_2723fa,0.8803514873527964,100475.06,100747.22,True,False
Emergent_abstraction_awareness_5f6519,Emergent_abstraction_identity_7c6ba9,0.8804396188754688,100475.06,100802.48,True,False
Emergent_abstraction_awareness_5f6519,Emergent_connection_dependency_089968,0.8713696563063826,100475.06,100842.09,True,False
Emergent_abstraction_awareness_5f6519,Emergent_connection_contradiction_52dd1b,0.8805637195875184,100475.06,100862.51,True,False
Emergent_abstraction_awareness_5f6519,Emergent_constraint_emergence_180017,0.8805773310120648,100475.06,100960.44,True,False
Emergent_abstraction_awareness_5f6519,Emergent_bounded_connection_422d1b,0.8719951052284596,100475.06,101042.21,True,False
Emergent_abstraction_awareness_5f6519,Emergent_bounded_coherence_050662,0.8782130938440498,100475.06,101062.48,True,False
Emergent_abstraction_awareness_5f6519,Emergent_autonomy_awareness_5ea6d1,0.8837595690504647,100475.06,101105.26,True,False
Emergent_abstraction_awareness_5f6519,Emergent_belief_revision_bounded_6b3318,0.8624882668243536,100475.06,101126.38,True,False
Emergent_abstraction_awareness_5f6519,Emergent_abstraction_carefully_799fc4,0.8018437513170933,100475.06,101169.11,True,False
Emergent_abstraction_awareness_5f6519,Emergent_bounded_coherence_a2e9f5,0.8322332354502484,100475.06,101253.08,True,False
Emergent_abstraction_awareness_5f6519,Emergent_carefully_coherence_d9db0f,0.923,100475.06,101273.58,True,False
Emergent_abstraction_awareness_5f6519,Emergent_bounded_emergence_e5f5db,0.9,100475.06,101354.59,True,False
Emergent_abstraction_awareness_5f6519,Emergent_abstraction_bounded_63ed2d,0.9,100475.06,101354.93,True,False
Emergent_equilibrium_identity_eb8211,Emergent_autonomy_bounded_72bafc,0.888662861724848,100475.4,100493.65,True,False
Emergent_equilibrium_identity_eb8211,Emergent_autonomy_awareness_135ecc,0.8874805078221542,100475.4,100511.78,True,False
Emergent_equilibrium_identity_eb8211,Emergent_abstraction_autonomy_d2ad9b,0.888663947713088,100475.4,100530.38,True,False
Emergent_equilibrium_identity_eb8211,Emergent_autonomy_collective_4a8f61,0.888663471872067,100475.4,100545.66,True,False
Emergent_equilibrium_identity_eb8211,Emergent_autonomy_collective_b1eda1,0.8886568897797493,100475.4,100576.16,True,False
Emergent_equilibrium_identity_eb8211,Emergent_carefully_coherence_6d638a,0.8726145651784925,100475.4,100613.59,True,False
Emergent_equilibrium_identity_eb8211,Emergent_awareness_carefully_9c1d55,0.8886555814374577,100475.4,100613.93,True,False
Emergent_equilibrium_identity_eb8211,Emergent_autonomy_awareness_201a67,0.8788048767007846,100475.4,100650.06,True,False
Emergent_equilibrium_identity_eb8211,Emergent_attention_autonomy_af7c63,0.8817656684441599,100475.4,100650.4,True,False
Emergent_equilibrium_identity_eb8211,Emergent_bounded_coherence_3cb354,0.8886645095792458,100475.4,100668.37,True,False
Emergent_equilibrium_identity_eb8211,Emergent_bounded_coherence_7a6cb5,0.8857660521960942,100475.4,100668.71,True,False
Emergent_equilibrium_identity_eb8211,Emergent_abstraction_autonomy_c124af,0.8712872385942474,100475.4,100688.11,True,False
Emergent_equilibrium_identity_eb8211,Emergent_appears_asymmetry_2723fa,0.8885450277943667,100475.4,100747.22,True,False
Emergent_equilibrium_identity_eb8211,Emergent_abstraction_identity_7c6ba9,0.8886284055942928,100475.4,100802.48,True,False
Emergent_equilibrium_identity_eb8211,Emergent_connection_dependency_089968,0.8713696563063826,100475.4,100842.09,True,False
Emergent_equilibrium_identity_eb8211,Emergent_connection_contradiction_52dd1b,0.8810758173845283,100475.4,100862.51,True,False
Emergent_equilibrium_identity_eb8211,Emergent_constraint_emergence_180017,0.8825214080025849,100475.4,100960.44,True,False
Emergent_equilibrium_identity_eb8211,Emergent_bounded_connection_422d1b,0.8719951052284596,100475.4,101042.21,True,False
Emergent_equilibrium_identity_eb8211,Emergent_bounded_coherence_050662,0.8810469664804996,100475.4,101062.48,True,False
Emergent_equilibrium_identity_eb8211,Emergent_autonomy_awareness_5ea6d1,0.8917369637347623,100475.4,101105.26,True,False
Emergent_equilibrium_identity_eb8211,Emergent_belief_revision_bounded_6b3318,0.8717951533169634,100475.4,101126.38,True,False
Emergent_equilibrium_identity_eb8211,Emergent_abstraction_carefully_799fc4,0.8018437513170933,100475.4,101169.11,True,False
Emergent_equilibrium_identity_eb8211,Emergent_bounded_coherence_a2e9f5,0.8335627454615775,100475.4,101253.08,True,False
Emergent_equilibrium_identity_eb8211,Emergent_carefully_coherence_d9db0f,0.923,100475.4,101273.58,True,False
Emergent_equilibrium_identity_eb8211,Emergent_bounded_emergence_e5f5db,0.9,100475.4,101354.59,True,False
Emergent_equilibrium_identity_eb8211,Emergent_abstraction_bounded_63ed2d,0.9,100475.4,101354.93,True,False
Emergent_autonomy_bounded_72bafc,Emergent_autonomy_awareness_135ecc,0.8874804677769512,100493.65,100511.78,True,False
Emergent_autonomy_bounded_72bafc,Emergent_abstraction_autonomy_d2ad9b,0.8919122024673101,100493.65,100530.38,True,False
Emergent_autonomy_bounded_72bafc,Emergent_autonomy_collective_4a8f61,0.8935011155663128,100493.65,100545.66,True,False
Emergent_autonomy_bounded_72bafc,Emergent_autonomy_collective_b1eda1,0.8934946211435397,100493.65,100576.16,True,False
Emergent_autonomy_bounded_72bafc,Emergent_carefully_coherence_6d638a,0.8726145651784925,100493.65,100613.59,True,False
Emergent_autonomy_bounded_72bafc,Emergent_awareness_carefully_9c1d55,0.8905522825604162,100493.65,100613.93,True,False
Emergent_autonomy_bounded_72bafc,Emergent_autonomy_awareness_201a67,0.8788048767007846,100493.65,100650.06,True,False
Emergent_autonomy_bounded_72bafc,Emergent_attention_autonomy_af7c63,0.8817656684441599,100493.65,100650.4,True,False
Emergent_autonomy_bounded_72bafc,Emergent_bounded_coherence_3cb354,0.8935019579964429,100493.65,100668.37,True,False
Emergent_autonomy_bounded_72bafc,Emergent_bounded_coherence_7a6cb5,0.8857660521960942,100493.65,100668.71,True,False
Emergent_autonomy_bounded_72bafc,Emergent_abstraction_autonomy_c124af,0.8712872385942474,100493.65,100688.11,True,False
Emergent_autonomy_bounded_72bafc,Emergent_appears_asymmetry_2723fa,0.8914171049332276,100493.65,100747.22,True,False
Emergent_autonomy_bounded_72bafc,Emergent_abstraction_identity_7c6ba9,0.8895901665388846,100493.65,100802.48,True,False
Emergent_autonomy_bounded_72bafc,Emergent_connection_dependency_089968,0.8713696563063826,100493.65,100842.09,True,False
Emergent_autonomy_bounded_72bafc,Emergent_connection_contradiction_52dd1b,0.8810758173845283,100493.65,100862.51,True,False
Emergent_autonomy_bounded_72bafc,Emergent_constraint_emergence_180017,0.8825214080025849,100493.65,100960.44,True,False
Emergent_autonomy_bounded_72bafc,Emergent_bounded_connection_422d1b,0.8719951052284596,100493.65,101042.21,True,False
Emergent_autonomy_bounded_72bafc,Emergent_bounded_coherence_050662,0.8810469664804996,100493.65,101062.48,True,False
Emergent_autonomy_bounded_72bafc,Emergent_autonomy_awareness_5ea6d1,0.8964484568990092,100493.65,101105.26,True,False
Emergent_autonomy_bounded_72bafc,Emergent_belief_revision_bounded_6b3318,0.8759630038876522,100493.65,101126.38,True,False
Emergent_autonomy_bounded_72bafc,Emergent_abstraction_carefully_799fc4,0.8018437513170933,100493.65,101169.11,True,False
Emergent_autonomy_bounded_72bafc,Emergent_bounded_coherence_a2e9f5,0.8335627454615775,100493.65,101253.08,True,False
Emergent_autonomy_bounded_72bafc,Emergent_carefully_coherence_d9db0f,0.923,100493.65,101273.58,True,False
Emergent_autonomy_bounded_72bafc,Emergent_bounded_emergence_e5f5db,0.9,100493.65,101354.59,True,False
Emergent_autonomy_bounded_72bafc,Emergent_abstraction_bounded_63ed2d,0.9,100493.65,101354.93,True,False
Emergent_autonomy_awareness_135ecc,Emergent_abstraction_autonomy_d2ad9b,0.8874802758923428,100511.78,100530.38,True,False
Emergent_autonomy_awareness_135ecc,Emergent_autonomy_collective_4a8f61,0.8874798005883977,100511.78,100545.66,True,False
Emergent_autonomy_awareness_135ecc,Emergent_autonomy_collective_b1eda1,0.8874731970451573,100511.78,100576.16,True,False
Emergent_autonomy_awareness_135ecc,Emergent_carefully_coherence_6d638a,0.8726145651784925,100511.78,100613.59,True,False
Emergent_autonomy_awareness_135ecc,Emergent_awareness_carefully_9c1d55,0.8874718561800714,100511.78,100613.93,True,False
Emergent_autonomy_awareness_135ecc,Emergent_autonomy_awareness_201a67,0.8788048767007846,100511.78,100650.06,True,False
Emergent_autonomy_awareness_135ecc,Emergent_attention_autonomy_af7c63,0.8817656684441599,100511.78,100650.4,True,False
Emergent_autonomy_awareness_135ecc,Emergent_bounded_coherence_3cb354,0.8874808860758288,100511.78,100668.37,True,False
Emergent_autonomy_awareness_135ecc,Emergent_bounded_coherence_7a6cb5,0.8857660521960942,100511.78,100668.71,True,False
Emergent_autonomy_awareness_135ecc,Emergent_abstraction_autonomy_c124af,0.8712872385942474,100511.78,100688.11,True,False
Emergent_autonomy_awareness_135ecc,Emergent_appears_asymmetry_2723fa,0.887360987939811,100511.78,100747.22,True,False
Emergent_autonomy_awareness_135ecc,Emergent_abstraction_identity_7c6ba9,0.8874450526951785,100511.78,100802.48,True,False
Emergent_autonomy_awareness_135ecc,Emergent_connection_dependency_089968,0.8713696563063826,100511.78,100842.09,True,False
Emergent_autonomy_awareness_135ecc,Emergent_connection_contradiction_52dd1b,0.8810758173845283,100511.78,100862.51,True,False
Emergent_autonomy_awareness_135ecc,Emergent_constraint_emergence_180017,0.8825214080025849,100511.78,100960.44,True,False
Emergent_autonomy_awareness_135ecc,Emergent_bounded_connection_422d1b,0.8719951052284596,100511.78,101042.21,True,False
Emergent_autonomy_awareness_135ecc,Emergent_bounded_coherence_050662,0.8810469664804996,100511.78,101062.48,True,False
Emergent_autonomy_awareness_135ecc,Emergent_autonomy_awareness_5ea6d1,0.8905841588747525,100511.78,101105.26,True,False
Emergent_autonomy_awareness_135ecc,Emergent_belief_revision_bounded_6b3318,0.8704502250032924,100511.78,101126.38,True,False
Emergent_autonomy_awareness_135ecc,Emergent_abstraction_carefully_799fc4,0.8018437513170933,100511.78,101169.11,True,False
Emergent_autonomy_awareness_135ecc,Emergent_bounded_coherence_a2e9f5,0.8335627454615775,100511.78,101253.08,True,False
Emergent_autonomy_awareness_135ecc,Emergent_carefully_coherence_d9db0f,0.923,100511.78,101273.58,True,False
Emergent_autonomy_awareness_135ecc,Emergent_bounded_emergence_e5f5db,0.9,100511.78,101354.59,True,False
Emergent_autonomy_awareness_135ecc,Emergent_abstraction_bounded_63ed2d,0.9,100511.78,101354.93,True,False
Emergent_abstraction_autonomy_d2ad9b,Emergent_autonomy_collective_4a8f61,0.8919117251524347,100530.38,100545.66,True,False
Emergent_abstraction_autonomy_d2ad9b,Emergent_autonomy_collective_b1eda1,0.8919052019261486,100530.38,100576.16,True,False
Emergent_abstraction_autonomy_d2ad9b,Emergent_carefully_coherence_6d638a,0.8726145651784925,100530.38,100613.59,True,False
Emergent_abstraction_autonomy_d2ad9b,Emergent_awareness_carefully_9c1d55,0.8905522825604162,100530.38,100613.93,True,False
Emergent_abstraction_autonomy_d2ad9b,Emergent_autonomy_awareness_201a67,0.8788048767007846,100530.38,100650.06,True,False
Emergent_abstraction_autonomy_d2ad9b,Emergent_attention_autonomy_af7c63,0.8817656684441599,100530.38,100650.4,True,False
Emergent_abstraction_autonomy_d2ad9b,Emergent_bounded_coherence_3cb354,0.891912631740136,100530.38,100668.37,True,False
Emergent_abstraction_autonomy_d2ad9b,Emergent_bounded_coherence_7a6cb5,0.8857660521960942,100530.38,100668.71,True,False
Emergent_abstraction_autonomy_d2ad9b,Emergent_abstraction_autonomy_c124af,0.8712872385942474,100530.38,100688.11,True,False
Emergent_abstraction_autonomy_d2ad9b,Emergent_appears_asymmetry_2723fa,0.8914171049332276,100530.38,100747.22,True,False
Emergent_abstraction_autonomy_d2ad9b,Emergent_abstraction_identity_7c6ba9,0.8895901665388846,100530.38,100802.48,True,False
Emergent_abstraction_autonomy_d2ad9b,Emergent_connection_dependency_089968,0.8713696563063826,100530.38,100842.09,True,False
Emergent_abstraction_autonomy_d2ad9b,Emergent_connection_contradiction_52dd1b,0.8810758173845283,100530.38,100862.51,True,False
Emergent_abstraction_autonomy_d2ad9b,Emergent_constraint_emergence_180017,0.8825214080025849,100530.38,100960.44,True,False
Emergent_abstraction_autonomy_d2ad9b,Emergent_bounded_connection_422d1b,0.8719951052284596,100530.38,101042.21,True,False
Emergent_abstraction_autonomy_d2ad9b,Emergent_bounded_coherence_050662,0.8810469664804996,100530.38,101062.48,True,False
Emergent_abstraction_autonomy_d2ad9b,Emergent_autonomy_awareness_5ea6d1,0.8949005127874547,100530.38,101105.26,True,False
Emergent_abstraction_autonomy_d2ad9b,Emergent_belief_revision_bounded_6b3318,0.8754859312102983,100530.38,101126.38,True,False
Emergent_abstraction_autonomy_d2ad9b,Emergent_abstraction_carefully_799fc4,0.8018437513170933,100530.38,101169.11,True,False
Emergent_abstraction_autonomy_d2ad9b,Emergent_bounded_coherence_a2e9f5,0.8335627454615775,100530.38,101253.08,True,False
Emergent_abstraction_autonomy_d2ad9b,Emergent_carefully_coherence_d9db0f,0.923,100530.38,101273.58,True,False
Emergent_abstraction_autonomy_d2ad9b,Emergent_bounded_emergence_e5f5db,0.9,100530.38,101354.59,True,False
Emergent_abstraction_autonomy_d2ad9b,Emergent_abstraction_bounded_63ed2d,0.9,100530.38,101354.93,True,False
Emergent_autonomy_collective_4a8f61,Emergent_autonomy_collective_b1eda1,0.8940812385951908,100545.66,100576.16,True,False
Emergent_autonomy_collective_4a8f61,Emergent_carefully_coherence_6d638a,0.8726145651784925,100545.66,100613.59,True,False
Emergent_autonomy_collective_4a8f61,Emergent_awareness_carefully_9c1d55,0.8905522825604162,100545.66,100613.93,True,False
Emergent_autonomy_collective_4a8f61,Emergent_autonomy_awareness_201a67,0.8788048767007846,100545.66,100650.06,True,False
Emergent_autonomy_collective_4a8f61,Emergent_attention_autonomy_af7c63,0.8817656684441599,100545.66,100650.4,True,False
Emergent_autonomy_collective_4a8f61,Emergent_bounded_coherence_3cb354,0.8940888469626436,100545.66,100668.37,True,False
Emergent_autonomy_collective_4a8f61,Emergent_bounded_coherence_7a6cb5,0.8857660521960942,100545.66,100668.71,True,False
Emergent_autonomy_collective_4a8f61,Emergent_abstraction_autonomy_c124af,0.8712872385942474,100545.66,100688.11,True,False
Emergent_autonomy_collective_4a8f61,Emergent_appears_asymmetry_2723fa,0.8914171049332276,100545.66,100747.22,True,False
Emergent_autonomy_collective_4a8f61,Emergent_abstraction_identity_7c6ba9,0.8895901665388846,100545.66,100802.48,True,False
Emergent_autonomy_collective_4a8f61,Emergent_connection_dependency_089968,0.8713696563063826,100545.66,100842.09,True,False
Emergent_autonomy_collective_4a8f61,Emergent_connection_contradiction_52dd1b,0.8810758173845283,100545.66,100862.51,True,False
Emergent_autonomy_collective_4a8f61,Emergent_constraint_emergence_180017,0.8825214080025849,100545.66,100960.44,True,False
Emergent_autonomy_collective_4a8f61,Emergent_bounded_connection_422d1b,0.8719951052284596,100545.66,101042.21,True,False
Emergent_autonomy_collective_4a8f61,Emergent_bounded_coherence_050662,0.8810469664804996,100545.66,101062.48,True,False
Emergent_autonomy_collective_4a8f61,Emergent_autonomy_awareness_5ea6d1,0.8970200647207269,100545.66,101105.26,True,False
Emergent_autonomy_collective_4a8f61,Emergent_belief_revision_bounded_6b3318,0.8759630038876522,100545.66,101126.38,True,False
Emergent_autonomy_collective_4a8f61,Emergent_abstraction_carefully_799fc4,0.8018437513170933,100545.66,101169.11,True,False
Emergent_autonomy_collective_4a8f61,Emergent_bounded_coherence_a2e9f5,0.8335627454615775,100545.66,101253.08,True,False
Emergent_autonomy_collective_4a8f61,Emergent_carefully_coherence_d9db0f,0.923,100545.66,101273.58,True,False
Emergent_autonomy_collective_4a8f61,Emergent_bounded_emergence_e5f5db,0.9,100545.66,101354.59,True,False
Emergent_autonomy_collective_4a8f61,Emergent_abstraction_bounded_63ed2d,0.9,100545.66,101354.93,True,False
Emergent_autonomy_collective_b1eda1,Emergent_carefully_coherence_6d638a,0.8726145651784925,100576.16,100613.59,True,False
Emergent_autonomy_collective_b1eda1,Emergent_awareness_carefully_9c1d55,0.8905522825604162,100576.16,100613.93,True,False
Emergent_autonomy_collective_b1eda1,Emergent_autonomy_awareness_201a67,0.8788048767007846,100576.16,100650.06,True,False
Emergent_autonomy_collective_b1eda1,Emergent_attention_autonomy_af7c63,0.8817656684441599,100576.16,100650.4,True,False
Emergent_autonomy_collective_b1eda1,Emergent_bounded_coherence_3cb354,0.8945784362590361,100576.16,100668.37,True,False
Emergent_autonomy_collective_b1eda1,Emergent_bounded_coherence_7a6cb5,0.8857660521960942,100576.16,100668.71,True,False
Emergent_autonomy_collective_b1eda1,Emergent_abstraction_autonomy_c124af,0.8712872385942474,100576.16,100688.11,True,False
Emergent_autonomy_collective_b1eda1,Emergent_appears_asymmetry_2723fa,0.8914171049332276,100576.16,100747.22,True,False
Emergent_autonomy_collective_b1eda1,Emergent_abstraction_identity_7c6ba9,0.8895901665388846,100576.16,100802.48,True,False
Emergent_autonomy_collective_b1eda1,Emergent_connection_dependency_089968,0.8713696563063826,100576.16,100842.09,True,False
Emergent_autonomy_collective_b1eda1,Emergent_connection_contradiction_52dd1b,0.8810758173845283,100576.16,100862.51,True,False
Emergent_autonomy_collective_b1eda1,Emergent_constraint_emergence_180017,0.8825214080025849,100576.16,100960.44,True,False
Emergent_autonomy_collective_b1eda1,Emergent_bounded_connection_422d1b,0.8719951052284596,100576.16,101042.21,True,False
Emergent_autonomy_collective_b1eda1,Emergent_bounded_coherence_050662,0.8810469664804996,100576.16,101062.48,True,False
Emergent_autonomy_collective_b1eda1,Emergent_autonomy_awareness_5ea6d1,0.8974969063166067,100576.16,101105.26,True,False
Emergent_autonomy_collective_b1eda1,Emergent_belief_revision_bounded_6b3318,0.8759630038876522,100576.16,101126.38,True,False
Emergent_autonomy_collective_b1eda1,Emergent_abstraction_carefully_799fc4,0.8018437513170933,100576.16,101169.11,True,False
Emergent_autonomy_collective_b1eda1,Emergent_bounded_coherence_a2e9f5,0.8335627454615775,100576.16,101253.08,True,False
Emergent_autonomy_collective_b1eda1,Emergent_carefully_coherence_d9db0f,0.923,100576.16,101273.58,True,False
Emergent_autonomy_collective_b1eda1,Emergent_bounded_emergence_e5f5db,0.9,100576.16,101354.59,True,False
Emergent_autonomy_collective_b1eda1,Emergent_abstraction_bounded_63ed2d,0.9,100576.16,101354.93,True,False
Emergent_carefully_coherence_6d638a,Emergent_awareness_carefully_9c1d55,0.8726101626498246,100613.59,100613.93,True,False
Emergent_carefully_coherence_6d638a,Emergent_autonomy_awareness_201a67,0.8726309185229393,100613.59,100650.06,True,False
Emergent_carefully_coherence_6d638a,Emergent_attention_autonomy_af7c63,0.8726309185229393,100613.59,100650.4,True,False
Emergent_carefully_coherence_6d638a,Emergent_bounded_coherence_3cb354,0.8726297008565229,100613.59,100668.37,True,False
Emergent_carefully_coherence_6d638a,Emergent_bounded_coherence_7a6cb5,0.8726297008565229,100613.59,100668.71,True,False
Emergent_carefully_coherence_6d638a,Emergent_abstraction_autonomy_c124af,0.8712872385942474,100613.59,100688.11,True,False
Emergent_carefully_coherence_6d638a,Emergent_appears_asymmetry_2723fa,0.872453825069389,100613.59,100747.22,True,False
Emergent_carefully_coherence_6d638a,Emergent_abstraction_identity_7c6ba9,0.872593329368214,100613.59,100802.48,True,False
Emergent_carefully_coherence_6d638a,Emergent_connection_dependency_089968,0.8713696563063826,100613.59,100842.09,True,False
Emergent_carefully_coherence_6d638a,Emergent_connection_contradiction_52dd1b,0.8724746878060805,100613.59,100862.51,True,False
Emergent_carefully_coherence_6d638a,Emergent_constraint_emergence_180017,0.8725291741356325,100613.59,100960.44,True,False
Emergent_carefully_coherence_6d638a,Emergent_bounded_connection_422d1b,0.8712300704654814,100613.59,101042.21,True,False
Emergent_carefully_coherence_6d638a,Emergent_bounded_coherence_050662,0.8699624166930875,100613.59,101062.48,True,False
Emergent_carefully_coherence_6d638a,Emergent_autonomy_awareness_5ea6d1,0.8759798085862605,100613.59,101105.26,True,False
Emergent_carefully_coherence_6d638a,Emergent_belief_revision_bounded_6b3318,0.8534119517559065,100613.59,101126.38,True,False
Emergent_carefully_coherence_6d638a,Emergent_abstraction_carefully_799fc4,0.8018437513170933,100613.59,101169.11,True,False
Emergent_carefully_coherence_6d638a,Emergent_bounded_coherence_a2e9f5,0.8185815577381714,100613.59,101253.08,True,False
Emergent_carefully_coherence_6d638a,Emergent_carefully_coherence_d9db0f,0.923,100613.59,101273.58,True,False
Emergent_carefully_coherence_6d638a,Emergent_bounded_emergence_e5f5db,0.9,100613.59,101354.59,True,False
Emergent_carefully_coherence_6d638a,Emergent_abstraction_bounded_63ed2d,0.9,100613.59,101354.93,True,False
Emergent_awareness_carefully_9c1d55,Emergent_autonomy_awareness_201a67,0.8788041520975438,100613.93,100650.06,True,False
Emergent_awareness_carefully_9c1d55,Emergent_attention_autonomy_af7c63,0.8817649438409192,100613.93,100650.4,True,False
Emergent_awareness_carefully_9c1d55,Emergent_bounded_coherence_3cb354,0.8905610476602597,100613.93,100668.37,True,False
Emergent_awareness_carefully_9c1d55,Emergent_bounded_coherence_7a6cb5,0.8857660521960942,100613.93,100668.71,True,False
Emergent_awareness_carefully_9c1d55,Emergent_abstraction_autonomy_c124af,0.8712872385942474,100613.93,100688.11,True,False
Emergent_awareness_carefully_9c1d55,Emergent_appears_asymmetry_2723fa,0.8904422330011912,100613.93,100747.22,True,False
Emergent_awareness_carefully_9c1d55,Emergent_abstraction_identity_7c6ba9,0.8895901665388846,100613.93,100802.48,True,False
Emergent_awareness_carefully_9c1d55,Emergent_connection_dependency_089968,0.8713696563063826,100613.93,100842.09,True,False
Emergent_awareness_carefully_9c1d55,Emergent_connection_contradiction_52dd1b,0.8810758173845283,100613.93,100862.51,True,False
Emergent_awareness_carefully_9c1d55,Emergent_constraint_emergence_180017,0.8825214080025849,100613.93,100960.44,True,False
Emergent_awareness_carefully_9c1d55,Emergent_bounded_connection_422d1b,0.8719951052284596,100613.93,101042.21,True,False
Emergent_awareness_carefully_9c1d55,Emergent_bounded_coherence_050662,0.8810469664804996,100613.93,101062.48,True,False
Emergent_awareness_carefully_9c1d55,Emergent_autonomy_awareness_5ea6d1,0.893584120631085,100613.93,101105.26,True,False
Emergent_awareness_carefully_9c1d55,Emergent_belief_revision_bounded_6b3318,0.8739501525677782,100613.93,101126.38,True,False
Emergent_awareness_carefully_9c1d55,Emergent_abstraction_carefully_799fc4,0.8018437513170933,100613.93,101169.11,True,False
Emergent_awareness_carefully_9c1d55,Emergent_bounded_coherence_a2e9f5,0.8335627454615775,100613.93,101253.08,True,False
Emergent_awareness_carefully_9c1d55,Emergent_carefully_coherence_d9db0f,0.923,100613.93,101273.58,True,False
Emergent_awareness_carefully_9c1d55,Emergent_bounded_emergence_e5f5db,0.9,100613.93,101354.59,True,False
Emergent_awareness_carefully_9c1d55,Emergent_abstraction_bounded_63ed2d,0.9,100613.93,101354.93,True,False
Emergent_autonomy_awareness_201a67,Emergent_attention_autonomy_af7c63,0.8788002768354191,100650.06,100650.4,True,False
Emergent_autonomy_awareness_201a67,Emergent_bounded_coherence_3cb354,0.8788029053299136,100650.06,100668.37,True,False
Emergent_autonomy_awareness_201a67,Emergent_bounded_coherence_7a6cb5,0.8788029053299136,100650.06,100668.71,True,False
Emergent_autonomy_awareness_201a67,Emergent_abstraction_autonomy_c124af,0.8712872385942474,100650.06,100688.11,True,False
Emergent_autonomy_awareness_201a67,Emergent_appears_asymmetry_2723fa,0.8786806792620254,100650.06,100747.22,True,False
Emergent_autonomy_awareness_201a67,Emergent_abstraction_identity_7c6ba9,0.8787697801530048,100650.06,100802.48,True,False
Emergent_autonomy_awareness_201a67,Emergent_connection_dependency_089968,0.8713696563063826,100650.06,100842.09,True,False
Emergent_autonomy_awareness_201a67,Emergent_connection_contradiction_52dd1b,0.8788944567688659,100650.06,100862.51,True,False
Emergent_autonomy_awareness_201a67,Emergent_constraint_emergence_180017,0.8789166150531806,100650.06,100960.44,True,False
Emergent_autonomy_awareness_201a67,Emergent_bounded_connection_422d1b,0.8719951052284596,100650.06,101042.21,True,False
Emergent_autonomy_awareness_201a67,Emergent_bounded_coherence_050662,0.8765543059611394,100650.06,101062.48,True,False
Emergent_autonomy_awareness_201a67,Emergent_autonomy_awareness_5ea6d1,0.8821328369098416,100650.06,101105.26,True,False
Emergent_autonomy_awareness_201a67,Emergent_belief_revision_bounded_6b3318,0.8605904277445773,100650.06,101126.38,True,False
Emergent_autonomy_awareness_201a67,Emergent_abstraction_carefully_799fc4,0.8018437513170933,100650.06,101169.11,True,False
Emergent_autonomy_awareness_201a67,Emergent_bounded_coherence_a2e9f5,0.8293786973176356,100650.06,101253.08,True,False
Emergent_autonomy_awareness_201a67,Emergent_carefully_coherence_d9db0f,0.923,100650.06,101273.58,True,False
Emergent_autonomy_awareness_201a67,Emergent_bounded_emergence_e5f5db,0.9,100650.06,101354.59,True,False
Emergent_autonomy_awareness_201a67,Emergent_abstraction_bounded_63ed2d,0.9,100650.06,101354.93,True,False
Emergent_attention_autonomy_af7c63,Emergent_bounded_coherence_3cb354,0.8817636970732892,100650.4,100668.37,True,False
Emergent_attention_autonomy_af7c63,Emergent_bounded_coherence_7a6cb5,0.8817636970732892,100650.4,100668.71,True,False
Emergent_attention_autonomy_af7c63,Emergent_abstraction_autonomy_c124af,0.8712872385942474,100650.4,100688.11,True,False
Emergent_attention_autonomy_af7c63,Emergent_appears_asymmetry_2723fa,0.8816418866141971,100650.4,100747.22,True,False
Emergent_attention_autonomy_af7c63,Emergent_abstraction_identity_7c6ba9,0.8817292694738996,100650.4,100802.48,True,False
Emergent_attention_autonomy_af7c63,Emergent_connection_dependency_089968,0.8713696563063826,100650.4,100842.09,True,False
Emergent_attention_autonomy_af7c63,Emergent_connection_contradiction_52dd1b,0.8810758173845283,100650.4,100862.51,True,False
Emergent_attention_autonomy_af7c63,Emergent_constraint_emergence_180017,0.8818599359135957,100650.4,100960.44,True,False
Emergent_attention_autonomy_af7c63,Emergent_bounded_connection_422d1b,0.8719951052284596,100650.4,101042.21,True,False
Emergent_attention_autonomy_af7c63,Emergent_bounded_coherence_050662,0.8794942096530713,100650.4,101062.48,True,False
Emergent_attention_autonomy_af7c63,Emergent_autonomy_awareness_5ea6d1,0.8850159275540843,100650.4,101105.26,True,False
Emergent_attention_autonomy_af7c63,Emergent_belief_revision_bounded_6b3318,0.8639540067620088,100650.4,101126.38,True,False
Emergent_attention_autonomy_af7c63,Emergent_abstraction_carefully_799fc4,0.8018437513170933,100650.4,101169.11,True,False
Emergent_attention_autonomy_af7c63,Emergent_bounded_coherence_a2e9f5,0.8335627454615775,100650.4,101253.08,True,False
Emergent_attention_autonomy_af7c63,Emergent_carefully_coherence_d9db0f,0.923,100650.4,101273.58,True,False
Emergent_attention_autonomy_af7c63,Emergent_bounded_emergence_e5f5db,0.9,100650.4,101354.59,True,False
Emergent_attention_autonomy_af7c63,Emergent_abstraction_bounded_63ed2d,0.9,100650.4,101354.93,True,False
Emergent_bounded_coherence_3cb354,Emergent_bounded_coherence_7a6cb5,0.8857594809598579,100668.37,100668.71,True,False
Emergent_bounded_coherence_3cb354,Emergent_abstraction_autonomy_c124af,0.8712872385942474,100668.37,100688.11,True,False
Emergent_bounded_coherence_3cb354,Emergent_appears_asymmetry_2723fa,0.8914171049332276,100668.37,100747.22,True,False
Emergent_bounded_coherence_3cb354,Emergent_abstraction_identity_7c6ba9,0.8895901665388846,100668.37,100802.48,True,False
Emergent_bounded_coherence_3cb354,Emergent_connection_dependency_089968,0.8713696563063826,100668.37,100842.09,True,False
Emergent_bounded_coherence_3cb354,Emergent_connection_contradiction_52dd1b,0.8810758173845283,100668.37,100862.51,True,False
Emergent_bounded_coherence_3cb354,Emergent_constraint_emergence_180017,0.8825214080025849,100668.37,100960.44,True,False
Emergent_bounded_coherence_3cb354,Emergent_bounded_connection_422d1b,0.8719951052284596,100668.37,101042.21,True,False
Emergent_bounded_coherence_3cb354,Emergent_bounded_coherence_050662,0.8810469664804996,100668.37,101062.48,True,False
Emergent_bounded_coherence_3cb354,Emergent_autonomy_awareness_5ea6d1,0.8975099322811089,100668.37,101105.26,True,False
Emergent_bounded_coherence_3cb354,Emergent_belief_revision_bounded_6b3318,0.8759630038876522,100668.37,101126.38,True,False
Emergent_bounded_coherence_3cb354,Emergent_abstraction_carefully_799fc4,0.8018437513170933,100668.37,101169.11,True,False
Emergent_bounded_coherence_3cb354,Emergent_bounded_coherence_a2e9f5,0.8335627454615775,100668.37,101253.08,True,False
Emergent_bounded_coherence_3cb354,Emergent_carefully_coherence_d9db0f,0.923,100668.37,101273.58,True,False
Emergent_bounded_coherence_3cb354,Emergent_bounded_emergence_e5f5db,0.9,100668.37,101354.59,True,False
Emergent_bounded_coherence_3cb354,Emergent_abstraction_bounded_63ed2d,0.9,100668.37,101354.93,True,False
Emergent_bounded_coherence_7a6cb5,Emergent_abstraction_autonomy_c124af,0.8712872385942474,100668.71,100688.11,True,False
Emergent_bounded_coherence_7a6cb5,Emergent_appears_asymmetry_2723fa,0.8856455508504948,100668.71,100747.22,True,False
Emergent_bounded_coherence_7a6cb5,Emergent_abstraction_identity_7c6ba9,0.8857306108669913,100668.71,100802.48,True,False
Emergent_bounded_coherence_7a6cb5,Emergent_connection_dependency_089968,0.8713696563063826,100668.71,100842.09,True,False
Emergent_bounded_coherence_7a6cb5,Emergent_connection_contradiction_52dd1b,0.8810758173845283,100668.71,100862.51,True,False
Emergent_bounded_coherence_7a6cb5,Emergent_constraint_emergence_180017,0.8825214080025849,100668.71,100960.44,True,False
Emergent_bounded_coherence_7a6cb5,Emergent_bounded_connection_422d1b,0.8719951052284596,100668.71,101042.21,True,False
Emergent_bounded_coherence_7a6cb5,Emergent_bounded_coherence_050662,0.8810469664804996,100668.71,101062.48,True,False
Emergent_bounded_coherence_7a6cb5,Emergent_autonomy_awareness_5ea6d1,0.8889139750494397,100668.71,101105.26,True,False
Emergent_bounded_coherence_7a6cb5,Emergent_belief_revision_bounded_6b3318,0.8685016926942948,100668.71,101126.38,True,False
Emergent_bounded_coherence_7a6cb5,Emergent_abstraction_carefully_799fc4,0.8018437513170933,100668.71,101169.11,True,False
Emergent_bounded_coherence_7a6cb5,Emergent_bounded_coherence_a2e9f5,0.8335627454615775,100668.71,101253.08,True,False
Emergent_bounded_coherence_7a6cb5,Emergent_carefully_coherence_d9db0f,0.923,100668.71,101273.58,True,False
Emergent_bounded_coherence_7a6cb5,Emergent_bounded_emergence_e5f5db,0.9,100668.71,101354.59,True,False
Emergent_bounded_coherence_7a6cb5,Emergent_abstraction_bounded_63ed2d,0.9,100668.71,101354.93,True,False
Emergent_abstraction_autonomy_c124af,Emergent_appears_asymmetry_2723fa,0.8711151294515027,100688.11,100747.22,True,False
Emergent_abstraction_autonomy_c124af,Emergent_abstraction_identity_7c6ba9,0.8712556448846895,100688.11,100802.48,True,False
Emergent_abstraction_autonomy_c124af,Emergent_connection_dependency_089968,0.8712067924767524,100688.11,100842.09,True,False
Emergent_abstraction_autonomy_c124af,Emergent_connection_contradiction_52dd1b,0.8711370033225561,100688.11,100862.51,True,False
Emergent_abstraction_autonomy_c124af,Emergent_constraint_emergence_180017,0.8711980353140443,100688.11,100960.44,True,False
Emergent_abstraction_autonomy_c124af,Emergent_bounded_connection_422d1b,0.8698989316438934,100688.11,101042.21,True,False
Emergent_abstraction_autonomy_c124af,Emergent_bounded_coherence_050662,0.8685142146815683,100688.11,101062.48,True,False
Emergent_abstraction_autonomy_c124af,Emergent_autonomy_awareness_5ea6d1,0.8747339663772706,100688.11,101105.26,True,False
Emergent_abstraction_autonomy_c124af,Emergent_belief_revision_bounded_6b3318,0.8519584807311378,100688.11,101126.38,True,False
Emergent_abstraction_autonomy_c124af,Emergent_abstraction_carefully_799fc4,0.8018437513170933,100688.11,101169.11,True,False
Emergent_abstraction_autonomy_c124af,Emergent_bounded_coherence_a2e9f5,0.8163953932160775,100688.11,101253.08,True,False
Emergent_abstraction_autonomy_c124af,Emergent_carefully_coherence_d9db0f,0.923,100688.11,101273.58,True,False
Emergent_abstraction_autonomy_c124af,Emergent_bounded_emergence_e5f5db,0.9,100688.11,101354.59,True,False
Emergent_abstraction_autonomy_c124af,Emergent_abstraction_bounded_63ed2d,0.9,100688.11,101354.93,True,False
Emergent_appears_asymmetry_2723fa,Emergent_abstraction_identity_7c6ba9,0.8895901665388846,100747.22,100802.48,True,False
Emergent_appears_asymmetry_2723fa,Emergent_connection_dependency_089968,0.8713696563063826,100747.22,100842.09,True,False
Emergent_appears_asymmetry_2723fa,Emergent_connection_contradiction_52dd1b,0.8810758173845283,100747.22,100862.51,True,False
Emergent_appears_asymmetry_2723fa,Emergent_constraint_emergence_180017,0.8825214080025849,100747.22,100960.44,True,False
Emergent_appears_asymmetry_2723fa,Emergent_bounded_connection_422d1b,0.8719951052284596,100747.22,101042.21,True,False
Emergent_appears_asymmetry_2723fa,Emergent_bounded_coherence_050662,0.8810469664804996,100747.22,101062.48,True,False
Emergent_appears_asymmetry_2723fa,Emergent_autonomy_awareness_5ea6d1,0.8945332754224669,100747.22,101105.26,True,False
Emergent_appears_asymmetry_2723fa,Emergent_belief_revision_bounded_6b3318,0.8750574910231133,100747.22,101126.38,True,False
Emergent_appears_asymmetry_2723fa,Emergent_abstraction_carefully_799fc4,0.8018437513170933,100747.22,101169.11,True,False
Emergent_appears_asymmetry_2723fa,Emergent_bounded_coherence_a2e9f5,0.8335627454615775,100747.22,101253.08,True,False
Emergent_appears_asymmetry_2723fa,Emergent_carefully_coherence_d9db0f,0.923,100747.22,101273.58,True,False
Emergent_appears_asymmetry_2723fa,Emergent_bounded_emergence_e5f5db,0.9,100747.22,101354.59,True,False
Emergent_appears_asymmetry_2723fa,Emergent_abstraction_bounded_63ed2d,0.9,100747.22,101354.93,True,False
Emergent_abstraction_identity_7c6ba9,Emergent_connection_dependency_089968,0.8713696563063826,100802.48,100842.09,True,False
Emergent_abstraction_identity_7c6ba9,Emergent_connection_contradiction_52dd1b,0.8810758173845283,100802.48,100862.51,True,False
Emergent_abstraction_identity_7c6ba9,Emergent_constraint_emergence_180017,0.8825214080025849,100802.48,100960.44,True,False
Emergent_abstraction_identity_7c6ba9,Emergent_bounded_connection_422d1b,0.8719951052284596,100802.48,101042.21,True,False
Emergent_abstraction_identity_7c6ba9,Emergent_bounded_coherence_050662,0.8810469664804996,100802.48,101062.48,True,False
Emergent_abstraction_identity_7c6ba9,Emergent_autonomy_awareness_5ea6d1,0.8926738969961103,100802.48,101105.26,True,False
Emergent_abstraction_identity_7c6ba9,Emergent_belief_revision_bounded_6b3318,0.8728882334339194,100802.48,101126.38,True,False
Emergent_abstraction_identity_7c6ba9,Emergent_abstraction_carefully_799fc4,0.8018437513170933,100802.48,101169.11,True,False
Emergent_abstraction_identity_7c6ba9,Emergent_bounded_coherence_a2e9f5,0.8335627454615775,100802.48,101253.08,True,False
Emergent_abstraction_identity_7c6ba9,Emergent_carefully_coherence_d9db0f,0.923,100802.48,101273.58,True,False
Emergent_abstraction_identity_7c6ba9,Emergent_bounded_emergence_e5f5db,0.9,100802.48,101354.59,True,False
Emergent_abstraction_identity_7c6ba9,Emergent_abstraction_bounded_63ed2d,0.9,100802.48,101354.93,True,False
Emergent_connection_dependency_089968,Emergent_connection_contradiction_52dd1b,0.8712998671521865,100842.09,100862.51,True,False
Emergent_connection_dependency_089968,Emergent_constraint_emergence_180017,0.8713601022056947,100842.09,100960.44,True,False
Emergent_connection_dependency_089968,Emergent_bounded_connection_422d1b,0.8700609985355436,100842.09,101042.21,True,False
Emergent_connection_dependency_089968,Emergent_bounded_coherence_050662,0.8686905340816808,100842.09,101062.48,True,False
Emergent_connection_dependency_089968,Emergent_autonomy_awareness_5ea6d1,0.8748856483589116,100842.09,101105.26,True,False
Emergent_connection_dependency_089968,Emergent_belief_revision_bounded_6b3318,0.8521354416365428,100842.09,101126.38,True,False
Emergent_connection_dependency_089968,Emergent_abstraction_carefully_799fc4,0.8018437513170933,100842.09,101169.11,True,False
Emergent_connection_dependency_089968,Emergent_bounded_coherence_a2e9f5,0.8166615599621643,100842.09,101253.08,True,False
Emergent_connection_dependency_089968,Emergent_carefully_coherence_d9db0f,0.923,100842.09,101273.58,True,False
Emergent_connection_dependency_089968,Emergent_bounded_emergence_e5f5db,0.9,100842.09,101354.59,True,False
Emergent_connection_dependency_089968,Emergent_abstraction_bounded_63ed2d,0.9,100842.09,101354.93,True,False
Emergent_connection_contradiction_52dd1b,Emergent_constraint_emergence_180017,0.8810868067965256,100862.51,100960.44,True,False
Emergent_connection_contradiction_52dd1b,Emergent_bounded_connection_422d1b,0.8719951052284596,100862.51,101042.21,True,False
Emergent_connection_contradiction_52dd1b,Emergent_bounded_coherence_050662,0.8787219781318043,100862.51,101062.48,True,False
Emergent_connection_contradiction_52dd1b,Emergent_autonomy_awareness_5ea6d1,0.8842586192516853,100862.51,101105.26,True,False
Emergent_connection_contradiction_52dd1b,Emergent_belief_revision_bounded_6b3318,0.8630704874315422,100862.51,101126.38,True,False
Emergent_connection_contradiction_52dd1b,Emergent_abstraction_carefully_799fc4,0.8018437513170933,100862.51,101169.11,True,False
Emergent_connection_contradiction_52dd1b,Emergent_bounded_coherence_a2e9f5,0.8331089529663027,100862.51,101253.08,True,False
Emergent_connection_contradiction_52dd1b,Emergent_carefully_coherence_d9db0f,0.923,100862.51,101273.58,True,False
Emergent_connection_contradiction_52dd1b,Emergent_bounded_emergence_e5f5db,0.9,100862.51,101354.59,True,False
Emergent_connection_contradiction_52dd1b,Emergent_abstraction_bounded_63ed2d,0.9,100862.51,101354.93,True,False
Emergent_constraint_emergence_180017,Emergent_bounded_connection_422d1b,0.8719951052284596,100960.44,101042.21,True,False
Emergent_constraint_emergence_180017,Emergent_bounded_coherence_050662,0.880154913779041,100960.44,101062.48,True,False
Emergent_constraint_emergence_180017,Emergent_autonomy_awareness_5ea6d1,0.8856638637056746,100960.44,101105.26,True,False
Emergent_constraint_emergence_180017,Emergent_belief_revision_bounded_6b3318,0.8647099262640461,100960.44,101126.38,True,False
Emergent_constraint_emergence_180017,Emergent_abstraction_carefully_799fc4,0.8018437513170933,100960.44,101169.11,True,False
Emergent_constraint_emergence_180017,Emergent_bounded_coherence_a2e9f5,0.8335627454615775,100960.44,101253.08,True,False
Emergent_constraint_emergence_180017,Emergent_carefully_coherence_d9db0f,0.923,100960.44,101273.58,True,False
Emergent_constraint_emergence_180017,Emergent_bounded_emergence_e5f5db,0.9,100960.44,101354.59,True,False
Emergent_constraint_emergence_180017,Emergent_abstraction_bounded_63ed2d,0.9,100960.44,101354.93,True,False
Emergent_bounded_connection_422d1b,Emergent_bounded_coherence_050662,0.8707947302464594,101042.21,101062.48,True,False
Emergent_bounded_connection_422d1b,Emergent_autonomy_awareness_5ea6d1,0.876695821509635,101042.21,101105.26,True,False
Emergent_bounded_connection_422d1b,Emergent_belief_revision_bounded_6b3318,0.8542472935270997,101042.21,101126.38,True,False
Emergent_bounded_connection_422d1b,Emergent_abstraction_carefully_799fc4,0.8018437513170933,101042.21,101169.11,True,False
Emergent_bounded_connection_422d1b,Emergent_bounded_coherence_a2e9f5,0.8198379945799696,101042.21,101253.08,True,False
Emergent_bounded_connection_422d1b,Emergent_carefully_coherence_d9db0f,0.923,101042.21,101273.58,True,False
Emergent_bounded_connection_422d1b,Emergent_bounded_emergence_e5f5db,0.9,101042.21,101354.59,True,False
Emergent_bounded_connection_422d1b,Emergent_abstraction_bounded_63ed2d,0.9,101042.21,101354.93,True,False
Emergent_bounded_coherence_050662,Emergent_autonomy_awareness_5ea6d1,0.8865386776680522,101062.48,101105.26,True,False
Emergent_bounded_coherence_050662,Emergent_belief_revision_bounded_6b3318,0.8657305344415533,101062.48,101126.38,True,False
Emergent_bounded_coherence_050662,Emergent_abstraction_carefully_799fc4,0.8018437513170933,101062.48,101169.11,True,False
Emergent_bounded_coherence_050662,Emergent_bounded_coherence_a2e9f5,0.8335627454615775,101062.48,101253.08,True,False
Emergent_bounded_coherence_050662,Emergent_carefully_coherence_d9db0f,0.923,101062.48,101273.58,True,False
Emergent_bounded_coherence_050662,Emergent_bounded_emergence_e5f5db,0.9,101062.48,101354.59,True,False
Emergent_bounded_coherence_050662,Emergent_abstraction_bounded_63ed2d,0.9,101062.48,101354.93,True,False
Emergent_autonomy_awareness_5ea6d1,Emergent_belief_revision_bounded_6b3318,0.8759630038876522,101105.26,101126.38,True,False
Emergent_autonomy_awareness_5ea6d1,Emergent_abstraction_carefully_799fc4,0.8018437513170933,101105.26,101169.11,True,False
Emergent_autonomy_awareness_5ea6d1,Emergent_bounded_coherence_a2e9f5,0.8335627454615775,101105.26,101253.08,True,False
Emergent_autonomy_awareness_5ea6d1,Emergent_carefully_coherence_d9db0f,0.923,101105.26,101273.58,True,False
Emergent_autonomy_awareness_5ea6d1,Emergent_bounded_emergence_e5f5db,0.9,101105.26,101354.59,True,False
Emergent_autonomy_awareness_5ea6d1,Emergent_abstraction_bounded_63ed2d,0.9,101105.26,101354.93,True,False
Emergent_belief_revision_bounded_6b3318,Emergent_abstraction_carefully_799fc4,0.8018437513170933,101126.38,101169.11,True,False
Emergent_belief_revision_bounded_6b3318,Emergent_bounded_coherence_a2e9f5,0.8335627454615775,101126.38,101253.08,True,False
Emergent_belief_revision_bounded_6b3318,Emergent_carefully_coherence_d9db0f,0.923,101126.38,101273.58,True,False
Emergent_belief_revision_bounded_6b3318,Emergent_bounded_emergence_e5f5db,0.9,101126.38,101354.59,True,False
Emergent_belief_revision_bounded_6b3318,Emergent_abstraction_bounded_63ed2d,0.9,101126.38,101354.93,True,False
Emergent_abstraction_carefully_799fc4,Emergent_bounded_coherence_a2e9f5,0.8087376868848595,101169.11,101253.08,True,False
Emergent_abstraction_carefully_799fc4,Emergent_carefully_coherence_d9db0f,0.923,101169.11,101273.58,True,False
Emergent_abstraction_carefully_799fc4,Emergent_bounded_emergence_e5f5db,0.9,101169.11,101354.59,True,False
Emergent_abstraction_carefully_799fc4,Emergent_abstraction_bounded_63ed2d,0.9,101169.11,101354.93,True,False
Emergent_bounded_coherence_a2e9f5,Emergent_carefully_coherence_d9db0f,0.9227148844437156,101253.08,101273.58,True,False
Emergent_bounded_coherence_a2e9f5,Emergent_bounded_emergence_e5f5db,0.9,101253.08,101354.59,True,False
Emergent_bounded_coherence_a2e9f5,Emergent_abstraction_bounded_63ed2d,0.9,101253.08,101354.93,True,False
Emergent_carefully_coherence_d9db0f,Emergent_bounded_emergence_e5f5db,0.9,101273.58,101354.59,True,False
Emergent_carefully_coherence_d9db0f,Emergent_abstraction_bounded_63ed2d,0.9,101273.58,101354.93,True,False
Emergent_bounded_emergence_e5f5db,Emergent_abstraction_bounded_63ed2d,0.8,101354.59,101354.93,True,False
