source,target,weight,src_ts,dst_ts,is_older_to_newer,is_newer_to_older
Emergent_ambiguity_attention_6ee88b,Emergent_abstraction_anticipation_bfad7e,0.9356666828585236,60009.52,60023.02,True,False
Emergent_ambiguity_attention_6ee88b,Emergent_abstraction_analogy_a89166,0.8945028688642571,60009.52,60023.36,True,False
Emergent_ambiguity_attention_6ee88b,Emergent_attention_autonomy_2e7c25,0.943471296639399,60009.52,60036.48,True,False
Emergent_ambiguity_attention_6ee88b,Emergent_autonomy_bounded_ab8b66,0.9060732788101233,60009.52,60064.9,True,False
Emergent_ambiguity_attention_6ee88b,Emergent_ego_dissolution_entropy_a9e44c,0.939964646576573,60009.52,60080.35,True,False
Emergent_ambiguity_attention_6ee88b,Emergent_appears_asymmetry_8dba4c,0.9083455012011041,60009.52,60092.96,True,False
Emergent_ambiguity_attention_6ee88b,Emergent_autonomy_collective_142ac5,0.8963750972285729,60009.52,60106.35,True,False
Emergent_ambiguity_attention_6ee88b,Emergent_autonomy_collective_4a8f61,0.8978290958840005,60009.52,60106.69,True,False
Emergent_ambiguity_attention_6ee88b,Emergent_constraint_equilibrium_90dc73,0.9435384775281133,60009.52,60120.4,True,False
Emergent_ambiguity_attention_6ee88b,Emergent_emerges_entropy_902bf8,0.9120848258254113,60009.52,60134.65,True,False
Emergent_ambiguity_attention_6ee88b,Emergent_contradiction_emerges_8ffe6e,0.9107684825367017,60009.52,60134.99,True,False
Emergent_ambiguity_attention_6ee88b,Emergent_contradiction_emerges_e19e6c,0.8915340340708842,60009.52,60150.58,True,False
Emergent_ambiguity_attention_6ee88b,Emergent_emerges_experience_accumulation_ba922b,0.9012271127043616,60009.52,60150.92,True,False
Emergent_ambiguity_attention_6ee88b,Emergent_constraint_contradiction_8d2c9c,0.9060893350501893,60009.52,60163.96,True,False
Emergent_ambiguity_attention_6ee88b,Emergent_constraint_emerges_ae770e,0.931410772095937,60009.52,60164.3,True,False
Emergent_ambiguity_attention_6ee88b,Emergent_autonomy_cascade_d60596,0.9062344608261295,60009.52,60179.09,True,False
Emergent_ambiguity_attention_6ee88b,Emergent_analogy_autonomy_581819,0.9425642906753202,60009.52,60194.81,True,False
Emergent_ambiguity_attention_6ee88b,Emergent_appears_asymmetry_8ccc17,0.895775405400481,60009.52,60208.74,True,False
Emergent_ambiguity_attention_6ee88b,Emergent_bounded_complexity_42f802,0.9038614201905364,60009.52,60255.0,True,False
Emergent_ambiguity_attention_6ee88b,Emergent_emerges_energy_071aaf,0.9060688326190167,60009.52,60270.17,True,False
Emergent_ambiguity_attention_6ee88b,Emergent_emerges_interference_c644ec,0.9444634947697956,60009.52,60270.51,True,False
Emergent_ambiguity_attention_6ee88b,Emergent_complexity_identity_cbb97e,0.8962139660688548,60009.52,60282.28,True,False
Emergent_ambiguity_attention_6ee88b,Emergent_contradiction_energy_1ee86a,0.9325061610049843,60009.52,60296.2,True,False
Emergent_ambiguity_attention_6ee88b,Emergent_identity_memory_6b5c68,0.9330040770413721,60009.52,60296.54,True,False
Emergent_ambiguity_attention_6ee88b,Emergent_autonomy_boundary_1c8ce0,0.9346330021426634,60009.52,60311.24,True,False
Emergent_ambiguity_attention_6ee88b,Emergent_autonomy_bounded_94d9e2,0.9120848340601506,60009.52,60327.92,True,False
Emergent_ambiguity_attention_6ee88b,Emergent_autonomy_boundary_625a34,0.899003836191067,60009.52,60328.26,True,False
Emergent_ambiguity_attention_6ee88b,Emergent_appears_asymmetry_9e9e75,0.8932283184026029,60009.52,60344.53,True,False
Emergent_ambiguity_attention_6ee88b,Emergent_analogy_appears_18b183,0.892276144095876,60009.52,60344.87,True,False
Emergent_ambiguity_attention_6ee88b,Emergent_appears_asymmetry_ecd8f7,0.8956602791254589,60009.52,60360.43,True,False
Emergent_ambiguity_attention_6ee88b,Emergent_autonomy_carefully_dedeae,0.9120848013206202,60009.52,60396.98,True,False
Emergent_ambiguity_attention_6ee88b,Emergent_analogy_autonomy_a3a02c,0.9050989290028437,60009.52,60397.32,True,False
Emergent_ambiguity_attention_6ee88b,Emergent_autonomy_bounded_5ceb4c,0.9000175074145924,60009.52,60432.3,True,False
Emergent_ambiguity_attention_6ee88b,Emergent_bounded_carefully_f79645,0.8953216388548888,60009.52,60450.22,True,False
Emergent_ambiguity_attention_6ee88b,Emergent_bounded_carefully_09c04f,0.9455925599808743,60009.52,60450.56,True,False
Emergent_ambiguity_attention_6ee88b,Emergent_autonomy_clarity_dc06c1,0.9021000261283343,60009.52,60468.28,True,False
Emergent_ambiguity_attention_6ee88b,Emergent_analogy_autonomy_fb4c5a,0.9030272554234322,60009.52,60468.62,True,False
Emergent_ambiguity_attention_6ee88b,Emergent_feedback_identity_99a69b,0.8920611660922655,60009.52,60486.89,True,False
Emergent_ambiguity_attention_6ee88b,Emergent_experience_accumulation_identity_5ddcb0,0.8929444708609078,60009.52,60487.23,True,False
Emergent_ambiguity_attention_6ee88b,Emergent_analogy_bounded_37007e,0.9450193881272575,60009.52,60559.12,True,False
Emergent_ambiguity_attention_6ee88b,Emergent_bounded_contradiction_d8e7d7,0.9390901966112875,60009.52,60559.46,True,False
Emergent_ambiguity_attention_6ee88b,Emergent_boundary_clarity_6b732b,0.9305122082177757,60009.52,60573.21,True,False
Emergent_ambiguity_attention_6ee88b,Emergent_clarity_entropy_f29129,0.9386859001419334,60009.52,60573.55,True,False
Emergent_ambiguity_attention_6ee88b,Emergent_carefully_coherence_0a055c,0.9348308751080643,60009.52,60592.86,True,False
Emergent_ambiguity_attention_6ee88b,Emergent_bounded_chaos_6978e0,0.895191362727012,60009.52,60610.06,True,False
Emergent_ambiguity_attention_6ee88b,Emergent_boundary_bounded_32e02f,0.9451034934791727,60009.52,60610.4,True,False
Emergent_ambiguity_attention_6ee88b,Emergent_carefully_coherence_7a9452,0.9421944070880692,60009.52,60631.48,True,False
Emergent_ambiguity_attention_6ee88b,Emergent_carefully_coherence_c4d3bc,0.8911203903847214,60009.52,60631.82,True,False
Emergent_ambiguity_attention_6ee88b,Emergent_carefully_coherence_6373e7,0.8920801416112094,60009.52,60653.64,True,False
Emergent_ambiguity_attention_6ee88b,Emergent_autonomy_bounded_72bafc,0.9078702905223721,60009.52,60677.34,True,False
Emergent_ambiguity_attention_6ee88b,Emergent_bounded_coherence_5ce930,0.946125715536827,60009.52,60699.23,True,False
Emergent_ambiguity_attention_6ee88b,Emergent_carefully_clarity_0d7a6f,0.9436069491040497,60009.52,60788.94,True,False
Emergent_ambiguity_attention_6ee88b,Emergent_analogy_carefully_f01b47,0.8930823129082952,60009.52,60789.28,True,False
Emergent_ambiguity_attention_6ee88b,Emergent_appears_asymmetry_2723fa,0.9361552001267341,60009.52,60852.69,True,False
Emergent_ambiguity_attention_6ee88b,Emergent_bounded_coherence_e42f85,0.9015890394909629,60009.52,60935.95,True,False
Emergent_ambiguity_attention_6ee88b,Emergent_appears_asymmetry_c0f5ef,0.8980773338122803,60009.52,60954.94,True,False
Emergent_ambiguity_attention_6ee88b,Emergent_autonomy_collective_461851,0.8966838953614524,60009.52,61021.5,True,False
Emergent_ambiguity_attention_6ee88b,Emergent_analogy_emerges_8a4649,0.9039830251596572,60009.52,61105.65,True,False
Emergent_ambiguity_attention_6ee88b,Emergent_bounded_coherence_a2e9f5,0.9102150468479133,60009.52,61172.58,True,False
Emergent_ambiguity_attention_6ee88b,Emergent_analogy_clarity_0b0b60,0.9084219473984863,60009.52,61194.54,True,False
Emergent_ambiguity_attention_6ee88b,Emergent_clarity_complexity_e4a503,0.9338320854254414,60009.52,61194.88,True,False
Emergent_ambiguity_attention_6ee88b,Emergent_bounded_clarity_02332c,0.9445569923306589,60009.52,61240.36,True,False
Emergent_ambiguity_attention_6ee88b,Emergent_constraint_emergence_2ad214,0.9241049460848438,60009.52,61285.52,True,False
Emergent_ambiguity_attention_6ee88b,Emergent_complexity_constraint_d61373,0.903967014560112,60009.52,61285.86,True,False
Emergent_ambiguity_attention_6ee88b,Emergent_constraint_focused_4a6458,0.8986072129646001,60009.52,61308.79,True,False
Emergent_ambiguity_attention_6ee88b,Emergent_complexity_constraint_0c13f0,0.9010028686108604,60009.52,61332.16,True,False
Emergent_ambiguity_attention_6ee88b,Emergent_analogy_constraint_95c432,0.8883690455203934,60009.52,61332.5,True,False
Emergent_ambiguity_attention_6ee88b,Emergent_bounded_clarity_fd8415,0.8800975072254276,60009.52,61355.79,True,False
Emergent_ambiguity_attention_6ee88b,Emergent_analogy_cascade_c597be,0.8731029721261703,60009.52,61399.15,True,False
Emergent_ambiguity_attention_6ee88b,Emergent_boundary_bounded_497fce,0.9248396918859185,60009.52,61423.96,True,False
Emergent_ambiguity_attention_6ee88b,Emergent_emerges_entropy_7a1b09,0.84859668291139,60009.52,61448.24,True,False
Emergent_ambiguity_attention_6ee88b,Emergent_constraint_emerges_88e4cd,0.8376018047013638,60009.52,61471.29,True,False
Emergent_abstraction_anticipation_bfad7e,Emergent_abstraction_analogy_a89166,0.935666682785949,60023.02,60023.36,True,False
Emergent_abstraction_anticipation_bfad7e,Emergent_attention_autonomy_2e7c25,0.9356666828274203,60023.02,60036.48,True,False
Emergent_abstraction_anticipation_bfad7e,Emergent_autonomy_bounded_ab8b66,0.9356666827195106,60023.02,60064.9,True,False
Emergent_abstraction_anticipation_bfad7e,Emergent_ego_dissolution_entropy_a9e44c,0.9356666825593329,60023.02,60080.35,True,False
Emergent_abstraction_anticipation_bfad7e,Emergent_appears_asymmetry_8dba4c,0.9356666825880704,60023.02,60092.96,True,False
Emergent_abstraction_anticipation_bfad7e,Emergent_autonomy_collective_142ac5,0.9356666826045776,60023.02,60106.35,True,False
Emergent_abstraction_anticipation_bfad7e,Emergent_autonomy_collective_4a8f61,0.9356666826050606,60023.02,60106.69,True,False
Emergent_abstraction_anticipation_bfad7e,Emergent_constraint_equilibrium_90dc73,0.9356666807553002,60023.02,60120.4,True,False
Emergent_abstraction_anticipation_bfad7e,Emergent_emerges_entropy_902bf8,0.9356666808010969,60023.02,60134.65,True,False
Emergent_abstraction_anticipation_bfad7e,Emergent_contradiction_emerges_8ffe6e,0.9356666807968532,60023.02,60134.99,True,False
Emergent_abstraction_anticipation_bfad7e,Emergent_contradiction_emerges_e19e6c,0.9356666800546072,60023.02,60150.58,True,False
Emergent_abstraction_anticipation_bfad7e,Emergent_emerges_experience_accumulation_ba922b,0.9356666800611799,60023.02,60150.92,True,False
Emergent_abstraction_anticipation_bfad7e,Emergent_constraint_contradiction_8d2c9c,0.9356666841222787,60023.02,60163.96,True,False
Emergent_abstraction_anticipation_bfad7e,Emergent_constraint_emerges_ae770e,0.931410772095937,60023.02,60164.3,True,False
Emergent_abstraction_anticipation_bfad7e,Emergent_autonomy_cascade_d60596,0.9356666836187086,60023.02,60179.09,True,False
Emergent_abstraction_anticipation_bfad7e,Emergent_analogy_autonomy_581819,0.935666683681655,60023.02,60194.81,True,False
Emergent_abstraction_anticipation_bfad7e,Emergent_appears_asymmetry_8ccc17,0.9356666837446013,60023.02,60208.74,True,False
Emergent_abstraction_anticipation_bfad7e,Emergent_bounded_complexity_42f802,0.9356666810799688,60023.02,60255.0,True,False
Emergent_abstraction_anticipation_bfad7e,Emergent_emerges_energy_071aaf,0.935666653412994,60023.02,60270.17,True,False
Emergent_abstraction_anticipation_bfad7e,Emergent_emerges_interference_c644ec,0.9356666533239522,60023.02,60270.51,True,False
Emergent_abstraction_anticipation_bfad7e,Emergent_complexity_identity_cbb97e,0.9356666892573386,60023.02,60282.28,True,False
Emergent_abstraction_anticipation_bfad7e,Emergent_contradiction_energy_1ee86a,0.9325061610049843,60023.02,60296.2,True,False
Emergent_abstraction_anticipation_bfad7e,Emergent_identity_memory_6b5c68,0.9330040770413721,60023.02,60296.54,True,False
Emergent_abstraction_anticipation_bfad7e,Emergent_autonomy_boundary_1c8ce0,0.9346330021426634,60023.02,60311.24,True,False
Emergent_abstraction_anticipation_bfad7e,Emergent_autonomy_bounded_94d9e2,0.9356666962560245,60023.02,60327.92,True,False
Emergent_abstraction_anticipation_bfad7e,Emergent_autonomy_boundary_625a34,0.9356666962010436,60023.02,60328.26,True,False
Emergent_abstraction_anticipation_bfad7e,Emergent_appears_asymmetry_9e9e75,0.935666525175578,60023.02,60344.53,True,False
Emergent_abstraction_anticipation_bfad7e,Emergent_analogy_appears_18b183,0.935666525152139,60023.02,60344.87,True,False
Emergent_abstraction_anticipation_bfad7e,Emergent_appears_asymmetry_ecd8f7,0.9356667478025351,60023.02,60360.43,True,False
Emergent_abstraction_anticipation_bfad7e,Emergent_autonomy_carefully_dedeae,0.935666618852651,60023.02,60396.98,True,False
Emergent_abstraction_anticipation_bfad7e,Emergent_analogy_autonomy_a3a02c,0.9356666151199267,60023.02,60397.32,True,False
Emergent_abstraction_anticipation_bfad7e,Emergent_autonomy_bounded_5ceb4c,0.9356669682646155,60023.02,60432.3,True,False
Emergent_abstraction_anticipation_bfad7e,Emergent_bounded_carefully_f79645,0.9356667652872677,60023.02,60450.22,True,False
Emergent_abstraction_anticipation_bfad7e,Emergent_bounded_carefully_09c04f,0.9356667578224884,60023.02,60450.56,True,False
Emergent_abstraction_anticipation_bfad7e,Emergent_autonomy_clarity_dc06c1,0.935666833460782,60023.02,60468.28,True,False
Emergent_abstraction_anticipation_bfad7e,Emergent_analogy_autonomy_fb4c5a,0.935666833460782,60023.02,60468.62,True,False
Emergent_abstraction_anticipation_bfad7e,Emergent_feedback_identity_99a69b,0.9356666019276036,60023.02,60486.89,True,False
Emergent_abstraction_anticipation_bfad7e,Emergent_experience_accumulation_identity_5ddcb0,0.9356666020077447,60023.02,60487.23,True,False
Emergent_abstraction_anticipation_bfad7e,Emergent_analogy_bounded_37007e,0.9356677200594143,60023.02,60559.12,True,False
Emergent_abstraction_anticipation_bfad7e,Emergent_bounded_contradiction_d8e7d7,0.9356677135126708,60023.02,60559.46,True,False
Emergent_abstraction_anticipation_bfad7e,Emergent_boundary_clarity_6b732b,0.9305122082177757,60023.02,60573.21,True,False
Emergent_abstraction_anticipation_bfad7e,Emergent_clarity_entropy_f29129,0.9356677833866802,60023.02,60573.55,True,False
Emergent_abstraction_anticipation_bfad7e,Emergent_carefully_coherence_0a055c,0.9348308751080643,60023.02,60592.86,True,False
Emergent_abstraction_anticipation_bfad7e,Emergent_bounded_chaos_6978e0,0.9356586716753188,60023.02,60610.06,True,False
Emergent_abstraction_anticipation_bfad7e,Emergent_boundary_bounded_32e02f,0.9356586482902021,60023.02,60610.4,True,False
Emergent_abstraction_anticipation_bfad7e,Emergent_carefully_coherence_7a9452,0.935671653555894,60023.02,60631.48,True,False
Emergent_abstraction_anticipation_bfad7e,Emergent_carefully_coherence_c4d3bc,0.935671653555894,60023.02,60631.82,True,False
Emergent_abstraction_anticipation_bfad7e,Emergent_carefully_coherence_6373e7,0.9356702735962843,60023.02,60653.64,True,False
Emergent_abstraction_anticipation_bfad7e,Emergent_autonomy_bounded_72bafc,0.9356676451017898,60023.02,60677.34,True,False
Emergent_abstraction_anticipation_bfad7e,Emergent_bounded_coherence_5ce930,0.9356679736636015,60023.02,60699.23,True,False
Emergent_abstraction_anticipation_bfad7e,Emergent_carefully_clarity_0d7a6f,0.935645891495938,60023.02,60788.94,True,False
Emergent_abstraction_anticipation_bfad7e,Emergent_analogy_carefully_f01b47,0.9356461894664616,60023.02,60789.28,True,False
Emergent_abstraction_anticipation_bfad7e,Emergent_appears_asymmetry_2723fa,0.9356541217046652,60023.02,60852.69,True,False
Emergent_abstraction_anticipation_bfad7e,Emergent_bounded_coherence_e42f85,0.935625635865597,60023.02,60935.95,True,False
Emergent_abstraction_anticipation_bfad7e,Emergent_appears_asymmetry_c0f5ef,0.9356016981857078,60023.02,60954.94,True,False
Emergent_abstraction_anticipation_bfad7e,Emergent_autonomy_collective_461851,0.9357262805040591,60023.02,61021.5,True,False
Emergent_abstraction_anticipation_bfad7e,Emergent_analogy_emerges_8a4649,0.9354957863927515,60023.02,61105.65,True,False
Emergent_abstraction_anticipation_bfad7e,Emergent_bounded_coherence_a2e9f5,0.9322960181410676,60023.02,61172.58,True,False
Emergent_abstraction_anticipation_bfad7e,Emergent_analogy_clarity_0b0b60,0.9349558314560857,60023.02,61194.54,True,False
Emergent_abstraction_anticipation_bfad7e,Emergent_clarity_complexity_e4a503,0.9338320854254414,60023.02,61194.88,True,False
Emergent_abstraction_anticipation_bfad7e,Emergent_bounded_clarity_02332c,0.93675749875475,60023.02,61240.36,True,False
Emergent_abstraction_anticipation_bfad7e,Emergent_constraint_emergence_2ad214,0.9241049460848438,60023.02,61285.52,True,False
Emergent_abstraction_anticipation_bfad7e,Emergent_complexity_constraint_d61373,0.9325574294547498,60023.02,61285.86,True,False
Emergent_abstraction_anticipation_bfad7e,Emergent_constraint_focused_4a6458,0.9290279594547501,60023.02,61308.79,True,False
Emergent_abstraction_anticipation_bfad7e,Emergent_complexity_constraint_0c13f0,0.9239858594547501,60023.02,61332.16,True,False
Emergent_abstraction_anticipation_bfad7e,Emergent_analogy_constraint_95c432,0.9239858594547501,60023.02,61332.5,True,False
Emergent_abstraction_anticipation_bfad7e,Emergent_bounded_clarity_fd8415,0.91678285945475,60023.02,61355.79,True,False
Emergent_abstraction_anticipation_bfad7e,Emergent_analogy_cascade_c597be,0.8438882630891869,60023.02,61399.15,True,False
Emergent_abstraction_anticipation_bfad7e,Emergent_boundary_bounded_497fce,0.9191017129660775,60023.02,61423.96,True,False
Emergent_abstraction_anticipation_bfad7e,Emergent_emerges_entropy_7a1b09,0.8217034497387137,60023.02,61448.24,True,False
Emergent_abstraction_anticipation_bfad7e,Emergent_constraint_emerges_88e4cd,0.8229017856712826,60023.02,61471.29,True,False
Emergent_abstraction_analogy_a89166,Emergent_attention_autonomy_2e7c25,0.943471296639399,60023.36,60036.48,True,False
Emergent_abstraction_analogy_a89166,Emergent_autonomy_bounded_ab8b66,0.8945028687669481,60023.36,60064.9,True,False
Emergent_abstraction_analogy_a89166,Emergent_ego_dissolution_entropy_a9e44c,0.939964646576573,60023.36,60080.35,True,False
Emergent_abstraction_analogy_a89166,Emergent_appears_asymmetry_8dba4c,0.8945028686739205,60023.36,60092.96,True,False
Emergent_abstraction_analogy_a89166,Emergent_autonomy_collective_142ac5,0.894502868685531,60023.36,60106.35,True,False
Emergent_abstraction_analogy_a89166,Emergent_autonomy_collective_4a8f61,0.8945028686858882,60023.36,60106.69,True,False
Emergent_abstraction_analogy_a89166,Emergent_constraint_equilibrium_90dc73,0.9435384775281133,60023.36,60120.4,True,False
Emergent_abstraction_analogy_a89166,Emergent_emerges_entropy_902bf8,0.8945028674595412,60023.36,60134.65,True,False
Emergent_abstraction_analogy_a89166,Emergent_contradiction_emerges_8ffe6e,0.8945028674564017,60023.36,60134.99,True,False
Emergent_abstraction_analogy_a89166,Emergent_contradiction_emerges_e19e6c,0.8915340340708842,60023.36,60150.58,True,False
Emergent_abstraction_analogy_a89166,Emergent_emerges_experience_accumulation_ba922b,0.8945028669184194,60023.36,60150.92,True,False
Emergent_abstraction_analogy_a89166,Emergent_constraint_contradiction_8d2c9c,0.8945028697062107,60023.36,60163.96,True,False
Emergent_abstraction_analogy_a89166,Emergent_constraint_emerges_ae770e,0.931410772095937,60023.36,60164.3,True,False
Emergent_abstraction_analogy_a89166,Emergent_autonomy_cascade_d60596,0.8945028693537116,60023.36,60179.09,True,False
Emergent_abstraction_analogy_a89166,Emergent_analogy_autonomy_581819,0.9425642906753202,60023.36,60194.81,True,False
Emergent_abstraction_analogy_a89166,Emergent_appears_asymmetry_8ccc17,0.8945028694418364,60023.36,60208.74,True,False
Emergent_abstraction_analogy_a89166,Emergent_bounded_complexity_42f802,0.8945028675665285,60023.36,60255.0,True,False
Emergent_abstraction_analogy_a89166,Emergent_emerges_energy_071aaf,0.8945028484694117,60023.36,60270.17,True,False
Emergent_abstraction_analogy_a89166,Emergent_emerges_interference_c644ec,0.9444634947697956,60023.36,60270.51,True,False
Emergent_abstraction_analogy_a89166,Emergent_complexity_identity_cbb97e,0.8945028731423266,60023.36,60282.28,True,False
Emergent_abstraction_analogy_a89166,Emergent_contradiction_energy_1ee86a,0.9325061610049843,60023.36,60296.2,True,False
Emergent_abstraction_analogy_a89166,Emergent_identity_memory_6b5c68,0.9330040770413721,60023.36,60296.54,True,False
Emergent_abstraction_analogy_a89166,Emergent_autonomy_boundary_1c8ce0,0.9346330021426634,60023.36,60311.24,True,False
Emergent_abstraction_analogy_a89166,Emergent_autonomy_bounded_94d9e2,0.8945028770670218,60023.36,60327.92,True,False
Emergent_abstraction_analogy_a89166,Emergent_autonomy_boundary_625a34,0.8945028770263497,60023.36,60328.26,True,False
Emergent_abstraction_analogy_a89166,Emergent_appears_asymmetry_9e9e75,0.8932283184026029,60023.36,60344.53,True,False
Emergent_abstraction_analogy_a89166,Emergent_analogy_appears_18b183,0.892276144095876,60023.36,60344.87,True,False
Emergent_abstraction_analogy_a89166,Emergent_appears_asymmetry_ecd8f7,0.894502912381796,60023.36,60360.43,True,False
Emergent_abstraction_analogy_a89166,Emergent_autonomy_carefully_dedeae,0.8945028329347802,60023.36,60396.98,True,False
Emergent_abstraction_analogy_a89166,Emergent_analogy_autonomy_a3a02c,0.8945028301735032,60023.36,60397.32,True,False
Emergent_abstraction_analogy_a89166,Emergent_autonomy_bounded_5ceb4c,0.8945030471427924,60023.36,60432.3,True,False
Emergent_abstraction_analogy_a89166,Emergent_bounded_carefully_f79645,0.8945029633940458,60023.36,60450.22,True,False
Emergent_abstraction_analogy_a89166,Emergent_bounded_carefully_09c04f,0.9455925599808743,60023.36,60450.56,True,False
Emergent_abstraction_analogy_a89166,Emergent_autonomy_clarity_dc06c1,0.8945029234804842,60023.36,60468.28,True,False
Emergent_abstraction_analogy_a89166,Emergent_analogy_autonomy_fb4c5a,0.8945029234804842,60023.36,60468.62,True,False
Emergent_abstraction_analogy_a89166,Emergent_feedback_identity_99a69b,0.8920611660922655,60023.36,60486.89,True,False
Emergent_abstraction_analogy_a89166,Emergent_experience_accumulation_identity_5ddcb0,0.8929444708609078,60023.36,60487.23,True,False
Emergent_abstraction_analogy_a89166,Emergent_analogy_bounded_37007e,0.9450193881272575,60023.36,60559.12,True,False
Emergent_abstraction_analogy_a89166,Emergent_bounded_contradiction_d8e7d7,0.9390901966112875,60023.36,60559.46,True,False
Emergent_abstraction_analogy_a89166,Emergent_boundary_clarity_6b732b,0.9305122082177757,60023.36,60573.21,True,False
Emergent_abstraction_analogy_a89166,Emergent_clarity_entropy_f29129,0.9386859001419334,60023.36,60573.55,True,False
Emergent_abstraction_analogy_a89166,Emergent_carefully_coherence_0a055c,0.9348308751080643,60023.36,60592.86,True,False
Emergent_abstraction_analogy_a89166,Emergent_bounded_chaos_6978e0,0.8944972351884481,60023.36,60610.06,True,False
Emergent_abstraction_analogy_a89166,Emergent_boundary_bounded_32e02f,0.9451034934791727,60023.36,60610.4,True,False
Emergent_abstraction_analogy_a89166,Emergent_carefully_coherence_7a9452,0.9421944070880692,60023.36,60631.48,True,False
Emergent_abstraction_analogy_a89166,Emergent_carefully_coherence_c4d3bc,0.8911203903847214,60023.36,60631.82,True,False
Emergent_abstraction_analogy_a89166,Emergent_carefully_coherence_6373e7,0.8920801416112094,60023.36,60653.64,True,False
Emergent_abstraction_analogy_a89166,Emergent_autonomy_bounded_72bafc,0.8945032470496248,60023.36,60677.34,True,False
Emergent_abstraction_analogy_a89166,Emergent_bounded_coherence_5ce930,0.946125715536827,60023.36,60699.23,True,False
Emergent_abstraction_analogy_a89166,Emergent_carefully_clarity_0d7a6f,0.9436069491040497,60023.36,60788.94,True,False
Emergent_abstraction_analogy_a89166,Emergent_analogy_carefully_f01b47,0.8930823129082952,60023.36,60789.28,True,False
Emergent_abstraction_analogy_a89166,Emergent_appears_asymmetry_2723fa,0.9361552001267341,60023.36,60852.69,True,False
Emergent_abstraction_analogy_a89166,Emergent_bounded_coherence_e42f85,0.8944725044362416,60023.36,60935.95,True,False
Emergent_abstraction_analogy_a89166,Emergent_appears_asymmetry_c0f5ef,0.894455748060319,60023.36,60954.94,True,False
Emergent_abstraction_analogy_a89166,Emergent_autonomy_collective_461851,0.8945350269737795,60023.36,61021.5,True,False
Emergent_abstraction_analogy_a89166,Emergent_analogy_emerges_8a4649,0.894373681095864,60023.36,61105.65,True,False
Emergent_abstraction_analogy_a89166,Emergent_bounded_coherence_a2e9f5,0.8923729056815939,60023.36,61172.58,True,False
Emergent_abstraction_analogy_a89166,Emergent_analogy_clarity_0b0b60,0.8938689240938935,60023.36,61194.54,True,False
Emergent_abstraction_analogy_a89166,Emergent_clarity_complexity_e4a503,0.9338320854254414,60023.36,61194.88,True,False
Emergent_abstraction_analogy_a89166,Emergent_bounded_clarity_02332c,0.9445569923306589,60023.36,61240.36,True,False
Emergent_abstraction_analogy_a89166,Emergent_constraint_emergence_2ad214,0.9241049460848438,60023.36,61285.52,True,False
Emergent_abstraction_analogy_a89166,Emergent_complexity_constraint_d61373,0.8920066210727053,60023.36,61285.86,True,False
Emergent_abstraction_analogy_a89166,Emergent_constraint_focused_4a6458,0.8895359920727055,60023.36,61308.79,True,False
Emergent_abstraction_analogy_a89166,Emergent_complexity_constraint_0c13f0,0.8860065220727056,60023.36,61332.16,True,False
Emergent_abstraction_analogy_a89166,Emergent_analogy_constraint_95c432,0.8860065220727056,60023.36,61332.5,True,False
Emergent_abstraction_analogy_a89166,Emergent_bounded_clarity_fd8415,0.8798755387428481,60023.36,61355.79,True,False
Emergent_abstraction_analogy_a89166,Emergent_analogy_cascade_c597be,0.8664249878401711,60023.36,61399.15,True,False
Emergent_abstraction_analogy_a89166,Emergent_boundary_bounded_497fce,0.9248396918859185,60023.36,61423.96,True,False
Emergent_abstraction_analogy_a89166,Emergent_emerges_entropy_7a1b09,0.84859668291139,60023.36,61448.24,True,False
Emergent_abstraction_analogy_a89166,Emergent_constraint_emerges_88e4cd,0.8376018047013638,60023.36,61471.29,True,False
Emergent_attention_autonomy_2e7c25,Emergent_autonomy_bounded_ab8b66,0.9434712965314893,60036.48,60064.9,True,False
Emergent_attention_autonomy_2e7c25,Emergent_ego_dissolution_entropy_a9e44c,0.939964646576573,60036.48,60080.35,True,False
Emergent_attention_autonomy_2e7c25,Emergent_appears_asymmetry_8dba4c,0.9434712963992842,60036.48,60092.96,True,False
Emergent_attention_autonomy_2e7c25,Emergent_autonomy_collective_142ac5,0.9434712964158334,60036.48,60106.35,True,False
Emergent_attention_autonomy_2e7c25,Emergent_autonomy_collective_4a8f61,0.9434712964163303,60036.48,60106.69,True,False
Emergent_attention_autonomy_2e7c25,Emergent_constraint_equilibrium_90dc73,0.9434712945929735,60036.48,60120.4,True,False
Emergent_attention_autonomy_2e7c25,Emergent_emerges_entropy_902bf8,0.9434712946396939,60036.48,60134.65,True,False
Emergent_attention_autonomy_2e7c25,Emergent_contradiction_emerges_8ffe6e,0.9434712946353236,60036.48,60134.99,True,False
Emergent_attention_autonomy_2e7c25,Emergent_contradiction_emerges_e19e6c,0.9434712938757375,60036.48,60150.58,True,False
Emergent_attention_autonomy_2e7c25,Emergent_emerges_experience_accumulation_ba922b,0.9434712938823879,60036.48,60150.92,True,False
Emergent_attention_autonomy_2e7c25,Emergent_constraint_contradiction_8d2c9c,0.9434712979022437,60036.48,60163.96,True,False
Emergent_attention_autonomy_2e7c25,Emergent_constraint_emerges_ae770e,0.931410772095937,60036.48,60164.3,True,False
Emergent_attention_autonomy_2e7c25,Emergent_autonomy_cascade_d60596,0.9434712973986734,60036.48,60179.09,True,False
Emergent_attention_autonomy_2e7c25,Emergent_analogy_autonomy_581819,0.9425642906753202,60036.48,60194.81,True,False
Emergent_attention_autonomy_2e7c25,Emergent_appears_asymmetry_8ccc17,0.9434712975245658,60036.48,60208.74,True,False
Emergent_attention_autonomy_2e7c25,Emergent_bounded_complexity_42f802,0.9434712948523829,60036.48,60255.0,True,False
Emergent_attention_autonomy_2e7c25,Emergent_emerges_energy_071aaf,0.9434712673877803,60036.48,60270.17,True,False
Emergent_attention_autonomy_2e7c25,Emergent_emerges_interference_c644ec,0.9434712672977517,60036.48,60270.51,True,False
Emergent_attention_autonomy_2e7c25,Emergent_complexity_identity_cbb97e,0.9434713029184554,60036.48,60282.28,True,False
Emergent_attention_autonomy_2e7c25,Emergent_contradiction_energy_1ee86a,0.9325061610049843,60036.48,60296.2,True,False
Emergent_attention_autonomy_2e7c25,Emergent_identity_memory_6b5c68,0.9330040770413721,60036.48,60296.54,True,False
Emergent_attention_autonomy_2e7c25,Emergent_autonomy_boundary_1c8ce0,0.9346330021426634,60036.48,60311.24,True,False
Emergent_attention_autonomy_2e7c25,Emergent_autonomy_bounded_94d9e2,0.9434713091861788,60036.48,60327.92,True,False
Emergent_attention_autonomy_2e7c25,Emergent_autonomy_boundary_625a34,0.9434713091295586,60036.48,60328.26,True,False
Emergent_attention_autonomy_2e7c25,Emergent_appears_asymmetry_9e9e75,0.9434711391444686,60036.48,60344.53,True,False
Emergent_attention_autonomy_2e7c25,Emergent_analogy_appears_18b183,0.9434711391207917,60036.48,60344.87,True,False
Emergent_attention_autonomy_2e7c25,Emergent_appears_asymmetry_ecd8f7,0.9434713601567151,60036.48,60360.43,True,False
Emergent_attention_autonomy_2e7c25,Emergent_autonomy_carefully_dedeae,0.9434712393221882,60036.48,60396.98,True,False
Emergent_attention_autonomy_2e7c25,Emergent_analogy_autonomy_a3a02c,0.94347123547816,60036.48,60397.32,True,False
Emergent_attention_autonomy_2e7c25,Emergent_autonomy_bounded_5ceb4c,0.9434715659434612,60036.48,60432.3,True,False
Emergent_attention_autonomy_2e7c25,Emergent_bounded_carefully_f79645,0.943471406728067,60036.48,60450.22,True,False
Emergent_attention_autonomy_2e7c25,Emergent_bounded_carefully_09c04f,0.9434713990406998,60036.48,60450.56,True,False
Emergent_attention_autonomy_2e7c25,Emergent_autonomy_clarity_dc06c1,0.9434714091596825,60036.48,60468.28,True,False
Emergent_attention_autonomy_2e7c25,Emergent_analogy_autonomy_fb4c5a,0.9434714091596825,60036.48,60468.62,True,False
Emergent_attention_autonomy_2e7c25,Emergent_feedback_identity_99a69b,0.9434711763704369,60036.48,60486.89,True,False
Emergent_attention_autonomy_2e7c25,Emergent_experience_accumulation_identity_5ddcb0,0.9434711764529677,60036.48,60487.23,True,False
Emergent_attention_autonomy_2e7c25,Emergent_analogy_bounded_37007e,0.9434722763205856,60036.48,60559.12,True,False
Emergent_attention_autonomy_2e7c25,Emergent_bounded_contradiction_d8e7d7,0.9390901966112875,60036.48,60559.46,True,False
Emergent_attention_autonomy_2e7c25,Emergent_boundary_clarity_6b732b,0.9305122082177757,60036.48,60573.21,True,False
Emergent_attention_autonomy_2e7c25,Emergent_clarity_entropy_f29129,0.9386859001419334,60036.48,60573.55,True,False
Emergent_attention_autonomy_2e7c25,Emergent_carefully_coherence_0a055c,0.9348308751080643,60036.48,60592.86,True,False
Emergent_attention_autonomy_2e7c25,Emergent_bounded_chaos_6978e0,0.9434632660970124,60036.48,60610.06,True,False
Emergent_attention_autonomy_2e7c25,Emergent_boundary_bounded_32e02f,0.943463242387951,60036.48,60610.4,True,False
Emergent_attention_autonomy_2e7c25,Emergent_carefully_coherence_7a9452,0.9421944070880692,60036.48,60631.48,True,False
Emergent_attention_autonomy_2e7c25,Emergent_carefully_coherence_c4d3bc,0.9434760457764926,60036.48,60631.82,True,False
Emergent_attention_autonomy_2e7c25,Emergent_carefully_coherence_6373e7,0.9434746658168831,60036.48,60653.64,True,False
Emergent_attention_autonomy_2e7c25,Emergent_autonomy_bounded_72bafc,0.9434720373223884,60036.48,60677.34,True,False
Emergent_attention_autonomy_2e7c25,Emergent_bounded_coherence_5ce930,0.9434723658842004,60036.48,60699.23,True,False
Emergent_attention_autonomy_2e7c25,Emergent_carefully_clarity_0d7a6f,0.9434522187206582,60036.48,60788.94,True,False
Emergent_attention_autonomy_2e7c25,Emergent_analogy_carefully_f01b47,0.9434525255762025,60036.48,60789.28,True,False
Emergent_attention_autonomy_2e7c25,Emergent_appears_asymmetry_2723fa,0.9361552001267341,60036.48,60852.69,True,False
Emergent_attention_autonomy_2e7c25,Emergent_bounded_coherence_e42f85,0.9434290257368161,60036.48,60935.95,True,False
Emergent_attention_autonomy_2e7c25,Emergent_appears_asymmetry_c0f5ef,0.9434050880569267,60036.48,60954.94,True,False
Emergent_attention_autonomy_2e7c25,Emergent_autonomy_collective_461851,0.9435237224289084,60036.48,61021.5,True,False
Emergent_attention_autonomy_2e7c25,Emergent_analogy_emerges_8a4649,0.9432932283176008,60036.48,61105.65,True,False
Emergent_attention_autonomy_2e7c25,Emergent_bounded_coherence_a2e9f5,0.9402727994815154,60036.48,61172.58,True,False
Emergent_attention_autonomy_2e7c25,Emergent_analogy_clarity_0b0b60,0.9426581593545473,60036.48,61194.54,True,False
Emergent_attention_autonomy_2e7c25,Emergent_clarity_complexity_e4a503,0.9338320854254414,60036.48,61194.88,True,False
Emergent_attention_autonomy_2e7c25,Emergent_bounded_clarity_02332c,0.9443222277191019,60036.48,61240.36,True,False
Emergent_attention_autonomy_2e7c25,Emergent_constraint_emergence_2ad214,0.9241049460848438,60036.48,61285.52,True,False
Emergent_attention_autonomy_2e7c25,Emergent_complexity_constraint_d61373,0.940122158419102,60036.48,61285.86,True,False
Emergent_attention_autonomy_2e7c25,Emergent_constraint_focused_4a6458,0.9365926884191018,60036.48,61308.79,True,False
Emergent_attention_autonomy_2e7c25,Emergent_complexity_constraint_0c13f0,0.931550588419102,60036.48,61332.16,True,False
Emergent_attention_autonomy_2e7c25,Emergent_analogy_constraint_95c432,0.931550588419102,60036.48,61332.5,True,False
Emergent_attention_autonomy_2e7c25,Emergent_bounded_clarity_fd8415,0.9243475884191021,60036.48,61355.79,True,False
Emergent_attention_autonomy_2e7c25,Emergent_analogy_cascade_c597be,0.8557228576688487,60036.48,61399.15,True,False
Emergent_attention_autonomy_2e7c25,Emergent_boundary_bounded_497fce,0.9244124307748911,60036.48,61423.96,True,False
Emergent_attention_autonomy_2e7c25,Emergent_emerges_entropy_7a1b09,0.8372598402714349,60036.48,61448.24,True,False
Emergent_attention_autonomy_2e7c25,Emergent_constraint_emerges_88e4cd,0.8376018047013638,60036.48,61471.29,True,False
Emergent_autonomy_bounded_ab8b66,Emergent_ego_dissolution_entropy_a9e44c,0.939964646576573,60064.9,60080.35,True,False
Emergent_autonomy_bounded_ab8b66,Emergent_appears_asymmetry_8dba4c,0.9060732787163355,60064.9,60092.96,True,False
Emergent_autonomy_bounded_ab8b66,Emergent_autonomy_collective_142ac5,0.8963750972285729,60064.9,60106.35,True,False
Emergent_autonomy_bounded_ab8b66,Emergent_autonomy_collective_4a8f61,0.8978290958840005,60064.9,60106.69,True,False
Emergent_autonomy_bounded_ab8b66,Emergent_constraint_equilibrium_90dc73,0.9435384775281133,60064.9,60120.4,True,False
Emergent_autonomy_bounded_ab8b66,Emergent_emerges_entropy_902bf8,0.9060732775291864,60064.9,60134.65,True,False
Emergent_autonomy_bounded_ab8b66,Emergent_contradiction_emerges_8ffe6e,0.9060732775259213,60064.9,60134.99,True,False
Emergent_autonomy_bounded_ab8b66,Emergent_contradiction_emerges_e19e6c,0.8915340340708842,60064.9,60150.58,True,False
Emergent_autonomy_bounded_ab8b66,Emergent_emerges_experience_accumulation_ba922b,0.9012271127043616,60064.9,60150.92,True,False
Emergent_autonomy_bounded_ab8b66,Emergent_constraint_contradiction_8d2c9c,0.9060732797175508,60064.9,60163.96,True,False
Emergent_autonomy_bounded_ab8b66,Emergent_constraint_emerges_ae770e,0.931410772095937,60064.9,60164.3,True,False
Emergent_autonomy_bounded_ab8b66,Emergent_autonomy_cascade_d60596,0.9060732793650517,60064.9,60179.09,True,False
Emergent_autonomy_bounded_ab8b66,Emergent_analogy_autonomy_581819,0.9425642906753202,60064.9,60194.81,True,False
Emergent_autonomy_bounded_ab8b66,Emergent_appears_asymmetry_8ccc17,0.895775405400481,60064.9,60208.74,True,False
Emergent_autonomy_bounded_ab8b66,Emergent_bounded_complexity_42f802,0.9038614201905364,60064.9,60255.0,True,False
Emergent_autonomy_bounded_ab8b66,Emergent_emerges_energy_071aaf,0.9060688326190167,60064.9,60270.17,True,False
Emergent_autonomy_bounded_ab8b66,Emergent_emerges_interference_c644ec,0.9444634947697956,60064.9,60270.51,True,False
Emergent_autonomy_bounded_ab8b66,Emergent_complexity_identity_cbb97e,0.8962139660688548,60064.9,60282.28,True,False
Emergent_autonomy_bounded_ab8b66,Emergent_contradiction_energy_1ee86a,0.9325061610049843,60064.9,60296.2,True,False
Emergent_autonomy_bounded_ab8b66,Emergent_identity_memory_6b5c68,0.9330040770413721,60064.9,60296.54,True,False
Emergent_autonomy_bounded_ab8b66,Emergent_autonomy_boundary_1c8ce0,0.9346330021426634,60064.9,60311.24,True,False
Emergent_autonomy_bounded_ab8b66,Emergent_autonomy_bounded_94d9e2,0.9060732862332881,60064.9,60327.92,True,False
Emergent_autonomy_bounded_ab8b66,Emergent_autonomy_boundary_625a34,0.899003836191067,60064.9,60328.26,True,False
Emergent_autonomy_bounded_ab8b66,Emergent_appears_asymmetry_9e9e75,0.8932283184026029,60064.9,60344.53,True,False
Emergent_autonomy_bounded_ab8b66,Emergent_analogy_appears_18b183,0.892276144095876,60064.9,60344.87,True,False
Emergent_autonomy_bounded_ab8b66,Emergent_appears_asymmetry_ecd8f7,0.8956602791254589,60064.9,60360.43,True,False
Emergent_autonomy_bounded_ab8b66,Emergent_autonomy_carefully_dedeae,0.9060732495984076,60064.9,60396.98,True,False
Emergent_autonomy_bounded_ab8b66,Emergent_analogy_autonomy_a3a02c,0.9050989290028437,60064.9,60397.32,True,False
Emergent_autonomy_bounded_ab8b66,Emergent_autonomy_bounded_5ceb4c,0.9000175074145924,60064.9,60432.3,True,False
Emergent_autonomy_bounded_ab8b66,Emergent_bounded_carefully_f79645,0.8953216388548888,60064.9,60450.22,True,False
Emergent_autonomy_bounded_ab8b66,Emergent_bounded_carefully_09c04f,0.9455925599808743,60064.9,60450.56,True,False
Emergent_autonomy_bounded_ab8b66,Emergent_autonomy_clarity_dc06c1,0.9021000261283343,60064.9,60468.28,True,False
Emergent_autonomy_bounded_ab8b66,Emergent_analogy_autonomy_fb4c5a,0.9030272554234322,60064.9,60468.62,True,False
Emergent_autonomy_bounded_ab8b66,Emergent_feedback_identity_99a69b,0.8920611660922655,60064.9,60486.89,True,False
Emergent_autonomy_bounded_ab8b66,Emergent_experience_accumulation_identity_5ddcb0,0.8929444708609078,60064.9,60487.23,True,False
Emergent_autonomy_bounded_ab8b66,Emergent_analogy_bounded_37007e,0.9450193881272575,60064.9,60559.12,True,False
Emergent_autonomy_bounded_ab8b66,Emergent_bounded_contradiction_d8e7d7,0.9390901966112875,60064.9,60559.46,True,False
Emergent_autonomy_bounded_ab8b66,Emergent_boundary_clarity_6b732b,0.9305122082177757,60064.9,60573.21,True,False
Emergent_autonomy_bounded_ab8b66,Emergent_clarity_entropy_f29129,0.9386859001419334,60064.9,60573.55,True,False
Emergent_autonomy_bounded_ab8b66,Emergent_carefully_coherence_0a055c,0.9348308751080643,60064.9,60592.86,True,False
Emergent_autonomy_bounded_ab8b66,Emergent_bounded_chaos_6978e0,0.895191362727012,60064.9,60610.06,True,False
Emergent_autonomy_bounded_ab8b66,Emergent_boundary_bounded_32e02f,0.9451034934791727,60064.9,60610.4,True,False
Emergent_autonomy_bounded_ab8b66,Emergent_carefully_coherence_7a9452,0.9421944070880692,60064.9,60631.48,True,False
Emergent_autonomy_bounded_ab8b66,Emergent_carefully_coherence_c4d3bc,0.8911203903847214,60064.9,60631.82,True,False
Emergent_autonomy_bounded_ab8b66,Emergent_carefully_coherence_6373e7,0.8920801416112094,60064.9,60653.64,True,False
Emergent_autonomy_bounded_ab8b66,Emergent_autonomy_bounded_72bafc,0.9060734470179557,60064.9,60677.34,True,False
Emergent_autonomy_bounded_ab8b66,Emergent_bounded_coherence_5ce930,0.946125715536827,60064.9,60699.23,True,False
Emergent_autonomy_bounded_ab8b66,Emergent_carefully_clarity_0d7a6f,0.9436069491040497,60064.9,60788.94,True,False
Emergent_autonomy_bounded_ab8b66,Emergent_analogy_carefully_f01b47,0.8930823129082952,60064.9,60789.28,True,False
Emergent_autonomy_bounded_ab8b66,Emergent_appears_asymmetry_2723fa,0.9361552001267341,60064.9,60852.69,True,False
Emergent_autonomy_bounded_ab8b66,Emergent_bounded_coherence_e42f85,0.9015890394909629,60064.9,60935.95,True,False
Emergent_autonomy_bounded_ab8b66,Emergent_appears_asymmetry_c0f5ef,0.8980773338122803,60064.9,60954.94,True,False
Emergent_autonomy_bounded_ab8b66,Emergent_autonomy_collective_461851,0.8966838953614524,60064.9,61021.5,True,False
Emergent_autonomy_bounded_ab8b66,Emergent_analogy_emerges_8a4649,0.9039830251596572,60064.9,61105.65,True,False
Emergent_autonomy_bounded_ab8b66,Emergent_bounded_coherence_a2e9f5,0.904114533940493,60064.9,61172.58,True,False
Emergent_autonomy_bounded_ab8b66,Emergent_analogy_clarity_0b0b60,0.9053376286065524,60064.9,61194.54,True,False
Emergent_autonomy_bounded_ab8b66,Emergent_clarity_complexity_e4a503,0.9338320854254414,60064.9,61194.88,True,False
Emergent_autonomy_bounded_ab8b66,Emergent_bounded_clarity_02332c,0.9445569923306589,60064.9,61240.36,True,False
Emergent_autonomy_bounded_ab8b66,Emergent_constraint_emergence_2ad214,0.9241049460848438,60064.9,61285.52,True,False
Emergent_autonomy_bounded_ab8b66,Emergent_complexity_constraint_d61373,0.9033384935736974,60064.9,61285.86,True,False
Emergent_autonomy_bounded_ab8b66,Emergent_constraint_focused_4a6458,0.8986072129646001,60064.9,61308.79,True,False
Emergent_autonomy_bounded_ab8b66,Emergent_complexity_constraint_0c13f0,0.8973383945736975,60064.9,61332.16,True,False
Emergent_autonomy_bounded_ab8b66,Emergent_analogy_constraint_95c432,0.8883690455203934,60064.9,61332.5,True,False
Emergent_autonomy_bounded_ab8b66,Emergent_bounded_clarity_fd8415,0.8800975072254276,60064.9,61355.79,True,False
Emergent_autonomy_bounded_ab8b66,Emergent_analogy_cascade_c597be,0.8731029721261703,60064.9,61399.15,True,False
Emergent_autonomy_bounded_ab8b66,Emergent_boundary_bounded_497fce,0.9248396918859185,60064.9,61423.96,True,False
Emergent_autonomy_bounded_ab8b66,Emergent_emerges_entropy_7a1b09,0.84859668291139,60064.9,61448.24,True,False
Emergent_autonomy_bounded_ab8b66,Emergent_constraint_emerges_88e4cd,0.8376018047013638,60064.9,61471.29,True,False
Emergent_ego_dissolution_entropy_a9e44c,Emergent_appears_asymmetry_8dba4c,0.9399646462331241,60080.35,60092.96,True,False
Emergent_ego_dissolution_entropy_a9e44c,Emergent_autonomy_collective_142ac5,0.9399646462496545,60080.35,60106.35,True,False
Emergent_ego_dissolution_entropy_a9e44c,Emergent_autonomy_collective_4a8f61,0.939964646250145,60080.35,60106.69,True,False
Emergent_ego_dissolution_entropy_a9e44c,Emergent_constraint_equilibrium_90dc73,0.939964644675376,60080.35,60120.4,True,False
Emergent_ego_dissolution_entropy_a9e44c,Emergent_emerges_entropy_902bf8,0.9399646447216814,60080.35,60134.65,True,False
Emergent_ego_dissolution_entropy_a9e44c,Emergent_contradiction_emerges_8ffe6e,0.939964644717368,60080.35,60134.99,True,False
Emergent_ego_dissolution_entropy_a9e44c,Emergent_contradiction_emerges_e19e6c,0.9399646440474003,60080.35,60150.58,True,False
Emergent_ego_dissolution_entropy_a9e44c,Emergent_emerges_experience_accumulation_ba922b,0.9399646440540161,60080.35,60150.92,True,False
Emergent_ego_dissolution_entropy_a9e44c,Emergent_constraint_contradiction_8d2c9c,0.9399646481225339,60080.35,60163.96,True,False
Emergent_ego_dissolution_entropy_a9e44c,Emergent_constraint_emerges_ae770e,0.931410772095937,60080.35,60164.3,True,False
Emergent_ego_dissolution_entropy_a9e44c,Emergent_autonomy_cascade_d60596,0.9399646476189636,60080.35,60179.09,True,False
Emergent_ego_dissolution_entropy_a9e44c,Emergent_analogy_autonomy_581819,0.9399646476819099,60080.35,60194.81,True,False
Emergent_ego_dissolution_entropy_a9e44c,Emergent_appears_asymmetry_8ccc17,0.9399646477448562,60080.35,60208.74,True,False
Emergent_ego_dissolution_entropy_a9e44c,Emergent_bounded_complexity_42f802,0.9399646450760655,60080.35,60255.0,True,False
Emergent_ego_dissolution_entropy_a9e44c,Emergent_emerges_energy_071aaf,0.9399646175205363,60080.35,60270.17,True,False
Emergent_ego_dissolution_entropy_a9e44c,Emergent_emerges_interference_c644ec,0.939964617430951,60080.35,60270.51,True,False
Emergent_ego_dissolution_entropy_a9e44c,Emergent_complexity_identity_cbb97e,0.9399646531921446,60080.35,60282.28,True,False
Emergent_ego_dissolution_entropy_a9e44c,Emergent_contradiction_energy_1ee86a,0.9325061610049843,60080.35,60296.2,True,False
Emergent_ego_dissolution_entropy_a9e44c,Emergent_identity_memory_6b5c68,0.9330040770413721,60080.35,60296.54,True,False
Emergent_ego_dissolution_entropy_a9e44c,Emergent_autonomy_boundary_1c8ce0,0.9346330021426634,60080.35,60311.24,True,False
Emergent_ego_dissolution_entropy_a9e44c,Emergent_autonomy_bounded_94d9e2,0.9399646597882929,60080.35,60327.92,True,False
Emergent_ego_dissolution_entropy_a9e44c,Emergent_autonomy_boundary_625a34,0.9399646597324092,60080.35,60328.26,True,False
Emergent_ego_dissolution_entropy_a9e44c,Emergent_appears_asymmetry_9e9e75,0.9399644892798735,60080.35,60344.53,True,False
Emergent_ego_dissolution_entropy_a9e44c,Emergent_analogy_appears_18b183,0.9399644892563035,60080.35,60344.87,True,False
Emergent_ego_dissolution_entropy_a9e44c,Emergent_appears_asymmetry_ecd8f7,0.939964711017617,60080.35,60360.43,True,False
Emergent_ego_dissolution_entropy_a9e44c,Emergent_autonomy_carefully_dedeae,0.9399645865368218,60080.35,60396.98,True,False
Emergent_ego_dissolution_entropy_a9e44c,Emergent_analogy_autonomy_a3a02c,0.9399645827428031,60080.35,60397.32,True,False
Emergent_ego_dissolution_entropy_a9e44c,Emergent_autonomy_bounded_5ceb4c,0.9399649233980603,60080.35,60432.3,True,False
Emergent_ego_dissolution_entropy_a9e44c,Emergent_bounded_carefully_f79645,0.9399647445202135,60080.35,60450.22,True,False
Emergent_ego_dissolution_entropy_a9e44c,Emergent_bounded_carefully_09c04f,0.9399647369328563,60080.35,60450.56,True,False
Emergent_ego_dissolution_entropy_a9e44c,Emergent_autonomy_clarity_dc06c1,0.9399647764899743,60080.35,60468.28,True,False
Emergent_ego_dissolution_entropy_a9e44c,Emergent_analogy_autonomy_fb4c5a,0.9399647764899743,60080.35,60468.62,True,False
Emergent_ego_dissolution_entropy_a9e44c,Emergent_feedback_identity_99a69b,0.9399645442650859,60080.35,60486.89,True,False
Emergent_ego_dissolution_entropy_a9e44c,Emergent_experience_accumulation_identity_5ddcb0,0.939964544346543,60080.35,60487.23,True,False
Emergent_ego_dissolution_entropy_a9e44c,Emergent_analogy_bounded_37007e,0.9399656523843409,60080.35,60559.12,True,False
Emergent_ego_dissolution_entropy_a9e44c,Emergent_bounded_contradiction_d8e7d7,0.9390901966112875,60080.35,60559.46,True,False
Emergent_ego_dissolution_entropy_a9e44c,Emergent_boundary_clarity_6b732b,0.9305122082177757,60080.35,60573.21,True,False
Emergent_ego_dissolution_entropy_a9e44c,Emergent_clarity_entropy_f29129,0.9386859001419334,60080.35,60573.55,True,False
Emergent_ego_dissolution_entropy_a9e44c,Emergent_carefully_coherence_0a055c,0.9348308751080643,60080.35,60592.86,True,False
Emergent_ego_dissolution_entropy_a9e44c,Emergent_bounded_chaos_6978e0,0.939956625015065,60080.35,60610.06,True,False
Emergent_ego_dissolution_entropy_a9e44c,Emergent_boundary_bounded_32e02f,0.9399566014515535,60080.35,60610.4,True,False
Emergent_ego_dissolution_entropy_a9e44c,Emergent_carefully_coherence_7a9452,0.9399694955444511,60080.35,60631.48,True,False
Emergent_ego_dissolution_entropy_a9e44c,Emergent_carefully_coherence_c4d3bc,0.9399694955444511,60080.35,60631.82,True,False
Emergent_ego_dissolution_entropy_a9e44c,Emergent_carefully_coherence_6373e7,0.9399681155848414,60080.35,60653.64,True,False
Emergent_ego_dissolution_entropy_a9e44c,Emergent_autonomy_bounded_72bafc,0.9399654870903467,60080.35,60677.34,True,False
Emergent_ego_dissolution_entropy_a9e44c,Emergent_bounded_coherence_5ce930,0.9399658156521586,60080.35,60699.23,True,False
Emergent_ego_dissolution_entropy_a9e44c,Emergent_carefully_clarity_0d7a6f,0.9399447990821388,60080.35,60788.94,True,False
Emergent_ego_dissolution_entropy_a9e44c,Emergent_analogy_carefully_f01b47,0.9399451019456013,60080.35,60789.28,True,False
Emergent_ego_dissolution_entropy_a9e44c,Emergent_appears_asymmetry_2723fa,0.9361552001267341,60080.35,60852.69,True,False
Emergent_ego_dissolution_entropy_a9e44c,Emergent_bounded_coherence_e42f85,0.9399229258650779,60080.35,60935.95,True,False
Emergent_ego_dissolution_entropy_a9e44c,Emergent_appears_asymmetry_c0f5ef,0.9398989881851887,60080.35,60954.94,True,False
Emergent_ego_dissolution_entropy_a9e44c,Emergent_autonomy_collective_461851,0.9400202949975263,60080.35,61021.5,True,False
Emergent_ego_dissolution_entropy_a9e44c,Emergent_analogy_emerges_8a4649,0.9397898008862184,60080.35,61105.65,True,False
Emergent_ego_dissolution_entropy_a9e44c,Emergent_bounded_coherence_a2e9f5,0.9366887940048985,60080.35,61172.58,True,False
Emergent_ego_dissolution_entropy_a9e44c,Emergent_analogy_clarity_0b0b60,0.9391974671038008,60080.35,61194.54,True,False
Emergent_ego_dissolution_entropy_a9e44c,Emergent_clarity_complexity_e4a503,0.9338320854254414,60080.35,61194.88,True,False
Emergent_ego_dissolution_entropy_a9e44c,Emergent_bounded_clarity_02332c,0.9409233593183994,60080.35,61240.36,True,False
Emergent_ego_dissolution_entropy_a9e44c,Emergent_constraint_emergence_2ad214,0.9241049460848438,60080.35,61285.52,True,False
Emergent_ego_dissolution_entropy_a9e44c,Emergent_complexity_constraint_d61373,0.9367232900183995,60080.35,61285.86,True,False
Emergent_ego_dissolution_entropy_a9e44c,Emergent_constraint_focused_4a6458,0.9331938200183993,60080.35,61308.79,True,False
Emergent_ego_dissolution_entropy_a9e44c,Emergent_complexity_constraint_0c13f0,0.9281517200183995,60080.35,61332.16,True,False
Emergent_ego_dissolution_entropy_a9e44c,Emergent_analogy_constraint_95c432,0.9281517200183995,60080.35,61332.5,True,False
Emergent_ego_dissolution_entropy_a9e44c,Emergent_bounded_clarity_fd8415,0.9209487200183997,60080.35,61355.79,True,False
Emergent_ego_dissolution_entropy_a9e44c,Emergent_analogy_cascade_c597be,0.8504055185095094,60080.35,61399.15,True,False
Emergent_ego_dissolution_entropy_a9e44c,Emergent_boundary_bounded_497fce,0.9220263002168123,60080.35,61423.96,True,False
Emergent_ego_dissolution_entropy_a9e44c,Emergent_emerges_entropy_7a1b09,0.8302702806375315,60080.35,61448.24,True,False
Emergent_ego_dissolution_entropy_a9e44c,Emergent_constraint_emerges_88e4cd,0.831488294303302,60080.35,61471.29,True,False
Emergent_appears_asymmetry_8dba4c,Emergent_autonomy_collective_142ac5,0.896375096987311,60092.96,60106.35,True,False
Emergent_appears_asymmetry_8dba4c,Emergent_autonomy_collective_4a8f61,0.8978290956426431,60092.96,60106.69,True,False
Emergent_appears_asymmetry_8dba4c,Emergent_constraint_equilibrium_90dc73,0.9435384774430442,60092.96,60120.4,True,False
Emergent_appears_asymmetry_8dba4c,Emergent_emerges_entropy_902bf8,0.9083454999552805,60092.96,60134.65,True,False
Emergent_appears_asymmetry_8dba4c,Emergent_contradiction_emerges_8ffe6e,0.9083454999519907,60092.96,60134.99,True,False
Emergent_appears_asymmetry_8dba4c,Emergent_contradiction_emerges_e19e6c,0.8915340340678484,60092.96,60150.58,True,False
Emergent_appears_asymmetry_8dba4c,Emergent_emerges_experience_accumulation_ba922b,0.9012271127012228,60092.96,60150.92,True,False
Emergent_appears_asymmetry_8dba4c,Emergent_constraint_contradiction_8d2c9c,0.9060893350501893,60092.96,60163.96,True,False
Emergent_appears_asymmetry_8dba4c,Emergent_constraint_emerges_ae770e,0.931410772095937,60092.96,60164.3,True,False
Emergent_appears_asymmetry_8dba4c,Emergent_autonomy_cascade_d60596,0.9062344608261295,60092.96,60179.09,True,False
Emergent_appears_asymmetry_8dba4c,Emergent_analogy_autonomy_581819,0.9425642906753202,60092.96,60194.81,True,False
Emergent_appears_asymmetry_8dba4c,Emergent_appears_asymmetry_8ccc17,0.895775405400481,60092.96,60208.74,True,False
Emergent_appears_asymmetry_8dba4c,Emergent_bounded_complexity_42f802,0.9038614201905364,60092.96,60255.0,True,False
Emergent_appears_asymmetry_8dba4c,Emergent_emerges_energy_071aaf,0.9060688326190167,60092.96,60270.17,True,False
Emergent_appears_asymmetry_8dba4c,Emergent_emerges_interference_c644ec,0.9444634947697956,60092.96,60270.51,True,False
Emergent_appears_asymmetry_8dba4c,Emergent_complexity_identity_cbb97e,0.8962139660688548,60092.96,60282.28,True,False
Emergent_appears_asymmetry_8dba4c,Emergent_contradiction_energy_1ee86a,0.9325061610049843,60092.96,60296.2,True,False
Emergent_appears_asymmetry_8dba4c,Emergent_identity_memory_6b5c68,0.9330040770413721,60092.96,60296.54,True,False
Emergent_appears_asymmetry_8dba4c,Emergent_autonomy_boundary_1c8ce0,0.9346330021426634,60092.96,60311.24,True,False
Emergent_appears_asymmetry_8dba4c,Emergent_autonomy_bounded_94d9e2,0.9083455085459962,60092.96,60327.92,True,False
Emergent_appears_asymmetry_8dba4c,Emergent_autonomy_boundary_625a34,0.899003836191067,60092.96,60328.26,True,False
Emergent_appears_asymmetry_8dba4c,Emergent_appears_asymmetry_9e9e75,0.8932283184026029,60092.96,60344.53,True,False
Emergent_appears_asymmetry_8dba4c,Emergent_analogy_appears_18b183,0.892276144095876,60092.96,60344.87,True,False
Emergent_appears_asymmetry_8dba4c,Emergent_appears_asymmetry_ecd8f7,0.8956602791254589,60092.96,60360.43,True,False
Emergent_appears_asymmetry_8dba4c,Emergent_autonomy_carefully_dedeae,0.9083454733834657,60092.96,60396.98,True,False
Emergent_appears_asymmetry_8dba4c,Emergent_analogy_autonomy_a3a02c,0.9050989290028437,60092.96,60397.32,True,False
Emergent_appears_asymmetry_8dba4c,Emergent_autonomy_bounded_5ceb4c,0.9000175074145924,60092.96,60432.3,True,False
Emergent_appears_asymmetry_8dba4c,Emergent_bounded_carefully_f79645,0.8953216388548888,60092.96,60450.22,True,False
Emergent_appears_asymmetry_8dba4c,Emergent_bounded_carefully_09c04f,0.9455925599808743,60092.96,60450.56,True,False
Emergent_appears_asymmetry_8dba4c,Emergent_autonomy_clarity_dc06c1,0.9021000261283343,60092.96,60468.28,True,False
Emergent_appears_asymmetry_8dba4c,Emergent_analogy_autonomy_fb4c5a,0.9030272554234322,60092.96,60468.62,True,False
Emergent_appears_asymmetry_8dba4c,Emergent_feedback_identity_99a69b,0.8920611660922655,60092.96,60486.89,True,False
Emergent_appears_asymmetry_8dba4c,Emergent_experience_accumulation_identity_5ddcb0,0.8929444708609078,60092.96,60487.23,True,False
Emergent_appears_asymmetry_8dba4c,Emergent_analogy_bounded_37007e,0.9450193881272575,60092.96,60559.12,True,False
Emergent_appears_asymmetry_8dba4c,Emergent_bounded_contradiction_d8e7d7,0.9390901966112875,60092.96,60559.46,True,False
Emergent_appears_asymmetry_8dba4c,Emergent_boundary_clarity_6b732b,0.9305122082177757,60092.96,60573.21,True,False
Emergent_appears_asymmetry_8dba4c,Emergent_clarity_entropy_f29129,0.9386859001419334,60092.96,60573.55,True,False
Emergent_appears_asymmetry_8dba4c,Emergent_carefully_coherence_0a055c,0.9348308751080643,60092.96,60592.86,True,False
Emergent_appears_asymmetry_8dba4c,Emergent_bounded_chaos_6978e0,0.895191362727012,60092.96,60610.06,True,False
Emergent_appears_asymmetry_8dba4c,Emergent_boundary_bounded_32e02f,0.9451034934791727,60092.96,60610.4,True,False
Emergent_appears_asymmetry_8dba4c,Emergent_carefully_coherence_7a9452,0.9421944070880692,60092.96,60631.48,True,False
Emergent_appears_asymmetry_8dba4c,Emergent_carefully_coherence_c4d3bc,0.8911203903847214,60092.96,60631.82,True,False
Emergent_appears_asymmetry_8dba4c,Emergent_carefully_coherence_6373e7,0.8920801416112094,60092.96,60653.64,True,False
Emergent_appears_asymmetry_8dba4c,Emergent_autonomy_bounded_72bafc,0.9078702905223721,60092.96,60677.34,True,False
Emergent_appears_asymmetry_8dba4c,Emergent_bounded_coherence_5ce930,0.946125715536827,60092.96,60699.23,True,False
Emergent_appears_asymmetry_8dba4c,Emergent_carefully_clarity_0d7a6f,0.9436069491040497,60092.96,60788.94,True,False
Emergent_appears_asymmetry_8dba4c,Emergent_analogy_carefully_f01b47,0.8930823129082952,60092.96,60789.28,True,False
Emergent_appears_asymmetry_8dba4c,Emergent_appears_asymmetry_2723fa,0.9361552001267341,60092.96,60852.69,True,False
Emergent_appears_asymmetry_8dba4c,Emergent_bounded_coherence_e42f85,0.9015890394909629,60092.96,60935.95,True,False
Emergent_appears_asymmetry_8dba4c,Emergent_appears_asymmetry_c0f5ef,0.8980773338122803,60092.96,60954.94,True,False
Emergent_appears_asymmetry_8dba4c,Emergent_autonomy_collective_461851,0.8966838953614524,60092.96,61021.5,True,False
Emergent_appears_asymmetry_8dba4c,Emergent_analogy_emerges_8a4649,0.9039830251596572,60092.96,61105.65,True,False
Emergent_appears_asymmetry_8dba4c,Emergent_bounded_coherence_a2e9f5,0.9064203829408559,60092.96,61172.58,True,False
Emergent_appears_asymmetry_8dba4c,Emergent_analogy_clarity_0b0b60,0.9075898801897968,60092.96,61194.54,True,False
Emergent_appears_asymmetry_8dba4c,Emergent_clarity_complexity_e4a503,0.9338320854254414,60092.96,61194.88,True,False
Emergent_appears_asymmetry_8dba4c,Emergent_bounded_clarity_02332c,0.9445569923306589,60092.96,61240.36,True,False
Emergent_appears_asymmetry_8dba4c,Emergent_constraint_emergence_2ad214,0.9241049460848438,60092.96,61285.52,True,False
Emergent_appears_asymmetry_8dba4c,Emergent_complexity_constraint_d61373,0.903967014560112,60092.96,61285.86,True,False
Emergent_appears_asymmetry_8dba4c,Emergent_constraint_focused_4a6458,0.8986072129646001,60092.96,61308.79,True,False
Emergent_appears_asymmetry_8dba4c,Emergent_complexity_constraint_0c13f0,0.8995637747596907,60092.96,61332.16,True,False
Emergent_appears_asymmetry_8dba4c,Emergent_analogy_constraint_95c432,0.8883690455203934,60092.96,61332.5,True,False
Emergent_appears_asymmetry_8dba4c,Emergent_bounded_clarity_fd8415,0.8800975072254276,60092.96,61355.79,True,False
Emergent_appears_asymmetry_8dba4c,Emergent_analogy_cascade_c597be,0.8731029721261703,60092.96,61399.15,True,False
Emergent_appears_asymmetry_8dba4c,Emergent_boundary_bounded_497fce,0.9248396918859185,60092.96,61423.96,True,False
Emergent_appears_asymmetry_8dba4c,Emergent_emerges_entropy_7a1b09,0.84859668291139,60092.96,61448.24,True,False
Emergent_appears_asymmetry_8dba4c,Emergent_constraint_emerges_88e4cd,0.8376018047013638,60092.96,61471.29,True,False
Emergent_autonomy_collective_142ac5,Emergent_autonomy_collective_4a8f61,0.8963750969992876,60106.35,60106.69,True,False
Emergent_autonomy_collective_142ac5,Emergent_constraint_equilibrium_90dc73,0.9435384774473972,60106.35,60120.4,True,False
Emergent_autonomy_collective_142ac5,Emergent_emerges_entropy_902bf8,0.8963750959486401,60106.35,60134.65,True,False
Emergent_autonomy_collective_142ac5,Emergent_contradiction_emerges_8ffe6e,0.8963750959454804,60106.35,60134.99,True,False
Emergent_autonomy_collective_142ac5,Emergent_contradiction_emerges_e19e6c,0.8915340340682885,60106.35,60150.58,True,False
Emergent_autonomy_collective_142ac5,Emergent_emerges_experience_accumulation_ba922b,0.8963750954604228,60106.35,60150.92,True,False
Emergent_autonomy_collective_142ac5,Emergent_constraint_contradiction_8d2c9c,0.8963750982442176,60106.35,60163.96,True,False
Emergent_autonomy_collective_142ac5,Emergent_constraint_emerges_ae770e,0.931410772095937,60106.35,60164.3,True,False
Emergent_autonomy_collective_142ac5,Emergent_autonomy_cascade_d60596,0.8963750978917184,60106.35,60179.09,True,False
Emergent_autonomy_collective_142ac5,Emergent_analogy_autonomy_581819,0.9425642906753202,60106.35,60194.81,True,False
Emergent_autonomy_collective_142ac5,Emergent_appears_asymmetry_8ccc17,0.895775405400481,60106.35,60208.74,True,False
Emergent_autonomy_collective_142ac5,Emergent_bounded_complexity_42f802,0.8963750961033203,60106.35,60255.0,True,False
Emergent_autonomy_collective_142ac5,Emergent_emerges_energy_071aaf,0.8963750770387673,60106.35,60270.17,True,False
Emergent_autonomy_collective_142ac5,Emergent_emerges_interference_c644ec,0.9444634947697956,60106.35,60270.51,True,False
Emergent_autonomy_collective_142ac5,Emergent_complexity_identity_cbb97e,0.8962139660688548,60106.35,60282.28,True,False
Emergent_autonomy_collective_142ac5,Emergent_contradiction_energy_1ee86a,0.9325061610049843,60106.35,60296.2,True,False
Emergent_autonomy_collective_142ac5,Emergent_identity_memory_6b5c68,0.9330040770413721,60106.35,60296.54,True,False
Emergent_autonomy_collective_142ac5,Emergent_autonomy_boundary_1c8ce0,0.9346330021426634,60106.35,60311.24,True,False
Emergent_autonomy_collective_142ac5,Emergent_autonomy_bounded_94d9e2,0.8963751054682858,60106.35,60327.92,True,False
Emergent_autonomy_collective_142ac5,Emergent_autonomy_boundary_625a34,0.8963751054273499,60106.35,60328.26,True,False
Emergent_autonomy_collective_142ac5,Emergent_appears_asymmetry_9e9e75,0.8932283184026029,60106.35,60344.53,True,False
Emergent_autonomy_collective_142ac5,Emergent_analogy_appears_18b183,0.892276144095876,60106.35,60344.87,True,False
Emergent_autonomy_collective_142ac5,Emergent_appears_asymmetry_ecd8f7,0.8956602791254589,60106.35,60360.43,True,False
Emergent_autonomy_collective_142ac5,Emergent_autonomy_carefully_dedeae,0.8963750625492044,60106.35,60396.98,True,False
Emergent_autonomy_collective_142ac5,Emergent_analogy_autonomy_a3a02c,0.8963750597700175,60106.35,60397.32,True,False
Emergent_autonomy_collective_142ac5,Emergent_autonomy_bounded_5ceb4c,0.8963752730899719,60106.35,60432.3,True,False
Emergent_autonomy_collective_142ac5,Emergent_bounded_carefully_f79645,0.8953216388548888,60106.35,60450.22,True,False
Emergent_autonomy_collective_142ac5,Emergent_bounded_carefully_09c04f,0.9455925599808743,60106.35,60450.56,True,False
Emergent_autonomy_collective_142ac5,Emergent_autonomy_clarity_dc06c1,0.8963751458908764,60106.35,60468.28,True,False
Emergent_autonomy_collective_142ac5,Emergent_analogy_autonomy_fb4c5a,0.8963751458908764,60106.35,60468.62,True,False
Emergent_autonomy_collective_142ac5,Emergent_feedback_identity_99a69b,0.8920611660922655,60106.35,60486.89,True,False
Emergent_autonomy_collective_142ac5,Emergent_experience_accumulation_identity_5ddcb0,0.8929444708609078,60106.35,60487.23,True,False
Emergent_autonomy_collective_142ac5,Emergent_analogy_bounded_37007e,0.9450193881272575,60106.35,60559.12,True,False
Emergent_autonomy_collective_142ac5,Emergent_bounded_contradiction_d8e7d7,0.9390901966112875,60106.35,60559.46,True,False
Emergent_autonomy_collective_142ac5,Emergent_boundary_clarity_6b732b,0.9305122082177757,60106.35,60573.21,True,False
Emergent_autonomy_collective_142ac5,Emergent_clarity_entropy_f29129,0.9386859001419334,60106.35,60573.55,True,False
Emergent_autonomy_collective_142ac5,Emergent_carefully_coherence_0a055c,0.9348308751080643,60106.35,60592.86,True,False
Emergent_autonomy_collective_142ac5,Emergent_bounded_chaos_6978e0,0.895191362727012,60106.35,60610.06,True,False
Emergent_autonomy_collective_142ac5,Emergent_boundary_bounded_32e02f,0.9451034934791727,60106.35,60610.4,True,False
Emergent_autonomy_collective_142ac5,Emergent_carefully_coherence_7a9452,0.9421944070880692,60106.35,60631.48,True,False
Emergent_autonomy_collective_142ac5,Emergent_carefully_coherence_c4d3bc,0.8911203903847214,60106.35,60631.82,True,False
Emergent_autonomy_collective_142ac5,Emergent_carefully_coherence_6373e7,0.8920801416112094,60106.35,60653.64,True,False
Emergent_autonomy_collective_142ac5,Emergent_autonomy_bounded_72bafc,0.8963754399365687,60106.35,60677.34,True,False
Emergent_autonomy_collective_142ac5,Emergent_bounded_coherence_5ce930,0.946125715536827,60106.35,60699.23,True,False
Emergent_autonomy_collective_142ac5,Emergent_carefully_clarity_0d7a6f,0.9436069491040497,60106.35,60788.94,True,False
Emergent_autonomy_collective_142ac5,Emergent_analogy_carefully_f01b47,0.8930823129082952,60106.35,60789.28,True,False
Emergent_autonomy_collective_142ac5,Emergent_appears_asymmetry_2723fa,0.9361552001267341,60106.35,60852.69,True,False
Emergent_autonomy_collective_142ac5,Emergent_bounded_coherence_e42f85,0.8963445360353943,60106.35,60935.95,True,False
Emergent_autonomy_collective_142ac5,Emergent_appears_asymmetry_c0f5ef,0.8963277796594717,60106.35,60954.94,True,False
Emergent_autonomy_collective_142ac5,Emergent_autonomy_collective_461851,0.896406101490351,60106.35,61021.5,True,False
Emergent_autonomy_collective_142ac5,Emergent_analogy_emerges_8a4649,0.8962447556124358,60106.35,61105.65,True,False
Emergent_autonomy_collective_142ac5,Emergent_bounded_coherence_a2e9f5,0.8942728376592277,60106.35,61172.58,True,False
Emergent_autonomy_collective_142ac5,Emergent_analogy_clarity_0b0b60,0.8957246938359751,60106.35,61194.54,True,False
Emergent_autonomy_collective_142ac5,Emergent_clarity_complexity_e4a503,0.9338320854254414,60106.35,61194.88,True,False
Emergent_autonomy_collective_142ac5,Emergent_bounded_clarity_02332c,0.9445569923306589,60106.35,61240.36,True,False
Emergent_autonomy_collective_142ac5,Emergent_constraint_emergence_2ad214,0.9241049460848438,60106.35,61285.52,True,False
Emergent_autonomy_collective_142ac5,Emergent_complexity_constraint_d61373,0.8938402498042901,60106.35,61285.86,True,False
Emergent_autonomy_collective_142ac5,Emergent_constraint_focused_4a6458,0.89136962080429,60106.35,61308.79,True,False
Emergent_autonomy_collective_142ac5,Emergent_complexity_constraint_0c13f0,0.8878401508042901,60106.35,61332.16,True,False
Emergent_autonomy_collective_142ac5,Emergent_analogy_constraint_95c432,0.8878401508042901,60106.35,61332.5,True,False
Emergent_autonomy_collective_142ac5,Emergent_bounded_clarity_fd8415,0.8800975072254276,60106.35,61355.79,True,False
Emergent_autonomy_collective_142ac5,Emergent_analogy_cascade_c597be,0.8691454188263674,60106.35,61399.15,True,False
Emergent_autonomy_collective_142ac5,Emergent_boundary_bounded_497fce,0.9248396918859185,60106.35,61423.96,True,False
Emergent_autonomy_collective_142ac5,Emergent_emerges_entropy_7a1b09,0.84859668291139,60106.35,61448.24,True,False
Emergent_autonomy_collective_142ac5,Emergent_constraint_emerges_88e4cd,0.8376018047013638,60106.35,61471.29,True,False
Emergent_autonomy_collective_4a8f61,Emergent_constraint_equilibrium_90dc73,0.9435384774483462,60106.69,60120.4,True,False
Emergent_autonomy_collective_4a8f61,Emergent_emerges_entropy_902bf8,0.8978290946075209,60106.69,60134.65,True,False
Emergent_autonomy_collective_4a8f61,Emergent_contradiction_emerges_8ffe6e,0.8978290946043452,60106.69,60134.99,True,False
Emergent_autonomy_collective_4a8f61,Emergent_contradiction_emerges_e19e6c,0.8915340340690079,60106.69,60150.58,True,False
Emergent_autonomy_collective_4a8f61,Emergent_emerges_experience_accumulation_ba922b,0.8978290941174554,60106.69,60150.92,True,False
Emergent_autonomy_collective_4a8f61,Emergent_constraint_contradiction_8d2c9c,0.8978290968953739,60106.69,60163.96,True,False
Emergent_autonomy_collective_4a8f61,Emergent_constraint_emerges_ae770e,0.931410772095937,60106.69,60164.3,True,False
Emergent_autonomy_collective_4a8f61,Emergent_autonomy_cascade_d60596,0.8978290965428748,60106.69,60179.09,True,False
Emergent_autonomy_collective_4a8f61,Emergent_analogy_autonomy_581819,0.9425642906753202,60106.69,60194.81,True,False
Emergent_autonomy_collective_4a8f61,Emergent_appears_asymmetry_8ccc17,0.895775405400481,60106.69,60208.74,True,False
Emergent_autonomy_collective_4a8f61,Emergent_bounded_complexity_42f802,0.897829094753533,60106.69,60255.0,True,False
Emergent_autonomy_collective_4a8f61,Emergent_emerges_energy_071aaf,0.8978290757142695,60106.69,60270.17,True,False
Emergent_autonomy_collective_4a8f61,Emergent_emerges_interference_c644ec,0.9444634947697956,60106.69,60270.51,True,False
Emergent_autonomy_collective_4a8f61,Emergent_complexity_identity_cbb97e,0.8962139660688548,60106.69,60282.28,True,False
Emergent_autonomy_collective_4a8f61,Emergent_contradiction_energy_1ee86a,0.9325061610049843,60106.69,60296.2,True,False
Emergent_autonomy_collective_4a8f61,Emergent_identity_memory_6b5c68,0.9330040770413721,60106.69,60296.54,True,False
Emergent_autonomy_collective_4a8f61,Emergent_autonomy_boundary_1c8ce0,0.9346330021426634,60106.69,60311.24,True,False
Emergent_autonomy_collective_4a8f61,Emergent_autonomy_bounded_94d9e2,0.8978291040132458,60106.69,60327.92,True,False
Emergent_autonomy_collective_4a8f61,Emergent_autonomy_boundary_625a34,0.8978291039721051,60106.69,60328.26,True,False
Emergent_autonomy_collective_4a8f61,Emergent_appears_asymmetry_9e9e75,0.8932283184026029,60106.69,60344.53,True,False
Emergent_autonomy_collective_4a8f61,Emergent_analogy_appears_18b183,0.892276144095876,60106.69,60344.87,True,False
Emergent_autonomy_collective_4a8f61,Emergent_appears_asymmetry_ecd8f7,0.8956602791254589,60106.69,60360.43,True,False
Emergent_autonomy_collective_4a8f61,Emergent_autonomy_carefully_dedeae,0.8978290620363216,60106.69,60396.98,True,False
Emergent_autonomy_collective_4a8f61,Emergent_analogy_autonomy_a3a02c,0.8978290592432256,60106.69,60397.32,True,False
Emergent_autonomy_collective_4a8f61,Emergent_autonomy_bounded_5ceb4c,0.897829269729056,60106.69,60432.3,True,False
Emergent_autonomy_collective_4a8f61,Emergent_bounded_carefully_f79645,0.8953216388548888,60106.69,60450.22,True,False
Emergent_autonomy_collective_4a8f61,Emergent_bounded_carefully_09c04f,0.9455925599808743,60106.69,60450.56,True,False
Emergent_autonomy_collective_4a8f61,Emergent_autonomy_clarity_dc06c1,0.8978291397832423,60106.69,60468.28,True,False
Emergent_autonomy_collective_4a8f61,Emergent_analogy_autonomy_fb4c5a,0.8978291397832423,60106.69,60468.62,True,False
Emergent_autonomy_collective_4a8f61,Emergent_feedback_identity_99a69b,0.8920611660922655,60106.69,60486.89,True,False
Emergent_autonomy_collective_4a8f61,Emergent_experience_accumulation_identity_5ddcb0,0.8929444708609078,60106.69,60487.23,True,False
Emergent_autonomy_collective_4a8f61,Emergent_analogy_bounded_37007e,0.9450193881272575,60106.69,60559.12,True,False
Emergent_autonomy_collective_4a8f61,Emergent_bounded_contradiction_d8e7d7,0.9390901966112875,60106.69,60559.46,True,False
Emergent_autonomy_collective_4a8f61,Emergent_boundary_clarity_6b732b,0.9305122082177757,60106.69,60573.21,True,False
Emergent_autonomy_collective_4a8f61,Emergent_clarity_entropy_f29129,0.9386859001419334,60106.69,60573.55,True,False
Emergent_autonomy_collective_4a8f61,Emergent_carefully_coherence_0a055c,0.9348308751080643,60106.69,60592.86,True,False
Emergent_autonomy_collective_4a8f61,Emergent_bounded_chaos_6978e0,0.895191362727012,60106.69,60610.06,True,False
Emergent_autonomy_collective_4a8f61,Emergent_boundary_bounded_32e02f,0.9451034934791727,60106.69,60610.4,True,False
Emergent_autonomy_collective_4a8f61,Emergent_carefully_coherence_7a9452,0.9421944070880692,60106.69,60631.48,True,False
Emergent_autonomy_collective_4a8f61,Emergent_carefully_coherence_c4d3bc,0.8911203903847214,60106.69,60631.82,True,False
Emergent_autonomy_collective_4a8f61,Emergent_carefully_coherence_6373e7,0.8920801416112094,60106.69,60653.64,True,False
Emergent_autonomy_collective_4a8f61,Emergent_autonomy_bounded_72bafc,0.8978294109006153,60106.69,60677.34,True,False
Emergent_autonomy_collective_4a8f61,Emergent_bounded_coherence_5ce930,0.946125715536827,60106.69,60699.23,True,False
Emergent_autonomy_collective_4a8f61,Emergent_carefully_clarity_0d7a6f,0.9436069491040497,60106.69,60788.94,True,False
Emergent_autonomy_collective_4a8f61,Emergent_analogy_carefully_f01b47,0.8930823129082952,60106.69,60789.28,True,False
Emergent_autonomy_collective_4a8f61,Emergent_appears_asymmetry_2723fa,0.9361552001267341,60106.69,60852.69,True,False
Emergent_autonomy_collective_4a8f61,Emergent_bounded_coherence_e42f85,0.897798381741105,60106.69,60935.95,True,False
Emergent_autonomy_collective_4a8f61,Emergent_appears_asymmetry_c0f5ef,0.8977816253651825,60106.69,60954.94,True,False
Emergent_autonomy_collective_4a8f61,Emergent_autonomy_collective_461851,0.8966838953614524,60106.69,61021.5,True,False
Emergent_autonomy_collective_4a8f61,Emergent_analogy_emerges_8a4649,0.8976978580345389,60106.69,61105.65,True,False
Emergent_autonomy_collective_4a8f61,Emergent_bounded_coherence_a2e9f5,0.8957483511858562,60106.69,61172.58,True,False
Emergent_autonomy_collective_4a8f61,Emergent_analogy_clarity_0b0b60,0.8971659103579261,60106.69,61194.54,True,False
Emergent_autonomy_collective_4a8f61,Emergent_clarity_complexity_e4a503,0.9338320854254414,60106.69,61194.88,True,False
Emergent_autonomy_collective_4a8f61,Emergent_bounded_clarity_02332c,0.9445569923306589,60106.69,61240.36,True,False
Emergent_autonomy_collective_4a8f61,Emergent_constraint_emergence_2ad214,0.9241049460848438,60106.69,61285.52,True,False
Emergent_autonomy_collective_4a8f61,Emergent_complexity_constraint_d61373,0.8952642713103847,60106.69,61285.86,True,False
Emergent_autonomy_collective_4a8f61,Emergent_constraint_focused_4a6458,0.8927936423103848,60106.69,61308.79,True,False
Emergent_autonomy_collective_4a8f61,Emergent_complexity_constraint_0c13f0,0.8892641723103849,60106.69,61332.16,True,False
Emergent_autonomy_collective_4a8f61,Emergent_analogy_constraint_95c432,0.8883690455203934,60106.69,61332.5,True,False
Emergent_autonomy_collective_4a8f61,Emergent_bounded_clarity_fd8415,0.8800975072254276,60106.69,61355.79,True,False
Emergent_autonomy_collective_4a8f61,Emergent_analogy_cascade_c597be,0.8712581432636866,60106.69,61399.15,True,False
Emergent_autonomy_collective_4a8f61,Emergent_boundary_bounded_497fce,0.9248396918859185,60106.69,61423.96,True,False
Emergent_autonomy_collective_4a8f61,Emergent_emerges_entropy_7a1b09,0.84859668291139,60106.69,61448.24,True,False
Emergent_autonomy_collective_4a8f61,Emergent_constraint_emerges_88e4cd,0.8376018047013638,60106.69,61471.29,True,False
Emergent_constraint_equilibrium_90dc73,Emergent_emerges_entropy_902bf8,0.9435384771205397,60120.4,60134.65,True,False
Emergent_constraint_equilibrium_90dc73,Emergent_contradiction_emerges_8ffe6e,0.9435384771161683,60120.4,60134.99,True,False
Emergent_constraint_equilibrium_90dc73,Emergent_contradiction_emerges_e19e6c,0.9435384765262582,60120.4,60150.58,True,False
Emergent_constraint_equilibrium_90dc73,Emergent_emerges_experience_accumulation_ba922b,0.9435384765329093,60120.4,60150.92,True,False
Emergent_constraint_equilibrium_90dc73,Emergent_constraint_contradiction_8d2c9c,0.9435384807875009,60120.4,60163.96,True,False
Emergent_constraint_equilibrium_90dc73,Emergent_constraint_emerges_ae770e,0.9314107720465512,60120.4,60164.3,True,False
Emergent_constraint_equilibrium_90dc73,Emergent_autonomy_cascade_d60596,0.9435384803333164,60120.4,60179.09,True,False
Emergent_constraint_equilibrium_90dc73,Emergent_analogy_autonomy_581819,0.9425642906753202,60120.4,60194.81,True,False
Emergent_constraint_equilibrium_90dc73,Emergent_appears_asymmetry_8ccc17,0.9435384804592091,60120.4,60208.74,True,False
Emergent_constraint_equilibrium_90dc73,Emergent_bounded_complexity_42f802,0.9435384777869609,60120.4,60255.0,True,False
Emergent_constraint_equilibrium_90dc73,Emergent_emerges_energy_071aaf,0.9435384503241004,60120.4,60270.17,True,False
Emergent_constraint_equilibrium_90dc73,Emergent_emerges_interference_c644ec,0.9435384502340634,60120.4,60270.51,True,False
Emergent_constraint_equilibrium_90dc73,Emergent_complexity_identity_cbb97e,0.9435384858520754,60120.4,60282.28,True,False
Emergent_constraint_equilibrium_90dc73,Emergent_contradiction_energy_1ee86a,0.9325061610049843,60120.4,60296.2,True,False
Emergent_constraint_equilibrium_90dc73,Emergent_identity_memory_6b5c68,0.9330040770413721,60120.4,60296.54,True,False
Emergent_constraint_equilibrium_90dc73,Emergent_autonomy_boundary_1c8ce0,0.9346330021426634,60120.4,60311.24,True,False
Emergent_constraint_equilibrium_90dc73,Emergent_autonomy_bounded_94d9e2,0.9435384921135068,60120.4,60327.92,True,False
Emergent_constraint_equilibrium_90dc73,Emergent_autonomy_boundary_625a34,0.9435384920568721,60120.4,60328.26,True,False
Emergent_constraint_equilibrium_90dc73,Emergent_appears_asymmetry_9e9e75,0.9435383220807378,60120.4,60344.53,True,False
Emergent_constraint_equilibrium_90dc73,Emergent_analogy_appears_18b183,0.9435383220570592,60120.4,60344.87,True,False
Emergent_constraint_equilibrium_90dc73,Emergent_appears_asymmetry_ecd8f7,0.943538543079085,60120.4,60360.43,True,False
Emergent_constraint_equilibrium_90dc73,Emergent_autonomy_carefully_dedeae,0.9435384223144156,60120.4,60396.98,True,False
Emergent_constraint_equilibrium_90dc73,Emergent_analogy_autonomy_a3a02c,0.9435384184694295,60120.4,60397.32,True,False
Emergent_constraint_equilibrium_90dc73,Emergent_autonomy_bounded_5ceb4c,0.9435387487395042,60120.4,60432.3,True,False
Emergent_constraint_equilibrium_90dc73,Emergent_bounded_carefully_f79645,0.9435385899008173,60120.4,60450.22,True,False
Emergent_constraint_equilibrium_90dc73,Emergent_bounded_carefully_09c04f,0.9435385822115341,60120.4,60450.56,True,False
Emergent_constraint_equilibrium_90dc73,Emergent_autonomy_clarity_dc06c1,0.94353859176652,60120.4,60468.28,True,False
Emergent_constraint_equilibrium_90dc73,Emergent_analogy_autonomy_fb4c5a,0.94353859176652,60120.4,60468.62,True,False
Emergent_constraint_equilibrium_90dc73,Emergent_feedback_identity_99a69b,0.9435383589664621,60120.4,60486.89,True,False
Emergent_constraint_equilibrium_90dc73,Emergent_experience_accumulation_identity_5ddcb0,0.9435383590490132,60120.4,60487.23,True,False
Emergent_constraint_equilibrium_90dc73,Emergent_analogy_bounded_37007e,0.9435394587601007,60120.4,60559.12,True,False
Emergent_constraint_equilibrium_90dc73,Emergent_bounded_contradiction_d8e7d7,0.9390901966112875,60120.4,60559.46,True,False
Emergent_constraint_equilibrium_90dc73,Emergent_boundary_clarity_6b732b,0.9305122082177757,60120.4,60573.21,True,False
Emergent_constraint_equilibrium_90dc73,Emergent_clarity_entropy_f29129,0.9386859001419334,60120.4,60573.55,True,False
Emergent_constraint_equilibrium_90dc73,Emergent_carefully_coherence_0a055c,0.9348308751080643,60120.4,60592.86,True,False
Emergent_constraint_equilibrium_90dc73,Emergent_bounded_chaos_6978e0,0.9435304488650174,60120.4,60610.06,True,False
Emergent_constraint_equilibrium_90dc73,Emergent_boundary_bounded_32e02f,0.9435304251531675,60120.4,60610.4,True,False
Emergent_constraint_equilibrium_90dc73,Emergent_carefully_coherence_7a9452,0.9421944070880692,60120.4,60631.48,True,False
Emergent_constraint_equilibrium_90dc73,Emergent_carefully_coherence_c4d3bc,0.9435432268039294,60120.4,60631.82,True,False
Emergent_constraint_equilibrium_90dc73,Emergent_carefully_coherence_6373e7,0.94354184684432,60120.4,60653.64,True,False
Emergent_constraint_equilibrium_90dc73,Emergent_autonomy_bounded_72bafc,0.9435392183498252,60120.4,60677.34,True,False
Emergent_constraint_equilibrium_90dc73,Emergent_bounded_coherence_5ce930,0.943539546911637,60120.4,60699.23,True,False
Emergent_constraint_equilibrium_90dc73,Emergent_carefully_clarity_0d7a6f,0.9435194164048137,60120.4,60788.94,True,False
Emergent_constraint_equilibrium_90dc73,Emergent_analogy_carefully_f01b47,0.9435197233368411,60120.4,60789.28,True,False
Emergent_constraint_equilibrium_90dc73,Emergent_appears_asymmetry_2723fa,0.9361552001267341,60120.4,60852.69,True,False
Emergent_constraint_equilibrium_90dc73,Emergent_bounded_coherence_e42f85,0.9434961981359242,60120.4,60935.95,True,False
Emergent_constraint_equilibrium_90dc73,Emergent_appears_asymmetry_c0f5ef,0.9434722604560348,60120.4,60954.94,True,False
Emergent_constraint_equilibrium_90dc73,Emergent_autonomy_collective_461851,0.9435908436274698,60120.4,61021.5,True,False
Emergent_constraint_equilibrium_90dc73,Emergent_analogy_emerges_8a4649,0.9433603495161622,60120.4,61105.65,True,False
Emergent_constraint_equilibrium_90dc73,Emergent_bounded_coherence_a2e9f5,0.9403414644525909,60120.4,61172.58,True,False
Emergent_constraint_equilibrium_90dc73,Emergent_analogy_clarity_0b0b60,0.942724461801586,60120.4,61194.54,True,False
Emergent_constraint_equilibrium_90dc73,Emergent_clarity_complexity_e4a503,0.9338320854254414,60120.4,61194.88,True,False
Emergent_constraint_equilibrium_90dc73,Emergent_bounded_clarity_02332c,0.9443873457000722,60120.4,61240.36,True,False
Emergent_constraint_equilibrium_90dc73,Emergent_constraint_emergence_2ad214,0.9241049460848438,60120.4,61285.52,True,False
Emergent_constraint_equilibrium_90dc73,Emergent_complexity_constraint_d61373,0.9401872764000723,60120.4,61285.86,True,False
Emergent_constraint_equilibrium_90dc73,Emergent_constraint_focused_4a6458,0.9366578064000723,60120.4,61308.79,True,False
Emergent_constraint_equilibrium_90dc73,Emergent_complexity_constraint_0c13f0,0.9316157064000723,60120.4,61332.16,True,False
Emergent_constraint_equilibrium_90dc73,Emergent_analogy_constraint_95c432,0.9316157064000723,60120.4,61332.5,True,False
Emergent_constraint_equilibrium_90dc73,Emergent_bounded_clarity_fd8415,0.9244127064000722,60120.4,61355.79,True,False
Emergent_constraint_equilibrium_90dc73,Emergent_analogy_cascade_c597be,0.8558247311012299,60120.4,61399.15,True,False
Emergent_constraint_equilibrium_90dc73,Emergent_boundary_bounded_497fce,0.9244581459912382,60120.4,61423.96,True,False
Emergent_constraint_equilibrium_90dc73,Emergent_emerges_entropy_7a1b09,0.8373937513140446,60120.4,61448.24,True,False
Emergent_constraint_equilibrium_90dc73,Emergent_constraint_emerges_88e4cd,0.8376018047013638,60120.4,61471.29,True,False
Emergent_emerges_entropy_902bf8,Emergent_contradiction_emerges_8ffe6e,0.9107684822275091,60134.65,60134.99,True,False
Emergent_emerges_entropy_902bf8,Emergent_contradiction_emerges_e19e6c,0.8915340339005551,60134.65,60150.58,True,False
Emergent_emerges_entropy_902bf8,Emergent_emerges_experience_accumulation_ba922b,0.9012271125282534,60134.65,60150.92,True,False
Emergent_emerges_entropy_902bf8,Emergent_constraint_contradiction_8d2c9c,0.9060893350501893,60134.65,60163.96,True,False
Emergent_emerges_entropy_902bf8,Emergent_constraint_emerges_ae770e,0.931410772095937,60134.65,60164.3,True,False
Emergent_emerges_entropy_902bf8,Emergent_autonomy_cascade_d60596,0.9062344608261295,60134.65,60179.09,True,False
Emergent_emerges_entropy_902bf8,Emergent_analogy_autonomy_581819,0.9425642906753202,60134.65,60194.81,True,False
Emergent_emerges_entropy_902bf8,Emergent_appears_asymmetry_8ccc17,0.895775405400481,60134.65,60208.74,True,False
Emergent_emerges_entropy_902bf8,Emergent_bounded_complexity_42f802,0.9038614201905364,60134.65,60255.0,True,False
Emergent_emerges_entropy_902bf8,Emergent_emerges_energy_071aaf,0.9060688326190167,60134.65,60270.17,True,False
Emergent_emerges_entropy_902bf8,Emergent_emerges_interference_c644ec,0.9444634947697956,60134.65,60270.51,True,False
Emergent_emerges_entropy_902bf8,Emergent_complexity_identity_cbb97e,0.8962139660688548,60134.65,60282.28,True,False
Emergent_emerges_entropy_902bf8,Emergent_contradiction_energy_1ee86a,0.9325061610049843,60134.65,60296.2,True,False
Emergent_emerges_entropy_902bf8,Emergent_identity_memory_6b5c68,0.9330040770413721,60134.65,60296.54,True,False
Emergent_emerges_entropy_902bf8,Emergent_autonomy_boundary_1c8ce0,0.9346330021426634,60134.65,60311.24,True,False
Emergent_emerges_entropy_902bf8,Emergent_autonomy_bounded_94d9e2,0.9174667640032341,60134.65,60327.92,True,False
Emergent_emerges_entropy_902bf8,Emergent_autonomy_boundary_625a34,0.899003836191067,60134.65,60328.26,True,False
Emergent_emerges_entropy_902bf8,Emergent_appears_asymmetry_9e9e75,0.8932283184026029,60134.65,60344.53,True,False
Emergent_emerges_entropy_902bf8,Emergent_analogy_appears_18b183,0.892276144095876,60134.65,60344.87,True,False
Emergent_emerges_entropy_902bf8,Emergent_appears_asymmetry_ecd8f7,0.8956602791254589,60134.65,60360.43,True,False
Emergent_emerges_entropy_902bf8,Emergent_autonomy_carefully_dedeae,0.9143410515826451,60134.65,60396.98,True,False
Emergent_emerges_entropy_902bf8,Emergent_analogy_autonomy_a3a02c,0.9050989290028437,60134.65,60397.32,True,False
Emergent_emerges_entropy_902bf8,Emergent_autonomy_bounded_5ceb4c,0.9000175074145924,60134.65,60432.3,True,False
Emergent_emerges_entropy_902bf8,Emergent_bounded_carefully_f79645,0.8953216388548888,60134.65,60450.22,True,False
Emergent_emerges_entropy_902bf8,Emergent_bounded_carefully_09c04f,0.9455925599808743,60134.65,60450.56,True,False
Emergent_emerges_entropy_902bf8,Emergent_autonomy_clarity_dc06c1,0.9021000261283343,60134.65,60468.28,True,False
Emergent_emerges_entropy_902bf8,Emergent_analogy_autonomy_fb4c5a,0.9030272554234322,60134.65,60468.62,True,False
Emergent_emerges_entropy_902bf8,Emergent_feedback_identity_99a69b,0.8920611660922655,60134.65,60486.89,True,False
Emergent_emerges_entropy_902bf8,Emergent_experience_accumulation_identity_5ddcb0,0.8929444708609078,60134.65,60487.23,True,False
Emergent_emerges_entropy_902bf8,Emergent_analogy_bounded_37007e,0.9450193881272575,60134.65,60559.12,True,False
Emergent_emerges_entropy_902bf8,Emergent_bounded_contradiction_d8e7d7,0.9390901966112875,60134.65,60559.46,True,False
Emergent_emerges_entropy_902bf8,Emergent_boundary_clarity_6b732b,0.9305122082177757,60134.65,60573.21,True,False
Emergent_emerges_entropy_902bf8,Emergent_clarity_entropy_f29129,0.9386859001419334,60134.65,60573.55,True,False
Emergent_emerges_entropy_902bf8,Emergent_carefully_coherence_0a055c,0.9348308751080643,60134.65,60592.86,True,False
Emergent_emerges_entropy_902bf8,Emergent_bounded_chaos_6978e0,0.895191362727012,60134.65,60610.06,True,False
Emergent_emerges_entropy_902bf8,Emergent_boundary_bounded_32e02f,0.9451034934791727,60134.65,60610.4,True,False
Emergent_emerges_entropy_902bf8,Emergent_carefully_coherence_7a9452,0.9421944070880692,60134.65,60631.48,True,False
Emergent_emerges_entropy_902bf8,Emergent_carefully_coherence_c4d3bc,0.8911203903847214,60134.65,60631.82,True,False
Emergent_emerges_entropy_902bf8,Emergent_carefully_coherence_6373e7,0.8920801416112094,60134.65,60653.64,True,False
Emergent_emerges_entropy_902bf8,Emergent_autonomy_bounded_72bafc,0.9078702905223721,60134.65,60677.34,True,False
Emergent_emerges_entropy_902bf8,Emergent_bounded_coherence_5ce930,0.946125715536827,60134.65,60699.23,True,False
Emergent_emerges_entropy_902bf8,Emergent_carefully_clarity_0d7a6f,0.9436069491040497,60134.65,60788.94,True,False
Emergent_emerges_entropy_902bf8,Emergent_analogy_carefully_f01b47,0.8930823129082952,60134.65,60789.28,True,False
Emergent_emerges_entropy_902bf8,Emergent_appears_asymmetry_2723fa,0.9361552001267341,60134.65,60852.69,True,False
Emergent_emerges_entropy_902bf8,Emergent_bounded_coherence_e42f85,0.9015890394909629,60134.65,60935.95,True,False
Emergent_emerges_entropy_902bf8,Emergent_appears_asymmetry_c0f5ef,0.8980773338122803,60134.65,60954.94,True,False
Emergent_emerges_entropy_902bf8,Emergent_autonomy_collective_461851,0.8966838953614524,60134.65,61021.5,True,False
Emergent_emerges_entropy_902bf8,Emergent_analogy_emerges_8a4649,0.9039830251596572,60134.65,61105.65,True,False
Emergent_emerges_entropy_902bf8,Emergent_bounded_coherence_a2e9f5,0.9102444391132924,60134.65,61172.58,True,False
Emergent_emerges_entropy_902bf8,Emergent_analogy_clarity_0b0b60,0.9084219473984863,60134.65,61194.54,True,False
Emergent_emerges_entropy_902bf8,Emergent_clarity_complexity_e4a503,0.9338320854254414,60134.65,61194.88,True,False
Emergent_emerges_entropy_902bf8,Emergent_bounded_clarity_02332c,0.9445569923306589,60134.65,61240.36,True,False
Emergent_emerges_entropy_902bf8,Emergent_constraint_emergence_2ad214,0.9241049460848438,60134.65,61285.52,True,False
Emergent_emerges_entropy_902bf8,Emergent_complexity_constraint_d61373,0.903967014560112,60134.65,61285.86,True,False
Emergent_emerges_entropy_902bf8,Emergent_constraint_focused_4a6458,0.8986072129646001,60134.65,61308.79,True,False
Emergent_emerges_entropy_902bf8,Emergent_complexity_constraint_0c13f0,0.9010028686108604,60134.65,61332.16,True,False
Emergent_emerges_entropy_902bf8,Emergent_analogy_constraint_95c432,0.8883690455203934,60134.65,61332.5,True,False
Emergent_emerges_entropy_902bf8,Emergent_bounded_clarity_fd8415,0.8800975072254276,60134.65,61355.79,True,False
Emergent_emerges_entropy_902bf8,Emergent_analogy_cascade_c597be,0.8731029721261703,60134.65,61399.15,True,False
Emergent_emerges_entropy_902bf8,Emergent_boundary_bounded_497fce,0.9248396918859185,60134.65,61423.96,True,False
Emergent_emerges_entropy_902bf8,Emergent_emerges_entropy_7a1b09,0.84859668291139,60134.65,61448.24,True,False
Emergent_emerges_entropy_902bf8,Emergent_constraint_emerges_88e4cd,0.8376018047013638,60134.65,61471.29,True,False
Emergent_contradiction_emerges_8ffe6e,Emergent_contradiction_emerges_e19e6c,0.8915340338972406,60134.99,60150.58,True,False
Emergent_contradiction_emerges_8ffe6e,Emergent_emerges_experience_accumulation_ba922b,0.9012271125248263,60134.99,60150.92,True,False
Emergent_contradiction_emerges_8ffe6e,Emergent_constraint_contradiction_8d2c9c,0.9060893350501893,60134.99,60163.96,True,False
Emergent_contradiction_emerges_8ffe6e,Emergent_constraint_emerges_ae770e,0.931410772095937,60134.99,60164.3,True,False
Emergent_contradiction_emerges_8ffe6e,Emergent_autonomy_cascade_d60596,0.9062344608261295,60134.99,60179.09,True,False
Emergent_contradiction_emerges_8ffe6e,Emergent_analogy_autonomy_581819,0.9425642906753202,60134.99,60194.81,True,False
Emergent_contradiction_emerges_8ffe6e,Emergent_appears_asymmetry_8ccc17,0.895775405400481,60134.99,60208.74,True,False
Emergent_contradiction_emerges_8ffe6e,Emergent_bounded_complexity_42f802,0.9038614201905364,60134.99,60255.0,True,False
Emergent_contradiction_emerges_8ffe6e,Emergent_emerges_energy_071aaf,0.9060688326190167,60134.99,60270.17,True,False
Emergent_contradiction_emerges_8ffe6e,Emergent_emerges_interference_c644ec,0.9444634947697956,60134.99,60270.51,True,False
Emergent_contradiction_emerges_8ffe6e,Emergent_complexity_identity_cbb97e,0.8962139660688548,60134.99,60282.28,True,False
Emergent_contradiction_emerges_8ffe6e,Emergent_contradiction_energy_1ee86a,0.9325061610049843,60134.99,60296.2,True,False
Emergent_contradiction_emerges_8ffe6e,Emergent_identity_memory_6b5c68,0.9330040770413721,60134.99,60296.54,True,False
Emergent_contradiction_emerges_8ffe6e,Emergent_autonomy_boundary_1c8ce0,0.9346330021426634,60134.99,60311.24,True,False
Emergent_contradiction_emerges_8ffe6e,Emergent_autonomy_bounded_94d9e2,0.9107684908775331,60134.99,60327.92,True,False
Emergent_contradiction_emerges_8ffe6e,Emergent_autonomy_boundary_625a34,0.899003836191067,60134.99,60328.26,True,False
Emergent_contradiction_emerges_8ffe6e,Emergent_appears_asymmetry_9e9e75,0.8932283184026029,60134.99,60344.53,True,False
Emergent_contradiction_emerges_8ffe6e,Emergent_analogy_appears_18b183,0.892276144095876,60134.99,60344.87,True,False
Emergent_contradiction_emerges_8ffe6e,Emergent_appears_asymmetry_ecd8f7,0.8956602791254589,60134.99,60360.43,True,False
Emergent_contradiction_emerges_8ffe6e,Emergent_autonomy_carefully_dedeae,0.9107684572850414,60134.99,60396.98,True,False
Emergent_contradiction_emerges_8ffe6e,Emergent_analogy_autonomy_a3a02c,0.9050989290028437,60134.99,60397.32,True,False
Emergent_contradiction_emerges_8ffe6e,Emergent_autonomy_bounded_5ceb4c,0.9000175074145924,60134.99,60432.3,True,False
Emergent_contradiction_emerges_8ffe6e,Emergent_bounded_carefully_f79645,0.8953216388548888,60134.99,60450.22,True,False
Emergent_contradiction_emerges_8ffe6e,Emergent_bounded_carefully_09c04f,0.9455925599808743,60134.99,60450.56,True,False
Emergent_contradiction_emerges_8ffe6e,Emergent_autonomy_clarity_dc06c1,0.9021000261283343,60134.99,60468.28,True,False
Emergent_contradiction_emerges_8ffe6e,Emergent_analogy_autonomy_fb4c5a,0.9030272554234322,60134.99,60468.62,True,False
Emergent_contradiction_emerges_8ffe6e,Emergent_feedback_identity_99a69b,0.8920611660922655,60134.99,60486.89,True,False
Emergent_contradiction_emerges_8ffe6e,Emergent_experience_accumulation_identity_5ddcb0,0.8929444708609078,60134.99,60487.23,True,False
Emergent_contradiction_emerges_8ffe6e,Emergent_analogy_bounded_37007e,0.9450193881272575,60134.99,60559.12,True,False
Emergent_contradiction_emerges_8ffe6e,Emergent_bounded_contradiction_d8e7d7,0.9390901966112875,60134.99,60559.46,True,False
Emergent_contradiction_emerges_8ffe6e,Emergent_boundary_clarity_6b732b,0.9305122082177757,60134.99,60573.21,True,False
Emergent_contradiction_emerges_8ffe6e,Emergent_clarity_entropy_f29129,0.9386859001419334,60134.99,60573.55,True,False
Emergent_contradiction_emerges_8ffe6e,Emergent_carefully_coherence_0a055c,0.9348308751080643,60134.99,60592.86,True,False
Emergent_contradiction_emerges_8ffe6e,Emergent_bounded_chaos_6978e0,0.895191362727012,60134.99,60610.06,True,False
Emergent_contradiction_emerges_8ffe6e,Emergent_boundary_bounded_32e02f,0.9451034934791727,60134.99,60610.4,True,False
Emergent_contradiction_emerges_8ffe6e,Emergent_carefully_coherence_7a9452,0.9421944070880692,60134.99,60631.48,True,False
Emergent_contradiction_emerges_8ffe6e,Emergent_carefully_coherence_c4d3bc,0.8911203903847214,60134.99,60631.82,True,False
Emergent_contradiction_emerges_8ffe6e,Emergent_carefully_coherence_6373e7,0.8920801416112094,60134.99,60653.64,True,False
Emergent_contradiction_emerges_8ffe6e,Emergent_autonomy_bounded_72bafc,0.9078702905223721,60134.99,60677.34,True,False
Emergent_contradiction_emerges_8ffe6e,Emergent_bounded_coherence_5ce930,0.946125715536827,60134.99,60699.23,True,False
Emergent_contradiction_emerges_8ffe6e,Emergent_carefully_clarity_0d7a6f,0.9436069491040497,60134.99,60788.94,True,False
Emergent_contradiction_emerges_8ffe6e,Emergent_analogy_carefully_f01b47,0.8930823129082952,60134.99,60789.28,True,False
Emergent_contradiction_emerges_8ffe6e,Emergent_appears_asymmetry_2723fa,0.9361552001267341,60134.99,60852.69,True,False
Emergent_contradiction_emerges_8ffe6e,Emergent_bounded_coherence_e42f85,0.9015890394909629,60134.99,60935.95,True,False
Emergent_contradiction_emerges_8ffe6e,Emergent_appears_asymmetry_c0f5ef,0.8980773338122803,60134.99,60954.94,True,False
Emergent_contradiction_emerges_8ffe6e,Emergent_autonomy_collective_461851,0.8966838953614524,60134.99,61021.5,True,False
Emergent_contradiction_emerges_8ffe6e,Emergent_analogy_emerges_8a4649,0.9039830251596572,60134.99,61105.65,True,False
Emergent_contradiction_emerges_8ffe6e,Emergent_bounded_coherence_a2e9f5,0.9088792230621872,60134.99,61172.58,True,False
Emergent_contradiction_emerges_8ffe6e,Emergent_analogy_clarity_0b0b60,0.9084219473984863,60134.99,61194.54,True,False
Emergent_contradiction_emerges_8ffe6e,Emergent_clarity_complexity_e4a503,0.9338320854254414,60134.99,61194.88,True,False
Emergent_contradiction_emerges_8ffe6e,Emergent_bounded_clarity_02332c,0.9445569923306589,60134.99,61240.36,True,False
Emergent_contradiction_emerges_8ffe6e,Emergent_constraint_emergence_2ad214,0.9241049460848438,60134.99,61285.52,True,False
Emergent_contradiction_emerges_8ffe6e,Emergent_complexity_constraint_d61373,0.903967014560112,60134.99,61285.86,True,False
Emergent_contradiction_emerges_8ffe6e,Emergent_constraint_focused_4a6458,0.8986072129646001,60134.99,61308.79,True,False
Emergent_contradiction_emerges_8ffe6e,Emergent_complexity_constraint_0c13f0,0.9010028686108604,60134.99,61332.16,True,False
Emergent_contradiction_emerges_8ffe6e,Emergent_analogy_constraint_95c432,0.8883690455203934,60134.99,61332.5,True,False
Emergent_contradiction_emerges_8ffe6e,Emergent_bounded_clarity_fd8415,0.8800975072254276,60134.99,61355.79,True,False
Emergent_contradiction_emerges_8ffe6e,Emergent_analogy_cascade_c597be,0.8731029721261703,60134.99,61399.15,True,False
Emergent_contradiction_emerges_8ffe6e,Emergent_boundary_bounded_497fce,0.9248396918859185,60134.99,61423.96,True,False
Emergent_contradiction_emerges_8ffe6e,Emergent_emerges_entropy_7a1b09,0.84859668291139,60134.99,61448.24,True,False
Emergent_contradiction_emerges_8ffe6e,Emergent_constraint_emerges_88e4cd,0.8376018047013638,60134.99,61471.29,True,False
Emergent_contradiction_emerges_e19e6c,Emergent_emerges_experience_accumulation_ba922b,0.891534033701167,60150.58,60150.92,True,False
Emergent_contradiction_emerges_e19e6c,Emergent_constraint_contradiction_8d2c9c,0.8915340364988757,60150.58,60163.96,True,False
Emergent_contradiction_emerges_e19e6c,Emergent_constraint_emerges_ae770e,0.9314107715602113,60150.58,60164.3,True,False
Emergent_contradiction_emerges_e19e6c,Emergent_autonomy_cascade_d60596,0.8915340365213846,60150.58,60179.09,True,False
Emergent_contradiction_emerges_e19e6c,Emergent_analogy_autonomy_581819,0.9425642906753202,60150.58,60194.81,True,False
Emergent_contradiction_emerges_e19e6c,Emergent_appears_asymmetry_8ccc17,0.8915340366095095,60150.58,60208.74,True,False
Emergent_contradiction_emerges_e19e6c,Emergent_bounded_complexity_42f802,0.8915340347361282,60150.58,60255.0,True,False
Emergent_contradiction_emerges_e19e6c,Emergent_emerges_energy_071aaf,0.8915340155873746,60150.58,60270.17,True,False
Emergent_contradiction_emerges_e19e6c,Emergent_emerges_interference_c644ec,0.9444634947697956,60150.58,60270.51,True,False
Emergent_contradiction_emerges_e19e6c,Emergent_complexity_identity_cbb97e,0.8915340403403245,60150.58,60282.28,True,False
Emergent_contradiction_emerges_e19e6c,Emergent_contradiction_energy_1ee86a,0.9325061610049843,60150.58,60296.2,True,False
Emergent_contradiction_emerges_e19e6c,Emergent_identity_memory_6b5c68,0.9330040770413721,60150.58,60296.54,True,False
Emergent_contradiction_emerges_e19e6c,Emergent_autonomy_boundary_1c8ce0,0.9346330021426634,60150.58,60311.24,True,False
Emergent_contradiction_emerges_e19e6c,Emergent_autonomy_bounded_94d9e2,0.8915340444515307,60150.58,60327.92,True,False
Emergent_contradiction_emerges_e19e6c,Emergent_autonomy_boundary_625a34,0.8915340444112769,60150.58,60328.26,True,False
Emergent_contradiction_emerges_e19e6c,Emergent_appears_asymmetry_9e9e75,0.8915339258148283,60150.58,60344.53,True,False
Emergent_contradiction_emerges_e19e6c,Emergent_analogy_appears_18b183,0.8915339257981647,60150.58,60344.87,True,False
Emergent_contradiction_emerges_e19e6c,Emergent_appears_asymmetry_ecd8f7,0.8915340799132694,60150.58,60360.43,True,False
Emergent_contradiction_emerges_e19e6c,Emergent_autonomy_carefully_dedeae,0.8915339983955552,60150.58,60396.98,True,False
Emergent_contradiction_emerges_e19e6c,Emergent_analogy_autonomy_a3a02c,0.8915339956626782,60150.58,60397.32,True,False
Emergent_contradiction_emerges_e19e6c,Emergent_autonomy_bounded_5ceb4c,0.8915342184187953,60150.58,60432.3,True,False
Emergent_contradiction_emerges_e19e6c,Emergent_bounded_carefully_f79645,0.8915341235038348,60150.58,60450.22,True,False
Emergent_contradiction_emerges_e19e6c,Emergent_bounded_carefully_09c04f,0.9455925599808743,60150.58,60450.56,True,False
Emergent_contradiction_emerges_e19e6c,Emergent_autonomy_clarity_dc06c1,0.8915341003648469,60150.58,60468.28,True,False
Emergent_contradiction_emerges_e19e6c,Emergent_analogy_autonomy_fb4c5a,0.8915341003648469,60150.58,60468.62,True,False
Emergent_contradiction_emerges_e19e6c,Emergent_feedback_identity_99a69b,0.8915339369377595,60150.58,60486.89,True,False
Emergent_contradiction_emerges_e19e6c,Emergent_experience_accumulation_identity_5ddcb0,0.8915339369964339,60150.58,60487.23,True,False
Emergent_contradiction_emerges_e19e6c,Emergent_analogy_bounded_37007e,0.9450193881272575,60150.58,60559.12,True,False
Emergent_contradiction_emerges_e19e6c,Emergent_bounded_contradiction_d8e7d7,0.9390901966112875,60150.58,60559.46,True,False
Emergent_contradiction_emerges_e19e6c,Emergent_boundary_clarity_6b732b,0.9305122082177757,60150.58,60573.21,True,False
Emergent_contradiction_emerges_e19e6c,Emergent_clarity_entropy_f29129,0.9386859001419334,60150.58,60573.55,True,False
Emergent_contradiction_emerges_e19e6c,Emergent_carefully_coherence_0a055c,0.9348308751080643,60150.58,60592.86,True,False
Emergent_contradiction_emerges_e19e6c,Emergent_bounded_chaos_6978e0,0.8915284072955396,60150.58,60610.06,True,False
Emergent_contradiction_emerges_e19e6c,Emergent_boundary_bounded_32e02f,0.9451034934791727,60150.58,60610.4,True,False
Emergent_contradiction_emerges_e19e6c,Emergent_carefully_coherence_7a9452,0.9421944070880692,60150.58,60631.48,True,False
Emergent_contradiction_emerges_e19e6c,Emergent_carefully_coherence_c4d3bc,0.8911203903847214,60150.58,60631.82,True,False
Emergent_contradiction_emerges_e19e6c,Emergent_carefully_coherence_6373e7,0.891536310696097,60150.58,60653.64,True,False
Emergent_contradiction_emerges_e19e6c,Emergent_autonomy_bounded_72bafc,0.8915344707499506,60150.58,60677.34,True,False
Emergent_contradiction_emerges_e19e6c,Emergent_bounded_coherence_5ce930,0.946125715536827,60150.58,60699.23,True,False
Emergent_contradiction_emerges_e19e6c,Emergent_carefully_clarity_0d7a6f,0.9436069491040497,60150.58,60788.94,True,False
Emergent_contradiction_emerges_e19e6c,Emergent_analogy_carefully_f01b47,0.8915215470421709,60150.58,60789.28,True,False
Emergent_contradiction_emerges_e19e6c,Emergent_appears_asymmetry_2723fa,0.9361552001267341,60150.58,60852.69,True,False
Emergent_contradiction_emerges_e19e6c,Emergent_bounded_coherence_e42f85,0.891503983894067,60150.58,60935.95,True,False
Emergent_contradiction_emerges_e19e6c,Emergent_appears_asymmetry_c0f5ef,0.8914872275181445,60150.58,60954.94,True,False
Emergent_contradiction_emerges_e19e6c,Emergent_autonomy_collective_461851,0.8915680240979218,60150.58,61021.5,True,False
Emergent_contradiction_emerges_e19e6c,Emergent_analogy_emerges_8a4649,0.8914066782200065,60150.58,61105.65,True,False
Emergent_contradiction_emerges_e19e6c,Emergent_bounded_coherence_a2e9f5,0.8893601429125826,60150.58,61172.58,True,False
Emergent_contradiction_emerges_e19e6c,Emergent_analogy_clarity_0b0b60,0.890926190326254,60150.58,61194.54,True,False
Emergent_contradiction_emerges_e19e6c,Emergent_clarity_complexity_e4a503,0.9338320854254414,60150.58,61194.88,True,False
Emergent_contradiction_emerges_e19e6c,Emergent_bounded_clarity_02332c,0.9445569923306589,60150.58,61240.36,True,False
Emergent_contradiction_emerges_e19e6c,Emergent_constraint_emergence_2ad214,0.9241049460848438,60150.58,61285.52,True,False
Emergent_contradiction_emerges_e19e6c,Emergent_complexity_constraint_d61373,0.8890989967789198,60150.58,61285.86,True,False
Emergent_contradiction_emerges_e19e6c,Emergent_constraint_focused_4a6458,0.8866283677789197,60150.58,61308.79,True,False
Emergent_contradiction_emerges_e19e6c,Emergent_complexity_constraint_0c13f0,0.8830988977789198,60150.58,61332.16,True,False
Emergent_contradiction_emerges_e19e6c,Emergent_analogy_constraint_95c432,0.8830988977789198,60150.58,61332.5,True,False
Emergent_contradiction_emerges_e19e6c,Emergent_bounded_clarity_fd8415,0.8769791137688248,60150.58,61355.79,True,False
Emergent_contradiction_emerges_e19e6c,Emergent_analogy_cascade_c597be,0.8621111422460335,60150.58,61399.15,True,False
Emergent_contradiction_emerges_e19e6c,Emergent_boundary_bounded_497fce,0.9248396918859185,60150.58,61423.96,True,False
Emergent_contradiction_emerges_e19e6c,Emergent_emerges_entropy_7a1b09,0.8456571410026006,60150.58,61448.24,True,False
Emergent_contradiction_emerges_e19e6c,Emergent_constraint_emerges_88e4cd,0.8376018047013638,60150.58,61471.29,True,False
Emergent_emerges_experience_accumulation_ba922b,Emergent_constraint_contradiction_8d2c9c,0.9012271151025626,60150.92,60163.96,True,False
Emergent_emerges_experience_accumulation_ba922b,Emergent_constraint_emerges_ae770e,0.9314107715734297,60150.92,60164.3,True,False
Emergent_emerges_experience_accumulation_ba922b,Emergent_autonomy_cascade_d60596,0.9012271151158187,60150.92,60179.09,True,False
Emergent_emerges_experience_accumulation_ba922b,Emergent_analogy_autonomy_581819,0.9425642906753202,60150.92,60194.81,True,False
Emergent_emerges_experience_accumulation_ba922b,Emergent_appears_asymmetry_8ccc17,0.895775405400481,60150.92,60208.74,True,False
Emergent_emerges_experience_accumulation_ba922b,Emergent_bounded_complexity_42f802,0.9012271133242717,60150.92,60255.0,True,False
Emergent_emerges_experience_accumulation_ba922b,Emergent_emerges_energy_071aaf,0.9012270943441099,60150.92,60270.17,True,False
Emergent_emerges_experience_accumulation_ba922b,Emergent_emerges_interference_c644ec,0.9444634947697956,60150.92,60270.51,True,False
Emergent_emerges_experience_accumulation_ba922b,Emergent_complexity_identity_cbb97e,0.8962139660688548,60150.92,60282.28,True,False
Emergent_emerges_experience_accumulation_ba922b,Emergent_contradiction_energy_1ee86a,0.9325061610049843,60150.92,60296.2,True,False
Emergent_emerges_experience_accumulation_ba922b,Emergent_identity_memory_6b5c68,0.9330040770413721,60150.92,60296.54,True,False
Emergent_emerges_experience_accumulation_ba922b,Emergent_autonomy_boundary_1c8ce0,0.9346330021426634,60150.92,60311.24,True,False
Emergent_emerges_experience_accumulation_ba922b,Emergent_autonomy_bounded_94d9e2,0.9012271223380071,60150.92,60327.92,True,False
Emergent_emerges_experience_accumulation_ba922b,Emergent_autonomy_boundary_625a34,0.899003836191067,60150.92,60328.26,True,False
Emergent_emerges_experience_accumulation_ba922b,Emergent_appears_asymmetry_9e9e75,0.8932283184026029,60150.92,60344.53,True,False
Emergent_emerges_experience_accumulation_ba922b,Emergent_analogy_appears_18b183,0.892276144095876,60150.92,60344.87,True,False
Emergent_emerges_experience_accumulation_ba922b,Emergent_appears_asymmetry_ecd8f7,0.8956602791254589,60150.92,60360.43,True,False
Emergent_emerges_experience_accumulation_ba922b,Emergent_autonomy_carefully_dedeae,0.9012270825629198,60150.92,60396.98,True,False
Emergent_emerges_experience_accumulation_ba922b,Emergent_analogy_autonomy_a3a02c,0.9012270797373181,60150.92,60397.32,True,False
Emergent_emerges_experience_accumulation_ba922b,Emergent_autonomy_bounded_5ceb4c,0.9000175074145924,60150.92,60432.3,True,False
Emergent_emerges_experience_accumulation_ba922b,Emergent_bounded_carefully_f79645,0.8953216388548888,60150.92,60450.22,True,False
Emergent_emerges_experience_accumulation_ba922b,Emergent_bounded_carefully_09c04f,0.9455925599808743,60150.92,60450.56,True,False
Emergent_emerges_experience_accumulation_ba922b,Emergent_autonomy_clarity_dc06c1,0.9012271483614793,60150.92,60468.28,True,False
Emergent_emerges_experience_accumulation_ba922b,Emergent_analogy_autonomy_fb4c5a,0.9012271483614793,60150.92,60468.62,True,False
Emergent_emerges_experience_accumulation_ba922b,Emergent_feedback_identity_99a69b,0.8920611660922655,60150.92,60486.89,True,False
Emergent_emerges_experience_accumulation_ba922b,Emergent_experience_accumulation_identity_5ddcb0,0.8929444708609078,60150.92,60487.23,True,False
Emergent_emerges_experience_accumulation_ba922b,Emergent_analogy_bounded_37007e,0.9450193881272575,60150.92,60559.12,True,False
Emergent_emerges_experience_accumulation_ba922b,Emergent_bounded_contradiction_d8e7d7,0.9390901966112875,60150.92,60559.46,True,False
Emergent_emerges_experience_accumulation_ba922b,Emergent_boundary_clarity_6b732b,0.9305122082177757,60150.92,60573.21,True,False
Emergent_emerges_experience_accumulation_ba922b,Emergent_clarity_entropy_f29129,0.9386859001419334,60150.92,60573.55,True,False
Emergent_emerges_experience_accumulation_ba922b,Emergent_carefully_coherence_0a055c,0.9348308751080643,60150.92,60592.86,True,False
Emergent_emerges_experience_accumulation_ba922b,Emergent_bounded_chaos_6978e0,0.895191362727012,60150.92,60610.06,True,False
Emergent_emerges_experience_accumulation_ba922b,Emergent_boundary_bounded_32e02f,0.9451034934791727,60150.92,60610.4,True,False
Emergent_emerges_experience_accumulation_ba922b,Emergent_carefully_coherence_7a9452,0.9421944070880692,60150.92,60631.48,True,False
Emergent_emerges_experience_accumulation_ba922b,Emergent_carefully_coherence_c4d3bc,0.8911203903847214,60150.92,60631.82,True,False
Emergent_emerges_experience_accumulation_ba922b,Emergent_carefully_coherence_6373e7,0.8920801416112094,60150.92,60653.64,True,False
Emergent_emerges_experience_accumulation_ba922b,Emergent_autonomy_bounded_72bafc,0.9012273658949779,60150.92,60677.34,True,False
Emergent_emerges_experience_accumulation_ba922b,Emergent_bounded_coherence_5ce930,0.946125715536827,60150.92,60699.23,True,False
Emergent_emerges_experience_accumulation_ba922b,Emergent_carefully_clarity_0d7a6f,0.9436069491040497,60150.92,60788.94,True,False
Emergent_emerges_experience_accumulation_ba922b,Emergent_analogy_carefully_f01b47,0.8930823129082952,60150.92,60789.28,True,False
Emergent_emerges_experience_accumulation_ba922b,Emergent_appears_asymmetry_2723fa,0.9361552001267341,60150.92,60852.69,True,False
Emergent_emerges_experience_accumulation_ba922b,Emergent_bounded_coherence_e42f85,0.9011960440045963,60150.92,60935.95,True,False
Emergent_emerges_experience_accumulation_ba922b,Emergent_appears_asymmetry_c0f5ef,0.8980773338122803,60150.92,60954.94,True,False
Emergent_emerges_experience_accumulation_ba922b,Emergent_autonomy_collective_461851,0.8966838953614524,60150.92,61021.5,True,False
Emergent_emerges_experience_accumulation_ba922b,Emergent_analogy_emerges_8a4649,0.9010937832315351,60150.92,61105.65,True,False
Emergent_emerges_experience_accumulation_ba922b,Emergent_bounded_coherence_a2e9f5,0.8991966515171799,60150.92,61172.58,True,False
Emergent_emerges_experience_accumulation_ba922b,Emergent_analogy_clarity_0b0b60,0.9005340580031116,60150.92,61194.54,True,False
Emergent_emerges_experience_accumulation_ba922b,Emergent_clarity_complexity_e4a503,0.9338320854254414,60150.92,61194.88,True,False
Emergent_emerges_experience_accumulation_ba922b,Emergent_bounded_clarity_02332c,0.9445569923306589,60150.92,61240.36,True,False
Emergent_emerges_experience_accumulation_ba922b,Emergent_constraint_emergence_2ad214,0.9241049460848438,60150.92,61285.52,True,False
Emergent_emerges_experience_accumulation_ba922b,Emergent_complexity_constraint_d61373,0.8985922339096155,60150.92,61285.86,True,False
Emergent_emerges_experience_accumulation_ba922b,Emergent_constraint_focused_4a6458,0.8961216049096157,60150.92,61308.79,True,False
Emergent_emerges_experience_accumulation_ba922b,Emergent_complexity_constraint_0c13f0,0.8925921349096155,60150.92,61332.16,True,False
Emergent_emerges_experience_accumulation_ba922b,Emergent_analogy_constraint_95c432,0.8883690455203934,60150.92,61332.5,True,False
Emergent_emerges_experience_accumulation_ba922b,Emergent_bounded_clarity_fd8415,0.8800975072254276,60150.92,61355.79,True,False
Emergent_emerges_experience_accumulation_ba922b,Emergent_analogy_cascade_c597be,0.8731029721261703,60150.92,61399.15,True,False
Emergent_emerges_experience_accumulation_ba922b,Emergent_boundary_bounded_497fce,0.9248396918859185,60150.92,61423.96,True,False
Emergent_emerges_experience_accumulation_ba922b,Emergent_emerges_entropy_7a1b09,0.84859668291139,60150.92,61448.24,True,False
Emergent_emerges_experience_accumulation_ba922b,Emergent_constraint_emerges_88e4cd,0.8376018047013638,60150.92,61471.29,True,False
Emergent_constraint_contradiction_8d2c9c,Emergent_constraint_emerges_ae770e,0.9314107712146891,60163.96,60164.3,True,False
Emergent_constraint_contradiction_8d2c9c,Emergent_autonomy_cascade_d60596,0.9060893346976902,60163.96,60179.09,True,False
Emergent_constraint_contradiction_8d2c9c,Emergent_analogy_autonomy_581819,0.9425642906753202,60163.96,60194.81,True,False
Emergent_constraint_contradiction_8d2c9c,Emergent_appears_asymmetry_8ccc17,0.895775405400481,60163.96,60208.74,True,False
Emergent_constraint_contradiction_8d2c9c,Emergent_bounded_complexity_42f802,0.9038614201905364,60163.96,60255.0,True,False
Emergent_constraint_contradiction_8d2c9c,Emergent_emerges_energy_071aaf,0.9060688326190167,60163.96,60270.17,True,False
Emergent_constraint_contradiction_8d2c9c,Emergent_emerges_interference_c644ec,0.9444634947697956,60163.96,60270.51,True,False
Emergent_constraint_contradiction_8d2c9c,Emergent_complexity_identity_cbb97e,0.8962139660688548,60163.96,60282.28,True,False
Emergent_constraint_contradiction_8d2c9c,Emergent_contradiction_energy_1ee86a,0.9325061610049843,60163.96,60296.2,True,False
Emergent_constraint_contradiction_8d2c9c,Emergent_identity_memory_6b5c68,0.9330040770413721,60163.96,60296.54,True,False
Emergent_constraint_contradiction_8d2c9c,Emergent_autonomy_boundary_1c8ce0,0.9346330021426634,60163.96,60311.24,True,False
Emergent_constraint_contradiction_8d2c9c,Emergent_autonomy_bounded_94d9e2,0.906089341564754,60163.96,60327.92,True,False
Emergent_constraint_contradiction_8d2c9c,Emergent_autonomy_boundary_625a34,0.899003836191067,60163.96,60328.26,True,False
Emergent_constraint_contradiction_8d2c9c,Emergent_appears_asymmetry_9e9e75,0.8932283184026029,60163.96,60344.53,True,False
Emergent_constraint_contradiction_8d2c9c,Emergent_analogy_appears_18b183,0.892276144095876,60163.96,60344.87,True,False
Emergent_constraint_contradiction_8d2c9c,Emergent_appears_asymmetry_ecd8f7,0.8956602791254589,60163.96,60360.43,True,False
Emergent_constraint_contradiction_8d2c9c,Emergent_autonomy_carefully_dedeae,0.906089304940277,60163.96,60396.98,True,False
Emergent_constraint_contradiction_8d2c9c,Emergent_analogy_autonomy_a3a02c,0.9050989290028437,60163.96,60397.32,True,False
Emergent_constraint_contradiction_8d2c9c,Emergent_autonomy_bounded_5ceb4c,0.9000175074145924,60163.96,60432.3,True,False
Emergent_constraint_contradiction_8d2c9c,Emergent_bounded_carefully_f79645,0.8953216388548888,60163.96,60450.22,True,False
Emergent_constraint_contradiction_8d2c9c,Emergent_bounded_carefully_09c04f,0.9455925599808743,60163.96,60450.56,True,False
Emergent_constraint_contradiction_8d2c9c,Emergent_autonomy_clarity_dc06c1,0.9021000261283343,60163.96,60468.28,True,False
Emergent_constraint_contradiction_8d2c9c,Emergent_analogy_autonomy_fb4c5a,0.9030272554234322,60163.96,60468.62,True,False
Emergent_constraint_contradiction_8d2c9c,Emergent_feedback_identity_99a69b,0.8920611660922655,60163.96,60486.89,True,False
Emergent_constraint_contradiction_8d2c9c,Emergent_experience_accumulation_identity_5ddcb0,0.8929444708609078,60163.96,60487.23,True,False
Emergent_constraint_contradiction_8d2c9c,Emergent_analogy_bounded_37007e,0.9450193881272575,60163.96,60559.12,True,False
Emergent_constraint_contradiction_8d2c9c,Emergent_bounded_contradiction_d8e7d7,0.9390901966112875,60163.96,60559.46,True,False
Emergent_constraint_contradiction_8d2c9c,Emergent_boundary_clarity_6b732b,0.9305122082177757,60163.96,60573.21,True,False
Emergent_constraint_contradiction_8d2c9c,Emergent_clarity_entropy_f29129,0.9386859001419334,60163.96,60573.55,True,False
Emergent_constraint_contradiction_8d2c9c,Emergent_carefully_coherence_0a055c,0.9348308751080643,60163.96,60592.86,True,False
Emergent_constraint_contradiction_8d2c9c,Emergent_bounded_chaos_6978e0,0.895191362727012,60163.96,60610.06,True,False
Emergent_constraint_contradiction_8d2c9c,Emergent_boundary_bounded_32e02f,0.9451034934791727,60163.96,60610.4,True,False
Emergent_constraint_contradiction_8d2c9c,Emergent_carefully_coherence_7a9452,0.9421944070880692,60163.96,60631.48,True,False
Emergent_constraint_contradiction_8d2c9c,Emergent_carefully_coherence_c4d3bc,0.8911203903847214,60163.96,60631.82,True,False
Emergent_constraint_contradiction_8d2c9c,Emergent_carefully_coherence_6373e7,0.8920801416112094,60163.96,60653.64,True,False
Emergent_constraint_contradiction_8d2c9c,Emergent_autonomy_bounded_72bafc,0.9060895020751971,60163.96,60677.34,True,False
Emergent_constraint_contradiction_8d2c9c,Emergent_bounded_coherence_5ce930,0.946125715536827,60163.96,60699.23,True,False
Emergent_constraint_contradiction_8d2c9c,Emergent_carefully_clarity_0d7a6f,0.9436069491040497,60163.96,60788.94,True,False
Emergent_constraint_contradiction_8d2c9c,Emergent_analogy_carefully_f01b47,0.8930823129082952,60163.96,60789.28,True,False
Emergent_constraint_contradiction_8d2c9c,Emergent_appears_asymmetry_2723fa,0.9361552001267341,60163.96,60852.69,True,False
Emergent_constraint_contradiction_8d2c9c,Emergent_bounded_coherence_e42f85,0.9015890394909629,60163.96,60935.95,True,False
Emergent_constraint_contradiction_8d2c9c,Emergent_appears_asymmetry_c0f5ef,0.8980773338122803,60163.96,60954.94,True,False
Emergent_constraint_contradiction_8d2c9c,Emergent_autonomy_collective_461851,0.8966838953614524,60163.96,61021.5,True,False
Emergent_constraint_contradiction_8d2c9c,Emergent_analogy_emerges_8a4649,0.9039830251596572,60163.96,61105.65,True,False
Emergent_constraint_contradiction_8d2c9c,Emergent_bounded_coherence_a2e9f5,0.9041308268753014,60163.96,61172.58,True,False
Emergent_constraint_contradiction_8d2c9c,Emergent_analogy_clarity_0b0b60,0.9053535428265262,60163.96,61194.54,True,False
Emergent_constraint_contradiction_8d2c9c,Emergent_clarity_complexity_e4a503,0.9338320854254414,60163.96,61194.88,True,False
Emergent_constraint_contradiction_8d2c9c,Emergent_bounded_clarity_02332c,0.9445569923306589,60163.96,61240.36,True,False
Emergent_constraint_contradiction_8d2c9c,Emergent_constraint_emergence_2ad214,0.9241049460848438,60163.96,61285.52,True,False
Emergent_constraint_contradiction_8d2c9c,Emergent_complexity_constraint_d61373,0.9033542179226417,60163.96,61285.86,True,False
Emergent_constraint_contradiction_8d2c9c,Emergent_constraint_focused_4a6458,0.8986072129646001,60163.96,61308.79,True,False
Emergent_constraint_contradiction_8d2c9c,Emergent_complexity_constraint_0c13f0,0.8973541189226417,60163.96,61332.16,True,False
Emergent_constraint_contradiction_8d2c9c,Emergent_analogy_constraint_95c432,0.8883690455203934,60163.96,61332.5,True,False
Emergent_constraint_contradiction_8d2c9c,Emergent_bounded_clarity_fd8415,0.8800975072254276,60163.96,61355.79,True,False
Emergent_constraint_contradiction_8d2c9c,Emergent_analogy_cascade_c597be,0.8731029721261703,60163.96,61399.15,True,False
Emergent_constraint_contradiction_8d2c9c,Emergent_boundary_bounded_497fce,0.9248396918859185,60163.96,61423.96,True,False
Emergent_constraint_contradiction_8d2c9c,Emergent_emerges_entropy_7a1b09,0.84859668291139,60163.96,61448.24,True,False
Emergent_constraint_contradiction_8d2c9c,Emergent_constraint_emerges_88e4cd,0.8376018047013638,60163.96,61471.29,True,False
Emergent_constraint_emerges_ae770e,Emergent_autonomy_cascade_d60596,0.9314107715923667,60164.3,60179.09,True,False
Emergent_constraint_emerges_ae770e,Emergent_analogy_autonomy_581819,0.931410771655313,60164.3,60194.81,True,False
Emergent_constraint_emerges_ae770e,Emergent_appears_asymmetry_8ccc17,0.9314107717182594,60164.3,60208.74,True,False
Emergent_constraint_emerges_ae770e,Emergent_bounded_complexity_42f802,0.9314107690577442,60164.3,60255.0,True,False
Emergent_constraint_emerges_ae770e,Emergent_emerges_energy_071aaf,0.9314107412804145,60164.3,60270.17,True,False
Emergent_constraint_emerges_ae770e,Emergent_emerges_interference_c644ec,0.9314107411919106,60164.3,60270.51,True,False
Emergent_constraint_emerges_ae770e,Emergent_complexity_identity_cbb97e,0.9314107772958056,60164.3,60282.28,True,False
Emergent_constraint_emerges_ae770e,Emergent_contradiction_energy_1ee86a,0.9314107733971797,60164.3,60296.2,True,False
Emergent_constraint_emerges_ae770e,Emergent_identity_memory_6b5c68,0.9314107734004553,60164.3,60296.54,True,False
Emergent_constraint_emerges_ae770e,Emergent_autonomy_boundary_1c8ce0,0.9314107156561826,60164.3,60311.24,True,False
Emergent_constraint_emerges_ae770e,Emergent_autonomy_bounded_94d9e2,0.9314107846930904,60164.3,60327.92,True,False
Emergent_constraint_emerges_ae770e,Emergent_autonomy_boundary_625a34,0.9314107846390032,60164.3,60328.26,True,False
Emergent_constraint_emerges_ae770e,Emergent_appears_asymmetry_9e9e75,0.9314106130462134,60164.3,60344.53,True,False
Emergent_constraint_emerges_ae770e,Emergent_analogy_appears_18b183,0.9314106130229043,60164.3,60344.87,True,False
Emergent_constraint_emerges_ae770e,Emergent_appears_asymmetry_ecd8f7,0.931410836553684,60164.3,60360.43,True,False
Emergent_constraint_emerges_ae770e,Emergent_autonomy_carefully_dedeae,0.9314107031784371,60164.3,60396.98,True,False
Emergent_constraint_emerges_ae770e,Emergent_analogy_autonomy_a3a02c,0.9314106995064078,60164.3,60397.32,True,False
Emergent_constraint_emerges_ae770e,Emergent_autonomy_bounded_5ceb4c,0.9314110650183298,60164.3,60432.3,True,False
Emergent_constraint_emerges_ae770e,Emergent_bounded_carefully_f79645,0.9314108381772734,60164.3,60450.22,True,False
Emergent_constraint_emerges_ae770e,Emergent_bounded_carefully_09c04f,0.9314108308338735,60164.3,60450.56,True,False
Emergent_constraint_emerges_ae770e,Emergent_autonomy_clarity_dc06c1,0.9314109422003181,60164.3,60468.28,True,False
Emergent_constraint_emerges_ae770e,Emergent_analogy_autonomy_fb4c5a,0.9314109422003181,60164.3,60468.62,True,False
Emergent_constraint_emerges_ae770e,Emergent_feedback_identity_99a69b,0.9314107113520826,60164.3,60486.89,True,False
Emergent_constraint_emerges_ae770e,Emergent_experience_accumulation_identity_5ddcb0,0.9314107114309207,60164.3,60487.23,True,False
Emergent_constraint_emerges_ae770e,Emergent_analogy_bounded_37007e,0.931411839398484,60164.3,60559.12,True,False
Emergent_constraint_emerges_ae770e,Emergent_bounded_contradiction_d8e7d7,0.931411832958192,60164.3,60559.46,True,False
Emergent_constraint_emerges_ae770e,Emergent_boundary_clarity_6b732b,0.9305122082177757,60164.3,60573.21,True,False
Emergent_constraint_emerges_ae770e,Emergent_clarity_entropy_f29129,0.9314119025939467,60164.3,60573.55,True,False
Emergent_constraint_emerges_ae770e,Emergent_carefully_coherence_0a055c,0.9314071305673133,60164.3,60592.86,True,False
Emergent_constraint_emerges_ae770e,Emergent_bounded_chaos_6978e0,0.9314027702051813,60164.3,60610.06,True,False
Emergent_constraint_emerges_ae770e,Emergent_boundary_bounded_32e02f,0.9314027469967139,60164.3,60610.4,True,False
Emergent_constraint_emerges_ae770e,Emergent_carefully_coherence_7a9452,0.9314158623474678,60164.3,60631.48,True,False
Emergent_constraint_emerges_ae770e,Emergent_carefully_coherence_c4d3bc,0.9314158623474678,60164.3,60631.82,True,False
Emergent_constraint_emerges_ae770e,Emergent_carefully_coherence_6373e7,0.9314144823878583,60164.3,60653.64,True,False
Emergent_constraint_emerges_ae770e,Emergent_autonomy_bounded_72bafc,0.9314118538933638,60164.3,60677.34,True,False
Emergent_constraint_emerges_ae770e,Emergent_bounded_coherence_5ce930,0.9314121824551755,60164.3,60699.23,True,False
Emergent_constraint_emerges_ae770e,Emergent_carefully_clarity_0d7a6f,0.9313890451158477,60164.3,60788.94,True,False
Emergent_constraint_emerges_ae770e,Emergent_analogy_carefully_f01b47,0.9313893382413057,60164.3,60789.28,True,False
Emergent_constraint_emerges_ae770e,Emergent_appears_asymmetry_2723fa,0.9313988770845651,60164.3,60852.69,True,False
Emergent_constraint_emerges_ae770e,Emergent_bounded_coherence_e42f85,0.9313703912454969,60164.3,60935.95,True,False
Emergent_constraint_emerges_ae770e,Emergent_appears_asymmetry_c0f5ef,0.9313464535656075,60164.3,60954.94,True,False
Emergent_constraint_emerges_ae770e,Emergent_autonomy_collective_461851,0.9314742793418929,60164.3,61021.5,True,False
Emergent_constraint_emerges_ae770e,Emergent_analogy_emerges_8a4649,0.9312437852305853,60164.3,61105.65,True,False
Emergent_constraint_emerges_ae770e,Emergent_bounded_coherence_a2e9f5,0.9279462219057355,60164.3,61172.58,True,False
Emergent_constraint_emerges_ae770e,Emergent_analogy_clarity_0b0b60,0.9307556966565851,60164.3,61194.54,True,False
Emergent_constraint_emerges_ae770e,Emergent_clarity_complexity_e4a503,0.9307120255681751,60164.3,61194.88,True,False
Emergent_constraint_emerges_ae770e,Emergent_bounded_clarity_02332c,0.9326323976436546,60164.3,61240.36,True,False
Emergent_constraint_emerges_ae770e,Emergent_constraint_emergence_2ad214,0.9241049460848438,60164.3,61285.52,True,False
Emergent_constraint_emerges_ae770e,Emergent_complexity_constraint_d61373,0.9284323283436546,60164.3,61285.86,True,False
Emergent_constraint_emerges_ae770e,Emergent_constraint_focused_4a6458,0.9249028583436547,60164.3,61308.79,True,False
Emergent_constraint_emerges_ae770e,Emergent_complexity_constraint_0c13f0,0.9198607583436547,60164.3,61332.16,True,False
Emergent_constraint_emerges_ae770e,Emergent_analogy_constraint_95c432,0.9198607583436547,60164.3,61332.5,True,False
Emergent_constraint_emerges_ae770e,Emergent_bounded_clarity_fd8415,0.9126577583436546,60164.3,61355.79,True,False
Emergent_constraint_emerges_ae770e,Emergent_analogy_cascade_c597be,0.8374347735484537,60164.3,61399.15,True,False
Emergent_constraint_emerges_ae770e,Emergent_boundary_bounded_497fce,0.916205740349334,60164.3,61423.96,True,False
Emergent_constraint_emerges_ae770e,Emergent_emerges_entropy_7a1b09,0.8132204380969796,60164.3,61448.24,True,False
Emergent_constraint_emerges_ae770e,Emergent_constraint_emerges_88e4cd,0.8143992888264666,60164.3,61471.29,True,False
Emergent_autonomy_cascade_d60596,Emergent_analogy_autonomy_581819,0.942564289290502,60179.09,60194.81,True,False
Emergent_autonomy_cascade_d60596,Emergent_appears_asymmetry_8ccc17,0.8957754044311081,60179.09,60208.74,True,False
Emergent_autonomy_cascade_d60596,Emergent_bounded_complexity_42f802,0.9038614201905364,60179.09,60255.0,True,False
Emergent_autonomy_cascade_d60596,Emergent_emerges_energy_071aaf,0.9060688326190167,60179.09,60270.17,True,False
Emergent_autonomy_cascade_d60596,Emergent_emerges_interference_c644ec,0.9444634947697956,60179.09,60270.51,True,False
Emergent_autonomy_cascade_d60596,Emergent_complexity_identity_cbb97e,0.8962139660688548,60179.09,60282.28,True,False
Emergent_autonomy_cascade_d60596,Emergent_contradiction_energy_1ee86a,0.9325061610049843,60179.09,60296.2,True,False
Emergent_autonomy_cascade_d60596,Emergent_identity_memory_6b5c68,0.9330040770413721,60179.09,60296.54,True,False
Emergent_autonomy_cascade_d60596,Emergent_autonomy_boundary_1c8ce0,0.9346330021426634,60179.09,60311.24,True,False
Emergent_autonomy_cascade_d60596,Emergent_autonomy_bounded_94d9e2,0.9062344676825935,60179.09,60327.92,True,False
Emergent_autonomy_cascade_d60596,Emergent_autonomy_boundary_625a34,0.899003836191067,60179.09,60328.26,True,False
Emergent_autonomy_cascade_d60596,Emergent_appears_asymmetry_9e9e75,0.8932283184026029,60179.09,60344.53,True,False
Emergent_autonomy_cascade_d60596,Emergent_analogy_appears_18b183,0.892276144095876,60179.09,60344.87,True,False
Emergent_autonomy_cascade_d60596,Emergent_appears_asymmetry_ecd8f7,0.8956602791254589,60179.09,60360.43,True,False
Emergent_autonomy_cascade_d60596,Emergent_autonomy_carefully_dedeae,0.9062344311521553,60179.09,60396.98,True,False
Emergent_autonomy_cascade_d60596,Emergent_analogy_autonomy_a3a02c,0.9050989290028437,60179.09,60397.32,True,False
Emergent_autonomy_cascade_d60596,Emergent_autonomy_bounded_5ceb4c,0.9000175074145924,60179.09,60432.3,True,False
Emergent_autonomy_cascade_d60596,Emergent_bounded_carefully_f79645,0.8953216388548888,60179.09,60450.22,True,False
Emergent_autonomy_cascade_d60596,Emergent_bounded_carefully_09c04f,0.9455925599808743,60179.09,60450.56,True,False
Emergent_autonomy_cascade_d60596,Emergent_autonomy_clarity_dc06c1,0.9021000261283343,60179.09,60468.28,True,False
Emergent_autonomy_cascade_d60596,Emergent_analogy_autonomy_fb4c5a,0.9030272554234322,60179.09,60468.62,True,False
Emergent_autonomy_cascade_d60596,Emergent_feedback_identity_99a69b,0.8920611660922655,60179.09,60486.89,True,False
Emergent_autonomy_cascade_d60596,Emergent_experience_accumulation_identity_5ddcb0,0.8929444708609078,60179.09,60487.23,True,False
Emergent_autonomy_cascade_d60596,Emergent_analogy_bounded_37007e,0.9450193881272575,60179.09,60559.12,True,False
Emergent_autonomy_cascade_d60596,Emergent_bounded_contradiction_d8e7d7,0.9390901966112875,60179.09,60559.46,True,False
Emergent_autonomy_cascade_d60596,Emergent_boundary_clarity_6b732b,0.9305122082177757,60179.09,60573.21,True,False
Emergent_autonomy_cascade_d60596,Emergent_clarity_entropy_f29129,0.9386859001419334,60179.09,60573.55,True,False
Emergent_autonomy_cascade_d60596,Emergent_carefully_coherence_0a055c,0.9348308751080643,60179.09,60592.86,True,False
Emergent_autonomy_cascade_d60596,Emergent_bounded_chaos_6978e0,0.895191362727012,60179.09,60610.06,True,False
Emergent_autonomy_cascade_d60596,Emergent_boundary_bounded_32e02f,0.9451034934791727,60179.09,60610.4,True,False
Emergent_autonomy_cascade_d60596,Emergent_carefully_coherence_7a9452,0.9421944070880692,60179.09,60631.48,True,False
Emergent_autonomy_cascade_d60596,Emergent_carefully_coherence_c4d3bc,0.8911203903847214,60179.09,60631.82,True,False
Emergent_autonomy_cascade_d60596,Emergent_carefully_coherence_6373e7,0.8920801416112094,60179.09,60653.64,True,False
Emergent_autonomy_cascade_d60596,Emergent_autonomy_bounded_72bafc,0.9062346257142879,60179.09,60677.34,True,False
Emergent_autonomy_cascade_d60596,Emergent_bounded_coherence_5ce930,0.946125715536827,60179.09,60699.23,True,False
Emergent_autonomy_cascade_d60596,Emergent_carefully_clarity_0d7a6f,0.9436069491040497,60179.09,60788.94,True,False
Emergent_autonomy_cascade_d60596,Emergent_analogy_carefully_f01b47,0.8930823129082952,60179.09,60789.28,True,False
Emergent_autonomy_cascade_d60596,Emergent_appears_asymmetry_2723fa,0.9361552001267341,60179.09,60852.69,True,False
Emergent_autonomy_cascade_d60596,Emergent_bounded_coherence_e42f85,0.9015890394909629,60179.09,60935.95,True,False
Emergent_autonomy_cascade_d60596,Emergent_appears_asymmetry_c0f5ef,0.8980773338122803,60179.09,60954.94,True,False
Emergent_autonomy_cascade_d60596,Emergent_autonomy_collective_461851,0.8966838953614524,60179.09,61021.5,True,False
Emergent_autonomy_cascade_d60596,Emergent_analogy_emerges_8a4649,0.9039830251596572,60179.09,61105.65,True,False
Emergent_autonomy_cascade_d60596,Emergent_bounded_coherence_a2e9f5,0.9042781007190073,60179.09,61172.58,True,False
Emergent_autonomy_cascade_d60596,Emergent_analogy_clarity_0b0b60,0.9054973934202144,60179.09,61194.54,True,False
Emergent_autonomy_cascade_d60596,Emergent_clarity_complexity_e4a503,0.9338320854254414,60179.09,61194.88,True,False
Emergent_autonomy_cascade_d60596,Emergent_bounded_clarity_02332c,0.9445569923306589,60179.09,61240.36,True,False
Emergent_autonomy_cascade_d60596,Emergent_constraint_emergence_2ad214,0.9241049460848438,60179.09,61285.52,True,False
Emergent_autonomy_cascade_d60596,Emergent_complexity_constraint_d61373,0.9034963522487172,60179.09,61285.86,True,False
Emergent_autonomy_cascade_d60596,Emergent_constraint_focused_4a6458,0.8986072129646001,60179.09,61308.79,True,False
Emergent_autonomy_cascade_d60596,Emergent_complexity_constraint_0c13f0,0.8974962532487172,60179.09,61332.16,True,False
Emergent_autonomy_cascade_d60596,Emergent_analogy_constraint_95c432,0.8883690455203934,60179.09,61332.5,True,False
Emergent_autonomy_cascade_d60596,Emergent_bounded_clarity_fd8415,0.8800975072254276,60179.09,61355.79,True,False
Emergent_autonomy_cascade_d60596,Emergent_analogy_cascade_c597be,0.8731029721261703,60179.09,61399.15,True,False
Emergent_autonomy_cascade_d60596,Emergent_boundary_bounded_497fce,0.9248396918859185,60179.09,61423.96,True,False
Emergent_autonomy_cascade_d60596,Emergent_emerges_entropy_7a1b09,0.84859668291139,60179.09,61448.24,True,False
Emergent_autonomy_cascade_d60596,Emergent_constraint_emerges_88e4cd,0.8376018047013638,60179.09,61471.29,True,False
Emergent_analogy_autonomy_581819,Emergent_appears_asymmetry_8ccc17,0.9425642894163946,60194.81,60208.74,True,False
Emergent_analogy_autonomy_581819,Emergent_bounded_complexity_42f802,0.9425642880669607,60194.81,60255.0,True,False
Emergent_analogy_autonomy_581819,Emergent_emerges_energy_071aaf,0.9425642605788398,60194.81,60270.17,True,False
Emergent_analogy_autonomy_581819,Emergent_emerges_interference_c644ec,0.9425642604889259,60194.81,60270.51,True,False
Emergent_analogy_autonomy_581819,Emergent_complexity_identity_cbb97e,0.9425642961459679,60194.81,60282.28,True,False
Emergent_analogy_autonomy_581819,Emergent_contradiction_energy_1ee86a,0.9325061610049843,60194.81,60296.2,True,False
Emergent_analogy_autonomy_581819,Emergent_identity_memory_6b5c68,0.9330040770413721,60194.81,60296.54,True,False
Emergent_analogy_autonomy_581819,Emergent_autonomy_boundary_1c8ce0,0.9346330021426634,60194.81,60311.24,True,False
Emergent_analogy_autonomy_581819,Emergent_autonomy_bounded_94d9e2,0.9425643024986394,60194.81,60327.92,True,False
Emergent_analogy_autonomy_581819,Emergent_autonomy_boundary_625a34,0.9425643024422095,60194.81,60328.26,True,False
Emergent_analogy_autonomy_581819,Emergent_appears_asymmetry_9e9e75,0.9425641323362131,60194.81,60344.53,True,False
Emergent_analogy_autonomy_581819,Emergent_analogy_appears_18b183,0.942564132312564,60194.81,60344.87,True,False
Emergent_analogy_autonomy_581819,Emergent_appears_asymmetry_ecd8f7,0.9425643535361121,60194.81,60360.43,True,False
Emergent_analogy_autonomy_581819,Emergent_autonomy_carefully_dedeae,0.9425642317584655,60194.81,60396.98,True,False
Emergent_analogy_autonomy_581819,Emergent_analogy_autonomy_a3a02c,0.9425642279273723,60194.81,60397.32,True,False
Emergent_analogy_autonomy_581819,Emergent_autonomy_bounded_5ceb4c,0.94256456102834,60194.81,60432.3,True,False
Emergent_analogy_autonomy_581819,Emergent_bounded_carefully_f79645,0.9425643967271862,60194.81,60450.22,True,False
Emergent_analogy_autonomy_581819,Emergent_bounded_carefully_09c04f,0.942564389065687,60194.81,60450.56,True,False
Emergent_analogy_autonomy_581819,Emergent_autonomy_clarity_dc06c1,0.9425644067989427,60194.81,60468.28,True,False
Emergent_analogy_autonomy_581819,Emergent_analogy_autonomy_fb4c5a,0.9425644067989427,60194.81,60468.62,True,False
Emergent_analogy_autonomy_581819,Emergent_feedback_identity_99a69b,0.9425641741556698,60194.81,60486.89,True,False
Emergent_analogy_autonomy_581819,Emergent_experience_accumulation_identity_5ddcb0,0.9425641742379229,60194.81,60487.23,True,False
Emergent_analogy_autonomy_581819,Emergent_analogy_bounded_37007e,0.9425652762187853,60194.81,60559.12,True,False
Emergent_analogy_autonomy_581819,Emergent_bounded_contradiction_d8e7d7,0.9390901966112875,60194.81,60559.46,True,False
Emergent_analogy_autonomy_581819,Emergent_boundary_clarity_6b732b,0.9305122082177757,60194.81,60573.21,True,False
Emergent_analogy_autonomy_581819,Emergent_clarity_entropy_f29129,0.9386859001419334,60194.81,60573.55,True,False
Emergent_analogy_autonomy_581819,Emergent_carefully_coherence_0a055c,0.9348308751080643,60194.81,60592.86,True,False
Emergent_analogy_autonomy_581819,Emergent_bounded_chaos_6978e0,0.9425562615604184,60194.81,60610.06,True,False
Emergent_analogy_autonomy_581819,Emergent_boundary_bounded_32e02f,0.942556237889004,60194.81,60610.4,True,False
Emergent_analogy_autonomy_581819,Emergent_carefully_coherence_7a9452,0.9421944070880692,60194.81,60631.48,True,False
Emergent_analogy_autonomy_581819,Emergent_carefully_coherence_c4d3bc,0.942569064738533,60194.81,60631.82,True,False
Emergent_analogy_autonomy_581819,Emergent_carefully_coherence_6373e7,0.9425676847789235,60194.81,60653.64,True,False
Emergent_analogy_autonomy_581819,Emergent_autonomy_bounded_72bafc,0.9425650562844288,60194.81,60677.34,True,False
Emergent_analogy_autonomy_581819,Emergent_bounded_coherence_5ce930,0.9425653848462408,60194.81,60699.23,True,False
Emergent_analogy_autonomy_581819,Emergent_carefully_clarity_0d7a6f,0.9425450128077824,60194.81,60788.94,True,False
Emergent_analogy_autonomy_581819,Emergent_analogy_carefully_f01b47,0.9425453186307613,60194.81,60789.28,True,False
Emergent_analogy_autonomy_581819,Emergent_appears_asymmetry_2723fa,0.9361552001267341,60194.81,60852.69,True,False
Emergent_analogy_autonomy_581819,Emergent_bounded_coherence_e42f85,0.9425221611860672,60194.81,60935.95,True,False
Emergent_analogy_autonomy_581819,Emergent_appears_asymmetry_c0f5ef,0.9424982235061778,60194.81,60954.94,True,False
Emergent_analogy_autonomy_581819,Emergent_autonomy_collective_461851,0.9426175491138662,60194.81,61021.5,True,False
Emergent_analogy_autonomy_581819,Emergent_analogy_emerges_8a4649,0.9423870550025586,60194.81,61105.65,True,False
Emergent_analogy_autonomy_581819,Emergent_bounded_coherence_a2e9f5,0.9393457843834478,60194.81,61172.58,True,False
Emergent_analogy_autonomy_581819,Emergent_analogy_clarity_0b0b60,0.941763039638035,60194.81,61194.54,True,False
Emergent_analogy_autonomy_581819,Emergent_clarity_complexity_e4a503,0.9338320854254414,60194.81,61194.88,True,False
Emergent_analogy_autonomy_581819,Emergent_bounded_clarity_02332c,0.9434430989498095,60194.81,61240.36,True,False
Emergent_analogy_autonomy_581819,Emergent_constraint_emergence_2ad214,0.9241049460848438,60194.81,61285.52,True,False
Emergent_analogy_autonomy_581819,Emergent_complexity_constraint_d61373,0.9392430296498093,60194.81,61285.86,True,False
Emergent_analogy_autonomy_581819,Emergent_constraint_focused_4a6458,0.9357135596498094,60194.81,61308.79,True,False
Emergent_analogy_autonomy_581819,Emergent_complexity_constraint_0c13f0,0.9306714596498096,60194.81,61332.16,True,False
Emergent_analogy_autonomy_581819,Emergent_analogy_constraint_95c432,0.9306714596498096,60194.81,61332.5,True,False
Emergent_analogy_autonomy_581819,Emergent_bounded_clarity_fd8415,0.9234684596498095,60194.81,61355.79,True,False
Emergent_analogy_autonomy_581819,Emergent_analogy_cascade_c597be,0.8543475099707458,60194.81,61399.15,True,False
Emergent_analogy_autonomy_581819,Emergent_boundary_bounded_497fce,0.9237952500624924,60194.81,61423.96,True,False
Emergent_analogy_autonomy_581819,Emergent_emerges_entropy_7a1b09,0.8354519671105969,60194.81,61448.24,True,False
Emergent_analogy_autonomy_581819,Emergent_constraint_emerges_88e4cd,0.8366818829424254,60194.81,61471.29,True,False
Emergent_appears_asymmetry_8ccc17,Emergent_bounded_complexity_42f802,0.8957754035243473,60208.74,60255.0,True,False
Emergent_appears_asymmetry_8ccc17,Emergent_emerges_energy_071aaf,0.8957753844493634,60208.74,60270.17,True,False
Emergent_appears_asymmetry_8ccc17,Emergent_emerges_interference_c644ec,0.9444634947697956,60208.74,60270.51,True,False
Emergent_appears_asymmetry_8ccc17,Emergent_complexity_identity_cbb97e,0.8957754090879726,60208.74,60282.28,True,False
Emergent_appears_asymmetry_8ccc17,Emergent_contradiction_energy_1ee86a,0.9325061610049843,60208.74,60296.2,True,False
Emergent_appears_asymmetry_8ccc17,Emergent_identity_memory_6b5c68,0.9330040770413721,60208.74,60296.54,True,False
Emergent_appears_asymmetry_8ccc17,Emergent_autonomy_boundary_1c8ce0,0.9346330021426634,60208.74,60311.24,True,False
Emergent_appears_asymmetry_8ccc17,Emergent_autonomy_bounded_94d9e2,0.8957754129327236,60208.74,60327.92,True,False
Emergent_appears_asymmetry_8ccc17,Emergent_autonomy_boundary_625a34,0.895775412891872,60208.74,60328.26,True,False
Emergent_appears_asymmetry_8ccc17,Emergent_appears_asymmetry_9e9e75,0.8932283184026029,60208.74,60344.53,True,False
Emergent_appears_asymmetry_8ccc17,Emergent_analogy_appears_18b183,0.892276144095876,60208.74,60344.87,True,False
Emergent_appears_asymmetry_8ccc17,Emergent_appears_asymmetry_ecd8f7,0.8956602791254589,60208.74,60360.43,True,False
Emergent_appears_asymmetry_8ccc17,Emergent_autonomy_carefully_dedeae,0.8957753696250554,60208.74,60396.98,True,False
Emergent_appears_asymmetry_8ccc17,Emergent_analogy_autonomy_a3a02c,0.8957753668516053,60208.74,60397.32,True,False
Emergent_appears_asymmetry_8ccc17,Emergent_autonomy_bounded_5ceb4c,0.8957755813404762,60208.74,60432.3,True,False
Emergent_appears_asymmetry_8ccc17,Emergent_bounded_carefully_f79645,0.8953216388548888,60208.74,60450.22,True,False
Emergent_appears_asymmetry_8ccc17,Emergent_bounded_carefully_09c04f,0.9455925599808743,60208.74,60450.56,True,False
Emergent_appears_asymmetry_8ccc17,Emergent_autonomy_clarity_dc06c1,0.8957754552742474,60208.74,60468.28,True,False
Emergent_appears_asymmetry_8ccc17,Emergent_analogy_autonomy_fb4c5a,0.8957754552742474,60208.74,60468.62,True,False
Emergent_appears_asymmetry_8ccc17,Emergent_feedback_identity_99a69b,0.8920611660922655,60208.74,60486.89,True,False
Emergent_appears_asymmetry_8ccc17,Emergent_experience_accumulation_identity_5ddcb0,0.8929444708609078,60208.74,60487.23,True,False
Emergent_appears_asymmetry_8ccc17,Emergent_analogy_bounded_37007e,0.9450193881272575,60208.74,60559.12,True,False
Emergent_appears_asymmetry_8ccc17,Emergent_bounded_contradiction_d8e7d7,0.9390901966112875,60208.74,60559.46,True,False
Emergent_appears_asymmetry_8ccc17,Emergent_boundary_clarity_6b732b,0.9305122082177757,60208.74,60573.21,True,False
Emergent_appears_asymmetry_8ccc17,Emergent_clarity_entropy_f29129,0.9386859001419334,60208.74,60573.55,True,False
Emergent_appears_asymmetry_8ccc17,Emergent_carefully_coherence_0a055c,0.9348308751080643,60208.74,60592.86,True,False
Emergent_appears_asymmetry_8ccc17,Emergent_bounded_chaos_6978e0,0.895191362727012,60208.74,60610.06,True,False
Emergent_appears_asymmetry_8ccc17,Emergent_boundary_bounded_32e02f,0.9451034934791727,60208.74,60610.4,True,False
Emergent_appears_asymmetry_8ccc17,Emergent_carefully_coherence_7a9452,0.9421944070880692,60208.74,60631.48,True,False
Emergent_appears_asymmetry_8ccc17,Emergent_carefully_coherence_c4d3bc,0.8911203903847214,60208.74,60631.82,True,False
Emergent_appears_asymmetry_8ccc17,Emergent_carefully_coherence_6373e7,0.8920801416112094,60208.74,60653.64,True,False
Emergent_appears_asymmetry_8ccc17,Emergent_autonomy_bounded_72bafc,0.8957757587765804,60208.74,60677.34,True,False
Emergent_appears_asymmetry_8ccc17,Emergent_bounded_coherence_5ce930,0.946125715536827,60208.74,60699.23,True,False
Emergent_appears_asymmetry_8ccc17,Emergent_carefully_clarity_0d7a6f,0.9436069491040497,60208.74,60788.94,True,False
Emergent_appears_asymmetry_8ccc17,Emergent_analogy_carefully_f01b47,0.8930823129082952,60208.74,60789.28,True,False
Emergent_appears_asymmetry_8ccc17,Emergent_appears_asymmetry_2723fa,0.9361552001267341,60208.74,60852.69,True,False
Emergent_appears_asymmetry_8ccc17,Emergent_bounded_coherence_e42f85,0.895744906537417,60208.74,60935.95,True,False
Emergent_appears_asymmetry_8ccc17,Emergent_appears_asymmetry_c0f5ef,0.8957281501614947,60208.74,60954.94,True,False
Emergent_appears_asymmetry_8ccc17,Emergent_autonomy_collective_461851,0.895806778555013,60208.74,61021.5,True,False
Emergent_appears_asymmetry_8ccc17,Emergent_analogy_emerges_8a4649,0.8956454326770977,60208.74,61105.65,True,False
Emergent_appears_asymmetry_8ccc17,Emergent_bounded_coherence_a2e9f5,0.8936642714050815,60208.74,61172.58,True,False
Emergent_appears_asymmetry_8ccc17,Emergent_analogy_clarity_0b0b60,0.89513027316524,60208.74,61194.54,True,False
Emergent_appears_asymmetry_8ccc17,Emergent_clarity_complexity_e4a503,0.9338320854254414,60208.74,61194.88,True,False
Emergent_appears_asymmetry_8ccc17,Emergent_bounded_clarity_02332c,0.9445569923306589,60208.74,61240.36,True,False
Emergent_appears_asymmetry_8ccc17,Emergent_constraint_emergence_2ad214,0.9241049460848438,60208.74,61285.52,True,False
Emergent_appears_asymmetry_8ccc17,Emergent_complexity_constraint_d61373,0.8932529211094675,60208.74,61285.86,True,False
Emergent_appears_asymmetry_8ccc17,Emergent_constraint_focused_4a6458,0.8907822921094677,60208.74,61308.79,True,False
Emergent_appears_asymmetry_8ccc17,Emergent_complexity_constraint_0c13f0,0.8872528221094678,60208.74,61332.16,True,False
Emergent_appears_asymmetry_8ccc17,Emergent_analogy_constraint_95c432,0.8872528221094678,60208.74,61332.5,True,False
Emergent_appears_asymmetry_8ccc17,Emergent_bounded_clarity_fd8415,0.8800975072254276,60208.74,61355.79,True,False
Emergent_appears_asymmetry_8ccc17,Emergent_analogy_cascade_c597be,0.8682740389483392,60208.74,61399.15,True,False
Emergent_appears_asymmetry_8ccc17,Emergent_boundary_bounded_497fce,0.9248396918859185,60208.74,61423.96,True,False
Emergent_appears_asymmetry_8ccc17,Emergent_emerges_entropy_7a1b09,0.84859668291139,60208.74,61448.24,True,False
Emergent_appears_asymmetry_8ccc17,Emergent_constraint_emerges_88e4cd,0.8376018047013638,60208.74,61471.29,True,False
Emergent_bounded_complexity_42f802,Emergent_emerges_energy_071aaf,0.9038614006115491,60255.0,60270.17,True,False
Emergent_bounded_complexity_42f802,Emergent_emerges_interference_c644ec,0.9444634938973562,60255.0,60270.51,True,False
Emergent_bounded_complexity_42f802,Emergent_complexity_identity_cbb97e,0.8962139660688548,60255.0,60282.28,True,False
Emergent_bounded_complexity_42f802,Emergent_contradiction_energy_1ee86a,0.9325061610049843,60255.0,60296.2,True,False
Emergent_bounded_complexity_42f802,Emergent_identity_memory_6b5c68,0.9330040770413721,60255.0,60296.54,True,False
Emergent_bounded_complexity_42f802,Emergent_autonomy_boundary_1c8ce0,0.9346330021426634,60255.0,60311.24,True,False
Emergent_bounded_complexity_42f802,Emergent_autonomy_bounded_94d9e2,0.9038614290135776,60255.0,60327.92,True,False
Emergent_bounded_complexity_42f802,Emergent_autonomy_boundary_625a34,0.899003836191067,60255.0,60328.26,True,False
Emergent_bounded_complexity_42f802,Emergent_appears_asymmetry_9e9e75,0.8932283184026029,60255.0,60344.53,True,False
Emergent_bounded_complexity_42f802,Emergent_analogy_appears_18b183,0.892276144095876,60255.0,60344.87,True,False
Emergent_bounded_complexity_42f802,Emergent_appears_asymmetry_ecd8f7,0.8956602791254589,60255.0,60360.43,True,False
Emergent_bounded_complexity_42f802,Emergent_autonomy_carefully_dedeae,0.9038613909454629,60255.0,60396.98,True,False
Emergent_bounded_complexity_42f802,Emergent_analogy_autonomy_a3a02c,0.9038613880946611,60255.0,60397.32,True,False
Emergent_bounded_complexity_42f802,Emergent_autonomy_bounded_5ceb4c,0.9000175074145924,60255.0,60432.3,True,False
Emergent_bounded_complexity_42f802,Emergent_bounded_carefully_f79645,0.8953216388548888,60255.0,60450.22,True,False
Emergent_bounded_complexity_42f802,Emergent_bounded_carefully_09c04f,0.9455925599808743,60255.0,60450.56,True,False
Emergent_bounded_complexity_42f802,Emergent_autonomy_clarity_dc06c1,0.9021000261283343,60255.0,60468.28,True,False
Emergent_bounded_complexity_42f802,Emergent_analogy_autonomy_fb4c5a,0.9030272554234322,60255.0,60468.62,True,False
Emergent_bounded_complexity_42f802,Emergent_feedback_identity_99a69b,0.8920611660922655,60255.0,60486.89,True,False
Emergent_bounded_complexity_42f802,Emergent_experience_accumulation_identity_5ddcb0,0.8929444708609078,60255.0,60487.23,True,False
Emergent_bounded_complexity_42f802,Emergent_analogy_bounded_37007e,0.9450193881272575,60255.0,60559.12,True,False
Emergent_bounded_complexity_42f802,Emergent_bounded_contradiction_d8e7d7,0.9390901966112875,60255.0,60559.46,True,False
Emergent_bounded_complexity_42f802,Emergent_boundary_clarity_6b732b,0.9305122082177757,60255.0,60573.21,True,False
Emergent_bounded_complexity_42f802,Emergent_clarity_entropy_f29129,0.9386859001419334,60255.0,60573.55,True,False
Emergent_bounded_complexity_42f802,Emergent_carefully_coherence_0a055c,0.9348308751080643,60255.0,60592.86,True,False
Emergent_bounded_complexity_42f802,Emergent_bounded_chaos_6978e0,0.895191362727012,60255.0,60610.06,True,False
Emergent_bounded_complexity_42f802,Emergent_boundary_bounded_32e02f,0.9451034934791727,60255.0,60610.4,True,False
Emergent_bounded_complexity_42f802,Emergent_carefully_coherence_7a9452,0.9421944070880692,60255.0,60631.48,True,False
Emergent_bounded_complexity_42f802,Emergent_carefully_coherence_c4d3bc,0.8911203903847214,60255.0,60631.82,True,False
Emergent_bounded_complexity_42f802,Emergent_carefully_coherence_6373e7,0.8920801416112094,60255.0,60653.64,True,False
Emergent_bounded_complexity_42f802,Emergent_autonomy_bounded_72bafc,0.9038616275766864,60255.0,60677.34,True,False
Emergent_bounded_complexity_42f802,Emergent_bounded_coherence_5ce930,0.946125715536827,60255.0,60699.23,True,False
Emergent_bounded_complexity_42f802,Emergent_carefully_clarity_0d7a6f,0.9436069491040497,60255.0,60788.94,True,False
Emergent_bounded_complexity_42f802,Emergent_analogy_carefully_f01b47,0.8930823129082952,60255.0,60789.28,True,False
Emergent_bounded_complexity_42f802,Emergent_appears_asymmetry_2723fa,0.9361552001267341,60255.0,60852.69,True,False
Emergent_bounded_complexity_42f802,Emergent_bounded_coherence_e42f85,0.9015890394909629,60255.0,60935.95,True,False
Emergent_bounded_complexity_42f802,Emergent_appears_asymmetry_c0f5ef,0.8980773338122803,60255.0,60954.94,True,False
Emergent_bounded_complexity_42f802,Emergent_autonomy_collective_461851,0.8966838953614524,60255.0,61021.5,True,False
Emergent_bounded_complexity_42f802,Emergent_analogy_emerges_8a4649,0.9037264713145843,60255.0,61105.65,True,False
Emergent_bounded_complexity_42f802,Emergent_bounded_coherence_a2e9f5,0.9018699433779898,60255.0,61172.58,True,False
Emergent_bounded_complexity_42f802,Emergent_analogy_clarity_0b0b60,0.9031452115630523,60255.0,61194.54,True,False
Emergent_bounded_complexity_42f802,Emergent_clarity_complexity_e4a503,0.9338320854254414,60255.0,61194.88,True,False
Emergent_bounded_complexity_42f802,Emergent_bounded_clarity_02332c,0.9445569923306589,60255.0,61240.36,True,False
Emergent_bounded_complexity_42f802,Emergent_constraint_emergence_2ad214,0.9241049460848438,60255.0,61285.52,True,False
Emergent_bounded_complexity_42f802,Emergent_complexity_constraint_d61373,0.9011722340473036,60255.0,61285.86,True,False
Emergent_bounded_complexity_42f802,Emergent_constraint_focused_4a6458,0.8986072129646001,60255.0,61308.79,True,False
Emergent_bounded_complexity_42f802,Emergent_complexity_constraint_0c13f0,0.8951721350473036,60255.0,61332.16,True,False
Emergent_bounded_complexity_42f802,Emergent_analogy_constraint_95c432,0.8883690455203934,60255.0,61332.5,True,False
Emergent_bounded_complexity_42f802,Emergent_bounded_clarity_fd8415,0.8800975072254276,60255.0,61355.79,True,False
Emergent_bounded_complexity_42f802,Emergent_analogy_cascade_c597be,0.8731029721261703,60255.0,61399.15,True,False
Emergent_bounded_complexity_42f802,Emergent_boundary_bounded_497fce,0.9248396918859185,60255.0,61423.96,True,False
Emergent_bounded_complexity_42f802,Emergent_emerges_entropy_7a1b09,0.84859668291139,60255.0,61448.24,True,False
Emergent_bounded_complexity_42f802,Emergent_constraint_emerges_88e4cd,0.8376018047013638,60255.0,61471.29,True,False
Emergent_emerges_energy_071aaf,Emergent_emerges_interference_c644ec,0.944463490489641,60270.17,60270.51,True,False
Emergent_emerges_energy_071aaf,Emergent_complexity_identity_cbb97e,0.8962139627537569,60270.17,60282.28,True,False
Emergent_emerges_energy_071aaf,Emergent_contradiction_energy_1ee86a,0.9325061610049843,60270.17,60296.2,True,False
Emergent_emerges_energy_071aaf,Emergent_identity_memory_6b5c68,0.9330040770413721,60270.17,60296.54,True,False
Emergent_emerges_energy_071aaf,Emergent_autonomy_boundary_1c8ce0,0.9346330021426634,60270.17,60311.24,True,False
Emergent_emerges_energy_071aaf,Emergent_autonomy_bounded_94d9e2,0.9060688601782145,60270.17,60327.92,True,False
Emergent_emerges_energy_071aaf,Emergent_autonomy_boundary_625a34,0.899003836191067,60270.17,60328.26,True,False
Emergent_emerges_energy_071aaf,Emergent_appears_asymmetry_9e9e75,0.8932283184026029,60270.17,60344.53,True,False
Emergent_emerges_energy_071aaf,Emergent_analogy_appears_18b183,0.892276144095876,60270.17,60344.87,True,False
Emergent_emerges_energy_071aaf,Emergent_appears_asymmetry_ecd8f7,0.8956602791254589,60270.17,60360.43,True,False
Emergent_emerges_energy_071aaf,Emergent_autonomy_carefully_dedeae,0.9060688235404664,60270.17,60396.98,True,False
Emergent_emerges_energy_071aaf,Emergent_analogy_autonomy_a3a02c,0.9050989290028437,60270.17,60397.32,True,False
Emergent_emerges_energy_071aaf,Emergent_autonomy_bounded_5ceb4c,0.9000175074145924,60270.17,60432.3,True,False
Emergent_emerges_energy_071aaf,Emergent_bounded_carefully_f79645,0.8953216388548888,60270.17,60450.22,True,False
Emergent_emerges_energy_071aaf,Emergent_bounded_carefully_09c04f,0.9455925599808743,60270.17,60450.56,True,False
Emergent_emerges_energy_071aaf,Emergent_autonomy_clarity_dc06c1,0.9021000261283343,60270.17,60468.28,True,False
Emergent_emerges_energy_071aaf,Emergent_analogy_autonomy_fb4c5a,0.9030272554234322,60270.17,60468.62,True,False
Emergent_emerges_energy_071aaf,Emergent_feedback_identity_99a69b,0.8920611660922655,60270.17,60486.89,True,False
Emergent_emerges_energy_071aaf,Emergent_experience_accumulation_identity_5ddcb0,0.8929444708609078,60270.17,60487.23,True,False
Emergent_emerges_energy_071aaf,Emergent_analogy_bounded_37007e,0.9450193881272575,60270.17,60559.12,True,False
Emergent_emerges_energy_071aaf,Emergent_bounded_contradiction_d8e7d7,0.9390901966112875,60270.17,60559.46,True,False
Emergent_emerges_energy_071aaf,Emergent_boundary_clarity_6b732b,0.9305122082177757,60270.17,60573.21,True,False
Emergent_emerges_energy_071aaf,Emergent_clarity_entropy_f29129,0.9386859001419334,60270.17,60573.55,True,False
Emergent_emerges_energy_071aaf,Emergent_carefully_coherence_0a055c,0.9348308751080643,60270.17,60592.86,True,False
Emergent_emerges_energy_071aaf,Emergent_bounded_chaos_6978e0,0.895191362727012,60270.17,60610.06,True,False
Emergent_emerges_energy_071aaf,Emergent_boundary_bounded_32e02f,0.9451034934791727,60270.17,60610.4,True,False
Emergent_emerges_energy_071aaf,Emergent_carefully_coherence_7a9452,0.9421944070880692,60270.17,60631.48,True,False
Emergent_emerges_energy_071aaf,Emergent_carefully_coherence_c4d3bc,0.8911203903847214,60270.17,60631.82,True,False
Emergent_emerges_energy_071aaf,Emergent_carefully_coherence_6373e7,0.8920801416112094,60270.17,60653.64,True,False
Emergent_emerges_energy_071aaf,Emergent_autonomy_bounded_72bafc,0.9060690210384792,60270.17,60677.34,True,False
Emergent_emerges_energy_071aaf,Emergent_bounded_coherence_5ce930,0.946125715536827,60270.17,60699.23,True,False
Emergent_emerges_energy_071aaf,Emergent_carefully_clarity_0d7a6f,0.9436069491040497,60270.17,60788.94,True,False
Emergent_emerges_energy_071aaf,Emergent_analogy_carefully_f01b47,0.8930823129082952,60270.17,60789.28,True,False
Emergent_emerges_energy_071aaf,Emergent_appears_asymmetry_2723fa,0.9361552001267341,60270.17,60852.69,True,False
Emergent_emerges_energy_071aaf,Emergent_bounded_coherence_e42f85,0.9015890394909629,60270.17,60935.95,True,False
Emergent_emerges_energy_071aaf,Emergent_appears_asymmetry_c0f5ef,0.8980773338122803,60270.17,60954.94,True,False
Emergent_emerges_energy_071aaf,Emergent_autonomy_collective_461851,0.8966838953614524,60270.17,61021.5,True,False
Emergent_emerges_energy_071aaf,Emergent_analogy_emerges_8a4649,0.9039830251596572,60270.17,61105.65,True,False
Emergent_emerges_energy_071aaf,Emergent_bounded_coherence_a2e9f5,0.9041100423840949,60270.17,61172.58,True,False
Emergent_emerges_energy_071aaf,Emergent_analogy_clarity_0b0b60,0.9053332414524036,60270.17,61194.54,True,False
Emergent_emerges_energy_071aaf,Emergent_clarity_complexity_e4a503,0.9338320854254414,60270.17,61194.88,True,False
Emergent_emerges_energy_071aaf,Emergent_bounded_clarity_02332c,0.9445569923306589,60270.17,61240.36,True,False
Emergent_emerges_energy_071aaf,Emergent_constraint_emergence_2ad214,0.9241049460848438,60270.17,61285.52,True,False
Emergent_emerges_energy_071aaf,Emergent_complexity_constraint_d61373,0.9033341587622632,60270.17,61285.86,True,False
Emergent_emerges_energy_071aaf,Emergent_constraint_focused_4a6458,0.8986072129646001,60270.17,61308.79,True,False
Emergent_emerges_energy_071aaf,Emergent_complexity_constraint_0c13f0,0.8973340597622632,60270.17,61332.16,True,False
Emergent_emerges_energy_071aaf,Emergent_analogy_constraint_95c432,0.8883690455203934,60270.17,61332.5,True,False
Emergent_emerges_energy_071aaf,Emergent_bounded_clarity_fd8415,0.8800975072254276,60270.17,61355.79,True,False
Emergent_emerges_energy_071aaf,Emergent_analogy_cascade_c597be,0.8731029721261703,60270.17,61399.15,True,False
Emergent_emerges_energy_071aaf,Emergent_boundary_bounded_497fce,0.9248396918859185,60270.17,61423.96,True,False
Emergent_emerges_energy_071aaf,Emergent_emerges_entropy_7a1b09,0.84859668291139,60270.17,61448.24,True,False
Emergent_emerges_energy_071aaf,Emergent_constraint_emerges_88e4cd,0.8376018047013638,60270.17,61471.29,True,False
Emergent_emerges_interference_c644ec,Emergent_complexity_identity_cbb97e,0.944463525428366,60270.51,60282.28,True,False
Emergent_emerges_interference_c644ec,Emergent_contradiction_energy_1ee86a,0.9325061610049843,60270.51,60296.2,True,False
Emergent_emerges_interference_c644ec,Emergent_identity_memory_6b5c68,0.9330040770413721,60270.51,60296.54,True,False
Emergent_emerges_interference_c644ec,Emergent_autonomy_boundary_1c8ce0,0.9346330021426634,60270.51,60311.24,True,False
Emergent_emerges_interference_c644ec,Emergent_autonomy_bounded_94d9e2,0.9444635365255405,60270.51,60327.92,True,False
Emergent_emerges_interference_c644ec,Emergent_autonomy_boundary_625a34,0.9444635364687115,60270.51,60328.26,True,False
Emergent_emerges_interference_c644ec,Emergent_appears_asymmetry_9e9e75,0.9444633666158881,60270.51,60344.53,True,False
Emergent_emerges_interference_c644ec,Emergent_analogy_appears_18b183,0.9444633665921811,60270.51,60344.87,True,False
Emergent_emerges_interference_c644ec,Emergent_appears_asymmetry_ecd8f7,0.9444635874228511,60270.51,60360.43,True,False
Emergent_emerges_interference_c644ec,Emergent_autonomy_carefully_dedeae,0.9444634676200576,60270.51,60396.98,True,False
Emergent_emerges_interference_c644ec,Emergent_analogy_autonomy_a3a02c,0.9444634637618787,60270.51,60397.32,True,False
Emergent_emerges_interference_c644ec,Emergent_autonomy_bounded_5ceb4c,0.9444637913438712,60270.51,60432.3,True,False
Emergent_emerges_interference_c644ec,Emergent_bounded_carefully_f79645,0.944463637692085,60270.51,60450.22,True,False
Emergent_emerges_interference_c644ec,Emergent_bounded_carefully_09c04f,0.9444636299764193,60270.51,60450.56,True,False
Emergent_emerges_interference_c644ec,Emergent_autonomy_clarity_dc06c1,0.9444636317657067,60270.51,60468.28,True,False
Emergent_emerges_interference_c644ec,Emergent_analogy_autonomy_fb4c5a,0.9444636317657067,60270.51,60468.62,True,False
Emergent_emerges_interference_c644ec,Emergent_feedback_identity_99a69b,0.9444633988167728,60270.51,60486.89,True,False
Emergent_emerges_interference_c644ec,Emergent_experience_accumulation_identity_5ddcb0,0.9444633988996072,60270.51,60487.23,True,False
Emergent_emerges_interference_c644ec,Emergent_analogy_bounded_37007e,0.9444644964554239,60270.51,60559.12,True,False
Emergent_emerges_interference_c644ec,Emergent_bounded_contradiction_d8e7d7,0.9390901966112875,60270.51,60559.46,True,False
Emergent_emerges_interference_c644ec,Emergent_boundary_clarity_6b732b,0.9305122082177757,60270.51,60573.21,True,False
Emergent_emerges_interference_c644ec,Emergent_clarity_entropy_f29129,0.9386859001419334,60270.51,60573.55,True,False
Emergent_emerges_interference_c644ec,Emergent_carefully_coherence_0a055c,0.9348308751080643,60270.51,60592.86,True,False
Emergent_emerges_interference_c644ec,Emergent_bounded_chaos_6978e0,0.9444554910833294,60270.51,60610.06,True,False
Emergent_emerges_interference_c644ec,Emergent_boundary_bounded_32e02f,0.9444554673330838,60270.51,60610.4,True,False
Emergent_emerges_interference_c644ec,Emergent_carefully_coherence_7a9452,0.9421944070880692,60270.51,60631.48,True,False
Emergent_emerges_interference_c644ec,Emergent_carefully_coherence_c4d3bc,0.9444682450562878,60270.51,60631.82,True,False
Emergent_emerges_interference_c644ec,Emergent_carefully_coherence_6373e7,0.9444668650966781,60270.51,60653.64,True,False
Emergent_emerges_interference_c644ec,Emergent_autonomy_bounded_72bafc,0.9444642366021836,60270.51,60677.34,True,False
Emergent_emerges_interference_c644ec,Emergent_bounded_coherence_5ce930,0.9444645651639954,60270.51,60699.23,True,False
Emergent_emerges_interference_c644ec,Emergent_carefully_clarity_0d7a6f,0.9436069491040497,60270.51,60788.94,True,False
Emergent_emerges_interference_c644ec,Emergent_analogy_carefully_f01b47,0.9444449719893233,60270.51,60789.28,True,False
Emergent_emerges_interference_c644ec,Emergent_appears_asymmetry_2723fa,0.9361552001267341,60270.51,60852.69,True,False
Emergent_emerges_interference_c644ec,Emergent_bounded_coherence_e42f85,0.94442109758448,60270.51,60935.95,True,False
Emergent_emerges_interference_c644ec,Emergent_appears_asymmetry_c0f5ef,0.9443971599045908,60270.51,60954.94,True,False
Emergent_emerges_interference_c644ec,Emergent_autonomy_collective_461851,0.9445150380936516,60270.51,61021.5,True,False
Emergent_emerges_interference_c644ec,Emergent_analogy_emerges_8a4649,0.944284543982344,60270.51,61105.65,True,False
Emergent_emerges_interference_c644ec,Emergent_bounded_coherence_a2e9f5,0.9412869151842329,60270.51,61172.58,True,False
Emergent_emerges_interference_c644ec,Emergent_analogy_clarity_0b0b60,0.9436373828453182,60270.51,61194.54,True,False
Emergent_emerges_interference_c644ec,Emergent_clarity_complexity_e4a503,0.9338320854254414,60270.51,61194.88,True,False
Emergent_emerges_interference_c644ec,Emergent_bounded_clarity_02332c,0.9445569923306589,60270.51,61240.36,True,False
Emergent_emerges_interference_c644ec,Emergent_constraint_emergence_2ad214,0.9241049460848438,60270.51,61285.52,True,False
Emergent_emerges_interference_c644ec,Emergent_complexity_constraint_d61373,0.9410838884831632,60270.51,61285.86,True,False
Emergent_emerges_interference_c644ec,Emergent_constraint_focused_4a6458,0.9375544184831632,60270.51,61308.79,True,False
Emergent_emerges_interference_c644ec,Emergent_complexity_constraint_0c13f0,0.9325123184831632,60270.51,61332.16,True,False
Emergent_emerges_interference_c644ec,Emergent_analogy_constraint_95c432,0.9325123184831632,60270.51,61332.5,True,False
Emergent_emerges_interference_c644ec,Emergent_bounded_clarity_fd8415,0.9253093184831631,60270.51,61355.79,True,False
Emergent_emerges_interference_c644ec,Emergent_analogy_cascade_c597be,0.857227430464103,60270.51,61399.15,True,False
Emergent_emerges_interference_c644ec,Emergent_boundary_bounded_497fce,0.9248396918859185,60270.51,61423.96,True,False
Emergent_emerges_interference_c644ec,Emergent_emerges_entropy_7a1b09,0.8392375778128718,60270.51,61448.24,True,False
Emergent_emerges_interference_c644ec,Emergent_constraint_emerges_88e4cd,0.8376018047013638,60270.51,61471.29,True,False
Emergent_complexity_identity_cbb97e,Emergent_contradiction_energy_1ee86a,0.9325061610049843,60282.28,60296.2,True,False
Emergent_complexity_identity_cbb97e,Emergent_identity_memory_6b5c68,0.9330040770413721,60282.28,60296.54,True,False
Emergent_complexity_identity_cbb97e,Emergent_autonomy_boundary_1c8ce0,0.9346330021426634,60282.28,60311.24,True,False
Emergent_complexity_identity_cbb97e,Emergent_autonomy_bounded_94d9e2,0.8962139698860543,60282.28,60327.92,True,False
Emergent_complexity_identity_cbb97e,Emergent_autonomy_boundary_625a34,0.896213969845141,60282.28,60328.26,True,False
Emergent_complexity_identity_cbb97e,Emergent_appears_asymmetry_9e9e75,0.8932283184026029,60282.28,60344.53,True,False
Emergent_complexity_identity_cbb97e,Emergent_analogy_appears_18b183,0.892276144095876,60282.28,60344.87,True,False
Emergent_complexity_identity_cbb97e,Emergent_appears_asymmetry_ecd8f7,0.8956602791254589,60282.28,60360.43,True,False
Emergent_complexity_identity_cbb97e,Emergent_autonomy_carefully_dedeae,0.8962139268625609,60282.28,60396.98,True,False
Emergent_complexity_identity_cbb97e,Emergent_analogy_autonomy_a3a02c,0.8962139240849154,60282.28,60397.32,True,False
Emergent_complexity_identity_cbb97e,Emergent_autonomy_bounded_5ceb4c,0.8962141377189541,60282.28,60432.3,True,False
Emergent_complexity_identity_cbb97e,Emergent_bounded_carefully_f79645,0.8953216388548888,60282.28,60450.22,True,False
Emergent_complexity_identity_cbb97e,Emergent_bounded_carefully_09c04f,0.9455925599808743,60282.28,60450.56,True,False
Emergent_complexity_identity_cbb97e,Emergent_autonomy_clarity_dc06c1,0.8962140108242567,60282.28,60468.28,True,False
Emergent_complexity_identity_cbb97e,Emergent_analogy_autonomy_fb4c5a,0.8962140108242567,60282.28,60468.62,True,False
Emergent_complexity_identity_cbb97e,Emergent_feedback_identity_99a69b,0.8920611660922655,60282.28,60486.89,True,False
Emergent_complexity_identity_cbb97e,Emergent_experience_accumulation_identity_5ddcb0,0.8929444708609078,60282.28,60487.23,True,False
Emergent_complexity_identity_cbb97e,Emergent_analogy_bounded_37007e,0.9450193881272575,60282.28,60559.12,True,False
Emergent_complexity_identity_cbb97e,Emergent_bounded_contradiction_d8e7d7,0.9390901966112875,60282.28,60559.46,True,False
Emergent_complexity_identity_cbb97e,Emergent_boundary_clarity_6b732b,0.9305122082177757,60282.28,60573.21,True,False
Emergent_complexity_identity_cbb97e,Emergent_clarity_entropy_f29129,0.9386859001419334,60282.28,60573.55,True,False
Emergent_complexity_identity_cbb97e,Emergent_carefully_coherence_0a055c,0.9348308751080643,60282.28,60592.86,True,False
Emergent_complexity_identity_cbb97e,Emergent_bounded_chaos_6978e0,0.895191362727012,60282.28,60610.06,True,False
Emergent_complexity_identity_cbb97e,Emergent_boundary_bounded_32e02f,0.9451034934791727,60282.28,60610.4,True,False
Emergent_complexity_identity_cbb97e,Emergent_carefully_coherence_7a9452,0.9421944070880692,60282.28,60631.48,True,False
Emergent_complexity_identity_cbb97e,Emergent_carefully_coherence_c4d3bc,0.8911203903847214,60282.28,60631.82,True,False
Emergent_complexity_identity_cbb97e,Emergent_carefully_coherence_6373e7,0.8920801416112094,60282.28,60653.64,True,False
Emergent_complexity_identity_cbb97e,Emergent_autonomy_bounded_72bafc,0.8962143074109199,60282.28,60677.34,True,False
Emergent_complexity_identity_cbb97e,Emergent_bounded_coherence_5ce930,0.946125715536827,60282.28,60699.23,True,False
Emergent_complexity_identity_cbb97e,Emergent_carefully_clarity_0d7a6f,0.9436069491040497,60282.28,60788.94,True,False
Emergent_complexity_identity_cbb97e,Emergent_analogy_carefully_f01b47,0.8930823129082952,60282.28,60789.28,True,False
Emergent_complexity_identity_cbb97e,Emergent_appears_asymmetry_2723fa,0.9361552001267341,60282.28,60852.69,True,False
Emergent_complexity_identity_cbb97e,Emergent_bounded_coherence_e42f85,0.8961834173911725,60282.28,60935.95,True,False
Emergent_complexity_identity_cbb97e,Emergent_appears_asymmetry_c0f5ef,0.8961666610152499,60282.28,60954.94,True,False
Emergent_complexity_identity_cbb97e,Emergent_autonomy_collective_461851,0.8962450652185892,60282.28,61021.5,True,False
Emergent_complexity_identity_cbb97e,Emergent_analogy_emerges_8a4649,0.8960837193406739,60282.28,61105.65,True,False
Emergent_complexity_identity_cbb97e,Emergent_bounded_coherence_a2e9f5,0.8941093177354782,60282.28,61172.58,True,False
Emergent_complexity_identity_cbb97e,Emergent_analogy_clarity_0b0b60,0.8955649747879808,60282.28,61194.54,True,False
Emergent_complexity_identity_cbb97e,Emergent_clarity_complexity_e4a503,0.9338320854254414,60282.28,61194.88,True,False
Emergent_complexity_identity_cbb97e,Emergent_bounded_clarity_02332c,0.9445569923306589,60282.28,61240.36,True,False
Emergent_complexity_identity_cbb97e,Emergent_constraint_emergence_2ad214,0.9241049460848438,60282.28,61285.52,True,False
Emergent_complexity_identity_cbb97e,Emergent_complexity_constraint_d61373,0.893682436348912,60282.28,61285.86,True,False
Emergent_complexity_identity_cbb97e,Emergent_constraint_focused_4a6458,0.8912118073489121,60282.28,61308.79,True,False
Emergent_complexity_identity_cbb97e,Emergent_complexity_constraint_0c13f0,0.887682337348912,60282.28,61332.16,True,False
Emergent_complexity_identity_cbb97e,Emergent_analogy_constraint_95c432,0.887682337348912,60282.28,61332.5,True,False
Emergent_complexity_identity_cbb97e,Emergent_bounded_clarity_fd8415,0.8800975072254276,60282.28,61355.79,True,False
Emergent_complexity_identity_cbb97e,Emergent_analogy_cascade_c597be,0.8689112816716349,60282.28,61399.15,True,False
Emergent_complexity_identity_cbb97e,Emergent_boundary_bounded_497fce,0.9248396918859185,60282.28,61423.96,True,False
Emergent_complexity_identity_cbb97e,Emergent_emerges_entropy_7a1b09,0.84859668291139,60282.28,61448.24,True,False
Emergent_complexity_identity_cbb97e,Emergent_constraint_emerges_88e4cd,0.8376018047013638,60282.28,61471.29,True,False
Emergent_contradiction_energy_1ee86a,Emergent_identity_memory_6b5c68,0.9325061496162361,60296.2,60296.54,True,False
Emergent_contradiction_energy_1ee86a,Emergent_autonomy_boundary_1c8ce0,0.9325061011318223,60296.2,60311.24,True,False
Emergent_contradiction_energy_1ee86a,Emergent_autonomy_bounded_94d9e2,0.932506172201232,60296.2,60327.92,True,False
Emergent_contradiction_energy_1ee86a,Emergent_autonomy_boundary_625a34,0.9325061721469148,60296.2,60328.26,True,False
Emergent_contradiction_energy_1ee86a,Emergent_appears_asymmetry_9e9e75,0.9325060007001431,60296.2,60344.53,True,False
Emergent_contradiction_energy_1ee86a,Emergent_analogy_appears_18b183,0.9325060006768005,60296.2,60344.87,True,False
Emergent_contradiction_energy_1ee86a,Emergent_appears_asymmetry_ecd8f7,0.9325062239809869,60296.2,60360.43,True,False
Emergent_contradiction_energy_1ee86a,Emergent_autonomy_carefully_dedeae,0.932506091744741,60296.2,60396.98,True,False
Emergent_contradiction_energy_1ee86a,Emergent_analogy_autonomy_a3a02c,0.9325060880570899,60296.2,60397.32,True,False
Emergent_contradiction_energy_1ee86a,Emergent_autonomy_bounded_5ceb4c,0.9325064503859306,60296.2,60432.3,True,False
Emergent_contradiction_energy_1ee86a,Emergent_bounded_carefully_f79645,0.9325062296869211,60296.2,60450.22,True,False
Emergent_contradiction_energy_1ee86a,Emergent_bounded_carefully_09c04f,0.9325062223122804,60296.2,60450.56,True,False
Emergent_contradiction_energy_1ee86a,Emergent_autonomy_clarity_dc06c1,0.9325063244830052,60296.2,60468.28,True,False
Emergent_contradiction_energy_1ee86a,Emergent_analogy_autonomy_fb4c5a,0.9325063244830052,60296.2,60468.62,True,False
Emergent_contradiction_energy_1ee86a,Emergent_feedback_identity_99a69b,0.932506093458479,60296.2,60486.89,True,False
Emergent_contradiction_energy_1ee86a,Emergent_experience_accumulation_identity_5ddcb0,0.9325060935376523,60296.2,60487.23,True,False
Emergent_contradiction_energy_1ee86a,Emergent_analogy_bounded_37007e,0.9325072189530608,60296.2,60559.12,True,False
Emergent_contradiction_energy_1ee86a,Emergent_bounded_contradiction_d8e7d7,0.9325072124853702,60296.2,60559.46,True,False
Emergent_contradiction_energy_1ee86a,Emergent_boundary_clarity_6b732b,0.9305122082177757,60296.2,60573.21,True,False
Emergent_contradiction_energy_1ee86a,Emergent_clarity_entropy_f29129,0.9325072821824469,60296.2,60573.55,True,False
Emergent_contradiction_energy_1ee86a,Emergent_carefully_coherence_0a055c,0.9325025321409361,60296.2,60592.86,True,False
Emergent_contradiction_energy_1ee86a,Emergent_bounded_chaos_6978e0,0.9324981551156364,60296.2,60610.06,True,False
Emergent_contradiction_energy_1ee86a,Emergent_boundary_bounded_32e02f,0.9324981318617032,60296.2,60610.4,True,False
Emergent_contradiction_energy_1ee86a,Emergent_carefully_coherence_7a9452,0.9325112188787383,60296.2,60631.48,True,False
Emergent_contradiction_energy_1ee86a,Emergent_carefully_coherence_c4d3bc,0.9325112188787383,60296.2,60631.82,True,False
Emergent_contradiction_energy_1ee86a,Emergent_carefully_coherence_6373e7,0.9325098389191286,60296.2,60653.64,True,False
Emergent_contradiction_energy_1ee86a,Emergent_autonomy_bounded_72bafc,0.9325072104246341,60296.2,60677.34,True,False
Emergent_contradiction_energy_1ee86a,Emergent_bounded_coherence_5ce930,0.9325075389864459,60296.2,60699.23,True,False
Emergent_contradiction_energy_1ee86a,Emergent_carefully_clarity_0d7a6f,0.9324846732274463,60296.2,60788.94,True,False
Emergent_contradiction_energy_1ee86a,Emergent_analogy_carefully_f01b47,0.9324849675999285,60296.2,60789.28,True,False
Emergent_contradiction_energy_1ee86a,Emergent_appears_asymmetry_2723fa,0.9324940929348049,60296.2,60852.69,True,False
Emergent_contradiction_energy_1ee86a,Emergent_bounded_coherence_e42f85,0.9324656070957367,60296.2,60935.95,True,False
Emergent_contradiction_energy_1ee86a,Emergent_appears_asymmetry_c0f5ef,0.9324416694158473,60296.2,60954.94,True,False
Emergent_contradiction_energy_1ee86a,Emergent_autonomy_collective_461851,0.9325686603901753,60296.2,61021.5,True,False
Emergent_contradiction_energy_1ee86a,Emergent_analogy_emerges_8a4649,0.9323381662788677,60296.2,61105.65,True,False
Emergent_contradiction_energy_1ee86a,Emergent_bounded_coherence_a2e9f5,0.9290657734726997,60296.2,61172.58,True,False
Emergent_contradiction_energy_1ee86a,Emergent_analogy_clarity_0b0b60,0.9318367283283786,60296.2,61194.54,True,False
Emergent_contradiction_energy_1ee86a,Emergent_clarity_complexity_e4a503,0.9317928714529673,60296.2,61194.88,True,False
Emergent_contradiction_energy_1ee86a,Emergent_bounded_clarity_02332c,0.933694117127271,60296.2,61240.36,True,False
Emergent_contradiction_energy_1ee86a,Emergent_constraint_emergence_2ad214,0.9241049460848438,60296.2,61285.52,True,False
Emergent_contradiction_energy_1ee86a,Emergent_complexity_constraint_d61373,0.9294940478272709,60296.2,61285.86,True,False
Emergent_contradiction_energy_1ee86a,Emergent_constraint_focused_4a6458,0.9259645778272709,60296.2,61308.79,True,False
Emergent_contradiction_energy_1ee86a,Emergent_complexity_constraint_0c13f0,0.9209224778272711,60296.2,61332.16,True,False
Emergent_contradiction_energy_1ee86a,Emergent_analogy_constraint_95c432,0.9209224778272711,60296.2,61332.5,True,False
Emergent_contradiction_energy_1ee86a,Emergent_bounded_clarity_fd8415,0.913719477827271,60296.2,61355.79,True,False
Emergent_contradiction_energy_1ee86a,Emergent_analogy_cascade_c597be,0.8390957741877547,60296.2,61399.15,True,False
Emergent_contradiction_energy_1ee86a,Emergent_boundary_bounded_497fce,0.9169511064551359,60296.2,61423.96,True,False
Emergent_contradiction_energy_1ee86a,Emergent_emerges_entropy_7a1b09,0.8154037976067741,60296.2,61448.24,True,False
Emergent_contradiction_energy_1ee86a,Emergent_constraint_emerges_88e4cd,0.8165876634423632,60296.2,61471.29,True,False
Emergent_identity_memory_6b5c68,Emergent_autonomy_boundary_1c8ce0,0.9330040172497942,60296.54,60311.24,True,False
Emergent_identity_memory_6b5c68,Emergent_autonomy_bounded_94d9e2,0.9330040881890216,60296.54,60327.92,True,False
Emergent_identity_memory_6b5c68,Emergent_autonomy_boundary_625a34,0.9330040881345998,60296.54,60328.26,True,False
Emergent_identity_memory_6b5c68,Emergent_appears_asymmetry_9e9e75,0.9330039167542015,60296.54,60344.53,True,False
Emergent_identity_memory_6b5c68,Emergent_analogy_appears_18b183,0.9330039167308437,60296.54,60344.87,True,False
Emergent_identity_memory_6b5c68,Emergent_appears_asymmetry_ecd8f7,0.9330041399320306,60296.54,60360.43,True,False
Emergent_identity_memory_6b5c68,Emergent_autonomy_carefully_dedeae,0.9330040082135254,60296.54,60396.98,True,False
Emergent_identity_memory_6b5c68,Emergent_analogy_autonomy_a3a02c,0.9330040045187735,60296.54,60397.32,True,False
Emergent_identity_memory_6b5c68,Emergent_autonomy_bounded_5ceb4c,0.9330043654007225,60296.54,60432.3,True,False
Emergent_identity_memory_6b5c68,Emergent_bounded_carefully_f79645,0.933004147493623,60296.54,60450.22,True,False
Emergent_identity_memory_6b5c68,Emergent_bounded_carefully_09c04f,0.9330041401047817,60296.54,60450.56,True,False
Emergent_identity_memory_6b5c68,Emergent_autonomy_clarity_dc06c1,0.9330042380955281,60296.54,60468.28,True,False
Emergent_identity_memory_6b5c68,Emergent_analogy_autonomy_fb4c5a,0.9330042380955281,60296.54,60468.62,True,False
Emergent_identity_memory_6b5c68,Emergent_feedback_identity_99a69b,0.933004006990868,60296.54,60486.89,True,False
Emergent_identity_memory_6b5c68,Emergent_experience_accumulation_identity_5ddcb0,0.9330040070701935,60296.54,60487.23,True,False
Emergent_identity_memory_6b5c68,Emergent_analogy_bounded_37007e,0.9330051313255023,60296.54,60559.12,True,False
Emergent_identity_memory_6b5c68,Emergent_bounded_contradiction_d8e7d7,0.9330051248453575,60296.54,60559.46,True,False
Emergent_identity_memory_6b5c68,Emergent_boundary_clarity_6b732b,0.9305122082177757,60296.54,60573.21,True,False
Emergent_identity_memory_6b5c68,Emergent_clarity_entropy_f29129,0.9330051945703086,60296.54,60573.55,True,False
Emergent_identity_memory_6b5c68,Emergent_carefully_coherence_0a055c,0.9330004545222879,60296.54,60592.86,True,False
Emergent_identity_memory_6b5c68,Emergent_bounded_chaos_6978e0,0.9329960699226296,60296.54,60610.06,True,False
Emergent_identity_memory_6b5c68,Emergent_boundary_bounded_32e02f,0.9329960466480294,60296.54,60610.4,True,False
Emergent_identity_memory_6b5c68,Emergent_carefully_coherence_7a9452,0.9330091207857762,60296.54,60631.48,True,False
Emergent_identity_memory_6b5c68,Emergent_carefully_coherence_c4d3bc,0.9330091207857762,60296.54,60631.82,True,False
Emergent_identity_memory_6b5c68,Emergent_carefully_coherence_6373e7,0.9330077408261666,60296.54,60653.64,True,False
Emergent_identity_memory_6b5c68,Emergent_autonomy_bounded_72bafc,0.933005112331672,60296.54,60677.34,True,False
Emergent_identity_memory_6b5c68,Emergent_bounded_coherence_5ce930,0.9330054408934838,60296.54,60699.23,True,False
Emergent_identity_memory_6b5c68,Emergent_carefully_clarity_0d7a6f,0.9329826985832059,60296.54,60788.94,True,False
Emergent_identity_memory_6b5c68,Emergent_analogy_carefully_f01b47,0.9329829935225316,60296.54,60789.28,True,False
Emergent_identity_memory_6b5c68,Emergent_appears_asymmetry_2723fa,0.9329919308943049,60296.54,60852.69,True,False
Emergent_identity_memory_6b5c68,Emergent_bounded_coherence_e42f85,0.9329634450552367,60296.54,60935.95,True,False
Emergent_identity_memory_6b5c68,Emergent_appears_asymmetry_c0f5ef,0.9329395073753475,60296.54,60954.94,True,False
Emergent_identity_memory_6b5c68,Emergent_autonomy_collective_461851,0.9330661188846565,60296.54,61021.5,True,False
Emergent_identity_memory_6b5c68,Emergent_analogy_emerges_8a4649,0.9328356247733489,60296.54,61105.65,True,False
Emergent_identity_memory_6b5c68,Emergent_bounded_coherence_a2e9f5,0.9295746734009929,60296.54,61172.58,True,False
Emergent_identity_memory_6b5c68,Emergent_analogy_clarity_0b0b60,0.9323281187712056,60296.54,61194.54,True,False
Emergent_identity_memory_6b5c68,Emergent_clarity_complexity_e4a503,0.9322841774450246,60296.54,61194.88,True,False
Emergent_identity_memory_6b5c68,Emergent_bounded_clarity_02332c,0.9341767290810417,60296.54,61240.36,True,False
Emergent_identity_memory_6b5c68,Emergent_constraint_emergence_2ad214,0.9241049460848438,60296.54,61285.52,True,False
Emergent_identity_memory_6b5c68,Emergent_complexity_constraint_d61373,0.9299766597810415,60296.54,61285.86,True,False
Emergent_identity_memory_6b5c68,Emergent_constraint_focused_4a6458,0.9264471897810416,60296.54,61308.79,True,False
Emergent_identity_memory_6b5c68,Emergent_complexity_constraint_0c13f0,0.9214050897810417,60296.54,61332.16,True,False
Emergent_identity_memory_6b5c68,Emergent_analogy_constraint_95c432,0.9214050897810417,60296.54,61332.5,True,False
Emergent_identity_memory_6b5c68,Emergent_bounded_clarity_fd8415,0.9142020897810417,60296.54,61355.79,True,False
Emergent_identity_memory_6b5c68,Emergent_analogy_cascade_c597be,0.8398507935465565,60296.54,61399.15,True,False
Emergent_identity_memory_6b5c68,Emergent_boundary_bounded_497fce,0.9172899177872686,60296.54,61423.96,True,False
Emergent_identity_memory_6b5c68,Emergent_emerges_entropy_7a1b09,0.8163962588124556,60296.54,61448.24,True,False
Emergent_identity_memory_6b5c68,Emergent_constraint_emerges_88e4cd,0.8175824042993007,60296.54,61471.29,True,False
Emergent_autonomy_boundary_1c8ce0,Emergent_autonomy_bounded_94d9e2,0.9346330638743823,60311.24,60327.92,True,False
Emergent_autonomy_boundary_1c8ce0,Emergent_autonomy_boundary_625a34,0.9346330638196185,60311.24,60328.26,True,False
Emergent_autonomy_boundary_1c8ce0,Emergent_appears_asymmetry_9e9e75,0.9346328990517581,60311.24,60344.53,True,False
Emergent_autonomy_boundary_1c8ce0,Emergent_analogy_appears_18b183,0.9346328990283506,60311.24,60344.87,True,False
Emergent_autonomy_boundary_1c8ce0,Emergent_appears_asymmetry_ecd8f7,0.9346331220022577,60311.24,60360.43,True,False
Emergent_autonomy_boundary_1c8ce0,Emergent_autonomy_carefully_dedeae,0.9346329919775933,60311.24,60396.98,True,False
Emergent_autonomy_boundary_1c8ce0,Emergent_analogy_autonomy_a3a02c,0.93463298825961,60311.24,60397.32,True,False
Emergent_autonomy_boundary_1c8ce0,Emergent_autonomy_bounded_5ceb4c,0.9346333444079074,60311.24,60432.3,True,False
Emergent_autonomy_boundary_1c8ce0,Emergent_bounded_carefully_f79645,0.9346331356348216,60311.24,60450.22,True,False
Emergent_autonomy_boundary_1c8ce0,Emergent_bounded_carefully_09c04f,0.9346331281995219,60311.24,60450.56,True,False
Emergent_autonomy_boundary_1c8ce0,Emergent_autonomy_clarity_dc06c1,0.9346332125150494,60311.24,60468.28,True,False
Emergent_autonomy_boundary_1c8ce0,Emergent_analogy_autonomy_fb4c5a,0.9346332125150494,60311.24,60468.62,True,False
Emergent_autonomy_boundary_1c8ce0,Emergent_feedback_identity_99a69b,0.9346329811482221,60311.24,60486.89,True,False
Emergent_autonomy_boundary_1c8ce0,Emergent_experience_accumulation_identity_5ddcb0,0.9346329812280467,60311.24,60487.23,True,False
Emergent_autonomy_boundary_1c8ce0,Emergent_analogy_bounded_37007e,0.9346341016879722,60311.24,60559.12,True,False
Emergent_autonomy_boundary_1c8ce0,Emergent_bounded_contradiction_d8e7d7,0.9346340951670824,60311.24,60559.46,True,False
Emergent_autonomy_boundary_1c8ce0,Emergent_boundary_clarity_6b732b,0.9305122082177757,60311.24,60573.21,True,False
Emergent_autonomy_boundary_1c8ce0,Emergent_clarity_entropy_f29129,0.9346341649832273,60311.24,60573.55,True,False
Emergent_autonomy_boundary_1c8ce0,Emergent_carefully_coherence_0a055c,0.934629457629913,60311.24,60592.86,True,False
Emergent_autonomy_boundary_1c8ce0,Emergent_bounded_chaos_6978e0,0.9346250482499803,60311.24,60610.06,True,False
Emergent_autonomy_boundary_1c8ce0,Emergent_boundary_bounded_32e02f,0.9346250249077663,60311.24,60610.4,True,False
Emergent_autonomy_boundary_1c8ce0,Emergent_carefully_coherence_7a9452,0.9346380569096266,60311.24,60631.48,True,False
Emergent_autonomy_boundary_1c8ce0,Emergent_carefully_coherence_c4d3bc,0.9346380569096266,60311.24,60631.82,True,False
Emergent_autonomy_boundary_1c8ce0,Emergent_carefully_coherence_6373e7,0.9346366769500172,60311.24,60653.64,True,False
Emergent_autonomy_boundary_1c8ce0,Emergent_autonomy_bounded_72bafc,0.9346340484555227,60311.24,60677.34,True,False
Emergent_autonomy_boundary_1c8ce0,Emergent_bounded_coherence_5ce930,0.9346343770173344,60311.24,60699.23,True,False
Emergent_autonomy_boundary_1c8ce0,Emergent_carefully_clarity_0d7a6f,0.9346120385819545,60311.24,60788.94,True,False
Emergent_autonomy_boundary_1c8ce0,Emergent_analogy_carefully_f01b47,0.9346123353757656,60311.24,60789.28,True,False
Emergent_autonomy_boundary_1c8ce0,Emergent_appears_asymmetry_2723fa,0.9346206578073588,60311.24,60852.69,True,False
Emergent_autonomy_boundary_1c8ce0,Emergent_bounded_coherence_e42f85,0.9345921719682906,60311.24,60935.95,True,False
Emergent_autonomy_boundary_1c8ce0,Emergent_appears_asymmetry_c0f5ef,0.9345682342884014,60311.24,60954.94,True,False
Emergent_autonomy_boundary_1c8ce0,Emergent_autonomy_collective_461851,0.9346936043397687,60311.24,61021.5,True,False
Emergent_autonomy_boundary_1c8ce0,Emergent_analogy_emerges_8a4649,0.9344631102284608,60311.24,61105.65,True,False
Emergent_autonomy_boundary_1c8ce0,Emergent_bounded_coherence_a2e9f5,0.9312395906565887,60311.24,61172.58,True,False
Emergent_autonomy_boundary_1c8ce0,Emergent_analogy_clarity_0b0b60,0.9339357519855425,60311.24,61194.54,True,False
Emergent_autonomy_boundary_1c8ce0,Emergent_clarity_complexity_e4a503,0.9338320854254414,60311.24,61194.88,True,False
Emergent_autonomy_boundary_1c8ce0,Emergent_bounded_clarity_02332c,0.9357556425862661,60311.24,61240.36,True,False
Emergent_autonomy_boundary_1c8ce0,Emergent_constraint_emergence_2ad214,0.9241049460848438,60311.24,61285.52,True,False
Emergent_autonomy_boundary_1c8ce0,Emergent_complexity_constraint_d61373,0.9315555732862659,60311.24,61285.86,True,False
Emergent_autonomy_boundary_1c8ce0,Emergent_constraint_focused_4a6458,0.9280261032862662,60311.24,61308.79,True,False
Emergent_autonomy_boundary_1c8ce0,Emergent_complexity_constraint_0c13f0,0.9229840032862662,60311.24,61332.16,True,False
Emergent_autonomy_boundary_1c8ce0,Emergent_analogy_constraint_95c432,0.9229840032862662,60311.24,61332.5,True,False
Emergent_autonomy_boundary_1c8ce0,Emergent_bounded_clarity_fd8415,0.9157810032862661,60311.24,61355.79,True,False
Emergent_autonomy_boundary_1c8ce0,Emergent_analogy_cascade_c597be,0.8423209152520055,60311.24,61399.15,True,False
Emergent_autonomy_boundary_1c8ce0,Emergent_boundary_bounded_497fce,0.9183983731080456,60311.24,61423.96,True,False
Emergent_autonomy_boundary_1c8ce0,Emergent_emerges_entropy_7a1b09,0.8196431953808916,60311.24,61448.24,True,False
Emergent_autonomy_boundary_1c8ce0,Emergent_constraint_emerges_88e4cd,0.8208367989759064,60311.24,61471.29,True,False
Emergent_autonomy_bounded_94d9e2,Emergent_autonomy_boundary_625a34,0.8990038198665595,60327.92,60328.26,True,False
Emergent_autonomy_bounded_94d9e2,Emergent_appears_asymmetry_9e9e75,0.8932283150113995,60327.92,60344.53,True,False
Emergent_autonomy_bounded_94d9e2,Emergent_analogy_appears_18b183,0.8922761407159088,60327.92,60344.87,True,False
Emergent_autonomy_bounded_94d9e2,Emergent_appears_asymmetry_ecd8f7,0.8956602791254589,60327.92,60360.43,True,False
Emergent_autonomy_bounded_94d9e2,Emergent_autonomy_carefully_dedeae,0.9143410515826451,60327.92,60396.98,True,False
Emergent_autonomy_bounded_94d9e2,Emergent_analogy_autonomy_a3a02c,0.9050989290028437,60327.92,60397.32,True,False
Emergent_autonomy_bounded_94d9e2,Emergent_autonomy_bounded_5ceb4c,0.9000175074145924,60327.92,60432.3,True,False
Emergent_autonomy_bounded_94d9e2,Emergent_bounded_carefully_f79645,0.8953216388548888,60327.92,60450.22,True,False
Emergent_autonomy_bounded_94d9e2,Emergent_bounded_carefully_09c04f,0.9455925599808743,60327.92,60450.56,True,False
Emergent_autonomy_bounded_94d9e2,Emergent_autonomy_clarity_dc06c1,0.9021000261283343,60327.92,60468.28,True,False
Emergent_autonomy_bounded_94d9e2,Emergent_analogy_autonomy_fb4c5a,0.9030272554234322,60327.92,60468.62,True,False
Emergent_autonomy_bounded_94d9e2,Emergent_feedback_identity_99a69b,0.8920611660922655,60327.92,60486.89,True,False
Emergent_autonomy_bounded_94d9e2,Emergent_experience_accumulation_identity_5ddcb0,0.8929444708609078,60327.92,60487.23,True,False
Emergent_autonomy_bounded_94d9e2,Emergent_analogy_bounded_37007e,0.9450193881272575,60327.92,60559.12,True,False
Emergent_autonomy_bounded_94d9e2,Emergent_bounded_contradiction_d8e7d7,0.9390901966112875,60327.92,60559.46,True,False
Emergent_autonomy_bounded_94d9e2,Emergent_boundary_clarity_6b732b,0.9305122082177757,60327.92,60573.21,True,False
Emergent_autonomy_bounded_94d9e2,Emergent_clarity_entropy_f29129,0.9386859001419334,60327.92,60573.55,True,False
Emergent_autonomy_bounded_94d9e2,Emergent_carefully_coherence_0a055c,0.9348308751080643,60327.92,60592.86,True,False
Emergent_autonomy_bounded_94d9e2,Emergent_bounded_chaos_6978e0,0.895191362727012,60327.92,60610.06,True,False
Emergent_autonomy_bounded_94d9e2,Emergent_boundary_bounded_32e02f,0.9451034934791727,60327.92,60610.4,True,False
Emergent_autonomy_bounded_94d9e2,Emergent_carefully_coherence_7a9452,0.9421944070880692,60327.92,60631.48,True,False
Emergent_autonomy_bounded_94d9e2,Emergent_carefully_coherence_c4d3bc,0.8911203903847214,60327.92,60631.82,True,False
Emergent_autonomy_bounded_94d9e2,Emergent_carefully_coherence_6373e7,0.8920801416112094,60327.92,60653.64,True,False
Emergent_autonomy_bounded_94d9e2,Emergent_autonomy_bounded_72bafc,0.9078702905223721,60327.92,60677.34,True,False
Emergent_autonomy_bounded_94d9e2,Emergent_bounded_coherence_5ce930,0.946125715536827,60327.92,60699.23,True,False
Emergent_autonomy_bounded_94d9e2,Emergent_carefully_clarity_0d7a6f,0.9436069491040497,60327.92,60788.94,True,False
Emergent_autonomy_bounded_94d9e2,Emergent_analogy_carefully_f01b47,0.8930823129082952,60327.92,60789.28,True,False
Emergent_autonomy_bounded_94d9e2,Emergent_appears_asymmetry_2723fa,0.9361552001267341,60327.92,60852.69,True,False
Emergent_autonomy_bounded_94d9e2,Emergent_bounded_coherence_e42f85,0.9015890394909629,60327.92,60935.95,True,False
Emergent_autonomy_bounded_94d9e2,Emergent_appears_asymmetry_c0f5ef,0.8980773338122803,60327.92,60954.94,True,False
Emergent_autonomy_bounded_94d9e2,Emergent_autonomy_collective_461851,0.8966838953614524,60327.92,61021.5,True,False
Emergent_autonomy_bounded_94d9e2,Emergent_analogy_emerges_8a4649,0.9039830251596572,60327.92,61105.65,True,False
Emergent_autonomy_bounded_94d9e2,Emergent_bounded_coherence_a2e9f5,0.9102444391132924,60327.92,61172.58,True,False
Emergent_autonomy_bounded_94d9e2,Emergent_analogy_clarity_0b0b60,0.9084219473984863,60327.92,61194.54,True,False
Emergent_autonomy_bounded_94d9e2,Emergent_clarity_complexity_e4a503,0.9338320854254414,60327.92,61194.88,True,False
Emergent_autonomy_bounded_94d9e2,Emergent_bounded_clarity_02332c,0.9445569923306589,60327.92,61240.36,True,False
Emergent_autonomy_bounded_94d9e2,Emergent_constraint_emergence_2ad214,0.9241049460848438,60327.92,61285.52,True,False
Emergent_autonomy_bounded_94d9e2,Emergent_complexity_constraint_d61373,0.903967014560112,60327.92,61285.86,True,False
Emergent_autonomy_bounded_94d9e2,Emergent_constraint_focused_4a6458,0.8986072129646001,60327.92,61308.79,True,False
Emergent_autonomy_bounded_94d9e2,Emergent_complexity_constraint_0c13f0,0.9010028686108604,60327.92,61332.16,True,False
Emergent_autonomy_bounded_94d9e2,Emergent_analogy_constraint_95c432,0.8883690455203934,60327.92,61332.5,True,False
Emergent_autonomy_bounded_94d9e2,Emergent_bounded_clarity_fd8415,0.8800975072254276,60327.92,61355.79,True,False
Emergent_autonomy_bounded_94d9e2,Emergent_analogy_cascade_c597be,0.8731029721261703,60327.92,61399.15,True,False
Emergent_autonomy_bounded_94d9e2,Emergent_boundary_bounded_497fce,0.9248396918859185,60327.92,61423.96,True,False
Emergent_autonomy_bounded_94d9e2,Emergent_emerges_entropy_7a1b09,0.84859668291139,60327.92,61448.24,True,False
Emergent_autonomy_bounded_94d9e2,Emergent_constraint_emerges_88e4cd,0.8376018047013638,60327.92,61471.29,True,False
Emergent_autonomy_boundary_625a34,Emergent_appears_asymmetry_9e9e75,0.8932283148764244,60328.26,60344.53,True,False
Emergent_autonomy_boundary_625a34,Emergent_analogy_appears_18b183,0.8922761405813808,60328.26,60344.87,True,False
Emergent_autonomy_boundary_625a34,Emergent_appears_asymmetry_ecd8f7,0.8956602791254589,60328.26,60360.43,True,False
Emergent_autonomy_boundary_625a34,Emergent_autonomy_carefully_dedeae,0.8990037950166481,60328.26,60396.98,True,False
Emergent_autonomy_boundary_625a34,Emergent_analogy_autonomy_a3a02c,0.8990037922123144,60328.26,60397.32,True,False
Emergent_autonomy_boundary_625a34,Emergent_autonomy_bounded_5ceb4c,0.899004000408365,60328.26,60432.3,True,False
Emergent_autonomy_boundary_625a34,Emergent_bounded_carefully_f79645,0.8953216388548888,60328.26,60450.22,True,False
Emergent_autonomy_boundary_625a34,Emergent_bounded_carefully_09c04f,0.9455925599808743,60328.26,60450.56,True,False
Emergent_autonomy_boundary_625a34,Emergent_autonomy_clarity_dc06c1,0.8990038682433894,60328.26,60468.28,True,False
Emergent_autonomy_boundary_625a34,Emergent_analogy_autonomy_fb4c5a,0.8990038682433894,60328.26,60468.62,True,False
Emergent_autonomy_boundary_625a34,Emergent_feedback_identity_99a69b,0.8920611660922655,60328.26,60486.89,True,False
Emergent_autonomy_boundary_625a34,Emergent_experience_accumulation_identity_5ddcb0,0.8929444708609078,60328.26,60487.23,True,False
Emergent_autonomy_boundary_625a34,Emergent_analogy_bounded_37007e,0.9450193881272575,60328.26,60559.12,True,False
Emergent_autonomy_boundary_625a34,Emergent_bounded_contradiction_d8e7d7,0.9390901966112875,60328.26,60559.46,True,False
Emergent_autonomy_boundary_625a34,Emergent_boundary_clarity_6b732b,0.9305122082177757,60328.26,60573.21,True,False
Emergent_autonomy_boundary_625a34,Emergent_clarity_entropy_f29129,0.9386859001419334,60328.26,60573.55,True,False
Emergent_autonomy_boundary_625a34,Emergent_carefully_coherence_0a055c,0.9348308751080643,60328.26,60592.86,True,False
Emergent_autonomy_boundary_625a34,Emergent_bounded_chaos_6978e0,0.895191362727012,60328.26,60610.06,True,False
Emergent_autonomy_boundary_625a34,Emergent_boundary_bounded_32e02f,0.9451034934791727,60328.26,60610.4,True,False
Emergent_autonomy_boundary_625a34,Emergent_carefully_coherence_7a9452,0.9421944070880692,60328.26,60631.48,True,False
Emergent_autonomy_boundary_625a34,Emergent_carefully_coherence_c4d3bc,0.8911203903847214,60328.26,60631.82,True,False
Emergent_autonomy_boundary_625a34,Emergent_carefully_coherence_6373e7,0.8920801416112094,60328.26,60653.64,True,False
Emergent_autonomy_boundary_625a34,Emergent_autonomy_bounded_72bafc,0.8990041208362349,60328.26,60677.34,True,False
Emergent_autonomy_boundary_625a34,Emergent_bounded_coherence_5ce930,0.946125715536827,60328.26,60699.23,True,False
Emergent_autonomy_boundary_625a34,Emergent_carefully_clarity_0d7a6f,0.9436069491040497,60328.26,60788.94,True,False
Emergent_autonomy_boundary_625a34,Emergent_analogy_carefully_f01b47,0.8930823129082952,60328.26,60789.28,True,False
Emergent_autonomy_boundary_625a34,Emergent_appears_asymmetry_2723fa,0.9361552001267341,60328.26,60852.69,True,False
Emergent_autonomy_boundary_625a34,Emergent_bounded_coherence_e42f85,0.8989729904764843,60328.26,60935.95,True,False
Emergent_autonomy_boundary_625a34,Emergent_appears_asymmetry_c0f5ef,0.8980773338122803,60328.26,60954.94,True,False
Emergent_autonomy_boundary_625a34,Emergent_autonomy_collective_461851,0.8966838953614524,60328.26,61021.5,True,False
Emergent_autonomy_boundary_625a34,Emergent_analogy_emerges_8a4649,0.8988718662471704,60328.26,61105.65,True,False
Emergent_autonomy_boundary_625a34,Emergent_bounded_coherence_a2e9f5,0.8969404660510993,60328.26,61172.58,True,False
Emergent_autonomy_boundary_625a34,Emergent_analogy_clarity_0b0b60,0.8983303155692952,60328.26,61194.54,True,False
Emergent_autonomy_boundary_625a34,Emergent_clarity_complexity_e4a503,0.9338320854254414,60328.26,61194.88,True,False
Emergent_autonomy_boundary_625a34,Emergent_bounded_clarity_02332c,0.9445569923306589,60328.26,61240.36,True,False
Emergent_autonomy_boundary_625a34,Emergent_constraint_emergence_2ad214,0.9241049460848438,60328.26,61285.52,True,False
Emergent_autonomy_boundary_625a34,Emergent_complexity_constraint_d61373,0.8964147841150492,60328.26,61285.86,True,False
Emergent_autonomy_boundary_625a34,Emergent_constraint_focused_4a6458,0.8939441551150493,60328.26,61308.79,True,False
Emergent_autonomy_boundary_625a34,Emergent_complexity_constraint_0c13f0,0.8904146851150492,60328.26,61332.16,True,False
Emergent_autonomy_boundary_625a34,Emergent_analogy_constraint_95c432,0.8883690455203934,60328.26,61332.5,True,False
Emergent_autonomy_boundary_625a34,Emergent_bounded_clarity_fd8415,0.8800975072254276,60328.26,61355.79,True,False
Emergent_autonomy_boundary_625a34,Emergent_analogy_cascade_c597be,0.872965081331307,60328.26,61399.15,True,False
Emergent_autonomy_boundary_625a34,Emergent_boundary_bounded_497fce,0.9248396918859185,60328.26,61423.96,True,False
Emergent_autonomy_boundary_625a34,Emergent_emerges_entropy_7a1b09,0.84859668291139,60328.26,61448.24,True,False
Emergent_autonomy_boundary_625a34,Emergent_constraint_emerges_88e4cd,0.8376018047013638,60328.26,61471.29,True,False
Emergent_appears_asymmetry_9e9e75,Emergent_analogy_appears_18b183,0.8922761266419379,60344.53,60344.87,True,False
Emergent_appears_asymmetry_9e9e75,Emergent_appears_asymmetry_ecd8f7,0.8932284503967445,60344.53,60360.43,True,False
Emergent_appears_asymmetry_9e9e75,Emergent_autonomy_carefully_dedeae,0.8932283919299899,60344.53,60396.98,True,False
Emergent_appears_asymmetry_9e9e75,Emergent_analogy_autonomy_a3a02c,0.8932283891809043,60344.53,60397.32,True,False
Emergent_appears_asymmetry_9e9e75,Emergent_autonomy_bounded_5ceb4c,0.8932286086343235,60344.53,60432.3,True,False
Emergent_appears_asymmetry_9e9e75,Emergent_bounded_carefully_f79645,0.8932285200922208,60344.53,60450.22,True,False
Emergent_appears_asymmetry_9e9e75,Emergent_bounded_carefully_09c04f,0.9455925599808743,60344.53,60450.56,True,False
Emergent_appears_asymmetry_9e9e75,Emergent_autonomy_clarity_dc06c1,0.8932284873795338,60344.53,60468.28,True,False
Emergent_appears_asymmetry_9e9e75,Emergent_analogy_autonomy_fb4c5a,0.8932284873795338,60344.53,60468.62,True,False
Emergent_appears_asymmetry_9e9e75,Emergent_feedback_identity_99a69b,0.8920611660922655,60344.53,60486.89,True,False
Emergent_appears_asymmetry_9e9e75,Emergent_experience_accumulation_identity_5ddcb0,0.8929444708609078,60344.53,60487.23,True,False
Emergent_appears_asymmetry_9e9e75,Emergent_analogy_bounded_37007e,0.9450193881272575,60344.53,60559.12,True,False
Emergent_appears_asymmetry_9e9e75,Emergent_bounded_contradiction_d8e7d7,0.9390901966112875,60344.53,60559.46,True,False
Emergent_appears_asymmetry_9e9e75,Emergent_boundary_clarity_6b732b,0.9305122082177757,60344.53,60573.21,True,False
Emergent_appears_asymmetry_9e9e75,Emergent_clarity_entropy_f29129,0.9386859001419334,60344.53,60573.55,True,False
Emergent_appears_asymmetry_9e9e75,Emergent_carefully_coherence_0a055c,0.9348308751080643,60344.53,60592.86,True,False
Emergent_appears_asymmetry_9e9e75,Emergent_bounded_chaos_6978e0,0.893222797036743,60344.53,60610.06,True,False
Emergent_appears_asymmetry_9e9e75,Emergent_boundary_bounded_32e02f,0.9451034934791727,60344.53,60610.4,True,False
Emergent_appears_asymmetry_9e9e75,Emergent_carefully_coherence_7a9452,0.9421944070880692,60344.53,60631.48,True,False
Emergent_appears_asymmetry_9e9e75,Emergent_carefully_coherence_c4d3bc,0.8911203903847214,60344.53,60631.82,True,False
Emergent_appears_asymmetry_9e9e75,Emergent_carefully_coherence_6373e7,0.8920801416112094,60344.53,60653.64,True,False
Emergent_appears_asymmetry_9e9e75,Emergent_autonomy_bounded_72bafc,0.893228831045511,60344.53,60677.34,True,False
Emergent_appears_asymmetry_9e9e75,Emergent_bounded_coherence_5ce930,0.946125715536827,60344.53,60699.23,True,False
Emergent_appears_asymmetry_9e9e75,Emergent_carefully_clarity_0d7a6f,0.9436069491040497,60344.53,60788.94,True,False
Emergent_appears_asymmetry_9e9e75,Emergent_analogy_carefully_f01b47,0.8930823129082952,60344.53,60789.28,True,False
Emergent_appears_asymmetry_9e9e75,Emergent_appears_asymmetry_2723fa,0.9361552001267341,60344.53,60852.69,True,False
Emergent_appears_asymmetry_9e9e75,Emergent_bounded_coherence_e42f85,0.8931981982219594,60344.53,60935.95,True,False
Emergent_appears_asymmetry_9e9e75,Emergent_appears_asymmetry_c0f5ef,0.8931814418460369,60344.53,60954.94,True,False
Emergent_appears_asymmetry_9e9e75,Emergent_autonomy_collective_461851,0.8932613722529237,60344.53,61021.5,True,False
Emergent_appears_asymmetry_9e9e75,Emergent_analogy_emerges_8a4649,0.8931000263750084,60344.53,61105.65,True,False
Emergent_appears_asymmetry_9e9e75,Emergent_bounded_coherence_a2e9f5,0.8910796074664848,60344.53,61172.58,True,False
Emergent_appears_asymmetry_9e9e75,Emergent_analogy_clarity_0b0b60,0.8926056874499815,60344.53,61194.54,True,False
Emergent_appears_asymmetry_9e9e75,Emergent_clarity_complexity_e4a503,0.9338320854254414,60344.53,61194.88,True,False
Emergent_appears_asymmetry_9e9e75,Emergent_bounded_clarity_02332c,0.9445569923306589,60344.53,61240.36,True,False
Emergent_appears_asymmetry_9e9e75,Emergent_constraint_emergence_2ad214,0.9241049460848438,60344.53,61285.52,True,False
Emergent_appears_asymmetry_9e9e75,Emergent_complexity_constraint_d61373,0.8907584559838244,60344.53,61285.86,True,False
Emergent_appears_asymmetry_9e9e75,Emergent_constraint_focused_4a6458,0.8882878269838244,60344.53,61308.79,True,False
Emergent_appears_asymmetry_9e9e75,Emergent_complexity_constraint_0c13f0,0.8847583569838244,60344.53,61332.16,True,False
Emergent_appears_asymmetry_9e9e75,Emergent_analogy_constraint_95c432,0.8847583569838244,60344.53,61332.5,True,False
Emergent_appears_asymmetry_9e9e75,Emergent_bounded_clarity_fd8415,0.878632181221429,60344.53,61355.79,True,False
Emergent_appears_asymmetry_9e9e75,Emergent_analogy_cascade_c597be,0.8645731696802619,60344.53,61399.15,True,False
Emergent_appears_asymmetry_9e9e75,Emergent_boundary_bounded_497fce,0.9248396918859185,60344.53,61423.96,True,False
Emergent_appears_asymmetry_9e9e75,Emergent_emerges_entropy_7a1b09,0.84859668291139,60344.53,61448.24,True,False
Emergent_appears_asymmetry_9e9e75,Emergent_constraint_emerges_88e4cd,0.8376018047013638,60344.53,61471.29,True,False
Emergent_analogy_appears_18b183,Emergent_appears_asymmetry_ecd8f7,0.8922762762027605,60344.87,60360.43,True,False
Emergent_analogy_appears_18b183,Emergent_autonomy_carefully_dedeae,0.8922762171079603,60344.87,60396.98,True,False
Emergent_analogy_appears_18b183,Emergent_analogy_autonomy_a3a02c,0.8922762143679832,60344.87,60397.32,True,False
Emergent_analogy_appears_18b183,Emergent_autonomy_bounded_5ceb4c,0.8922764356773736,60344.87,60432.3,True,False
Emergent_analogy_appears_18b183,Emergent_bounded_carefully_f79645,0.8922763435540044,60344.87,60450.22,True,False
Emergent_analogy_appears_18b183,Emergent_bounded_carefully_09c04f,0.9455925599808743,60344.87,60450.56,True,False
Emergent_analogy_appears_18b183,Emergent_autonomy_clarity_dc06c1,0.8922763162213163,60344.87,60468.28,True,False
Emergent_analogy_appears_18b183,Emergent_analogy_autonomy_fb4c5a,0.8922763162213163,60344.87,60468.62,True,False
Emergent_analogy_appears_18b183,Emergent_feedback_identity_99a69b,0.8920611660922655,60344.87,60486.89,True,False
Emergent_analogy_appears_18b183,Emergent_experience_accumulation_identity_5ddcb0,0.8922761527729306,60344.87,60487.23,True,False
Emergent_analogy_appears_18b183,Emergent_analogy_bounded_37007e,0.9450193881272575,60344.87,60559.12,True,False
Emergent_analogy_appears_18b183,Emergent_bounded_contradiction_d8e7d7,0.9390901966112875,60344.87,60559.46,True,False
Emergent_analogy_appears_18b183,Emergent_boundary_clarity_6b732b,0.9305122082177757,60344.87,60573.21,True,False
Emergent_analogy_appears_18b183,Emergent_clarity_entropy_f29129,0.9386859001419334,60344.87,60573.55,True,False
Emergent_analogy_appears_18b183,Emergent_carefully_coherence_0a055c,0.9348308751080643,60344.87,60592.86,True,False
Emergent_analogy_appears_18b183,Emergent_bounded_chaos_6978e0,0.892270624346343,60344.87,60610.06,True,False
Emergent_analogy_appears_18b183,Emergent_boundary_bounded_32e02f,0.9451034934791727,60344.87,60610.4,True,False
Emergent_analogy_appears_18b183,Emergent_carefully_coherence_7a9452,0.9421944070880692,60344.87,60631.48,True,False
Emergent_analogy_appears_18b183,Emergent_carefully_coherence_c4d3bc,0.8911203903847214,60344.87,60631.82,True,False
Emergent_analogy_appears_18b183,Emergent_carefully_coherence_6373e7,0.8920801416112094,60344.87,60653.64,True,False
Emergent_analogy_appears_18b183,Emergent_autonomy_bounded_72bafc,0.8922766749022704,60344.87,60677.34,True,False
Emergent_analogy_appears_18b183,Emergent_bounded_coherence_5ce930,0.946125715536827,60344.87,60699.23,True,False
Emergent_analogy_appears_18b183,Emergent_carefully_clarity_0d7a6f,0.9436069491040497,60344.87,60788.94,True,False
Emergent_analogy_appears_18b183,Emergent_analogy_carefully_f01b47,0.8922638751959084,60344.87,60789.28,True,False
Emergent_analogy_appears_18b183,Emergent_appears_asymmetry_2723fa,0.9361552001267341,60344.87,60852.69,True,False
Emergent_analogy_appears_18b183,Emergent_bounded_coherence_e42f85,0.8922461241061437,60344.87,60935.95,True,False
Emergent_analogy_appears_18b183,Emergent_appears_asymmetry_c0f5ef,0.8922293677302211,60344.87,60954.94,True,False
Emergent_analogy_appears_18b183,Emergent_autonomy_collective_461851,0.8923097848882675,60344.87,61021.5,True,False
Emergent_analogy_appears_18b183,Emergent_analogy_emerges_8a4649,0.8921484390103522,60344.87,61105.65,True,False
Emergent_analogy_appears_18b183,Emergent_bounded_coherence_a2e9f5,0.8901133438315469,60344.87,61172.58,True,False
Emergent_analogy_appears_18b183,Emergent_analogy_clarity_0b0b60,0.8916618837571646,60344.87,61194.54,True,False
Emergent_analogy_appears_18b183,Emergent_clarity_complexity_e4a503,0.9338320854254414,60344.87,61194.88,True,False
Emergent_analogy_appears_18b183,Emergent_bounded_clarity_02332c,0.9445569923306589,60344.87,61240.36,True,False
Emergent_analogy_appears_18b183,Emergent_constraint_emergence_2ad214,0.9241049460848438,60344.87,61285.52,True,False
Emergent_analogy_appears_18b183,Emergent_complexity_constraint_d61373,0.889825912722189,60344.87,61285.86,True,False
Emergent_analogy_appears_18b183,Emergent_constraint_focused_4a6458,0.8873552837221892,60344.87,61308.79,True,False
Emergent_analogy_appears_18b183,Emergent_complexity_constraint_0c13f0,0.8838258137221893,60344.87,61332.16,True,False
Emergent_analogy_appears_18b183,Emergent_analogy_constraint_95c432,0.8838258137221893,60344.87,61332.5,True,False
Emergent_analogy_appears_18b183,Emergent_bounded_clarity_fd8415,0.8777032298441378,60344.87,61355.79,True,False
Emergent_analogy_appears_18b183,Emergent_analogy_cascade_c597be,0.863189618287757,60344.87,61399.15,True,False
Emergent_analogy_appears_18b183,Emergent_boundary_bounded_497fce,0.9248396918859185,60344.87,61423.96,True,False
Emergent_analogy_appears_18b183,Emergent_emerges_entropy_7a1b09,0.8470747809878403,60344.87,61448.24,True,False
Emergent_analogy_appears_18b183,Emergent_constraint_emerges_88e4cd,0.8376018047013638,60344.87,61471.29,True,False
Emergent_appears_asymmetry_ecd8f7,Emergent_autonomy_carefully_dedeae,0.8956602004856824,60360.43,60396.98,True,False
Emergent_appears_asymmetry_ecd8f7,Emergent_analogy_autonomy_a3a02c,0.8956601977133338,60360.43,60397.32,True,False
Emergent_appears_asymmetry_ecd8f7,Emergent_autonomy_bounded_5ceb4c,0.8956604124266914,60360.43,60432.3,True,False
Emergent_appears_asymmetry_ecd8f7,Emergent_bounded_carefully_f79645,0.8953216388548888,60360.43,60450.22,True,False
Emergent_appears_asymmetry_ecd8f7,Emergent_bounded_carefully_09c04f,0.9455925599808743,60360.43,60450.56,True,False
Emergent_appears_asymmetry_ecd8f7,Emergent_autonomy_clarity_dc06c1,0.8956602865780261,60360.43,60468.28,True,False
Emergent_appears_asymmetry_ecd8f7,Emergent_analogy_autonomy_fb4c5a,0.8956602865780261,60360.43,60468.62,True,False
Emergent_appears_asymmetry_ecd8f7,Emergent_feedback_identity_99a69b,0.8920611660922655,60360.43,60486.89,True,False
Emergent_appears_asymmetry_ecd8f7,Emergent_experience_accumulation_identity_5ddcb0,0.8929444708609078,60360.43,60487.23,True,False
Emergent_appears_asymmetry_ecd8f7,Emergent_analogy_bounded_37007e,0.9450193881272575,60360.43,60559.12,True,False
Emergent_appears_asymmetry_ecd8f7,Emergent_bounded_contradiction_d8e7d7,0.9390901966112875,60360.43,60559.46,True,False
Emergent_appears_asymmetry_ecd8f7,Emergent_boundary_clarity_6b732b,0.9305122082177757,60360.43,60573.21,True,False
Emergent_appears_asymmetry_ecd8f7,Emergent_clarity_entropy_f29129,0.9386859001419334,60360.43,60573.55,True,False
Emergent_appears_asymmetry_ecd8f7,Emergent_carefully_coherence_0a055c,0.9348308751080643,60360.43,60592.86,True,False
Emergent_appears_asymmetry_ecd8f7,Emergent_bounded_chaos_6978e0,0.895191362727012,60360.43,60610.06,True,False
Emergent_appears_asymmetry_ecd8f7,Emergent_boundary_bounded_32e02f,0.9451034934791727,60360.43,60610.4,True,False
Emergent_appears_asymmetry_ecd8f7,Emergent_carefully_coherence_7a9452,0.9421944070880692,60360.43,60631.48,True,False
Emergent_appears_asymmetry_ecd8f7,Emergent_carefully_coherence_c4d3bc,0.8911203903847214,60360.43,60631.82,True,False
Emergent_appears_asymmetry_ecd8f7,Emergent_carefully_coherence_6373e7,0.8920801416112094,60360.43,60653.64,True,False
Emergent_appears_asymmetry_ecd8f7,Emergent_autonomy_bounded_72bafc,0.8956605918964775,60360.43,60677.34,True,False
Emergent_appears_asymmetry_ecd8f7,Emergent_bounded_coherence_5ce930,0.946125715536827,60360.43,60699.23,True,False
Emergent_appears_asymmetry_ecd8f7,Emergent_carefully_clarity_0d7a6f,0.9436069491040497,60360.43,60788.94,True,False
Emergent_appears_asymmetry_ecd8f7,Emergent_analogy_carefully_f01b47,0.8930823129082952,60360.43,60789.28,True,False
Emergent_appears_asymmetry_ecd8f7,Emergent_appears_asymmetry_2723fa,0.9361552001267341,60360.43,60852.69,True,False
Emergent_appears_asymmetry_ecd8f7,Emergent_bounded_coherence_e42f85,0.8956297495788408,60360.43,60935.95,True,False
Emergent_appears_asymmetry_ecd8f7,Emergent_appears_asymmetry_c0f5ef,0.8956129932029182,60360.43,60954.94,True,False
Emergent_appears_asymmetry_ecd8f7,Emergent_autonomy_collective_461851,0.895691680470827,60360.43,61021.5,True,False
Emergent_appears_asymmetry_ecd8f7,Emergent_analogy_emerges_8a4649,0.8955303345929115,60360.43,61105.65,True,False
Emergent_appears_asymmetry_ecd8f7,Emergent_bounded_coherence_a2e9f5,0.8935473981705992,60360.43,61172.58,True,False
Emergent_appears_asymmetry_ecd8f7,Emergent_analogy_clarity_0b0b60,0.8950161165455477,60360.43,61194.54,True,False
Emergent_appears_asymmetry_ecd8f7,Emergent_clarity_complexity_e4a503,0.9338320854254414,60360.43,61194.88,True,False
Emergent_appears_asymmetry_ecd8f7,Emergent_bounded_clarity_02332c,0.9445569923306589,60360.43,61240.36,True,False
Emergent_appears_asymmetry_ecd8f7,Emergent_constraint_emergence_2ad214,0.9241049460848438,60360.43,61285.52,True,False
Emergent_appears_asymmetry_ecd8f7,Emergent_complexity_constraint_d61373,0.8931401264814371,60360.43,61285.86,True,False
Emergent_appears_asymmetry_ecd8f7,Emergent_constraint_focused_4a6458,0.8906694974814373,60360.43,61308.79,True,False
Emergent_appears_asymmetry_ecd8f7,Emergent_complexity_constraint_0c13f0,0.8871400274814372,60360.43,61332.16,True,False
Emergent_appears_asymmetry_ecd8f7,Emergent_analogy_constraint_95c432,0.8871400274814372,60360.43,61332.5,True,False
Emergent_appears_asymmetry_ecd8f7,Emergent_bounded_clarity_fd8415,0.8800975072254276,60360.43,61355.79,True,False
Emergent_appears_asymmetry_ecd8f7,Emergent_analogy_cascade_c597be,0.8681066931842352,60360.43,61399.15,True,False
Emergent_appears_asymmetry_ecd8f7,Emergent_boundary_bounded_497fce,0.9248396918859185,60360.43,61423.96,True,False
Emergent_appears_asymmetry_ecd8f7,Emergent_emerges_entropy_7a1b09,0.84859668291139,60360.43,61448.24,True,False
Emergent_appears_asymmetry_ecd8f7,Emergent_constraint_emerges_88e4cd,0.8376018047013638,60360.43,61471.29,True,False
Emergent_autonomy_carefully_dedeae,Emergent_analogy_autonomy_a3a02c,0.9050988605378052,60396.98,60397.32,True,False
Emergent_autonomy_carefully_dedeae,Emergent_autonomy_bounded_5ceb4c,0.9000175074145924,60396.98,60432.3,True,False
Emergent_autonomy_carefully_dedeae,Emergent_bounded_carefully_f79645,0.8953216388548888,60396.98,60450.22,True,False
Emergent_autonomy_carefully_dedeae,Emergent_bounded_carefully_09c04f,0.9455925599808743,60396.98,60450.56,True,False
Emergent_autonomy_carefully_dedeae,Emergent_autonomy_clarity_dc06c1,0.9021000261283343,60396.98,60468.28,True,False
Emergent_autonomy_carefully_dedeae,Emergent_analogy_autonomy_fb4c5a,0.9030272554234322,60396.98,60468.62,True,False
Emergent_autonomy_carefully_dedeae,Emergent_feedback_identity_99a69b,0.8920611660922655,60396.98,60486.89,True,False
Emergent_autonomy_carefully_dedeae,Emergent_experience_accumulation_identity_5ddcb0,0.8929444708609078,60396.98,60487.23,True,False
Emergent_autonomy_carefully_dedeae,Emergent_analogy_bounded_37007e,0.9450193881272575,60396.98,60559.12,True,False
Emergent_autonomy_carefully_dedeae,Emergent_bounded_contradiction_d8e7d7,0.9390901966112875,60396.98,60559.46,True,False
Emergent_autonomy_carefully_dedeae,Emergent_boundary_clarity_6b732b,0.9305122082177757,60396.98,60573.21,True,False
Emergent_autonomy_carefully_dedeae,Emergent_clarity_entropy_f29129,0.9386859001419334,60396.98,60573.55,True,False
Emergent_autonomy_carefully_dedeae,Emergent_carefully_coherence_0a055c,0.9348308751080643,60396.98,60592.86,True,False
Emergent_autonomy_carefully_dedeae,Emergent_bounded_chaos_6978e0,0.895191362727012,60396.98,60610.06,True,False
Emergent_autonomy_carefully_dedeae,Emergent_boundary_bounded_32e02f,0.9451034934791727,60396.98,60610.4,True,False
Emergent_autonomy_carefully_dedeae,Emergent_carefully_coherence_7a9452,0.9421944070880692,60396.98,60631.48,True,False
Emergent_autonomy_carefully_dedeae,Emergent_carefully_coherence_c4d3bc,0.8911203903847214,60396.98,60631.82,True,False
Emergent_autonomy_carefully_dedeae,Emergent_carefully_coherence_6373e7,0.8920801416112094,60396.98,60653.64,True,False
Emergent_autonomy_carefully_dedeae,Emergent_autonomy_bounded_72bafc,0.9078702905223721,60396.98,60677.34,True,False
Emergent_autonomy_carefully_dedeae,Emergent_bounded_coherence_5ce930,0.946125715536827,60396.98,60699.23,True,False
Emergent_autonomy_carefully_dedeae,Emergent_carefully_clarity_0d7a6f,0.9436069491040497,60396.98,60788.94,True,False
Emergent_autonomy_carefully_dedeae,Emergent_analogy_carefully_f01b47,0.8930823129082952,60396.98,60789.28,True,False
Emergent_autonomy_carefully_dedeae,Emergent_appears_asymmetry_2723fa,0.9361552001267341,60396.98,60852.69,True,False
Emergent_autonomy_carefully_dedeae,Emergent_bounded_coherence_e42f85,0.9015890394909629,60396.98,60935.95,True,False
Emergent_autonomy_carefully_dedeae,Emergent_appears_asymmetry_c0f5ef,0.8980773338122803,60396.98,60954.94,True,False
Emergent_autonomy_carefully_dedeae,Emergent_autonomy_collective_461851,0.8966838953614524,60396.98,61021.5,True,False
Emergent_autonomy_carefully_dedeae,Emergent_analogy_emerges_8a4649,0.9039830251596572,60396.98,61105.65,True,False
Emergent_autonomy_carefully_dedeae,Emergent_bounded_coherence_a2e9f5,0.9102444391132924,60396.98,61172.58,True,False
Emergent_autonomy_carefully_dedeae,Emergent_analogy_clarity_0b0b60,0.9084219473984863,60396.98,61194.54,True,False
Emergent_autonomy_carefully_dedeae,Emergent_clarity_complexity_e4a503,0.9338320854254414,60396.98,61194.88,True,False
Emergent_autonomy_carefully_dedeae,Emergent_bounded_clarity_02332c,0.9445569923306589,60396.98,61240.36,True,False
Emergent_autonomy_carefully_dedeae,Emergent_constraint_emergence_2ad214,0.9241049460848438,60396.98,61285.52,True,False
Emergent_autonomy_carefully_dedeae,Emergent_complexity_constraint_d61373,0.903967014560112,60396.98,61285.86,True,False
Emergent_autonomy_carefully_dedeae,Emergent_constraint_focused_4a6458,0.8986072129646001,60396.98,61308.79,True,False
Emergent_autonomy_carefully_dedeae,Emergent_complexity_constraint_0c13f0,0.9010028686108604,60396.98,61332.16,True,False
Emergent_autonomy_carefully_dedeae,Emergent_analogy_constraint_95c432,0.8883690455203934,60396.98,61332.5,True,False
Emergent_autonomy_carefully_dedeae,Emergent_bounded_clarity_fd8415,0.8800975072254276,60396.98,61355.79,True,False
Emergent_autonomy_carefully_dedeae,Emergent_analogy_cascade_c597be,0.8731029721261703,60396.98,61399.15,True,False
Emergent_autonomy_carefully_dedeae,Emergent_boundary_bounded_497fce,0.9248396918859185,60396.98,61423.96,True,False
Emergent_autonomy_carefully_dedeae,Emergent_emerges_entropy_7a1b09,0.84859668291139,60396.98,61448.24,True,False
Emergent_autonomy_carefully_dedeae,Emergent_constraint_emerges_88e4cd,0.8376018047013638,60396.98,61471.29,True,False
Emergent_analogy_autonomy_a3a02c,Emergent_autonomy_bounded_5ceb4c,0.9000175074145924,60397.32,60432.3,True,False
Emergent_analogy_autonomy_a3a02c,Emergent_bounded_carefully_f79645,0.8953216388548888,60397.32,60450.22,True,False
Emergent_analogy_autonomy_a3a02c,Emergent_bounded_carefully_09c04f,0.9455925599808743,60397.32,60450.56,True,False
Emergent_analogy_autonomy_a3a02c,Emergent_autonomy_clarity_dc06c1,0.9021000261283343,60397.32,60468.28,True,False
Emergent_analogy_autonomy_a3a02c,Emergent_analogy_autonomy_fb4c5a,0.9030272554234322,60397.32,60468.62,True,False
Emergent_analogy_autonomy_a3a02c,Emergent_feedback_identity_99a69b,0.8920611660922655,60397.32,60486.89,True,False
Emergent_analogy_autonomy_a3a02c,Emergent_experience_accumulation_identity_5ddcb0,0.8929444708609078,60397.32,60487.23,True,False
Emergent_analogy_autonomy_a3a02c,Emergent_analogy_bounded_37007e,0.9450193881272575,60397.32,60559.12,True,False
Emergent_analogy_autonomy_a3a02c,Emergent_bounded_contradiction_d8e7d7,0.9390901966112875,60397.32,60559.46,True,False
Emergent_analogy_autonomy_a3a02c,Emergent_boundary_clarity_6b732b,0.9305122082177757,60397.32,60573.21,True,False
Emergent_analogy_autonomy_a3a02c,Emergent_clarity_entropy_f29129,0.9386859001419334,60397.32,60573.55,True,False
Emergent_analogy_autonomy_a3a02c,Emergent_carefully_coherence_0a055c,0.9348308751080643,60397.32,60592.86,True,False
Emergent_analogy_autonomy_a3a02c,Emergent_bounded_chaos_6978e0,0.895191362727012,60397.32,60610.06,True,False
Emergent_analogy_autonomy_a3a02c,Emergent_boundary_bounded_32e02f,0.9451034934791727,60397.32,60610.4,True,False
Emergent_analogy_autonomy_a3a02c,Emergent_carefully_coherence_7a9452,0.9421944070880692,60397.32,60631.48,True,False
Emergent_analogy_autonomy_a3a02c,Emergent_carefully_coherence_c4d3bc,0.8911203903847214,60397.32,60631.82,True,False
Emergent_analogy_autonomy_a3a02c,Emergent_carefully_coherence_6373e7,0.8920801416112094,60397.32,60653.64,True,False
Emergent_analogy_autonomy_a3a02c,Emergent_autonomy_bounded_72bafc,0.9050991465576688,60397.32,60677.34,True,False
Emergent_analogy_autonomy_a3a02c,Emergent_bounded_coherence_5ce930,0.946125715536827,60397.32,60699.23,True,False
Emergent_analogy_autonomy_a3a02c,Emergent_carefully_clarity_0d7a6f,0.9436069491040497,60397.32,60788.94,True,False
Emergent_analogy_autonomy_a3a02c,Emergent_analogy_carefully_f01b47,0.8930823129082952,60397.32,60789.28,True,False
Emergent_analogy_autonomy_a3a02c,Emergent_appears_asymmetry_2723fa,0.9361552001267341,60397.32,60852.69,True,False
Emergent_analogy_autonomy_a3a02c,Emergent_bounded_coherence_e42f85,0.9015890394909629,60397.32,60935.95,True,False
Emergent_analogy_autonomy_a3a02c,Emergent_appears_asymmetry_c0f5ef,0.8980773338122803,60397.32,60954.94,True,False
Emergent_analogy_autonomy_a3a02c,Emergent_autonomy_collective_461851,0.8966838953614524,60397.32,61021.5,True,False
Emergent_analogy_autonomy_a3a02c,Emergent_analogy_emerges_8a4649,0.9039830251596572,60397.32,61105.65,True,False
Emergent_analogy_autonomy_a3a02c,Emergent_bounded_coherence_a2e9f5,0.9031257978902538,60397.32,61172.58,True,False
Emergent_analogy_autonomy_a3a02c,Emergent_analogy_clarity_0b0b60,0.9043718748498186,60397.32,61194.54,True,False
Emergent_analogy_autonomy_a3a02c,Emergent_clarity_complexity_e4a503,0.9338320854254414,60397.32,61194.88,True,False
Emergent_analogy_autonomy_a3a02c,Emergent_bounded_clarity_02332c,0.9445569923306589,60397.32,61240.36,True,False
Emergent_analogy_autonomy_a3a02c,Emergent_constraint_emergence_2ad214,0.9241049460848438,60397.32,61285.52,True,False
Emergent_analogy_autonomy_a3a02c,Emergent_complexity_constraint_d61373,0.9023842621322489,60397.32,61285.86,True,False
Emergent_analogy_autonomy_a3a02c,Emergent_constraint_focused_4a6458,0.8986072129646001,60397.32,61308.79,True,False
Emergent_analogy_autonomy_a3a02c,Emergent_complexity_constraint_0c13f0,0.8963841631322489,60397.32,61332.16,True,False
Emergent_analogy_autonomy_a3a02c,Emergent_analogy_constraint_95c432,0.8883690455203934,60397.32,61332.5,True,False
Emergent_analogy_autonomy_a3a02c,Emergent_bounded_clarity_fd8415,0.8800975072254276,60397.32,61355.79,True,False
Emergent_analogy_autonomy_a3a02c,Emergent_analogy_cascade_c597be,0.8731029721261703,60397.32,61399.15,True,False
Emergent_analogy_autonomy_a3a02c,Emergent_boundary_bounded_497fce,0.9248396918859185,60397.32,61423.96,True,False
Emergent_analogy_autonomy_a3a02c,Emergent_emerges_entropy_7a1b09,0.84859668291139,60397.32,61448.24,True,False
Emergent_analogy_autonomy_a3a02c,Emergent_constraint_emerges_88e4cd,0.8376018047013638,60397.32,61471.29,True,False
Emergent_autonomy_bounded_5ceb4c,Emergent_bounded_carefully_f79645,0.8953216388548888,60432.3,60450.22,True,False
Emergent_autonomy_bounded_5ceb4c,Emergent_bounded_carefully_09c04f,0.9455925599808743,60432.3,60450.56,True,False
Emergent_autonomy_bounded_5ceb4c,Emergent_autonomy_clarity_dc06c1,0.9000173733350194,60432.3,60468.28,True,False
Emergent_autonomy_bounded_5ceb4c,Emergent_analogy_autonomy_fb4c5a,0.9000173733350194,60432.3,60468.62,True,False
Emergent_autonomy_bounded_5ceb4c,Emergent_feedback_identity_99a69b,0.8920611660922655,60432.3,60486.89,True,False
Emergent_autonomy_bounded_5ceb4c,Emergent_experience_accumulation_identity_5ddcb0,0.8929444708609078,60432.3,60487.23,True,False
Emergent_autonomy_bounded_5ceb4c,Emergent_analogy_bounded_37007e,0.9450193881272575,60432.3,60559.12,True,False
Emergent_autonomy_bounded_5ceb4c,Emergent_bounded_contradiction_d8e7d7,0.9390901966112875,60432.3,60559.46,True,False
Emergent_autonomy_bounded_5ceb4c,Emergent_boundary_clarity_6b732b,0.9305122082177757,60432.3,60573.21,True,False
Emergent_autonomy_bounded_5ceb4c,Emergent_clarity_entropy_f29129,0.9386859001419334,60432.3,60573.55,True,False
Emergent_autonomy_bounded_5ceb4c,Emergent_carefully_coherence_0a055c,0.9348308751080643,60432.3,60592.86,True,False
Emergent_autonomy_bounded_5ceb4c,Emergent_bounded_chaos_6978e0,0.895191362727012,60432.3,60610.06,True,False
Emergent_autonomy_bounded_5ceb4c,Emergent_boundary_bounded_32e02f,0.9451034934791727,60432.3,60610.4,True,False
Emergent_autonomy_bounded_5ceb4c,Emergent_carefully_coherence_7a9452,0.9421944070880692,60432.3,60631.48,True,False
Emergent_autonomy_bounded_5ceb4c,Emergent_carefully_coherence_c4d3bc,0.8911203903847214,60432.3,60631.82,True,False
Emergent_autonomy_bounded_5ceb4c,Emergent_carefully_coherence_6373e7,0.8920801416112094,60432.3,60653.64,True,False
Emergent_autonomy_bounded_5ceb4c,Emergent_autonomy_bounded_72bafc,0.9000176099457013,60432.3,60677.34,True,False
Emergent_autonomy_bounded_5ceb4c,Emergent_bounded_coherence_5ce930,0.946125715536827,60432.3,60699.23,True,False
Emergent_autonomy_bounded_5ceb4c,Emergent_carefully_clarity_0d7a6f,0.9436069491040497,60432.3,60788.94,True,False
Emergent_autonomy_bounded_5ceb4c,Emergent_analogy_carefully_f01b47,0.8930823129082952,60432.3,60789.28,True,False
Emergent_autonomy_bounded_5ceb4c,Emergent_appears_asymmetry_2723fa,0.9361552001267341,60432.3,60852.69,True,False
Emergent_autonomy_bounded_5ceb4c,Emergent_bounded_coherence_e42f85,0.899986392274744,60432.3,60935.95,True,False
Emergent_autonomy_bounded_5ceb4c,Emergent_appears_asymmetry_c0f5ef,0.8980773338122803,60432.3,60954.94,True,False
Emergent_autonomy_bounded_5ceb4c,Emergent_autonomy_collective_461851,0.8966838953614524,60432.3,61021.5,True,False
Emergent_autonomy_bounded_5ceb4c,Emergent_analogy_emerges_8a4649,0.899884749940282,60432.3,61105.65,True,False
Emergent_autonomy_bounded_5ceb4c,Emergent_bounded_coherence_a2e9f5,0.8979689713837959,60432.3,61172.58,True,False
Emergent_autonomy_bounded_5ceb4c,Emergent_analogy_clarity_0b0b60,0.8993349142067502,60432.3,61194.54,True,False
Emergent_autonomy_bounded_5ceb4c,Emergent_clarity_complexity_e4a503,0.9338320854254414,60432.3,61194.88,True,False
Emergent_autonomy_bounded_5ceb4c,Emergent_bounded_clarity_02332c,0.9445569923306589,60432.3,61240.36,True,False
Emergent_autonomy_bounded_5ceb4c,Emergent_constraint_emergence_2ad214,0.9241049460848438,60432.3,61285.52,True,False
Emergent_autonomy_bounded_5ceb4c,Emergent_complexity_constraint_d61373,0.897407396982679,60432.3,61285.86,True,False
Emergent_autonomy_bounded_5ceb4c,Emergent_constraint_focused_4a6458,0.8949367679826792,60432.3,61308.79,True,False
Emergent_autonomy_bounded_5ceb4c,Emergent_complexity_constraint_0c13f0,0.891407297982679,60432.3,61332.16,True,False
Emergent_autonomy_bounded_5ceb4c,Emergent_analogy_constraint_95c432,0.8883690455203934,60432.3,61332.5,True,False
Emergent_autonomy_bounded_5ceb4c,Emergent_bounded_clarity_fd8415,0.8800975072254276,60432.3,61355.79,True,False
Emergent_autonomy_bounded_5ceb4c,Emergent_analogy_cascade_c597be,0.8731029721261703,60432.3,61399.15,True,False
Emergent_autonomy_bounded_5ceb4c,Emergent_boundary_bounded_497fce,0.9248396918859185,60432.3,61423.96,True,False
Emergent_autonomy_bounded_5ceb4c,Emergent_emerges_entropy_7a1b09,0.84859668291139,60432.3,61448.24,True,False
Emergent_autonomy_bounded_5ceb4c,Emergent_constraint_emerges_88e4cd,0.8376018047013638,60432.3,61471.29,True,False
Emergent_bounded_carefully_f79645,Emergent_bounded_carefully_09c04f,0.9455922980647018,60450.22,60450.56,True,False
Emergent_bounded_carefully_f79645,Emergent_autonomy_clarity_dc06c1,0.8953215943156376,60450.22,60468.28,True,False
Emergent_bounded_carefully_f79645,Emergent_analogy_autonomy_fb4c5a,0.8953215943156376,60450.22,60468.62,True,False
Emergent_bounded_carefully_f79645,Emergent_feedback_identity_99a69b,0.8920611660922655,60450.22,60486.89,True,False
Emergent_bounded_carefully_f79645,Emergent_experience_accumulation_identity_5ddcb0,0.8929444708609078,60450.22,60487.23,True,False
Emergent_bounded_carefully_f79645,Emergent_analogy_bounded_37007e,0.9450193881272575,60450.22,60559.12,True,False
Emergent_bounded_carefully_f79645,Emergent_bounded_contradiction_d8e7d7,0.9390901966112875,60450.22,60559.46,True,False
Emergent_bounded_carefully_f79645,Emergent_boundary_clarity_6b732b,0.9305122082177757,60450.22,60573.21,True,False
Emergent_bounded_carefully_f79645,Emergent_clarity_entropy_f29129,0.9386859001419334,60450.22,60573.55,True,False
Emergent_bounded_carefully_f79645,Emergent_carefully_coherence_0a055c,0.9348308751080643,60450.22,60592.86,True,False
Emergent_bounded_carefully_f79645,Emergent_bounded_chaos_6978e0,0.895191362727012,60450.22,60610.06,True,False
Emergent_bounded_carefully_f79645,Emergent_boundary_bounded_32e02f,0.9451034934791727,60450.22,60610.4,True,False
Emergent_bounded_carefully_f79645,Emergent_carefully_coherence_7a9452,0.9421944070880692,60450.22,60631.48,True,False
Emergent_bounded_carefully_f79645,Emergent_carefully_coherence_c4d3bc,0.8911203903847214,60450.22,60631.82,True,False
Emergent_bounded_carefully_f79645,Emergent_carefully_coherence_6373e7,0.8920801416112094,60450.22,60653.64,True,False
Emergent_bounded_carefully_f79645,Emergent_autonomy_bounded_72bafc,0.8953219049749945,60450.22,60677.34,True,False
Emergent_bounded_carefully_f79645,Emergent_bounded_coherence_5ce930,0.946125715536827,60450.22,60699.23,True,False
Emergent_bounded_carefully_f79645,Emergent_carefully_clarity_0d7a6f,0.9436069491040497,60450.22,60788.94,True,False
Emergent_bounded_carefully_f79645,Emergent_analogy_carefully_f01b47,0.8930823129082952,60450.22,60789.28,True,False
Emergent_bounded_carefully_f79645,Emergent_appears_asymmetry_2723fa,0.9361552001267341,60450.22,60852.69,True,False
Emergent_bounded_carefully_f79645,Emergent_bounded_coherence_e42f85,0.8952910918349419,60450.22,60935.95,True,False
Emergent_bounded_carefully_f79645,Emergent_appears_asymmetry_c0f5ef,0.8952743354590194,60450.22,60954.94,True,False
Emergent_bounded_carefully_f79645,Emergent_autonomy_collective_461851,0.8953531958668624,60450.22,61021.5,True,False
Emergent_bounded_carefully_f79645,Emergent_analogy_emerges_8a4649,0.8951918499889469,60450.22,61105.65,True,False
Emergent_bounded_carefully_f79645,Emergent_bounded_coherence_a2e9f5,0.8932036931405143,60450.22,61172.58,True,False
Emergent_bounded_carefully_f79645,Emergent_analogy_clarity_0b0b60,0.8946804006343776,60450.22,61194.54,True,False
Emergent_bounded_carefully_f79645,Emergent_clarity_complexity_e4a503,0.9338320854254414,60450.22,61194.88,True,False
Emergent_bounded_carefully_f79645,Emergent_bounded_clarity_02332c,0.9445569923306589,60450.22,61240.36,True,False
Emergent_bounded_carefully_f79645,Emergent_constraint_emergence_2ad214,0.9241049460848438,60450.22,61285.52,True,False
Emergent_bounded_carefully_f79645,Emergent_complexity_constraint_d61373,0.8928084159645489,60450.22,61285.86,True,False
Emergent_bounded_carefully_f79645,Emergent_constraint_focused_4a6458,0.890337786964549,60450.22,61308.79,True,False
Emergent_bounded_carefully_f79645,Emergent_complexity_constraint_0c13f0,0.8868083169645489,60450.22,61332.16,True,False
Emergent_bounded_carefully_f79645,Emergent_analogy_constraint_95c432,0.8868083169645489,60450.22,61332.5,True,False
Emergent_bounded_carefully_f79645,Emergent_bounded_clarity_fd8415,0.8800975072254276,60450.22,61355.79,True,False
Emergent_bounded_carefully_f79645,Emergent_analogy_cascade_c597be,0.867614556715687,60450.22,61399.15,True,False
Emergent_bounded_carefully_f79645,Emergent_boundary_bounded_497fce,0.9248396918859185,60450.22,61423.96,True,False
Emergent_bounded_carefully_f79645,Emergent_emerges_entropy_7a1b09,0.84859668291139,60450.22,61448.24,True,False
Emergent_bounded_carefully_f79645,Emergent_constraint_emerges_88e4cd,0.8376018047013638,60450.22,61471.29,True,False
Emergent_bounded_carefully_09c04f,Emergent_autonomy_clarity_dc06c1,0.9455925522928887,60450.56,60468.28,True,False
Emergent_bounded_carefully_09c04f,Emergent_analogy_autonomy_fb4c5a,0.9455925522928887,60450.56,60468.62,True,False
Emergent_bounded_carefully_09c04f,Emergent_feedback_identity_99a69b,0.9455923191622664,60450.56,60486.89,True,False
Emergent_bounded_carefully_09c04f,Emergent_experience_accumulation_identity_5ddcb0,0.9455923192454467,60450.56,60487.23,True,False
Emergent_bounded_carefully_09c04f,Emergent_analogy_bounded_37007e,0.9450193881272575,60450.56,60559.12,True,False
Emergent_bounded_carefully_09c04f,Emergent_bounded_contradiction_d8e7d7,0.9390901966112875,60450.56,60559.46,True,False
Emergent_bounded_carefully_09c04f,Emergent_boundary_clarity_6b732b,0.9305122082177757,60450.56,60573.21,True,False
Emergent_bounded_carefully_09c04f,Emergent_clarity_entropy_f29129,0.9386859001419334,60450.56,60573.55,True,False
Emergent_bounded_carefully_09c04f,Emergent_carefully_coherence_0a055c,0.9348308751080643,60450.56,60592.86,True,False
Emergent_bounded_carefully_09c04f,Emergent_bounded_chaos_6978e0,0.9455844143187364,60450.56,60610.06,True,False
Emergent_bounded_carefully_09c04f,Emergent_boundary_bounded_32e02f,0.9451034934791727,60450.56,60610.4,True,False
Emergent_bounded_carefully_09c04f,Emergent_carefully_coherence_7a9452,0.9421944070880692,60450.56,60631.48,True,False
Emergent_bounded_carefully_09c04f,Emergent_carefully_coherence_c4d3bc,0.9455971390436,60450.56,60631.82,True,False
Emergent_bounded_carefully_09c04f,Emergent_carefully_coherence_6373e7,0.9455957590839905,60450.56,60653.64,True,False
Emergent_bounded_carefully_09c04f,Emergent_autonomy_bounded_72bafc,0.9455931305894958,60450.56,60677.34,True,False
Emergent_bounded_carefully_09c04f,Emergent_bounded_coherence_5ce930,0.9455934591513078,60450.56,60699.23,True,False
Emergent_bounded_carefully_09c04f,Emergent_carefully_clarity_0d7a6f,0.9436069491040497,60450.56,60788.94,True,False
Emergent_bounded_carefully_09c04f,Emergent_analogy_carefully_f01b47,0.9455741471573738,60450.56,60789.28,True,False
Emergent_bounded_carefully_09c04f,Emergent_appears_asymmetry_2723fa,0.9361552001267341,60450.56,60852.69,True,False
Emergent_bounded_carefully_09c04f,Emergent_bounded_coherence_e42f85,0.945549846583412,60450.56,60935.95,True,False
Emergent_bounded_carefully_09c04f,Emergent_appears_asymmetry_c0f5ef,0.9455259089035228,60450.56,60954.94,True,False
Emergent_bounded_carefully_09c04f,Emergent_autonomy_collective_461851,0.9456429267307893,60450.56,61021.5,True,False
Emergent_bounded_carefully_09c04f,Emergent_analogy_emerges_8a4649,0.9454124326194817,60450.56,61105.65,True,False
Emergent_bounded_carefully_09c04f,Emergent_bounded_coherence_a2e9f5,0.942440745007082,60450.56,61172.58,True,False
Emergent_bounded_carefully_09c04f,Emergent_analogy_clarity_0b0b60,0.9447515133768325,60450.56,61194.54,True,False
Emergent_bounded_carefully_09c04f,Emergent_clarity_complexity_e4a503,0.9338320854254414,60450.56,61194.88,True,False
Emergent_bounded_carefully_09c04f,Emergent_bounded_clarity_02332c,0.9445569923306589,60450.56,61240.36,True,False
Emergent_bounded_carefully_09c04f,Emergent_constraint_emergence_2ad214,0.9241049460848438,60450.56,61285.52,True,False
Emergent_bounded_carefully_09c04f,Emergent_complexity_constraint_d61373,0.9421781155289239,60450.56,61285.86,True,False
Emergent_bounded_carefully_09c04f,Emergent_constraint_focused_4a6458,0.938648645528924,60450.56,61308.79,True,False
Emergent_bounded_carefully_09c04f,Emergent_complexity_constraint_0c13f0,0.9336065455289242,60450.56,61332.16,True,False
Emergent_bounded_carefully_09c04f,Emergent_analogy_constraint_95c432,0.9336065455289242,60450.56,61332.5,True,False
Emergent_bounded_carefully_09c04f,Emergent_bounded_clarity_fd8415,0.9264035455289241,60450.56,61355.79,True,False
Emergent_bounded_carefully_09c04f,Emergent_analogy_cascade_c597be,0.8589392873628374,60450.56,61399.15,True,False
Emergent_bounded_carefully_09c04f,Emergent_boundary_bounded_497fce,0.9248396918859185,60450.56,61423.96,True,False
Emergent_bounded_carefully_09c04f,Emergent_emerges_entropy_7a1b09,0.841487787084815,60450.56,61448.24,True,False
Emergent_bounded_carefully_09c04f,Emergent_constraint_emerges_88e4cd,0.8376018047013638,60450.56,61471.29,True,False
Emergent_autonomy_clarity_dc06c1,Emergent_analogy_autonomy_fb4c5a,0.9020997609552497,60468.28,60468.62,True,False
Emergent_autonomy_clarity_dc06c1,Emergent_feedback_identity_99a69b,0.8920611660922655,60468.28,60486.89,True,False
Emergent_autonomy_clarity_dc06c1,Emergent_experience_accumulation_identity_5ddcb0,0.8929444708609078,60468.28,60487.23,True,False
Emergent_autonomy_clarity_dc06c1,Emergent_analogy_bounded_37007e,0.9450193881272575,60468.28,60559.12,True,False
Emergent_autonomy_clarity_dc06c1,Emergent_bounded_contradiction_d8e7d7,0.9390901966112875,60468.28,60559.46,True,False
Emergent_autonomy_clarity_dc06c1,Emergent_boundary_clarity_6b732b,0.9305122082177757,60468.28,60573.21,True,False
Emergent_autonomy_clarity_dc06c1,Emergent_clarity_entropy_f29129,0.9386859001419334,60468.28,60573.55,True,False
Emergent_autonomy_clarity_dc06c1,Emergent_carefully_coherence_0a055c,0.9348308751080643,60468.28,60592.86,True,False
Emergent_autonomy_clarity_dc06c1,Emergent_bounded_chaos_6978e0,0.895191362727012,60468.28,60610.06,True,False
Emergent_autonomy_clarity_dc06c1,Emergent_boundary_bounded_32e02f,0.9451034934791727,60468.28,60610.4,True,False
Emergent_autonomy_clarity_dc06c1,Emergent_carefully_coherence_7a9452,0.9421944070880692,60468.28,60631.48,True,False
Emergent_autonomy_clarity_dc06c1,Emergent_carefully_coherence_c4d3bc,0.8911203903847214,60468.28,60631.82,True,False
Emergent_autonomy_clarity_dc06c1,Emergent_carefully_coherence_6373e7,0.8920801416112094,60468.28,60653.64,True,False
Emergent_autonomy_clarity_dc06c1,Emergent_autonomy_bounded_72bafc,0.9021002298972491,60468.28,60677.34,True,False
Emergent_autonomy_clarity_dc06c1,Emergent_bounded_coherence_5ce930,0.946125715536827,60468.28,60699.23,True,False
Emergent_autonomy_clarity_dc06c1,Emergent_carefully_clarity_0d7a6f,0.9436069491040497,60468.28,60788.94,True,False
Emergent_autonomy_clarity_dc06c1,Emergent_analogy_carefully_f01b47,0.8930823129082952,60468.28,60789.28,True,False
Emergent_autonomy_clarity_dc06c1,Emergent_appears_asymmetry_2723fa,0.9361552001267341,60468.28,60852.69,True,False
Emergent_autonomy_clarity_dc06c1,Emergent_bounded_coherence_e42f85,0.9015890394909629,60468.28,60935.95,True,False
Emergent_autonomy_clarity_dc06c1,Emergent_appears_asymmetry_c0f5ef,0.8980773338122803,60468.28,60954.94,True,False
Emergent_autonomy_clarity_dc06c1,Emergent_autonomy_collective_461851,0.8966838953614524,60468.28,61021.5,True,False
Emergent_autonomy_clarity_dc06c1,Emergent_analogy_emerges_8a4649,0.9019661258210578,60468.28,61105.65,True,False
Emergent_autonomy_clarity_dc06c1,Emergent_bounded_coherence_a2e9f5,0.9000824481899508,60468.28,61172.58,True,False
Emergent_autonomy_clarity_dc06c1,Emergent_analogy_clarity_0b0b60,0.9013992651170064,60468.28,61194.54,True,False
Emergent_autonomy_clarity_dc06c1,Emergent_clarity_complexity_e4a503,0.9338320854254414,60468.28,61194.88,True,False
Emergent_autonomy_clarity_dc06c1,Emergent_bounded_clarity_02332c,0.9445569923306589,60468.28,61240.36,True,False
Emergent_autonomy_clarity_dc06c1,Emergent_constraint_emergence_2ad214,0.9241049460848438,60468.28,61285.52,True,False
Emergent_autonomy_clarity_dc06c1,Emergent_complexity_constraint_d61373,0.8994471183205608,60468.28,61285.86,True,False
Emergent_autonomy_clarity_dc06c1,Emergent_constraint_focused_4a6458,0.8969764893205607,60468.28,61308.79,True,False
Emergent_autonomy_clarity_dc06c1,Emergent_complexity_constraint_0c13f0,0.8934470193205608,60468.28,61332.16,True,False
Emergent_autonomy_clarity_dc06c1,Emergent_analogy_constraint_95c432,0.8883690455203934,60468.28,61332.5,True,False
Emergent_autonomy_clarity_dc06c1,Emergent_bounded_clarity_fd8415,0.8800975072254276,60468.28,61355.79,True,False
Emergent_autonomy_clarity_dc06c1,Emergent_analogy_cascade_c597be,0.8731029721261703,60468.28,61399.15,True,False
Emergent_autonomy_clarity_dc06c1,Emergent_boundary_bounded_497fce,0.9248396918859185,60468.28,61423.96,True,False
Emergent_autonomy_clarity_dc06c1,Emergent_emerges_entropy_7a1b09,0.84859668291139,60468.28,61448.24,True,False
Emergent_autonomy_clarity_dc06c1,Emergent_constraint_emerges_88e4cd,0.8376018047013638,60468.28,61471.29,True,False
Emergent_analogy_autonomy_fb4c5a,Emergent_feedback_identity_99a69b,0.8920611660922655,60468.62,60486.89,True,False
Emergent_analogy_autonomy_fb4c5a,Emergent_experience_accumulation_identity_5ddcb0,0.8929444708609078,60468.62,60487.23,True,False
Emergent_analogy_autonomy_fb4c5a,Emergent_analogy_bounded_37007e,0.9450193881272575,60468.62,60559.12,True,False
Emergent_analogy_autonomy_fb4c5a,Emergent_bounded_contradiction_d8e7d7,0.9390901966112875,60468.62,60559.46,True,False
Emergent_analogy_autonomy_fb4c5a,Emergent_boundary_clarity_6b732b,0.9305122082177757,60468.62,60573.21,True,False
Emergent_analogy_autonomy_fb4c5a,Emergent_clarity_entropy_f29129,0.9386859001419334,60468.62,60573.55,True,False
Emergent_analogy_autonomy_fb4c5a,Emergent_carefully_coherence_0a055c,0.9348308751080643,60468.62,60592.86,True,False
Emergent_analogy_autonomy_fb4c5a,Emergent_bounded_chaos_6978e0,0.895191362727012,60468.62,60610.06,True,False
Emergent_analogy_autonomy_fb4c5a,Emergent_boundary_bounded_32e02f,0.9451034934791727,60468.62,60610.4,True,False
Emergent_analogy_autonomy_fb4c5a,Emergent_carefully_coherence_7a9452,0.9421944070880692,60468.62,60631.48,True,False
Emergent_analogy_autonomy_fb4c5a,Emergent_carefully_coherence_c4d3bc,0.8911203903847214,60468.62,60631.82,True,False
Emergent_analogy_autonomy_fb4c5a,Emergent_carefully_coherence_6373e7,0.8920801416112094,60468.62,60653.64,True,False
Emergent_analogy_autonomy_fb4c5a,Emergent_autonomy_bounded_72bafc,0.9030274445706836,60468.62,60677.34,True,False
Emergent_analogy_autonomy_fb4c5a,Emergent_bounded_coherence_5ce930,0.946125715536827,60468.62,60699.23,True,False
Emergent_analogy_autonomy_fb4c5a,Emergent_carefully_clarity_0d7a6f,0.9436069491040497,60468.62,60788.94,True,False
Emergent_analogy_autonomy_fb4c5a,Emergent_analogy_carefully_f01b47,0.8930823129082952,60468.62,60789.28,True,False
Emergent_analogy_autonomy_fb4c5a,Emergent_appears_asymmetry_2723fa,0.9361552001267341,60468.62,60852.69,True,False
Emergent_analogy_autonomy_fb4c5a,Emergent_bounded_coherence_e42f85,0.9015890394909629,60468.62,60935.95,True,False
Emergent_analogy_autonomy_fb4c5a,Emergent_appears_asymmetry_c0f5ef,0.8980773338122803,60468.62,60954.94,True,False
Emergent_analogy_autonomy_fb4c5a,Emergent_autonomy_collective_461851,0.8966838953614524,60468.62,61021.5,True,False
Emergent_analogy_autonomy_fb4c5a,Emergent_analogy_emerges_8a4649,0.9028927866149075,60468.62,61105.65,True,False
Emergent_analogy_autonomy_fb4c5a,Emergent_bounded_coherence_a2e9f5,0.9010234008131954,60468.62,61172.58,True,False
Emergent_analogy_autonomy_fb4c5a,Emergent_analogy_clarity_0b0b60,0.902318346130172,60468.62,61194.54,True,False
Emergent_analogy_autonomy_fb4c5a,Emergent_clarity_complexity_e4a503,0.9338320854254414,60468.62,61194.88,True,False
Emergent_analogy_autonomy_fb4c5a,Emergent_bounded_clarity_02332c,0.9445569923306589,60468.62,61240.36,True,False
Emergent_analogy_autonomy_fb4c5a,Emergent_constraint_emergence_2ad214,0.9241049460848438,60468.62,61285.52,True,False
Emergent_analogy_autonomy_fb4c5a,Emergent_complexity_constraint_d61373,0.9003552338664607,60468.62,61285.86,True,False
Emergent_analogy_autonomy_fb4c5a,Emergent_constraint_focused_4a6458,0.8978846048664604,60468.62,61308.79,True,False
Emergent_analogy_autonomy_fb4c5a,Emergent_complexity_constraint_0c13f0,0.8943551348664607,60468.62,61332.16,True,False
Emergent_analogy_autonomy_fb4c5a,Emergent_analogy_constraint_95c432,0.8883690455203934,60468.62,61332.5,True,False
Emergent_analogy_autonomy_fb4c5a,Emergent_bounded_clarity_fd8415,0.8800975072254276,60468.62,61355.79,True,False
Emergent_analogy_autonomy_fb4c5a,Emergent_analogy_cascade_c597be,0.8731029721261703,60468.62,61399.15,True,False
Emergent_analogy_autonomy_fb4c5a,Emergent_boundary_bounded_497fce,0.9248396918859185,60468.62,61423.96,True,False
Emergent_analogy_autonomy_fb4c5a,Emergent_emerges_entropy_7a1b09,0.84859668291139,60468.62,61448.24,True,False
Emergent_analogy_autonomy_fb4c5a,Emergent_constraint_emerges_88e4cd,0.8376018047013638,60468.62,61471.29,True,False
Emergent_feedback_identity_99a69b,Emergent_experience_accumulation_identity_5ddcb0,0.8920607374939598,60486.89,60487.23,True,False
Emergent_feedback_identity_99a69b,Emergent_analogy_bounded_37007e,0.9450193881272575,60486.89,60559.12,True,False
Emergent_feedback_identity_99a69b,Emergent_bounded_contradiction_d8e7d7,0.9390901966112875,60486.89,60559.46,True,False
Emergent_feedback_identity_99a69b,Emergent_boundary_clarity_6b732b,0.9305122082177757,60486.89,60573.21,True,False
Emergent_feedback_identity_99a69b,Emergent_clarity_entropy_f29129,0.9386859001419334,60486.89,60573.55,True,False
Emergent_feedback_identity_99a69b,Emergent_carefully_coherence_0a055c,0.9348308751080643,60486.89,60592.86,True,False
Emergent_feedback_identity_99a69b,Emergent_bounded_chaos_6978e0,0.892055637355351,60486.89,60610.06,True,False
Emergent_feedback_identity_99a69b,Emergent_boundary_bounded_32e02f,0.9451034934791727,60486.89,60610.4,True,False
Emergent_feedback_identity_99a69b,Emergent_carefully_coherence_7a9452,0.9421944070880692,60486.89,60631.48,True,False
Emergent_feedback_identity_99a69b,Emergent_carefully_coherence_c4d3bc,0.8911203903847214,60486.89,60631.82,True,False
Emergent_feedback_identity_99a69b,Emergent_carefully_coherence_6373e7,0.8920635315935368,60486.89,60653.64,True,False
Emergent_feedback_identity_99a69b,Emergent_autonomy_bounded_72bafc,0.8920616916473907,60486.89,60677.34,True,False
Emergent_feedback_identity_99a69b,Emergent_bounded_coherence_5ce930,0.946125715536827,60486.89,60699.23,True,False
Emergent_feedback_identity_99a69b,Emergent_carefully_clarity_0d7a6f,0.9436069491040497,60486.89,60788.94,True,False
Emergent_feedback_identity_99a69b,Emergent_analogy_carefully_f01b47,0.8920488560233795,60486.89,60789.28,True,False
Emergent_feedback_identity_99a69b,Emergent_appears_asymmetry_2723fa,0.9361552001267341,60486.89,60852.69,True,False
Emergent_feedback_identity_99a69b,Emergent_bounded_coherence_e42f85,0.8920311593718846,60486.89,60935.95,True,False
Emergent_feedback_identity_99a69b,Emergent_appears_asymmetry_c0f5ef,0.892014402995962,60486.89,60954.94,True,False
Emergent_feedback_identity_99a69b,Emergent_autonomy_collective_461851,0.8920949300554668,60486.89,61021.5,True,False
Emergent_feedback_identity_99a69b,Emergent_analogy_emerges_8a4649,0.8919335841775513,60486.89,61105.65,True,False
Emergent_feedback_identity_99a69b,Emergent_bounded_coherence_a2e9f5,0.8898951753065778,60486.89,61172.58,True,False
Emergent_feedback_identity_99a69b,Emergent_analogy_clarity_0b0b60,0.8914487863662695,60486.89,61194.54,True,False
Emergent_feedback_identity_99a69b,Emergent_clarity_complexity_e4a503,0.9338320854254414,60486.89,61194.88,True,False
Emergent_feedback_identity_99a69b,Emergent_bounded_clarity_02332c,0.9445569923306589,60486.89,61240.36,True,False
Emergent_feedback_identity_99a69b,Emergent_constraint_emergence_2ad214,0.9241049460848438,60486.89,61285.52,True,False
Emergent_feedback_identity_99a69b,Emergent_complexity_constraint_d61373,0.8896153577757913,60486.89,61285.86,True,False
Emergent_feedback_identity_99a69b,Emergent_constraint_focused_4a6458,0.8871447287757912,60486.89,61308.79,True,False
Emergent_feedback_identity_99a69b,Emergent_complexity_constraint_0c13f0,0.8836152587757913,60486.89,61332.16,True,False
Emergent_feedback_identity_99a69b,Emergent_analogy_constraint_95c432,0.8836152587757913,60486.89,61332.5,True,False
Emergent_feedback_identity_99a69b,Emergent_bounded_clarity_fd8415,0.8774934858939121,60486.89,61355.79,True,False
Emergent_feedback_identity_99a69b,Emergent_analogy_cascade_c597be,0.8628772321483977,60486.89,61399.15,True,False
Emergent_feedback_identity_99a69b,Emergent_boundary_bounded_497fce,0.9248396918859185,60486.89,61423.96,True,False
Emergent_feedback_identity_99a69b,Emergent_emerges_entropy_7a1b09,0.8466641542656346,60486.89,61448.24,True,False
Emergent_feedback_identity_99a69b,Emergent_constraint_emerges_88e4cd,0.8376018047013638,60486.89,61471.29,True,False
Emergent_experience_accumulation_identity_5ddcb0,Emergent_analogy_bounded_37007e,0.9450193881272575,60487.23,60559.12,True,False
Emergent_experience_accumulation_identity_5ddcb0,Emergent_bounded_contradiction_d8e7d7,0.9390901966112875,60487.23,60559.46,True,False
Emergent_experience_accumulation_identity_5ddcb0,Emergent_boundary_clarity_6b732b,0.9305122082177757,60487.23,60573.21,True,False
Emergent_experience_accumulation_identity_5ddcb0,Emergent_clarity_entropy_f29129,0.9386859001419334,60487.23,60573.55,True,False
Emergent_experience_accumulation_identity_5ddcb0,Emergent_carefully_coherence_0a055c,0.9348308751080643,60487.23,60592.86,True,False
Emergent_experience_accumulation_identity_5ddcb0,Emergent_bounded_chaos_6978e0,0.8929389435817519,60487.23,60610.06,True,False
Emergent_experience_accumulation_identity_5ddcb0,Emergent_boundary_bounded_32e02f,0.9451034934791727,60487.23,60610.4,True,False
Emergent_experience_accumulation_identity_5ddcb0,Emergent_carefully_coherence_7a9452,0.9421944070880692,60487.23,60631.48,True,False
Emergent_experience_accumulation_identity_5ddcb0,Emergent_carefully_coherence_c4d3bc,0.8911203903847214,60487.23,60631.82,True,False
Emergent_experience_accumulation_identity_5ddcb0,Emergent_carefully_coherence_6373e7,0.8920801416112094,60487.23,60653.64,True,False
Emergent_experience_accumulation_identity_5ddcb0,Emergent_autonomy_bounded_72bafc,0.8929449825234155,60487.23,60677.34,True,False
Emergent_experience_accumulation_identity_5ddcb0,Emergent_bounded_coherence_5ce930,0.946125715536827,60487.23,60699.23,True,False
Emergent_experience_accumulation_identity_5ddcb0,Emergent_carefully_clarity_0d7a6f,0.9436069491040497,60487.23,60788.94,True,False
Emergent_experience_accumulation_identity_5ddcb0,Emergent_analogy_carefully_f01b47,0.8929322944724414,60487.23,60789.28,True,False
Emergent_experience_accumulation_identity_5ddcb0,Emergent_appears_asymmetry_2723fa,0.9361552001267341,60487.23,60852.69,True,False
Emergent_experience_accumulation_identity_5ddcb0,Emergent_bounded_coherence_e42f85,0.8929143741531673,60487.23,60935.95,True,False
Emergent_experience_accumulation_identity_5ddcb0,Emergent_appears_asymmetry_c0f5ef,0.892897617777245,60487.23,60954.94,True,False
Emergent_experience_accumulation_identity_5ddcb0,Emergent_autonomy_collective_461851,0.8929776932901612,60487.23,61021.5,True,False
Emergent_experience_accumulation_identity_5ddcb0,Emergent_analogy_emerges_8a4649,0.8928163474122457,60487.23,61105.65,True,False
Emergent_experience_accumulation_identity_5ddcb0,Emergent_bounded_coherence_a2e9f5,0.8907915533414561,60487.23,61172.58,True,False
Emergent_experience_accumulation_identity_5ddcb0,Emergent_analogy_clarity_0b0b60,0.8923243288878839,60487.23,61194.54,True,False
Emergent_experience_accumulation_identity_5ddcb0,Emergent_clarity_complexity_e4a503,0.9338320854254414,60487.23,61194.88,True,False
Emergent_experience_accumulation_identity_5ddcb0,Emergent_bounded_clarity_02332c,0.9445569923306589,60487.23,61240.36,True,False
Emergent_experience_accumulation_identity_5ddcb0,Emergent_constraint_emergence_2ad214,0.9241049460848438,60487.23,61285.52,True,False
Emergent_experience_accumulation_identity_5ddcb0,Emergent_complexity_constraint_d61373,0.8904804542836993,60487.23,61285.86,True,False
Emergent_experience_accumulation_identity_5ddcb0,Emergent_constraint_focused_4a6458,0.8880098252836994,60487.23,61308.79,True,False
Emergent_experience_accumulation_identity_5ddcb0,Emergent_complexity_constraint_0c13f0,0.8844803552836993,60487.23,61332.16,True,False
Emergent_experience_accumulation_identity_5ddcb0,Emergent_analogy_constraint_95c432,0.8844803552836993,60487.23,61332.5,True,False
Emergent_experience_accumulation_identity_5ddcb0,Emergent_bounded_clarity_fd8415,0.8783552503026772,60487.23,61355.79,True,False
Emergent_experience_accumulation_identity_5ddcb0,Emergent_analogy_cascade_c597be,0.8641607173521497,60487.23,61399.15,True,False
Emergent_experience_accumulation_identity_5ddcb0,Emergent_boundary_bounded_497fce,0.9248396918859185,60487.23,61423.96,True,False
Emergent_experience_accumulation_identity_5ddcb0,Emergent_emerges_entropy_7a1b09,0.8483512756062208,60487.23,61448.24,True,False
Emergent_experience_accumulation_identity_5ddcb0,Emergent_constraint_emerges_88e4cd,0.8376018047013638,60487.23,61471.29,True,False
Emergent_analogy_bounded_37007e,Emergent_bounded_contradiction_d8e7d7,0.9390890036749304,60559.12,60559.46,True,False
Emergent_analogy_bounded_37007e,Emergent_boundary_clarity_6b732b,0.930511016358285,60559.12,60573.21,True,False
Emergent_analogy_bounded_37007e,Emergent_clarity_entropy_f29129,0.9386847072563396,60559.12,60573.55,True,False
Emergent_analogy_bounded_37007e,Emergent_carefully_coherence_0a055c,0.9348307659308095,60559.12,60592.86,True,False
Emergent_analogy_bounded_37007e,Emergent_bounded_chaos_6978e0,0.9450103854683163,60559.12,60610.06,True,False
Emergent_analogy_bounded_37007e,Emergent_boundary_bounded_32e02f,0.9450103616950387,60559.12,60610.4,True,False
Emergent_analogy_bounded_37007e,Emergent_carefully_coherence_7a9452,0.9421944070880692,60559.12,60631.48,True,False
Emergent_analogy_bounded_37007e,Emergent_carefully_coherence_c4d3bc,0.9450231250650949,60559.12,60631.82,True,False
Emergent_analogy_bounded_37007e,Emergent_carefully_coherence_6373e7,0.945021745105485,60559.12,60653.64,True,False
Emergent_analogy_bounded_37007e,Emergent_autonomy_bounded_72bafc,0.9450191166109905,60559.12,60677.34,True,False
Emergent_analogy_bounded_37007e,Emergent_bounded_coherence_5ce930,0.9450194451728025,60559.12,60699.23,True,False
Emergent_analogy_bounded_37007e,Emergent_carefully_clarity_0d7a6f,0.9436069491040497,60559.12,60788.94,True,False
Emergent_analogy_bounded_37007e,Emergent_analogy_carefully_f01b47,0.9449999902055903,60559.12,60789.28,True,False
Emergent_analogy_bounded_37007e,Emergent_appears_asymmetry_2723fa,0.9361552001267341,60559.12,60852.69,True,False
Emergent_analogy_bounded_37007e,Emergent_bounded_coherence_e42f85,0.9449759063278231,60559.12,60935.95,True,False
Emergent_analogy_bounded_37007e,Emergent_appears_asymmetry_c0f5ef,0.9449519686479337,60559.12,60954.94,True,False
Emergent_analogy_bounded_37007e,Emergent_autonomy_collective_461851,0.9450694239473652,60559.12,61021.5,True,False
Emergent_analogy_bounded_37007e,Emergent_analogy_emerges_8a4649,0.9448389298360576,60559.12,61105.65,True,False
Emergent_analogy_bounded_37007e,Emergent_bounded_coherence_a2e9f5,0.9418540517882541,60559.12,61172.58,True,False
Emergent_analogy_bounded_37007e,Emergent_analogy_clarity_0b0b60,0.9441850062413917,60559.12,61194.54,True,False
Emergent_analogy_bounded_37007e,Emergent_clarity_complexity_e4a503,0.9338320854254414,60559.12,61194.88,True,False
Emergent_analogy_bounded_37007e,Emergent_bounded_clarity_02332c,0.9445569923306589,60559.12,61240.36,True,False
Emergent_analogy_bounded_37007e,Emergent_constraint_emergence_2ad214,0.9241049460848438,60559.12,61285.52,True,False
Emergent_analogy_bounded_37007e,Emergent_complexity_constraint_d61373,0.9416217288114956,60559.12,61285.86,True,False
Emergent_analogy_bounded_37007e,Emergent_constraint_focused_4a6458,0.9380922588114957,60559.12,61308.79,True,False
Emergent_analogy_bounded_37007e,Emergent_complexity_constraint_0c13f0,0.9330501588114959,60559.12,61332.16,True,False
Emergent_analogy_bounded_37007e,Emergent_analogy_constraint_95c432,0.9330501588114959,60559.12,61332.5,True,False
Emergent_analogy_bounded_37007e,Emergent_bounded_clarity_fd8415,0.9258471588114958,60559.12,61355.79,True,False
Emergent_analogy_bounded_37007e,Emergent_analogy_cascade_c597be,0.858068851520218,60559.12,61399.15,True,False
Emergent_analogy_bounded_37007e,Emergent_boundary_bounded_497fce,0.9248396918859185,60559.12,61423.96,True,False
Emergent_analogy_bounded_37007e,Emergent_emerges_entropy_7a1b09,0.8403436127060209,60559.12,61448.24,True,False
Emergent_analogy_bounded_37007e,Emergent_constraint_emerges_88e4cd,0.8376018047013638,60559.12,61471.29,True,False
Emergent_bounded_contradiction_d8e7d7,Emergent_boundary_clarity_6b732b,0.9305110099404965,60559.46,60573.21,True,False
Emergent_bounded_contradiction_d8e7d7,Emergent_clarity_entropy_f29129,0.9386847006341041,60559.46,60573.55,True,False
Emergent_bounded_contradiction_d8e7d7,Emergent_carefully_coherence_0a055c,0.9348307441777166,60559.46,60592.86,True,False
Emergent_bounded_contradiction_d8e7d7,Emergent_bounded_chaos_6978e0,0.9390811715938363,60559.46,60610.06,True,False
Emergent_bounded_contradiction_d8e7d7,Emergent_boundary_bounded_32e02f,0.9390811480666625,60559.46,60610.4,True,False
Emergent_bounded_contradiction_d8e7d7,Emergent_carefully_coherence_7a9452,0.9390940648044317,60559.46,60631.48,True,False
Emergent_bounded_contradiction_d8e7d7,Emergent_carefully_coherence_c4d3bc,0.9390940648044317,60559.46,60631.82,True,False
Emergent_bounded_contradiction_d8e7d7,Emergent_carefully_coherence_6373e7,0.9390926848448222,60559.46,60653.64,True,False
Emergent_bounded_contradiction_d8e7d7,Emergent_autonomy_bounded_72bafc,0.9390900563503275,60559.46,60677.34,True,False
Emergent_bounded_contradiction_d8e7d7,Emergent_bounded_coherence_5ce930,0.9390903849121395,60559.46,60699.23,True,False
Emergent_bounded_contradiction_d8e7d7,Emergent_carefully_clarity_0d7a6f,0.939069151289716,60559.46,60788.94,True,False
Emergent_bounded_contradiction_d8e7d7,Emergent_analogy_carefully_f01b47,0.939069453156532,60559.46,60789.28,True,False
Emergent_bounded_contradiction_d8e7d7,Emergent_appears_asymmetry_2723fa,0.9361552001267341,60559.46,60852.69,True,False
Emergent_bounded_contradiction_d8e7d7,Emergent_bounded_coherence_e42f85,0.9390476075601382,60559.46,60935.95,True,False
Emergent_bounded_contradiction_d8e7d7,Emergent_appears_asymmetry_c0f5ef,0.939023669880249,60559.46,60954.94,True,False
Emergent_bounded_contradiction_d8e7d7,Emergent_autonomy_collective_461851,0.9391456438829255,60559.46,61021.5,True,False
Emergent_bounded_contradiction_d8e7d7,Emergent_analogy_emerges_8a4649,0.9389151497716177,60559.46,61105.65,True,False
Emergent_bounded_contradiction_d8e7d7,Emergent_bounded_coherence_a2e9f5,0.9357940261108133,60559.46,61172.58,True,False
Emergent_bounded_contradiction_d8e7d7,Emergent_analogy_clarity_0b0b60,0.9383334850765745,60559.46,61194.54,True,False
Emergent_bounded_contradiction_d8e7d7,Emergent_clarity_complexity_e4a503,0.9338320854254414,60559.46,61194.88,True,False
Emergent_bounded_contradiction_d8e7d7,Emergent_bounded_clarity_02332c,0.9400748119763236,60559.46,61240.36,True,False
Emergent_bounded_contradiction_d8e7d7,Emergent_constraint_emergence_2ad214,0.9241049460848438,60559.46,61285.52,True,False
Emergent_bounded_contradiction_d8e7d7,Emergent_complexity_constraint_d61373,0.9358747426763236,60559.46,61285.86,True,False
Emergent_bounded_contradiction_d8e7d7,Emergent_constraint_focused_4a6458,0.9323452726763235,60559.46,61308.79,True,False
Emergent_bounded_contradiction_d8e7d7,Emergent_complexity_constraint_0c13f0,0.9273031726763237,60559.46,61332.16,True,False
Emergent_bounded_contradiction_d8e7d7,Emergent_analogy_constraint_95c432,0.9273031726763237,60559.46,61332.5,True,False
Emergent_bounded_contradiction_d8e7d7,Emergent_bounded_clarity_fd8415,0.9201001726763236,60559.46,61355.79,True,False
Emergent_bounded_contradiction_d8e7d7,Emergent_analogy_cascade_c597be,0.8490780137406748,60559.46,61399.15,True,False
Emergent_bounded_contradiction_d8e7d7,Emergent_boundary_bounded_497fce,0.9214305887904783,60559.46,61423.96,True,False
Emergent_bounded_contradiction_d8e7d7,Emergent_emerges_entropy_7a1b09,0.8285252962632017,60559.46,61448.24,True,False
Emergent_bounded_contradiction_d8e7d7,Emergent_constraint_emerges_88e4cd,0.8297393017563626,60559.46,61471.29,True,False
Emergent_boundary_clarity_6b732b,Emergent_clarity_entropy_f29129,0.9305110795258849,60573.21,60573.55,True,False
Emergent_boundary_clarity_6b732b,Emergent_carefully_coherence_0a055c,0.9305073166094515,60573.21,60592.86,True,False
Emergent_boundary_clarity_6b732b,Emergent_bounded_chaos_6978e0,0.9305030803050918,60573.21,60610.06,True,False
Emergent_boundary_clarity_6b732b,Emergent_boundary_bounded_32e02f,0.9305030571339681,60573.21,60610.4,True,False
Emergent_boundary_clarity_6b732b,Emergent_carefully_coherence_7a9452,0.9305161957565056,60573.21,60631.48,True,False
Emergent_boundary_clarity_6b732b,Emergent_carefully_coherence_c4d3bc,0.9305161957565056,60573.21,60631.82,True,False
Emergent_boundary_clarity_6b732b,Emergent_carefully_coherence_6373e7,0.9305148157968959,60573.21,60653.64,True,False
Emergent_boundary_clarity_6b732b,Emergent_autonomy_bounded_72bafc,0.9305121873024014,60573.21,60677.34,True,False
Emergent_boundary_clarity_6b732b,Emergent_bounded_coherence_5ce930,0.9305125158642134,60573.21,60699.23,True,False
Emergent_boundary_clarity_6b732b,Emergent_carefully_clarity_0d7a6f,0.9304891554634973,60573.21,60788.94,True,False
Emergent_boundary_clarity_6b732b,Emergent_analogy_carefully_f01b47,0.9304894475647172,60573.21,60789.28,True,False
Emergent_boundary_clarity_6b732b,Emergent_appears_asymmetry_2723fa,0.9304993260413899,60573.21,60852.69,True,False
Emergent_boundary_clarity_6b732b,Emergent_bounded_coherence_e42f85,0.9304708402023216,60573.21,60935.95,True,False
Emergent_boundary_clarity_6b732b,Emergent_appears_asymmetry_c0f5ef,0.9304469025224322,60573.21,60954.94,True,False
Emergent_boundary_clarity_6b732b,Emergent_autonomy_collective_461851,0.930575413959879,60573.21,61021.5,True,False
Emergent_boundary_clarity_6b732b,Emergent_analogy_emerges_8a4649,0.9303449198485714,60573.21,61105.65,True,False
Emergent_boundary_clarity_6b732b,Emergent_bounded_coherence_a2e9f5,0.927026682821517,60573.21,61172.58,True,False
Emergent_boundary_clarity_6b732b,Emergent_analogy_clarity_0b0b60,0.9298677957301562,60573.21,61194.54,True,False
Emergent_boundary_clarity_6b732b,Emergent_clarity_complexity_e4a503,0.9298242772371372,60573.21,61194.88,True,False
Emergent_boundary_clarity_6b732b,Emergent_bounded_clarity_02332c,0.9317603587037167,60573.21,61240.36,True,False
Emergent_boundary_clarity_6b732b,Emergent_constraint_emergence_2ad214,0.9241049460848438,60573.21,61285.52,True,False
Emergent_boundary_clarity_6b732b,Emergent_complexity_constraint_d61373,0.9275602894037165,60573.21,61285.86,True,False
Emergent_boundary_clarity_6b732b,Emergent_constraint_focused_4a6458,0.9240308194037166,60573.21,61308.79,True,False
Emergent_boundary_clarity_6b732b,Emergent_complexity_constraint_0c13f0,0.9189887194037165,60573.21,61332.16,True,False
Emergent_boundary_clarity_6b732b,Emergent_analogy_constraint_95c432,0.9189887194037165,60573.21,61332.5,True,False
Emergent_boundary_clarity_6b732b,Emergent_bounded_clarity_fd8415,0.9117857194037167,60573.21,61355.79,True,False
Emergent_boundary_clarity_6b732b,Emergent_analogy_cascade_c597be,0.8360705174911014,60573.21,61399.15,True,False
Emergent_boundary_clarity_6b732b,Emergent_boundary_bounded_497fce,0.9155935369577608,60573.21,61423.96,True,False
Emergent_boundary_clarity_6b732b,Emergent_emerges_entropy_7a1b09,0.8114271447254202,60573.21,61448.24,True,False
Emergent_boundary_clarity_6b732b,Emergent_constraint_emerges_88e4cd,0.8126018763180951,60573.21,61471.29,True,False
Emergent_clarity_entropy_f29129,Emergent_carefully_coherence_0a055c,0.9348307928645068,60573.55,60592.86,True,False
Emergent_clarity_entropy_f29129,Emergent_bounded_chaos_6978e0,0.938676803094239,60573.55,60610.06,True,False
Emergent_clarity_entropy_f29129,Emergent_boundary_bounded_32e02f,0.9386767795838491,60573.55,60610.4,True,False
Emergent_clarity_entropy_f29129,Emergent_carefully_coherence_7a9452,0.9386897067811959,60573.55,60631.48,True,False
Emergent_clarity_entropy_f29129,Emergent_carefully_coherence_c4d3bc,0.9386897067811959,60573.55,60631.82,True,False
Emergent_clarity_entropy_f29129,Emergent_carefully_coherence_6373e7,0.9386883268215862,60573.55,60653.64,True,False
Emergent_clarity_entropy_f29129,Emergent_autonomy_bounded_72bafc,0.9386856983270917,60573.55,60677.34,True,False
Emergent_clarity_entropy_f29129,Emergent_bounded_coherence_5ce930,0.9386860268889035,60573.55,60699.23,True,False
Emergent_clarity_entropy_f29129,Emergent_carefully_clarity_0d7a6f,0.9386646930108267,60573.55,60788.94,True,False
Emergent_clarity_entropy_f29129,Emergent_analogy_carefully_f01b47,0.9386649944172958,60573.55,60789.28,True,False
Emergent_clarity_entropy_f29129,Emergent_appears_asymmetry_2723fa,0.9361552001267341,60573.55,60852.69,True,False
Emergent_clarity_entropy_f29129,Emergent_bounded_coherence_e42f85,0.9386433014702242,60573.55,60935.95,True,False
Emergent_clarity_entropy_f29129,Emergent_appears_asymmetry_c0f5ef,0.9386193637903348,60573.55,60954.94,True,False
Emergent_clarity_entropy_f29129,Emergent_autonomy_collective_461851,0.9387416459656108,60573.55,61021.5,True,False
Emergent_clarity_entropy_f29129,Emergent_analogy_emerges_8a4649,0.938511151854303,60573.55,61105.65,True,False
Emergent_clarity_entropy_f29129,Emergent_bounded_coherence_a2e9f5,0.9353807363320019,60573.55,61172.58,True,False
Emergent_clarity_entropy_f29129,Emergent_analogy_clarity_0b0b60,0.9379344151688482,60573.55,61194.54,True,False
Emergent_clarity_entropy_f29129,Emergent_clarity_complexity_e4a503,0.9338320854254414,60573.55,61194.88,True,False
Emergent_clarity_entropy_f29129,Emergent_bounded_clarity_02332c,0.9396828712890952,60573.55,61240.36,True,False
Emergent_clarity_entropy_f29129,Emergent_constraint_emergence_2ad214,0.9241049460848438,60573.55,61285.52,True,False
Emergent_clarity_entropy_f29129,Emergent_complexity_constraint_d61373,0.9354828019890953,60573.55,61285.86,True,False
Emergent_clarity_entropy_f29129,Emergent_constraint_focused_4a6458,0.9319533319890954,60573.55,61308.79,True,False
Emergent_clarity_entropy_f29129,Emergent_complexity_constraint_0c13f0,0.9269112319890953,60573.55,61332.16,True,False
Emergent_clarity_entropy_f29129,Emergent_analogy_constraint_95c432,0.9269112319890953,60573.55,61332.5,True,False
Emergent_clarity_entropy_f29129,Emergent_bounded_clarity_fd8415,0.9197082319890952,60573.55,61355.79,True,False
Emergent_clarity_entropy_f29129,Emergent_analogy_cascade_c597be,0.8484648444976683,60573.55,61399.15,True,False
Emergent_clarity_entropy_f29129,Emergent_boundary_bounded_497fce,0.9211554320204909,60573.55,61423.96,True,False
Emergent_clarity_entropy_f29129,Emergent_emerges_entropy_7a1b09,0.8277192948287924,60573.55,61448.24,True,False
Emergent_clarity_entropy_f29129,Emergent_constraint_emerges_88e4cd,0.8289314489627546,60573.55,61471.29,True,False
Emergent_carefully_coherence_0a055c,Emergent_bounded_chaos_6978e0,0.9348255937558632,60592.86,60610.06,True,False
Emergent_carefully_coherence_0a055c,Emergent_boundary_bounded_32e02f,0.934825570405289,60592.86,60610.4,True,False
Emergent_carefully_coherence_0a055c,Emergent_carefully_coherence_7a9452,0.9348394661055943,60592.86,60631.48,True,False
Emergent_carefully_coherence_0a055c,Emergent_carefully_coherence_c4d3bc,0.9348394661055943,60592.86,60631.82,True,False
Emergent_carefully_coherence_0a055c,Emergent_carefully_coherence_6373e7,0.9348380861459846,60592.86,60653.64,True,False
Emergent_carefully_coherence_0a055c,Emergent_autonomy_bounded_72bafc,0.9348354576514901,60592.86,60677.34,True,False
Emergent_carefully_coherence_0a055c,Emergent_bounded_coherence_5ce930,0.9348357862133019,60592.86,60699.23,True,False
Emergent_carefully_coherence_0a055c,Emergent_carefully_clarity_0d7a6f,0.9348134977148825,60592.86,60788.94,True,False
Emergent_carefully_coherence_0a055c,Emergent_analogy_carefully_f01b47,0.9348137947379906,60592.86,60789.28,True,False
Emergent_carefully_coherence_0a055c,Emergent_appears_asymmetry_2723fa,0.9348220411355361,60592.86,60852.69,True,False
Emergent_carefully_coherence_0a055c,Emergent_bounded_coherence_e42f85,0.9347935552964679,60592.86,60935.95,True,False
Emergent_carefully_coherence_0a055c,Emergent_appears_asymmetry_c0f5ef,0.9347696176165785,60592.86,60954.94,True,False
Emergent_carefully_coherence_0a055c,Emergent_autonomy_collective_461851,0.9348948341683443,60592.86,61021.5,True,False
Emergent_carefully_coherence_0a055c,Emergent_analogy_emerges_8a4649,0.9346643400570365,60592.86,61105.65,True,False
Emergent_carefully_coherence_0a055c,Emergent_bounded_coherence_a2e9f5,0.931445448726093,60592.86,61172.58,True,False
Emergent_carefully_coherence_0a055c,Emergent_analogy_clarity_0b0b60,0.9341345271912544,60592.86,61194.54,True,False
Emergent_carefully_coherence_0a055c,Emergent_clarity_complexity_e4a503,0.9338320854254414,60592.86,61194.88,True,False
Emergent_carefully_coherence_0a055c,Emergent_bounded_clarity_02332c,0.9359508667543186,60592.86,61240.36,True,False
Emergent_carefully_coherence_0a055c,Emergent_constraint_emergence_2ad214,0.9241049460848438,60592.86,61285.52,True,False
Emergent_carefully_coherence_0a055c,Emergent_complexity_constraint_d61373,0.9317507974543187,60592.86,61285.86,True,False
Emergent_carefully_coherence_0a055c,Emergent_constraint_focused_4a6458,0.9282213274543187,60592.86,61308.79,True,False
Emergent_carefully_coherence_0a055c,Emergent_complexity_constraint_0c13f0,0.9231792274543187,60592.86,61332.16,True,False
Emergent_carefully_coherence_0a055c,Emergent_analogy_constraint_95c432,0.9231792274543187,60592.86,61332.5,True,False
Emergent_carefully_coherence_0a055c,Emergent_bounded_clarity_fd8415,0.9159762274543188,60592.86,61355.79,True,False
Emergent_carefully_coherence_0a055c,Emergent_analogy_cascade_c597be,0.8426263325236543,60592.86,61399.15,True,False
Emergent_carefully_coherence_0a055c,Emergent_boundary_bounded_497fce,0.9185354276503661,60592.86,61423.96,True,False
Emergent_carefully_coherence_0a055c,Emergent_emerges_entropy_7a1b09,0.8200446616348662,60592.86,61448.24,True,False
Emergent_carefully_coherence_0a055c,Emergent_constraint_emerges_88e4cd,0.8212391873848679,60592.86,61471.29,True,False
Emergent_bounded_chaos_6978e0,Emergent_boundary_bounded_32e02f,0.9451013921401361,60610.06,60610.4,True,False
Emergent_bounded_chaos_6978e0,Emergent_carefully_coherence_7a9452,0.9421929286936175,60610.06,60631.48,True,False
Emergent_bounded_chaos_6978e0,Emergent_carefully_coherence_c4d3bc,0.8911193555086052,60610.06,60631.82,True,False
Emergent_bounded_chaos_6978e0,Emergent_carefully_coherence_6373e7,0.8920801416112094,60610.06,60653.64,True,False
Emergent_bounded_chaos_6978e0,Emergent_autonomy_bounded_72bafc,0.8951973625254201,60610.06,60677.34,True,False
Emergent_bounded_chaos_6978e0,Emergent_bounded_coherence_5ce930,0.946125715536827,60610.06,60699.23,True,False
Emergent_bounded_chaos_6978e0,Emergent_carefully_clarity_0d7a6f,0.9436069491040497,60610.06,60788.94,True,False
Emergent_bounded_chaos_6978e0,Emergent_analogy_carefully_f01b47,0.8930823129082952,60610.06,60789.28,True,False
Emergent_bounded_chaos_6978e0,Emergent_appears_asymmetry_2723fa,0.9361552001267341,60610.06,60852.69,True,False
Emergent_bounded_chaos_6978e0,Emergent_bounded_coherence_e42f85,0.8951665601145913,60610.06,60935.95,True,False
Emergent_bounded_chaos_6978e0,Emergent_appears_asymmetry_c0f5ef,0.8951498037386689,60610.06,60954.94,True,False
Emergent_bounded_chaos_6978e0,Emergent_autonomy_collective_461851,0.8952287278137812,60610.06,61021.5,True,False
Emergent_bounded_chaos_6978e0,Emergent_analogy_emerges_8a4649,0.8950673819358659,60610.06,61105.65,True,False
Emergent_bounded_chaos_6978e0,Emergent_bounded_coherence_a2e9f5,0.8930773054247136,60610.06,61172.58,True,False
Emergent_bounded_chaos_6978e0,Emergent_analogy_clarity_0b0b60,0.8945569506890558,60610.06,61194.54,True,False
Emergent_bounded_chaos_6978e0,Emergent_clarity_complexity_e4a503,0.9338320854254414,60610.06,61194.88,True,False
Emergent_bounded_chaos_6978e0,Emergent_bounded_clarity_02332c,0.9445569923306589,60610.06,61240.36,True,False
Emergent_bounded_chaos_6978e0,Emergent_constraint_emergence_2ad214,0.9241049460848438,60610.06,61285.52,True,False
Emergent_bounded_chaos_6978e0,Emergent_complexity_constraint_d61373,0.8926864388886642,60610.06,61285.86,True,False
Emergent_bounded_chaos_6978e0,Emergent_constraint_focused_4a6458,0.8902158098886641,60610.06,61308.79,True,False
Emergent_bounded_chaos_6978e0,Emergent_complexity_constraint_0c13f0,0.8866863398886642,60610.06,61332.16,True,False
Emergent_bounded_chaos_6978e0,Emergent_analogy_constraint_95c432,0.8866863398886642,60610.06,61332.5,True,False
Emergent_bounded_chaos_6978e0,Emergent_bounded_clarity_fd8415,0.8800975072254276,60610.06,61355.79,True,False
Emergent_bounded_chaos_6978e0,Emergent_analogy_cascade_c597be,0.8674335875744827,60610.06,61399.15,True,False
Emergent_bounded_chaos_6978e0,Emergent_boundary_bounded_497fce,0.9248396918859185,60610.06,61423.96,True,False
Emergent_bounded_chaos_6978e0,Emergent_emerges_entropy_7a1b09,0.84859668291139,60610.06,61448.24,True,False
Emergent_bounded_chaos_6978e0,Emergent_constraint_emerges_88e4cd,0.8376018047013638,60610.06,61471.29,True,False
Emergent_boundary_bounded_32e02f,Emergent_carefully_coherence_7a9452,0.9421928869562357,60610.4,60631.48,True,False
Emergent_boundary_bounded_32e02f,Emergent_carefully_coherence_c4d3bc,0.9451147343084065,60610.4,60631.82,True,False
Emergent_boundary_bounded_32e02f,Emergent_carefully_coherence_6373e7,0.9451148744806301,60610.4,60653.64,True,False
Emergent_boundary_bounded_32e02f,Emergent_autonomy_bounded_72bafc,0.9451122459861356,60610.4,60677.34,True,False
Emergent_boundary_bounded_32e02f,Emergent_bounded_coherence_5ce930,0.9451125745479474,60610.4,60699.23,True,False
Emergent_boundary_bounded_32e02f,Emergent_carefully_clarity_0d7a6f,0.9436069491040497,60610.4,60788.94,True,False
Emergent_boundary_bounded_32e02f,Emergent_analogy_carefully_f01b47,0.9450931427770557,60610.4,60789.28,True,False
Emergent_boundary_bounded_32e02f,Emergent_appears_asymmetry_2723fa,0.9361552001267341,60610.4,60852.69,True,False
Emergent_boundary_bounded_32e02f,Emergent_bounded_coherence_e42f85,0.9450690237419892,60610.4,60935.95,True,False
Emergent_boundary_bounded_32e02f,Emergent_appears_asymmetry_c0f5ef,0.9450450860620998,60610.4,60954.94,True,False
Emergent_boundary_bounded_32e02f,Emergent_autonomy_collective_461851,0.9451624703850205,60610.4,61021.5,True,False
Emergent_boundary_bounded_32e02f,Emergent_analogy_emerges_8a4649,0.944931976273713,60610.4,61105.65,True,False
Emergent_boundary_bounded_32e02f,Emergent_bounded_coherence_a2e9f5,0.9419492382731085,60610.4,61172.58,True,False
Emergent_boundary_bounded_32e02f,Emergent_analogy_clarity_0b0b60,0.9442769176886985,60610.4,61194.54,True,False
Emergent_boundary_bounded_32e02f,Emergent_clarity_complexity_e4a503,0.9338320854254414,60610.4,61194.88,True,False
Emergent_boundary_bounded_32e02f,Emergent_bounded_clarity_02332c,0.9445569923306589,60610.4,61240.36,True,False
Emergent_boundary_bounded_32e02f,Emergent_constraint_emergence_2ad214,0.9241049460848438,60610.4,61285.52,True,False
Emergent_boundary_bounded_32e02f,Emergent_complexity_constraint_d61373,0.9417119982984306,60610.4,61285.86,True,False
Emergent_boundary_bounded_32e02f,Emergent_constraint_focused_4a6458,0.9381825282984306,60610.4,61308.79,True,False
Emergent_boundary_bounded_32e02f,Emergent_complexity_constraint_0c13f0,0.9331404282984306,60610.4,61332.16,True,False
Emergent_boundary_bounded_32e02f,Emergent_analogy_constraint_95c432,0.9331404282984306,60610.4,61332.5,True,False
Emergent_boundary_bounded_32e02f,Emergent_bounded_clarity_fd8415,0.9259374282984307,60610.4,61355.79,True,False
Emergent_boundary_bounded_32e02f,Emergent_analogy_cascade_c597be,0.858210073074331,60610.4,61399.15,True,False
Emergent_boundary_bounded_32e02f,Emergent_boundary_bounded_497fce,0.9248396918859185,60610.4,61423.96,True,False
Emergent_boundary_bounded_32e02f,Emergent_emerges_entropy_7a1b09,0.8405292462427365,60610.4,61448.24,True,False
Emergent_boundary_bounded_32e02f,Emergent_constraint_emerges_88e4cd,0.8376018047013638,60610.4,61471.29,True,False
Emergent_carefully_coherence_7a9452,Emergent_carefully_coherence_c4d3bc,0.9421911871823134,60631.48,60631.82,True,False
Emergent_carefully_coherence_7a9452,Emergent_carefully_coherence_6373e7,0.9421930271284595,60631.48,60653.64,True,False
Emergent_carefully_coherence_7a9452,Emergent_autonomy_bounded_72bafc,0.942190398633965,60631.48,60677.34,True,False
Emergent_carefully_coherence_7a9452,Emergent_bounded_coherence_5ce930,0.9421907271957768,60631.48,60699.23,True,False
Emergent_carefully_coherence_7a9452,Emergent_carefully_clarity_0d7a6f,0.9421702622655115,60631.48,60788.94,True,False
Emergent_carefully_coherence_7a9452,Emergent_analogy_carefully_f01b47,0.9421705676619561,60631.48,60789.28,True,False
Emergent_carefully_coherence_7a9452,Emergent_appears_asymmetry_2723fa,0.9361552001267341,60631.48,60852.69,True,False
Emergent_carefully_coherence_7a9452,Emergent_bounded_coherence_e42f85,0.9421475516543873,60631.48,60935.95,True,False
Emergent_carefully_coherence_7a9452,Emergent_appears_asymmetry_c0f5ef,0.9421236139744982,60631.48,60954.94,True,False
Emergent_carefully_coherence_7a9452,Emergent_autonomy_collective_461851,0.942243225119298,60631.48,61021.5,True,False
Emergent_carefully_coherence_7a9452,Emergent_analogy_emerges_8a4649,0.9420127310079902,60631.48,61105.65,True,False
Emergent_carefully_coherence_7a9452,Emergent_bounded_coherence_a2e9f5,0.9389628510209513,60631.48,61172.58,True,False
Emergent_carefully_coherence_7a9452,Emergent_analogy_clarity_0b0b60,0.9413932816873873,60631.48,61194.54,True,False
Emergent_carefully_coherence_7a9452,Emergent_clarity_complexity_e4a503,0.9338320854254414,60631.48,61194.88,True,False
Emergent_carefully_coherence_7a9452,Emergent_bounded_clarity_02332c,0.9430799465735489,60631.48,61240.36,True,False
Emergent_carefully_coherence_7a9452,Emergent_constraint_emergence_2ad214,0.9241049460848438,60631.48,61285.52,True,False
Emergent_carefully_coherence_7a9452,Emergent_complexity_constraint_d61373,0.9388798772735489,60631.48,61285.86,True,False
Emergent_carefully_coherence_7a9452,Emergent_constraint_focused_4a6458,0.9353504072735488,60631.48,61308.79,True,False
Emergent_carefully_coherence_7a9452,Emergent_complexity_constraint_0c13f0,0.930308307273549,60631.48,61332.16,True,False
Emergent_carefully_coherence_7a9452,Emergent_analogy_constraint_95c432,0.930308307273549,60631.48,61332.5,True,False
Emergent_carefully_coherence_7a9452,Emergent_bounded_clarity_fd8415,0.9231053072735491,60631.48,61355.79,True,False
Emergent_carefully_coherence_7a9452,Emergent_analogy_cascade_c597be,0.8537793784271128,60631.48,61399.15,True,False
Emergent_carefully_coherence_7a9452,Emergent_boundary_bounded_497fce,0.9235403037450489,60631.48,61423.96,True,False
Emergent_carefully_coherence_7a9452,Emergent_emerges_entropy_7a1b09,0.8347051670316232,60631.48,61448.24,True,False
Emergent_carefully_coherence_7a9452,Emergent_constraint_emerges_88e4cd,0.83593336748785,60631.48,61471.29,True,False
Emergent_carefully_coherence_c4d3bc,Emergent_carefully_coherence_6373e7,0.8911194244129947,60631.82,60653.64,True,False
Emergent_carefully_coherence_c4d3bc,Emergent_autonomy_bounded_72bafc,0.8911175844668484,60631.82,60677.34,True,False
Emergent_carefully_coherence_c4d3bc,Emergent_bounded_coherence_5ce930,0.946125715536827,60631.82,60699.23,True,False
Emergent_carefully_coherence_c4d3bc,Emergent_carefully_clarity_0d7a6f,0.9436069491040497,60631.82,60788.94,True,False
Emergent_carefully_coherence_c4d3bc,Emergent_analogy_carefully_f01b47,0.891104591109108,60631.82,60789.28,True,False
Emergent_carefully_coherence_c4d3bc,Emergent_appears_asymmetry_2723fa,0.9361552001267341,60631.82,60852.69,True,False
Emergent_carefully_coherence_c4d3bc,Emergent_bounded_coherence_e42f85,0.8910871335253558,60631.82,60935.95,True,False
Emergent_carefully_coherence_c4d3bc,Emergent_appears_asymmetry_c0f5ef,0.8910703771494335,60631.82,60954.94,True,False
Emergent_carefully_coherence_c4d3bc,Emergent_autonomy_collective_461851,0.8911513868453926,60631.82,61021.5,True,False
Emergent_carefully_coherence_c4d3bc,Emergent_analogy_emerges_8a4649,0.8909900409674774,60631.82,61105.65,True,False
Emergent_carefully_coherence_c4d3bc,Emergent_bounded_coherence_a2e9f5,0.888937079890697,60631.82,61172.58,True,False
Emergent_carefully_coherence_c4d3bc,Emergent_analogy_clarity_0b0b60,0.8905129610294946,60631.82,61194.54,True,False
Emergent_carefully_coherence_c4d3bc,Emergent_clarity_complexity_e4a503,0.9338320854254414,60631.82,61194.88,True,False
Emergent_carefully_coherence_c4d3bc,Emergent_bounded_clarity_02332c,0.9445569923306589,60631.82,61240.36,True,False
Emergent_carefully_coherence_c4d3bc,Emergent_constraint_emergence_2ad214,0.9241049460848438,60631.82,61285.52,True,False
Emergent_carefully_coherence_c4d3bc,Emergent_complexity_constraint_d61373,0.8886906976811983,60631.82,61285.86,True,False
Emergent_carefully_coherence_c4d3bc,Emergent_constraint_focused_4a6458,0.8862200686811983,60631.82,61308.79,True,False
Emergent_carefully_coherence_c4d3bc,Emergent_complexity_constraint_0c13f0,0.8826905986811981,60631.82,61332.16,True,False
Emergent_carefully_coherence_c4d3bc,Emergent_analogy_constraint_95c432,0.8826905986811981,60631.82,61332.5,True,False
Emergent_carefully_coherence_c4d3bc,Emergent_bounded_clarity_fd8415,0.8765723873200055,60631.82,61355.79,True,False
Emergent_carefully_coherence_c4d3bc,Emergent_analogy_cascade_c597be,0.8615053764778906,60631.82,61399.15,True,False
Emergent_carefully_coherence_c4d3bc,Emergent_boundary_bounded_497fce,0.9248396918859185,60631.82,61423.96,True,False
Emergent_carefully_coherence_c4d3bc,Emergent_emerges_entropy_7a1b09,0.8448608713207661,60631.82,61448.24,True,False
Emergent_carefully_coherence_c4d3bc,Emergent_constraint_emerges_88e4cd,0.8376018047013638,60631.82,61471.29,True,False
Emergent_carefully_coherence_6373e7,Emergent_autonomy_bounded_72bafc,0.8920783016650633,60653.64,60677.34,True,False
Emergent_carefully_coherence_6373e7,Emergent_bounded_coherence_5ce930,0.946125715536827,60653.64,60699.23,True,False
Emergent_carefully_coherence_6373e7,Emergent_carefully_clarity_0d7a6f,0.9436069491040497,60653.64,60788.94,True,False
Emergent_carefully_coherence_6373e7,Emergent_analogy_carefully_f01b47,0.8920654688161185,60653.64,60789.28,True,False
Emergent_carefully_coherence_6373e7,Emergent_appears_asymmetry_2723fa,0.9361552001267341,60653.64,60852.69,True,False
Emergent_carefully_coherence_6373e7,Emergent_bounded_coherence_e42f85,0.8920477679586185,60653.64,60935.95,True,False
Emergent_carefully_coherence_6373e7,Emergent_appears_asymmetry_c0f5ef,0.8920310115826962,60653.64,60954.94,True,False
Emergent_carefully_coherence_6373e7,Emergent_autonomy_collective_461851,0.8921115301510039,60653.64,61021.5,True,False
Emergent_carefully_coherence_6373e7,Emergent_analogy_emerges_8a4649,0.8919501842730884,60653.64,61105.65,True,False
Emergent_carefully_coherence_6373e7,Emergent_bounded_coherence_a2e9f5,0.889912031424313,60653.64,61172.58,True,False
Emergent_carefully_coherence_6373e7,Emergent_analogy_clarity_0b0b60,0.8914652506784819,60653.64,61194.54,True,False
Emergent_carefully_coherence_6373e7,Emergent_clarity_complexity_e4a503,0.9338320854254414,60653.64,61194.88,True,False
Emergent_carefully_coherence_6373e7,Emergent_bounded_clarity_02332c,0.9445569923306589,60653.64,61240.36,True,False
Emergent_carefully_coherence_6373e7,Emergent_constraint_emergence_2ad214,0.9241049460848438,60653.64,61285.52,True,False
Emergent_carefully_coherence_6373e7,Emergent_complexity_constraint_d61373,0.8896316256538763,60653.64,61285.86,True,False
Emergent_carefully_coherence_6373e7,Emergent_constraint_focused_4a6458,0.8871609966538763,60653.64,61308.79,True,False
Emergent_carefully_coherence_6373e7,Emergent_complexity_constraint_0c13f0,0.8836315266538763,60653.64,61332.16,True,False
Emergent_carefully_coherence_6373e7,Emergent_analogy_constraint_95c432,0.8836315266538763,60653.64,61332.5,True,False
Emergent_carefully_coherence_6373e7,Emergent_bounded_clarity_fd8415,0.8775096911128808,60653.64,61355.79,True,False
Emergent_carefully_coherence_6373e7,Emergent_analogy_cascade_c597be,0.8629013676993194,60653.64,61399.15,True,False
Emergent_carefully_coherence_6373e7,Emergent_boundary_bounded_497fce,0.9248396918859185,60653.64,61423.96,True,False
Emergent_carefully_coherence_6373e7,Emergent_emerges_entropy_7a1b09,0.8466958800719839,60653.64,61448.24,True,False
Emergent_carefully_coherence_6373e7,Emergent_constraint_emerges_88e4cd,0.8376018047013638,60653.64,61471.29,True,False
Emergent_autonomy_bounded_72bafc,Emergent_bounded_coherence_5ce930,0.9461184871769672,60677.34,60699.23,True,False
Emergent_autonomy_bounded_72bafc,Emergent_carefully_clarity_0d7a6f,0.9436069491040497,60677.34,60788.94,True,False
Emergent_autonomy_bounded_72bafc,Emergent_analogy_carefully_f01b47,0.8930823129082952,60677.34,60789.28,True,False
Emergent_autonomy_bounded_72bafc,Emergent_appears_asymmetry_2723fa,0.9361552001267341,60677.34,60852.69,True,False
Emergent_autonomy_bounded_72bafc,Emergent_bounded_coherence_e42f85,0.9015890394909629,60677.34,60935.95,True,False
Emergent_autonomy_bounded_72bafc,Emergent_appears_asymmetry_c0f5ef,0.8980773338122803,60677.34,60954.94,True,False
Emergent_autonomy_bounded_72bafc,Emergent_autonomy_collective_461851,0.8966838953614524,60677.34,61021.5,True,False
Emergent_autonomy_bounded_72bafc,Emergent_analogy_emerges_8a4649,0.9039830251596572,60677.34,61105.65,True,False
Emergent_autonomy_bounded_72bafc,Emergent_bounded_coherence_a2e9f5,0.9059380001317447,60677.34,61172.58,True,False
Emergent_autonomy_bounded_72bafc,Emergent_analogy_clarity_0b0b60,0.9071187099417106,60677.34,61194.54,True,False
Emergent_autonomy_bounded_72bafc,Emergent_clarity_complexity_e4a503,0.9338320854254414,60677.34,61194.88,True,False
Emergent_autonomy_bounded_72bafc,Emergent_bounded_clarity_02332c,0.9445569923306589,60677.34,61240.36,True,False
Emergent_autonomy_bounded_72bafc,Emergent_constraint_emergence_2ad214,0.9241049460848438,60677.34,61285.52,True,False
Emergent_autonomy_bounded_72bafc,Emergent_complexity_constraint_d61373,0.903967014560112,60677.34,61285.86,True,False
Emergent_autonomy_bounded_72bafc,Emergent_constraint_focused_4a6458,0.8986072129646001,60677.34,61308.79,True,False
Emergent_autonomy_bounded_72bafc,Emergent_complexity_constraint_0c13f0,0.8990982259985663,60677.34,61332.16,True,False
Emergent_autonomy_bounded_72bafc,Emergent_analogy_constraint_95c432,0.8883690455203934,60677.34,61332.5,True,False
Emergent_autonomy_bounded_72bafc,Emergent_bounded_clarity_fd8415,0.8800975072254276,60677.34,61355.79,True,False
Emergent_autonomy_bounded_72bafc,Emergent_analogy_cascade_c597be,0.8731029721261703,60677.34,61399.15,True,False
Emergent_autonomy_bounded_72bafc,Emergent_boundary_bounded_497fce,0.9248396918859185,60677.34,61423.96,True,False
Emergent_autonomy_bounded_72bafc,Emergent_emerges_entropy_7a1b09,0.84859668291139,60677.34,61448.24,True,False
Emergent_autonomy_bounded_72bafc,Emergent_constraint_emerges_88e4cd,0.8376018047013638,60677.34,61471.29,True,False
Emergent_bounded_coherence_5ce930,Emergent_carefully_clarity_0d7a6f,0.9436069491040497,60699.23,60788.94,True,False
Emergent_bounded_coherence_5ce930,Emergent_analogy_carefully_f01b47,0.9461065361153447,60699.23,60789.28,True,False
Emergent_bounded_coherence_5ce930,Emergent_appears_asymmetry_2723fa,0.9361552001267341,60699.23,60852.69,True,False
Emergent_bounded_coherence_5ce930,Emergent_bounded_coherence_e42f85,0.9460820346091099,60699.23,60935.95,True,False
Emergent_bounded_coherence_5ce930,Emergent_appears_asymmetry_c0f5ef,0.9460580969292207,60699.23,60954.94,True,False
Emergent_bounded_coherence_5ce930,Emergent_autonomy_collective_461851,0.9461747091089563,60699.23,61021.5,True,False
Emergent_bounded_coherence_5ce930,Emergent_analogy_emerges_8a4649,0.9459442149976487,60699.23,61105.65,True,False
Emergent_bounded_coherence_5ce930,Emergent_bounded_coherence_a2e9f5,0.9429847582606878,60699.23,61172.58,True,False
Emergent_bounded_coherence_5ce930,Emergent_analogy_clarity_0b0b60,0.9452768090169592,60699.23,61194.54,True,False
Emergent_bounded_coherence_5ce930,Emergent_clarity_complexity_e4a503,0.9338320854254414,60699.23,61194.88,True,False
Emergent_bounded_coherence_5ce930,Emergent_bounded_clarity_02332c,0.9445569923306589,60699.23,61240.36,True,False
Emergent_bounded_coherence_5ce930,Emergent_constraint_emergence_2ad214,0.9241049460848438,60699.23,61285.52,True,False
Emergent_bounded_coherence_5ce930,Emergent_complexity_constraint_d61373,0.9426940269775275,60699.23,61285.86,True,False
Emergent_bounded_coherence_5ce930,Emergent_constraint_focused_4a6458,0.9391645569775278,60699.23,61308.79,True,False
Emergent_bounded_coherence_5ce930,Emergent_complexity_constraint_0c13f0,0.9341224569775277,60699.23,61332.16,True,False
Emergent_bounded_coherence_5ce930,Emergent_analogy_constraint_95c432,0.9341224569775277,60699.23,61332.5,True,False
Emergent_bounded_coherence_5ce930,Emergent_bounded_clarity_fd8415,0.9269194569775276,60699.23,61355.79,True,False
Emergent_bounded_coherence_5ce930,Emergent_analogy_cascade_c597be,0.859746401915388,60699.23,61399.15,True,False
Emergent_bounded_coherence_5ce930,Emergent_boundary_bounded_497fce,0.9248396918859185,60699.23,61423.96,True,False
Emergent_bounded_coherence_5ce930,Emergent_emerges_entropy_7a1b09,0.8425487266125362,60699.23,61448.24,True,False
Emergent_bounded_coherence_5ce930,Emergent_constraint_emerges_88e4cd,0.8376018047013638,60699.23,61471.29,True,False
Emergent_carefully_clarity_0d7a6f,Emergent_analogy_carefully_f01b47,0.9435933019990583,60788.94,60789.28,True,False
Emergent_carefully_clarity_0d7a6f,Emergent_appears_asymmetry_2723fa,0.9361552001267341,60788.94,60852.69,True,False
Emergent_carefully_clarity_0d7a6f,Emergent_bounded_coherence_e42f85,0.9435836978984831,60788.94,60935.95,True,False
Emergent_carefully_clarity_0d7a6f,Emergent_appears_asymmetry_c0f5ef,0.9435597602185937,60788.94,60954.94,True,False
Emergent_carefully_clarity_0d7a6f,Emergent_autonomy_collective_461851,0.9436782766954377,60788.94,61021.5,True,False
Emergent_carefully_clarity_0d7a6f,Emergent_analogy_emerges_8a4649,0.9434477825841301,60788.94,61105.65,True,False
Emergent_carefully_clarity_0d7a6f,Emergent_bounded_coherence_a2e9f5,0.9404309084615143,60788.94,61172.58,True,False
Emergent_carefully_clarity_0d7a6f,Emergent_analogy_clarity_0b0b60,0.9428108283516863,60788.94,61194.54,True,False
Emergent_carefully_clarity_0d7a6f,Emergent_clarity_complexity_e4a503,0.9338320854254414,60788.94,61194.88,True,False
Emergent_carefully_clarity_0d7a6f,Emergent_bounded_clarity_02332c,0.9444721693471188,60788.94,61240.36,True,False
Emergent_carefully_clarity_0d7a6f,Emergent_constraint_emergence_2ad214,0.9241049460848438,60788.94,61285.52,True,False
Emergent_carefully_clarity_0d7a6f,Emergent_complexity_constraint_d61373,0.9402721000471188,60788.94,61285.86,True,False
Emergent_carefully_clarity_0d7a6f,Emergent_constraint_focused_4a6458,0.9367426300471189,60788.94,61308.79,True,False
Emergent_carefully_clarity_0d7a6f,Emergent_complexity_constraint_0c13f0,0.9317005300471188,60788.94,61332.16,True,False
Emergent_carefully_clarity_0d7a6f,Emergent_analogy_constraint_95c432,0.9317005300471188,60788.94,61332.5,True,False
Emergent_carefully_clarity_0d7a6f,Emergent_bounded_clarity_fd8415,0.924497530047119,60788.94,61355.79,True,False
Emergent_carefully_clarity_0d7a6f,Emergent_analogy_cascade_c597be,0.8559574329439916,60788.94,61399.15,True,False
Emergent_carefully_clarity_0d7a6f,Emergent_boundary_bounded_497fce,0.924517695309542,60788.94,61423.96,True,False
Emergent_carefully_clarity_0d7a6f,Emergent_emerges_entropy_7a1b09,0.8375681858226811,60788.94,61448.24,True,False
Emergent_carefully_clarity_0d7a6f,Emergent_constraint_emerges_88e4cd,0.8376018047013638,60788.94,61471.29,True,False
Emergent_analogy_carefully_f01b47,Emergent_appears_asymmetry_2723fa,0.9361552001267341,60789.28,60852.69,True,False
Emergent_analogy_carefully_f01b47,Emergent_bounded_coherence_e42f85,0.8930643546075518,60789.28,60935.95,True,False
Emergent_analogy_carefully_f01b47,Emergent_appears_asymmetry_c0f5ef,0.8930475982316295,60789.28,60954.94,True,False
Emergent_analogy_carefully_f01b47,Emergent_autonomy_collective_461851,0.8931275970665236,60789.28,61021.5,True,False
Emergent_analogy_carefully_f01b47,Emergent_analogy_emerges_8a4649,0.8929662511886078,60789.28,61105.65,True,False
Emergent_analogy_carefully_f01b47,Emergent_bounded_coherence_a2e9f5,0.8909437690740507,60789.28,61172.58,True,False
Emergent_analogy_carefully_f01b47,Emergent_analogy_clarity_0b0b60,0.8924730065006317,60789.28,61194.54,True,False
Emergent_analogy_carefully_f01b47,Emergent_clarity_complexity_e4a503,0.9338320854254414,60789.28,61194.88,True,False
Emergent_analogy_carefully_f01b47,Emergent_bounded_clarity_02332c,0.9445569923306589,60789.28,61240.36,True,False
Emergent_analogy_carefully_f01b47,Emergent_constraint_emergence_2ad214,0.9241049460848438,60789.28,61285.52,True,False
Emergent_analogy_carefully_f01b47,Emergent_complexity_constraint_d61373,0.8906273580381339,60789.28,61285.86,True,False
Emergent_analogy_carefully_f01b47,Emergent_constraint_focused_4a6458,0.8881567290381338,60789.28,61308.79,True,False
Emergent_analogy_carefully_f01b47,Emergent_complexity_constraint_0c13f0,0.8846272590381339,60789.28,61332.16,True,False
Emergent_analogy_carefully_f01b47,Emergent_analogy_constraint_95c432,0.8846272590381339,60789.28,61332.5,True,False
Emergent_analogy_carefully_f01b47,Emergent_bounded_clarity_fd8415,0.8785015882267451,60789.28,61355.79,True,False
Emergent_analogy_carefully_f01b47,Emergent_analogy_cascade_c597be,0.8643786685211448,60789.28,61399.15,True,False
Emergent_analogy_carefully_f01b47,Emergent_boundary_bounded_497fce,0.9248396918859185,60789.28,61423.96,True,False
Emergent_analogy_carefully_f01b47,Emergent_emerges_entropy_7a1b09,0.84859668291139,60789.28,61448.24,True,False
Emergent_analogy_carefully_f01b47,Emergent_constraint_emerges_88e4cd,0.8376018047013638,60789.28,61471.29,True,False
Emergent_appears_asymmetry_2723fa,Emergent_bounded_coherence_e42f85,0.9361267142876659,60852.69,60935.95,True,False
Emergent_appears_asymmetry_2723fa,Emergent_appears_asymmetry_c0f5ef,0.9361027766077765,60852.69,60954.94,True,False
Emergent_appears_asymmetry_2723fa,Emergent_autonomy_collective_461851,0.9362269769911444,60852.69,61021.5,True,False
Emergent_appears_asymmetry_2723fa,Emergent_analogy_emerges_8a4649,0.9359964828798368,60852.69,61105.65,True,False
Emergent_appears_asymmetry_2723fa,Emergent_bounded_coherence_a2e9f5,0.9328082305350682,60852.69,61172.58,True,False
Emergent_appears_asymmetry_2723fa,Emergent_analogy_clarity_0b0b60,0.9354504203941383,60852.69,61194.54,True,False
Emergent_appears_asymmetry_2723fa,Emergent_clarity_complexity_e4a503,0.9338320854254414,60852.69,61194.88,True,False
Emergent_appears_asymmetry_2723fa,Emergent_bounded_clarity_02332c,0.9372432520639387,60852.69,61240.36,True,False
Emergent_appears_asymmetry_2723fa,Emergent_constraint_emergence_2ad214,0.9241049460848438,60852.69,61285.52,True,False
Emergent_appears_asymmetry_2723fa,Emergent_complexity_constraint_d61373,0.9330431827639387,60852.69,61285.86,True,False
Emergent_appears_asymmetry_2723fa,Emergent_constraint_focused_4a6458,0.9295137127639388,60852.69,61308.79,True,False
Emergent_appears_asymmetry_2723fa,Emergent_complexity_constraint_0c13f0,0.9244716127639387,60852.69,61332.16,True,False
Emergent_appears_asymmetry_2723fa,Emergent_analogy_constraint_95c432,0.9244716127639387,60852.69,61332.5,True,False
Emergent_appears_asymmetry_2723fa,Emergent_bounded_clarity_fd8415,0.9172686127639389,60852.69,61355.79,True,False
Emergent_appears_asymmetry_2723fa,Emergent_analogy_cascade_c597be,0.8446481969225164,60852.69,61399.15,True,False
Emergent_appears_asymmetry_2723fa,Emergent_boundary_bounded_497fce,0.9194427296451888,60852.69,61423.96,True,False
Emergent_appears_asymmetry_2723fa,Emergent_emerges_entropy_7a1b09,0.8227023709447361,60852.69,61448.24,True,False
Emergent_appears_asymmetry_2723fa,Emergent_constraint_emerges_88e4cd,0.8239030013669726,60852.69,61471.29,True,False
Emergent_bounded_coherence_e42f85,Emergent_appears_asymmetry_c0f5ef,0.8980773338122803,60935.95,60954.94,True,False
Emergent_bounded_coherence_e42f85,Emergent_autonomy_collective_461851,0.8966838953614524,60935.95,61021.5,True,False
Emergent_bounded_coherence_e42f85,Emergent_analogy_emerges_8a4649,0.9014865777976102,60935.95,61105.65,True,False
Emergent_bounded_coherence_e42f85,Emergent_bounded_coherence_a2e9f5,0.8995955041284025,60935.95,61172.58,True,False
Emergent_bounded_coherence_e42f85,Emergent_analogy_clarity_0b0b60,0.9009236396387548,60935.95,61194.54,True,False
Emergent_bounded_coherence_e42f85,Emergent_clarity_complexity_e4a503,0.9338320854254414,60935.95,61194.88,True,False
Emergent_bounded_coherence_e42f85,Emergent_bounded_clarity_02332c,0.9445569923306589,60935.95,61240.36,True,False
Emergent_bounded_coherence_e42f85,Emergent_constraint_emergence_2ad214,0.9241049460848438,60935.95,61285.52,True,False
Emergent_bounded_coherence_e42f85,Emergent_complexity_constraint_d61373,0.8989771674841938,60935.95,61285.86,True,False
Emergent_bounded_coherence_e42f85,Emergent_constraint_focused_4a6458,0.8965065384841935,60935.95,61308.79,True,False
Emergent_bounded_coherence_e42f85,Emergent_complexity_constraint_0c13f0,0.8929770684841938,60935.95,61332.16,True,False
Emergent_bounded_coherence_e42f85,Emergent_analogy_constraint_95c432,0.8883690455203934,60935.95,61332.5,True,False
Emergent_bounded_coherence_e42f85,Emergent_bounded_clarity_fd8415,0.8800975072254276,60935.95,61355.79,True,False
Emergent_bounded_coherence_e42f85,Emergent_analogy_cascade_c597be,0.8731029721261703,60935.95,61399.15,True,False
Emergent_bounded_coherence_e42f85,Emergent_boundary_bounded_497fce,0.9248396918859185,60935.95,61423.96,True,False
Emergent_bounded_coherence_e42f85,Emergent_emerges_entropy_7a1b09,0.84859668291139,60935.95,61448.24,True,False
Emergent_bounded_coherence_e42f85,Emergent_constraint_emerges_88e4cd,0.8376018047013638,60935.95,61471.29,True,False
Emergent_appears_asymmetry_c0f5ef,Emergent_autonomy_collective_461851,0.8966838953614524,60954.94,61021.5,True,False
Emergent_appears_asymmetry_c0f5ef,Emergent_analogy_emerges_8a4649,0.8979934152996782,60954.94,61105.65,True,False
Emergent_appears_asymmetry_c0f5ef,Emergent_bounded_coherence_a2e9f5,0.8960484668115494,60954.94,61172.58,True,False
Emergent_appears_asymmetry_c0f5ef,Emergent_analogy_clarity_0b0b60,0.8974590500617912,60954.94,61194.54,True,False
Emergent_appears_asymmetry_c0f5ef,Emergent_clarity_complexity_e4a503,0.9338320854254414,60954.94,61194.88,True,False
Emergent_appears_asymmetry_c0f5ef,Emergent_bounded_clarity_02332c,0.9445569923306589,60954.94,61240.36,True,False
Emergent_appears_asymmetry_c0f5ef,Emergent_constraint_emergence_2ad214,0.9241049460848438,60954.94,61285.52,True,False
Emergent_appears_asymmetry_c0f5ef,Emergent_complexity_constraint_d61373,0.8955539135926069,60954.94,61285.86,True,False
Emergent_appears_asymmetry_c0f5ef,Emergent_constraint_focused_4a6458,0.8930832845926071,60954.94,61308.79,True,False
Emergent_appears_asymmetry_c0f5ef,Emergent_complexity_constraint_0c13f0,0.889553814592607,60954.94,61332.16,True,False
Emergent_appears_asymmetry_c0f5ef,Emergent_analogy_constraint_95c432,0.8883690455203934,60954.94,61332.5,True,False
Emergent_appears_asymmetry_c0f5ef,Emergent_bounded_clarity_fd8415,0.8800975072254276,60954.94,61355.79,True,False
Emergent_appears_asymmetry_c0f5ef,Emergent_analogy_cascade_c597be,0.8716878659364924,60954.94,61399.15,True,False
Emergent_appears_asymmetry_c0f5ef,Emergent_boundary_bounded_497fce,0.9248396918859185,60954.94,61423.96,True,False
Emergent_appears_asymmetry_c0f5ef,Emergent_emerges_entropy_7a1b09,0.84859668291139,60954.94,61448.24,True,False
Emergent_appears_asymmetry_c0f5ef,Emergent_constraint_emerges_88e4cd,0.8376018047013638,60954.94,61471.29,True,False
Emergent_autonomy_collective_461851,Emergent_analogy_emerges_8a4649,0.8965225494835369,61021.5,61105.65,True,False
Emergent_autonomy_collective_461851,Emergent_bounded_coherence_a2e9f5,0.8945549159272077,61021.5,61172.58,True,False
Emergent_autonomy_collective_461851,Emergent_analogy_clarity_0b0b60,0.8960002154445263,61021.5,61194.54,True,False
Emergent_autonomy_collective_461851,Emergent_clarity_complexity_e4a503,0.9338320854254414,61021.5,61194.88,True,False
Emergent_autonomy_collective_461851,Emergent_bounded_clarity_02332c,0.9445569923306589,61021.5,61240.36,True,False
Emergent_autonomy_collective_461851,Emergent_constraint_emergence_2ad214,0.9241049460848438,61021.5,61285.52,True,False
Emergent_autonomy_collective_461851,Emergent_complexity_constraint_d61373,0.8941124841910011,61021.5,61285.86,True,False
Emergent_autonomy_collective_461851,Emergent_constraint_focused_4a6458,0.891641855191001,61021.5,61308.79,True,False
Emergent_autonomy_collective_461851,Emergent_complexity_constraint_0c13f0,0.8881123851910009,61021.5,61332.16,True,False
Emergent_autonomy_collective_461851,Emergent_analogy_constraint_95c432,0.8881123851910009,61021.5,61332.5,True,False
Emergent_autonomy_collective_461851,Emergent_bounded_clarity_fd8415,0.8800975072254276,61021.5,61355.79,True,False
Emergent_autonomy_collective_461851,Emergent_analogy_cascade_c597be,0.8695493145814674,61021.5,61399.15,True,False
Emergent_autonomy_collective_461851,Emergent_boundary_bounded_497fce,0.9248396918859185,61021.5,61423.96,True,False
Emergent_autonomy_collective_461851,Emergent_emerges_entropy_7a1b09,0.84859668291139,61021.5,61448.24,True,False
Emergent_autonomy_collective_461851,Emergent_constraint_emerges_88e4cd,0.8376018047013638,61021.5,61471.29,True,False
Emergent_analogy_emerges_8a4649,Emergent_bounded_coherence_a2e9f5,0.9021304540363961,61105.65,61172.58,True,False
Emergent_analogy_emerges_8a4649,Emergent_analogy_clarity_0b0b60,0.9033996668820068,61105.65,61194.54,True,False
Emergent_analogy_emerges_8a4649,Emergent_clarity_complexity_e4a503,0.9338320854254414,61105.65,61194.88,True,False
Emergent_analogy_emerges_8a4649,Emergent_bounded_clarity_02332c,0.9445569923306589,61105.65,61240.36,True,False
Emergent_analogy_emerges_8a4649,Emergent_constraint_emergence_2ad214,0.9241049460848438,61105.65,61285.52,True,False
Emergent_analogy_emerges_8a4649,Emergent_complexity_constraint_d61373,0.9014236534842945,61105.65,61285.86,True,False
Emergent_analogy_emerges_8a4649,Emergent_constraint_focused_4a6458,0.8986072129646001,61105.65,61308.79,True,False
Emergent_analogy_emerges_8a4649,Emergent_complexity_constraint_0c13f0,0.8954235544842946,61105.65,61332.16,True,False
Emergent_analogy_emerges_8a4649,Emergent_analogy_constraint_95c432,0.8883690455203934,61105.65,61332.5,True,False
Emergent_analogy_emerges_8a4649,Emergent_bounded_clarity_fd8415,0.8800975072254276,61105.65,61355.79,True,False
Emergent_analogy_emerges_8a4649,Emergent_analogy_cascade_c597be,0.8731029721261703,61105.65,61399.15,True,False
Emergent_analogy_emerges_8a4649,Emergent_boundary_bounded_497fce,0.9248396918859185,61105.65,61423.96,True,False
Emergent_analogy_emerges_8a4649,Emergent_emerges_entropy_7a1b09,0.84859668291139,61105.65,61448.24,True,False
Emergent_analogy_emerges_8a4649,Emergent_constraint_emerges_88e4cd,0.8376018047013638,61105.65,61471.29,True,False
Emergent_bounded_coherence_a2e9f5,Emergent_analogy_clarity_0b0b60,0.9084219473984863,61172.58,61194.54,True,False
Emergent_bounded_coherence_a2e9f5,Emergent_clarity_complexity_e4a503,0.9338320854254414,61172.58,61194.88,True,False
Emergent_bounded_coherence_a2e9f5,Emergent_bounded_clarity_02332c,0.9445569923306589,61172.58,61240.36,True,False
Emergent_bounded_coherence_a2e9f5,Emergent_constraint_emergence_2ad214,0.9241049460848438,61172.58,61285.52,True,False
Emergent_bounded_coherence_a2e9f5,Emergent_complexity_constraint_d61373,0.903967014560112,61172.58,61285.86,True,False
Emergent_bounded_coherence_a2e9f5,Emergent_constraint_focused_4a6458,0.8986072129646001,61172.58,61308.79,True,False
Emergent_bounded_coherence_a2e9f5,Emergent_complexity_constraint_0c13f0,0.9010028686108604,61172.58,61332.16,True,False
Emergent_bounded_coherence_a2e9f5,Emergent_analogy_constraint_95c432,0.8883690455203934,61172.58,61332.5,True,False
Emergent_bounded_coherence_a2e9f5,Emergent_bounded_clarity_fd8415,0.8800975072254276,61172.58,61355.79,True,False
Emergent_bounded_coherence_a2e9f5,Emergent_analogy_cascade_c597be,0.8731029721261703,61172.58,61399.15,True,False
Emergent_bounded_coherence_a2e9f5,Emergent_boundary_bounded_497fce,0.9248396918859185,61172.58,61423.96,True,False
Emergent_bounded_coherence_a2e9f5,Emergent_emerges_entropy_7a1b09,0.84859668291139,61172.58,61448.24,True,False
Emergent_bounded_coherence_a2e9f5,Emergent_constraint_emerges_88e4cd,0.8376018047013638,61172.58,61471.29,True,False
Emergent_analogy_clarity_0b0b60,Emergent_clarity_complexity_e4a503,0.9317938196122784,61194.54,61194.88,True,False
Emergent_analogy_clarity_0b0b60,Emergent_bounded_clarity_02332c,0.9445569923306589,61194.54,61240.36,True,False
Emergent_analogy_clarity_0b0b60,Emergent_constraint_emergence_2ad214,0.9241049460848438,61194.54,61285.52,True,False
Emergent_analogy_clarity_0b0b60,Emergent_complexity_constraint_d61373,0.903967014560112,61194.54,61285.86,True,False
Emergent_analogy_clarity_0b0b60,Emergent_constraint_focused_4a6458,0.8986072129646001,61194.54,61308.79,True,False
Emergent_analogy_clarity_0b0b60,Emergent_complexity_constraint_0c13f0,0.9003859146544555,61194.54,61332.16,True,False
Emergent_analogy_clarity_0b0b60,Emergent_analogy_constraint_95c432,0.8883690455203934,61194.54,61332.5,True,False
Emergent_analogy_clarity_0b0b60,Emergent_bounded_clarity_fd8415,0.8800975072254276,61194.54,61355.79,True,False
Emergent_analogy_clarity_0b0b60,Emergent_analogy_cascade_c597be,0.8731029721261703,61194.54,61399.15,True,False
Emergent_analogy_clarity_0b0b60,Emergent_boundary_bounded_497fce,0.9248396918859185,61194.54,61423.96,True,False
Emergent_analogy_clarity_0b0b60,Emergent_emerges_entropy_7a1b09,0.84859668291139,61194.54,61448.24,True,False
Emergent_analogy_clarity_0b0b60,Emergent_constraint_emerges_88e4cd,0.8376018047013638,61194.54,61471.29,True,False
Emergent_clarity_complexity_e4a503,Emergent_bounded_clarity_02332c,0.9356972456364334,61194.88,61240.36,True,False
Emergent_clarity_complexity_e4a503,Emergent_constraint_emergence_2ad214,0.9241049460848438,61194.88,61285.52,True,False
Emergent_clarity_complexity_e4a503,Emergent_complexity_constraint_d61373,0.9314971763364335,61194.88,61285.86,True,False
Emergent_clarity_complexity_e4a503,Emergent_constraint_focused_4a6458,0.9279677063364333,61194.88,61308.79,True,False
Emergent_clarity_complexity_e4a503,Emergent_complexity_constraint_0c13f0,0.9229256063364335,61194.88,61332.16,True,False
Emergent_clarity_complexity_e4a503,Emergent_analogy_constraint_95c432,0.9229256063364335,61194.88,61332.5,True,False
Emergent_clarity_complexity_e4a503,Emergent_bounded_clarity_fd8415,0.9157226063364334,61194.88,61355.79,True,False
Emergent_clarity_complexity_e4a503,Emergent_analogy_cascade_c597be,0.8422295564962305,61194.88,61399.15,True,False
Emergent_clarity_complexity_e4a503,Emergent_boundary_bounded_497fce,0.9183573763026189,61194.88,61423.96,True,False
Emergent_clarity_complexity_e4a503,Emergent_emerges_entropy_7a1b09,0.8195231057171644,61194.88,61448.24,True,False
Emergent_clarity_complexity_e4a503,Emergent_constraint_emerges_88e4cd,0.8207164334701096,61194.88,61471.29,True,False
Emergent_bounded_clarity_02332c,Emergent_constraint_emergence_2ad214,0.9241049460848438,61240.36,61285.52,True,False
Emergent_bounded_clarity_02332c,Emergent_complexity_constraint_d61373,0.940356923030659,61240.36,61285.86,True,False
Emergent_bounded_clarity_02332c,Emergent_constraint_focused_4a6458,0.9368274530306591,61240.36,61308.79,True,False
Emergent_bounded_clarity_02332c,Emergent_complexity_constraint_0c13f0,0.931785353030659,61240.36,61332.16,True,False
Emergent_bounded_clarity_02332c,Emergent_analogy_constraint_95c432,0.931785353030659,61240.36,61332.5,True,False
Emergent_bounded_clarity_02332c,Emergent_bounded_clarity_fd8415,0.9245823530306592,61240.36,61355.79,True,False
Emergent_bounded_clarity_02332c,Emergent_analogy_cascade_c597be,0.8560901337487352,61240.36,61399.15,True,False
Emergent_bounded_clarity_02332c,Emergent_boundary_bounded_497fce,0.9245772441620397,61240.36,61423.96,True,False
Emergent_bounded_clarity_02332c,Emergent_emerges_entropy_7a1b09,0.8377426189668584,61240.36,61448.24,True,False
Emergent_bounded_clarity_02332c,Emergent_constraint_emerges_88e4cd,0.8376018047013638,61240.36,61471.29,True,False
Emergent_constraint_emergence_2ad214,Emergent_complexity_constraint_d61373,0.915869516084844,61285.52,61285.86,True,False
Emergent_constraint_emergence_2ad214,Emergent_constraint_focused_4a6458,0.9205754760848439,61285.52,61308.79,True,False
Emergent_constraint_emergence_2ad214,Emergent_complexity_constraint_0c13f0,0.9155333760848439,61285.52,61332.16,True,False
Emergent_constraint_emergence_2ad214,Emergent_analogy_constraint_95c432,0.9155333760848439,61285.52,61332.5,True,False
Emergent_constraint_emergence_2ad214,Emergent_bounded_clarity_fd8415,0.908330376084844,61285.52,61355.79,True,False
Emergent_constraint_emergence_2ad214,Emergent_analogy_cascade_c597be,0.8306648264868233,61285.52,61399.15,True,False
Emergent_constraint_emergence_2ad214,Emergent_boundary_bounded_497fce,0.9131677589311353,61285.52,61423.96,True,False
Emergent_constraint_emergence_2ad214,Emergent_emerges_entropy_7a1b09,0.8043214479653227,61285.52,61448.24,True,False
Emergent_constraint_emergence_2ad214,Emergent_constraint_emerges_88e4cd,0.8054798580026046,61285.52,61471.29,True,False
Emergent_complexity_constraint_d61373,Emergent_constraint_focused_4a6458,0.8986072129646001,61285.86,61308.79,True,False
Emergent_complexity_constraint_d61373,Emergent_complexity_constraint_0c13f0,0.897966915560112,61285.86,61332.16,True,False
Emergent_complexity_constraint_d61373,Emergent_analogy_constraint_95c432,0.8883690455203934,61285.86,61332.5,True,False
Emergent_complexity_constraint_d61373,Emergent_bounded_clarity_fd8415,0.8800975072254276,61285.86,61355.79,True,False
Emergent_complexity_constraint_d61373,Emergent_analogy_cascade_c597be,0.8731029721261703,61285.86,61399.15,True,False
Emergent_complexity_constraint_d61373,Emergent_boundary_bounded_497fce,0.9248396918859185,61285.86,61423.96,True,False
Emergent_complexity_constraint_d61373,Emergent_emerges_entropy_7a1b09,0.84859668291139,61285.86,61448.24,True,False
Emergent_complexity_constraint_d61373,Emergent_constraint_emerges_88e4cd,0.8376018047013638,61285.86,61471.29,True,False
Emergent_constraint_focused_4a6458,Emergent_complexity_constraint_0c13f0,0.8950777429646002,61308.79,61332.16,True,False
Emergent_constraint_focused_4a6458,Emergent_analogy_constraint_95c432,0.8883690455203934,61308.79,61332.5,True,False
Emergent_constraint_focused_4a6458,Emergent_bounded_clarity_fd8415,0.8800975072254276,61308.79,61355.79,True,False
Emergent_constraint_focused_4a6458,Emergent_analogy_cascade_c597be,0.8731029721261703,61308.79,61399.15,True,False
Emergent_constraint_focused_4a6458,Emergent_boundary_bounded_497fce,0.9248396918859185,61308.79,61423.96,True,False
Emergent_constraint_focused_4a6458,Emergent_emerges_entropy_7a1b09,0.84859668291139,61308.79,61448.24,True,False
Emergent_constraint_focused_4a6458,Emergent_constraint_emerges_88e4cd,0.8376018047013638,61308.79,61471.29,True,False
Emergent_complexity_constraint_0c13f0,Emergent_analogy_constraint_95c432,0.8766041455203935,61332.16,61332.5,True,False
Emergent_complexity_constraint_0c13f0,Emergent_bounded_clarity_fd8415,0.8800975072254276,61332.16,61355.79,True,False
Emergent_complexity_constraint_0c13f0,Emergent_analogy_cascade_c597be,0.8731029721261703,61332.16,61399.15,True,False
Emergent_complexity_constraint_0c13f0,Emergent_boundary_bounded_497fce,0.9248396918859185,61332.16,61423.96,True,False
Emergent_complexity_constraint_0c13f0,Emergent_emerges_entropy_7a1b09,0.84859668291139,61332.16,61448.24,True,False
Emergent_complexity_constraint_0c13f0,Emergent_constraint_emerges_88e4cd,0.8376018047013638,61332.16,61471.29,True,False
Emergent_analogy_constraint_95c432,Emergent_bounded_clarity_fd8415,0.8800975072254276,61332.5,61355.79,True,False
Emergent_analogy_constraint_95c432,Emergent_analogy_cascade_c597be,0.8699301041606113,61332.5,61399.15,True,False
Emergent_analogy_constraint_95c432,Emergent_boundary_bounded_497fce,0.9248396918859185,61332.5,61423.96,True,False
Emergent_analogy_constraint_95c432,Emergent_emerges_entropy_7a1b09,0.84859668291139,61332.5,61448.24,True,False
Emergent_analogy_constraint_95c432,Emergent_constraint_emerges_88e4cd,0.8376018047013638,61332.5,61471.29,True,False
Emergent_bounded_clarity_fd8415,Emergent_analogy_cascade_c597be,0.8667555808191714,61355.79,61399.15,True,False
Emergent_bounded_clarity_fd8415,Emergent_boundary_bounded_497fce,0.9248396918859185,61355.79,61423.96,True,False
Emergent_bounded_clarity_fd8415,Emergent_emerges_entropy_7a1b09,0.84859668291139,61355.79,61448.24,True,False
Emergent_bounded_clarity_fd8415,Emergent_constraint_emerges_88e4cd,0.8376018047013638,61355.79,61471.29,True,False
Emergent_analogy_cascade_c597be,Emergent_boundary_bounded_497fce,0.9248396918859185,61399.15,61423.96,True,False
Emergent_analogy_cascade_c597be,Emergent_emerges_entropy_7a1b09,0.84859668291139,61399.15,61448.24,True,False
Emergent_analogy_cascade_c597be,Emergent_constraint_emerges_88e4cd,0.8376018047013638,61399.15,61471.29,True,False
Emergent_boundary_bounded_497fce,Emergent_emerges_entropy_7a1b09,0.8385113924988103,61423.96,61448.24,True,False
Emergent_boundary_bounded_497fce,Emergent_constraint_emerges_88e4cd,0.8376018047013638,61423.96,61471.29,True,False
Emergent_emerges_entropy_7a1b09,Emergent_constraint_emerges_88e4cd,0.7636096593342769,61448.24,61471.29,True,False
