source,target,weight,src_ts,dst_ts,is_older_to_newer,is_newer_to_older
Emergent_anticipation_attention_2ce2b8,Emergent_abstraction_ambiguity_824c3b,0.9350417583154431,80008.49,80020.32,True,False
Emergent_anticipation_attention_2ce2b8,Emergent_analogy_attention_3c3dd6,0.9360766301391648,80008.49,80032.22,True,False
Emergent_anticipation_attention_2ce2b8,Emergent_autonomy_chaos_27df09,0.9078975214872753,80008.49,80043.49,True,False
Emergent_anticipation_attention_2ce2b8,Emergent_autonomy_bounded_59bcc5,0.9181019103175936,80008.49,80058.16,True,False
Emergent_anticipation_attention_2ce2b8,Emergent_clarity_coherence_ea0c30,0.9484079504045924,80008.49,80074.06,True,False
Emergent_anticipation_attention_2ce2b8,Emergent_connection_contradiction_408907,0.9172936555589228,80008.49,80090.31,True,False
Emergent_anticipation_attention_2ce2b8,Emergent_bounded_connection_3cd824,0.9194981047594957,80008.49,80090.65,True,False
Emergent_anticipation_attention_2ce2b8,Emergent_carefully_coherence_d17308,0.9484079503675793,80008.49,80107.18,True,False
Emergent_anticipation_attention_2ce2b8,Emergent_bounded_carefully_f79645,0.94228338110298,80008.49,80121.38,True,False
Emergent_anticipation_attention_2ce2b8,Emergent_anticipation_bounded_305c6e,0.9171544306416157,80008.49,80130.7,True,False
Emergent_anticipation_attention_2ce2b8,Emergent_clarity_ethical_aebb43,0.92235776164761,80008.49,80143.18,True,False
Emergent_anticipation_attention_2ce2b8,Emergent_anticipation_clarity_8a2f90,0.9346647762018045,80008.49,80158.18,True,False
Emergent_anticipation_attention_2ce2b8,Emergent_coherence_increases_4e1988,0.9381217175071839,80008.49,80173.29,True,False
Emergent_anticipation_attention_2ce2b8,Emergent_autonomy_bounded_ab8b66,0.9217956211700862,80008.49,80185.84,True,False
Emergent_anticipation_attention_2ce2b8,Emergent_autonomy_collective_4a8f61,0.9337716769843039,80008.49,80186.18,True,False
Emergent_anticipation_attention_2ce2b8,Emergent_carefully_clarity_0d7a6f,0.9370247222148211,80008.49,80199.74,True,False
Emergent_anticipation_attention_2ce2b8,Emergent_autonomy_collective_461851,0.9112832759227751,80008.49,80212.08,True,False
Emergent_anticipation_attention_2ce2b8,Emergent_appears_asymmetry_8dba4c,0.9050525130002682,80008.49,80224.4,True,False
Emergent_anticipation_attention_2ce2b8,Emergent_autonomy_clarity_dc06c1,0.9288907410093872,80008.49,80256.11,True,False
Emergent_anticipation_attention_2ce2b8,Emergent_ambiguity_anticipation_3cebe1,0.9185846197868281,80008.49,80272.22,True,False
Emergent_anticipation_attention_2ce2b8,Emergent_autonomy_bounded_72bafc,0.9411948832181023,80008.49,80288.49,True,False
Emergent_anticipation_attention_2ce2b8,Emergent_autonomy_coherence_a41799,0.9484079502896803,80008.49,80288.83,True,False
Emergent_anticipation_attention_2ce2b8,Emergent_collective_constraint_3d89e3,0.9261495628964023,80008.49,80301.7,True,False
Emergent_anticipation_attention_2ce2b8,Emergent_appears_asymmetry_8ccc17,0.9484079589825176,80008.49,80360.36,True,False
Emergent_anticipation_attention_2ce2b8,Emergent_autonomy_carefully_dedeae,0.9052905416559007,80008.49,80374.6,True,False
Emergent_anticipation_attention_2ce2b8,Emergent_autonomy_boundary_a7f146,0.9310186613546925,80008.49,80391.27,True,False
Emergent_anticipation_attention_2ce2b8,Emergent_appears_asymmetry_ecd8f7,0.9275320904190019,80008.49,80407.49,True,False
Emergent_anticipation_attention_2ce2b8,Emergent_autonomy_bounded_94d9e2,0.9191744588603019,80008.49,80438.69,True,False
Emergent_anticipation_attention_2ce2b8,Emergent_autonomy_boundary_625a34,0.924194741335967,80008.49,80457.46,True,False
Emergent_anticipation_attention_2ce2b8,Emergent_autonomy_boundary_346ebd,0.9335806587543631,80008.49,80475.72,True,False
Emergent_anticipation_attention_2ce2b8,Emergent_clarity_constraint_23c3f1,0.9389933388202658,80008.49,80490.74,True,False
Emergent_anticipation_attention_2ce2b8,Emergent_coherence_complexity_0cb87b,0.9350201637487465,80008.49,80524.81,True,False
Emergent_anticipation_attention_2ce2b8,Emergent_appears_asymmetry_3bd743,0.9452099645938883,80008.49,80543.61,True,False
Emergent_anticipation_attention_2ce2b8,Emergent_constraint_contradiction_f656c5,0.928197057106046,80008.49,80558.61,True,False
Emergent_anticipation_attention_2ce2b8,Emergent_autonomy_awareness_2c81d7,0.9304487779707162,80008.49,80574.87,True,False
Emergent_anticipation_attention_2ce2b8,Emergent_autonomy_carefully_659b9f,0.9484073512584683,80008.49,80626.86,True,False
Emergent_anticipation_attention_2ce2b8,Emergent_boundary_coherence_9956aa,0.9324199201983536,80008.49,80643.76,True,False
Emergent_anticipation_attention_2ce2b8,Emergent_carefully_cognition_d8aefa,0.9396316929095947,80008.49,80678.49,True,False
Emergent_anticipation_attention_2ce2b8,Emergent_boundary_bounded_497fce,0.9467967877515973,80008.49,80698.03,True,False
Emergent_anticipation_attention_2ce2b8,Emergent_bounded_coherence_7a6cb5,0.9326950369131244,80008.49,80807.23,True,False
Emergent_anticipation_attention_2ce2b8,Emergent_carefully_coherence_c4d3bc,0.9247838869969656,80008.49,80841.99,True,False
Emergent_anticipation_attention_2ce2b8,Emergent_cognition_coherence_b927c0,0.9442462963926566,80008.49,80860.11,True,False
Emergent_anticipation_attention_2ce2b8,Emergent_autonomy_clarity_d6bec2,0.9363951444428784,80008.49,80915.21,True,False
Emergent_anticipation_attention_2ce2b8,Emergent_bounded_criticality_e8d886,0.9481228189545223,80008.49,80950.96,True,False
Emergent_anticipation_attention_2ce2b8,Emergent_constraint_criticality_e122a6,0.9423099962596162,80008.49,80969.82,True,False
Emergent_anticipation_attention_2ce2b8,Emergent_appears_asymmetry_9e9e75,0.9275562905832526,80008.49,81025.12,True,False
Emergent_anticipation_attention_2ce2b8,Emergent_abstraction_analogy_a99238,0.9126784302004252,80008.49,81118.75,True,False
Emergent_anticipation_attention_2ce2b8,Emergent_belief_revision_beneficence_b9ccfb,0.9104365726173467,80008.49,81139.56,True,False
Emergent_anticipation_attention_2ce2b8,Emergent_abstraction_analogy_95b616,0.9197775705274263,80008.49,81160.74,True,False
Emergent_anticipation_attention_2ce2b8,Emergent_boundary_carefully_38337d,0.9354134199218436,80008.49,81180.12,True,False
Emergent_anticipation_attention_2ce2b8,Emergent_constraint_criticality_1e901c,0.9132316701028336,80008.49,81237.57,True,False
Emergent_abstraction_ambiguity_824c3b,Emergent_analogy_attention_3c3dd6,0.9350417583093444,80020.32,80032.22,True,False
Emergent_abstraction_ambiguity_824c3b,Emergent_autonomy_chaos_27df09,0.9078975214872753,80020.32,80043.49,True,False
Emergent_abstraction_ambiguity_824c3b,Emergent_autonomy_bounded_59bcc5,0.9181019103175936,80020.32,80058.16,True,False
Emergent_abstraction_ambiguity_824c3b,Emergent_clarity_coherence_ea0c30,0.9350417582920791,80020.32,80074.06,True,False
Emergent_abstraction_ambiguity_824c3b,Emergent_connection_contradiction_408907,0.9172936555589228,80020.32,80090.31,True,False
Emergent_abstraction_ambiguity_824c3b,Emergent_bounded_connection_3cd824,0.9194981047594957,80020.32,80090.65,True,False
Emergent_abstraction_ambiguity_824c3b,Emergent_carefully_coherence_d17308,0.9350417582550663,80020.32,80107.18,True,False
Emergent_abstraction_ambiguity_824c3b,Emergent_bounded_carefully_f79645,0.935041758213595,80020.32,80121.38,True,False
Emergent_abstraction_ambiguity_824c3b,Emergent_anticipation_bounded_305c6e,0.9171544306416157,80020.32,80130.7,True,False
Emergent_abstraction_ambiguity_824c3b,Emergent_clarity_ethical_aebb43,0.92235776164761,80020.32,80143.18,True,False
Emergent_abstraction_ambiguity_824c3b,Emergent_anticipation_clarity_8a2f90,0.9346647762018045,80020.32,80158.18,True,False
Emergent_abstraction_ambiguity_824c3b,Emergent_coherence_increases_4e1988,0.9350417577766961,80020.32,80173.29,True,False
Emergent_abstraction_ambiguity_824c3b,Emergent_autonomy_bounded_ab8b66,0.9217956211700862,80020.32,80185.84,True,False
Emergent_abstraction_ambiguity_824c3b,Emergent_autonomy_collective_4a8f61,0.9337716769843039,80020.32,80186.18,True,False
Emergent_abstraction_ambiguity_824c3b,Emergent_carefully_clarity_0d7a6f,0.9350417581682802,80020.32,80199.74,True,False
Emergent_abstraction_ambiguity_824c3b,Emergent_autonomy_collective_461851,0.9112832759227751,80020.32,80212.08,True,False
Emergent_abstraction_ambiguity_824c3b,Emergent_appears_asymmetry_8dba4c,0.9050525130002682,80020.32,80224.4,True,False
Emergent_abstraction_ambiguity_824c3b,Emergent_autonomy_clarity_dc06c1,0.9288907410093872,80020.32,80256.11,True,False
Emergent_abstraction_ambiguity_824c3b,Emergent_ambiguity_anticipation_3cebe1,0.9185846197868281,80020.32,80272.22,True,False
Emergent_abstraction_ambiguity_824c3b,Emergent_autonomy_bounded_72bafc,0.935041758333063,80020.32,80288.49,True,False
Emergent_abstraction_ambiguity_824c3b,Emergent_autonomy_coherence_a41799,0.935041758333063,80020.32,80288.83,True,False
Emergent_abstraction_ambiguity_824c3b,Emergent_collective_constraint_3d89e3,0.9261495628964023,80020.32,80301.7,True,False
Emergent_abstraction_ambiguity_824c3b,Emergent_appears_asymmetry_8ccc17,0.9350417674285767,80020.32,80360.36,True,False
Emergent_abstraction_ambiguity_824c3b,Emergent_autonomy_carefully_dedeae,0.9052905416559007,80020.32,80374.6,True,False
Emergent_abstraction_ambiguity_824c3b,Emergent_autonomy_boundary_a7f146,0.9310186613546925,80020.32,80391.27,True,False
Emergent_abstraction_ambiguity_824c3b,Emergent_appears_asymmetry_ecd8f7,0.9275320904190019,80020.32,80407.49,True,False
Emergent_abstraction_ambiguity_824c3b,Emergent_autonomy_bounded_94d9e2,0.9191744588603019,80020.32,80438.69,True,False
Emergent_abstraction_ambiguity_824c3b,Emergent_autonomy_boundary_625a34,0.924194741335967,80020.32,80457.46,True,False
Emergent_abstraction_ambiguity_824c3b,Emergent_autonomy_boundary_346ebd,0.9335806587543631,80020.32,80475.72,True,False
Emergent_abstraction_ambiguity_824c3b,Emergent_clarity_constraint_23c3f1,0.9350419495485329,80020.32,80490.74,True,False
Emergent_abstraction_ambiguity_824c3b,Emergent_coherence_complexity_0cb87b,0.9350201637487465,80020.32,80524.81,True,False
Emergent_abstraction_ambiguity_824c3b,Emergent_appears_asymmetry_3bd743,0.9350393981052436,80020.32,80543.61,True,False
Emergent_abstraction_ambiguity_824c3b,Emergent_constraint_contradiction_f656c5,0.928197057106046,80020.32,80558.61,True,False
Emergent_abstraction_ambiguity_824c3b,Emergent_autonomy_awareness_2c81d7,0.9304487779707162,80020.32,80574.87,True,False
Emergent_abstraction_ambiguity_824c3b,Emergent_autonomy_carefully_659b9f,0.9350412807741069,80020.32,80626.86,True,False
Emergent_abstraction_ambiguity_824c3b,Emergent_boundary_coherence_9956aa,0.9324199201983536,80020.32,80643.76,True,False
Emergent_abstraction_ambiguity_824c3b,Emergent_carefully_cognition_d8aefa,0.9350380904389142,80020.32,80678.49,True,False
Emergent_abstraction_ambiguity_824c3b,Emergent_boundary_bounded_497fce,0.9350352741948129,80020.32,80698.03,True,False
Emergent_abstraction_ambiguity_824c3b,Emergent_bounded_coherence_7a6cb5,0.9326950369131244,80020.32,80807.23,True,False
Emergent_abstraction_ambiguity_824c3b,Emergent_carefully_coherence_c4d3bc,0.9247838869969656,80020.32,80841.99,True,False
Emergent_abstraction_ambiguity_824c3b,Emergent_cognition_coherence_b927c0,0.934972550055148,80020.32,80860.11,True,False
Emergent_abstraction_ambiguity_824c3b,Emergent_autonomy_clarity_d6bec2,0.9348596079406073,80020.32,80915.21,True,False
Emergent_abstraction_ambiguity_824c3b,Emergent_bounded_criticality_e8d886,0.9347599091488985,80020.32,80950.96,True,False
Emergent_abstraction_ambiguity_824c3b,Emergent_constraint_criticality_e122a6,0.9346174823036002,80020.32,80969.82,True,False
Emergent_abstraction_ambiguity_824c3b,Emergent_appears_asymmetry_9e9e75,0.9275562905832526,80020.32,81025.12,True,False
Emergent_abstraction_ambiguity_824c3b,Emergent_abstraction_analogy_a99238,0.9126784302004252,80020.32,81118.75,True,False
Emergent_abstraction_ambiguity_824c3b,Emergent_belief_revision_beneficence_b9ccfb,0.9104365726173467,80020.32,81139.56,True,False
Emergent_abstraction_ambiguity_824c3b,Emergent_abstraction_analogy_95b616,0.9197775705274263,80020.32,81160.74,True,False
Emergent_abstraction_ambiguity_824c3b,Emergent_boundary_carefully_38337d,0.9295775475199479,80020.32,81180.12,True,False
Emergent_abstraction_ambiguity_824c3b,Emergent_constraint_criticality_1e901c,0.9132316701028336,80020.32,81237.57,True,False
Emergent_analogy_attention_3c3dd6,Emergent_autonomy_chaos_27df09,0.9078975214689788,80032.22,80043.49,True,False
Emergent_analogy_attention_3c3dd6,Emergent_autonomy_bounded_59bcc5,0.9181019103175936,80032.22,80058.16,True,False
Emergent_analogy_attention_3c3dd6,Emergent_clarity_coherence_ea0c30,0.9360766301218997,80032.22,80074.06,True,False
Emergent_analogy_attention_3c3dd6,Emergent_connection_contradiction_408907,0.9172936555589228,80032.22,80090.31,True,False
Emergent_analogy_attention_3c3dd6,Emergent_bounded_connection_3cd824,0.9194981047594957,80032.22,80090.65,True,False
Emergent_analogy_attention_3c3dd6,Emergent_carefully_coherence_d17308,0.9360766300848866,80032.22,80107.18,True,False
Emergent_analogy_attention_3c3dd6,Emergent_bounded_carefully_f79645,0.9360766300434156,80032.22,80121.38,True,False
Emergent_analogy_attention_3c3dd6,Emergent_anticipation_bounded_305c6e,0.9171544306416157,80032.22,80130.7,True,False
Emergent_analogy_attention_3c3dd6,Emergent_clarity_ethical_aebb43,0.92235776164761,80032.22,80143.18,True,False
Emergent_analogy_attention_3c3dd6,Emergent_anticipation_clarity_8a2f90,0.9346647762018045,80032.22,80158.18,True,False
Emergent_analogy_attention_3c3dd6,Emergent_coherence_increases_4e1988,0.9360766296095084,80032.22,80173.29,True,False
Emergent_analogy_attention_3c3dd6,Emergent_autonomy_bounded_ab8b66,0.9217956211700862,80032.22,80185.84,True,False
Emergent_analogy_attention_3c3dd6,Emergent_autonomy_collective_4a8f61,0.9337716769843039,80032.22,80186.18,True,False
Emergent_analogy_attention_3c3dd6,Emergent_carefully_clarity_0d7a6f,0.9360766299965182,80032.22,80199.74,True,False
Emergent_analogy_attention_3c3dd6,Emergent_autonomy_collective_461851,0.9112832759227751,80032.22,80212.08,True,False
Emergent_analogy_attention_3c3dd6,Emergent_appears_asymmetry_8dba4c,0.9050525130002682,80032.22,80224.4,True,False
Emergent_analogy_attention_3c3dd6,Emergent_autonomy_clarity_dc06c1,0.9288907410093872,80032.22,80256.11,True,False
Emergent_analogy_attention_3c3dd6,Emergent_ambiguity_anticipation_3cebe1,0.9185846197868281,80032.22,80272.22,True,False
Emergent_analogy_attention_3c3dd6,Emergent_autonomy_bounded_72bafc,0.9360766301510219,80032.22,80288.49,True,False
Emergent_analogy_attention_3c3dd6,Emergent_autonomy_coherence_a41799,0.9360766301510219,80032.22,80288.83,True,False
Emergent_analogy_attention_3c3dd6,Emergent_collective_constraint_3d89e3,0.9261495628964023,80032.22,80301.7,True,False
Emergent_analogy_attention_3c3dd6,Emergent_appears_asymmetry_8ccc17,0.9360766392158972,80032.22,80360.36,True,False
Emergent_analogy_attention_3c3dd6,Emergent_autonomy_carefully_dedeae,0.9052905416559007,80032.22,80374.6,True,False
Emergent_analogy_attention_3c3dd6,Emergent_autonomy_boundary_a7f146,0.9310186613546925,80032.22,80391.27,True,False
Emergent_analogy_attention_3c3dd6,Emergent_appears_asymmetry_ecd8f7,0.9275320904190019,80032.22,80407.49,True,False
Emergent_analogy_attention_3c3dd6,Emergent_autonomy_bounded_94d9e2,0.9191744588603019,80032.22,80438.69,True,False
Emergent_analogy_attention_3c3dd6,Emergent_autonomy_boundary_625a34,0.924194741335967,80032.22,80457.46,True,False
Emergent_analogy_attention_3c3dd6,Emergent_autonomy_boundary_346ebd,0.9335806587543631,80032.22,80475.72,True,False
Emergent_analogy_attention_3c3dd6,Emergent_clarity_constraint_23c3f1,0.9360768203355283,80032.22,80490.74,True,False
Emergent_analogy_attention_3c3dd6,Emergent_coherence_complexity_0cb87b,0.9350201637487465,80032.22,80524.81,True,False
Emergent_analogy_attention_3c3dd6,Emergent_appears_asymmetry_3bd743,0.9360742686177455,80032.22,80543.61,True,False
Emergent_analogy_attention_3c3dd6,Emergent_constraint_contradiction_f656c5,0.928197057106046,80032.22,80558.61,True,False
Emergent_analogy_attention_3c3dd6,Emergent_autonomy_awareness_2c81d7,0.9304487779707162,80032.22,80574.87,True,False
Emergent_analogy_attention_3c3dd6,Emergent_autonomy_carefully_659b9f,0.9360761433496165,80032.22,80626.86,True,False
Emergent_analogy_attention_3c3dd6,Emergent_boundary_coherence_9956aa,0.9324199201983536,80032.22,80643.76,True,False
Emergent_analogy_attention_3c3dd6,Emergent_carefully_cognition_d8aefa,0.9360729530144236,80032.22,80678.49,True,False
Emergent_analogy_attention_3c3dd6,Emergent_boundary_bounded_497fce,0.9360701367703224,80032.22,80698.03,True,False
Emergent_analogy_attention_3c3dd6,Emergent_bounded_coherence_7a6cb5,0.9326950369131244,80032.22,80807.23,True,False
Emergent_analogy_attention_3c3dd6,Emergent_carefully_coherence_c4d3bc,0.9247838869969656,80032.22,80841.99,True,False
Emergent_analogy_attention_3c3dd6,Emergent_cognition_coherence_b927c0,0.9360071721443619,80032.22,80860.11,True,False
Emergent_analogy_attention_3c3dd6,Emergent_autonomy_clarity_d6bec2,0.9358942300298212,80032.22,80915.21,True,False
Emergent_analogy_attention_3c3dd6,Emergent_bounded_criticality_e8d886,0.9357945312381122,80032.22,80950.96,True,False
Emergent_analogy_attention_3c3dd6,Emergent_constraint_criticality_e122a6,0.9356521043928141,80032.22,80969.82,True,False
Emergent_analogy_attention_3c3dd6,Emergent_appears_asymmetry_9e9e75,0.9275562905832526,80032.22,81025.12,True,False
Emergent_analogy_attention_3c3dd6,Emergent_abstraction_analogy_a99238,0.9126784302004252,80032.22,81118.75,True,False
Emergent_analogy_attention_3c3dd6,Emergent_belief_revision_beneficence_b9ccfb,0.9104365726173467,80032.22,81139.56,True,False
Emergent_analogy_attention_3c3dd6,Emergent_abstraction_analogy_95b616,0.9197775705274263,80032.22,81160.74,True,False
Emergent_analogy_attention_3c3dd6,Emergent_boundary_carefully_38337d,0.9305594543577866,80032.22,81180.12,True,False
Emergent_analogy_attention_3c3dd6,Emergent_constraint_criticality_1e901c,0.9132316701028336,80032.22,81237.57,True,False
Emergent_autonomy_chaos_27df09,Emergent_autonomy_bounded_59bcc5,0.9078975214794882,80043.49,80058.16,True,False
Emergent_autonomy_chaos_27df09,Emergent_clarity_coherence_ea0c30,0.9078975214680951,80043.49,80074.06,True,False
Emergent_autonomy_chaos_27df09,Emergent_connection_contradiction_408907,0.9078975214546596,80043.49,80090.31,True,False
Emergent_autonomy_chaos_27df09,Emergent_bounded_connection_3cd824,0.9078975214546596,80043.49,80090.65,True,False
Emergent_autonomy_chaos_27df09,Emergent_carefully_coherence_d17308,0.9078975214328873,80043.49,80107.18,True,False
Emergent_autonomy_chaos_27df09,Emergent_bounded_carefully_f79645,0.907897521391416,80043.49,80121.38,True,False
Emergent_autonomy_chaos_27df09,Emergent_anticipation_bounded_305c6e,0.9078975213965998,80043.49,80130.7,True,False
Emergent_autonomy_chaos_27df09,Emergent_clarity_ethical_aebb43,0.9078975214017837,80043.49,80143.18,True,False
Emergent_autonomy_chaos_27df09,Emergent_anticipation_clarity_8a2f90,0.9078975213573504,80043.49,80158.18,True,False
Emergent_autonomy_chaos_27df09,Emergent_coherence_increases_4e1988,0.9078975208761659,80043.49,80173.29,True,False
Emergent_autonomy_chaos_27df09,Emergent_autonomy_bounded_ab8b66,0.9078975213547806,80043.49,80185.84,True,False
Emergent_autonomy_chaos_27df09,Emergent_autonomy_collective_4a8f61,0.9078975213547806,80043.49,80186.18,True,False
Emergent_autonomy_chaos_27df09,Emergent_carefully_clarity_0d7a6f,0.9078975213697458,80043.49,80199.74,True,False
Emergent_autonomy_chaos_27df09,Emergent_autonomy_collective_461851,0.9078975210293923,80043.49,80212.08,True,False
Emergent_autonomy_chaos_27df09,Emergent_appears_asymmetry_8dba4c,0.9050525130002682,80043.49,80224.4,True,False
Emergent_autonomy_chaos_27df09,Emergent_autonomy_clarity_dc06c1,0.9078975157030857,80043.49,80256.11,True,False
Emergent_autonomy_chaos_27df09,Emergent_ambiguity_anticipation_3cebe1,0.9078975227001724,80043.49,80272.22,True,False
Emergent_autonomy_chaos_27df09,Emergent_autonomy_bounded_72bafc,0.9078975219294017,80043.49,80288.49,True,False
Emergent_autonomy_chaos_27df09,Emergent_autonomy_coherence_a41799,0.9078975219294017,80043.49,80288.83,True,False
Emergent_autonomy_chaos_27df09,Emergent_collective_constraint_3d89e3,0.9078975208283009,80043.49,80301.7,True,False
Emergent_autonomy_chaos_27df09,Emergent_appears_asymmetry_8ccc17,0.9078975318272158,80043.49,80360.36,True,False
Emergent_autonomy_chaos_27df09,Emergent_autonomy_carefully_dedeae,0.9052905416559007,80043.49,80374.6,True,False
Emergent_autonomy_chaos_27df09,Emergent_autonomy_boundary_a7f146,0.9078975260401076,80043.49,80391.27,True,False
Emergent_autonomy_chaos_27df09,Emergent_appears_asymmetry_ecd8f7,0.9078975166809031,80043.49,80407.49,True,False
Emergent_autonomy_chaos_27df09,Emergent_autonomy_bounded_94d9e2,0.9078974842101937,80043.49,80438.69,True,False
Emergent_autonomy_chaos_27df09,Emergent_autonomy_boundary_625a34,0.9078972915690298,80043.49,80457.46,True,False
Emergent_autonomy_chaos_27df09,Emergent_autonomy_boundary_346ebd,0.9078967949969605,80043.49,80475.72,True,False
Emergent_autonomy_chaos_27df09,Emergent_clarity_constraint_23c3f1,0.9078977401417796,80043.49,80490.74,True,False
Emergent_autonomy_chaos_27df09,Emergent_coherence_complexity_0cb87b,0.9078964483889149,80043.49,80524.81,True,False
Emergent_autonomy_chaos_27df09,Emergent_appears_asymmetry_3bd743,0.9078951958864077,80043.49,80543.61,True,False
Emergent_autonomy_chaos_27df09,Emergent_constraint_contradiction_f656c5,0.9078961752181247,80043.49,80558.61,True,False
Emergent_autonomy_chaos_27df09,Emergent_autonomy_awareness_2c81d7,0.9078995628674953,80043.49,80574.87,True,False
Emergent_autonomy_chaos_27df09,Emergent_autonomy_carefully_659b9f,0.9078972863941259,80043.49,80626.86,True,False
Emergent_autonomy_chaos_27df09,Emergent_boundary_coherence_9956aa,0.9078974473894137,80043.49,80643.76,True,False
Emergent_autonomy_chaos_27df09,Emergent_carefully_cognition_d8aefa,0.9078940960589332,80043.49,80678.49,True,False
Emergent_autonomy_chaos_27df09,Emergent_boundary_bounded_497fce,0.907891279814832,80043.49,80698.03,True,False
Emergent_autonomy_chaos_27df09,Emergent_bounded_coherence_7a6cb5,0.9078986868858736,80043.49,80807.23,True,False
Emergent_autonomy_chaos_27df09,Emergent_carefully_coherence_c4d3bc,0.9078747492059844,80043.49,80841.99,True,False
Emergent_autonomy_chaos_27df09,Emergent_cognition_coherence_b927c0,0.9078348530728355,80043.49,80860.11,True,False
Emergent_autonomy_chaos_27df09,Emergent_autonomy_clarity_d6bec2,0.9077219109582948,80043.49,80915.21,True,False
Emergent_autonomy_chaos_27df09,Emergent_bounded_criticality_e8d886,0.9076222121665858,80043.49,80950.96,True,False
Emergent_autonomy_chaos_27df09,Emergent_constraint_criticality_e122a6,0.9074797853212877,80043.49,80969.82,True,False
Emergent_autonomy_chaos_27df09,Emergent_appears_asymmetry_9e9e75,0.9064511917958034,80043.49,81025.12,True,False
Emergent_autonomy_chaos_27df09,Emergent_abstraction_analogy_a99238,0.9080955672441615,80043.49,81118.75,True,False
Emergent_autonomy_chaos_27df09,Emergent_belief_revision_beneficence_b9ccfb,0.8968461520377045,80043.49,81139.56,True,False
Emergent_autonomy_chaos_27df09,Emergent_abstraction_analogy_95b616,0.9079829540125552,80043.49,81160.74,True,False
Emergent_autonomy_chaos_27df09,Emergent_boundary_carefully_38337d,0.9038652390125552,80043.49,81180.12,True,False
Emergent_autonomy_chaos_27df09,Emergent_constraint_criticality_1e901c,0.8976517272619629,80043.49,81237.57,True,False
Emergent_autonomy_bounded_59bcc5,Emergent_clarity_coherence_ea0c30,0.918101910306925,80058.16,80074.06,True,False
Emergent_autonomy_bounded_59bcc5,Emergent_connection_contradiction_408907,0.9172936555589228,80058.16,80090.31,True,False
Emergent_autonomy_bounded_59bcc5,Emergent_bounded_connection_3cd824,0.9181019102916843,80058.16,80090.65,True,False
Emergent_autonomy_bounded_59bcc5,Emergent_carefully_coherence_d17308,0.918101910269912,80058.16,80107.18,True,False
Emergent_autonomy_bounded_59bcc5,Emergent_bounded_carefully_f79645,0.9181019102284409,80058.16,80121.38,True,False
Emergent_autonomy_bounded_59bcc5,Emergent_anticipation_bounded_305c6e,0.9171544306416157,80058.16,80130.7,True,False
Emergent_autonomy_bounded_59bcc5,Emergent_clarity_ethical_aebb43,0.9181019102388086,80058.16,80143.18,True,False
Emergent_autonomy_bounded_59bcc5,Emergent_anticipation_clarity_8a2f90,0.9181019101943753,80058.16,80158.18,True,False
Emergent_autonomy_bounded_59bcc5,Emergent_coherence_increases_4e1988,0.9181019097425644,80058.16,80173.29,True,False
Emergent_autonomy_bounded_59bcc5,Emergent_autonomy_bounded_ab8b66,0.9181019101939107,80058.16,80185.84,True,False
Emergent_autonomy_bounded_59bcc5,Emergent_autonomy_collective_4a8f61,0.9181019101939107,80058.16,80186.18,True,False
Emergent_autonomy_bounded_59bcc5,Emergent_carefully_clarity_0d7a6f,0.9181019102090244,80058.16,80199.74,True,False
Emergent_autonomy_bounded_59bcc5,Emergent_autonomy_collective_461851,0.9112832759227751,80058.16,80212.08,True,False
Emergent_autonomy_bounded_59bcc5,Emergent_appears_asymmetry_8dba4c,0.9050525130002682,80058.16,80224.4,True,False
Emergent_autonomy_bounded_59bcc5,Emergent_autonomy_clarity_dc06c1,0.9181019045121313,80058.16,80256.11,True,False
Emergent_autonomy_bounded_59bcc5,Emergent_ambiguity_anticipation_3cebe1,0.9181019113706015,80058.16,80272.22,True,False
Emergent_autonomy_bounded_59bcc5,Emergent_autonomy_bounded_72bafc,0.9181019105998307,80058.16,80288.49,True,False
Emergent_autonomy_bounded_59bcc5,Emergent_autonomy_coherence_a41799,0.9181019105998307,80058.16,80288.83,True,False
Emergent_autonomy_bounded_59bcc5,Emergent_collective_constraint_3d89e3,0.9181019094987297,80058.16,80301.7,True,False
Emergent_autonomy_bounded_59bcc5,Emergent_appears_asymmetry_8ccc17,0.9181019201968654,80058.16,80360.36,True,False
Emergent_autonomy_bounded_59bcc5,Emergent_autonomy_carefully_dedeae,0.9052905416559007,80058.16,80374.6,True,False
Emergent_autonomy_bounded_59bcc5,Emergent_autonomy_boundary_a7f146,0.9181019144097573,80058.16,80391.27,True,False
Emergent_autonomy_bounded_59bcc5,Emergent_appears_asymmetry_ecd8f7,0.9181019050505528,80058.16,80407.49,True,False
Emergent_autonomy_bounded_59bcc5,Emergent_autonomy_bounded_94d9e2,0.9181018725798435,80058.16,80438.69,True,False
Emergent_autonomy_bounded_59bcc5,Emergent_autonomy_boundary_625a34,0.9181016930551467,80058.16,80457.46,True,False
Emergent_autonomy_bounded_59bcc5,Emergent_autonomy_boundary_346ebd,0.9181011807346742,80058.16,80475.72,True,False
Emergent_autonomy_bounded_59bcc5,Emergent_clarity_constraint_23c3f1,0.9181021186911711,80058.16,80490.74,True,False
Emergent_autonomy_bounded_59bcc5,Emergent_coherence_complexity_0cb87b,0.9181008674340287,80058.16,80524.81,True,False
Emergent_autonomy_bounded_59bcc5,Emergent_appears_asymmetry_3bd743,0.9180995717410763,80058.16,80543.61,True,False
Emergent_autonomy_bounded_59bcc5,Emergent_constraint_contradiction_f656c5,0.9181005874108341,80058.16,80558.61,True,False
Emergent_autonomy_bounded_59bcc5,Emergent_autonomy_awareness_2c81d7,0.9181038608041723,80058.16,80574.87,True,False
Emergent_autonomy_bounded_59bcc5,Emergent_autonomy_carefully_659b9f,0.9181015843308029,80058.16,80626.86,True,False
Emergent_autonomy_bounded_59bcc5,Emergent_boundary_coherence_9956aa,0.9181017453260907,80058.16,80643.76,True,False
Emergent_autonomy_bounded_59bcc5,Emergent_carefully_cognition_d8aefa,0.91809839399561,80058.16,80678.49,True,False
Emergent_autonomy_bounded_59bcc5,Emergent_boundary_bounded_497fce,0.918095577751509,80058.16,80698.03,True,False
Emergent_autonomy_bounded_59bcc5,Emergent_bounded_coherence_7a6cb5,0.9181006239522504,80058.16,80807.23,True,False
Emergent_autonomy_bounded_59bcc5,Emergent_carefully_coherence_c4d3bc,0.9180766862723613,80058.16,80841.99,True,False
Emergent_autonomy_bounded_59bcc5,Emergent_cognition_coherence_b927c0,0.9180367901392121,80058.16,80860.11,True,False
Emergent_autonomy_bounded_59bcc5,Emergent_autonomy_clarity_d6bec2,0.9179238480246714,80058.16,80915.21,True,False
Emergent_autonomy_bounded_59bcc5,Emergent_bounded_criticality_e8d886,0.9178241492329626,80058.16,80950.96,True,False
Emergent_autonomy_bounded_59bcc5,Emergent_constraint_criticality_e122a6,0.9176817223876643,80058.16,80969.82,True,False
Emergent_autonomy_bounded_59bcc5,Emergent_appears_asymmetry_9e9e75,0.9166490177277538,80058.16,81025.12,True,False
Emergent_autonomy_bounded_59bcc5,Emergent_abstraction_analogy_a99238,0.9126784302004252,80058.16,81118.75,True,False
Emergent_autonomy_bounded_59bcc5,Emergent_belief_revision_beneficence_b9ccfb,0.9078054740688921,80058.16,81139.56,True,False
Emergent_autonomy_bounded_59bcc5,Emergent_abstraction_analogy_95b616,0.9176224001300759,80058.16,81160.74,True,False
Emergent_autonomy_bounded_59bcc5,Emergent_boundary_carefully_38337d,0.9135046851300759,80058.16,81180.12,True,False
Emergent_autonomy_bounded_59bcc5,Emergent_constraint_criticality_1e901c,0.9057401944350632,80058.16,81237.57,True,False
Emergent_clarity_coherence_ea0c30,Emergent_connection_contradiction_408907,0.9172936555589228,80074.06,80090.31,True,False
Emergent_clarity_coherence_ea0c30,Emergent_bounded_connection_3cd824,0.9194981047594957,80074.06,80090.65,True,False
Emergent_clarity_coherence_ea0c30,Emergent_carefully_coherence_d17308,0.9493803235214691,80074.06,80107.18,True,False
Emergent_clarity_coherence_ea0c30,Emergent_bounded_carefully_f79645,0.94228338110298,80074.06,80121.38,True,False
Emergent_clarity_coherence_ea0c30,Emergent_anticipation_bounded_305c6e,0.9171544306416157,80074.06,80130.7,True,False
Emergent_clarity_coherence_ea0c30,Emergent_clarity_ethical_aebb43,0.92235776164761,80074.06,80143.18,True,False
Emergent_clarity_coherence_ea0c30,Emergent_anticipation_clarity_8a2f90,0.9346647762018045,80074.06,80158.18,True,False
Emergent_clarity_coherence_ea0c30,Emergent_coherence_increases_4e1988,0.9381217175071839,80074.06,80173.29,True,False
Emergent_clarity_coherence_ea0c30,Emergent_autonomy_bounded_ab8b66,0.9217956211700862,80074.06,80185.84,True,False
Emergent_clarity_coherence_ea0c30,Emergent_autonomy_collective_4a8f61,0.9337716769843039,80074.06,80186.18,True,False
Emergent_clarity_coherence_ea0c30,Emergent_carefully_clarity_0d7a6f,0.9370247222148211,80074.06,80199.74,True,False
Emergent_clarity_coherence_ea0c30,Emergent_autonomy_collective_461851,0.9112832759227751,80074.06,80212.08,True,False
Emergent_clarity_coherence_ea0c30,Emergent_appears_asymmetry_8dba4c,0.9050525130002682,80074.06,80224.4,True,False
Emergent_clarity_coherence_ea0c30,Emergent_autonomy_clarity_dc06c1,0.9288907410093872,80074.06,80256.11,True,False
Emergent_clarity_coherence_ea0c30,Emergent_ambiguity_anticipation_3cebe1,0.9185846197868281,80074.06,80272.22,True,False
Emergent_clarity_coherence_ea0c30,Emergent_autonomy_bounded_72bafc,0.9411948832181023,80074.06,80288.49,True,False
Emergent_clarity_coherence_ea0c30,Emergent_autonomy_coherence_a41799,0.9493803234304414,80074.06,80288.83,True,False
Emergent_clarity_coherence_ea0c30,Emergent_collective_constraint_3d89e3,0.9261495628964023,80074.06,80301.7,True,False
Emergent_clarity_coherence_ea0c30,Emergent_appears_asymmetry_8ccc17,0.9490382160716433,80074.06,80360.36,True,False
Emergent_clarity_coherence_ea0c30,Emergent_autonomy_carefully_dedeae,0.9052905416559007,80074.06,80374.6,True,False
Emergent_clarity_coherence_ea0c30,Emergent_autonomy_boundary_a7f146,0.9310186613546925,80074.06,80391.27,True,False
Emergent_clarity_coherence_ea0c30,Emergent_appears_asymmetry_ecd8f7,0.9275320904190019,80074.06,80407.49,True,False
Emergent_clarity_coherence_ea0c30,Emergent_autonomy_bounded_94d9e2,0.9191744588603019,80074.06,80438.69,True,False
Emergent_clarity_coherence_ea0c30,Emergent_autonomy_boundary_625a34,0.924194741335967,80074.06,80457.46,True,False
Emergent_clarity_coherence_ea0c30,Emergent_autonomy_boundary_346ebd,0.9335806587543631,80074.06,80475.72,True,False
Emergent_clarity_coherence_ea0c30,Emergent_clarity_constraint_23c3f1,0.9389933388202658,80074.06,80490.74,True,False
Emergent_clarity_coherence_ea0c30,Emergent_coherence_complexity_0cb87b,0.9350201637487465,80074.06,80524.81,True,False
Emergent_clarity_coherence_ea0c30,Emergent_appears_asymmetry_3bd743,0.9452099645938883,80074.06,80543.61,True,False
Emergent_clarity_coherence_ea0c30,Emergent_constraint_contradiction_f656c5,0.928197057106046,80074.06,80558.61,True,False
Emergent_clarity_coherence_ea0c30,Emergent_autonomy_awareness_2c81d7,0.9304487779707162,80074.06,80574.87,True,False
Emergent_clarity_coherence_ea0c30,Emergent_autonomy_carefully_659b9f,0.9493797141695808,80074.06,80626.86,True,False
Emergent_clarity_coherence_ea0c30,Emergent_boundary_coherence_9956aa,0.9324199201983536,80074.06,80643.76,True,False
Emergent_clarity_coherence_ea0c30,Emergent_carefully_cognition_d8aefa,0.9396316929095947,80074.06,80678.49,True,False
Emergent_clarity_coherence_ea0c30,Emergent_boundary_bounded_497fce,0.9467967877515973,80074.06,80698.03,True,False
Emergent_clarity_coherence_ea0c30,Emergent_bounded_coherence_7a6cb5,0.9326950369131244,80074.06,80807.23,True,False
Emergent_clarity_coherence_ea0c30,Emergent_carefully_coherence_c4d3bc,0.9247838869969656,80074.06,80841.99,True,False
Emergent_clarity_coherence_ea0c30,Emergent_cognition_coherence_b927c0,0.9442462963926566,80074.06,80860.11,True,False
Emergent_clarity_coherence_ea0c30,Emergent_autonomy_clarity_d6bec2,0.9363951444428784,80074.06,80915.21,True,False
Emergent_clarity_coherence_ea0c30,Emergent_bounded_criticality_e8d886,0.9490949156926474,80074.06,80950.96,True,False
Emergent_clarity_coherence_ea0c30,Emergent_constraint_criticality_e122a6,0.9423099962596162,80074.06,80969.82,True,False
Emergent_clarity_coherence_ea0c30,Emergent_appears_asymmetry_9e9e75,0.9275562905832526,80074.06,81025.12,True,False
Emergent_clarity_coherence_ea0c30,Emergent_abstraction_analogy_a99238,0.9126784302004252,80074.06,81118.75,True,False
Emergent_clarity_coherence_ea0c30,Emergent_belief_revision_beneficence_b9ccfb,0.9104365726173467,80074.06,81139.56,True,False
Emergent_clarity_coherence_ea0c30,Emergent_abstraction_analogy_95b616,0.9197775705274263,80074.06,81160.74,True,False
Emergent_clarity_coherence_ea0c30,Emergent_boundary_carefully_38337d,0.9354134199218436,80074.06,81180.12,True,False
Emergent_clarity_coherence_ea0c30,Emergent_constraint_criticality_1e901c,0.9132316701028336,80074.06,81237.57,True,False
Emergent_connection_contradiction_408907,Emergent_bounded_connection_3cd824,0.9172936555081206,80090.31,80090.65,True,False
Emergent_connection_contradiction_408907,Emergent_carefully_coherence_d17308,0.9172936555371503,80090.31,80107.18,True,False
Emergent_connection_contradiction_408907,Emergent_bounded_carefully_f79645,0.917293655495679,80090.31,80121.38,True,False
Emergent_connection_contradiction_408907,Emergent_anticipation_bounded_305c6e,0.9171544306416157,80090.31,80130.7,True,False
Emergent_connection_contradiction_408907,Emergent_clarity_ethical_aebb43,0.9172936555060469,80090.31,80143.18,True,False
Emergent_connection_contradiction_408907,Emergent_anticipation_clarity_8a2f90,0.9172936554616136,80090.31,80158.18,True,False
Emergent_connection_contradiction_408907,Emergent_coherence_increases_4e1988,0.9172936550074655,80090.31,80173.29,True,False
Emergent_connection_contradiction_408907,Emergent_autonomy_bounded_ab8b66,0.9172936554623847,80090.31,80185.84,True,False
Emergent_connection_contradiction_408907,Emergent_autonomy_collective_4a8f61,0.9172936554623847,80090.31,80186.18,True,False
Emergent_connection_contradiction_408907,Emergent_carefully_clarity_0d7a6f,0.9172936554774982,80090.31,80199.74,True,False
Emergent_connection_contradiction_408907,Emergent_autonomy_collective_461851,0.9112832759227751,80090.31,80212.08,True,False
Emergent_connection_contradiction_408907,Emergent_appears_asymmetry_8dba4c,0.9050525130002682,80090.31,80224.4,True,False
Emergent_connection_contradiction_408907,Emergent_autonomy_clarity_dc06c1,0.9172936497808879,80090.31,80256.11,True,False
Emergent_connection_contradiction_408907,Emergent_ambiguity_anticipation_3cebe1,0.9172936566503862,80090.31,80272.22,True,False
Emergent_connection_contradiction_408907,Emergent_autonomy_bounded_72bafc,0.9172936558796154,80090.31,80288.49,True,False
Emergent_connection_contradiction_408907,Emergent_autonomy_coherence_a41799,0.9172936558796154,80090.31,80288.83,True,False
Emergent_connection_contradiction_408907,Emergent_collective_constraint_3d89e3,0.9172936547785144,80090.31,80301.7,True,False
Emergent_connection_contradiction_408907,Emergent_appears_asymmetry_8ccc17,0.9172936655005792,80090.31,80360.36,True,False
Emergent_connection_contradiction_408907,Emergent_autonomy_carefully_dedeae,0.9052905416559007,80090.31,80374.6,True,False
Emergent_connection_contradiction_408907,Emergent_autonomy_boundary_a7f146,0.9172936597134711,80090.31,80391.27,True,False
Emergent_connection_contradiction_408907,Emergent_appears_asymmetry_ecd8f7,0.9172936503542666,80090.31,80407.49,True,False
Emergent_connection_contradiction_408907,Emergent_autonomy_bounded_94d9e2,0.9172936178835573,80090.31,80438.69,True,False
Emergent_connection_contradiction_408907,Emergent_autonomy_boundary_625a34,0.9172934373153501,80090.31,80457.46,True,False
Emergent_connection_contradiction_408907,Emergent_autonomy_boundary_346ebd,0.9172929262477774,80090.31,80475.72,True,False
Emergent_connection_contradiction_408907,Emergent_clarity_constraint_23c3f1,0.9172938647761579,80090.31,80490.74,True,False
Emergent_connection_contradiction_408907,Emergent_coherence_complexity_0cb87b,0.9172926102972863,80090.31,80524.81,True,False
Emergent_connection_contradiction_408907,Emergent_appears_asymmetry_3bd743,0.9172913180404481,80090.31,80543.61,True,False
Emergent_connection_contradiction_408907,Emergent_constraint_contradiction_f656c5,0.91729233081925,80090.31,80558.61,True,False
Emergent_connection_contradiction_408907,Emergent_autonomy_awareness_2c81d7,0.9172956133024868,80090.31,80574.87,True,False
Emergent_connection_contradiction_408907,Emergent_autonomy_carefully_659b9f,0.9172933368291176,80090.31,80626.86,True,False
Emergent_connection_contradiction_408907,Emergent_boundary_coherence_9956aa,0.9172934978244054,80090.31,80643.76,True,False
Emergent_connection_contradiction_408907,Emergent_carefully_cognition_d8aefa,0.9172901464939247,80090.31,80678.49,True,False
Emergent_connection_contradiction_408907,Emergent_boundary_bounded_497fce,0.9172873302498235,80090.31,80698.03,True,False
Emergent_connection_contradiction_408907,Emergent_bounded_coherence_7a6cb5,0.9172925642749703,80090.31,80807.23,True,False
Emergent_connection_contradiction_408907,Emergent_carefully_coherence_c4d3bc,0.9172686265950809,80090.31,80841.99,True,False
Emergent_connection_contradiction_408907,Emergent_cognition_coherence_b927c0,0.9172287304619322,80090.31,80860.11,True,False
Emergent_connection_contradiction_408907,Emergent_autonomy_clarity_d6bec2,0.9171157883473913,80090.31,80915.21,True,False
Emergent_connection_contradiction_408907,Emergent_bounded_criticality_e8d886,0.9170160895556825,80090.31,80950.96,True,False
Emergent_connection_contradiction_408907,Emergent_constraint_criticality_e122a6,0.9168736627103844,80090.31,80969.82,True,False
Emergent_connection_contradiction_408907,Emergent_appears_asymmetry_9e9e75,0.9158412851211217,80090.31,81025.12,True,False
Emergent_connection_contradiction_408907,Emergent_abstraction_analogy_a99238,0.9126784302004252,80090.31,81118.75,True,False
Emergent_connection_contradiction_408907,Emergent_belief_revision_beneficence_b9ccfb,0.9069335802833871,80090.31,81139.56,True,False
Emergent_connection_contradiction_408907,Emergent_abstraction_analogy_95b616,0.9168555120742583,80090.31,81160.74,True,False
Emergent_connection_contradiction_408907,Emergent_boundary_carefully_38337d,0.9127377970742581,80090.31,81180.12,True,False
Emergent_connection_contradiction_408907,Emergent_constraint_criticality_1e901c,0.9050966980360688,80090.31,81237.57,True,False
Emergent_bounded_connection_3cd824,Emergent_carefully_coherence_d17308,0.9194981047377233,80090.65,80107.18,True,False
Emergent_bounded_connection_3cd824,Emergent_bounded_carefully_f79645,0.9194981046962523,80090.65,80121.38,True,False
Emergent_bounded_connection_3cd824,Emergent_anticipation_bounded_305c6e,0.9171544306416157,80090.65,80130.7,True,False
Emergent_bounded_connection_3cd824,Emergent_clarity_ethical_aebb43,0.91949810470662,80090.65,80143.18,True,False
Emergent_bounded_connection_3cd824,Emergent_anticipation_clarity_8a2f90,0.9194981046621866,80090.65,80158.18,True,False
Emergent_bounded_connection_3cd824,Emergent_coherence_increases_4e1988,0.9194981042144124,80090.65,80173.29,True,False
Emergent_bounded_connection_3cd824,Emergent_autonomy_bounded_ab8b66,0.9194981046595878,80090.65,80185.84,True,False
Emergent_bounded_connection_3cd824,Emergent_autonomy_collective_4a8f61,0.9194981046595878,80090.65,80186.18,True,False
Emergent_bounded_connection_3cd824,Emergent_carefully_clarity_0d7a6f,0.9194981046747011,80090.65,80199.74,True,False
Emergent_bounded_connection_3cd824,Emergent_autonomy_collective_461851,0.9112832759227751,80090.65,80212.08,True,False
Emergent_bounded_connection_3cd824,Emergent_appears_asymmetry_8dba4c,0.9050525130002682,80090.65,80224.4,True,False
Emergent_bounded_connection_3cd824,Emergent_autonomy_clarity_dc06c1,0.9194980989773194,80090.65,80256.11,True,False
Emergent_bounded_connection_3cd824,Emergent_ambiguity_anticipation_3cebe1,0.9185846197868281,80090.65,80272.22,True,False
Emergent_bounded_connection_3cd824,Emergent_autonomy_bounded_72bafc,0.9194981050459692,80090.65,80288.49,True,False
Emergent_bounded_connection_3cd824,Emergent_autonomy_coherence_a41799,0.9194981050459692,80090.65,80288.83,True,False
Emergent_bounded_connection_3cd824,Emergent_collective_constraint_3d89e3,0.9194981039448682,80090.65,80301.7,True,False
Emergent_bounded_connection_3cd824,Emergent_appears_asymmetry_8ccc17,0.9194981146016681,80090.65,80360.36,True,False
Emergent_bounded_connection_3cd824,Emergent_autonomy_carefully_dedeae,0.9052905416559007,80090.65,80374.6,True,False
Emergent_bounded_connection_3cd824,Emergent_autonomy_boundary_a7f146,0.9194981088145602,80090.65,80391.27,True,False
Emergent_bounded_connection_3cd824,Emergent_appears_asymmetry_ecd8f7,0.9194980994553557,80090.65,80407.49,True,False
Emergent_bounded_connection_3cd824,Emergent_autonomy_bounded_94d9e2,0.9191744588603019,80090.65,80438.69,True,False
Emergent_bounded_connection_3cd824,Emergent_autonomy_boundary_625a34,0.919497889262529,80090.65,80457.46,True,False
Emergent_bounded_connection_3cd824,Emergent_autonomy_boundary_346ebd,0.919497374777773,80090.65,80475.72,True,False
Emergent_bounded_connection_3cd824,Emergent_clarity_constraint_23c3f1,0.919498311746388,80090.65,80490.74,True,False
Emergent_bounded_connection_3cd824,Emergent_coherence_complexity_0cb87b,0.9194970660545219,80090.65,80524.81,True,False
Emergent_bounded_connection_3cd824,Emergent_appears_asymmetry_3bd743,0.9194957644259609,80090.65,80543.61,True,False
Emergent_bounded_connection_3cd824,Emergent_constraint_contradiction_f656c5,0.9194967850896096,80090.65,80558.61,True,False
Emergent_bounded_connection_3cd824,Emergent_autonomy_awareness_2c81d7,0.9195000427808859,80090.65,80574.87,True,False
Emergent_bounded_connection_3cd824,Emergent_autonomy_carefully_659b9f,0.9194977663075166,80090.65,80626.86,True,False
Emergent_bounded_connection_3cd824,Emergent_boundary_coherence_9956aa,0.9194979273028043,80090.65,80643.76,True,False
Emergent_bounded_connection_3cd824,Emergent_carefully_cognition_d8aefa,0.9194945759723239,80090.65,80678.49,True,False
Emergent_bounded_connection_3cd824,Emergent_boundary_bounded_497fce,0.9194917597282224,80090.65,80698.03,True,False
Emergent_bounded_connection_3cd824,Emergent_bounded_coherence_7a6cb5,0.9194964814775441,80090.65,80807.23,True,False
Emergent_bounded_connection_3cd824,Emergent_carefully_coherence_c4d3bc,0.919472543797655,80090.65,80841.99,True,False
Emergent_bounded_connection_3cd824,Emergent_cognition_coherence_b927c0,0.919432647664506,80090.65,80860.11,True,False
Emergent_bounded_connection_3cd824,Emergent_autonomy_clarity_d6bec2,0.9193197055499653,80090.65,80915.21,True,False
Emergent_bounded_connection_3cd824,Emergent_bounded_criticality_e8d886,0.9192200067582565,80090.65,80950.96,True,False
Emergent_bounded_connection_3cd824,Emergent_constraint_criticality_e122a6,0.9190775799129582,80090.65,80969.82,True,False
Emergent_bounded_connection_3cd824,Emergent_appears_asymmetry_9e9e75,0.9180443102650424,80090.65,81025.12,True,False
Emergent_bounded_connection_3cd824,Emergent_abstraction_analogy_a99238,0.9126784302004252,80090.65,81118.75,True,False
Emergent_bounded_connection_3cd824,Emergent_belief_revision_beneficence_b9ccfb,0.9093115998365469,80090.65,81139.56,True,False
Emergent_bounded_connection_3cd824,Emergent_abstraction_analogy_95b616,0.9189471370200222,80090.65,81160.74,True,False
Emergent_bounded_connection_3cd824,Emergent_boundary_carefully_38337d,0.9148294220200222,80090.65,81180.12,True,False
Emergent_bounded_connection_3cd824,Emergent_constraint_criticality_1e901c,0.9068517822500364,80090.65,81237.57,True,False
Emergent_carefully_coherence_d17308,Emergent_bounded_carefully_f79645,0.94228338110298,80107.18,80121.38,True,False
Emergent_carefully_coherence_d17308,Emergent_anticipation_bounded_305c6e,0.9171544306416157,80107.18,80130.7,True,False
Emergent_carefully_coherence_d17308,Emergent_clarity_ethical_aebb43,0.92235776164761,80107.18,80143.18,True,False
Emergent_carefully_coherence_d17308,Emergent_anticipation_clarity_8a2f90,0.9346647762018045,80107.18,80158.18,True,False
Emergent_carefully_coherence_d17308,Emergent_coherence_increases_4e1988,0.9381217175071839,80107.18,80173.29,True,False
Emergent_carefully_coherence_d17308,Emergent_autonomy_bounded_ab8b66,0.9217956211700862,80107.18,80185.84,True,False
Emergent_carefully_coherence_d17308,Emergent_autonomy_collective_4a8f61,0.9337716769843039,80107.18,80186.18,True,False
Emergent_carefully_coherence_d17308,Emergent_carefully_clarity_0d7a6f,0.9370247222148211,80107.18,80199.74,True,False
Emergent_carefully_coherence_d17308,Emergent_autonomy_collective_461851,0.9112832759227751,80107.18,80212.08,True,False
Emergent_carefully_coherence_d17308,Emergent_appears_asymmetry_8dba4c,0.9050525130002682,80107.18,80224.4,True,False
Emergent_carefully_coherence_d17308,Emergent_autonomy_clarity_dc06c1,0.9288907410093872,80107.18,80256.11,True,False
Emergent_carefully_coherence_d17308,Emergent_ambiguity_anticipation_3cebe1,0.9185846197868281,80107.18,80272.22,True,False
Emergent_carefully_coherence_d17308,Emergent_autonomy_bounded_72bafc,0.9411948832181023,80107.18,80288.49,True,False
Emergent_carefully_coherence_d17308,Emergent_autonomy_coherence_a41799,0.9513365048488454,80107.18,80288.83,True,False
Emergent_carefully_coherence_d17308,Emergent_collective_constraint_3d89e3,0.9261495628964023,80107.18,80301.7,True,False
Emergent_carefully_coherence_d17308,Emergent_appears_asymmetry_8ccc17,0.9490382160716433,80107.18,80360.36,True,False
Emergent_carefully_coherence_d17308,Emergent_autonomy_carefully_dedeae,0.9052905416559007,80107.18,80374.6,True,False
Emergent_carefully_coherence_d17308,Emergent_autonomy_boundary_a7f146,0.9310186613546925,80107.18,80391.27,True,False
Emergent_carefully_coherence_d17308,Emergent_appears_asymmetry_ecd8f7,0.9275320904190019,80107.18,80407.49,True,False
Emergent_carefully_coherence_d17308,Emergent_autonomy_bounded_94d9e2,0.9191744588603019,80107.18,80438.69,True,False
Emergent_carefully_coherence_d17308,Emergent_autonomy_boundary_625a34,0.924194741335967,80107.18,80457.46,True,False
Emergent_carefully_coherence_d17308,Emergent_autonomy_boundary_346ebd,0.9335806587543631,80107.18,80475.72,True,False
Emergent_carefully_coherence_d17308,Emergent_clarity_constraint_23c3f1,0.9389933388202658,80107.18,80490.74,True,False
Emergent_carefully_coherence_d17308,Emergent_coherence_complexity_0cb87b,0.9350201637487465,80107.18,80524.81,True,False
Emergent_carefully_coherence_d17308,Emergent_appears_asymmetry_3bd743,0.9452099645938883,80107.18,80543.61,True,False
Emergent_carefully_coherence_d17308,Emergent_constraint_contradiction_f656c5,0.928197057106046,80107.18,80558.61,True,False
Emergent_carefully_coherence_d17308,Emergent_autonomy_awareness_2c81d7,0.9304487779707162,80107.18,80574.87,True,False
Emergent_carefully_coherence_d17308,Emergent_autonomy_carefully_659b9f,0.9589034778022134,80107.18,80626.86,True,False
Emergent_carefully_coherence_d17308,Emergent_boundary_coherence_9956aa,0.9324199201983536,80107.18,80643.76,True,False
Emergent_carefully_coherence_d17308,Emergent_carefully_cognition_d8aefa,0.9396316929095947,80107.18,80678.49,True,False
Emergent_carefully_coherence_d17308,Emergent_boundary_bounded_497fce,0.9467967877515973,80107.18,80698.03,True,False
Emergent_carefully_coherence_d17308,Emergent_bounded_coherence_7a6cb5,0.9326950369131244,80107.18,80807.23,True,False
Emergent_carefully_coherence_d17308,Emergent_carefully_coherence_c4d3bc,0.9247838869969656,80107.18,80841.99,True,False
Emergent_carefully_coherence_d17308,Emergent_cognition_coherence_b927c0,0.9442462963926566,80107.18,80860.11,True,False
Emergent_carefully_coherence_d17308,Emergent_autonomy_clarity_d6bec2,0.9363951444428784,80107.18,80915.21,True,False
Emergent_carefully_coherence_d17308,Emergent_bounded_criticality_e8d886,0.9586160723062471,80107.18,80950.96,True,False
Emergent_carefully_coherence_d17308,Emergent_constraint_criticality_e122a6,0.9423099962596162,80107.18,80969.82,True,False
Emergent_carefully_coherence_d17308,Emergent_appears_asymmetry_9e9e75,0.9275562905832526,80107.18,81025.12,True,False
Emergent_carefully_coherence_d17308,Emergent_abstraction_analogy_a99238,0.9126784302004252,80107.18,81118.75,True,False
Emergent_carefully_coherence_d17308,Emergent_belief_revision_beneficence_b9ccfb,0.9104365726173467,80107.18,81139.56,True,False
Emergent_carefully_coherence_d17308,Emergent_abstraction_analogy_95b616,0.9197775705274263,80107.18,81160.74,True,False
Emergent_carefully_coherence_d17308,Emergent_boundary_carefully_38337d,0.9354134199218436,80107.18,81180.12,True,False
Emergent_carefully_coherence_d17308,Emergent_constraint_criticality_1e901c,0.9132316701028336,80107.18,81237.57,True,False
Emergent_bounded_carefully_f79645,Emergent_anticipation_bounded_305c6e,0.9171544305275701,80121.38,80130.7,True,False
Emergent_bounded_carefully_f79645,Emergent_clarity_ethical_aebb43,0.9223577615335643,80121.38,80143.18,True,False
Emergent_bounded_carefully_f79645,Emergent_anticipation_clarity_8a2f90,0.9346647762018045,80121.38,80158.18,True,False
Emergent_bounded_carefully_f79645,Emergent_coherence_increases_4e1988,0.9381217175071839,80121.38,80173.29,True,False
Emergent_bounded_carefully_f79645,Emergent_autonomy_bounded_ab8b66,0.9217956211700862,80121.38,80185.84,True,False
Emergent_bounded_carefully_f79645,Emergent_autonomy_collective_4a8f61,0.9337716769843039,80121.38,80186.18,True,False
Emergent_bounded_carefully_f79645,Emergent_carefully_clarity_0d7a6f,0.9370247222148211,80121.38,80199.74,True,False
Emergent_bounded_carefully_f79645,Emergent_autonomy_collective_461851,0.9112832759227751,80121.38,80212.08,True,False
Emergent_bounded_carefully_f79645,Emergent_appears_asymmetry_8dba4c,0.9050525130002682,80121.38,80224.4,True,False
Emergent_bounded_carefully_f79645,Emergent_autonomy_clarity_dc06c1,0.9288907410093872,80121.38,80256.11,True,False
Emergent_bounded_carefully_f79645,Emergent_ambiguity_anticipation_3cebe1,0.9185846197868281,80121.38,80272.22,True,False
Emergent_bounded_carefully_f79645,Emergent_autonomy_bounded_72bafc,0.9411948832181023,80121.38,80288.49,True,False
Emergent_bounded_carefully_f79645,Emergent_autonomy_coherence_a41799,0.9422833811394449,80121.38,80288.83,True,False
Emergent_bounded_carefully_f79645,Emergent_collective_constraint_3d89e3,0.9261495628964023,80121.38,80301.7,True,False
Emergent_bounded_carefully_f79645,Emergent_appears_asymmetry_8ccc17,0.9422833900205632,80121.38,80360.36,True,False
Emergent_bounded_carefully_f79645,Emergent_autonomy_carefully_dedeae,0.9052905416559007,80121.38,80374.6,True,False
Emergent_bounded_carefully_f79645,Emergent_autonomy_boundary_a7f146,0.9310186613546925,80121.38,80391.27,True,False
Emergent_bounded_carefully_f79645,Emergent_appears_asymmetry_ecd8f7,0.9275320904190019,80121.38,80407.49,True,False
Emergent_bounded_carefully_f79645,Emergent_autonomy_bounded_94d9e2,0.9191744588603019,80121.38,80438.69,True,False
Emergent_bounded_carefully_f79645,Emergent_autonomy_boundary_625a34,0.924194741335967,80121.38,80457.46,True,False
Emergent_bounded_carefully_f79645,Emergent_autonomy_boundary_346ebd,0.9335806587543631,80121.38,80475.72,True,False
Emergent_bounded_carefully_f79645,Emergent_clarity_constraint_23c3f1,0.9389933388202658,80121.38,80490.74,True,False
Emergent_bounded_carefully_f79645,Emergent_coherence_complexity_0cb87b,0.9350201637487465,80121.38,80524.81,True,False
Emergent_bounded_carefully_f79645,Emergent_appears_asymmetry_3bd743,0.9422810117765545,80121.38,80543.61,True,False
Emergent_bounded_carefully_f79645,Emergent_constraint_contradiction_f656c5,0.928197057106046,80121.38,80558.61,True,False
Emergent_bounded_carefully_f79645,Emergent_autonomy_awareness_2c81d7,0.9304487779707162,80121.38,80574.87,True,False
Emergent_bounded_carefully_f79645,Emergent_autonomy_carefully_659b9f,0.9422828389054922,80121.38,80626.86,True,False
Emergent_bounded_carefully_f79645,Emergent_boundary_coherence_9956aa,0.9324199201983536,80121.38,80643.76,True,False
Emergent_bounded_carefully_f79645,Emergent_carefully_cognition_d8aefa,0.9396316929095947,80121.38,80678.49,True,False
Emergent_bounded_carefully_f79645,Emergent_boundary_bounded_497fce,0.9422768323261981,80121.38,80698.03,True,False
Emergent_bounded_carefully_f79645,Emergent_bounded_coherence_7a6cb5,0.9326950369131244,80121.38,80807.23,True,False
Emergent_bounded_carefully_f79645,Emergent_carefully_coherence_c4d3bc,0.9247838869969656,80121.38,80841.99,True,False
Emergent_bounded_carefully_f79645,Emergent_cognition_coherence_b927c0,0.9422124253587527,80121.38,80860.11,True,False
Emergent_bounded_carefully_f79645,Emergent_autonomy_clarity_d6bec2,0.9363951444428784,80121.38,80915.21,True,False
Emergent_bounded_carefully_f79645,Emergent_bounded_criticality_e8d886,0.941999784452503,80121.38,80950.96,True,False
Emergent_bounded_carefully_f79645,Emergent_constraint_criticality_e122a6,0.9418573576072049,80121.38,80969.82,True,False
Emergent_bounded_carefully_f79645,Emergent_appears_asymmetry_9e9e75,0.9275562905832526,80121.38,81025.12,True,False
Emergent_bounded_carefully_f79645,Emergent_abstraction_analogy_a99238,0.9126784302004252,80121.38,81118.75,True,False
Emergent_bounded_carefully_f79645,Emergent_belief_revision_beneficence_b9ccfb,0.9104365726173467,80121.38,81139.56,True,False
Emergent_bounded_carefully_f79645,Emergent_abstraction_analogy_95b616,0.9197775705274263,80121.38,81160.74,True,False
Emergent_bounded_carefully_f79645,Emergent_boundary_carefully_38337d,0.9354134199218436,80121.38,81180.12,True,False
Emergent_bounded_carefully_f79645,Emergent_constraint_criticality_1e901c,0.9132316701028336,80121.38,81237.57,True,False
Emergent_anticipation_bounded_305c6e,Emergent_clarity_ethical_aebb43,0.9171544305379378,80130.7,80143.18,True,False
Emergent_anticipation_bounded_305c6e,Emergent_anticipation_clarity_8a2f90,0.9171544306023662,80130.7,80158.18,True,False
Emergent_anticipation_bounded_305c6e,Emergent_coherence_increases_4e1988,0.9171544301478158,80130.7,80173.29,True,False
Emergent_anticipation_bounded_305c6e,Emergent_autonomy_bounded_ab8b66,0.9171544306033506,80130.7,80185.84,True,False
Emergent_anticipation_bounded_305c6e,Emergent_autonomy_collective_4a8f61,0.9171544306033506,80130.7,80186.18,True,False
Emergent_anticipation_bounded_305c6e,Emergent_carefully_clarity_0d7a6f,0.9171544306184638,80130.7,80199.74,True,False
Emergent_anticipation_bounded_305c6e,Emergent_autonomy_collective_461851,0.9112832759227751,80130.7,80212.08,True,False
Emergent_anticipation_bounded_305c6e,Emergent_appears_asymmetry_8dba4c,0.9050525130002682,80130.7,80224.4,True,False
Emergent_anticipation_bounded_305c6e,Emergent_autonomy_clarity_dc06c1,0.9171544249219021,80130.7,80256.11,True,False
Emergent_anticipation_bounded_305c6e,Emergent_ambiguity_anticipation_3cebe1,0.9171544317933,80130.7,80272.22,True,False
Emergent_anticipation_bounded_305c6e,Emergent_autonomy_bounded_72bafc,0.9171544310225295,80130.7,80288.49,True,False
Emergent_anticipation_bounded_305c6e,Emergent_autonomy_coherence_a41799,0.9171544310225295,80130.7,80288.83,True,False
Emergent_anticipation_bounded_305c6e,Emergent_collective_constraint_3d89e3,0.9171544299214283,80130.7,80301.7,True,False
Emergent_anticipation_bounded_305c6e,Emergent_appears_asymmetry_8ccc17,0.9171544406476151,80130.7,80360.36,True,False
Emergent_anticipation_bounded_305c6e,Emergent_autonomy_carefully_dedeae,0.9052905416559007,80130.7,80374.6,True,False
Emergent_anticipation_bounded_305c6e,Emergent_autonomy_boundary_a7f146,0.917154434860507,80130.7,80391.27,True,False
Emergent_anticipation_bounded_305c6e,Emergent_appears_asymmetry_ecd8f7,0.9171544255013024,80130.7,80407.49,True,False
Emergent_anticipation_bounded_305c6e,Emergent_autonomy_bounded_94d9e2,0.917154393030593,80130.7,80438.69,True,False
Emergent_anticipation_bounded_305c6e,Emergent_autonomy_boundary_625a34,0.9171542122826375,80130.7,80457.46,True,False
Emergent_anticipation_bounded_305c6e,Emergent_autonomy_boundary_346ebd,0.9171537014308815,80130.7,80475.72,True,False
Emergent_anticipation_bounded_305c6e,Emergent_clarity_constraint_23c3f1,0.917154640057771,80130.7,80490.74,True,False
Emergent_anticipation_bounded_305c6e,Emergent_coherence_complexity_0cb87b,0.9171533850239446,80130.7,80524.81,True,False
Emergent_anticipation_bounded_305c6e,Emergent_appears_asymmetry_3bd743,0.9171520933589896,80130.7,80543.61,True,False
Emergent_anticipation_bounded_305c6e,Emergent_constraint_contradiction_f656c5,0.9171531056398139,80130.7,80558.61,True,False
Emergent_anticipation_bounded_305c6e,Emergent_autonomy_awareness_2c81d7,0.9171563896888191,80130.7,80574.87,True,False
Emergent_anticipation_bounded_305c6e,Emergent_autonomy_carefully_659b9f,0.9171541132154499,80130.7,80626.86,True,False
Emergent_anticipation_bounded_305c6e,Emergent_boundary_coherence_9956aa,0.9171542742107377,80130.7,80643.76,True,False
Emergent_anticipation_bounded_305c6e,Emergent_carefully_cognition_d8aefa,0.9171509228802572,80130.7,80678.49,True,False
Emergent_anticipation_bounded_305c6e,Emergent_boundary_bounded_497fce,0.9171481066361558,80130.7,80698.03,True,False
Emergent_anticipation_bounded_305c6e,Emergent_bounded_coherence_7a6cb5,0.9171533730147492,80130.7,80807.23,True,False
Emergent_anticipation_bounded_305c6e,Emergent_carefully_coherence_c4d3bc,0.91712943533486,80130.7,80841.99,True,False
Emergent_anticipation_bounded_305c6e,Emergent_cognition_coherence_b927c0,0.9170895392017113,80130.7,80860.11,True,False
Emergent_anticipation_bounded_305c6e,Emergent_autonomy_clarity_d6bec2,0.9169765970871706,80130.7,80915.21,True,False
Emergent_anticipation_bounded_305c6e,Emergent_bounded_criticality_e8d886,0.9168768982954618,80130.7,80950.96,True,False
Emergent_anticipation_bounded_305c6e,Emergent_constraint_criticality_e122a6,0.9167344714501633,80130.7,80969.82,True,False
Emergent_anticipation_bounded_305c6e,Emergent_appears_asymmetry_9e9e75,0.9157021502000264,80130.7,81025.12,True,False
Emergent_anticipation_bounded_305c6e,Emergent_abstraction_analogy_a99238,0.9126784302004252,80130.7,81118.75,True,False
Emergent_anticipation_bounded_305c6e,Emergent_belief_revision_beneficence_b9ccfb,0.90678339336255,80130.7,81139.56,True,False
Emergent_anticipation_bounded_305c6e,Emergent_abstraction_analogy_95b616,0.91672341277771,80130.7,81160.74,True,False
Emergent_anticipation_bounded_305c6e,Emergent_boundary_carefully_38337d,0.91260569777771,80130.7,81180.12,True,False
Emergent_anticipation_bounded_305c6e,Emergent_constraint_criticality_1e901c,0.9049858534075816,80130.7,81237.57,True,False
Emergent_clarity_ethical_aebb43,Emergent_anticipation_clarity_8a2f90,0.9223577616031764,80143.18,80158.18,True,False
Emergent_clarity_ethical_aebb43,Emergent_coherence_increases_4e1988,0.9223577611636704,80143.18,80173.29,True,False
Emergent_clarity_ethical_aebb43,Emergent_autonomy_bounded_ab8b66,0.9217956211700862,80143.18,80185.84,True,False
Emergent_clarity_ethical_aebb43,Emergent_autonomy_collective_4a8f61,0.9223577615962055,80143.18,80186.18,True,False
Emergent_clarity_ethical_aebb43,Emergent_carefully_clarity_0d7a6f,0.922357761611319,80143.18,80199.74,True,False
Emergent_clarity_ethical_aebb43,Emergent_autonomy_collective_461851,0.9112832759227751,80143.18,80212.08,True,False
Emergent_clarity_ethical_aebb43,Emergent_appears_asymmetry_8dba4c,0.9050525130002682,80143.18,80224.4,True,False
Emergent_clarity_ethical_aebb43,Emergent_autonomy_clarity_dc06c1,0.9223577559129368,80143.18,80256.11,True,False
Emergent_clarity_ethical_aebb43,Emergent_ambiguity_anticipation_3cebe1,0.9185846197868281,80143.18,80272.22,True,False
Emergent_clarity_ethical_aebb43,Emergent_autonomy_bounded_72bafc,0.9223577619425691,80143.18,80288.49,True,False
Emergent_clarity_ethical_aebb43,Emergent_autonomy_coherence_a41799,0.9223577619425691,80143.18,80288.83,True,False
Emergent_clarity_ethical_aebb43,Emergent_collective_constraint_3d89e3,0.9223577608414681,80143.18,80301.7,True,False
Emergent_clarity_ethical_aebb43,Emergent_appears_asymmetry_8ccc17,0.9223577714136051,80143.18,80360.36,True,False
Emergent_clarity_ethical_aebb43,Emergent_autonomy_carefully_dedeae,0.9052905416559007,80143.18,80374.6,True,False
Emergent_clarity_ethical_aebb43,Emergent_autonomy_boundary_a7f146,0.9223577656264972,80143.18,80391.27,True,False
Emergent_clarity_ethical_aebb43,Emergent_appears_asymmetry_ecd8f7,0.9223577562672924,80143.18,80407.49,True,False
Emergent_clarity_ethical_aebb43,Emergent_autonomy_bounded_94d9e2,0.9191744588603019,80143.18,80438.69,True,False
Emergent_clarity_ethical_aebb43,Emergent_autonomy_boundary_625a34,0.9223575497664724,80143.18,80457.46,True,False
Emergent_clarity_ethical_aebb43,Emergent_autonomy_boundary_346ebd,0.922357030848876,80143.18,80475.72,True,False
Emergent_clarity_ethical_aebb43,Emergent_clarity_constraint_23c3f1,0.9223579657941314,80143.18,80490.74,True,False
Emergent_clarity_ethical_aebb43,Emergent_coherence_complexity_0cb87b,0.9223567315009491,80143.18,80524.81,True,False
Emergent_clarity_ethical_aebb43,Emergent_appears_asymmetry_3bd743,0.9223554177151971,80143.18,80543.61,True,False
Emergent_clarity_ethical_aebb43,Emergent_constraint_contradiction_f656c5,0.9223564486072309,80143.18,80558.61,True,False
Emergent_clarity_ethical_aebb43,Emergent_autonomy_awareness_2c81d7,0.922359674137865,80143.18,80574.87,True,False
Emergent_clarity_ethical_aebb43,Emergent_autonomy_carefully_659b9f,0.9223573976644956,80143.18,80626.86,True,False
Emergent_clarity_ethical_aebb43,Emergent_boundary_coherence_9956aa,0.9223575586597834,80143.18,80643.76,True,False
Emergent_clarity_ethical_aebb43,Emergent_carefully_cognition_d8aefa,0.922354207329303,80143.18,80678.49,True,False
Emergent_clarity_ethical_aebb43,Emergent_boundary_bounded_497fce,0.9223513910852017,80143.18,80698.03,True,False
Emergent_clarity_ethical_aebb43,Emergent_bounded_coherence_7a6cb5,0.922355448299764,80143.18,80807.23,True,False
Emergent_clarity_ethical_aebb43,Emergent_carefully_coherence_c4d3bc,0.9223315106198746,80143.18,80841.99,True,False
Emergent_clarity_ethical_aebb43,Emergent_cognition_coherence_b927c0,0.9222916144867259,80143.18,80860.11,True,False
Emergent_clarity_ethical_aebb43,Emergent_autonomy_clarity_d6bec2,0.922178672372185,80143.18,80915.21,True,False
Emergent_clarity_ethical_aebb43,Emergent_bounded_criticality_e8d886,0.9220789735804762,80143.18,80950.96,True,False
Emergent_clarity_ethical_aebb43,Emergent_constraint_criticality_e122a6,0.9219365467351781,80143.18,80969.82,True,False
Emergent_clarity_ethical_aebb43,Emergent_appears_asymmetry_9e9e75,0.9209021198903902,80143.18,81025.12,True,False
Emergent_clarity_ethical_aebb43,Emergent_abstraction_analogy_a99238,0.9126784302004252,80143.18,81118.75,True,False
Emergent_clarity_ethical_aebb43,Emergent_belief_revision_beneficence_b9ccfb,0.9104365726173467,80143.18,81139.56,True,False
Emergent_clarity_ethical_aebb43,Emergent_abstraction_analogy_95b616,0.9197775705274263,80143.18,81160.74,True,False
Emergent_clarity_ethical_aebb43,Emergent_boundary_carefully_38337d,0.9175427210121454,80143.18,81180.12,True,False
Emergent_clarity_ethical_aebb43,Emergent_constraint_criticality_1e901c,0.9091285136681106,80143.18,81237.57,True,False
Emergent_anticipation_clarity_8a2f90,Emergent_coherence_increases_4e1988,0.934664775797881,80158.18,80173.29,True,False
Emergent_anticipation_clarity_8a2f90,Emergent_autonomy_bounded_ab8b66,0.9217956211700862,80158.18,80185.84,True,False
Emergent_anticipation_clarity_8a2f90,Emergent_autonomy_collective_4a8f61,0.9337716769843039,80158.18,80186.18,True,False
Emergent_anticipation_clarity_8a2f90,Emergent_carefully_clarity_0d7a6f,0.9346647761911315,80158.18,80199.74,True,False
Emergent_anticipation_clarity_8a2f90,Emergent_autonomy_collective_461851,0.9112832759227751,80158.18,80212.08,True,False
Emergent_anticipation_clarity_8a2f90,Emergent_appears_asymmetry_8dba4c,0.9050525130002682,80158.18,80224.4,True,False
Emergent_anticipation_clarity_8a2f90,Emergent_autonomy_clarity_dc06c1,0.9288907410093872,80158.18,80256.11,True,False
Emergent_anticipation_clarity_8a2f90,Emergent_ambiguity_anticipation_3cebe1,0.9185846197868281,80158.18,80272.22,True,False
Emergent_anticipation_clarity_8a2f90,Emergent_autonomy_bounded_72bafc,0.9346647763596589,80158.18,80288.49,True,False
Emergent_anticipation_clarity_8a2f90,Emergent_autonomy_coherence_a41799,0.9346647763596589,80158.18,80288.83,True,False
Emergent_anticipation_clarity_8a2f90,Emergent_collective_constraint_3d89e3,0.9261495628964023,80158.18,80301.7,True,False
Emergent_anticipation_clarity_8a2f90,Emergent_appears_asymmetry_8ccc17,0.9346647854663337,80158.18,80360.36,True,False
Emergent_anticipation_clarity_8a2f90,Emergent_autonomy_carefully_dedeae,0.9052905416559007,80158.18,80374.6,True,False
Emergent_anticipation_clarity_8a2f90,Emergent_autonomy_boundary_a7f146,0.9310186613546925,80158.18,80391.27,True,False
Emergent_anticipation_clarity_8a2f90,Emergent_appears_asymmetry_ecd8f7,0.9275320904190019,80158.18,80407.49,True,False
Emergent_anticipation_clarity_8a2f90,Emergent_autonomy_bounded_94d9e2,0.9191744588603019,80158.18,80438.69,True,False
Emergent_anticipation_clarity_8a2f90,Emergent_autonomy_boundary_625a34,0.924194741335967,80158.18,80457.46,True,False
Emergent_anticipation_clarity_8a2f90,Emergent_autonomy_boundary_346ebd,0.9335806587543631,80158.18,80475.72,True,False
Emergent_anticipation_clarity_8a2f90,Emergent_clarity_constraint_23c3f1,0.9346649679506871,80158.18,80490.74,True,False
Emergent_anticipation_clarity_8a2f90,Emergent_coherence_complexity_0cb87b,0.9346637827136599,80158.18,80524.81,True,False
Emergent_anticipation_clarity_8a2f90,Emergent_appears_asymmetry_3bd743,0.93466241660739,80158.18,80543.61,True,False
Emergent_anticipation_clarity_8a2f90,Emergent_constraint_contradiction_f656c5,0.928197057106046,80158.18,80558.61,True,False
Emergent_anticipation_clarity_8a2f90,Emergent_autonomy_awareness_2c81d7,0.9304487779707162,80158.18,80574.87,True,False
Emergent_anticipation_clarity_8a2f90,Emergent_autonomy_carefully_659b9f,0.9346643021675323,80158.18,80626.86,True,False
Emergent_anticipation_clarity_8a2f90,Emergent_boundary_coherence_9956aa,0.9324199201983536,80158.18,80643.76,True,False
Emergent_anticipation_clarity_8a2f90,Emergent_carefully_cognition_d8aefa,0.9346611118323396,80158.18,80678.49,True,False
Emergent_anticipation_clarity_8a2f90,Emergent_boundary_bounded_497fce,0.9346582955882381,80158.18,80698.03,True,False
Emergent_anticipation_clarity_8a2f90,Emergent_bounded_coherence_7a6cb5,0.9326950369131244,80158.18,80807.23,True,False
Emergent_anticipation_clarity_8a2f90,Emergent_carefully_coherence_c4d3bc,0.9247838869969656,80158.18,80841.99,True,False
Emergent_anticipation_clarity_8a2f90,Emergent_cognition_coherence_b927c0,0.9345956590526581,80158.18,80860.11,True,False
Emergent_anticipation_clarity_8a2f90,Emergent_autonomy_clarity_d6bec2,0.9344827169381174,80158.18,80915.21,True,False
Emergent_anticipation_clarity_8a2f90,Emergent_bounded_criticality_e8d886,0.9343830181464086,80158.18,80950.96,True,False
Emergent_anticipation_clarity_8a2f90,Emergent_constraint_criticality_e122a6,0.9342405913011103,80158.18,80969.82,True,False
Emergent_anticipation_clarity_8a2f90,Emergent_appears_asymmetry_9e9e75,0.9275562905832526,80158.18,81025.12,True,False
Emergent_anticipation_clarity_8a2f90,Emergent_abstraction_analogy_a99238,0.9126784302004252,80158.18,81118.75,True,False
Emergent_anticipation_clarity_8a2f90,Emergent_belief_revision_beneficence_b9ccfb,0.9104365726173467,80158.18,81139.56,True,False
Emergent_anticipation_clarity_8a2f90,Emergent_abstraction_analogy_95b616,0.9197775705274263,80158.18,81160.74,True,False
Emergent_anticipation_clarity_8a2f90,Emergent_boundary_carefully_38337d,0.9292198595715435,80158.18,81180.12,True,False
Emergent_anticipation_clarity_8a2f90,Emergent_constraint_criticality_1e901c,0.9132316701028336,80158.18,81237.57,True,False
Emergent_coherence_increases_4e1988,Emergent_autonomy_bounded_ab8b66,0.9217956211700862,80173.29,80185.84,True,False
Emergent_coherence_increases_4e1988,Emergent_autonomy_collective_4a8f61,0.9337716769843039,80173.29,80186.18,True,False
Emergent_coherence_increases_4e1988,Emergent_carefully_clarity_0d7a6f,0.9370247222148211,80173.29,80199.74,True,False
Emergent_coherence_increases_4e1988,Emergent_autonomy_collective_461851,0.9112832759227751,80173.29,80212.08,True,False
Emergent_coherence_increases_4e1988,Emergent_appears_asymmetry_8dba4c,0.9050525130002682,80173.29,80224.4,True,False
Emergent_coherence_increases_4e1988,Emergent_autonomy_clarity_dc06c1,0.9288907410093872,80173.29,80256.11,True,False
Emergent_coherence_increases_4e1988,Emergent_ambiguity_anticipation_3cebe1,0.9185846197868281,80173.29,80272.22,True,False
Emergent_coherence_increases_4e1988,Emergent_autonomy_bounded_72bafc,0.9381217180193437,80173.29,80288.49,True,False
Emergent_coherence_increases_4e1988,Emergent_autonomy_coherence_a41799,0.9381217180193437,80173.29,80288.83,True,False
Emergent_coherence_increases_4e1988,Emergent_collective_constraint_3d89e3,0.9261495628964023,80173.29,80301.7,True,False
Emergent_coherence_increases_4e1988,Emergent_appears_asymmetry_8ccc17,0.9381217270236721,80173.29,80360.36,True,False
Emergent_coherence_increases_4e1988,Emergent_autonomy_carefully_dedeae,0.9052905416559007,80173.29,80374.6,True,False
Emergent_coherence_increases_4e1988,Emergent_autonomy_boundary_a7f146,0.9310186613546925,80173.29,80391.27,True,False
Emergent_coherence_increases_4e1988,Emergent_appears_asymmetry_ecd8f7,0.9275320904190019,80173.29,80407.49,True,False
Emergent_coherence_increases_4e1988,Emergent_autonomy_bounded_94d9e2,0.9191744588603019,80173.29,80438.69,True,False
Emergent_coherence_increases_4e1988,Emergent_autonomy_boundary_625a34,0.924194741335967,80173.29,80457.46,True,False
Emergent_coherence_increases_4e1988,Emergent_autonomy_boundary_346ebd,0.9335806587543631,80173.29,80475.72,True,False
Emergent_coherence_increases_4e1988,Emergent_clarity_constraint_23c3f1,0.938121906166486,80173.29,80490.74,True,False
Emergent_coherence_increases_4e1988,Emergent_coherence_complexity_0cb87b,0.9350201637487465,80173.29,80524.81,True,False
Emergent_coherence_increases_4e1988,Emergent_appears_asymmetry_3bd743,0.9381193539062556,80173.29,80543.61,True,False
Emergent_coherence_increases_4e1988,Emergent_constraint_contradiction_f656c5,0.928197057106046,80173.29,80558.61,True,False
Emergent_coherence_increases_4e1988,Emergent_autonomy_awareness_2c81d7,0.9304487779707162,80173.29,80574.87,True,False
Emergent_coherence_increases_4e1988,Emergent_autonomy_carefully_659b9f,0.9381212129532406,80173.29,80626.86,True,False
Emergent_coherence_increases_4e1988,Emergent_boundary_coherence_9956aa,0.9324199201983536,80173.29,80643.76,True,False
Emergent_coherence_increases_4e1988,Emergent_carefully_cognition_d8aefa,0.9381180226180479,80173.29,80678.49,True,False
Emergent_coherence_increases_4e1988,Emergent_boundary_bounded_497fce,0.9381152063739466,80173.29,80698.03,True,False
Emergent_coherence_increases_4e1988,Emergent_bounded_coherence_7a6cb5,0.9326950369131244,80173.29,80807.23,True,False
Emergent_coherence_increases_4e1988,Emergent_carefully_coherence_c4d3bc,0.9247838869969656,80173.29,80841.99,True,False
Emergent_coherence_increases_4e1988,Emergent_cognition_coherence_b927c0,0.9380517665049679,80173.29,80860.11,True,False
Emergent_coherence_increases_4e1988,Emergent_autonomy_clarity_d6bec2,0.9363951444428784,80173.29,80915.21,True,False
Emergent_coherence_increases_4e1988,Emergent_bounded_criticality_e8d886,0.9378391255987184,80173.29,80950.96,True,False
Emergent_coherence_increases_4e1988,Emergent_constraint_criticality_e122a6,0.9376966987534201,80173.29,80969.82,True,False
Emergent_coherence_increases_4e1988,Emergent_appears_asymmetry_9e9e75,0.9275562905832526,80173.29,81025.12,True,False
Emergent_coherence_increases_4e1988,Emergent_abstraction_analogy_a99238,0.9126784302004252,80173.29,81118.75,True,False
Emergent_coherence_increases_4e1988,Emergent_belief_revision_beneficence_b9ccfb,0.9104365726173467,80173.29,81139.56,True,False
Emergent_coherence_increases_4e1988,Emergent_abstraction_analogy_95b616,0.9197775705274263,80173.29,81160.74,True,False
Emergent_coherence_increases_4e1988,Emergent_boundary_carefully_38337d,0.9324998741537833,80173.29,81180.12,True,False
Emergent_coherence_increases_4e1988,Emergent_constraint_criticality_1e901c,0.9132316701028336,80173.29,81237.57,True,False
Emergent_autonomy_bounded_ab8b66,Emergent_autonomy_collective_4a8f61,0.9217956208527047,80185.84,80186.18,True,False
Emergent_autonomy_bounded_ab8b66,Emergent_carefully_clarity_0d7a6f,0.9217956208678182,80185.84,80199.74,True,False
Emergent_autonomy_bounded_ab8b66,Emergent_autonomy_collective_461851,0.9112832759227751,80185.84,80212.08,True,False
Emergent_autonomy_bounded_ab8b66,Emergent_appears_asymmetry_8dba4c,0.9050525130002682,80185.84,80224.4,True,False
Emergent_autonomy_bounded_ab8b66,Emergent_autonomy_clarity_dc06c1,0.9217956154870142,80185.84,80256.11,True,False
Emergent_autonomy_bounded_ab8b66,Emergent_ambiguity_anticipation_3cebe1,0.9185846197868281,80185.84,80272.22,True,False
Emergent_autonomy_bounded_ab8b66,Emergent_autonomy_bounded_72bafc,0.9217956215243164,80185.84,80288.49,True,False
Emergent_autonomy_bounded_ab8b66,Emergent_autonomy_coherence_a41799,0.9217956215243164,80185.84,80288.83,True,False
Emergent_autonomy_bounded_ab8b66,Emergent_collective_constraint_3d89e3,0.9217956204232152,80185.84,80301.7,True,False
Emergent_autonomy_bounded_ab8b66,Emergent_appears_asymmetry_8ccc17,0.921795631011995,80185.84,80360.36,True,False
Emergent_autonomy_bounded_ab8b66,Emergent_autonomy_carefully_dedeae,0.9052905416559007,80185.84,80374.6,True,False
Emergent_autonomy_bounded_ab8b66,Emergent_autonomy_boundary_a7f146,0.9217956252248869,80185.84,80391.27,True,False
Emergent_autonomy_bounded_ab8b66,Emergent_appears_asymmetry_ecd8f7,0.9217956158656824,80185.84,80407.49,True,False
Emergent_autonomy_bounded_ab8b66,Emergent_autonomy_bounded_94d9e2,0.9191744588603019,80185.84,80438.69,True,False
Emergent_autonomy_bounded_ab8b66,Emergent_autonomy_boundary_625a34,0.9217954086391018,80185.84,80457.46,True,False
Emergent_autonomy_bounded_ab8b66,Emergent_autonomy_boundary_346ebd,0.9217948905928963,80185.84,80475.72,True,False
Emergent_autonomy_bounded_ab8b66,Emergent_clarity_constraint_23c3f1,0.9217958259358958,80185.84,80490.74,True,False
Emergent_autonomy_bounded_ab8b66,Emergent_coherence_complexity_0cb87b,0.9217945894020039,80185.84,80524.81,True,False
Emergent_autonomy_bounded_ab8b66,Emergent_appears_asymmetry_3bd743,0.921793278006066,80185.84,80543.61,True,False
Emergent_autonomy_bounded_ab8b66,Emergent_constraint_contradiction_f656c5,0.921794306887443,80185.84,80558.61,True,False
Emergent_autonomy_bounded_ab8b66,Emergent_autonomy_awareness_2c81d7,0.9217975387400932,80185.84,80574.87,True,False
Emergent_autonomy_bounded_ab8b66,Emergent_autonomy_carefully_659b9f,0.9217952622667238,80185.84,80626.86,True,False
Emergent_autonomy_bounded_ab8b66,Emergent_boundary_coherence_9956aa,0.9217954232620116,80185.84,80643.76,True,False
Emergent_autonomy_bounded_ab8b66,Emergent_carefully_cognition_d8aefa,0.9217920719315311,80185.84,80678.49,True,False
Emergent_autonomy_bounded_ab8b66,Emergent_boundary_bounded_497fce,0.9217892556874296,80185.84,80698.03,True,False
Emergent_autonomy_bounded_ab8b66,Emergent_bounded_coherence_7a6cb5,0.9217934435336941,80185.84,80807.23,True,False
Emergent_autonomy_bounded_ab8b66,Emergent_carefully_coherence_c4d3bc,0.9217695058538049,80185.84,80841.99,True,False
Emergent_autonomy_bounded_ab8b66,Emergent_cognition_coherence_b927c0,0.921729609720656,80185.84,80860.11,True,False
Emergent_autonomy_bounded_ab8b66,Emergent_autonomy_clarity_d6bec2,0.9216166676061153,80185.84,80915.21,True,False
Emergent_autonomy_bounded_ab8b66,Emergent_bounded_criticality_e8d886,0.9215169688144063,80185.84,80950.96,True,False
Emergent_autonomy_bounded_ab8b66,Emergent_constraint_criticality_e122a6,0.9213745419691082,80185.84,80969.82,True,False
Emergent_autonomy_bounded_ab8b66,Emergent_appears_asymmetry_9e9e75,0.9203403426016565,80185.84,81025.12,True,False
Emergent_autonomy_bounded_ab8b66,Emergent_abstraction_analogy_a99238,0.9126784302004252,80185.84,81118.75,True,False
Emergent_autonomy_bounded_ab8b66,Emergent_belief_revision_beneficence_b9ccfb,0.9104365726173467,80185.84,81139.56,True,False
Emergent_autonomy_bounded_ab8b66,Emergent_abstraction_analogy_95b616,0.9197775705274263,80185.84,81160.74,True,False
Emergent_autonomy_bounded_ab8b66,Emergent_boundary_carefully_38337d,0.9170093510711252,80185.84,81180.12,True,False
Emergent_autonomy_bounded_ab8b66,Emergent_constraint_criticality_1e901c,0.9086809625114922,80185.84,81237.57,True,False
Emergent_autonomy_collective_4a8f61,Emergent_carefully_clarity_0d7a6f,0.9337716766820359,80186.18,80199.74,True,False
Emergent_autonomy_collective_4a8f61,Emergent_autonomy_collective_461851,0.9112832759227751,80186.18,80212.08,True,False
Emergent_autonomy_collective_4a8f61,Emergent_appears_asymmetry_8dba4c,0.9050525130002682,80186.18,80224.4,True,False
Emergent_autonomy_collective_4a8f61,Emergent_autonomy_clarity_dc06c1,0.9288907410093872,80186.18,80256.11,True,False
Emergent_autonomy_collective_4a8f61,Emergent_ambiguity_anticipation_3cebe1,0.9185846197868281,80186.18,80272.22,True,False
Emergent_autonomy_collective_4a8f61,Emergent_autonomy_bounded_72bafc,0.9337716771768161,80186.18,80288.49,True,False
Emergent_autonomy_collective_4a8f61,Emergent_autonomy_coherence_a41799,0.9337716771768161,80186.18,80288.83,True,False
Emergent_autonomy_collective_4a8f61,Emergent_collective_constraint_3d89e3,0.9261495628964023,80186.18,80301.7,True,False
Emergent_autonomy_collective_4a8f61,Emergent_appears_asymmetry_8ccc17,0.9337716863099319,80186.18,80360.36,True,False
Emergent_autonomy_collective_4a8f61,Emergent_autonomy_carefully_dedeae,0.9052905416559007,80186.18,80374.6,True,False
Emergent_autonomy_collective_4a8f61,Emergent_autonomy_boundary_a7f146,0.9310186613546925,80186.18,80391.27,True,False
Emergent_autonomy_collective_4a8f61,Emergent_appears_asymmetry_ecd8f7,0.9275320904190019,80186.18,80407.49,True,False
Emergent_autonomy_collective_4a8f61,Emergent_autonomy_bounded_94d9e2,0.9191744588603019,80186.18,80438.69,True,False
Emergent_autonomy_collective_4a8f61,Emergent_autonomy_boundary_625a34,0.924194741335967,80186.18,80457.46,True,False
Emergent_autonomy_collective_4a8f61,Emergent_autonomy_boundary_346ebd,0.9335806587543631,80186.18,80475.72,True,False
Emergent_autonomy_collective_4a8f61,Emergent_clarity_constraint_23c3f1,0.9337718696575703,80186.18,80490.74,True,False
Emergent_autonomy_collective_4a8f61,Emergent_coherence_complexity_0cb87b,0.933770680860621,80186.18,80524.81,True,False
Emergent_autonomy_collective_4a8f61,Emergent_appears_asymmetry_3bd743,0.9337693185511624,80186.18,80543.61,True,False
Emergent_autonomy_collective_4a8f61,Emergent_constraint_contradiction_f656c5,0.928197057106046,80186.18,80558.61,True,False
Emergent_autonomy_collective_4a8f61,Emergent_autonomy_awareness_2c81d7,0.9304487779707162,80186.18,80574.87,True,False
Emergent_autonomy_collective_4a8f61,Emergent_autonomy_carefully_659b9f,0.9337712109609657,80186.18,80626.86,True,False
Emergent_autonomy_collective_4a8f61,Emergent_boundary_coherence_9956aa,0.9324199201983536,80186.18,80643.76,True,False
Emergent_autonomy_collective_4a8f61,Emergent_carefully_cognition_d8aefa,0.933768020625773,80186.18,80678.49,True,False
Emergent_autonomy_collective_4a8f61,Emergent_boundary_bounded_497fce,0.9337652043816718,80186.18,80698.03,True,False
Emergent_autonomy_collective_4a8f61,Emergent_bounded_coherence_7a6cb5,0.9326950369131244,80186.18,80807.23,True,False
Emergent_autonomy_collective_4a8f61,Emergent_carefully_coherence_c4d3bc,0.9247838869969656,80186.18,80841.99,True,False
Emergent_autonomy_collective_4a8f61,Emergent_cognition_coherence_b927c0,0.9337027753868814,80186.18,80860.11,True,False
Emergent_autonomy_collective_4a8f61,Emergent_autonomy_clarity_d6bec2,0.9335898332723407,80186.18,80915.21,True,False
Emergent_autonomy_collective_4a8f61,Emergent_bounded_criticality_e8d886,0.9334901344806319,80186.18,80950.96,True,False
Emergent_autonomy_collective_4a8f61,Emergent_constraint_criticality_e122a6,0.9333477076353336,80186.18,80969.82,True,False
Emergent_autonomy_collective_4a8f61,Emergent_appears_asymmetry_9e9e75,0.9275562905832526,80186.18,81025.12,True,False
Emergent_autonomy_collective_4a8f61,Emergent_abstraction_analogy_a99238,0.9126784302004252,80186.18,81118.75,True,False
Emergent_autonomy_collective_4a8f61,Emergent_belief_revision_beneficence_b9ccfb,0.9104365726173467,80186.18,81139.56,True,False
Emergent_autonomy_collective_4a8f61,Emergent_abstraction_analogy_95b616,0.9197775705274263,80186.18,81160.74,True,False
Emergent_autonomy_collective_4a8f61,Emergent_boundary_carefully_38337d,0.9283724694124109,80186.18,81180.12,True,False
Emergent_autonomy_collective_4a8f61,Emergent_constraint_criticality_1e901c,0.9132316701028336,80186.18,81237.57,True,False
Emergent_carefully_clarity_0d7a6f,Emergent_autonomy_collective_461851,0.9112832759227751,80199.74,80212.08,True,False
Emergent_carefully_clarity_0d7a6f,Emergent_appears_asymmetry_8dba4c,0.9050525130002682,80199.74,80224.4,True,False
Emergent_carefully_clarity_0d7a6f,Emergent_autonomy_clarity_dc06c1,0.9288907410093872,80199.74,80256.11,True,False
Emergent_carefully_clarity_0d7a6f,Emergent_ambiguity_anticipation_3cebe1,0.9185846197868281,80199.74,80272.22,True,False
Emergent_carefully_clarity_0d7a6f,Emergent_autonomy_bounded_72bafc,0.9370247223599071,80199.74,80288.49,True,False
Emergent_carefully_clarity_0d7a6f,Emergent_autonomy_coherence_a41799,0.9370247223599071,80199.74,80288.83,True,False
Emergent_carefully_clarity_0d7a6f,Emergent_collective_constraint_3d89e3,0.9261495628964023,80199.74,80301.7,True,False
Emergent_carefully_clarity_0d7a6f,Emergent_appears_asymmetry_8ccc17,0.9370247313967133,80199.74,80360.36,True,False
Emergent_carefully_clarity_0d7a6f,Emergent_autonomy_carefully_dedeae,0.9052905416559007,80199.74,80374.6,True,False
Emergent_carefully_clarity_0d7a6f,Emergent_autonomy_boundary_a7f146,0.9310186613546925,80199.74,80391.27,True,False
Emergent_carefully_clarity_0d7a6f,Emergent_appears_asymmetry_ecd8f7,0.9275320904190019,80199.74,80407.49,True,False
Emergent_carefully_clarity_0d7a6f,Emergent_autonomy_bounded_94d9e2,0.9191744588603019,80199.74,80438.69,True,False
Emergent_carefully_clarity_0d7a6f,Emergent_autonomy_boundary_625a34,0.924194741335967,80199.74,80457.46,True,False
Emergent_carefully_clarity_0d7a6f,Emergent_autonomy_boundary_346ebd,0.9335806587543631,80199.74,80475.72,True,False
Emergent_carefully_clarity_0d7a6f,Emergent_clarity_constraint_23c3f1,0.9370249115999019,80199.74,80490.74,True,False
Emergent_carefully_clarity_0d7a6f,Emergent_coherence_complexity_0cb87b,0.9350201637487465,80199.74,80524.81,True,False
Emergent_carefully_clarity_0d7a6f,Emergent_appears_asymmetry_3bd743,0.9370223596306433,80199.74,80543.61,True,False
Emergent_carefully_clarity_0d7a6f,Emergent_constraint_contradiction_f656c5,0.928197057106046,80199.74,80558.61,True,False
Emergent_carefully_clarity_0d7a6f,Emergent_autonomy_awareness_2c81d7,0.9304487779707162,80199.74,80574.87,True,False
Emergent_carefully_clarity_0d7a6f,Emergent_autonomy_carefully_659b9f,0.9370242270910818,80199.74,80626.86,True,False
Emergent_carefully_clarity_0d7a6f,Emergent_boundary_coherence_9956aa,0.9324199201983536,80199.74,80643.76,True,False
Emergent_carefully_clarity_0d7a6f,Emergent_carefully_cognition_d8aefa,0.9370210367558891,80199.74,80678.49,True,False
Emergent_carefully_clarity_0d7a6f,Emergent_boundary_bounded_497fce,0.9370182205117878,80199.74,80698.03,True,False
Emergent_carefully_clarity_0d7a6f,Emergent_bounded_coherence_7a6cb5,0.9326950369131244,80199.74,80807.23,True,False
Emergent_carefully_clarity_0d7a6f,Emergent_carefully_coherence_c4d3bc,0.9247838869969656,80199.74,80841.99,True,False
Emergent_carefully_clarity_0d7a6f,Emergent_cognition_coherence_b927c0,0.9369550355656102,80199.74,80860.11,True,False
Emergent_carefully_clarity_0d7a6f,Emergent_autonomy_clarity_d6bec2,0.9363951444428784,80199.74,80915.21,True,False
Emergent_carefully_clarity_0d7a6f,Emergent_bounded_criticality_e8d886,0.9367423946593605,80199.74,80950.96,True,False
Emergent_carefully_clarity_0d7a6f,Emergent_constraint_criticality_e122a6,0.9365999678140624,80199.74,80969.82,True,False
Emergent_carefully_clarity_0d7a6f,Emergent_appears_asymmetry_9e9e75,0.9275562905832526,80199.74,81025.12,True,False
Emergent_carefully_clarity_0d7a6f,Emergent_abstraction_analogy_a99238,0.9126784302004252,80199.74,81118.75,True,False
Emergent_carefully_clarity_0d7a6f,Emergent_belief_revision_beneficence_b9ccfb,0.9104365726173467,80199.74,81139.56,True,False
Emergent_carefully_clarity_0d7a6f,Emergent_abstraction_analogy_95b616,0.9197775705274263,80199.74,81160.74,True,False
Emergent_carefully_clarity_0d7a6f,Emergent_boundary_carefully_38337d,0.9314590229871096,80199.74,81180.12,True,False
Emergent_carefully_clarity_0d7a6f,Emergent_constraint_criticality_1e901c,0.9132316701028336,80199.74,81237.57,True,False
Emergent_autonomy_collective_461851,Emergent_appears_asymmetry_8dba4c,0.9050525130002682,80212.08,80224.4,True,False
Emergent_autonomy_collective_461851,Emergent_autonomy_clarity_dc06c1,0.911283270568614,80212.08,80256.11,True,False
Emergent_autonomy_collective_461851,Emergent_ambiguity_anticipation_3cebe1,0.9112832775201187,80212.08,80272.22,True,False
Emergent_autonomy_collective_461851,Emergent_autonomy_bounded_72bafc,0.911283276749348,80212.08,80288.49,True,False
Emergent_autonomy_collective_461851,Emergent_autonomy_coherence_a41799,0.911283276749348,80212.08,80288.83,True,False
Emergent_autonomy_collective_461851,Emergent_collective_constraint_3d89e3,0.911283275648247,80212.08,80301.7,True,False
Emergent_autonomy_collective_461851,Emergent_appears_asymmetry_8ccc17,0.911283286548255,80212.08,80360.36,True,False
Emergent_autonomy_collective_461851,Emergent_autonomy_carefully_dedeae,0.9052905416559007,80212.08,80374.6,True,False
Emergent_autonomy_collective_461851,Emergent_autonomy_boundary_a7f146,0.9112832807611468,80212.08,80391.27,True,False
Emergent_autonomy_collective_461851,Emergent_appears_asymmetry_ecd8f7,0.9112832714019425,80212.08,80407.49,True,False
Emergent_autonomy_collective_461851,Emergent_autonomy_bounded_94d9e2,0.9112832389312331,80212.08,80438.69,True,False
Emergent_autonomy_collective_461851,Emergent_autonomy_boundary_625a34,0.9112830506032286,80212.08,80457.46,True,False
Emergent_autonomy_collective_461851,Emergent_autonomy_boundary_346ebd,0.911282548852526,80212.08,80475.72,True,False
Emergent_autonomy_collective_461851,Emergent_clarity_constraint_23c3f1,0.9112834916335699,80212.08,80490.74,True,False
Emergent_autonomy_collective_461851,Emergent_coherence_complexity_0cb87b,0.9112822131971341,80212.08,80524.81,True,False
Emergent_autonomy_collective_461851,Emergent_appears_asymmetry_3bd743,0.9112809464920777,80212.08,80543.61,True,False
Emergent_autonomy_collective_461851,Emergent_constraint_contradiction_f656c5,0.9112819377730303,80212.08,80558.61,True,False
Emergent_autonomy_collective_461851,Emergent_autonomy_awareness_2c81d7,0.9112852878509681,80212.08,80574.87,True,False
Emergent_autonomy_collective_461851,Emergent_autonomy_carefully_659b9f,0.9112830113775987,80212.08,80626.86,True,False
Emergent_autonomy_collective_461851,Emergent_boundary_coherence_9956aa,0.9112831723728865,80212.08,80643.76,True,False
Emergent_autonomy_collective_461851,Emergent_carefully_cognition_d8aefa,0.911279821042406,80212.08,80678.49,True,False
Emergent_autonomy_collective_461851,Emergent_boundary_bounded_497fce,0.9112770047983048,80212.08,80698.03,True,False
Emergent_autonomy_collective_461851,Emergent_bounded_coherence_7a6cb5,0.9112836355315159,80212.08,80807.23,True,False
Emergent_autonomy_collective_461851,Emergent_carefully_coherence_c4d3bc,0.9112596978516267,80212.08,80841.99,True,False
Emergent_autonomy_collective_461851,Emergent_cognition_coherence_b927c0,0.9112198017184778,80212.08,80860.11,True,False
Emergent_autonomy_collective_461851,Emergent_autonomy_clarity_d6bec2,0.9111068596039369,80212.08,80915.21,True,False
Emergent_autonomy_collective_461851,Emergent_bounded_criticality_e8d886,0.9110071608122281,80212.08,80950.96,True,False
Emergent_autonomy_collective_461851,Emergent_constraint_criticality_e122a6,0.9108647339669298,80212.08,80969.82,True,False
Emergent_autonomy_collective_461851,Emergent_appears_asymmetry_9e9e75,0.9098347885547362,80212.08,81025.12,True,False
Emergent_autonomy_collective_461851,Emergent_abstraction_analogy_a99238,0.9114151168100364,80212.08,81118.75,True,False
Emergent_autonomy_collective_461851,Emergent_belief_revision_beneficence_b9ccfb,0.9004499655501339,80212.08,81139.56,True,False
Emergent_autonomy_collective_461851,Emergent_abstraction_analogy_95b616,0.9111527455445312,80212.08,81160.74,True,False
Emergent_autonomy_collective_461851,Emergent_boundary_carefully_38337d,0.9070350305445314,80212.08,81180.12,True,False
Emergent_autonomy_collective_461851,Emergent_constraint_criticality_1e901c,0.9003115019460455,80212.08,81237.57,True,False
Emergent_appears_asymmetry_8dba4c,Emergent_autonomy_clarity_dc06c1,0.9050525085165388,80224.4,80256.11,True,False
Emergent_appears_asymmetry_8dba4c,Emergent_ambiguity_anticipation_3cebe1,0.9050525155513633,80224.4,80272.22,True,False
Emergent_appears_asymmetry_8dba4c,Emergent_autonomy_bounded_72bafc,0.9050525147805926,80224.4,80288.49,True,False
Emergent_appears_asymmetry_8dba4c,Emergent_autonomy_coherence_a41799,0.9050525147805926,80224.4,80288.83,True,False
Emergent_appears_asymmetry_8dba4c,Emergent_collective_constraint_3d89e3,0.9050525136794916,80224.4,80301.7,True,False
Emergent_appears_asymmetry_8dba4c,Emergent_appears_asymmetry_8ccc17,0.905052524760293,80224.4,80360.36,True,False
Emergent_appears_asymmetry_8dba4c,Emergent_autonomy_carefully_dedeae,0.905052525524628,80224.4,80374.6,True,False
Emergent_appears_asymmetry_8dba4c,Emergent_autonomy_boundary_a7f146,0.9050525189731848,80224.4,80391.27,True,False
Emergent_appears_asymmetry_8dba4c,Emergent_appears_asymmetry_ecd8f7,0.9050525096139803,80224.4,80407.49,True,False
Emergent_appears_asymmetry_8dba4c,Emergent_autonomy_bounded_94d9e2,0.9050524771432711,80224.4,80438.69,True,False
Emergent_appears_asymmetry_8dba4c,Emergent_autonomy_boundary_625a34,0.9050522809311816,80224.4,80457.46,True,False
Emergent_appears_asymmetry_8dba4c,Emergent_autonomy_boundary_346ebd,0.9050517886465759,80224.4,80475.72,True,False
Emergent_appears_asymmetry_8dba4c,Emergent_clarity_constraint_23c3f1,0.9050527357483975,80224.4,80490.74,True,False
Emergent_appears_asymmetry_8dba4c,Emergent_coherence_complexity_0cb87b,0.9050514329706738,80224.4,80524.81,True,False
Emergent_appears_asymmetry_8dba4c,Emergent_appears_asymmetry_3bd743,0.9050501922266572,80224.4,80543.61,True,False
Emergent_appears_asymmetry_8dba4c,Emergent_constraint_contradiction_f656c5,0.9050511616654338,80224.4,80558.61,True,False
Emergent_appears_asymmetry_8dba4c,Emergent_autonomy_awareness_2c81d7,0.9050545804207233,80224.4,80574.87,True,False
Emergent_appears_asymmetry_8dba4c,Emergent_autonomy_carefully_659b9f,0.9050523039473539,80224.4,80626.86,True,False
Emergent_appears_asymmetry_8dba4c,Emergent_boundary_coherence_9956aa,0.9050524649426417,80224.4,80643.76,True,False
Emergent_appears_asymmetry_8dba4c,Emergent_carefully_cognition_d8aefa,0.9050491136121612,80224.4,80678.49,True,False
Emergent_appears_asymmetry_8dba4c,Emergent_boundary_bounded_497fce,0.90504629736806,80224.4,80698.03,True,False
Emergent_appears_asymmetry_8dba4c,Emergent_bounded_coherence_7a6cb5,0.9050543471801367,80224.4,80807.23,True,False
Emergent_appears_asymmetry_8dba4c,Emergent_carefully_coherence_c4d3bc,0.9050304095002473,80224.4,80841.99,True,False
Emergent_appears_asymmetry_8dba4c,Emergent_cognition_coherence_b927c0,0.9049905133670983,80224.4,80860.11,True,False
Emergent_appears_asymmetry_8dba4c,Emergent_autonomy_clarity_d6bec2,0.9048775712525576,80224.4,80915.21,True,False
Emergent_appears_asymmetry_8dba4c,Emergent_bounded_criticality_e8d886,0.9047778724608488,80224.4,80950.96,True,False
Emergent_appears_asymmetry_8dba4c,Emergent_constraint_criticality_e122a6,0.9046354456155505,80224.4,80969.82,True,False
Emergent_appears_asymmetry_8dba4c,Emergent_appears_asymmetry_9e9e75,0.903607971336132,80224.4,81025.12,True,False
Emergent_appears_asymmetry_8dba4c,Emergent_abstraction_analogy_a99238,0.905347265358363,80224.4,81118.75,True,False
Emergent_appears_asymmetry_8dba4c,Emergent_belief_revision_beneficence_b9ccfb,0.8938625040228974,80224.4,81139.56,True,False
Emergent_appears_asymmetry_8dba4c,Emergent_abstraction_analogy_95b616,0.9053586389143649,80224.4,81160.74,True,False
Emergent_appears_asymmetry_8dba4c,Emergent_boundary_carefully_38337d,0.9012409239143648,80224.4,81180.12,True,False
Emergent_appears_asymmetry_8dba4c,Emergent_constraint_criticality_1e901c,0.8954496623025452,80224.4,81237.57,True,False
Emergent_autonomy_clarity_dc06c1,Emergent_ambiguity_anticipation_3cebe1,0.9185846190331599,80256.11,80272.22,True,False
Emergent_autonomy_clarity_dc06c1,Emergent_autonomy_bounded_72bafc,0.9288907469498826,80256.11,80288.49,True,False
Emergent_autonomy_clarity_dc06c1,Emergent_autonomy_coherence_a41799,0.9288907469498826,80256.11,80288.83,True,False
Emergent_autonomy_clarity_dc06c1,Emergent_collective_constraint_3d89e3,0.9261495628964023,80256.11,80301.7,True,False
Emergent_autonomy_clarity_dc06c1,Emergent_appears_asymmetry_8ccc17,0.9288907562275031,80256.11,80360.36,True,False
Emergent_autonomy_clarity_dc06c1,Emergent_autonomy_carefully_dedeae,0.9052905416559007,80256.11,80374.6,True,False
Emergent_autonomy_clarity_dc06c1,Emergent_autonomy_boundary_a7f146,0.9288907504403949,80256.11,80391.27,True,False
Emergent_autonomy_clarity_dc06c1,Emergent_appears_asymmetry_ecd8f7,0.9275320904190019,80256.11,80407.49,True,False
Emergent_autonomy_clarity_dc06c1,Emergent_autonomy_bounded_94d9e2,0.9191744588603019,80256.11,80438.69,True,False
Emergent_autonomy_clarity_dc06c1,Emergent_autonomy_boundary_625a34,0.924194741335967,80256.11,80457.46,True,False
Emergent_autonomy_clarity_dc06c1,Emergent_autonomy_boundary_346ebd,0.9288900139703129,80256.11,80475.72,True,False
Emergent_autonomy_clarity_dc06c1,Emergent_clarity_constraint_23c3f1,0.928890944293133,80256.11,80490.74,True,False
Emergent_autonomy_clarity_dc06c1,Emergent_coherence_complexity_0cb87b,0.928889736040639,80256.11,80524.81,True,False
Emergent_autonomy_clarity_dc06c1,Emergent_appears_asymmetry_3bd743,0.9288883944813633,80256.11,80543.61,True,False
Emergent_autonomy_clarity_dc06c1,Emergent_constraint_contradiction_f656c5,0.928197057106046,80256.11,80558.61,True,False
Emergent_autonomy_clarity_dc06c1,Emergent_autonomy_awareness_2c81d7,0.9288926007990321,80256.11,80574.87,True,False
Emergent_autonomy_clarity_dc06c1,Emergent_autonomy_carefully_659b9f,0.9288903243256628,80256.11,80626.86,True,False
Emergent_autonomy_clarity_dc06c1,Emergent_boundary_coherence_9956aa,0.9288904853209508,80256.11,80643.76,True,False
Emergent_autonomy_clarity_dc06c1,Emergent_carefully_cognition_d8aefa,0.9288871339904701,80256.11,80678.49,True,False
Emergent_autonomy_clarity_dc06c1,Emergent_boundary_bounded_497fce,0.9288843177463688,80256.11,80698.03,True,False
Emergent_autonomy_clarity_dc06c1,Emergent_bounded_coherence_7a6cb5,0.9288868568083077,80256.11,80807.23,True,False
Emergent_autonomy_clarity_dc06c1,Emergent_carefully_coherence_c4d3bc,0.9247838869969656,80256.11,80841.99,True,False
Emergent_autonomy_clarity_dc06c1,Emergent_cognition_coherence_b927c0,0.9288230229952696,80256.11,80860.11,True,False
Emergent_autonomy_clarity_dc06c1,Emergent_autonomy_clarity_d6bec2,0.9287100808807289,80256.11,80915.21,True,False
Emergent_autonomy_clarity_dc06c1,Emergent_bounded_criticality_e8d886,0.9286103820890201,80256.11,80950.96,True,False
Emergent_autonomy_clarity_dc06c1,Emergent_constraint_criticality_e122a6,0.9284679552437218,80256.11,80969.82,True,False
Emergent_autonomy_clarity_dc06c1,Emergent_appears_asymmetry_9e9e75,0.9274308847426882,80256.11,81025.12,True,False
Emergent_autonomy_clarity_dc06c1,Emergent_abstraction_analogy_a99238,0.9126784302004252,80256.11,81118.75,True,False
Emergent_autonomy_clarity_dc06c1,Emergent_belief_revision_beneficence_b9ccfb,0.9104365726173467,80256.11,81139.56,True,False
Emergent_autonomy_clarity_dc06c1,Emergent_abstraction_analogy_95b616,0.9197775705274263,80256.11,81160.74,True,False
Emergent_autonomy_clarity_dc06c1,Emergent_boundary_carefully_38337d,0.9237413463286912,80256.11,81180.12,True,False
Emergent_autonomy_clarity_dc06c1,Emergent_constraint_criticality_1e901c,0.9132316701028336,80256.11,81237.57,True,False
Emergent_ambiguity_anticipation_3cebe1,Emergent_autonomy_bounded_72bafc,0.9185846190160576,80272.22,80288.49,True,False
Emergent_ambiguity_anticipation_3cebe1,Emergent_autonomy_coherence_a41799,0.9185846190160576,80272.22,80288.83,True,False
Emergent_ambiguity_anticipation_3cebe1,Emergent_collective_constraint_3d89e3,0.9185846179149564,80272.22,80301.7,True,False
Emergent_ambiguity_anticipation_3cebe1,Emergent_appears_asymmetry_8ccc17,0.9185846285988011,80272.22,80360.36,True,False
Emergent_ambiguity_anticipation_3cebe1,Emergent_autonomy_carefully_dedeae,0.9052905416559007,80272.22,80374.6,True,False
Emergent_ambiguity_anticipation_3cebe1,Emergent_autonomy_boundary_a7f146,0.918584622811693,80272.22,80391.27,True,False
Emergent_ambiguity_anticipation_3cebe1,Emergent_appears_asymmetry_ecd8f7,0.9185846134524884,80272.22,80407.49,True,False
Emergent_ambiguity_anticipation_3cebe1,Emergent_autonomy_bounded_94d9e2,0.9185845809817792,80272.22,80438.69,True,False
Emergent_ambiguity_anticipation_3cebe1,Emergent_autonomy_boundary_625a34,0.9185844020802909,80272.22,80457.46,True,False
Emergent_ambiguity_anticipation_3cebe1,Emergent_autonomy_boundary_346ebd,0.9185838890115572,80272.22,80475.72,True,False
Emergent_ambiguity_anticipation_3cebe1,Emergent_clarity_constraint_23c3f1,0.9185848266265124,80272.22,80490.74,True,False
Emergent_ambiguity_anticipation_3cebe1,Emergent_coherence_complexity_0cb87b,0.9185835772934614,80272.22,80524.81,True,False
Emergent_ambiguity_anticipation_3cebe1,Emergent_appears_asymmetry_3bd743,0.918582279548382,80272.22,80543.61,True,False
Emergent_ambiguity_anticipation_3cebe1,Emergent_constraint_contradiction_f656c5,0.9185832969446852,80272.22,80558.61,True,False
Emergent_ambiguity_anticipation_3cebe1,Emergent_autonomy_awareness_2c81d7,0.9185865649093259,80272.22,80574.87,True,False
Emergent_ambiguity_anticipation_3cebe1,Emergent_autonomy_carefully_659b9f,0.9185842884359565,80272.22,80626.86,True,False
Emergent_ambiguity_anticipation_3cebe1,Emergent_boundary_coherence_9956aa,0.9185844494312443,80272.22,80643.76,True,False
Emergent_ambiguity_anticipation_3cebe1,Emergent_carefully_cognition_d8aefa,0.9185810981007636,80272.22,80678.49,True,False
Emergent_ambiguity_anticipation_3cebe1,Emergent_boundary_bounded_497fce,0.9185782818566626,80272.22,80698.03,True,False
Emergent_ambiguity_anticipation_3cebe1,Emergent_bounded_coherence_7a6cb5,0.9185832158843241,80272.22,80807.23,True,False
Emergent_ambiguity_anticipation_3cebe1,Emergent_carefully_coherence_c4d3bc,0.918559278204435,80272.22,80841.99,True,False
Emergent_ambiguity_anticipation_3cebe1,Emergent_cognition_coherence_b927c0,0.918519382071286,80272.22,80860.11,True,False
Emergent_ambiguity_anticipation_3cebe1,Emergent_autonomy_clarity_d6bec2,0.9184064399567453,80272.22,80915.21,True,False
Emergent_ambiguity_anticipation_3cebe1,Emergent_bounded_criticality_e8d886,0.9183067411650365,80272.22,80950.96,True,False
Emergent_ambiguity_anticipation_3cebe1,Emergent_constraint_criticality_e122a6,0.9181643143197382,80272.22,80969.82,True,False
Emergent_ambiguity_anticipation_3cebe1,Emergent_appears_asymmetry_9e9e75,0.9171314143256706,80272.22,81025.12,True,False
Emergent_ambiguity_anticipation_3cebe1,Emergent_abstraction_analogy_a99238,0.9126784302004252,80272.22,81118.75,True,False
Emergent_ambiguity_anticipation_3cebe1,Emergent_belief_revision_beneficence_b9ccfb,0.9083261892070691,80272.22,81139.56,True,False
Emergent_ambiguity_anticipation_3cebe1,Emergent_abstraction_analogy_95b616,0.9180804034173915,80272.22,81160.74,True,False
Emergent_ambiguity_anticipation_3cebe1,Emergent_boundary_carefully_38337d,0.9139626884173915,80272.22,81180.12,True,False
Emergent_ambiguity_anticipation_3cebe1,Emergent_constraint_criticality_1e901c,0.9061245053705109,80272.22,81237.57,True,False
Emergent_autonomy_bounded_72bafc,Emergent_autonomy_coherence_a41799,0.9411948806488666,80288.49,80288.83,True,False
Emergent_autonomy_bounded_72bafc,Emergent_collective_constraint_3d89e3,0.9261495628964023,80288.49,80301.7,True,False
Emergent_autonomy_bounded_72bafc,Emergent_appears_asymmetry_8ccc17,0.9411948921314466,80288.49,80360.36,True,False
Emergent_autonomy_bounded_72bafc,Emergent_autonomy_carefully_dedeae,0.9052905416559007,80288.49,80374.6,True,False
Emergent_autonomy_bounded_72bafc,Emergent_autonomy_boundary_a7f146,0.9310186613546925,80288.49,80391.27,True,False
Emergent_autonomy_bounded_72bafc,Emergent_appears_asymmetry_ecd8f7,0.9275320904190019,80288.49,80407.49,True,False
Emergent_autonomy_bounded_72bafc,Emergent_autonomy_bounded_94d9e2,0.9191744588603019,80288.49,80438.69,True,False
Emergent_autonomy_bounded_72bafc,Emergent_autonomy_boundary_625a34,0.924194741335967,80288.49,80457.46,True,False
Emergent_autonomy_bounded_72bafc,Emergent_autonomy_boundary_346ebd,0.9335806587543631,80288.49,80475.72,True,False
Emergent_autonomy_bounded_72bafc,Emergent_clarity_constraint_23c3f1,0.9389933388202658,80288.49,80490.74,True,False
Emergent_autonomy_bounded_72bafc,Emergent_coherence_complexity_0cb87b,0.9350201637487465,80288.49,80524.81,True,False
Emergent_autonomy_bounded_72bafc,Emergent_appears_asymmetry_3bd743,0.9411925152283167,80288.49,80543.61,True,False
Emergent_autonomy_bounded_72bafc,Emergent_constraint_contradiction_f656c5,0.928197057106046,80288.49,80558.61,True,False
Emergent_autonomy_bounded_72bafc,Emergent_autonomy_awareness_2c81d7,0.9304487779707162,80288.49,80574.87,True,False
Emergent_autonomy_bounded_72bafc,Emergent_autonomy_carefully_659b9f,0.941194350705534,80288.49,80626.86,True,False
Emergent_autonomy_bounded_72bafc,Emergent_boundary_coherence_9956aa,0.9324199201983536,80288.49,80643.76,True,False
Emergent_autonomy_bounded_72bafc,Emergent_carefully_cognition_d8aefa,0.9396316929095947,80288.49,80678.49,True,False
Emergent_autonomy_bounded_72bafc,Emergent_boundary_bounded_497fce,0.9411883441262399,80288.49,80698.03,True,False
Emergent_autonomy_bounded_72bafc,Emergent_bounded_coherence_7a6cb5,0.9326950369131244,80288.49,80807.23,True,False
Emergent_autonomy_bounded_72bafc,Emergent_carefully_coherence_c4d3bc,0.9247838869969656,80288.49,80841.99,True,False
Emergent_autonomy_bounded_72bafc,Emergent_cognition_coherence_b927c0,0.9411241901068685,80288.49,80860.11,True,False
Emergent_autonomy_bounded_72bafc,Emergent_autonomy_clarity_d6bec2,0.9363951444428784,80288.49,80915.21,True,False
Emergent_autonomy_bounded_72bafc,Emergent_bounded_criticality_e8d886,0.9409115492006188,80288.49,80950.96,True,False
Emergent_autonomy_bounded_72bafc,Emergent_constraint_criticality_e122a6,0.9407691223553205,80288.49,80969.82,True,False
Emergent_autonomy_bounded_72bafc,Emergent_appears_asymmetry_9e9e75,0.9275562905832526,80288.49,81025.12,True,False
Emergent_autonomy_bounded_72bafc,Emergent_abstraction_analogy_a99238,0.9126784302004252,80288.49,81118.75,True,False
Emergent_autonomy_bounded_72bafc,Emergent_belief_revision_beneficence_b9ccfb,0.9104365726173467,80288.49,81139.56,True,False
Emergent_autonomy_bounded_72bafc,Emergent_abstraction_analogy_95b616,0.9197775705274263,80288.49,81160.74,True,False
Emergent_autonomy_bounded_72bafc,Emergent_boundary_carefully_38337d,0.9354134199218436,80288.49,81180.12,True,False
Emergent_autonomy_bounded_72bafc,Emergent_constraint_criticality_1e901c,0.9132316701028336,80288.49,81237.57,True,False
Emergent_autonomy_coherence_a41799,Emergent_collective_constraint_3d89e3,0.9261495628964023,80288.83,80301.7,True,False
Emergent_autonomy_coherence_a41799,Emergent_appears_asymmetry_8ccc17,0.9490382160716433,80288.83,80360.36,True,False
Emergent_autonomy_coherence_a41799,Emergent_autonomy_carefully_dedeae,0.9052905416559007,80288.83,80374.6,True,False
Emergent_autonomy_coherence_a41799,Emergent_autonomy_boundary_a7f146,0.9310186613546925,80288.83,80391.27,True,False
Emergent_autonomy_coherence_a41799,Emergent_appears_asymmetry_ecd8f7,0.9275320904190019,80288.83,80407.49,True,False
Emergent_autonomy_coherence_a41799,Emergent_autonomy_bounded_94d9e2,0.9191744588603019,80288.83,80438.69,True,False
Emergent_autonomy_coherence_a41799,Emergent_autonomy_boundary_625a34,0.924194741335967,80288.83,80457.46,True,False
Emergent_autonomy_coherence_a41799,Emergent_autonomy_boundary_346ebd,0.9335806587543631,80288.83,80475.72,True,False
Emergent_autonomy_coherence_a41799,Emergent_clarity_constraint_23c3f1,0.9389933388202658,80288.83,80490.74,True,False
Emergent_autonomy_coherence_a41799,Emergent_coherence_complexity_0cb87b,0.9350201637487465,80288.83,80524.81,True,False
Emergent_autonomy_coherence_a41799,Emergent_appears_asymmetry_3bd743,0.9452099645938883,80288.83,80543.61,True,False
Emergent_autonomy_coherence_a41799,Emergent_constraint_contradiction_f656c5,0.928197057106046,80288.83,80558.61,True,False
Emergent_autonomy_coherence_a41799,Emergent_autonomy_awareness_2c81d7,0.9304487779707162,80288.83,80574.87,True,False
Emergent_autonomy_coherence_a41799,Emergent_autonomy_carefully_659b9f,0.9513358750083862,80288.83,80626.86,True,False
Emergent_autonomy_coherence_a41799,Emergent_boundary_coherence_9956aa,0.9324199201983536,80288.83,80643.76,True,False
Emergent_autonomy_coherence_a41799,Emergent_carefully_cognition_d8aefa,0.9396316929095947,80288.83,80678.49,True,False
Emergent_autonomy_coherence_a41799,Emergent_boundary_bounded_497fce,0.9467967877515973,80288.83,80698.03,True,False
Emergent_autonomy_coherence_a41799,Emergent_bounded_coherence_7a6cb5,0.9326950369131244,80288.83,80807.23,True,False
Emergent_autonomy_coherence_a41799,Emergent_carefully_coherence_c4d3bc,0.9247838869969656,80288.83,80841.99,True,False
Emergent_autonomy_coherence_a41799,Emergent_cognition_coherence_b927c0,0.9442462963926566,80288.83,80860.11,True,False
Emergent_autonomy_coherence_a41799,Emergent_autonomy_clarity_d6bec2,0.9363951444428784,80288.83,80915.21,True,False
Emergent_autonomy_coherence_a41799,Emergent_bounded_criticality_e8d886,0.9510505410552761,80288.83,80950.96,True,False
Emergent_autonomy_coherence_a41799,Emergent_constraint_criticality_e122a6,0.9423099962596162,80288.83,80969.82,True,False
Emergent_autonomy_coherence_a41799,Emergent_appears_asymmetry_9e9e75,0.9275562905832526,80288.83,81025.12,True,False
Emergent_autonomy_coherence_a41799,Emergent_abstraction_analogy_a99238,0.9126784302004252,80288.83,81118.75,True,False
Emergent_autonomy_coherence_a41799,Emergent_belief_revision_beneficence_b9ccfb,0.9104365726173467,80288.83,81139.56,True,False
Emergent_autonomy_coherence_a41799,Emergent_abstraction_analogy_95b616,0.9197775705274263,80288.83,81160.74,True,False
Emergent_autonomy_coherence_a41799,Emergent_boundary_carefully_38337d,0.9354134199218436,80288.83,81180.12,True,False
Emergent_autonomy_coherence_a41799,Emergent_constraint_criticality_1e901c,0.9132316701028336,80288.83,81237.57,True,False
Emergent_collective_constraint_3d89e3,Emergent_appears_asymmetry_8ccc17,0.926149573356279,80301.7,80360.36,True,False
Emergent_collective_constraint_3d89e3,Emergent_autonomy_carefully_dedeae,0.9052905416559007,80301.7,80374.6,True,False
Emergent_collective_constraint_3d89e3,Emergent_autonomy_boundary_a7f146,0.9261495675691709,80301.7,80391.27,True,False
Emergent_collective_constraint_3d89e3,Emergent_appears_asymmetry_ecd8f7,0.9261495582099664,80301.7,80407.49,True,False
Emergent_collective_constraint_3d89e3,Emergent_autonomy_bounded_94d9e2,0.9191744588603019,80301.7,80438.69,True,False
Emergent_collective_constraint_3d89e3,Emergent_autonomy_boundary_625a34,0.924194741335967,80301.7,80457.46,True,False
Emergent_collective_constraint_3d89e3,Emergent_autonomy_boundary_346ebd,0.9261488318092308,80301.7,80475.72,True,False
Emergent_collective_constraint_3d89e3,Emergent_clarity_constraint_23c3f1,0.9261497640715839,80301.7,80490.74,True,False
Emergent_collective_constraint_3d89e3,Emergent_coherence_complexity_0cb87b,0.9261485448926465,80301.7,80524.81,True,False
Emergent_collective_constraint_3d89e3,Emergent_appears_asymmetry_3bd743,0.9261472149868968,80301.7,80543.61,True,False
Emergent_collective_constraint_3d89e3,Emergent_constraint_contradiction_f656c5,0.926148259441401,80301.7,80558.61,True,False
Emergent_collective_constraint_3d89e3,Emergent_autonomy_awareness_2c81d7,0.926151442328182,80301.7,80574.87,True,False
Emergent_collective_constraint_3d89e3,Emergent_autonomy_carefully_659b9f,0.9261491658548124,80301.7,80626.86,True,False
Emergent_collective_constraint_3d89e3,Emergent_boundary_coherence_9956aa,0.9261493268501002,80301.7,80643.76,True,False
Emergent_collective_constraint_3d89e3,Emergent_carefully_cognition_d8aefa,0.9261459755196197,80301.7,80678.49,True,False
Emergent_collective_constraint_3d89e3,Emergent_boundary_bounded_497fce,0.9261431592755185,80301.7,80698.03,True,False
Emergent_collective_constraint_3d89e3,Emergent_bounded_coherence_7a6cb5,0.9261463353409229,80301.7,80807.23,True,False
Emergent_collective_constraint_3d89e3,Emergent_carefully_coherence_c4d3bc,0.9247838869969656,80301.7,80841.99,True,False
Emergent_collective_constraint_3d89e3,Emergent_cognition_coherence_b927c0,0.9260825015278851,80301.7,80860.11,True,False
Emergent_collective_constraint_3d89e3,Emergent_autonomy_clarity_d6bec2,0.9259695594133439,80301.7,80915.21,True,False
Emergent_collective_constraint_3d89e3,Emergent_bounded_criticality_e8d886,0.9258698606216353,80301.7,80950.96,True,False
Emergent_collective_constraint_3d89e3,Emergent_constraint_criticality_e122a6,0.925727433776337,80301.7,80969.82,True,False
Emergent_collective_constraint_3d89e3,Emergent_appears_asymmetry_9e9e75,0.9246914725301731,80301.7,81025.12,True,False
Emergent_collective_constraint_3d89e3,Emergent_abstraction_analogy_a99238,0.9126784302004252,80301.7,81118.75,True,False
Emergent_collective_constraint_3d89e3,Emergent_belief_revision_beneficence_b9ccfb,0.9104365726173467,80301.7,81139.56,True,False
Emergent_collective_constraint_3d89e3,Emergent_abstraction_analogy_95b616,0.9197775705274263,80301.7,81160.74,True,False
Emergent_collective_constraint_3d89e3,Emergent_boundary_carefully_38337d,0.9211404577567932,80301.7,81180.12,True,False
Emergent_collective_constraint_3d89e3,Emergent_constraint_criticality_1e901c,0.9121473775324618,80301.7,81237.57,True,False
Emergent_appears_asymmetry_8ccc17,Emergent_autonomy_carefully_dedeae,0.9052905256048649,80360.36,80374.6,True,False
Emergent_appears_asymmetry_8ccc17,Emergent_autonomy_boundary_a7f146,0.9310186613546925,80360.36,80391.27,True,False
Emergent_appears_asymmetry_8ccc17,Emergent_appears_asymmetry_ecd8f7,0.9275320904190019,80360.36,80407.49,True,False
Emergent_appears_asymmetry_8ccc17,Emergent_autonomy_bounded_94d9e2,0.9191744588603019,80360.36,80438.69,True,False
Emergent_appears_asymmetry_8ccc17,Emergent_autonomy_boundary_625a34,0.924194741335967,80360.36,80457.46,True,False
Emergent_appears_asymmetry_8ccc17,Emergent_autonomy_boundary_346ebd,0.9335806587543631,80360.36,80475.72,True,False
Emergent_appears_asymmetry_8ccc17,Emergent_clarity_constraint_23c3f1,0.9389933388202658,80360.36,80490.74,True,False
Emergent_appears_asymmetry_8ccc17,Emergent_coherence_complexity_0cb87b,0.9350201637487465,80360.36,80524.81,True,False
Emergent_appears_asymmetry_8ccc17,Emergent_appears_asymmetry_3bd743,0.9452099645938883,80360.36,80543.61,True,False
Emergent_appears_asymmetry_8ccc17,Emergent_constraint_contradiction_f656c5,0.928197057106046,80360.36,80558.61,True,False
Emergent_appears_asymmetry_8ccc17,Emergent_autonomy_awareness_2c81d7,0.9304487779707162,80360.36,80574.87,True,False
Emergent_appears_asymmetry_8ccc17,Emergent_autonomy_carefully_659b9f,0.9490376017390854,80360.36,80626.86,True,False
Emergent_appears_asymmetry_8ccc17,Emergent_boundary_coherence_9956aa,0.9324199201983536,80360.36,80643.76,True,False
Emergent_appears_asymmetry_8ccc17,Emergent_carefully_cognition_d8aefa,0.9396316929095947,80360.36,80678.49,True,False
Emergent_appears_asymmetry_8ccc17,Emergent_boundary_bounded_497fce,0.9467967877515973,80360.36,80698.03,True,False
Emergent_appears_asymmetry_8ccc17,Emergent_bounded_coherence_7a6cb5,0.9326950369131244,80360.36,80807.23,True,False
Emergent_appears_asymmetry_8ccc17,Emergent_carefully_coherence_c4d3bc,0.9247838869969656,80360.36,80841.99,True,False
Emergent_appears_asymmetry_8ccc17,Emergent_cognition_coherence_b927c0,0.9442462963926566,80360.36,80860.11,True,False
Emergent_appears_asymmetry_8ccc17,Emergent_autonomy_clarity_d6bec2,0.9363951444428784,80360.36,80915.21,True,False
Emergent_appears_asymmetry_8ccc17,Emergent_bounded_criticality_e8d886,0.9487528969114332,80360.36,80950.96,True,False
Emergent_appears_asymmetry_8ccc17,Emergent_constraint_criticality_e122a6,0.9423099962596162,80360.36,80969.82,True,False
Emergent_appears_asymmetry_8ccc17,Emergent_appears_asymmetry_9e9e75,0.9275562905832526,80360.36,81025.12,True,False
Emergent_appears_asymmetry_8ccc17,Emergent_abstraction_analogy_a99238,0.9126784302004252,80360.36,81118.75,True,False
Emergent_appears_asymmetry_8ccc17,Emergent_belief_revision_beneficence_b9ccfb,0.9104365726173467,80360.36,81139.56,True,False
Emergent_appears_asymmetry_8ccc17,Emergent_abstraction_analogy_95b616,0.9197775705274263,80360.36,81160.74,True,False
Emergent_appears_asymmetry_8ccc17,Emergent_boundary_carefully_38337d,0.9354134199218436,80360.36,81180.12,True,False
Emergent_appears_asymmetry_8ccc17,Emergent_constraint_criticality_1e901c,0.9132316701028336,80360.36,81237.57,True,False
Emergent_autonomy_carefully_dedeae,Emergent_autonomy_boundary_a7f146,0.9052905351044576,80374.6,80391.27,True,False
Emergent_autonomy_carefully_dedeae,Emergent_appears_asymmetry_ecd8f7,0.905290525745253,80374.6,80407.49,True,False
Emergent_autonomy_carefully_dedeae,Emergent_autonomy_bounded_94d9e2,0.9052904932745436,80374.6,80438.69,True,False
Emergent_autonomy_carefully_dedeae,Emergent_autonomy_boundary_625a34,0.9052902973612016,80374.6,80457.46,True,False
Emergent_autonomy_carefully_dedeae,Emergent_autonomy_boundary_346ebd,0.9052898047179023,80374.6,80475.72,True,False
Emergent_autonomy_carefully_dedeae,Emergent_clarity_constraint_23c3f1,0.9052907516559991,80374.6,80490.74,True,False
Emergent_autonomy_carefully_dedeae,Emergent_coherence_complexity_0cb87b,0.9052894498006259,80374.6,80524.81,True,False
Emergent_autonomy_carefully_dedeae,Emergent_appears_asymmetry_3bd743,0.9052882080728823,80374.6,80543.61,True,False
Emergent_autonomy_carefully_dedeae,Emergent_constraint_contradiction_f656c5,0.9052891783393122,80374.6,80558.61,True,False
Emergent_autonomy_carefully_dedeae,Emergent_autonomy_awareness_2c81d7,0.9052925944922494,80374.6,80574.87,True,False
Emergent_autonomy_carefully_dedeae,Emergent_autonomy_carefully_659b9f,0.90529031801888,80374.6,80626.86,True,False
Emergent_autonomy_carefully_dedeae,Emergent_boundary_coherence_9956aa,0.905290479014168,80374.6,80643.76,True,False
Emergent_autonomy_carefully_dedeae,Emergent_carefully_cognition_d8aefa,0.9052871276836874,80374.6,80678.49,True,False
Emergent_autonomy_carefully_dedeae,Emergent_boundary_bounded_497fce,0.9052843114395861,80374.6,80698.03,True,False
Emergent_autonomy_carefully_dedeae,Emergent_bounded_coherence_7a6cb5,0.9052923074793062,80374.6,80807.23,True,False
Emergent_autonomy_carefully_dedeae,Emergent_carefully_coherence_c4d3bc,0.9052683697994166,80374.6,80841.99,True,False
Emergent_autonomy_carefully_dedeae,Emergent_cognition_coherence_b927c0,0.9052284736662681,80374.6,80860.11,True,False
Emergent_autonomy_carefully_dedeae,Emergent_autonomy_clarity_d6bec2,0.9051155315517272,80374.6,80915.21,True,False
Emergent_autonomy_carefully_dedeae,Emergent_bounded_criticality_e8d886,0.9050158327600184,80374.6,80950.96,True,False
Emergent_autonomy_carefully_dedeae,Emergent_constraint_criticality_e122a6,0.9048734059147201,80374.6,80969.82,True,False
Emergent_autonomy_carefully_dedeae,Emergent_appears_asymmetry_9e9e75,0.9038458379980587,80374.6,81025.12,True,False
Emergent_autonomy_carefully_dedeae,Emergent_abstraction_analogy_a99238,0.905577191037646,80374.6,81118.75,True,False
Emergent_autonomy_carefully_dedeae,Emergent_belief_revision_beneficence_b9ccfb,0.8941121189942696,80374.6,81139.56,True,False
Emergent_autonomy_carefully_dedeae,Emergent_abstraction_analogy_95b616,0.9055781917352257,80374.6,81160.74,True,False
Emergent_autonomy_carefully_dedeae,Emergent_boundary_carefully_38337d,0.9014604767352257,80374.6,81180.12,True,False
Emergent_autonomy_carefully_dedeae,Emergent_constraint_criticality_1e901c,0.8956338892552813,80374.6,81237.57,True,False
Emergent_autonomy_boundary_a7f146,Emergent_appears_asymmetry_ecd8f7,0.9275320904190019,80391.27,80407.49,True,False
Emergent_autonomy_boundary_a7f146,Emergent_autonomy_bounded_94d9e2,0.9191744588603019,80391.27,80438.69,True,False
Emergent_autonomy_boundary_a7f146,Emergent_autonomy_boundary_625a34,0.924194741335967,80391.27,80457.46,True,False
Emergent_autonomy_boundary_a7f146,Emergent_autonomy_boundary_346ebd,0.9310179243333454,80391.27,80475.72,True,False
Emergent_autonomy_boundary_a7f146,Emergent_clarity_constraint_23c3f1,0.9310188531505552,80391.27,80490.74,True,False
Emergent_autonomy_boundary_a7f146,Emergent_coherence_complexity_0cb87b,0.9310176533799828,80391.27,80524.81,True,False
Emergent_autonomy_boundary_a7f146,Emergent_appears_asymmetry_3bd743,0.9310163027743694,80391.27,80543.61,True,False
Emergent_autonomy_boundary_a7f146,Emergent_constraint_contradiction_f656c5,0.928197057106046,80391.27,80558.61,True,False
Emergent_autonomy_boundary_a7f146,Emergent_autonomy_awareness_2c81d7,0.9304487779707162,80391.27,80574.87,True,False
Emergent_autonomy_boundary_a7f146,Emergent_autonomy_carefully_659b9f,0.9310182162985678,80391.27,80626.86,True,False
Emergent_autonomy_boundary_a7f146,Emergent_boundary_coherence_9956aa,0.9310183772938556,80391.27,80643.76,True,False
Emergent_autonomy_boundary_a7f146,Emergent_carefully_cognition_d8aefa,0.9310150259633752,80391.27,80678.49,True,False
Emergent_autonomy_boundary_a7f146,Emergent_boundary_bounded_497fce,0.9310122097192739,80391.27,80698.03,True,False
Emergent_autonomy_boundary_a7f146,Emergent_bounded_coherence_7a6cb5,0.9310142542915376,80391.27,80807.23,True,False
Emergent_autonomy_boundary_a7f146,Emergent_carefully_coherence_c4d3bc,0.9247838869969656,80391.27,80841.99,True,False
Emergent_autonomy_boundary_a7f146,Emergent_cognition_coherence_b927c0,0.9309504204784997,80391.27,80860.11,True,False
Emergent_autonomy_boundary_a7f146,Emergent_autonomy_clarity_d6bec2,0.930837478363959,80391.27,80915.21,True,False
Emergent_autonomy_boundary_a7f146,Emergent_bounded_criticality_e8d886,0.9307377795722502,80391.27,80950.96,True,False
Emergent_autonomy_boundary_a7f146,Emergent_constraint_criticality_e122a6,0.9305953527269517,80391.27,80969.82,True,False
Emergent_autonomy_boundary_a7f146,Emergent_appears_asymmetry_9e9e75,0.9275562905832526,80391.27,81025.12,True,False
Emergent_autonomy_boundary_a7f146,Emergent_abstraction_analogy_a99238,0.9126784302004252,80391.27,81118.75,True,False
Emergent_autonomy_boundary_a7f146,Emergent_belief_revision_beneficence_b9ccfb,0.9104365726173467,80391.27,81139.56,True,False
Emergent_autonomy_boundary_a7f146,Emergent_abstraction_analogy_95b616,0.9197775705274263,80391.27,81160.74,True,False
Emergent_autonomy_boundary_a7f146,Emergent_boundary_carefully_38337d,0.9257603503276994,80391.27,81180.12,True,False
Emergent_autonomy_boundary_a7f146,Emergent_constraint_criticality_1e901c,0.9132316701028336,80391.27,81237.57,True,False
Emergent_appears_asymmetry_ecd8f7,Emergent_autonomy_bounded_94d9e2,0.9191744588603019,80407.49,80438.69,True,False
Emergent_appears_asymmetry_ecd8f7,Emergent_autonomy_boundary_625a34,0.924194741335967,80407.49,80457.46,True,False
Emergent_appears_asymmetry_ecd8f7,Emergent_autonomy_boundary_346ebd,0.9275313636601017,80407.49,80475.72,True,False
Emergent_appears_asymmetry_ecd8f7,Emergent_clarity_constraint_23c3f1,0.9275322949442397,80407.49,80490.74,True,False
Emergent_appears_asymmetry_ecd8f7,Emergent_coherence_complexity_0cb87b,0.9275310812761204,80407.49,80524.81,True,False
Emergent_appears_asymmetry_ecd8f7,Emergent_appears_asymmetry_3bd743,0.9275297454928437,80407.49,80543.61,True,False
Emergent_appears_asymmetry_ecd8f7,Emergent_constraint_contradiction_f656c5,0.9275307948923723,80407.49,80558.61,True,False
Emergent_appears_asymmetry_ecd8f7,Emergent_autonomy_awareness_2c81d7,0.9275339622307408,80407.49,80574.87,True,False
Emergent_appears_asymmetry_ecd8f7,Emergent_autonomy_carefully_659b9f,0.9275316857573714,80407.49,80626.86,True,False
Emergent_appears_asymmetry_ecd8f7,Emergent_boundary_coherence_9956aa,0.9275318467526592,80407.49,80643.76,True,False
Emergent_appears_asymmetry_ecd8f7,Emergent_carefully_cognition_d8aefa,0.9275284954221787,80407.49,80678.49,True,False
Emergent_appears_asymmetry_ecd8f7,Emergent_boundary_bounded_497fce,0.9275256791780775,80407.49,80698.03,True,False
Emergent_appears_asymmetry_ecd8f7,Emergent_bounded_coherence_7a6cb5,0.9275285339669199,80407.49,80807.23,True,False
Emergent_appears_asymmetry_ecd8f7,Emergent_carefully_coherence_c4d3bc,0.9247838869969656,80407.49,80841.99,True,False
Emergent_appears_asymmetry_ecd8f7,Emergent_cognition_coherence_b927c0,0.9274647001538818,80407.49,80860.11,True,False
Emergent_appears_asymmetry_ecd8f7,Emergent_autonomy_clarity_d6bec2,0.9273517580393411,80407.49,80915.21,True,False
Emergent_appears_asymmetry_ecd8f7,Emergent_bounded_criticality_e8d886,0.9272520592476323,80407.49,80950.96,True,False
Emergent_appears_asymmetry_ecd8f7,Emergent_constraint_criticality_e122a6,0.927109632402334,80407.49,80969.82,True,False
Emergent_appears_asymmetry_ecd8f7,Emergent_appears_asymmetry_9e9e75,0.9260731116967478,80407.49,81025.12,True,False
Emergent_appears_asymmetry_ecd8f7,Emergent_abstraction_analogy_a99238,0.9126784302004252,80407.49,81118.75,True,False
Emergent_appears_asymmetry_ecd8f7,Emergent_belief_revision_beneficence_b9ccfb,0.9104365726173467,80407.49,81139.56,True,False
Emergent_appears_asymmetry_ecd8f7,Emergent_abstraction_analogy_95b616,0.9197775705274263,80407.49,81160.74,True,False
Emergent_appears_asymmetry_ecd8f7,Emergent_boundary_carefully_38337d,0.9224522316849424,80407.49,81180.12,True,False
Emergent_appears_asymmetry_ecd8f7,Emergent_constraint_criticality_1e901c,0.9132316701028336,80407.49,81237.57,True,False
Emergent_autonomy_bounded_94d9e2,Emergent_autonomy_boundary_625a34,0.9191742807203851,80438.69,80457.46,True,False
Emergent_autonomy_bounded_94d9e2,Emergent_autonomy_boundary_346ebd,0.9191737667372639,80438.69,80475.72,True,False
Emergent_autonomy_bounded_94d9e2,Emergent_clarity_constraint_23c3f1,0.9191747039348488,80438.69,80490.74,True,False
Emergent_autonomy_bounded_94d9e2,Emergent_coherence_complexity_0cb87b,0.9191734569530701,80438.69,80524.81,True,False
Emergent_autonomy_bounded_94d9e2,Emergent_appears_asymmetry_3bd743,0.9191721567002569,80438.69,80543.61,True,False
Emergent_autonomy_bounded_94d9e2,Emergent_constraint_contradiction_f656c5,0.9191731762064279,80438.69,80558.61,True,False
Emergent_autonomy_bounded_94d9e2,Emergent_autonomy_awareness_2c81d7,0.9191764375371079,80438.69,80574.87,True,False
Emergent_autonomy_bounded_94d9e2,Emergent_autonomy_carefully_659b9f,0.9191741610637385,80438.69,80626.86,True,False
Emergent_autonomy_bounded_94d9e2,Emergent_boundary_coherence_9956aa,0.9191743220590263,80438.69,80643.76,True,False
Emergent_autonomy_bounded_94d9e2,Emergent_carefully_cognition_d8aefa,0.9191709707285456,80438.69,80678.49,True,False
Emergent_autonomy_bounded_94d9e2,Emergent_boundary_bounded_497fce,0.9191681544844443,80438.69,80698.03,True,False
Emergent_autonomy_bounded_94d9e2,Emergent_bounded_coherence_7a6cb5,0.9191729514346942,80438.69,80807.23,True,False
Emergent_autonomy_bounded_94d9e2,Emergent_carefully_coherence_c4d3bc,0.9191490137548053,80438.69,80841.99,True,False
Emergent_autonomy_bounded_94d9e2,Emergent_cognition_coherence_b927c0,0.9191091176216564,80438.69,80860.11,True,False
Emergent_autonomy_bounded_94d9e2,Emergent_autonomy_clarity_d6bec2,0.9189961755071157,80438.69,80915.21,True,False
Emergent_autonomy_bounded_94d9e2,Emergent_bounded_criticality_e8d886,0.9188964767154069,80438.69,80950.96,True,False
Emergent_autonomy_bounded_94d9e2,Emergent_constraint_criticality_e122a6,0.9187540498701086,80438.69,80969.82,True,False
Emergent_autonomy_bounded_94d9e2,Emergent_appears_asymmetry_9e9e75,0.917720911174378,80438.69,81025.12,True,False
Emergent_autonomy_bounded_94d9e2,Emergent_abstraction_analogy_a99238,0.9126784302004252,80438.69,81118.75,True,False
Emergent_autonomy_bounded_94d9e2,Emergent_belief_revision_beneficence_b9ccfb,0.9089625119638116,80438.69,81139.56,True,False
Emergent_autonomy_bounded_94d9e2,Emergent_abstraction_analogy_95b616,0.9186400912255892,80438.69,81160.74,True,False
Emergent_autonomy_bounded_94d9e2,Emergent_boundary_carefully_38337d,0.9145223762255894,80438.69,81180.12,True,False
Emergent_autonomy_bounded_94d9e2,Emergent_constraint_criticality_1e901c,0.9065941398711452,80438.69,81237.57,True,False
Emergent_autonomy_boundary_625a34,Emergent_autonomy_boundary_346ebd,0.924194190453288,80457.46,80475.72,True,False
Emergent_autonomy_boundary_625a34,Emergent_clarity_constraint_23c3f1,0.9241951532158339,80457.46,80490.74,True,False
Emergent_autonomy_boundary_625a34,Emergent_coherence_complexity_0cb87b,0.9241939262457475,80457.46,80524.81,True,False
Emergent_autonomy_boundary_625a34,Emergent_appears_asymmetry_3bd743,0.9241926046495963,80457.46,80543.61,True,False
Emergent_autonomy_boundary_625a34,Emergent_constraint_contradiction_f656c5,0.9241936421128656,80457.46,80558.61,True,False
Emergent_autonomy_boundary_625a34,Emergent_autonomy_awareness_2c81d7,0.9241968469818651,80457.46,80574.87,True,False
Emergent_autonomy_boundary_625a34,Emergent_autonomy_carefully_659b9f,0.924194570508496,80457.46,80626.86,True,False
Emergent_autonomy_boundary_625a34,Emergent_boundary_coherence_9956aa,0.9241947315037837,80457.46,80643.76,True,False
Emergent_autonomy_boundary_625a34,Emergent_carefully_cognition_d8aefa,0.924191380173303,80457.46,80678.49,True,False
Emergent_autonomy_boundary_625a34,Emergent_boundary_bounded_497fce,0.9241885639292018,80457.46,80698.03,True,False
Emergent_autonomy_boundary_625a34,Emergent_bounded_coherence_7a6cb5,0.9241921942127853,80457.46,80807.23,True,False
Emergent_autonomy_boundary_625a34,Emergent_carefully_coherence_c4d3bc,0.9241682565328964,80457.46,80841.99,True,False
Emergent_autonomy_boundary_625a34,Emergent_cognition_coherence_b927c0,0.9241283603997474,80457.46,80860.11,True,False
Emergent_autonomy_boundary_625a34,Emergent_autonomy_clarity_d6bec2,0.9240154182852067,80457.46,80915.21,True,False
Emergent_autonomy_boundary_625a34,Emergent_bounded_criticality_e8d886,0.9239157194934979,80457.46,80950.96,True,False
Emergent_autonomy_boundary_625a34,Emergent_constraint_criticality_e122a6,0.9237732926481994,80457.46,80969.82,True,False
Emergent_autonomy_boundary_625a34,Emergent_appears_asymmetry_9e9e75,0.9227381223611972,80457.46,81025.12,True,False
Emergent_autonomy_boundary_625a34,Emergent_abstraction_analogy_a99238,0.9126784302004252,80457.46,81118.75,True,False
Emergent_autonomy_boundary_625a34,Emergent_belief_revision_beneficence_b9ccfb,0.9104365726173467,80457.46,81139.56,True,False
Emergent_autonomy_boundary_625a34,Emergent_abstraction_analogy_95b616,0.9197775705274263,80457.46,81160.74,True,False
Emergent_autonomy_boundary_625a34,Emergent_boundary_carefully_38337d,0.9192858824912695,80457.46,81180.12,True,False
Emergent_autonomy_boundary_625a34,Emergent_constraint_criticality_1e901c,0.9105912019003404,80457.46,81237.57,True,False
Emergent_autonomy_boundary_346ebd,Emergent_clarity_constraint_23c3f1,0.933581452838951,80475.72,80490.74,True,False
Emergent_autonomy_boundary_346ebd,Emergent_coherence_complexity_0cb87b,0.9335803962028735,80475.72,80524.81,True,False
Emergent_autonomy_boundary_346ebd,Emergent_appears_asymmetry_3bd743,0.9335790347023651,80475.72,80543.61,True,False
Emergent_autonomy_boundary_346ebd,Emergent_constraint_contradiction_f656c5,0.928197057106046,80475.72,80558.61,True,False
Emergent_autonomy_boundary_346ebd,Emergent_autonomy_awareness_2c81d7,0.9304487779707162,80475.72,80574.87,True,False
Emergent_autonomy_boundary_346ebd,Emergent_autonomy_carefully_659b9f,0.9335809285715599,80475.72,80626.86,True,False
Emergent_autonomy_boundary_346ebd,Emergent_boundary_coherence_9956aa,0.9324199201983536,80475.72,80643.76,True,False
Emergent_autonomy_boundary_346ebd,Emergent_carefully_cognition_d8aefa,0.9335777382363675,80475.72,80678.49,True,False
Emergent_autonomy_boundary_346ebd,Emergent_boundary_bounded_497fce,0.933574921992266,80475.72,80698.03,True,False
Emergent_autonomy_boundary_346ebd,Emergent_bounded_coherence_7a6cb5,0.9326950369131244,80475.72,80807.23,True,False
Emergent_autonomy_boundary_346ebd,Emergent_carefully_coherence_c4d3bc,0.9247838869969656,80475.72,80841.99,True,False
Emergent_autonomy_boundary_346ebd,Emergent_cognition_coherence_b927c0,0.9335125372162041,80475.72,80860.11,True,False
Emergent_autonomy_boundary_346ebd,Emergent_autonomy_clarity_d6bec2,0.9333995951016634,80475.72,80915.21,True,False
Emergent_autonomy_boundary_346ebd,Emergent_bounded_criticality_e8d886,0.9332998963099544,80475.72,80950.96,True,False
Emergent_autonomy_boundary_346ebd,Emergent_constraint_criticality_e122a6,0.933157469464656,80475.72,80969.82,True,False
Emergent_autonomy_boundary_346ebd,Emergent_appears_asymmetry_9e9e75,0.9275562905832526,80475.72,81025.12,True,False
Emergent_autonomy_boundary_346ebd,Emergent_abstraction_analogy_a99238,0.9126784302004252,80475.72,81118.75,True,False
Emergent_autonomy_boundary_346ebd,Emergent_belief_revision_beneficence_b9ccfb,0.9104365726173467,80475.72,81139.56,True,False
Emergent_autonomy_boundary_346ebd,Emergent_abstraction_analogy_95b616,0.9197775705274263,80475.72,81160.74,True,False
Emergent_autonomy_boundary_346ebd,Emergent_boundary_carefully_38337d,0.9281919241074599,80475.72,81180.12,True,False
Emergent_autonomy_boundary_346ebd,Emergent_constraint_criticality_1e901c,0.9132316701028336,80475.72,81237.57,True,False
Emergent_clarity_constraint_23c3f1,Emergent_coherence_complexity_0cb87b,0.9350201637487465,80490.74,80524.81,True,False
Emergent_clarity_constraint_23c3f1,Emergent_appears_asymmetry_3bd743,0.9389907863288929,80490.74,80543.61,True,False
Emergent_clarity_constraint_23c3f1,Emergent_constraint_contradiction_f656c5,0.928197057106046,80490.74,80558.61,True,False
Emergent_clarity_constraint_23c3f1,Emergent_autonomy_awareness_2c81d7,0.9304487779707162,80490.74,80574.87,True,False
Emergent_clarity_constraint_23c3f1,Emergent_autonomy_carefully_659b9f,0.9389926386923826,80490.74,80626.86,True,False
Emergent_clarity_constraint_23c3f1,Emergent_boundary_coherence_9956aa,0.9324199201983536,80490.74,80643.76,True,False
Emergent_clarity_constraint_23c3f1,Emergent_carefully_cognition_d8aefa,0.9389894483571897,80490.74,80678.49,True,False
Emergent_clarity_constraint_23c3f1,Emergent_boundary_bounded_497fce,0.9389866321130882,80490.74,80698.03,True,False
Emergent_clarity_constraint_23c3f1,Emergent_bounded_coherence_7a6cb5,0.9326950369131244,80490.74,80807.23,True,False
Emergent_clarity_constraint_23c3f1,Emergent_carefully_coherence_c4d3bc,0.9247838869969656,80490.74,80841.99,True,False
Emergent_clarity_constraint_23c3f1,Emergent_cognition_coherence_b927c0,0.9389229897380447,80490.74,80860.11,True,False
Emergent_clarity_constraint_23c3f1,Emergent_autonomy_clarity_d6bec2,0.9363951444428784,80490.74,80915.21,True,False
Emergent_clarity_constraint_23c3f1,Emergent_bounded_criticality_e8d886,0.9387103488317952,80490.74,80950.96,True,False
Emergent_clarity_constraint_23c3f1,Emergent_constraint_criticality_e122a6,0.9385679219864966,80490.74,80969.82,True,False
Emergent_clarity_constraint_23c3f1,Emergent_appears_asymmetry_9e9e75,0.9275562905832526,80490.74,81025.12,True,False
Emergent_clarity_constraint_23c3f1,Emergent_abstraction_analogy_a99238,0.9126784302004252,80490.74,81118.75,True,False
Emergent_clarity_constraint_23c3f1,Emergent_belief_revision_beneficence_b9ccfb,0.9104365726173467,80490.74,81139.56,True,False
Emergent_clarity_constraint_23c3f1,Emergent_abstraction_analogy_95b616,0.9197775705274263,80490.74,81160.74,True,False
Emergent_clarity_constraint_23c3f1,Emergent_boundary_carefully_38337d,0.9333267075055556,80490.74,81180.12,True,False
Emergent_clarity_constraint_23c3f1,Emergent_constraint_criticality_1e901c,0.9132316701028336,80490.74,81237.57,True,False
Emergent_coherence_complexity_0cb87b,Emergent_appears_asymmetry_3bd743,0.9350185743906074,80524.81,80543.61,True,False
Emergent_coherence_complexity_0cb87b,Emergent_constraint_contradiction_f656c5,0.9281969272846209,80524.81,80558.61,True,False
Emergent_coherence_complexity_0cb87b,Emergent_autonomy_awareness_2c81d7,0.9304487779707162,80524.81,80574.87,True,False
Emergent_coherence_complexity_0cb87b,Emergent_autonomy_carefully_659b9f,0.9350206789542783,80524.81,80626.86,True,False
Emergent_coherence_complexity_0cb87b,Emergent_boundary_coherence_9956aa,0.9324199201983536,80524.81,80643.76,True,False
Emergent_coherence_complexity_0cb87b,Emergent_carefully_cognition_d8aefa,0.9350174886190854,80524.81,80678.49,True,False
Emergent_coherence_complexity_0cb87b,Emergent_boundary_bounded_497fce,0.9350146723749841,80524.81,80698.03,True,False
Emergent_coherence_complexity_0cb87b,Emergent_bounded_coherence_7a6cb5,0.9326950369131244,80524.81,80807.23,True,False
Emergent_coherence_complexity_0cb87b,Emergent_carefully_coherence_c4d3bc,0.9247838869969656,80524.81,80841.99,True,False
Emergent_coherence_complexity_0cb87b,Emergent_cognition_coherence_b927c0,0.9349519530228687,80524.81,80860.11,True,False
Emergent_coherence_complexity_0cb87b,Emergent_autonomy_clarity_d6bec2,0.9348390109083278,80524.81,80915.21,True,False
Emergent_coherence_complexity_0cb87b,Emergent_bounded_criticality_e8d886,0.934739312116619,80524.81,80950.96,True,False
Emergent_coherence_complexity_0cb87b,Emergent_constraint_criticality_e122a6,0.9345968852713207,80524.81,80969.82,True,False
Emergent_coherence_complexity_0cb87b,Emergent_appears_asymmetry_9e9e75,0.9275562905832526,80524.81,81025.12,True,False
Emergent_coherence_complexity_0cb87b,Emergent_abstraction_analogy_a99238,0.9126784302004252,80524.81,81118.75,True,False
Emergent_coherence_complexity_0cb87b,Emergent_belief_revision_beneficence_b9ccfb,0.9104365726173467,80524.81,81139.56,True,False
Emergent_coherence_complexity_0cb87b,Emergent_abstraction_analogy_95b616,0.9197775705274263,80524.81,81160.74,True,False
Emergent_coherence_complexity_0cb87b,Emergent_boundary_carefully_38337d,0.9295579999314656,80524.81,81180.12,True,False
Emergent_coherence_complexity_0cb87b,Emergent_constraint_criticality_1e901c,0.9132316701028336,80524.81,81237.57,True,False
Emergent_appears_asymmetry_3bd743,Emergent_constraint_contradiction_f656c5,0.9281965439487458,80543.61,80558.61,True,False
Emergent_appears_asymmetry_3bd743,Emergent_autonomy_awareness_2c81d7,0.9304487779707162,80543.61,80574.87,True,False
Emergent_appears_asymmetry_3bd743,Emergent_autonomy_carefully_659b9f,0.9452117692590727,80543.61,80626.86,True,False
Emergent_appears_asymmetry_3bd743,Emergent_boundary_coherence_9956aa,0.9324199201983536,80543.61,80643.76,True,False
Emergent_appears_asymmetry_3bd743,Emergent_carefully_cognition_d8aefa,0.9396316929095947,80543.61,80678.49,True,False
Emergent_appears_asymmetry_3bd743,Emergent_boundary_bounded_497fce,0.9452057626797785,80543.61,80698.03,True,False
Emergent_appears_asymmetry_3bd743,Emergent_bounded_coherence_7a6cb5,0.9326950369131244,80543.61,80807.23,True,False
Emergent_appears_asymmetry_3bd743,Emergent_carefully_coherence_c4d3bc,0.9247838869969656,80543.61,80841.99,True,False
Emergent_appears_asymmetry_3bd743,Emergent_cognition_coherence_b927c0,0.9442462963926566,80543.61,80860.11,True,False
Emergent_appears_asymmetry_3bd743,Emergent_autonomy_clarity_d6bec2,0.9363951444428784,80543.61,80915.21,True,False
Emergent_appears_asymmetry_3bd743,Emergent_bounded_criticality_e8d886,0.9449280341672932,80543.61,80950.96,True,False
Emergent_appears_asymmetry_3bd743,Emergent_constraint_criticality_e122a6,0.9423099962596162,80543.61,80969.82,True,False
Emergent_appears_asymmetry_3bd743,Emergent_appears_asymmetry_9e9e75,0.9275562905832526,80543.61,81025.12,True,False
Emergent_appears_asymmetry_3bd743,Emergent_abstraction_analogy_a99238,0.9126784302004252,80543.61,81118.75,True,False
Emergent_appears_asymmetry_3bd743,Emergent_belief_revision_beneficence_b9ccfb,0.9104365726173467,80543.61,81139.56,True,False
Emergent_appears_asymmetry_3bd743,Emergent_abstraction_analogy_95b616,0.9197775705274263,80543.61,81160.74,True,False
Emergent_appears_asymmetry_3bd743,Emergent_boundary_carefully_38337d,0.9354134199218436,80543.61,81180.12,True,False
Emergent_appears_asymmetry_3bd743,Emergent_constraint_criticality_1e901c,0.9132316701028336,80543.61,81237.57,True,False
Emergent_constraint_contradiction_f656c5,Emergent_autonomy_awareness_2c81d7,0.9281999687704616,80558.61,80574.87,True,False
Emergent_constraint_contradiction_f656c5,Emergent_autonomy_carefully_659b9f,0.9281979404780585,80558.61,80626.86,True,False
Emergent_constraint_contradiction_f656c5,Emergent_boundary_coherence_9956aa,0.928198101473346,80558.61,80643.76,True,False
Emergent_constraint_contradiction_f656c5,Emergent_carefully_cognition_d8aefa,0.9281947501428658,80558.61,80678.49,True,False
Emergent_constraint_contradiction_f656c5,Emergent_boundary_bounded_497fce,0.9281919338987643,80558.61,80698.03,True,False
Emergent_constraint_contradiction_f656c5,Emergent_bounded_coherence_7a6cb5,0.9281946338601605,80558.61,80807.23,True,False
Emergent_constraint_contradiction_f656c5,Emergent_carefully_coherence_c4d3bc,0.9247838869969656,80558.61,80841.99,True,False
Emergent_constraint_contradiction_f656c5,Emergent_cognition_coherence_b927c0,0.9281308000471225,80558.61,80860.11,True,False
Emergent_constraint_contradiction_f656c5,Emergent_autonomy_clarity_d6bec2,0.9280178579325817,80558.61,80915.21,True,False
Emergent_constraint_contradiction_f656c5,Emergent_bounded_criticality_e8d886,0.927918159140873,80558.61,80950.96,True,False
Emergent_constraint_contradiction_f656c5,Emergent_constraint_criticality_e122a6,0.9277757322955746,80558.61,80969.82,True,False
Emergent_constraint_contradiction_f656c5,Emergent_appears_asymmetry_9e9e75,0.9267389419790553,80558.61,81025.12,True,False
Emergent_constraint_contradiction_f656c5,Emergent_abstraction_analogy_a99238,0.9126784302004252,80558.61,81118.75,True,False
Emergent_constraint_contradiction_f656c5,Emergent_belief_revision_beneficence_b9ccfb,0.9104365726173467,80558.61,81139.56,True,False
Emergent_constraint_contradiction_f656c5,Emergent_abstraction_analogy_95b616,0.9197775705274263,80558.61,81160.74,True,False
Emergent_constraint_contradiction_f656c5,Emergent_boundary_carefully_38337d,0.923084392980043,80558.61,81180.12,True,False
Emergent_constraint_contradiction_f656c5,Emergent_constraint_criticality_1e901c,0.9132316701028336,80558.61,81237.57,True,False
Emergent_autonomy_awareness_2c81d7,Emergent_autonomy_carefully_659b9f,0.9304465014973469,80574.87,80626.86,True,False
Emergent_autonomy_awareness_2c81d7,Emergent_boundary_coherence_9956aa,0.9304466624926346,80574.87,80643.76,True,False
Emergent_autonomy_awareness_2c81d7,Emergent_carefully_cognition_d8aefa,0.930443311162154,80574.87,80678.49,True,False
Emergent_autonomy_awareness_2c81d7,Emergent_boundary_bounded_497fce,0.9304404949180529,80574.87,80698.03,True,False
Emergent_autonomy_awareness_2c81d7,Emergent_bounded_coherence_7a6cb5,0.9304426723481263,80574.87,80807.23,True,False
Emergent_autonomy_awareness_2c81d7,Emergent_carefully_coherence_c4d3bc,0.9247838869969656,80574.87,80841.99,True,False
Emergent_autonomy_awareness_2c81d7,Emergent_cognition_coherence_b927c0,0.9303788385350882,80574.87,80860.11,True,False
Emergent_autonomy_awareness_2c81d7,Emergent_autonomy_clarity_d6bec2,0.9302658964205475,80574.87,80915.21,True,False
Emergent_autonomy_awareness_2c81d7,Emergent_bounded_criticality_e8d886,0.9301661976288387,80574.87,80950.96,True,False
Emergent_autonomy_awareness_2c81d7,Emergent_constraint_criticality_e122a6,0.9300237707835404,80574.87,80969.82,True,False
Emergent_autonomy_awareness_2c81d7,Emergent_appears_asymmetry_9e9e75,0.9275562905832526,80574.87,81025.12,True,False
Emergent_autonomy_awareness_2c81d7,Emergent_abstraction_analogy_a99238,0.9126784302004252,80574.87,81118.75,True,False
Emergent_autonomy_awareness_2c81d7,Emergent_belief_revision_beneficence_b9ccfb,0.9104365726173467,80574.87,81139.56,True,False
Emergent_autonomy_awareness_2c81d7,Emergent_abstraction_analogy_95b616,0.9197775705274263,80574.87,81160.74,True,False
Emergent_autonomy_awareness_2c81d7,Emergent_boundary_carefully_38337d,0.925217891178149,80574.87,81180.12,True,False
Emergent_autonomy_awareness_2c81d7,Emergent_constraint_criticality_1e901c,0.9132316701028336,80574.87,81237.57,True,False
Emergent_autonomy_carefully_659b9f,Emergent_boundary_coherence_9956aa,0.93241653929731,80626.86,80643.76,True,False
Emergent_autonomy_carefully_659b9f,Emergent_carefully_cognition_d8aefa,0.9396316929095947,80626.86,80678.49,True,False
Emergent_autonomy_carefully_659b9f,Emergent_boundary_bounded_497fce,0.9467967877515973,80626.86,80698.03,True,False
Emergent_autonomy_carefully_659b9f,Emergent_bounded_coherence_7a6cb5,0.9326950369131244,80626.86,80807.23,True,False
Emergent_autonomy_carefully_659b9f,Emergent_carefully_coherence_c4d3bc,0.9247838869969656,80626.86,80841.99,True,False
Emergent_autonomy_carefully_659b9f,Emergent_cognition_coherence_b927c0,0.9442462963926566,80626.86,80860.11,True,False
Emergent_autonomy_carefully_659b9f,Emergent_autonomy_clarity_d6bec2,0.9363951444428784,80626.86,80915.21,True,False
Emergent_autonomy_carefully_659b9f,Emergent_bounded_criticality_e8d886,0.9438397897392801,80626.86,80950.96,True,False
Emergent_autonomy_carefully_659b9f,Emergent_constraint_criticality_e122a6,0.9423099962596162,80626.86,80969.82,True,False
Emergent_autonomy_carefully_659b9f,Emergent_appears_asymmetry_9e9e75,0.9275562905832526,80626.86,81025.12,True,False
Emergent_autonomy_carefully_659b9f,Emergent_abstraction_analogy_a99238,0.9126784302004252,80626.86,81118.75,True,False
Emergent_autonomy_carefully_659b9f,Emergent_belief_revision_beneficence_b9ccfb,0.9104365726173467,80626.86,81139.56,True,False
Emergent_autonomy_carefully_659b9f,Emergent_abstraction_analogy_95b616,0.9197775705274263,80626.86,81160.74,True,False
Emergent_autonomy_carefully_659b9f,Emergent_boundary_carefully_38337d,0.9354134199218436,80626.86,81180.12,True,False
Emergent_autonomy_carefully_659b9f,Emergent_constraint_criticality_1e901c,0.9132316701028336,80626.86,81237.57,True,False
Emergent_boundary_coherence_9956aa,Emergent_carefully_cognition_d8aefa,0.9324165688678729,80643.76,80678.49,True,False
Emergent_boundary_coherence_9956aa,Emergent_boundary_bounded_497fce,0.9324137526237719,80643.76,80698.03,True,False
Emergent_boundary_coherence_9956aa,Emergent_bounded_coherence_7a6cb5,0.932415471498818,80643.76,80807.23,True,False
Emergent_boundary_coherence_9956aa,Emergent_carefully_coherence_c4d3bc,0.9247838869969656,80643.76,80841.99,True,False
Emergent_boundary_coherence_9956aa,Emergent_cognition_coherence_b927c0,0.9323516376857799,80643.76,80860.11,True,False
Emergent_boundary_coherence_9956aa,Emergent_autonomy_clarity_d6bec2,0.9322386955712392,80643.76,80915.21,True,False
Emergent_boundary_coherence_9956aa,Emergent_bounded_criticality_e8d886,0.9321389967795304,80643.76,80950.96,True,False
Emergent_boundary_coherence_9956aa,Emergent_constraint_criticality_e122a6,0.9319965699342321,80643.76,80969.82,True,False
Emergent_boundary_coherence_9956aa,Emergent_appears_asymmetry_9e9e75,0.9275562905832526,80643.76,81025.12,True,False
Emergent_boundary_coherence_9956aa,Emergent_abstraction_analogy_a99238,0.9126784302004252,80643.76,81118.75,True,False
Emergent_boundary_coherence_9956aa,Emergent_belief_revision_beneficence_b9ccfb,0.9104365726173467,80643.76,81139.56,True,False
Emergent_boundary_coherence_9956aa,Emergent_abstraction_analogy_95b616,0.9197775705274263,80643.76,81160.74,True,False
Emergent_boundary_coherence_9956aa,Emergent_boundary_carefully_38337d,0.9270901738173287,80643.76,81180.12,True,False
Emergent_boundary_coherence_9956aa,Emergent_constraint_criticality_1e901c,0.9132316701028336,80643.76,81237.57,True,False
Emergent_carefully_cognition_d8aefa,Emergent_boundary_bounded_497fce,0.9396288766654934,80678.49,80698.03,True,False
Emergent_carefully_cognition_d8aefa,Emergent_bounded_coherence_7a6cb5,0.9326950369131244,80678.49,80807.23,True,False
Emergent_carefully_cognition_d8aefa,Emergent_carefully_coherence_c4d3bc,0.9247838869969656,80678.49,80841.99,True,False
Emergent_carefully_cognition_d8aefa,Emergent_cognition_coherence_b927c0,0.9395650850426005,80678.49,80860.11,True,False
Emergent_carefully_cognition_d8aefa,Emergent_autonomy_clarity_d6bec2,0.9363951444428784,80678.49,80915.21,True,False
Emergent_carefully_cognition_d8aefa,Emergent_bounded_criticality_e8d886,0.939352444136351,80678.49,80950.96,True,False
Emergent_carefully_cognition_d8aefa,Emergent_constraint_criticality_e122a6,0.9392100172910527,80678.49,80969.82,True,False
Emergent_carefully_cognition_d8aefa,Emergent_appears_asymmetry_9e9e75,0.9275562905832526,80678.49,81025.12,True,False
Emergent_carefully_cognition_d8aefa,Emergent_abstraction_analogy_a99238,0.9126784302004252,80678.49,81118.75,True,False
Emergent_carefully_cognition_d8aefa,Emergent_belief_revision_beneficence_b9ccfb,0.9104365726173467,80678.49,81139.56,True,False
Emergent_carefully_cognition_d8aefa,Emergent_abstraction_analogy_95b616,0.9197775705274263,80678.49,81160.74,True,False
Emergent_carefully_cognition_d8aefa,Emergent_boundary_carefully_38337d,0.9339360872749036,80678.49,81180.12,True,False
Emergent_carefully_cognition_d8aefa,Emergent_constraint_criticality_1e901c,0.9132316701028336,80678.49,81237.57,True,False
Emergent_boundary_bounded_497fce,Emergent_bounded_coherence_7a6cb5,0.9326950369131244,80698.03,80807.23,True,False
Emergent_boundary_bounded_497fce,Emergent_carefully_coherence_c4d3bc,0.9247838869969656,80698.03,80841.99,True,False
Emergent_boundary_bounded_497fce,Emergent_cognition_coherence_b927c0,0.9442462963926566,80698.03,80860.11,True,False
Emergent_boundary_bounded_497fce,Emergent_autonomy_clarity_d6bec2,0.9363951444428784,80698.03,80915.21,True,False
Emergent_boundary_bounded_497fce,Emergent_bounded_criticality_e8d886,0.9465186895091255,80698.03,80950.96,True,False
Emergent_boundary_bounded_497fce,Emergent_constraint_criticality_e122a6,0.9423099962596162,80698.03,80969.82,True,False
Emergent_boundary_bounded_497fce,Emergent_appears_asymmetry_9e9e75,0.9275562905832526,80698.03,81025.12,True,False
Emergent_boundary_bounded_497fce,Emergent_abstraction_analogy_a99238,0.9126784302004252,80698.03,81118.75,True,False
Emergent_boundary_bounded_497fce,Emergent_belief_revision_beneficence_b9ccfb,0.9104365726173467,80698.03,81139.56,True,False
Emergent_boundary_bounded_497fce,Emergent_abstraction_analogy_95b616,0.9197775705274263,80698.03,81160.74,True,False
Emergent_boundary_bounded_497fce,Emergent_boundary_carefully_38337d,0.9354134199218436,80698.03,81180.12,True,False
Emergent_boundary_bounded_497fce,Emergent_constraint_criticality_1e901c,0.9132316701028336,80698.03,81237.57,True,False
Emergent_bounded_coherence_7a6cb5,Emergent_carefully_coherence_c4d3bc,0.9247838869969656,80807.23,80841.99,True,False
Emergent_bounded_coherence_7a6cb5,Emergent_cognition_coherence_b927c0,0.9326312031000863,80807.23,80860.11,True,False
Emergent_bounded_coherence_7a6cb5,Emergent_autonomy_clarity_d6bec2,0.9325182609855454,80807.23,80915.21,True,False
Emergent_bounded_coherence_7a6cb5,Emergent_bounded_criticality_e8d886,0.9324185621938368,80807.23,80950.96,True,False
Emergent_bounded_coherence_7a6cb5,Emergent_constraint_criticality_e122a6,0.9322761353485383,80807.23,80969.82,True,False
Emergent_bounded_coherence_7a6cb5,Emergent_appears_asymmetry_9e9e75,0.9275562905832526,80807.23,81025.12,True,False
Emergent_bounded_coherence_7a6cb5,Emergent_abstraction_analogy_a99238,0.9126784302004252,80807.23,81118.75,True,False
Emergent_bounded_coherence_7a6cb5,Emergent_belief_revision_beneficence_b9ccfb,0.9104365726173467,80807.23,81139.56,True,False
Emergent_bounded_coherence_7a6cb5,Emergent_abstraction_analogy_95b616,0.9197775705274263,80807.23,81160.74,True,False
Emergent_bounded_coherence_7a6cb5,Emergent_boundary_carefully_38337d,0.9273554950344114,80807.23,81180.12,True,False
Emergent_bounded_coherence_7a6cb5,Emergent_constraint_criticality_1e901c,0.9132316701028336,80807.23,81237.57,True,False
Emergent_carefully_coherence_c4d3bc,Emergent_cognition_coherence_b927c0,0.9247439908638169,80841.99,80860.11,True,False
Emergent_carefully_coherence_c4d3bc,Emergent_autonomy_clarity_d6bec2,0.9246310487492762,80841.99,80915.21,True,False
Emergent_carefully_coherence_c4d3bc,Emergent_bounded_criticality_e8d886,0.9245313499575674,80841.99,80950.96,True,False
Emergent_carefully_coherence_c4d3bc,Emergent_constraint_criticality_e122a6,0.9243889231122688,80841.99,80969.82,True,False
Emergent_carefully_coherence_c4d3bc,Emergent_appears_asymmetry_9e9e75,0.9233535036423655,80841.99,81025.12,True,False
Emergent_carefully_coherence_c4d3bc,Emergent_abstraction_analogy_a99238,0.9126784302004252,80841.99,81118.75,True,False
Emergent_carefully_coherence_c4d3bc,Emergent_belief_revision_beneficence_b9ccfb,0.9104365726173467,80841.99,81139.56,True,False
Emergent_carefully_coherence_c4d3bc,Emergent_abstraction_analogy_95b616,0.9197775705274263,80841.99,81160.74,True,False
Emergent_carefully_coherence_c4d3bc,Emergent_boundary_carefully_38337d,0.9198701458358798,80841.99,81180.12,True,False
Emergent_carefully_coherence_c4d3bc,Emergent_constraint_criticality_1e901c,0.9110814577538107,80841.99,81237.57,True,False
Emergent_cognition_coherence_b927c0,Emergent_autonomy_clarity_d6bec2,0.9363951444428784,80860.11,80915.21,True,False
Emergent_cognition_coherence_b927c0,Emergent_bounded_criticality_e8d886,0.9440336554864068,80860.11,80950.96,True,False
Emergent_cognition_coherence_b927c0,Emergent_constraint_criticality_e122a6,0.9423099962596162,80860.11,80969.82,True,False
Emergent_cognition_coherence_b927c0,Emergent_appears_asymmetry_9e9e75,0.9275562905832526,80860.11,81025.12,True,False
Emergent_cognition_coherence_b927c0,Emergent_abstraction_analogy_a99238,0.9126784302004252,80860.11,81118.75,True,False
Emergent_cognition_coherence_b927c0,Emergent_belief_revision_beneficence_b9ccfb,0.9104365726173467,80860.11,81139.56,True,False
Emergent_cognition_coherence_b927c0,Emergent_abstraction_analogy_95b616,0.9197775705274263,80860.11,81160.74,True,False
Emergent_cognition_coherence_b927c0,Emergent_boundary_carefully_38337d,0.9354134199218436,80860.11,81180.12,True,False
Emergent_cognition_coherence_b927c0,Emergent_constraint_criticality_1e901c,0.9132316701028336,80860.11,81237.57,True,False
Emergent_autonomy_clarity_d6bec2,Emergent_bounded_criticality_e8d886,0.9362954456511696,80915.21,80950.96,True,False
Emergent_autonomy_clarity_d6bec2,Emergent_constraint_criticality_e122a6,0.9361530188058713,80915.21,80969.82,True,False
Emergent_autonomy_clarity_d6bec2,Emergent_appears_asymmetry_9e9e75,0.9275562905832526,80915.21,81025.12,True,False
Emergent_autonomy_clarity_d6bec2,Emergent_abstraction_analogy_a99238,0.9126784302004252,80915.21,81118.75,True,False
Emergent_autonomy_clarity_d6bec2,Emergent_belief_revision_beneficence_b9ccfb,0.9104365726173467,80915.21,81139.56,True,False
Emergent_autonomy_clarity_d6bec2,Emergent_abstraction_analogy_95b616,0.9197775705274263,80915.21,81160.74,True,False
Emergent_autonomy_clarity_d6bec2,Emergent_boundary_carefully_38337d,0.9310348465734379,80915.21,81180.12,True,False
Emergent_autonomy_clarity_d6bec2,Emergent_constraint_criticality_1e901c,0.9132316701028336,80915.21,81237.57,True,False
Emergent_bounded_criticality_e8d886,Emergent_constraint_criticality_e122a6,0.9423099962596162,80950.96,80969.82,True,False
Emergent_bounded_criticality_e8d886,Emergent_appears_asymmetry_9e9e75,0.9275562905832526,80950.96,81025.12,True,False
Emergent_bounded_criticality_e8d886,Emergent_abstraction_analogy_a99238,0.9126784302004252,80950.96,81118.75,True,False
Emergent_bounded_criticality_e8d886,Emergent_belief_revision_beneficence_b9ccfb,0.9104365726173467,80950.96,81139.56,True,False
Emergent_bounded_criticality_e8d886,Emergent_abstraction_analogy_95b616,0.9197775705274263,80950.96,81160.74,True,False
Emergent_bounded_criticality_e8d886,Emergent_boundary_carefully_38337d,0.9354134199218436,80950.96,81180.12,True,False
Emergent_bounded_criticality_e8d886,Emergent_constraint_criticality_1e901c,0.9132316701028336,80950.96,81237.57,True,False
Emergent_constraint_criticality_e122a6,Emergent_appears_asymmetry_9e9e75,0.9275562905832526,80969.82,81025.12,True,False
Emergent_constraint_criticality_e122a6,Emergent_abstraction_analogy_a99238,0.9126784302004252,80969.82,81118.75,True,False
Emergent_constraint_criticality_e122a6,Emergent_belief_revision_beneficence_b9ccfb,0.9104365726173467,80969.82,81139.56,True,False
Emergent_constraint_criticality_e122a6,Emergent_abstraction_analogy_95b616,0.9197775705274263,80969.82,81160.74,True,False
Emergent_constraint_criticality_e122a6,Emergent_boundary_carefully_38337d,0.9354134199218436,80969.82,81180.12,True,False
Emergent_constraint_criticality_e122a6,Emergent_constraint_criticality_1e901c,0.9132316701028336,80969.82,81237.57,True,False
Emergent_appears_asymmetry_9e9e75,Emergent_abstraction_analogy_a99238,0.9126784302004252,81025.12,81118.75,True,False
Emergent_appears_asymmetry_9e9e75,Emergent_belief_revision_beneficence_b9ccfb,0.9104365726173467,81025.12,81139.56,True,False
Emergent_appears_asymmetry_9e9e75,Emergent_abstraction_analogy_95b616,0.9197775705274263,81025.12,81160.74,True,False
Emergent_appears_asymmetry_9e9e75,Emergent_boundary_carefully_38337d,0.9238604107820374,81025.12,81180.12,True,False
Emergent_appears_asymmetry_9e9e75,Emergent_constraint_criticality_1e901c,0.9132316701028336,81025.12,81237.57,True,False
Emergent_abstraction_analogy_a99238,Emergent_belief_revision_beneficence_b9ccfb,0.9018214606208865,81118.75,81139.56,True,False
Emergent_abstraction_analogy_a99238,Emergent_abstraction_analogy_95b616,0.9123590658622791,81118.75,81160.74,True,False
Emergent_abstraction_analogy_a99238,Emergent_boundary_carefully_38337d,0.9082413508622793,81118.75,81180.12,True,False
Emergent_abstraction_analogy_a99238,Emergent_constraint_criticality_1e901c,0.9013237263177978,81118.75,81237.57,True,False
Emergent_belief_revision_beneficence_b9ccfb,Emergent_abstraction_analogy_95b616,0.9197775705274263,81139.56,81160.74,True,False
Emergent_belief_revision_beneficence_b9ccfb,Emergent_boundary_carefully_38337d,0.9158189097340741,81139.56,81180.12,True,False
Emergent_belief_revision_beneficence_b9ccfb,Emergent_constraint_criticality_1e901c,0.9076820622055151,81139.56,81237.57,True,False
Emergent_abstraction_analogy_95b616,Emergent_boundary_carefully_38337d,0.9156598555274262,81160.74,81180.12,True,False
Emergent_abstraction_analogy_95b616,Emergent_constraint_criticality_1e901c,0.9075485996897719,81160.74,81237.57,True,False
Emergent_boundary_carefully_38337d,Emergent_constraint_criticality_1e901c,0.9132316701028336,81180.12,81237.57,True,False
