source,target,weight,src_ts,dst_ts,is_older_to_newer,is_newer_to_older
Emergent_ambiguity_anticipation_fa18ed,Emergent_abstraction_analogy_a89166,0.900252967673238,180008.34,180021.8,True,False
Emergent_ambiguity_anticipation_fa18ed,Emergent_abstraction_attention_8ab827,0.9002529676579973,180008.34,180032.88,True,False
Emergent_ambiguity_anticipation_fa18ed,Emergent_abstraction_attention_9ebe0c,0.900252967636225,180008.34,180044.35,True,False
Emergent_ambiguity_anticipation_fa18ed,Emergent_boundary_bounded_9cca20,0.9002529676314288,180008.34,180056.14,True,False
Emergent_ambiguity_anticipation_fa18ed,Emergent_bounded_chaos_9c4d47,0.9002529676034781,180008.34,180067.85,True,False
Emergent_ambiguity_anticipation_fa18ed,Emergent_chaos_complexity_307ec6,0.9002529676036783,180008.34,180068.19,True,False
Emergent_ambiguity_anticipation_fa18ed,Emergent_autonomy_coherence_a41799,0.9002529671524444,180008.34,180080.2,True,False
Emergent_ambiguity_anticipation_fa18ed,Emergent_chaos_clarity_5e3ad2,0.9002529676683724,180008.34,180093.96,True,False
Emergent_ambiguity_anticipation_fa18ed,Emergent_contradiction_ego_dissolution_411bbc,0.9002529676789517,180008.34,180108.19,True,False
Emergent_ambiguity_anticipation_fa18ed,Emergent_appears_asymmetry_8ccc17,0.9002529675882713,180008.34,180121.36,True,False
Emergent_ambiguity_anticipation_fa18ed,Emergent_appears_asymmetry_8dba4c,0.9002529674587278,180008.34,180135.59,True,False
Emergent_ambiguity_anticipation_fa18ed,Emergent_bounded_contradiction_3b8157,0.9002529672736659,180008.34,180149.95,True,False
Emergent_ambiguity_anticipation_fa18ed,Emergent_autonomy_belief_revision_43601b,0.9002529672605528,180008.34,180150.29,True,False
Emergent_ambiguity_anticipation_fa18ed,Emergent_appears_asymmetry_9e9e75,0.9002529647785076,180008.34,180162.27,True,False
Emergent_ambiguity_anticipation_fa18ed,Emergent_appears_asymmetry_07c4dc,0.9002529648060733,180008.34,180162.61,True,False
Emergent_ambiguity_anticipation_fa18ed,Emergent_contradiction_enforcing_263f3b,0.9002529676169553,180008.34,180177.34,True,False
Emergent_ambiguity_anticipation_fa18ed,Emergent_autonomy_belief_revision_03bf54,0.9002529670774158,180008.34,180192.85,True,False
Emergent_ambiguity_anticipation_fa18ed,Emergent_appears_asymmetry_055160,0.9002529652700411,180008.34,180208.55,True,False
Emergent_ambiguity_anticipation_fa18ed,Emergent_clarity_consciousness_caaa75,0.9002529657238463,180008.34,180224.57,True,False
Emergent_ambiguity_anticipation_fa18ed,Emergent_clarity_constraint_bf278c,0.9002529657238463,180008.34,180224.91,True,False
Emergent_ambiguity_anticipation_fa18ed,Emergent_bounded_carefully_19895d,0.9002529548488325,180008.34,180241.8,True,False
Emergent_ambiguity_anticipation_fa18ed,Emergent_contradiction_emerges_7bc60d,0.900252927046191,180008.34,180258.59,True,False
Emergent_ambiguity_anticipation_fa18ed,Emergent_clarity_constraint_7dc6eb,0.9002529391532279,180008.34,180273.54,True,False
Emergent_ambiguity_anticipation_fa18ed,Emergent_carefully_clarity_0d7a6f,0.900252992679281,180008.34,180288.47,True,False
Emergent_ambiguity_anticipation_fa18ed,Emergent_carefully_clarity_28ad8a,0.900252992679281,180008.34,180288.81,True,False
Emergent_ambiguity_anticipation_fa18ed,Emergent_bounded_constraint_999cf9,0.9002529850359307,180008.34,180305.05,True,False
Emergent_ambiguity_anticipation_fa18ed,Emergent_autonomy_collective_4a8f61,0.9002529850359307,180008.34,180305.39,True,False
Emergent_ambiguity_anticipation_fa18ed,Emergent_autonomy_clarity_dc06c1,0.9002529861278379,180008.34,180321.73,True,False
Emergent_ambiguity_anticipation_fa18ed,Emergent_consciousness_expression_dc9a81,0.9002529767686331,180008.34,180340.06,True,False
Emergent_ambiguity_anticipation_fa18ed,Emergent_clarity_criticality_9682fe,0.9002529611699592,180008.34,180357.72,True,False
Emergent_ambiguity_anticipation_fa18ed,Emergent_bounded_criticality_680155,0.9002529633983414,180008.34,180374.56,True,False
Emergent_ambiguity_anticipation_fa18ed,Emergent_bounded_clarity_50a8e4,0.9002525317901817,180008.34,180444.9,True,False
Emergent_ambiguity_anticipation_fa18ed,Emergent_autonomy_coherence_1637ce,0.9002530262737558,180008.34,180463.02,True,False
Emergent_ambiguity_anticipation_fa18ed,Emergent_bounded_contradiction_d8e7d7,0.9002520886328667,180008.34,180482.08,True,False
Emergent_ambiguity_anticipation_fa18ed,Emergent_autonomy_carefully_dedeae,0.9002532177617055,180008.34,180500.56,True,False
Emergent_ambiguity_anticipation_fa18ed,Emergent_clarity_constraint_64b0d3,0.9002530554108374,180008.34,180519.48,True,False
Emergent_ambiguity_anticipation_fa18ed,Emergent_bounded_clarity_42b09f,0.9002528234810259,180008.34,180538.05,True,False
Emergent_ambiguity_anticipation_fa18ed,Emergent_autonomy_clarity_d6bec2,0.9002528234810259,180008.34,180538.39,True,False
Emergent_ambiguity_anticipation_fa18ed,Emergent_clarity_ethical_4200a4,0.9002524079448975,180008.34,180573.89,True,False
Emergent_ambiguity_anticipation_fa18ed,Emergent_autonomy_belief_revision_81d18f,0.9002447809798066,180008.34,180591.27,True,False
Emergent_ambiguity_anticipation_fa18ed,Emergent_bounded_forgetting_183221,0.9002446154477266,180008.34,180591.61,True,False
Emergent_ambiguity_anticipation_fa18ed,Emergent_clarity_coherence_c2f943,0.9002447095664323,180008.34,180608.89,True,False
Emergent_ambiguity_anticipation_fa18ed,Emergent_clarity_contradiction_79daa8,0.9002503117938798,180008.34,180628.62,True,False
Emergent_ambiguity_anticipation_fa18ed,Emergent_coherence_focused_56ce26,0.9002441256183951,180008.34,180648.01,True,False
Emergent_ambiguity_anticipation_fa18ed,Emergent_bounded_constraint_3b651b,0.900244176234408,180008.34,180648.35,True,False
Emergent_ambiguity_anticipation_fa18ed,Emergent_coherence_emergence_e163d0,0.900258625901972,180008.34,180667.45,True,False
Emergent_ambiguity_anticipation_fa18ed,Emergent_expression_feedback_f1ebfd,0.9002588558952405,180008.34,180683.38,True,False
Emergent_ambiguity_anticipation_fa18ed,Emergent_coherence_emergence_d5f014,0.9002477102185338,180008.34,180701.76,True,False
Emergent_ambiguity_anticipation_fa18ed,Emergent_appears_asymmetry_1f204a,0.9002574470203368,180008.34,180720.91,True,False
Emergent_ambiguity_anticipation_fa18ed,Emergent_carefully_coherence_247f20,0.9002583857683708,180008.34,180756.06,True,False
Emergent_ambiguity_anticipation_fa18ed,Emergent_clarity_energy_08bc8c,0.9002543625625117,180008.34,180775.22,True,False
Emergent_ambiguity_anticipation_fa18ed,Emergent_bounded_clarity_5e89c1,0.900225548027846,180008.34,180834.8,True,False
Emergent_ambiguity_anticipation_fa18ed,Emergent_clarity_consciousness_737602,0.900226376182439,180008.34,180835.14,True,False
Emergent_ambiguity_anticipation_fa18ed,Emergent_belief_revision_consciousness_d079c0,0.9002286750382227,180008.34,180854.35,True,False
Emergent_ambiguity_anticipation_fa18ed,Emergent_bounded_carefully_b7805e,0.9002447152817612,180008.34,180897.93,True,False
Emergent_ambiguity_anticipation_fa18ed,Emergent_bounded_constraint_b19815,0.89965396074557,180008.34,180921.08,True,False
Emergent_ambiguity_anticipation_fa18ed,Emergent_attention_constraint_979430,0.9003467694361962,180008.34,180966.32,True,False
Emergent_ambiguity_anticipation_fa18ed,Emergent_attention_bounded_c919d0,0.9002304541792026,180008.34,180990.26,True,False
Emergent_ambiguity_anticipation_fa18ed,Emergent_bounded_constraint_510885,0.8983987276117837,180008.34,181050.48,True,False
Emergent_ambiguity_anticipation_fa18ed,Emergent_coherence_expression_83ebd2,0.8983759885518945,180008.34,181050.82,True,False
Emergent_ambiguity_anticipation_fa18ed,Emergent_appears_asymmetry_ecd8f7,0.8969928071926769,180008.34,181092.92,True,False
Emergent_ambiguity_anticipation_fa18ed,Emergent_collective_contradiction_7c0dce,0.9010903187115111,180008.34,181235.22,True,False
Emergent_ambiguity_anticipation_fa18ed,Emergent_collective_consciousness_6d91b7,0.9010903187115111,180008.34,181235.56,True,False
Emergent_ambiguity_anticipation_fa18ed,Emergent_collective_contradiction_928680,0.8982125557112681,180008.34,181259.5,True,False
Emergent_ambiguity_anticipation_fa18ed,Emergent_contradiction_emerges_8ffe6e,0.8983526783632694,180008.34,181259.84,True,False
Emergent_ambiguity_anticipation_fa18ed,Emergent_bounded_expression_1485da,0.855672852347831,180008.34,181282.05,True,False
Emergent_ambiguity_anticipation_fa18ed,Emergent_collective_expression_a42f45,0.8565126175693896,180008.34,181282.39,True,False
Emergent_ambiguity_anticipation_fa18ed,Emergent_collective_criticality_1a15a7,0.8992832809768059,180008.34,181354.86,True,False
Emergent_ambiguity_anticipation_fa18ed,Emergent_collective_equilibrium_faa18e,0.899591992655735,180008.34,181355.2,True,False
Emergent_ambiguity_anticipation_fa18ed,Emergent_ethics_expression_330141,0.7349582768725129,180008.34,181379.85,True,False
Emergent_ambiguity_anticipation_fa18ed,Emergent_carefully_contradiction_2a8f1f,0.7402876543766708,180008.34,181398.23,True,False
Emergent_ambiguity_anticipation_fa18ed,Emergent_bounded_clarity_632475,0.9,180008.34,181446.33,True,False
Emergent_abstraction_analogy_a89166,Emergent_abstraction_attention_8ab827,0.9056955695071283,180021.8,180032.88,True,False
Emergent_abstraction_analogy_a89166,Emergent_abstraction_attention_9ebe0c,0.9056955694853559,180021.8,180044.35,True,False
Emergent_abstraction_analogy_a89166,Emergent_boundary_bounded_9cca20,0.9056955694805597,180021.8,180056.14,True,False
Emergent_abstraction_analogy_a89166,Emergent_bounded_chaos_9c4d47,0.9056955694525499,180021.8,180067.85,True,False
Emergent_abstraction_analogy_a89166,Emergent_chaos_complexity_307ec6,0.9056955694527573,180021.8,180068.19,True,False
Emergent_abstraction_analogy_a89166,Emergent_autonomy_coherence_a41799,0.9056955690190291,180021.8,180080.2,True,False
Emergent_abstraction_analogy_a89166,Emergent_chaos_clarity_5e3ad2,0.9056955695080442,180021.8,180093.96,True,False
Emergent_abstraction_analogy_a89166,Emergent_contradiction_ego_dissolution_411bbc,0.9056955695186235,180021.8,180108.19,True,False
Emergent_abstraction_analogy_a89166,Emergent_appears_asymmetry_8ccc17,0.9056955694279429,180021.8,180121.36,True,False
Emergent_abstraction_analogy_a89166,Emergent_appears_asymmetry_8dba4c,0.9056955692983997,180021.8,180135.59,True,False
Emergent_abstraction_analogy_a89166,Emergent_bounded_contradiction_3b8157,0.9056955691133375,180021.8,180149.95,True,False
Emergent_abstraction_analogy_a89166,Emergent_autonomy_belief_revision_43601b,0.9050684030689431,180021.8,180150.29,True,False
Emergent_abstraction_analogy_a89166,Emergent_appears_asymmetry_9e9e75,0.9056955667284552,180021.8,180162.27,True,False
Emergent_abstraction_analogy_a89166,Emergent_appears_asymmetry_07c4dc,0.905695566756848,180021.8,180162.61,True,False
Emergent_abstraction_analogy_a89166,Emergent_contradiction_enforcing_263f3b,0.9056955693968871,180021.8,180177.34,True,False
Emergent_abstraction_analogy_a89166,Emergent_autonomy_belief_revision_03bf54,0.9056955688573476,180021.8,180192.85,True,False
Emergent_abstraction_analogy_a89166,Emergent_appears_asymmetry_055160,0.905695567567935,180021.8,180208.55,True,False
Emergent_abstraction_analogy_a89166,Emergent_clarity_consciousness_caaa75,0.9056955672447968,180021.8,180224.57,True,False
Emergent_abstraction_analogy_a89166,Emergent_clarity_constraint_bf278c,0.9056955672447968,180021.8,180224.91,True,False
Emergent_abstraction_analogy_a89166,Emergent_bounded_carefully_19895d,0.9056955571679723,180021.8,180241.8,True,False
Emergent_abstraction_analogy_a89166,Emergent_contradiction_emerges_7bc60d,0.9056955283638073,180021.8,180258.59,True,False
Emergent_abstraction_analogy_a89166,Emergent_clarity_constraint_7dc6eb,0.9056955409612084,180021.8,180273.54,True,False
Emergent_abstraction_analogy_a89166,Emergent_carefully_clarity_0d7a6f,0.9056955930571715,180021.8,180288.47,True,False
Emergent_abstraction_analogy_a89166,Emergent_carefully_clarity_28ad8a,0.9019283714271411,180021.8,180288.81,True,False
Emergent_abstraction_analogy_a89166,Emergent_bounded_constraint_999cf9,0.9056955854138213,180021.8,180305.05,True,False
Emergent_abstraction_analogy_a89166,Emergent_autonomy_collective_4a8f61,0.9056955854138213,180021.8,180305.39,True,False
Emergent_abstraction_analogy_a89166,Emergent_autonomy_clarity_dc06c1,0.9056955865057283,180021.8,180321.73,True,False
Emergent_abstraction_analogy_a89166,Emergent_consciousness_expression_dc9a81,0.905695577146524,180021.8,180340.06,True,False
Emergent_abstraction_analogy_a89166,Emergent_clarity_criticality_9682fe,0.9056955615478499,180021.8,180357.72,True,False
Emergent_abstraction_analogy_a89166,Emergent_bounded_criticality_680155,0.9056955637762318,180021.8,180374.56,True,False
Emergent_abstraction_analogy_a89166,Emergent_bounded_clarity_50a8e4,0.9056951411632237,180021.8,180444.9,True,False
Emergent_abstraction_analogy_a89166,Emergent_autonomy_coherence_1637ce,0.9056956130754583,180021.8,180463.02,True,False
Emergent_abstraction_analogy_a89166,Emergent_bounded_contradiction_d8e7d7,0.9056947025667021,180021.8,180482.08,True,False
Emergent_abstraction_analogy_a89166,Emergent_autonomy_carefully_dedeae,0.9056957897641047,180021.8,180500.56,True,False
Emergent_abstraction_analogy_a89166,Emergent_clarity_constraint_64b0d3,0.9056956274132366,180021.8,180519.48,True,False
Emergent_abstraction_analogy_a89166,Emergent_bounded_clarity_42b09f,0.905695395483425,180021.8,180538.05,True,False
Emergent_abstraction_analogy_a89166,Emergent_autonomy_clarity_d6bec2,0.905695395483425,180021.8,180538.39,True,False
Emergent_abstraction_analogy_a89166,Emergent_clarity_ethical_4200a4,0.9056949769139113,180021.8,180573.89,True,False
Emergent_abstraction_analogy_a89166,Emergent_autonomy_belief_revision_81d18f,0.9056874332649298,180021.8,180591.27,True,False
Emergent_abstraction_analogy_a89166,Emergent_bounded_forgetting_183221,0.905687261769953,180021.8,180591.61,True,False
Emergent_abstraction_analogy_a89166,Emergent_clarity_coherence_c2f943,0.9056873592790597,180021.8,180608.89,True,False
Emergent_abstraction_analogy_a89166,Emergent_clarity_contradiction_79daa8,0.905693163313342,180021.8,180628.62,True,False
Emergent_abstraction_analogy_a89166,Emergent_coherence_focused_56ce26,0.9056867690017056,180021.8,180648.01,True,False
Emergent_abstraction_analogy_a89166,Emergent_bounded_constraint_3b651b,0.9056868205963717,180021.8,180648.35,True,False
Emergent_abstraction_analogy_a89166,Emergent_coherence_emergence_e163d0,0.9057007910073955,180021.8,180667.45,True,False
Emergent_abstraction_analogy_a89166,Emergent_expression_feedback_f1ebfd,0.9057010210006637,180021.8,180683.38,True,False
Emergent_abstraction_analogy_a89166,Emergent_coherence_emergence_d5f014,0.905690965119891,180021.8,180701.76,True,False
Emergent_abstraction_analogy_a89166,Emergent_appears_asymmetry_1f204a,0.9056990575137638,180021.8,180720.91,True,False
Emergent_abstraction_analogy_a89166,Emergent_carefully_coherence_247f20,0.9055719770809305,180021.8,180756.06,True,False
Emergent_abstraction_analogy_a89166,Emergent_clarity_energy_08bc8c,0.9056959730559384,180021.8,180775.22,True,False
Emergent_abstraction_analogy_a89166,Emergent_bounded_clarity_5e89c1,0.905667116299181,180021.8,180834.8,True,False
Emergent_abstraction_analogy_a89166,Emergent_clarity_consciousness_737602,0.9056679742860612,180021.8,180835.14,True,False
Emergent_abstraction_analogy_a89166,Emergent_belief_revision_consciousness_d079c0,0.9056702855316492,180021.8,180854.35,True,False
Emergent_abstraction_analogy_a89166,Emergent_bounded_carefully_b7805e,0.9056823334091662,180021.8,180897.93,True,False
Emergent_abstraction_analogy_a89166,Emergent_bounded_constraint_b19815,0.9050972643657698,180021.8,180921.08,True,False
Emergent_abstraction_analogy_a89166,Emergent_attention_constraint_979430,0.9057812509148284,180021.8,180966.32,True,False
Emergent_abstraction_analogy_a89166,Emergent_attention_bounded_c919d0,0.9056649356578348,180021.8,180990.26,True,False
Emergent_abstraction_analogy_a89166,Emergent_bounded_constraint_510885,0.9039256751289775,180021.8,181050.48,True,False
Emergent_abstraction_analogy_a89166,Emergent_coherence_expression_83ebd2,0.9039021169488815,180021.8,181050.82,True,False
Emergent_abstraction_analogy_a89166,Emergent_appears_asymmetry_ecd8f7,0.9024691097918396,180021.8,181092.92,True,False
Emergent_abstraction_analogy_a89166,Emergent_collective_contradiction_7c0dce,0.9061180234291755,180021.8,181235.22,True,False
Emergent_abstraction_analogy_a89166,Emergent_collective_consciousness_6d91b7,0.9061180234291755,180021.8,181235.56,True,False
Emergent_abstraction_analogy_a89166,Emergent_collective_contradiction_928680,0.9032255944010479,180021.8,181259.5,True,False
Emergent_abstraction_analogy_a89166,Emergent_contradiction_emerges_8ffe6e,0.9033707646362039,180021.8,181259.84,True,False
Emergent_abstraction_analogy_a89166,Emergent_bounded_expression_1485da,0.8564282537653867,180021.8,181282.05,True,False
Emergent_abstraction_analogy_a89166,Emergent_collective_expression_a42f45,0.8626934706847176,180021.8,181282.39,True,False
Emergent_abstraction_analogy_a89166,Emergent_collective_criticality_1a15a7,0.9021861007980934,180021.8,181354.86,True,False
Emergent_abstraction_analogy_a89166,Emergent_collective_equilibrium_faa18e,0.9025059330763552,180021.8,181355.2,True,False
Emergent_abstraction_analogy_a89166,Emergent_ethics_expression_330141,0.7432022648218761,180021.8,181379.85,True,False
Emergent_abstraction_analogy_a89166,Emergent_carefully_contradiction_2a8f1f,0.7486402564791523,180021.8,181398.23,True,False
Emergent_abstraction_analogy_a89166,Emergent_bounded_clarity_632475,0.9,180021.8,181446.33,True,False
Emergent_abstraction_attention_8ab827,Emergent_abstraction_attention_9ebe0c,0.9071923620383451,180032.88,180044.35,True,False
Emergent_abstraction_attention_8ab827,Emergent_boundary_bounded_9cca20,0.9114661668942834,180032.88,180056.14,True,False
Emergent_abstraction_attention_8ab827,Emergent_bounded_chaos_9c4d47,0.9114661668662107,180032.88,180067.85,True,False
Emergent_abstraction_attention_8ab827,Emergent_chaos_complexity_307ec6,0.9114661668664259,180032.88,180068.19,True,False
Emergent_abstraction_attention_8ab827,Emergent_autonomy_coherence_a41799,0.9114661664512584,180032.88,180080.2,True,False
Emergent_abstraction_attention_8ab827,Emergent_chaos_clarity_5e3ad2,0.9114661669117385,180032.88,180093.96,True,False
Emergent_abstraction_attention_8ab827,Emergent_contradiction_ego_dissolution_411bbc,0.9114661669223176,180032.88,180108.19,True,False
Emergent_abstraction_attention_8ab827,Emergent_appears_asymmetry_8ccc17,0.9114661668316373,180032.88,180121.36,True,False
Emergent_abstraction_attention_8ab827,Emergent_appears_asymmetry_8dba4c,0.9114661667020938,180032.88,180135.59,True,False
Emergent_abstraction_attention_8ab827,Emergent_bounded_contradiction_3b8157,0.9114661665170318,180032.88,180149.95,True,False
Emergent_abstraction_attention_8ab827,Emergent_autonomy_belief_revision_43601b,0.9050684030689431,180032.88,180150.29,True,False
Emergent_abstraction_attention_8ab827,Emergent_appears_asymmetry_9e9e75,0.9114661642490716,180032.88,180162.27,True,False
Emergent_abstraction_attention_8ab827,Emergent_appears_asymmetry_07c4dc,0.9114661642783415,180032.88,180162.61,True,False
Emergent_abstraction_attention_8ab827,Emergent_contradiction_enforcing_263f3b,0.9114661667372412,180032.88,180177.34,True,False
Emergent_abstraction_attention_8ab827,Emergent_autonomy_belief_revision_03bf54,0.9114661661977017,180032.88,180192.85,True,False
Emergent_abstraction_attention_8ab827,Emergent_appears_asymmetry_055160,0.9114661654269309,180032.88,180208.55,True,False
Emergent_abstraction_attention_8ab827,Emergent_clarity_consciousness_caaa75,0.9084522254621201,180032.88,180224.57,True,False
Emergent_abstraction_attention_8ab827,Emergent_clarity_constraint_bf278c,0.9114661643258299,180032.88,180224.91,True,False
Emergent_abstraction_attention_8ab827,Emergent_bounded_carefully_19895d,0.9114661550952978,180032.88,180241.8,True,False
Emergent_abstraction_attention_8ab827,Emergent_contradiction_emerges_7bc60d,0.9114661252292529,180032.88,180258.59,True,False
Emergent_abstraction_attention_8ab827,Emergent_clarity_constraint_7dc6eb,0.9102567349566191,180032.88,180273.54,True,False
Emergent_abstraction_attention_8ab827,Emergent_carefully_clarity_0d7a6f,0.911466188926259,180032.88,180288.47,True,False
Emergent_abstraction_attention_8ab827,Emergent_carefully_clarity_28ad8a,0.9019283714271411,180032.88,180288.81,True,False
Emergent_abstraction_attention_8ab827,Emergent_bounded_constraint_999cf9,0.9109060595606568,180032.88,180305.05,True,False
Emergent_abstraction_attention_8ab827,Emergent_autonomy_collective_4a8f61,0.9114661812829086,180032.88,180305.39,True,False
Emergent_abstraction_attention_8ab827,Emergent_autonomy_clarity_dc06c1,0.9114661823748158,180032.88,180321.73,True,False
Emergent_abstraction_attention_8ab827,Emergent_consciousness_expression_dc9a81,0.9114661730156113,180032.88,180340.06,True,False
Emergent_abstraction_attention_8ab827,Emergent_clarity_criticality_9682fe,0.9114661574169372,180032.88,180357.72,True,False
Emergent_abstraction_attention_8ab827,Emergent_bounded_criticality_680155,0.9112128278369174,180032.88,180374.56,True,False
Emergent_abstraction_attention_8ab827,Emergent_bounded_clarity_50a8e4,0.9114657465695504,180032.88,180444.9,True,False
Emergent_abstraction_attention_8ab827,Emergent_autonomy_coherence_1637ce,0.9114661945501958,180032.88,180463.02,True,False
Emergent_abstraction_attention_8ab827,Emergent_bounded_contradiction_d8e7d7,0.9114653128086763,180032.88,180482.08,True,False
Emergent_abstraction_attention_8ab827,Emergent_autonomy_carefully_dedeae,0.9114663555476663,180032.88,180500.56,True,False
Emergent_abstraction_attention_8ab827,Emergent_clarity_constraint_64b0d3,0.9114661931967982,180032.88,180519.48,True,False
Emergent_abstraction_attention_8ab827,Emergent_bounded_clarity_42b09f,0.9114659612669866,180032.88,180538.05,True,False
Emergent_abstraction_attention_8ab827,Emergent_autonomy_clarity_d6bec2,0.910218446564609,180032.88,180538.39,True,False
Emergent_abstraction_attention_8ab827,Emergent_clarity_ethical_4200a4,0.9114655394812821,180032.88,180573.89,True,False
Emergent_abstraction_attention_8ab827,Emergent_autonomy_belief_revision_81d18f,0.9114580841694122,180032.88,180591.27,True,False
Emergent_abstraction_attention_8ab827,Emergent_bounded_forgetting_183221,0.9114579063521875,180032.88,180591.61,True,False
Emergent_abstraction_attention_8ab827,Emergent_clarity_coherence_c2f943,0.9114580074560161,180032.88,180608.89,True,False
Emergent_abstraction_attention_8ab827,Emergent_clarity_contradiction_79daa8,0.9114640254589175,180032.88,180628.62,True,False
Emergent_abstraction_attention_8ab827,Emergent_coherence_focused_56ce26,0.9114574104679123,180032.88,180648.01,True,False
Emergent_abstraction_attention_8ab827,Emergent_bounded_constraint_3b651b,0.9114574631002095,180032.88,180648.35,True,False
Emergent_abstraction_attention_8ab827,Emergent_coherence_emergence_e163d0,0.9062622613170954,180032.88,180667.45,True,False
Emergent_abstraction_attention_8ab827,Emergent_expression_feedback_f1ebfd,0.9114711553658141,180032.88,180683.38,True,False
Emergent_abstraction_attention_8ab827,Emergent_coherence_emergence_d5f014,0.9114622549569626,180032.88,180701.76,True,False
Emergent_abstraction_attention_8ab827,Emergent_appears_asymmetry_1f204a,0.9114686038435129,180032.88,180720.91,True,False
Emergent_abstraction_attention_8ab827,Emergent_carefully_coherence_247f20,0.9055719770809305,180032.88,180756.06,True,False
Emergent_abstraction_attention_8ab827,Emergent_clarity_energy_08bc8c,0.9114655193856878,180032.88,180775.22,True,False
Emergent_abstraction_attention_8ab827,Emergent_bounded_clarity_5e89c1,0.9077227461579827,180032.88,180834.8,True,False
Emergent_abstraction_attention_8ab827,Emergent_clarity_consciousness_737602,0.9114375074793406,180032.88,180835.14,True,False
Emergent_abstraction_attention_8ab827,Emergent_belief_revision_consciousness_d079c0,0.9114398318613985,180032.88,180854.35,True,False
Emergent_abstraction_attention_8ab827,Emergent_bounded_carefully_b7805e,0.9114476467750241,180032.88,180897.93,True,False
Emergent_abstraction_attention_8ab827,Emergent_bounded_constraint_b19815,0.907090198225311,180032.88,180921.08,True,False
Emergent_abstraction_attention_8ab827,Emergent_attention_constraint_979430,0.9115432386034013,180032.88,180966.32,True,False
Emergent_abstraction_attention_8ab827,Emergent_attention_bounded_c919d0,0.9114269233464076,180032.88,180990.26,True,False
Emergent_abstraction_attention_8ab827,Emergent_bounded_constraint_510885,0.9097857012740058,180032.88,181050.48,True,False
Emergent_abstraction_attention_8ab827,Emergent_coherence_expression_83ebd2,0.9097612746098487,180032.88,181050.82,True,False
Emergent_abstraction_attention_8ab827,Emergent_appears_asymmetry_ecd8f7,0.9082754389290983,180032.88,181092.92,True,False
Emergent_abstraction_attention_8ab827,Emergent_collective_contradiction_7c0dce,0.9114487201660886,180032.88,181235.22,True,False
Emergent_abstraction_attention_8ab827,Emergent_collective_consciousness_6d91b7,0.9098634769285068,180032.88,181235.56,True,False
Emergent_abstraction_attention_8ab827,Emergent_collective_contradiction_928680,0.9036001313377919,180032.88,181259.5,True,False
Emergent_abstraction_attention_8ab827,Emergent_contradiction_emerges_8ffe6e,0.9086912632778008,180032.88,181259.84,True,False
Emergent_abstraction_attention_8ab827,Emergent_bounded_expression_1485da,0.8564282537653867,180032.88,181282.05,True,False
Emergent_abstraction_attention_8ab827,Emergent_collective_expression_a42f45,0.8687138068131715,180032.88,181282.39,True,False
Emergent_abstraction_attention_8ab827,Emergent_collective_criticality_1a15a7,0.9052638575515517,180032.88,181354.86,True,False
Emergent_abstraction_attention_8ab827,Emergent_collective_equilibrium_faa18e,0.9055954806063018,180032.88,181355.2,True,False
Emergent_abstraction_attention_8ab827,Emergent_ethics_expression_330141,0.7519430724326379,180032.88,181379.85,True,False
Emergent_abstraction_attention_8ab827,Emergent_carefully_contradiction_2a8f1f,0.757496223818682,180032.88,181398.23,True,False
Emergent_abstraction_attention_8ab827,Emergent_bounded_clarity_632475,0.9,180032.88,181446.33,True,False
Emergent_abstraction_attention_9ebe0c,Emergent_boundary_bounded_9cca20,0.9071923620335487,180044.35,180056.14,True,False
Emergent_abstraction_attention_9ebe0c,Emergent_bounded_chaos_9c4d47,0.9071923620055224,180044.35,180067.85,True,False
Emergent_abstraction_attention_9ebe0c,Emergent_chaos_complexity_307ec6,0.9071923620057321,180044.35,180068.19,True,False
Emergent_abstraction_attention_9ebe0c,Emergent_autonomy_coherence_a41799,0.9071923615768183,180044.35,180080.2,True,False
Emergent_abstraction_attention_9ebe0c,Emergent_chaos_clarity_5e3ad2,0.9071923620584315,180044.35,180093.96,True,False
Emergent_abstraction_attention_9ebe0c,Emergent_contradiction_ego_dissolution_411bbc,0.9071923620690108,180044.35,180108.19,True,False
Emergent_abstraction_attention_9ebe0c,Emergent_appears_asymmetry_8ccc17,0.9071923619783306,180044.35,180121.36,True,False
Emergent_abstraction_attention_9ebe0c,Emergent_appears_asymmetry_8dba4c,0.9071923618487869,180044.35,180135.59,True,False
Emergent_abstraction_attention_9ebe0c,Emergent_bounded_contradiction_3b8157,0.907192361663725,180044.35,180149.95,True,False
Emergent_abstraction_attention_9ebe0c,Emergent_autonomy_belief_revision_43601b,0.9050684030689431,180044.35,180150.29,True,False
Emergent_abstraction_attention_9ebe0c,Emergent_appears_asymmetry_9e9e75,0.9071923593091704,180044.35,180162.27,True,False
Emergent_abstraction_attention_9ebe0c,Emergent_appears_asymmetry_07c4dc,0.9071923593377906,180044.35,180162.61,True,False
Emergent_abstraction_attention_9ebe0c,Emergent_contradiction_enforcing_263f3b,0.9071923619308453,180044.35,180177.34,True,False
Emergent_abstraction_attention_9ebe0c,Emergent_autonomy_belief_revision_03bf54,0.9071923613913058,180044.35,180192.85,True,False
Emergent_abstraction_attention_9ebe0c,Emergent_appears_asymmetry_055160,0.9071923602443399,180044.35,180208.55,True,False
Emergent_abstraction_attention_9ebe0c,Emergent_clarity_consciousness_caaa75,0.9071923597075313,180044.35,180224.57,True,False
Emergent_abstraction_attention_9ebe0c,Emergent_clarity_constraint_bf278c,0.9071923597075313,180044.35,180224.91,True,False
Emergent_abstraction_attention_9ebe0c,Emergent_bounded_carefully_19895d,0.9071923498502206,180044.35,180241.8,True,False
Emergent_abstraction_attention_9ebe0c,Emergent_contradiction_emerges_7bc60d,0.9071923207706223,180044.35,180258.59,True,False
Emergent_abstraction_attention_9ebe0c,Emergent_clarity_constraint_7dc6eb,0.9071923335028802,180044.35,180273.54,True,False
Emergent_abstraction_attention_9ebe0c,Emergent_carefully_clarity_0d7a6f,0.9071923852055486,180044.35,180288.47,True,False
Emergent_abstraction_attention_9ebe0c,Emergent_carefully_clarity_28ad8a,0.9019283714271411,180044.35,180288.81,True,False
Emergent_abstraction_attention_9ebe0c,Emergent_bounded_constraint_999cf9,0.9071923775621982,180044.35,180305.05,True,False
Emergent_abstraction_attention_9ebe0c,Emergent_autonomy_collective_4a8f61,0.9071923775621982,180044.35,180305.39,True,False
Emergent_abstraction_attention_9ebe0c,Emergent_autonomy_clarity_dc06c1,0.9071923786541054,180044.35,180321.73,True,False
Emergent_abstraction_attention_9ebe0c,Emergent_consciousness_expression_dc9a81,0.9071923692949011,180044.35,180340.06,True,False
Emergent_abstraction_attention_9ebe0c,Emergent_clarity_criticality_9682fe,0.907192353696227,180044.35,180357.72,True,False
Emergent_abstraction_attention_9ebe0c,Emergent_bounded_criticality_680155,0.9071923559246089,180044.35,180374.56,True,False
Emergent_abstraction_attention_9ebe0c,Emergent_bounded_clarity_50a8e4,0.9071919357853948,180044.35,180444.9,True,False
Emergent_abstraction_attention_9ebe0c,Emergent_autonomy_coherence_1637ce,0.9071924014901915,180044.35,180463.02,True,False
Emergent_abstraction_attention_9ebe0c,Emergent_bounded_contradiction_d8e7d7,0.9071914984431559,180044.35,180482.08,True,False
Emergent_abstraction_attention_9ebe0c,Emergent_autonomy_carefully_dedeae,0.90719257410882,180044.35,180500.56,True,False
Emergent_abstraction_attention_9ebe0c,Emergent_clarity_constraint_64b0d3,0.9071924117579517,180044.35,180519.48,True,False
Emergent_abstraction_attention_9ebe0c,Emergent_bounded_clarity_42b09f,0.9071921798281402,180044.35,180538.05,True,False
Emergent_abstraction_attention_9ebe0c,Emergent_autonomy_clarity_d6bec2,0.9071921798281402,180044.35,180538.39,True,False
Emergent_abstraction_attention_9ebe0c,Emergent_clarity_ethical_4200a4,0.9071917604244026,180044.35,180573.89,True,False
Emergent_abstraction_attention_9ebe0c,Emergent_autonomy_belief_revision_81d18f,0.9071842396885308,180044.35,180591.27,True,False
Emergent_abstraction_attention_9ebe0c,Emergent_bounded_forgetting_183221,0.9071840665536726,180044.35,180591.61,True,False
Emergent_abstraction_attention_9ebe0c,Emergent_clarity_coherence_c2f943,0.9071841649951877,180044.35,180608.89,True,False
Emergent_abstraction_attention_9ebe0c,Emergent_clarity_contradiction_79daa8,0.9071900245292064,180044.35,180628.62,True,False
Emergent_abstraction_attention_9ebe0c,Emergent_coherence_focused_56ce26,0.9071835729771818,180044.35,180648.01,True,False
Emergent_abstraction_attention_9ebe0c,Emergent_bounded_constraint_3b651b,0.9071836248409915,180044.35,180648.35,True,False
Emergent_abstraction_attention_9ebe0c,Emergent_coherence_emergence_e163d0,0.9062622613170954,180044.35,180667.45,True,False
Emergent_abstraction_attention_9ebe0c,Emergent_expression_feedback_f1ebfd,0.9071976934429506,180044.35,180683.38,True,False
Emergent_abstraction_attention_9ebe0c,Emergent_coherence_emergence_d5f014,0.9071879372714866,180044.35,180701.76,True,False
Emergent_abstraction_attention_9ebe0c,Emergent_appears_asymmetry_1f204a,0.9071955774299005,180044.35,180720.91,True,False
Emergent_abstraction_attention_9ebe0c,Emergent_carefully_coherence_247f20,0.9055719770809305,180044.35,180756.06,True,False
Emergent_abstraction_attention_9ebe0c,Emergent_clarity_energy_08bc8c,0.9071924929720754,180044.35,180775.22,True,False
Emergent_abstraction_attention_9ebe0c,Emergent_bounded_clarity_5e89c1,0.907163624603645,180044.35,180834.8,True,False
Emergent_abstraction_attention_9ebe0c,Emergent_clarity_consciousness_737602,0.9071644907948262,180044.35,180835.14,True,False
Emergent_abstraction_attention_9ebe0c,Emergent_belief_revision_consciousness_d079c0,0.9071668054477862,180044.35,180854.35,True,False
Emergent_abstraction_attention_9ebe0c,Emergent_bounded_carefully_b7805e,0.9071777553681317,180044.35,180897.93,True,False
Emergent_abstraction_attention_9ebe0c,Emergent_bounded_constraint_b19815,0.9065942499157369,180044.35,180921.08,True,False
Emergent_abstraction_attention_9ebe0c,Emergent_attention_constraint_979430,0.9072758102509799,180044.35,180966.32,True,False
Emergent_abstraction_attention_9ebe0c,Emergent_attention_bounded_c919d0,0.9071594949939861,180044.35,180990.26,True,False
Emergent_abstraction_attention_9ebe0c,Emergent_bounded_constraint_510885,0.9054456639346655,180044.35,181050.48,True,False
Emergent_abstraction_attention_9ebe0c,Emergent_coherence_expression_83ebd2,0.9054218804849175,180044.35,181050.82,True,False
Emergent_abstraction_attention_9ebe0c,Emergent_appears_asymmetry_ecd8f7,0.9039751705281491,180044.35,181092.92,True,False
Emergent_abstraction_attention_9ebe0c,Emergent_collective_contradiction_7c0dce,0.9075007133978028,180044.35,181235.22,True,False
Emergent_abstraction_attention_9ebe0c,Emergent_collective_consciousness_6d91b7,0.9075007133978028,180044.35,181235.56,True,False
Emergent_abstraction_attention_9ebe0c,Emergent_collective_contradiction_928680,0.9036001313377919,180044.35,181259.5,True,False
Emergent_abstraction_attention_9ebe0c,Emergent_contradiction_emerges_8ffe6e,0.9047508093963741,180044.35,181259.84,True,False
Emergent_abstraction_attention_9ebe0c,Emergent_bounded_expression_1485da,0.8564282537653867,180044.35,181282.05,True,False
Emergent_abstraction_attention_9ebe0c,Emergent_collective_expression_a42f45,0.8643932927864608,180044.35,181282.39,True,False
Emergent_abstraction_attention_9ebe0c,Emergent_collective_criticality_1a15a7,0.9029844173407349,180044.35,181354.86,True,False
Emergent_abstraction_attention_9ebe0c,Emergent_collective_equilibrium_faa18e,0.9033073079412341,180044.35,181355.2,True,False
Emergent_abstraction_attention_9ebe0c,Emergent_ethics_expression_330141,0.7454694782083391,180044.35,181379.85,True,False
Emergent_abstraction_attention_9ebe0c,Emergent_carefully_contradiction_2a8f1f,0.7509373402952451,180044.35,181398.23,True,False
Emergent_abstraction_attention_9ebe0c,Emergent_bounded_clarity_632475,0.9,180044.35,181446.33,True,False
Emergent_boundary_bounded_9cca20,Emergent_bounded_chaos_9c4d47,0.9142690944142489,180056.14,180067.85,True,False
Emergent_boundary_bounded_9cca20,Emergent_chaos_complexity_307ec6,0.9142690944144678,180056.14,180068.19,True,False
Emergent_boundary_bounded_9cca20,Emergent_autonomy_coherence_a41799,0.914269094085687,180056.14,180080.2,True,False
Emergent_boundary_bounded_9cca20,Emergent_chaos_clarity_5e3ad2,0.9142690945323064,180056.14,180093.96,True,False
Emergent_boundary_bounded_9cca20,Emergent_contradiction_ego_dissolution_411bbc,0.914269094542886,180056.14,180108.19,True,False
Emergent_boundary_bounded_9cca20,Emergent_appears_asymmetry_8ccc17,0.9142690944522054,180056.14,180121.36,True,False
Emergent_boundary_bounded_9cca20,Emergent_appears_asymmetry_8dba4c,0.9142690943226621,180056.14,180135.59,True,False
Emergent_boundary_bounded_9cca20,Emergent_bounded_contradiction_3b8157,0.9142690941375999,180056.14,180149.95,True,False
Emergent_boundary_bounded_9cca20,Emergent_autonomy_belief_revision_43601b,0.9050684030689431,180056.14,180150.29,True,False
Emergent_boundary_bounded_9cca20,Emergent_appears_asymmetry_9e9e75,0.9142690919264318,180056.14,180162.27,True,False
Emergent_boundary_bounded_9cca20,Emergent_appears_asymmetry_07c4dc,0.9142690919561276,180056.14,180162.61,True,False
Emergent_boundary_bounded_9cca20,Emergent_contradiction_enforcing_263f3b,0.9132224792708816,180056.14,180177.34,True,False
Emergent_boundary_bounded_9cca20,Emergent_autonomy_belief_revision_03bf54,0.914269093787504,180056.14,180192.85,True,False
Emergent_boundary_bounded_9cca20,Emergent_appears_asymmetry_055160,0.91320464241973,180056.14,180208.55,True,False
Emergent_boundary_bounded_9cca20,Emergent_clarity_consciousness_caaa75,0.9084522254621201,180056.14,180224.57,True,False
Emergent_boundary_bounded_9cca20,Emergent_clarity_constraint_bf278c,0.914269091915632,180056.14,180224.91,True,False
Emergent_boundary_bounded_9cca20,Emergent_bounded_carefully_19895d,0.9120658109061701,180056.14,180241.8,True,False
Emergent_boundary_bounded_9cca20,Emergent_contradiction_emerges_7bc60d,0.913552419492236,180056.14,180258.59,True,False
Emergent_boundary_bounded_9cca20,Emergent_clarity_constraint_7dc6eb,0.9102567349566191,180056.14,180273.54,True,False
Emergent_boundary_bounded_9cca20,Emergent_carefully_clarity_0d7a6f,0.9118988891910986,180056.14,180288.47,True,False
Emergent_boundary_bounded_9cca20,Emergent_carefully_clarity_28ad8a,0.9019283714271411,180056.14,180288.81,True,False
Emergent_boundary_bounded_9cca20,Emergent_bounded_constraint_999cf9,0.9109060595606568,180056.14,180305.05,True,False
Emergent_boundary_bounded_9cca20,Emergent_autonomy_collective_4a8f61,0.9126042404438517,180056.14,180305.39,True,False
Emergent_boundary_bounded_9cca20,Emergent_autonomy_clarity_dc06c1,0.9142691093759447,180056.14,180321.73,True,False
Emergent_boundary_bounded_9cca20,Emergent_consciousness_expression_dc9a81,0.9132688208002342,180056.14,180340.06,True,False
Emergent_boundary_bounded_9cca20,Emergent_clarity_criticality_9682fe,0.9142690844180661,180056.14,180357.72,True,False
Emergent_boundary_bounded_9cca20,Emergent_bounded_criticality_680155,0.9112128278369174,180056.14,180374.56,True,False
Emergent_boundary_bounded_9cca20,Emergent_bounded_clarity_50a8e4,0.912233136311188,180056.14,180444.9,True,False
Emergent_boundary_bounded_9cca20,Emergent_autonomy_coherence_1637ce,0.914269114559618,180056.14,180463.02,True,False
Emergent_boundary_bounded_9cca20,Emergent_bounded_contradiction_d8e7d7,0.9142682467910863,180056.14,180482.08,True,False
Emergent_boundary_bounded_9cca20,Emergent_autonomy_carefully_dedeae,0.9142692679354809,180056.14,180500.56,True,False
Emergent_boundary_bounded_9cca20,Emergent_clarity_constraint_64b0d3,0.9142691055846126,180056.14,180519.48,True,False
Emergent_boundary_bounded_9cca20,Emergent_bounded_clarity_42b09f,0.914268873654801,180056.14,180538.05,True,False
Emergent_boundary_bounded_9cca20,Emergent_autonomy_clarity_d6bec2,0.910218446564609,180056.14,180538.39,True,False
Emergent_boundary_bounded_9cca20,Emergent_clarity_ethical_4200a4,0.9142684503069098,180056.14,180573.89,True,False
Emergent_boundary_bounded_9cca20,Emergent_autonomy_belief_revision_81d18f,0.9142610379026497,180056.14,180591.27,True,False
Emergent_boundary_bounded_9cca20,Emergent_bounded_forgetting_183221,0.9142608570145461,180056.14,180591.61,True,False
Emergent_boundary_bounded_9cca20,Emergent_clarity_coherence_c2f943,0.914260959864424,180056.14,180608.89,True,False
Emergent_boundary_bounded_9cca20,Emergent_clarity_contradiction_79daa8,0.9142670817973932,180056.14,180628.62,True,False
Emergent_boundary_bounded_9cca20,Emergent_coherence_focused_56ce26,0.912279659236511,180056.14,180648.01,True,False
Emergent_boundary_bounded_9cca20,Emergent_bounded_constraint_3b651b,0.9142604127530376,180056.14,180648.35,True,False
Emergent_boundary_bounded_9cca20,Emergent_coherence_emergence_e163d0,0.9062622613170954,180056.14,180667.45,True,False
Emergent_boundary_bounded_9cca20,Emergent_expression_feedback_f1ebfd,0.9142738582025975,180056.14,180683.38,True,False
Emergent_boundary_bounded_9cca20,Emergent_coherence_emergence_d5f014,0.9142655190362103,180056.14,180701.76,True,False
Emergent_boundary_bounded_9cca20,Emergent_appears_asymmetry_1f204a,0.9142710210563607,180056.14,180720.91,True,False
Emergent_boundary_bounded_9cca20,Emergent_carefully_coherence_247f20,0.9055719770809305,180056.14,180756.06,True,False
Emergent_boundary_bounded_9cca20,Emergent_clarity_energy_08bc8c,0.9142679365985356,180056.14,180775.22,True,False
Emergent_boundary_bounded_9cca20,Emergent_bounded_clarity_5e89c1,0.9077227461579827,180056.14,180834.8,True,False
Emergent_boundary_bounded_9cca20,Emergent_clarity_consciousness_737602,0.9142399183114667,180056.14,180835.14,True,False
Emergent_boundary_bounded_9cca20,Emergent_belief_revision_consciousness_d079c0,0.9142422490742463,180056.14,180854.35,True,False
Emergent_boundary_bounded_9cca20,Emergent_bounded_carefully_b7805e,0.9141884277970074,180056.14,180897.93,True,False
Emergent_boundary_bounded_9cca20,Emergent_bounded_constraint_b19815,0.907090198225311,180056.14,180921.08,True,False
Emergent_boundary_bounded_9cca20,Emergent_attention_constraint_979430,0.9143419843896015,180056.14,180966.32,True,False
Emergent_boundary_bounded_9cca20,Emergent_attention_bounded_c919d0,0.9142256691326078,180056.14,180990.26,True,False
Emergent_boundary_bounded_9cca20,Emergent_bounded_constraint_510885,0.9126320668629062,180056.14,181050.48,True,False
Emergent_boundary_bounded_9cca20,Emergent_coherence_expression_83ebd2,0.9126072183536778,180056.14,181050.82,True,False
Emergent_boundary_bounded_9cca20,Emergent_appears_asymmetry_ecd8f7,0.9110957224986767,180056.14,181092.92,True,False
Emergent_boundary_bounded_9cca20,Emergent_collective_contradiction_7c0dce,0.9121212616177137,180056.14,181235.22,True,False
Emergent_boundary_bounded_9cca20,Emergent_collective_consciousness_6d91b7,0.9098634769285068,180056.14,181235.56,True,False
Emergent_boundary_bounded_9cca20,Emergent_collective_contradiction_928680,0.9036001313377919,180056.14,181259.5,True,False
Emergent_boundary_bounded_9cca20,Emergent_contradiction_emerges_8ffe6e,0.9112755664659498,180056.14,181259.84,True,False
Emergent_boundary_bounded_9cca20,Emergent_bounded_expression_1485da,0.8564282537653867,180056.14,181282.05,True,False
Emergent_boundary_bounded_9cca20,Emergent_collective_expression_a42f45,0.8687138068131715,180056.14,181282.39,True,False
Emergent_boundary_bounded_9cca20,Emergent_collective_criticality_1a15a7,0.9067588032560998,180056.14,181354.86,True,False
Emergent_boundary_bounded_9cca20,Emergent_collective_equilibrium_faa18e,0.907096153394592,180056.14,181355.2,True,False
Emergent_boundary_bounded_9cca20,Emergent_ethics_expression_330141,0.7559491950848662,180056.14,181379.85,True,False
Emergent_boundary_bounded_9cca20,Emergent_carefully_contradiction_2a8f1f,0.76179779518847,180056.14,181398.23,True,False
Emergent_boundary_bounded_9cca20,Emergent_bounded_clarity_632475,0.9,180056.14,181446.33,True,False
Emergent_bounded_chaos_9c4d47,Emergent_chaos_complexity_307ec6,0.9174554793065137,180067.85,180068.19,True,False
Emergent_bounded_chaos_9c4d47,Emergent_autonomy_coherence_a41799,0.9174554790100167,180067.85,180080.2,True,False
Emergent_bounded_chaos_9c4d47,Emergent_chaos_clarity_5e3ad2,0.9174554794469827,180067.85,180093.96,True,False
Emergent_bounded_chaos_9c4d47,Emergent_contradiction_ego_dissolution_411bbc,0.9167480382967526,180067.85,180108.19,True,False
Emergent_bounded_chaos_9c4d47,Emergent_appears_asymmetry_8ccc17,0.9168439099698571,180067.85,180121.36,True,False
Emergent_bounded_chaos_9c4d47,Emergent_appears_asymmetry_8dba4c,0.9174554792373382,180067.85,180135.59,True,False
Emergent_bounded_chaos_9c4d47,Emergent_bounded_contradiction_3b8157,0.917455479052276,180067.85,180149.95,True,False
Emergent_bounded_chaos_9c4d47,Emergent_autonomy_belief_revision_43601b,0.9050684030689431,180067.85,180150.29,True,False
Emergent_bounded_chaos_9c4d47,Emergent_appears_asymmetry_9e9e75,0.915807939165471,180067.85,180162.27,True,False
Emergent_bounded_chaos_9c4d47,Emergent_appears_asymmetry_07c4dc,0.9174554769358496,180067.85,180162.61,True,False
Emergent_bounded_chaos_9c4d47,Emergent_contradiction_enforcing_263f3b,0.9132224792708816,180067.85,180177.34,True,False
Emergent_bounded_chaos_9c4d47,Emergent_autonomy_belief_revision_03bf54,0.917310175714481,180067.85,180192.85,True,False
Emergent_bounded_chaos_9c4d47,Emergent_appears_asymmetry_055160,0.91320464241973,180067.85,180208.55,True,False
Emergent_bounded_chaos_9c4d47,Emergent_clarity_consciousness_caaa75,0.9084522254621201,180067.85,180224.57,True,False
Emergent_bounded_chaos_9c4d47,Emergent_clarity_constraint_bf278c,0.9155663066487798,180067.85,180224.91,True,False
Emergent_bounded_chaos_9c4d47,Emergent_bounded_carefully_19895d,0.9120658109061701,180067.85,180241.8,True,False
Emergent_bounded_chaos_9c4d47,Emergent_contradiction_emerges_7bc60d,0.913552419492236,180067.85,180258.59,True,False
Emergent_bounded_chaos_9c4d47,Emergent_clarity_constraint_7dc6eb,0.9102567349566191,180067.85,180273.54,True,False
Emergent_bounded_chaos_9c4d47,Emergent_carefully_clarity_0d7a6f,0.9118988891910986,180067.85,180288.47,True,False
Emergent_bounded_chaos_9c4d47,Emergent_carefully_clarity_28ad8a,0.9019283714271411,180067.85,180288.81,True,False
Emergent_bounded_chaos_9c4d47,Emergent_bounded_constraint_999cf9,0.9109060595606568,180067.85,180305.05,True,False
Emergent_bounded_chaos_9c4d47,Emergent_autonomy_collective_4a8f61,0.9126042404438517,180067.85,180305.39,True,False
Emergent_bounded_chaos_9c4d47,Emergent_autonomy_clarity_dc06c1,0.9143415777728972,180067.85,180321.73,True,False
Emergent_bounded_chaos_9c4d47,Emergent_consciousness_expression_dc9a81,0.9132688208002342,180067.85,180340.06,True,False
Emergent_bounded_chaos_9c4d47,Emergent_clarity_criticality_9682fe,0.9174554686285601,180067.85,180357.72,True,False
Emergent_bounded_chaos_9c4d47,Emergent_bounded_criticality_680155,0.9112128278369174,180067.85,180374.56,True,False
Emergent_bounded_chaos_9c4d47,Emergent_bounded_clarity_50a8e4,0.912233136311188,180067.85,180444.9,True,False
Emergent_bounded_chaos_9c4d47,Emergent_autonomy_coherence_1637ce,0.9174554908218981,180067.85,180463.02,True,False
Emergent_bounded_chaos_9c4d47,Emergent_bounded_contradiction_d8e7d7,0.9166421467263515,180067.85,180482.08,True,False
Emergent_bounded_chaos_9c4d47,Emergent_autonomy_carefully_dedeae,0.9161336064626988,180067.85,180500.56,True,False
Emergent_bounded_chaos_9c4d47,Emergent_clarity_constraint_64b0d3,0.9163734550830311,180067.85,180519.48,True,False
Emergent_bounded_chaos_9c4d47,Emergent_bounded_clarity_42b09f,0.9174552412527914,180067.85,180538.05,True,False
Emergent_bounded_chaos_9c4d47,Emergent_autonomy_clarity_d6bec2,0.910218446564609,180067.85,180538.39,True,False
Emergent_bounded_chaos_9c4d47,Emergent_clarity_ethical_4200a4,0.917454816128997,180067.85,180573.89,True,False
Emergent_bounded_chaos_9c4d47,Emergent_autonomy_belief_revision_81d18f,0.9174474525023648,180067.85,180591.27,True,False
Emergent_bounded_chaos_9c4d47,Emergent_bounded_forgetting_183221,0.9146238992124625,180067.85,180591.61,True,False
Emergent_bounded_chaos_9c4d47,Emergent_clarity_coherence_c2f943,0.9160132654722779,180067.85,180608.89,True,False
Emergent_bounded_chaos_9c4d47,Emergent_clarity_contradiction_79daa8,0.917453613039358,180067.85,180628.62,True,False
Emergent_bounded_chaos_9c4d47,Emergent_coherence_focused_56ce26,0.912279659236511,180067.85,180648.01,True,False
Emergent_bounded_chaos_9c4d47,Emergent_bounded_constraint_3b651b,0.9157265566323414,180067.85,180648.35,True,False
Emergent_bounded_chaos_9c4d47,Emergent_coherence_emergence_e163d0,0.9062622613170954,180067.85,180667.45,True,False
Emergent_bounded_chaos_9c4d47,Emergent_expression_feedback_f1ebfd,0.9174599875817202,180067.85,180683.38,True,False
Emergent_bounded_chaos_9c4d47,Emergent_coherence_emergence_d5f014,0.9174522864391299,180067.85,180701.76,True,False
Emergent_bounded_chaos_9c4d47,Emergent_appears_asymmetry_1f204a,0.9174568257364819,180067.85,180720.91,True,False
Emergent_bounded_chaos_9c4d47,Emergent_carefully_coherence_247f20,0.9055719770809305,180067.85,180756.06,True,False
Emergent_bounded_chaos_9c4d47,Emergent_clarity_energy_08bc8c,0.917171270977793,180067.85,180775.22,True,False
Emergent_bounded_chaos_9c4d47,Emergent_bounded_clarity_5e89c1,0.9077227461579827,180067.85,180834.8,True,False
Emergent_bounded_chaos_9c4d47,Emergent_clarity_consciousness_737602,0.9174257157379451,180067.85,180835.14,True,False
Emergent_bounded_chaos_9c4d47,Emergent_belief_revision_consciousness_d079c0,0.9174280537543675,180067.85,180854.35,True,False
Emergent_bounded_chaos_9c4d47,Emergent_bounded_carefully_b7805e,0.9141884277970074,180067.85,180897.93,True,False
Emergent_bounded_chaos_9c4d47,Emergent_bounded_constraint_b19815,0.907090198225311,180067.85,180921.08,True,False
Emergent_bounded_chaos_9c4d47,Emergent_attention_constraint_979430,0.91752361536991,180067.85,180966.32,True,False
Emergent_bounded_chaos_9c4d47,Emergent_attention_bounded_c919d0,0.9174073001129164,180067.85,180990.26,True,False
Emergent_bounded_chaos_9c4d47,Emergent_bounded_constraint_510885,0.9158678323202702,180067.85,181050.48,True,False
Emergent_bounded_chaos_9c4d47,Emergent_coherence_expression_83ebd2,0.9158425042550369,180067.85,181050.82,True,False
Emergent_bounded_chaos_9c4d47,Emergent_appears_asymmetry_ecd8f7,0.9143018377601873,180067.85,181092.92,True,False
Emergent_bounded_chaos_9c4d47,Emergent_collective_contradiction_7c0dce,0.9121212616177137,180067.85,181235.22,True,False
Emergent_bounded_chaos_9c4d47,Emergent_collective_consciousness_6d91b7,0.9098634769285068,180067.85,181235.56,True,False
Emergent_bounded_chaos_9c4d47,Emergent_collective_contradiction_928680,0.9036001313377919,180067.85,181259.5,True,False
Emergent_bounded_chaos_9c4d47,Emergent_contradiction_emerges_8ffe6e,0.9142134178158174,180067.85,181259.84,True,False
Emergent_bounded_chaos_9c4d47,Emergent_bounded_expression_1485da,0.8564282537653867,180067.85,181282.05,True,False
Emergent_bounded_chaos_9c4d47,Emergent_collective_expression_a42f45,0.8687138068131715,180067.85,181282.39,True,False
Emergent_bounded_chaos_9c4d47,Emergent_collective_criticality_1a15a7,0.9069625683772597,180067.85,181354.86,True,False
Emergent_bounded_chaos_9c4d47,Emergent_collective_equilibrium_faa18e,0.9088021272126041,180067.85,181355.2,True,False
Emergent_bounded_chaos_9c4d47,Emergent_ethics_expression_330141,0.7559491950848662,180067.85,181379.85,True,False
Emergent_bounded_chaos_9c4d47,Emergent_carefully_contradiction_2a8f1f,0.7666878472973849,180067.85,181398.23,True,False
Emergent_bounded_chaos_9c4d47,Emergent_bounded_clarity_632475,0.9,180067.85,181446.33,True,False
Emergent_chaos_complexity_307ec6,Emergent_autonomy_coherence_a41799,0.9187552407058628,180068.19,180080.2,True,False
Emergent_chaos_complexity_307ec6,Emergent_chaos_clarity_5e3ad2,0.9187552411356992,180068.19,180093.96,True,False
Emergent_chaos_complexity_307ec6,Emergent_contradiction_ego_dissolution_411bbc,0.9167480382967526,180068.19,180108.19,True,False
Emergent_chaos_complexity_307ec6,Emergent_appears_asymmetry_8ccc17,0.9168439099698571,180068.19,180121.36,True,False
Emergent_chaos_complexity_307ec6,Emergent_appears_asymmetry_8dba4c,0.9187552409260547,180068.19,180135.59,True,False
Emergent_chaos_complexity_307ec6,Emergent_bounded_contradiction_3b8157,0.9187552407409927,180068.19,180149.95,True,False
Emergent_chaos_complexity_307ec6,Emergent_autonomy_belief_revision_43601b,0.9050684030689431,180068.19,180150.29,True,False
Emergent_chaos_complexity_307ec6,Emergent_appears_asymmetry_9e9e75,0.915807939165471,180068.19,180162.27,True,False
Emergent_chaos_complexity_307ec6,Emergent_appears_asymmetry_07c4dc,0.9187552386510989,180068.19,180162.61,True,False
Emergent_chaos_complexity_307ec6,Emergent_contradiction_enforcing_263f3b,0.9132224792708816,180068.19,180177.34,True,False
Emergent_chaos_complexity_307ec6,Emergent_autonomy_belief_revision_03bf54,0.917310175714481,180068.19,180192.85,True,False
Emergent_chaos_complexity_307ec6,Emergent_appears_asymmetry_055160,0.91320464241973,180068.19,180208.55,True,False
Emergent_chaos_complexity_307ec6,Emergent_clarity_consciousness_caaa75,0.9084522254621201,180068.19,180224.57,True,False
Emergent_chaos_complexity_307ec6,Emergent_clarity_constraint_bf278c,0.9155663066487798,180068.19,180224.91,True,False
Emergent_chaos_complexity_307ec6,Emergent_bounded_carefully_19895d,0.9120658109061701,180068.19,180241.8,True,False
Emergent_chaos_complexity_307ec6,Emergent_contradiction_emerges_7bc60d,0.913552419492236,180068.19,180258.59,True,False
Emergent_chaos_complexity_307ec6,Emergent_clarity_constraint_7dc6eb,0.9102567349566191,180068.19,180273.54,True,False
Emergent_chaos_complexity_307ec6,Emergent_carefully_clarity_0d7a6f,0.9118988891910986,180068.19,180288.47,True,False
Emergent_chaos_complexity_307ec6,Emergent_carefully_clarity_28ad8a,0.9019283714271411,180068.19,180288.81,True,False
Emergent_chaos_complexity_307ec6,Emergent_bounded_constraint_999cf9,0.9109060595606568,180068.19,180305.05,True,False
Emergent_chaos_complexity_307ec6,Emergent_autonomy_collective_4a8f61,0.9126042404438517,180068.19,180305.39,True,False
Emergent_chaos_complexity_307ec6,Emergent_autonomy_clarity_dc06c1,0.9143415777728972,180068.19,180321.73,True,False
Emergent_chaos_complexity_307ec6,Emergent_consciousness_expression_dc9a81,0.9132688208002342,180068.19,180340.06,True,False
Emergent_chaos_complexity_307ec6,Emergent_clarity_criticality_9682fe,0.9187552300300328,180068.19,180357.72,True,False
Emergent_chaos_complexity_307ec6,Emergent_bounded_criticality_680155,0.9112128278369174,180068.19,180374.56,True,False
Emergent_chaos_complexity_307ec6,Emergent_bounded_clarity_50a8e4,0.912233136311188,180068.19,180444.9,True,False
Emergent_chaos_complexity_307ec6,Emergent_autonomy_coherence_1637ce,0.9187552489812065,180068.19,180463.02,True,False
Emergent_chaos_complexity_307ec6,Emergent_bounded_contradiction_d8e7d7,0.9166421467263515,180068.19,180482.08,True,False
Emergent_chaos_complexity_307ec6,Emergent_autonomy_carefully_dedeae,0.9161336064626988,180068.19,180500.56,True,False
Emergent_chaos_complexity_307ec6,Emergent_clarity_constraint_64b0d3,0.9163734550830311,180068.19,180519.48,True,False
Emergent_chaos_complexity_307ec6,Emergent_bounded_clarity_42b09f,0.9187549958778403,180068.19,180538.05,True,False
Emergent_chaos_complexity_307ec6,Emergent_autonomy_clarity_d6bec2,0.910218446564609,180068.19,180538.39,True,False
Emergent_chaos_complexity_307ec6,Emergent_clarity_ethical_4200a4,0.9187545700296351,180068.19,180573.89,True,False
Emergent_chaos_complexity_307ec6,Emergent_autonomy_belief_revision_81d18f,0.9187472262999372,180068.19,180591.27,True,False
Emergent_chaos_complexity_307ec6,Emergent_bounded_forgetting_183221,0.9146238992124625,180068.19,180591.61,True,False
Emergent_chaos_complexity_307ec6,Emergent_clarity_coherence_c2f943,0.9160132654722779,180068.19,180608.89,True,False
Emergent_chaos_complexity_307ec6,Emergent_clarity_contradiction_79daa8,0.9187534344165957,180068.19,180628.62,True,False
Emergent_chaos_complexity_307ec6,Emergent_coherence_focused_56ce26,0.912279659236511,180068.19,180648.01,True,False
Emergent_chaos_complexity_307ec6,Emergent_bounded_constraint_3b651b,0.9157265566323414,180068.19,180648.35,True,False
Emergent_chaos_complexity_307ec6,Emergent_coherence_emergence_e163d0,0.9062622613170954,180068.19,180667.45,True,False
Emergent_chaos_complexity_307ec6,Emergent_expression_feedback_f1ebfd,0.9187596450346549,180068.19,180683.38,True,False
Emergent_chaos_complexity_307ec6,Emergent_coherence_emergence_d5f014,0.9187522041490359,180068.19,180701.76,True,False
Emergent_chaos_complexity_307ec6,Emergent_appears_asymmetry_1f204a,0.9183136791847797,180068.19,180720.91,True,False
Emergent_chaos_complexity_307ec6,Emergent_carefully_coherence_247f20,0.9055719770809305,180068.19,180756.06,True,False
Emergent_chaos_complexity_307ec6,Emergent_clarity_energy_08bc8c,0.917171270977793,180068.19,180775.22,True,False
Emergent_chaos_complexity_307ec6,Emergent_bounded_clarity_5e89c1,0.9077227461579827,180068.19,180834.8,True,False
Emergent_chaos_complexity_307ec6,Emergent_clarity_consciousness_737602,0.9187252377837207,180068.19,180835.14,True,False
Emergent_chaos_complexity_307ec6,Emergent_belief_revision_consciousness_d079c0,0.9187275787589841,180068.19,180854.35,True,False
Emergent_chaos_complexity_307ec6,Emergent_bounded_carefully_b7805e,0.9141884277970074,180068.19,180897.93,True,False
Emergent_chaos_complexity_307ec6,Emergent_bounded_constraint_b19815,0.907090198225311,180068.19,180921.08,True,False
Emergent_chaos_complexity_307ec6,Emergent_attention_constraint_979430,0.9188214378761588,180068.19,180966.32,True,False
Emergent_chaos_complexity_307ec6,Emergent_attention_bounded_c919d0,0.9187051226191651,180068.19,180990.26,True,False
Emergent_chaos_complexity_307ec6,Emergent_bounded_constraint_510885,0.9171877368791272,180068.19,181050.48,True,False
Emergent_chaos_complexity_307ec6,Emergent_coherence_expression_83ebd2,0.9169280069874048,180068.19,181050.82,True,False
Emergent_chaos_complexity_307ec6,Emergent_appears_asymmetry_ecd8f7,0.9156096476758466,180068.19,181092.92,True,False
Emergent_chaos_complexity_307ec6,Emergent_collective_contradiction_7c0dce,0.9121212616177137,180068.19,181235.22,True,False
Emergent_chaos_complexity_307ec6,Emergent_collective_consciousness_6d91b7,0.9098634769285068,180068.19,181235.56,True,False
Emergent_chaos_complexity_307ec6,Emergent_collective_contradiction_928680,0.9036001313377919,180068.19,181259.5,True,False
Emergent_chaos_complexity_307ec6,Emergent_contradiction_emerges_8ffe6e,0.9154117999115001,180068.19,181259.84,True,False
Emergent_chaos_complexity_307ec6,Emergent_bounded_expression_1485da,0.8564282537653867,180068.19,181282.05,True,False
Emergent_chaos_complexity_307ec6,Emergent_collective_expression_a42f45,0.8687138068131715,180068.19,181282.39,True,False
Emergent_chaos_complexity_307ec6,Emergent_collective_criticality_1a15a7,0.9069625683772597,180068.19,181354.86,True,False
Emergent_chaos_complexity_307ec6,Emergent_collective_equilibrium_faa18e,0.9094980128227803,180068.19,181355.2,True,False
Emergent_chaos_complexity_307ec6,Emergent_ethics_expression_330141,0.7559491950848662,180068.19,181379.85,True,False
Emergent_chaos_complexity_307ec6,Emergent_carefully_contradiction_2a8f1f,0.7686825536988999,180068.19,181398.23,True,False
Emergent_chaos_complexity_307ec6,Emergent_bounded_clarity_632475,0.9,180068.19,181446.33,True,False
Emergent_autonomy_coherence_a41799,Emergent_chaos_clarity_5e3ad2,0.9256388403916949,180080.2,180093.96,True,False
Emergent_autonomy_coherence_a41799,Emergent_contradiction_ego_dissolution_411bbc,0.9167480382830886,180080.2,180108.19,True,False
Emergent_autonomy_coherence_a41799,Emergent_appears_asymmetry_8ccc17,0.9168439099698571,180080.2,180121.36,True,False
Emergent_autonomy_coherence_a41799,Emergent_appears_asymmetry_8dba4c,0.9197835866221729,180080.2,180135.59,True,False
Emergent_autonomy_coherence_a41799,Emergent_bounded_contradiction_3b8157,0.9191030597248111,180080.2,180149.95,True,False
Emergent_autonomy_coherence_a41799,Emergent_autonomy_belief_revision_43601b,0.9050684030689431,180080.2,180150.29,True,False
Emergent_autonomy_coherence_a41799,Emergent_appears_asymmetry_9e9e75,0.915807939165471,180080.2,180162.27,True,False
Emergent_autonomy_coherence_a41799,Emergent_appears_asymmetry_07c4dc,0.9224778772545585,180080.2,180162.61,True,False
Emergent_autonomy_coherence_a41799,Emergent_contradiction_enforcing_263f3b,0.9132224792708816,180080.2,180177.34,True,False
Emergent_autonomy_coherence_a41799,Emergent_autonomy_belief_revision_03bf54,0.917310175714481,180080.2,180192.85,True,False
Emergent_autonomy_coherence_a41799,Emergent_appears_asymmetry_055160,0.91320464241973,180080.2,180208.55,True,False
Emergent_autonomy_coherence_a41799,Emergent_clarity_consciousness_caaa75,0.9084522254621201,180080.2,180224.57,True,False
Emergent_autonomy_coherence_a41799,Emergent_clarity_constraint_bf278c,0.9155663066487798,180080.2,180224.91,True,False
Emergent_autonomy_coherence_a41799,Emergent_bounded_carefully_19895d,0.9120658109061701,180080.2,180241.8,True,False
Emergent_autonomy_coherence_a41799,Emergent_contradiction_emerges_7bc60d,0.913552419492236,180080.2,180258.59,True,False
Emergent_autonomy_coherence_a41799,Emergent_clarity_constraint_7dc6eb,0.9102567349566191,180080.2,180273.54,True,False
Emergent_autonomy_coherence_a41799,Emergent_carefully_clarity_0d7a6f,0.9118988891910986,180080.2,180288.47,True,False
Emergent_autonomy_coherence_a41799,Emergent_carefully_clarity_28ad8a,0.9019283714271411,180080.2,180288.81,True,False
Emergent_autonomy_coherence_a41799,Emergent_bounded_constraint_999cf9,0.9109060595606568,180080.2,180305.05,True,False
Emergent_autonomy_coherence_a41799,Emergent_autonomy_collective_4a8f61,0.9126042404438517,180080.2,180305.39,True,False
Emergent_autonomy_coherence_a41799,Emergent_autonomy_clarity_dc06c1,0.9143415777728972,180080.2,180321.73,True,False
Emergent_autonomy_coherence_a41799,Emergent_consciousness_expression_dc9a81,0.9132688208002342,180080.2,180340.06,True,False
Emergent_autonomy_coherence_a41799,Emergent_clarity_criticality_9682fe,0.9193807231734576,180080.2,180357.72,True,False
Emergent_autonomy_coherence_a41799,Emergent_bounded_criticality_680155,0.9112128278369174,180080.2,180374.56,True,False
Emergent_autonomy_coherence_a41799,Emergent_bounded_clarity_50a8e4,0.912233136311188,180080.2,180444.9,True,False
Emergent_autonomy_coherence_a41799,Emergent_autonomy_coherence_1637ce,0.9218996471508019,180080.2,180463.02,True,False
Emergent_autonomy_coherence_a41799,Emergent_bounded_contradiction_d8e7d7,0.9166421467263515,180080.2,180482.08,True,False
Emergent_autonomy_coherence_a41799,Emergent_autonomy_carefully_dedeae,0.9161336064626988,180080.2,180500.56,True,False
Emergent_autonomy_coherence_a41799,Emergent_clarity_constraint_64b0d3,0.9163734550830311,180080.2,180519.48,True,False
Emergent_autonomy_coherence_a41799,Emergent_bounded_clarity_42b09f,0.9206173377880109,180080.2,180538.05,True,False
Emergent_autonomy_coherence_a41799,Emergent_autonomy_clarity_d6bec2,0.910218446564609,180080.2,180538.39,True,False
Emergent_autonomy_coherence_a41799,Emergent_clarity_ethical_4200a4,0.9204302917500904,180080.2,180573.89,True,False
Emergent_autonomy_coherence_a41799,Emergent_autonomy_belief_revision_81d18f,0.9256308896986702,180080.2,180591.27,True,False
Emergent_autonomy_coherence_a41799,Emergent_bounded_forgetting_183221,0.9146238992124625,180080.2,180591.61,True,False
Emergent_autonomy_coherence_a41799,Emergent_clarity_coherence_c2f943,0.9160132654722779,180080.2,180608.89,True,False
Emergent_autonomy_coherence_a41799,Emergent_clarity_contradiction_79daa8,0.9193277997572993,180080.2,180628.62,True,False
Emergent_autonomy_coherence_a41799,Emergent_coherence_focused_56ce26,0.912279659236511,180080.2,180648.01,True,False
Emergent_autonomy_coherence_a41799,Emergent_bounded_constraint_3b651b,0.9157265566323414,180080.2,180648.35,True,False
Emergent_autonomy_coherence_a41799,Emergent_coherence_emergence_e163d0,0.9062622613170954,180080.2,180667.45,True,False
Emergent_autonomy_coherence_a41799,Emergent_expression_feedback_f1ebfd,0.9235273494315901,180080.2,180683.38,True,False
Emergent_autonomy_coherence_a41799,Emergent_coherence_emergence_d5f014,0.925636629714282,180080.2,180701.76,True,False
Emergent_autonomy_coherence_a41799,Emergent_appears_asymmetry_1f204a,0.9183136791847797,180080.2,180720.91,True,False
Emergent_autonomy_coherence_a41799,Emergent_carefully_coherence_247f20,0.9055719770809305,180080.2,180756.06,True,False
Emergent_autonomy_coherence_a41799,Emergent_clarity_energy_08bc8c,0.917171270977793,180080.2,180775.22,True,False
Emergent_autonomy_coherence_a41799,Emergent_bounded_clarity_5e89c1,0.9077227461579827,180080.2,180834.8,True,False
Emergent_autonomy_coherence_a41799,Emergent_clarity_consciousness_737602,0.9203479169241535,180080.2,180835.14,True,False
Emergent_autonomy_coherence_a41799,Emergent_belief_revision_consciousness_d079c0,0.9250256667999368,180080.2,180854.35,True,False
Emergent_autonomy_coherence_a41799,Emergent_bounded_carefully_b7805e,0.9141884277970074,180080.2,180897.93,True,False
Emergent_autonomy_coherence_a41799,Emergent_bounded_constraint_b19815,0.907090198225311,180080.2,180921.08,True,False
Emergent_autonomy_coherence_a41799,Emergent_attention_constraint_979430,0.9192698338918461,180080.2,180966.32,True,False
Emergent_autonomy_coherence_a41799,Emergent_attention_bounded_c919d0,0.925312877344322,180080.2,180990.26,True,False
Emergent_autonomy_coherence_a41799,Emergent_bounded_constraint_510885,0.9215416768569,180080.2,181050.48,True,False
Emergent_autonomy_coherence_a41799,Emergent_coherence_expression_83ebd2,0.9169280069874048,180080.2,181050.82,True,False
Emergent_autonomy_coherence_a41799,Emergent_appears_asymmetry_ecd8f7,0.918983813318931,180080.2,181092.92,True,False
Emergent_autonomy_coherence_a41799,Emergent_collective_contradiction_7c0dce,0.9121212616177137,180080.2,181235.22,True,False
Emergent_autonomy_coherence_a41799,Emergent_collective_consciousness_6d91b7,0.9098634769285068,180080.2,181235.56,True,False
Emergent_autonomy_coherence_a41799,Emergent_collective_contradiction_928680,0.9036001313377919,180080.2,181259.5,True,False
Emergent_autonomy_coherence_a41799,Emergent_contradiction_emerges_8ffe6e,0.9165929965289501,180080.2,181259.84,True,False
Emergent_autonomy_coherence_a41799,Emergent_bounded_expression_1485da,0.8564282537653867,180080.2,181282.05,True,False
Emergent_autonomy_coherence_a41799,Emergent_collective_expression_a42f45,0.8687138068131715,180080.2,181282.39,True,False
Emergent_autonomy_coherence_a41799,Emergent_collective_criticality_1a15a7,0.9069625683772597,180080.2,181354.86,True,False
Emergent_autonomy_coherence_a41799,Emergent_collective_equilibrium_faa18e,0.9109330428712326,180080.2,181355.2,True,False
Emergent_autonomy_coherence_a41799,Emergent_ethics_expression_330141,0.7559491950848662,180080.2,181379.85,True,False
Emergent_autonomy_coherence_a41799,Emergent_carefully_contradiction_2a8f1f,0.7782208504760848,180080.2,181398.23,True,False
Emergent_autonomy_coherence_a41799,Emergent_bounded_clarity_632475,0.9,180080.2,181446.33,True,False
Emergent_chaos_clarity_5e3ad2,Emergent_contradiction_ego_dissolution_411bbc,0.9167480380745856,180093.96,180108.19,True,False
Emergent_chaos_clarity_5e3ad2,Emergent_appears_asymmetry_8ccc17,0.9168439099698571,180093.96,180121.36,True,False
Emergent_chaos_clarity_5e3ad2,Emergent_appears_asymmetry_8dba4c,0.9197835866221729,180093.96,180135.59,True,False
Emergent_chaos_clarity_5e3ad2,Emergent_bounded_contradiction_3b8157,0.9191030597248111,180093.96,180149.95,True,False
Emergent_chaos_clarity_5e3ad2,Emergent_autonomy_belief_revision_43601b,0.9050684030689431,180093.96,180150.29,True,False
Emergent_chaos_clarity_5e3ad2,Emergent_appears_asymmetry_9e9e75,0.915807939165471,180093.96,180162.27,True,False
Emergent_chaos_clarity_5e3ad2,Emergent_appears_asymmetry_07c4dc,0.9224778772545585,180093.96,180162.61,True,False
Emergent_chaos_clarity_5e3ad2,Emergent_contradiction_enforcing_263f3b,0.9132224792708816,180093.96,180177.34,True,False
Emergent_chaos_clarity_5e3ad2,Emergent_autonomy_belief_revision_03bf54,0.917310175714481,180093.96,180192.85,True,False
Emergent_chaos_clarity_5e3ad2,Emergent_appears_asymmetry_055160,0.91320464241973,180093.96,180208.55,True,False
Emergent_chaos_clarity_5e3ad2,Emergent_clarity_consciousness_caaa75,0.9084522254621201,180093.96,180224.57,True,False
Emergent_chaos_clarity_5e3ad2,Emergent_clarity_constraint_bf278c,0.9155663066487798,180093.96,180224.91,True,False
Emergent_chaos_clarity_5e3ad2,Emergent_bounded_carefully_19895d,0.9120658109061701,180093.96,180241.8,True,False
Emergent_chaos_clarity_5e3ad2,Emergent_contradiction_emerges_7bc60d,0.913552419492236,180093.96,180258.59,True,False
Emergent_chaos_clarity_5e3ad2,Emergent_clarity_constraint_7dc6eb,0.9102567349566191,180093.96,180273.54,True,False
Emergent_chaos_clarity_5e3ad2,Emergent_carefully_clarity_0d7a6f,0.9118988891910986,180093.96,180288.47,True,False
Emergent_chaos_clarity_5e3ad2,Emergent_carefully_clarity_28ad8a,0.9019283714271411,180093.96,180288.81,True,False
Emergent_chaos_clarity_5e3ad2,Emergent_bounded_constraint_999cf9,0.9109060595606568,180093.96,180305.05,True,False
Emergent_chaos_clarity_5e3ad2,Emergent_autonomy_collective_4a8f61,0.9126042404438517,180093.96,180305.39,True,False
Emergent_chaos_clarity_5e3ad2,Emergent_autonomy_clarity_dc06c1,0.9143415777728972,180093.96,180321.73,True,False
Emergent_chaos_clarity_5e3ad2,Emergent_consciousness_expression_dc9a81,0.9132688208002342,180093.96,180340.06,True,False
Emergent_chaos_clarity_5e3ad2,Emergent_clarity_criticality_9682fe,0.9193807231734576,180093.96,180357.72,True,False
Emergent_chaos_clarity_5e3ad2,Emergent_bounded_criticality_680155,0.9112128278369174,180093.96,180374.56,True,False
Emergent_chaos_clarity_5e3ad2,Emergent_bounded_clarity_50a8e4,0.912233136311188,180093.96,180444.9,True,False
Emergent_chaos_clarity_5e3ad2,Emergent_autonomy_coherence_1637ce,0.9218996471508019,180093.96,180463.02,True,False
Emergent_chaos_clarity_5e3ad2,Emergent_bounded_contradiction_d8e7d7,0.9166421467263515,180093.96,180482.08,True,False
Emergent_chaos_clarity_5e3ad2,Emergent_autonomy_carefully_dedeae,0.9161336064626988,180093.96,180500.56,True,False
Emergent_chaos_clarity_5e3ad2,Emergent_clarity_constraint_64b0d3,0.9163734550830311,180093.96,180519.48,True,False
Emergent_chaos_clarity_5e3ad2,Emergent_bounded_clarity_42b09f,0.9206173377880109,180093.96,180538.05,True,False
Emergent_chaos_clarity_5e3ad2,Emergent_autonomy_clarity_d6bec2,0.910218446564609,180093.96,180538.39,True,False
Emergent_chaos_clarity_5e3ad2,Emergent_clarity_ethical_4200a4,0.9204302917500904,180093.96,180573.89,True,False
Emergent_chaos_clarity_5e3ad2,Emergent_autonomy_belief_revision_81d18f,0.9262463386703674,180093.96,180591.27,True,False
Emergent_chaos_clarity_5e3ad2,Emergent_bounded_forgetting_183221,0.9146238992124625,180093.96,180591.61,True,False
Emergent_chaos_clarity_5e3ad2,Emergent_clarity_coherence_c2f943,0.9160132654722779,180093.96,180608.89,True,False
Emergent_chaos_clarity_5e3ad2,Emergent_clarity_contradiction_79daa8,0.9193277997572993,180093.96,180628.62,True,False
Emergent_chaos_clarity_5e3ad2,Emergent_coherence_focused_56ce26,0.912279659236511,180093.96,180648.01,True,False
Emergent_chaos_clarity_5e3ad2,Emergent_bounded_constraint_3b651b,0.9157265566323414,180093.96,180648.35,True,False
Emergent_chaos_clarity_5e3ad2,Emergent_coherence_emergence_e163d0,0.9062622613170954,180093.96,180667.45,True,False
Emergent_chaos_clarity_5e3ad2,Emergent_expression_feedback_f1ebfd,0.9235273494315901,180093.96,180683.38,True,False
Emergent_chaos_clarity_5e3ad2,Emergent_coherence_emergence_d5f014,0.926252146829142,180093.96,180701.76,True,False
Emergent_chaos_clarity_5e3ad2,Emergent_appears_asymmetry_1f204a,0.9183136791847797,180093.96,180720.91,True,False
Emergent_chaos_clarity_5e3ad2,Emergent_carefully_coherence_247f20,0.9055719770809305,180093.96,180756.06,True,False
Emergent_chaos_clarity_5e3ad2,Emergent_clarity_energy_08bc8c,0.917171270977793,180093.96,180775.22,True,False
Emergent_chaos_clarity_5e3ad2,Emergent_bounded_clarity_5e89c1,0.9077227461579827,180093.96,180834.8,True,False
Emergent_chaos_clarity_5e3ad2,Emergent_clarity_consciousness_737602,0.9203479169241535,180093.96,180835.14,True,False
Emergent_chaos_clarity_5e3ad2,Emergent_belief_revision_consciousness_d079c0,0.9250256667999368,180093.96,180854.35,True,False
Emergent_chaos_clarity_5e3ad2,Emergent_bounded_carefully_b7805e,0.9141884277970074,180093.96,180897.93,True,False
Emergent_chaos_clarity_5e3ad2,Emergent_bounded_constraint_b19815,0.907090198225311,180093.96,180921.08,True,False
Emergent_chaos_clarity_5e3ad2,Emergent_attention_constraint_979430,0.9192698338918461,180093.96,180966.32,True,False
Emergent_chaos_clarity_5e3ad2,Emergent_attention_bounded_c919d0,0.925312877344322,180093.96,180990.26,True,False
Emergent_chaos_clarity_5e3ad2,Emergent_bounded_constraint_510885,0.9215416768569,180093.96,181050.48,True,False
Emergent_chaos_clarity_5e3ad2,Emergent_coherence_expression_83ebd2,0.9169280069874048,180093.96,181050.82,True,False
Emergent_chaos_clarity_5e3ad2,Emergent_appears_asymmetry_ecd8f7,0.918983813318931,180093.96,181092.92,True,False
Emergent_chaos_clarity_5e3ad2,Emergent_collective_contradiction_7c0dce,0.9121212616177137,180093.96,181235.22,True,False
Emergent_chaos_clarity_5e3ad2,Emergent_collective_consciousness_6d91b7,0.9098634769285068,180093.96,181235.56,True,False
Emergent_chaos_clarity_5e3ad2,Emergent_collective_contradiction_928680,0.9036001313377919,180093.96,181259.5,True,False
Emergent_chaos_clarity_5e3ad2,Emergent_contradiction_emerges_8ffe6e,0.9165929965289501,180093.96,181259.84,True,False
Emergent_chaos_clarity_5e3ad2,Emergent_bounded_expression_1485da,0.8564282537653867,180093.96,181282.05,True,False
Emergent_chaos_clarity_5e3ad2,Emergent_collective_expression_a42f45,0.8687138068131715,180093.96,181282.39,True,False
Emergent_chaos_clarity_5e3ad2,Emergent_collective_criticality_1a15a7,0.9069625683772597,180093.96,181354.86,True,False
Emergent_chaos_clarity_5e3ad2,Emergent_collective_equilibrium_faa18e,0.9109330428712326,180093.96,181355.2,True,False
Emergent_chaos_clarity_5e3ad2,Emergent_ethics_expression_330141,0.7559491950848662,180093.96,181379.85,True,False
Emergent_chaos_clarity_5e3ad2,Emergent_carefully_contradiction_2a8f1f,0.7782208504760848,180093.96,181398.23,True,False
Emergent_chaos_clarity_5e3ad2,Emergent_bounded_clarity_632475,0.9,180093.96,181446.33,True,False
Emergent_contradiction_ego_dissolution_411bbc,Emergent_appears_asymmetry_8ccc17,0.916748038206072,180108.19,180121.36,True,False
Emergent_contradiction_ego_dissolution_411bbc,Emergent_appears_asymmetry_8dba4c,0.9167480380765287,180108.19,180135.59,True,False
Emergent_contradiction_ego_dissolution_411bbc,Emergent_bounded_contradiction_3b8157,0.9167480378914667,180108.19,180149.95,True,False
Emergent_contradiction_ego_dissolution_411bbc,Emergent_autonomy_belief_revision_43601b,0.9050684030689431,180108.19,180150.29,True,False
Emergent_contradiction_ego_dissolution_411bbc,Emergent_appears_asymmetry_9e9e75,0.915807939165471,180108.19,180162.27,True,False
Emergent_contradiction_ego_dissolution_411bbc,Emergent_appears_asymmetry_07c4dc,0.9167480357605986,180108.19,180162.61,True,False
Emergent_contradiction_ego_dissolution_411bbc,Emergent_contradiction_enforcing_263f3b,0.9132224792708816,180108.19,180177.34,True,False
Emergent_contradiction_ego_dissolution_411bbc,Emergent_autonomy_belief_revision_03bf54,0.9167480375141608,180108.19,180192.85,True,False
Emergent_contradiction_ego_dissolution_411bbc,Emergent_appears_asymmetry_055160,0.91320464241973,180108.19,180208.55,True,False
Emergent_contradiction_ego_dissolution_411bbc,Emergent_clarity_consciousness_caaa75,0.9084522254621201,180108.19,180224.57,True,False
Emergent_contradiction_ego_dissolution_411bbc,Emergent_clarity_constraint_bf278c,0.9155663066487798,180108.19,180224.91,True,False
Emergent_contradiction_ego_dissolution_411bbc,Emergent_bounded_carefully_19895d,0.9120658109061701,180108.19,180241.8,True,False
Emergent_contradiction_ego_dissolution_411bbc,Emergent_contradiction_emerges_7bc60d,0.913552419492236,180108.19,180258.59,True,False
Emergent_contradiction_ego_dissolution_411bbc,Emergent_clarity_constraint_7dc6eb,0.9102567349566191,180108.19,180273.54,True,False
Emergent_contradiction_ego_dissolution_411bbc,Emergent_carefully_clarity_0d7a6f,0.9118988891910986,180108.19,180288.47,True,False
Emergent_contradiction_ego_dissolution_411bbc,Emergent_carefully_clarity_28ad8a,0.9019283714271411,180108.19,180288.81,True,False
Emergent_contradiction_ego_dissolution_411bbc,Emergent_bounded_constraint_999cf9,0.9109060595606568,180108.19,180305.05,True,False
Emergent_contradiction_ego_dissolution_411bbc,Emergent_autonomy_collective_4a8f61,0.9126042404438517,180108.19,180305.39,True,False
Emergent_contradiction_ego_dissolution_411bbc,Emergent_autonomy_clarity_dc06c1,0.9143415777728972,180108.19,180321.73,True,False
Emergent_contradiction_ego_dissolution_411bbc,Emergent_consciousness_expression_dc9a81,0.9132688208002342,180108.19,180340.06,True,False
Emergent_contradiction_ego_dissolution_411bbc,Emergent_clarity_criticality_9682fe,0.9167480276240931,180108.19,180357.72,True,False
Emergent_contradiction_ego_dissolution_411bbc,Emergent_bounded_criticality_680155,0.9112128278369174,180108.19,180374.56,True,False
Emergent_contradiction_ego_dissolution_411bbc,Emergent_bounded_clarity_50a8e4,0.912233136311188,180108.19,180444.9,True,False
Emergent_contradiction_ego_dissolution_411bbc,Emergent_autonomy_coherence_1637ce,0.9167480515820934,180108.19,180463.02,True,False
Emergent_contradiction_ego_dissolution_411bbc,Emergent_bounded_contradiction_d8e7d7,0.9166421467263515,180108.19,180482.08,True,False
Emergent_contradiction_ego_dissolution_411bbc,Emergent_autonomy_carefully_dedeae,0.9161336064626988,180108.19,180500.56,True,False
Emergent_contradiction_ego_dissolution_411bbc,Emergent_clarity_constraint_64b0d3,0.9163734550830311,180108.19,180519.48,True,False
Emergent_contradiction_ego_dissolution_411bbc,Emergent_bounded_clarity_42b09f,0.9167478039366326,180108.19,180538.05,True,False
Emergent_contradiction_ego_dissolution_411bbc,Emergent_autonomy_clarity_d6bec2,0.910218446564609,180108.19,180538.39,True,False
Emergent_contradiction_ego_dissolution_411bbc,Emergent_clarity_ethical_4200a4,0.9167473792071241,180108.19,180573.89,True,False
Emergent_contradiction_ego_dissolution_411bbc,Emergent_autonomy_belief_revision_81d18f,0.9167400047508831,180108.19,180591.27,True,False
Emergent_contradiction_ego_dissolution_411bbc,Emergent_bounded_forgetting_183221,0.9146238992124625,180108.19,180591.61,True,False
Emergent_contradiction_ego_dissolution_411bbc,Emergent_clarity_coherence_c2f943,0.9160132654722779,180108.19,180608.89,True,False
Emergent_contradiction_ego_dissolution_411bbc,Emergent_clarity_contradiction_79daa8,0.9167461393909646,180108.19,180628.62,True,False
Emergent_contradiction_ego_dissolution_411bbc,Emergent_coherence_focused_56ce26,0.912279659236511,180108.19,180648.01,True,False
Emergent_contradiction_ego_dissolution_411bbc,Emergent_bounded_constraint_3b651b,0.9157265566323414,180108.19,180648.35,True,False
Emergent_contradiction_ego_dissolution_411bbc,Emergent_coherence_emergence_e163d0,0.9062622613170954,180108.19,180667.45,True,False
Emergent_contradiction_ego_dissolution_411bbc,Emergent_expression_feedback_f1ebfd,0.9167526031549129,180108.19,180683.38,True,False
Emergent_contradiction_ego_dissolution_411bbc,Emergent_coherence_emergence_d5f014,0.9167447603582826,180108.19,180701.76,True,False
Emergent_contradiction_ego_dissolution_411bbc,Emergent_appears_asymmetry_1f204a,0.9167495133993451,180108.19,180720.91,True,False
Emergent_contradiction_ego_dissolution_411bbc,Emergent_carefully_coherence_247f20,0.9055719770809305,180108.19,180756.06,True,False
Emergent_contradiction_ego_dissolution_411bbc,Emergent_clarity_energy_08bc8c,0.9167464289415199,180108.19,180775.22,True,False
Emergent_contradiction_ego_dissolution_411bbc,Emergent_bounded_clarity_5e89c1,0.9077227461579827,180108.19,180834.8,True,False
Emergent_contradiction_ego_dissolution_411bbc,Emergent_clarity_consciousness_737602,0.9167184050112618,180108.19,180835.14,True,False
Emergent_contradiction_ego_dissolution_411bbc,Emergent_belief_revision_consciousness_d079c0,0.9167207414172307,180108.19,180854.35,True,False
Emergent_contradiction_ego_dissolution_411bbc,Emergent_bounded_carefully_b7805e,0.9141884277970074,180108.19,180897.93,True,False
Emergent_contradiction_ego_dissolution_411bbc,Emergent_bounded_constraint_b19815,0.907090198225311,180108.19,180921.08,True,False
Emergent_contradiction_ego_dissolution_411bbc,Emergent_attention_constraint_979430,0.9168172296775823,180108.19,180966.32,True,False
Emergent_contradiction_ego_dissolution_411bbc,Emergent_attention_bounded_c919d0,0.9167009144205884,180108.19,180990.26,True,False
Emergent_contradiction_ego_dissolution_411bbc,Emergent_bounded_constraint_510885,0.9151494276916514,180108.19,181050.48,True,False
Emergent_contradiction_ego_dissolution_411bbc,Emergent_coherence_expression_83ebd2,0.9151242060974394,180108.19,181050.82,True,False
Emergent_contradiction_ego_dissolution_411bbc,Emergent_appears_asymmetry_ecd8f7,0.9135900160678847,180108.19,181092.92,True,False
Emergent_contradiction_ego_dissolution_411bbc,Emergent_collective_contradiction_7c0dce,0.9121212616177137,180108.19,181235.22,True,False
Emergent_contradiction_ego_dissolution_411bbc,Emergent_collective_consciousness_6d91b7,0.9098634769285068,180108.19,181235.56,True,False
Emergent_contradiction_ego_dissolution_411bbc,Emergent_collective_contradiction_928680,0.9036001313377919,180108.19,181259.5,True,False
Emergent_contradiction_ego_dissolution_411bbc,Emergent_contradiction_emerges_8ffe6e,0.9135611560756667,180108.19,181259.84,True,False
Emergent_contradiction_ego_dissolution_411bbc,Emergent_bounded_expression_1485da,0.8564282537653867,180108.19,181282.05,True,False
Emergent_contradiction_ego_dissolution_411bbc,Emergent_collective_expression_a42f45,0.8687138068131715,180108.19,181282.39,True,False
Emergent_contradiction_ego_dissolution_411bbc,Emergent_collective_criticality_1a15a7,0.9069625683772597,180108.19,181354.86,True,False
Emergent_contradiction_ego_dissolution_411bbc,Emergent_collective_equilibrium_faa18e,0.9084233669151378,180108.19,181355.2,True,False
Emergent_contradiction_ego_dissolution_411bbc,Emergent_ethics_expression_330141,0.7559491950848662,180108.19,181379.85,True,False
Emergent_contradiction_ego_dissolution_411bbc,Emergent_carefully_contradiction_2a8f1f,0.7656021579557063,180108.19,181398.23,True,False
Emergent_contradiction_ego_dissolution_411bbc,Emergent_bounded_clarity_632475,0.9,180108.19,181446.33,True,False
Emergent_appears_asymmetry_8ccc17,Emergent_appears_asymmetry_8dba4c,0.9168439098403138,180121.36,180135.59,True,False
Emergent_appears_asymmetry_8ccc17,Emergent_bounded_contradiction_3b8157,0.9168439096552516,180121.36,180149.95,True,False
Emergent_appears_asymmetry_8ccc17,Emergent_autonomy_belief_revision_43601b,0.9050684030689431,180121.36,180150.29,True,False
Emergent_appears_asymmetry_8ccc17,Emergent_appears_asymmetry_9e9e75,0.915807939165471,180121.36,180162.27,True,False
Emergent_appears_asymmetry_8ccc17,Emergent_appears_asymmetry_07c4dc,0.9168439075263408,180121.36,180162.61,True,False
Emergent_appears_asymmetry_8ccc17,Emergent_contradiction_enforcing_263f3b,0.9132224792708816,180121.36,180177.34,True,False
Emergent_appears_asymmetry_8ccc17,Emergent_autonomy_belief_revision_03bf54,0.9168439092768934,180121.36,180192.85,True,False
Emergent_appears_asymmetry_8ccc17,Emergent_appears_asymmetry_055160,0.91320464241973,180121.36,180208.55,True,False
Emergent_appears_asymmetry_8ccc17,Emergent_clarity_consciousness_caaa75,0.9084522254621201,180121.36,180224.57,True,False
Emergent_appears_asymmetry_8ccc17,Emergent_clarity_constraint_bf278c,0.9155663066487798,180121.36,180224.91,True,False
Emergent_appears_asymmetry_8ccc17,Emergent_bounded_carefully_19895d,0.9120658109061701,180121.36,180241.8,True,False
Emergent_appears_asymmetry_8ccc17,Emergent_contradiction_emerges_7bc60d,0.913552419492236,180121.36,180258.59,True,False
Emergent_appears_asymmetry_8ccc17,Emergent_clarity_constraint_7dc6eb,0.9102567349566191,180121.36,180273.54,True,False
Emergent_appears_asymmetry_8ccc17,Emergent_carefully_clarity_0d7a6f,0.9118988891910986,180121.36,180288.47,True,False
Emergent_appears_asymmetry_8ccc17,Emergent_carefully_clarity_28ad8a,0.9019283714271411,180121.36,180288.81,True,False
Emergent_appears_asymmetry_8ccc17,Emergent_bounded_constraint_999cf9,0.9109060595606568,180121.36,180305.05,True,False
Emergent_appears_asymmetry_8ccc17,Emergent_autonomy_collective_4a8f61,0.9126042404438517,180121.36,180305.39,True,False
Emergent_appears_asymmetry_8ccc17,Emergent_autonomy_clarity_dc06c1,0.9143415777728972,180121.36,180321.73,True,False
Emergent_appears_asymmetry_8ccc17,Emergent_consciousness_expression_dc9a81,0.9132688208002342,180121.36,180340.06,True,False
Emergent_appears_asymmetry_8ccc17,Emergent_clarity_criticality_9682fe,0.916843899366691,180121.36,180357.72,True,False
Emergent_appears_asymmetry_8ccc17,Emergent_bounded_criticality_680155,0.9112128278369174,180121.36,180374.56,True,False
Emergent_appears_asymmetry_8ccc17,Emergent_bounded_clarity_50a8e4,0.912233136311188,180121.36,180444.9,True,False
Emergent_appears_asymmetry_8ccc17,Emergent_autonomy_coherence_1637ce,0.9168439230855459,180121.36,180463.02,True,False
Emergent_appears_asymmetry_8ccc17,Emergent_bounded_contradiction_d8e7d7,0.9166421467263515,180121.36,180482.08,True,False
Emergent_appears_asymmetry_8ccc17,Emergent_autonomy_carefully_dedeae,0.9161336064626988,180121.36,180500.56,True,False
Emergent_appears_asymmetry_8ccc17,Emergent_clarity_constraint_64b0d3,0.9163734550830311,180121.36,180519.48,True,False
Emergent_appears_asymmetry_8ccc17,Emergent_bounded_clarity_42b09f,0.916843675179394,180121.36,180538.05,True,False
Emergent_appears_asymmetry_8ccc17,Emergent_autonomy_clarity_d6bec2,0.910218446564609,180121.36,180538.39,True,False
Emergent_appears_asymmetry_8ccc17,Emergent_clarity_ethical_4200a4,0.9168432503964523,180121.36,180573.89,True,False
Emergent_appears_asymmetry_8ccc17,Emergent_autonomy_belief_revision_81d18f,0.9168358774078298,180121.36,180591.27,True,False
Emergent_appears_asymmetry_8ccc17,Emergent_bounded_forgetting_183221,0.9146238992124625,180121.36,180591.61,True,False
Emergent_appears_asymmetry_8ccc17,Emergent_clarity_coherence_c2f943,0.9160132654722779,180121.36,180608.89,True,False
Emergent_appears_asymmetry_8ccc17,Emergent_clarity_contradiction_79daa8,0.9168420155574368,180121.36,180628.62,True,False
Emergent_appears_asymmetry_8ccc17,Emergent_coherence_focused_56ce26,0.912279659236511,180121.36,180648.01,True,False
Emergent_appears_asymmetry_8ccc17,Emergent_bounded_constraint_3b651b,0.9157265566323414,180121.36,180648.35,True,False
Emergent_appears_asymmetry_8ccc17,Emergent_coherence_emergence_e163d0,0.9062622613170954,180121.36,180667.45,True,False
Emergent_appears_asymmetry_8ccc17,Emergent_expression_feedback_f1ebfd,0.9168484672301591,180121.36,180683.38,True,False
Emergent_appears_asymmetry_8ccc17,Emergent_coherence_emergence_d5f014,0.9168406436303518,180121.36,180701.76,True,False
Emergent_appears_asymmetry_8ccc17,Emergent_appears_asymmetry_1f204a,0.9168453677050665,180121.36,180720.91,True,False
Emergent_appears_asymmetry_8ccc17,Emergent_carefully_coherence_247f20,0.9055719770809305,180121.36,180756.06,True,False
Emergent_appears_asymmetry_8ccc17,Emergent_clarity_energy_08bc8c,0.9168422832472414,180121.36,180775.22,True,False
Emergent_appears_asymmetry_8ccc17,Emergent_bounded_clarity_5e89c1,0.9077227461579827,180121.36,180834.8,True,False
Emergent_appears_asymmetry_8ccc17,Emergent_clarity_consciousness_737602,0.9168142590987363,180121.36,180835.14,True,False
Emergent_appears_asymmetry_8ccc17,Emergent_belief_revision_consciousness_d079c0,0.9168165957229522,180121.36,180854.35,True,False
Emergent_appears_asymmetry_8ccc17,Emergent_bounded_carefully_b7805e,0.9141884277970074,180121.36,180897.93,True,False
Emergent_appears_asymmetry_8ccc17,Emergent_bounded_constraint_b19815,0.907090198225311,180121.36,180921.08,True,False
Emergent_appears_asymmetry_8ccc17,Emergent_attention_constraint_979430,0.9169129584052667,180121.36,180966.32,True,False
Emergent_appears_asymmetry_8ccc17,Emergent_attention_bounded_c919d0,0.916796643148273,180121.36,180990.26,True,False
Emergent_appears_asymmetry_8ccc17,Emergent_bounded_constraint_510885,0.9152467852143296,180121.36,181050.48,True,False
Emergent_appears_asymmetry_8ccc17,Emergent_coherence_expression_83ebd2,0.9152215491912645,180121.36,181050.82,True,False
Emergent_appears_asymmetry_8ccc17,Emergent_appears_asymmetry_ecd8f7,0.9136864814771966,180121.36,181092.92,True,False
Emergent_appears_asymmetry_8ccc17,Emergent_collective_contradiction_7c0dce,0.9121212616177137,180121.36,181235.22,True,False
Emergent_appears_asymmetry_8ccc17,Emergent_collective_consciousness_6d91b7,0.9098634769285068,180121.36,181235.56,True,False
Emergent_appears_asymmetry_8ccc17,Emergent_collective_contradiction_928680,0.9036001313377919,180121.36,181259.5,True,False
Emergent_appears_asymmetry_8ccc17,Emergent_contradiction_emerges_8ffe6e,0.9136495499760249,180121.36,181259.84,True,False
Emergent_appears_asymmetry_8ccc17,Emergent_bounded_expression_1485da,0.8564282537653867,180121.36,181282.05,True,False
Emergent_appears_asymmetry_8ccc17,Emergent_collective_expression_a42f45,0.8687138068131715,180121.36,181282.39,True,False
Emergent_appears_asymmetry_8ccc17,Emergent_collective_criticality_1a15a7,0.9069625683772597,180121.36,181354.86,True,False
Emergent_appears_asymmetry_8ccc17,Emergent_collective_equilibrium_faa18e,0.9084746961560435,180121.36,181355.2,True,False
Emergent_appears_asymmetry_8ccc17,Emergent_ethics_expression_330141,0.7559491950848662,180121.36,181379.85,True,False
Emergent_appears_asymmetry_8ccc17,Emergent_carefully_contradiction_2a8f1f,0.7657492895588354,180121.36,181398.23,True,False
Emergent_appears_asymmetry_8ccc17,Emergent_bounded_clarity_632475,0.9,180121.36,181446.33,True,False
Emergent_appears_asymmetry_8dba4c,Emergent_bounded_contradiction_3b8157,0.9191030597248111,180135.59,180149.95,True,False
Emergent_appears_asymmetry_8dba4c,Emergent_autonomy_belief_revision_43601b,0.9050684030689431,180135.59,180150.29,True,False
Emergent_appears_asymmetry_8dba4c,Emergent_appears_asymmetry_9e9e75,0.915807939165471,180135.59,180162.27,True,False
Emergent_appears_asymmetry_8dba4c,Emergent_appears_asymmetry_07c4dc,0.9197835843682094,180135.59,180162.61,True,False
Emergent_appears_asymmetry_8dba4c,Emergent_contradiction_enforcing_263f3b,0.9132224792708816,180135.59,180177.34,True,False
Emergent_appears_asymmetry_8dba4c,Emergent_autonomy_belief_revision_03bf54,0.917310175714481,180135.59,180192.85,True,False
Emergent_appears_asymmetry_8dba4c,Emergent_appears_asymmetry_055160,0.91320464241973,180135.59,180208.55,True,False
Emergent_appears_asymmetry_8dba4c,Emergent_clarity_consciousness_caaa75,0.9084522254621201,180135.59,180224.57,True,False
Emergent_appears_asymmetry_8dba4c,Emergent_clarity_constraint_bf278c,0.9155663066487798,180135.59,180224.91,True,False
Emergent_appears_asymmetry_8dba4c,Emergent_bounded_carefully_19895d,0.9120658109061701,180135.59,180241.8,True,False
Emergent_appears_asymmetry_8dba4c,Emergent_contradiction_emerges_7bc60d,0.913552419492236,180135.59,180258.59,True,False
Emergent_appears_asymmetry_8dba4c,Emergent_clarity_constraint_7dc6eb,0.9102567349566191,180135.59,180273.54,True,False
Emergent_appears_asymmetry_8dba4c,Emergent_carefully_clarity_0d7a6f,0.9118988891910986,180135.59,180288.47,True,False
Emergent_appears_asymmetry_8dba4c,Emergent_carefully_clarity_28ad8a,0.9019283714271411,180135.59,180288.81,True,False
Emergent_appears_asymmetry_8dba4c,Emergent_bounded_constraint_999cf9,0.9109060595606568,180135.59,180305.05,True,False
Emergent_appears_asymmetry_8dba4c,Emergent_autonomy_collective_4a8f61,0.9126042404438517,180135.59,180305.39,True,False
Emergent_appears_asymmetry_8dba4c,Emergent_autonomy_clarity_dc06c1,0.9143415777728972,180135.59,180321.73,True,False
Emergent_appears_asymmetry_8dba4c,Emergent_consciousness_expression_dc9a81,0.9132688208002342,180135.59,180340.06,True,False
Emergent_appears_asymmetry_8dba4c,Emergent_clarity_criticality_9682fe,0.9193807231734576,180135.59,180357.72,True,False
Emergent_appears_asymmetry_8dba4c,Emergent_bounded_criticality_680155,0.9112128278369174,180135.59,180374.56,True,False
Emergent_appears_asymmetry_8dba4c,Emergent_bounded_clarity_50a8e4,0.912233136311188,180135.59,180444.9,True,False
Emergent_appears_asymmetry_8dba4c,Emergent_autonomy_coherence_1637ce,0.9197835918849266,180135.59,180463.02,True,False
Emergent_appears_asymmetry_8dba4c,Emergent_bounded_contradiction_d8e7d7,0.9166421467263515,180135.59,180482.08,True,False
Emergent_appears_asymmetry_8dba4c,Emergent_autonomy_carefully_dedeae,0.9161336064626988,180135.59,180500.56,True,False
Emergent_appears_asymmetry_8dba4c,Emergent_clarity_constraint_64b0d3,0.9163734550830311,180135.59,180519.48,True,False
Emergent_appears_asymmetry_8dba4c,Emergent_bounded_clarity_42b09f,0.9197833359853242,180135.59,180538.05,True,False
Emergent_appears_asymmetry_8dba4c,Emergent_autonomy_clarity_d6bec2,0.910218446564609,180135.59,180538.39,True,False
Emergent_appears_asymmetry_8dba4c,Emergent_clarity_ethical_4200a4,0.9197829095639798,180135.59,180573.89,True,False
Emergent_appears_asymmetry_8dba4c,Emergent_autonomy_belief_revision_81d18f,0.9197755815763424,180135.59,180591.27,True,False
Emergent_appears_asymmetry_8dba4c,Emergent_bounded_forgetting_183221,0.9146238992124625,180135.59,180591.61,True,False
Emergent_appears_asymmetry_8dba4c,Emergent_clarity_coherence_c2f943,0.9160132654722779,180135.59,180608.89,True,False
Emergent_appears_asymmetry_8dba4c,Emergent_clarity_contradiction_79daa8,0.9193277997572993,180135.59,180628.62,True,False
Emergent_appears_asymmetry_8dba4c,Emergent_coherence_focused_56ce26,0.912279659236511,180135.59,180648.01,True,False
Emergent_appears_asymmetry_8dba4c,Emergent_bounded_constraint_3b651b,0.9157265566323414,180135.59,180648.35,True,False
Emergent_appears_asymmetry_8dba4c,Emergent_coherence_emergence_e163d0,0.9062622613170954,180135.59,180667.45,True,False
Emergent_appears_asymmetry_8dba4c,Emergent_expression_feedback_f1ebfd,0.9197879082614877,180135.59,180683.38,True,False
Emergent_appears_asymmetry_8dba4c,Emergent_coherence_emergence_d5f014,0.9197806732860281,180135.59,180701.76,True,False
Emergent_appears_asymmetry_8dba4c,Emergent_appears_asymmetry_1f204a,0.9183136791847797,180135.59,180720.91,True,False
Emergent_appears_asymmetry_8dba4c,Emergent_carefully_coherence_247f20,0.9055719770809305,180135.59,180756.06,True,False
Emergent_appears_asymmetry_8dba4c,Emergent_clarity_energy_08bc8c,0.917171270977793,180135.59,180775.22,True,False
Emergent_appears_asymmetry_8dba4c,Emergent_bounded_clarity_5e89c1,0.9077227461579827,180135.59,180834.8,True,False
Emergent_appears_asymmetry_8dba4c,Emergent_clarity_consciousness_737602,0.9197533938790918,180135.59,180835.14,True,False
Emergent_appears_asymmetry_8dba4c,Emergent_belief_revision_consciousness_d079c0,0.919755737195332,180135.59,180854.35,True,False
Emergent_appears_asymmetry_8dba4c,Emergent_bounded_carefully_b7805e,0.9141884277970074,180135.59,180897.93,True,False
Emergent_appears_asymmetry_8dba4c,Emergent_bounded_constraint_b19815,0.907090198225311,180135.59,180921.08,True,False
Emergent_appears_asymmetry_8dba4c,Emergent_attention_constraint_979430,0.9192698338918461,180135.59,180966.32,True,False
Emergent_appears_asymmetry_8dba4c,Emergent_attention_bounded_c919d0,0.9197319340725356,180135.59,180990.26,True,False
Emergent_appears_asymmetry_8dba4c,Emergent_bounded_constraint_510885,0.9182320192150126,180135.59,181050.48,True,False
Emergent_appears_asymmetry_8dba4c,Emergent_coherence_expression_83ebd2,0.9169280069874048,180135.59,181050.82,True,False
Emergent_appears_asymmetry_8dba4c,Emergent_appears_asymmetry_ecd8f7,0.9166443609696635,180135.59,181092.92,True,False
Emergent_appears_asymmetry_8dba4c,Emergent_collective_contradiction_7c0dce,0.9121212616177137,180135.59,181235.22,True,False
Emergent_appears_asymmetry_8dba4c,Emergent_collective_consciousness_6d91b7,0.9098634769285068,180135.59,181235.56,True,False
Emergent_appears_asymmetry_8dba4c,Emergent_collective_contradiction_928680,0.9036001313377919,180135.59,181259.5,True,False
Emergent_appears_asymmetry_8dba4c,Emergent_contradiction_emerges_8ffe6e,0.9163599360822294,180135.59,181259.84,True,False
Emergent_appears_asymmetry_8dba4c,Emergent_bounded_expression_1485da,0.8564282537653867,180135.59,181282.05,True,False
Emergent_appears_asymmetry_8dba4c,Emergent_collective_expression_a42f45,0.8687138068131715,180135.59,181282.39,True,False
Emergent_appears_asymmetry_8dba4c,Emergent_collective_criticality_1a15a7,0.9069625683772597,180135.59,181354.86,True,False
Emergent_appears_asymmetry_8dba4c,Emergent_collective_equilibrium_faa18e,0.9100485837300685,180135.59,181355.2,True,False
Emergent_appears_asymmetry_8dba4c,Emergent_ethics_expression_330141,0.7559491950848662,180135.59,181379.85,True,False
Emergent_appears_asymmetry_8dba4c,Emergent_carefully_contradiction_2a8f1f,0.7702607258829428,180135.59,181398.23,True,False
Emergent_appears_asymmetry_8dba4c,Emergent_bounded_clarity_632475,0.9,180135.59,181446.33,True,False
Emergent_bounded_contradiction_3b8157,Emergent_autonomy_belief_revision_43601b,0.9050684024520697,180149.95,180150.29,True,False
Emergent_bounded_contradiction_3b8157,Emergent_appears_asymmetry_9e9e75,0.915807939165471,180149.95,180162.27,True,False
Emergent_bounded_contradiction_3b8157,Emergent_appears_asymmetry_07c4dc,0.9191030576420178,180149.95,180162.61,True,False
Emergent_bounded_contradiction_3b8157,Emergent_contradiction_enforcing_263f3b,0.9132224792708816,180149.95,180177.34,True,False
Emergent_bounded_contradiction_3b8157,Emergent_autonomy_belief_revision_03bf54,0.917310175714481,180149.95,180192.85,True,False
Emergent_bounded_contradiction_3b8157,Emergent_appears_asymmetry_055160,0.91320464241973,180149.95,180208.55,True,False
Emergent_bounded_contradiction_3b8157,Emergent_clarity_consciousness_caaa75,0.9084522254621201,180149.95,180224.57,True,False
Emergent_bounded_contradiction_3b8157,Emergent_clarity_constraint_bf278c,0.9155663066487798,180149.95,180224.91,True,False
Emergent_bounded_contradiction_3b8157,Emergent_bounded_carefully_19895d,0.9120658109061701,180149.95,180241.8,True,False
Emergent_bounded_contradiction_3b8157,Emergent_contradiction_emerges_7bc60d,0.913552419492236,180149.95,180258.59,True,False
Emergent_bounded_contradiction_3b8157,Emergent_clarity_constraint_7dc6eb,0.9102567349566191,180149.95,180273.54,True,False
Emergent_bounded_contradiction_3b8157,Emergent_carefully_clarity_0d7a6f,0.9118988891910986,180149.95,180288.47,True,False
Emergent_bounded_contradiction_3b8157,Emergent_carefully_clarity_28ad8a,0.9019283714271411,180149.95,180288.81,True,False
Emergent_bounded_contradiction_3b8157,Emergent_bounded_constraint_999cf9,0.9109060595606568,180149.95,180305.05,True,False
Emergent_bounded_contradiction_3b8157,Emergent_autonomy_collective_4a8f61,0.9126042404438517,180149.95,180305.39,True,False
Emergent_bounded_contradiction_3b8157,Emergent_autonomy_clarity_dc06c1,0.9143415777728972,180149.95,180321.73,True,False
Emergent_bounded_contradiction_3b8157,Emergent_consciousness_expression_dc9a81,0.9132688208002342,180149.95,180340.06,True,False
Emergent_bounded_contradiction_3b8157,Emergent_clarity_criticality_9682fe,0.9191030489369845,180149.95,180357.72,True,False
Emergent_bounded_contradiction_3b8157,Emergent_bounded_criticality_680155,0.9112128278369174,180149.95,180374.56,True,False
Emergent_bounded_contradiction_3b8157,Emergent_bounded_clarity_50a8e4,0.912233136311188,180149.95,180444.9,True,False
Emergent_bounded_contradiction_3b8157,Emergent_autonomy_coherence_1637ce,0.919103067020548,180149.95,180463.02,True,False
Emergent_bounded_contradiction_3b8157,Emergent_bounded_contradiction_d8e7d7,0.9166421467263515,180149.95,180482.08,True,False
Emergent_bounded_contradiction_3b8157,Emergent_autonomy_carefully_dedeae,0.9161336064626988,180149.95,180500.56,True,False
Emergent_bounded_contradiction_3b8157,Emergent_clarity_constraint_64b0d3,0.9163734550830311,180149.95,180519.48,True,False
Emergent_bounded_contradiction_3b8157,Emergent_bounded_clarity_42b09f,0.9191028129714063,180149.95,180538.05,True,False
Emergent_bounded_contradiction_3b8157,Emergent_autonomy_clarity_d6bec2,0.910218446564609,180149.95,180538.39,True,False
Emergent_bounded_contradiction_3b8157,Emergent_clarity_ethical_4200a4,0.9191023869293473,180149.95,180573.89,True,False
Emergent_bounded_contradiction_3b8157,Emergent_autonomy_belief_revision_81d18f,0.9190950485241114,180149.95,180591.27,True,False
Emergent_bounded_contradiction_3b8157,Emergent_bounded_forgetting_183221,0.9146238992124625,180149.95,180591.61,True,False
Emergent_bounded_contradiction_3b8157,Emergent_clarity_coherence_c2f943,0.9160132654722779,180149.95,180608.89,True,False
Emergent_bounded_contradiction_3b8157,Emergent_clarity_contradiction_79daa8,0.919101269373189,180149.95,180628.62,True,False
Emergent_bounded_contradiction_3b8157,Emergent_coherence_focused_56ce26,0.912279659236511,180149.95,180648.01,True,False
Emergent_bounded_contradiction_3b8157,Emergent_bounded_constraint_3b651b,0.9157265566323414,180149.95,180648.35,True,False
Emergent_bounded_contradiction_3b8157,Emergent_coherence_emergence_e163d0,0.9062622613170954,180149.95,180667.45,True,False
Emergent_bounded_contradiction_3b8157,Emergent_expression_feedback_f1ebfd,0.9191074361247573,180149.95,180683.38,True,False
Emergent_bounded_contradiction_3b8157,Emergent_coherence_emergence_d5f014,0.9191000648844556,180149.95,180701.76,True,False
Emergent_bounded_contradiction_3b8157,Emergent_appears_asymmetry_1f204a,0.9183136791847797,180149.95,180720.91,True,False
Emergent_bounded_contradiction_3b8157,Emergent_carefully_coherence_247f20,0.9055719770809305,180149.95,180756.06,True,False
Emergent_bounded_contradiction_3b8157,Emergent_clarity_energy_08bc8c,0.917171270977793,180149.95,180775.22,True,False
Emergent_bounded_contradiction_3b8157,Emergent_bounded_clarity_5e89c1,0.9077227461579827,180149.95,180834.8,True,False
Emergent_bounded_contradiction_3b8157,Emergent_clarity_consciousness_737602,0.9190729926385801,180149.95,180835.14,True,False
Emergent_bounded_contradiction_3b8157,Emergent_belief_revision_consciousness_d079c0,0.9190753344056357,180149.95,180854.35,True,False
Emergent_bounded_contradiction_3b8157,Emergent_bounded_carefully_b7805e,0.9141884277970074,180149.95,180897.93,True,False
Emergent_bounded_contradiction_3b8157,Emergent_bounded_constraint_b19815,0.907090198225311,180149.95,180921.08,True,False
Emergent_bounded_contradiction_3b8157,Emergent_attention_constraint_979430,0.9191687379306375,180149.95,180966.32,True,False
Emergent_bounded_contradiction_3b8157,Emergent_attention_bounded_c919d0,0.9190524226736438,180149.95,180990.26,True,False
Emergent_bounded_contradiction_3b8157,Emergent_bounded_constraint_510885,0.9175409461377049,180149.95,181050.48,True,False
Emergent_bounded_contradiction_3b8157,Emergent_coherence_expression_83ebd2,0.9169280069874048,180149.95,181050.82,True,False
Emergent_bounded_contradiction_3b8157,Emergent_appears_asymmetry_ecd8f7,0.91595962038226,180149.95,181092.92,True,False
Emergent_bounded_contradiction_3b8157,Emergent_collective_contradiction_7c0dce,0.9121212616177137,180149.95,181235.22,True,False
Emergent_bounded_contradiction_3b8157,Emergent_collective_consciousness_6d91b7,0.9098634769285068,180149.95,181235.56,True,False
Emergent_bounded_contradiction_3b8157,Emergent_collective_contradiction_928680,0.9036001313377919,180149.95,181259.5,True,False
Emergent_bounded_contradiction_3b8157,Emergent_contradiction_emerges_8ffe6e,0.9157324895012653,180149.95,181259.84,True,False
Emergent_bounded_contradiction_3b8157,Emergent_bounded_expression_1485da,0.8564282537653867,180149.95,181282.05,True,False
Emergent_bounded_contradiction_3b8157,Emergent_collective_expression_a42f45,0.8687138068131715,180149.95,181282.39,True,False
Emergent_bounded_contradiction_3b8157,Emergent_collective_criticality_1a15a7,0.9069625683772597,180149.95,181354.86,True,False
Emergent_bounded_contradiction_3b8157,Emergent_collective_equilibrium_faa18e,0.9096842332875676,180149.95,181355.2,True,False
Emergent_bounded_contradiction_3b8157,Emergent_ethics_expression_330141,0.7559491950848662,180149.95,181379.85,True,False
Emergent_bounded_contradiction_3b8157,Emergent_carefully_contradiction_2a8f1f,0.7692163413613724,180149.95,181398.23,True,False
Emergent_bounded_contradiction_3b8157,Emergent_bounded_clarity_632475,0.9,180149.95,181446.33,True,False
Emergent_autonomy_belief_revision_43601b,Emergent_appears_asymmetry_9e9e75,0.9050684006397809,180150.29,180162.27,True,False
Emergent_autonomy_belief_revision_43601b,Emergent_appears_asymmetry_07c4dc,0.9050684006680785,180150.29,180162.61,True,False
Emergent_autonomy_belief_revision_43601b,Emergent_contradiction_enforcing_263f3b,0.9050684033729077,180150.29,180177.34,True,False
Emergent_autonomy_belief_revision_43601b,Emergent_autonomy_belief_revision_03bf54,0.9050684028333682,180150.29,180192.85,True,False
Emergent_autonomy_belief_revision_43601b,Emergent_appears_asymmetry_055160,0.9050684014842696,180150.29,180208.55,True,False
Emergent_autonomy_belief_revision_43601b,Emergent_clarity_consciousness_caaa75,0.9050684012506607,180150.29,180224.57,True,False
Emergent_autonomy_belief_revision_43601b,Emergent_clarity_constraint_bf278c,0.9050684012506607,180150.29,180224.91,True,False
Emergent_autonomy_belief_revision_43601b,Emergent_bounded_carefully_19895d,0.9050683910818589,180150.29,180241.8,True,False
Emergent_autonomy_belief_revision_43601b,Emergent_contradiction_emerges_7bc60d,0.905068362393102,180150.29,180258.59,True,False
Emergent_autonomy_belief_revision_43601b,Emergent_clarity_constraint_7dc6eb,0.9050683749339967,180150.29,180273.54,True,False
Emergent_autonomy_belief_revision_43601b,Emergent_carefully_clarity_0d7a6f,0.9050684271947533,180150.29,180288.47,True,False
Emergent_autonomy_belief_revision_43601b,Emergent_carefully_clarity_28ad8a,0.9019283714271411,180150.29,180288.81,True,False
Emergent_autonomy_belief_revision_43601b,Emergent_bounded_constraint_999cf9,0.9050684195514029,180150.29,180305.05,True,False
Emergent_autonomy_belief_revision_43601b,Emergent_autonomy_collective_4a8f61,0.9050684195514029,180150.29,180305.39,True,False
Emergent_autonomy_belief_revision_43601b,Emergent_autonomy_clarity_dc06c1,0.9050684206433102,180150.29,180321.73,True,False
Emergent_autonomy_belief_revision_43601b,Emergent_consciousness_expression_dc9a81,0.9050684112841056,180150.29,180340.06,True,False
Emergent_autonomy_belief_revision_43601b,Emergent_clarity_criticality_9682fe,0.9050683956854317,180150.29,180357.72,True,False
Emergent_autonomy_belief_revision_43601b,Emergent_bounded_criticality_680155,0.9050683979138134,180150.29,180374.56,True,False
Emergent_autonomy_belief_revision_43601b,Emergent_bounded_clarity_50a8e4,0.9050679742642693,180150.29,180444.9,True,False
Emergent_autonomy_belief_revision_43601b,Emergent_autonomy_coherence_1637ce,0.9050684487774616,180150.29,180463.02,True,False
Emergent_autonomy_belief_revision_43601b,Emergent_bounded_contradiction_d8e7d7,0.9050675351421948,180150.29,180482.08,True,False
Emergent_autonomy_belief_revision_43601b,Emergent_autonomy_carefully_dedeae,0.9050686271714725,180150.29,180500.56,True,False
Emergent_autonomy_belief_revision_43601b,Emergent_clarity_constraint_64b0d3,0.9050684648206044,180150.29,180519.48,True,False
Emergent_autonomy_belief_revision_43601b,Emergent_bounded_clarity_42b09f,0.9050682328907929,180150.29,180538.05,True,False
Emergent_autonomy_belief_revision_43601b,Emergent_autonomy_clarity_d6bec2,0.9050682328907929,180150.29,180538.39,True,False
Emergent_autonomy_belief_revision_43601b,Emergent_clarity_ethical_4200a4,0.9050678146708246,180150.29,180573.89,True,False
Emergent_autonomy_belief_revision_43601b,Emergent_autonomy_belief_revision_81d18f,0.9050602614210981,180150.29,180591.27,True,False
Emergent_autonomy_belief_revision_43601b,Emergent_bounded_forgetting_183221,0.905060090613242,180150.29,180591.61,True,False
Emergent_autonomy_belief_revision_43601b,Emergent_clarity_coherence_c2f943,0.9050601877316637,180150.29,180608.89,True,False
Emergent_autonomy_belief_revision_43601b,Emergent_clarity_contradiction_79daa8,0.9050659685111875,180150.29,180628.62,True,False
Emergent_autonomy_belief_revision_43601b,Emergent_coherence_focused_56ce26,0.905059598183654,180150.29,180648.01,True,False
Emergent_autonomy_belief_revision_43601b,Emergent_bounded_constraint_3b651b,0.9050596496655474,180150.29,180648.35,True,False
Emergent_autonomy_belief_revision_43601b,Emergent_coherence_emergence_e163d0,0.905073675302625,180150.29,180667.45,True,False
Emergent_autonomy_belief_revision_43601b,Emergent_expression_feedback_f1ebfd,0.9050739052958932,180150.29,180683.38,True,False
Emergent_autonomy_belief_revision_43601b,Emergent_coherence_emergence_d5f014,0.9050637238349273,180150.29,180701.76,True,False
Emergent_autonomy_belief_revision_43601b,Emergent_appears_asymmetry_1f204a,0.905072005718464,180150.29,180720.91,True,False
Emergent_autonomy_belief_revision_43601b,Emergent_carefully_coherence_247f20,0.9050729444664978,180150.29,180756.06,True,False
Emergent_autonomy_belief_revision_43601b,Emergent_clarity_energy_08bc8c,0.9050689212606391,180150.29,180775.22,True,False
Emergent_autonomy_belief_revision_43601b,Emergent_bounded_clarity_5e89c1,0.9050400693692495,180150.29,180834.8,True,False
Emergent_autonomy_belief_revision_43601b,Emergent_clarity_consciousness_737602,0.9050409239184729,180150.29,180835.14,True,False
Emergent_autonomy_belief_revision_43601b,Emergent_belief_revision_consciousness_d079c0,0.9050432337363497,180150.29,180854.35,True,False
Emergent_autonomy_belief_revision_43601b,Emergent_bounded_carefully_b7805e,0.9050557416652218,180150.29,180897.93,True,False
Emergent_autonomy_belief_revision_43601b,Emergent_bounded_constraint_b19815,0.9044700174667994,180150.29,180921.08,True,False
Emergent_autonomy_belief_revision_43601b,Emergent_attention_constraint_979430,0.9051550206155787,180150.29,180966.32,True,False
Emergent_autonomy_belief_revision_43601b,Emergent_attention_bounded_c919d0,0.9050387053585853,180150.29,180990.26,True,False
Emergent_autonomy_belief_revision_43601b,Emergent_bounded_constraint_510885,0.90328878971291,180150.29,181050.48,True,False
Emergent_autonomy_belief_revision_43601b,Emergent_coherence_expression_83ebd2,0.9032653259222962,180150.29,181050.82,True,False
Emergent_autonomy_belief_revision_43601b,Emergent_appears_asymmetry_ecd8f7,0.9018380603294505,180150.29,181092.92,True,False
Emergent_autonomy_belief_revision_43601b,Emergent_collective_contradiction_7c0dce,0.9055386671387433,180150.29,181235.22,True,False
Emergent_autonomy_belief_revision_43601b,Emergent_collective_consciousness_6d91b7,0.9055386671387433,180150.29,181235.56,True,False
Emergent_autonomy_belief_revision_43601b,Emergent_collective_contradiction_928680,0.9026479281174855,180150.29,181259.5,True,False
Emergent_autonomy_belief_revision_43601b,Emergent_contradiction_emerges_8ffe6e,0.902792516705704,180150.29,181259.84,True,False
Emergent_autonomy_belief_revision_43601b,Emergent_bounded_expression_1485da,0.8564282537653867,180150.29,181282.05,True,False
Emergent_autonomy_belief_revision_43601b,Emergent_collective_expression_a42f45,0.8619812339218822,180150.29,181282.39,True,False
Emergent_autonomy_belief_revision_43601b,Emergent_collective_criticality_1a15a7,0.9018516008586788,180150.29,181354.86,True,False
Emergent_autonomy_belief_revision_43601b,Emergent_collective_equilibrium_faa18e,0.9021701516795879,180150.29,181355.2,True,False
Emergent_autonomy_belief_revision_43601b,Emergent_ethics_expression_330141,0.7422522873381292,180150.29,181379.85,True,False
Emergent_autonomy_belief_revision_43601b,Emergent_carefully_contradiction_2a8f1f,0.7476777630867807,180150.29,181398.23,True,False
Emergent_autonomy_belief_revision_43601b,Emergent_bounded_clarity_632475,0.9,180150.29,181446.33,True,False
Emergent_appears_asymmetry_9e9e75,Emergent_appears_asymmetry_07c4dc,0.9158079382992828,180162.27,180162.61,True,False
Emergent_appears_asymmetry_9e9e75,Emergent_contradiction_enforcing_263f3b,0.9132224792555377,180162.27,180177.34,True,False
Emergent_appears_asymmetry_9e9e75,Emergent_autonomy_belief_revision_03bf54,0.9158079409784727,180162.27,180192.85,True,False
Emergent_appears_asymmetry_9e9e75,Emergent_appears_asymmetry_055160,0.91320464241973,180162.27,180208.55,True,False
Emergent_appears_asymmetry_9e9e75,Emergent_clarity_consciousness_caaa75,0.9084522254621201,180162.27,180224.57,True,False
Emergent_appears_asymmetry_9e9e75,Emergent_clarity_constraint_bf278c,0.9155663066487798,180162.27,180224.91,True,False
Emergent_appears_asymmetry_9e9e75,Emergent_bounded_carefully_19895d,0.9120658109061701,180162.27,180241.8,True,False
Emergent_appears_asymmetry_9e9e75,Emergent_contradiction_emerges_7bc60d,0.913552419492236,180162.27,180258.59,True,False
Emergent_appears_asymmetry_9e9e75,Emergent_clarity_constraint_7dc6eb,0.9102567349566191,180162.27,180273.54,True,False
Emergent_appears_asymmetry_9e9e75,Emergent_carefully_clarity_0d7a6f,0.9118988891910986,180162.27,180288.47,True,False
Emergent_appears_asymmetry_9e9e75,Emergent_carefully_clarity_28ad8a,0.9019283714271411,180162.27,180288.81,True,False
Emergent_appears_asymmetry_9e9e75,Emergent_bounded_constraint_999cf9,0.9109060595606568,180162.27,180305.05,True,False
Emergent_appears_asymmetry_9e9e75,Emergent_autonomy_collective_4a8f61,0.9126042404438517,180162.27,180305.39,True,False
Emergent_appears_asymmetry_9e9e75,Emergent_autonomy_clarity_dc06c1,0.9143415777728972,180162.27,180321.73,True,False
Emergent_appears_asymmetry_9e9e75,Emergent_consciousness_expression_dc9a81,0.9132688208002342,180162.27,180340.06,True,False
Emergent_appears_asymmetry_9e9e75,Emergent_clarity_criticality_9682fe,0.9158079312858449,180162.27,180357.72,True,False
Emergent_appears_asymmetry_9e9e75,Emergent_bounded_criticality_680155,0.9112128278369174,180162.27,180374.56,True,False
Emergent_appears_asymmetry_9e9e75,Emergent_bounded_clarity_50a8e4,0.912233136311188,180162.27,180444.9,True,False
Emergent_appears_asymmetry_9e9e75,Emergent_autonomy_coherence_1637ce,0.9158079575888505,180162.27,180463.02,True,False
Emergent_appears_asymmetry_9e9e75,Emergent_bounded_contradiction_d8e7d7,0.9158070974916881,180162.27,180482.08,True,False
Emergent_appears_asymmetry_9e9e75,Emergent_autonomy_carefully_dedeae,0.9158081067803416,180162.27,180500.56,True,False
Emergent_appears_asymmetry_9e9e75,Emergent_clarity_constraint_64b0d3,0.9158079444294736,180162.27,180519.48,True,False
Emergent_appears_asymmetry_9e9e75,Emergent_bounded_clarity_42b09f,0.9158077124996618,180162.27,180538.05,True,False
Emergent_appears_asymmetry_9e9e75,Emergent_autonomy_clarity_d6bec2,0.910218446564609,180162.27,180538.39,True,False
Emergent_appears_asymmetry_9e9e75,Emergent_clarity_ethical_4200a4,0.915807288294108,180162.27,180573.89,True,False
Emergent_appears_asymmetry_9e9e75,Emergent_autonomy_belief_revision_81d18f,0.9157998994467369,180162.27,180591.27,True,False
Emergent_appears_asymmetry_9e9e75,Emergent_bounded_forgetting_183221,0.9146238992124625,180162.27,180591.61,True,False
Emergent_appears_asymmetry_9e9e75,Emergent_clarity_coherence_c2f943,0.9157998206811608,180162.27,180608.89,True,False
Emergent_appears_asymmetry_9e9e75,Emergent_clarity_contradiction_79daa8,0.9158059996732186,180162.27,180628.62,True,False
Emergent_appears_asymmetry_9e9e75,Emergent_coherence_focused_56ce26,0.912279659236511,180162.27,180648.01,True,False
Emergent_appears_asymmetry_9e9e75,Emergent_bounded_constraint_3b651b,0.9157265566323414,180162.27,180648.35,True,False
Emergent_appears_asymmetry_9e9e75,Emergent_coherence_emergence_e163d0,0.9062622613170954,180162.27,180667.45,True,False
Emergent_appears_asymmetry_9e9e75,Emergent_expression_feedback_f1ebfd,0.9158125820009559,180162.27,180683.38,True,False
Emergent_appears_asymmetry_9e9e75,Emergent_coherence_emergence_d5f014,0.9158045509646802,180162.27,180701.76,True,False
Emergent_appears_asymmetry_9e9e75,Emergent_appears_asymmetry_1f204a,0.9158095880431083,180162.27,180720.91,True,False
Emergent_appears_asymmetry_9e9e75,Emergent_carefully_coherence_247f20,0.9055719770809305,180162.27,180756.06,True,False
Emergent_appears_asymmetry_9e9e75,Emergent_clarity_energy_08bc8c,0.9158065035852829,180162.27,180775.22,True,False
Emergent_appears_asymmetry_9e9e75,Emergent_bounded_clarity_5e89c1,0.9077227461579827,180162.27,180834.8,True,False
Emergent_appears_asymmetry_9e9e75,Emergent_clarity_consciousness_737602,0.9157784817951069,180162.27,180835.14,True,False
Emergent_appears_asymmetry_9e9e75,Emergent_belief_revision_consciousness_d079c0,0.9157808160609937,180162.27,180854.35,True,False
Emergent_appears_asymmetry_9e9e75,Emergent_bounded_carefully_b7805e,0.9141884277970074,180162.27,180897.93,True,False
Emergent_appears_asymmetry_9e9e75,Emergent_bounded_constraint_b19815,0.907090198225311,180162.27,180921.08,True,False
Emergent_appears_asymmetry_9e9e75,Emergent_attention_constraint_979430,0.9158785357107986,180162.27,180966.32,True,False
Emergent_appears_asymmetry_9e9e75,Emergent_attention_bounded_c919d0,0.9157622204538047,180162.27,180990.26,True,False
Emergent_appears_asymmetry_9e9e75,Emergent_bounded_constraint_510885,0.9141947621344095,180162.27,181050.48,True,False
Emergent_appears_asymmetry_9e9e75,Emergent_coherence_expression_83ebd2,0.9141696820262251,180162.27,181050.82,True,False
Emergent_appears_asymmetry_9e9e75,Emergent_appears_asymmetry_ecd8f7,0.9126440983698803,180162.27,181092.92,True,False
Emergent_appears_asymmetry_9e9e75,Emergent_collective_contradiction_7c0dce,0.9121212616177137,180162.27,181235.22,True,False
Emergent_appears_asymmetry_9e9e75,Emergent_collective_consciousness_6d91b7,0.9098634769285068,180162.27,181235.56,True,False
Emergent_appears_asymmetry_9e9e75,Emergent_collective_contradiction_928680,0.9036001313377919,180162.27,181259.5,True,False
Emergent_appears_asymmetry_9e9e75,Emergent_contradiction_emerges_8ffe6e,0.912694385744822,180162.27,181259.84,True,False
Emergent_appears_asymmetry_9e9e75,Emergent_bounded_expression_1485da,0.8564282537653867,180162.27,181282.05,True,False
Emergent_appears_asymmetry_9e9e75,Emergent_collective_expression_a42f45,0.8687138068131715,180162.27,181282.39,True,False
Emergent_appears_asymmetry_9e9e75,Emergent_collective_criticality_1a15a7,0.9069625683772597,180162.27,181354.86,True,False
Emergent_appears_asymmetry_9e9e75,Emergent_collective_equilibrium_faa18e,0.9079200441412616,180162.27,181355.2,True,False
Emergent_appears_asymmetry_9e9e75,Emergent_ethics_expression_330141,0.7559491950848662,180162.27,181379.85,True,False
Emergent_appears_asymmetry_9e9e75,Emergent_carefully_contradiction_2a8f1f,0.7641594191716343,180162.27,181398.23,True,False
Emergent_appears_asymmetry_9e9e75,Emergent_bounded_clarity_632475,0.9,180162.27,181446.33,True,False
Emergent_appears_asymmetry_07c4dc,Emergent_contradiction_enforcing_263f3b,0.9132224792708816,180162.61,180177.34,True,False
Emergent_appears_asymmetry_07c4dc,Emergent_autonomy_belief_revision_03bf54,0.917310175714481,180162.61,180192.85,True,False
Emergent_appears_asymmetry_07c4dc,Emergent_appears_asymmetry_055160,0.91320464241973,180162.61,180208.55,True,False
Emergent_appears_asymmetry_07c4dc,Emergent_clarity_consciousness_caaa75,0.9084522254621201,180162.61,180224.57,True,False
Emergent_appears_asymmetry_07c4dc,Emergent_clarity_constraint_bf278c,0.9155663066487798,180162.61,180224.91,True,False
Emergent_appears_asymmetry_07c4dc,Emergent_bounded_carefully_19895d,0.9120658109061701,180162.61,180241.8,True,False
Emergent_appears_asymmetry_07c4dc,Emergent_contradiction_emerges_7bc60d,0.913552419492236,180162.61,180258.59,True,False
Emergent_appears_asymmetry_07c4dc,Emergent_clarity_constraint_7dc6eb,0.9102567349566191,180162.61,180273.54,True,False
Emergent_appears_asymmetry_07c4dc,Emergent_carefully_clarity_0d7a6f,0.9118988891910986,180162.61,180288.47,True,False
Emergent_appears_asymmetry_07c4dc,Emergent_carefully_clarity_28ad8a,0.9019283714271411,180162.61,180288.81,True,False
Emergent_appears_asymmetry_07c4dc,Emergent_bounded_constraint_999cf9,0.9109060595606568,180162.61,180305.05,True,False
Emergent_appears_asymmetry_07c4dc,Emergent_autonomy_collective_4a8f61,0.9126042404438517,180162.61,180305.39,True,False
Emergent_appears_asymmetry_07c4dc,Emergent_autonomy_clarity_dc06c1,0.9143415777728972,180162.61,180321.73,True,False
Emergent_appears_asymmetry_07c4dc,Emergent_consciousness_expression_dc9a81,0.9132688208002342,180162.61,180340.06,True,False
Emergent_appears_asymmetry_07c4dc,Emergent_clarity_criticality_9682fe,0.9193807231734576,180162.61,180357.72,True,False
Emergent_appears_asymmetry_07c4dc,Emergent_bounded_criticality_680155,0.9112128278369174,180162.61,180374.56,True,False
Emergent_appears_asymmetry_07c4dc,Emergent_bounded_clarity_50a8e4,0.912233136311188,180162.61,180444.9,True,False
Emergent_appears_asymmetry_07c4dc,Emergent_autonomy_coherence_1637ce,0.9218996471508019,180162.61,180463.02,True,False
Emergent_appears_asymmetry_07c4dc,Emergent_bounded_contradiction_d8e7d7,0.9166421467263515,180162.61,180482.08,True,False
Emergent_appears_asymmetry_07c4dc,Emergent_autonomy_carefully_dedeae,0.9161336064626988,180162.61,180500.56,True,False
Emergent_appears_asymmetry_07c4dc,Emergent_clarity_constraint_64b0d3,0.9163734550830311,180162.61,180519.48,True,False
Emergent_appears_asymmetry_07c4dc,Emergent_bounded_clarity_42b09f,0.9206173377880109,180162.61,180538.05,True,False
Emergent_appears_asymmetry_07c4dc,Emergent_autonomy_clarity_d6bec2,0.910218446564609,180162.61,180538.39,True,False
Emergent_appears_asymmetry_07c4dc,Emergent_clarity_ethical_4200a4,0.9204302917500904,180162.61,180573.89,True,False
Emergent_appears_asymmetry_07c4dc,Emergent_autonomy_belief_revision_81d18f,0.9224698995082956,180162.61,180591.27,True,False
Emergent_appears_asymmetry_07c4dc,Emergent_bounded_forgetting_183221,0.9146238992124625,180162.61,180591.61,True,False
Emergent_appears_asymmetry_07c4dc,Emergent_clarity_coherence_c2f943,0.9160132654722779,180162.61,180608.89,True,False
Emergent_appears_asymmetry_07c4dc,Emergent_clarity_contradiction_79daa8,0.9193277997572993,180162.61,180628.62,True,False
Emergent_appears_asymmetry_07c4dc,Emergent_coherence_focused_56ce26,0.912279659236511,180162.61,180648.01,True,False
Emergent_appears_asymmetry_07c4dc,Emergent_bounded_constraint_3b651b,0.9157265566323414,180162.61,180648.35,True,False
Emergent_appears_asymmetry_07c4dc,Emergent_coherence_emergence_e163d0,0.9062622613170954,180162.61,180667.45,True,False
Emergent_appears_asymmetry_07c4dc,Emergent_expression_feedback_f1ebfd,0.922481985021135,180162.61,180683.38,True,False
Emergent_appears_asymmetry_07c4dc,Emergent_coherence_emergence_d5f014,0.9224752895357204,180162.61,180701.76,True,False
Emergent_appears_asymmetry_07c4dc,Emergent_appears_asymmetry_1f204a,0.9183136791847797,180162.61,180720.91,True,False
Emergent_appears_asymmetry_07c4dc,Emergent_carefully_coherence_247f20,0.9055719770809305,180162.61,180756.06,True,False
Emergent_appears_asymmetry_07c4dc,Emergent_clarity_energy_08bc8c,0.917171270977793,180162.61,180775.22,True,False
Emergent_appears_asymmetry_07c4dc,Emergent_bounded_clarity_5e89c1,0.9077227461579827,180162.61,180834.8,True,False
Emergent_appears_asymmetry_07c4dc,Emergent_clarity_consciousness_737602,0.9203479169241535,180162.61,180835.14,True,False
Emergent_appears_asymmetry_07c4dc,Emergent_belief_revision_consciousness_d079c0,0.922449539401146,180162.61,180854.35,True,False
Emergent_appears_asymmetry_07c4dc,Emergent_bounded_carefully_b7805e,0.9141884277970074,180162.61,180897.93,True,False
Emergent_appears_asymmetry_07c4dc,Emergent_bounded_constraint_b19815,0.907090198225311,180162.61,180921.08,True,False
Emergent_appears_asymmetry_07c4dc,Emergent_attention_constraint_979430,0.9192698338918461,180162.61,180966.32,True,False
Emergent_appears_asymmetry_07c4dc,Emergent_attention_bounded_c919d0,0.9224222071474424,180162.61,180990.26,True,False
Emergent_appears_asymmetry_07c4dc,Emergent_bounded_constraint_510885,0.9209680664626463,180162.61,181050.48,True,False
Emergent_appears_asymmetry_07c4dc,Emergent_coherence_expression_83ebd2,0.9169280069874048,180162.61,181050.82,True,False
Emergent_appears_asymmetry_07c4dc,Emergent_appears_asymmetry_ecd8f7,0.918983813318931,180162.61,181092.92,True,False
Emergent_appears_asymmetry_07c4dc,Emergent_collective_contradiction_7c0dce,0.9121212616177137,180162.61,181235.22,True,False
Emergent_appears_asymmetry_07c4dc,Emergent_collective_consciousness_6d91b7,0.9098634769285068,180162.61,181235.56,True,False
Emergent_appears_asymmetry_07c4dc,Emergent_collective_contradiction_928680,0.9036001313377919,180162.61,181259.5,True,False
Emergent_appears_asymmetry_07c4dc,Emergent_contradiction_emerges_8ffe6e,0.9165929965289501,180162.61,181259.84,True,False
Emergent_appears_asymmetry_07c4dc,Emergent_bounded_expression_1485da,0.8564282537653867,180162.61,181282.05,True,False
Emergent_appears_asymmetry_07c4dc,Emergent_collective_expression_a42f45,0.8687138068131715,180162.61,181282.39,True,False
Emergent_appears_asymmetry_07c4dc,Emergent_collective_criticality_1a15a7,0.9069625683772597,180162.61,181354.86,True,False
Emergent_appears_asymmetry_07c4dc,Emergent_collective_equilibrium_faa18e,0.9109330428712326,180162.61,181355.2,True,False
Emergent_appears_asymmetry_07c4dc,Emergent_ethics_expression_330141,0.7559491950848662,180162.61,181379.85,True,False
Emergent_appears_asymmetry_07c4dc,Emergent_carefully_contradiction_2a8f1f,0.7743955786062555,180162.61,181398.23,True,False
Emergent_appears_asymmetry_07c4dc,Emergent_bounded_clarity_632475,0.9,180162.61,181446.33,True,False
Emergent_contradiction_enforcing_263f3b,Emergent_autonomy_belief_revision_03bf54,0.9132224787313421,180177.34,180192.85,True,False
Emergent_contradiction_enforcing_263f3b,Emergent_appears_asymmetry_055160,0.91320464241973,180177.34,180208.55,True,False
Emergent_contradiction_enforcing_263f3b,Emergent_clarity_consciousness_caaa75,0.9084522254621201,180177.34,180224.57,True,False
Emergent_contradiction_enforcing_263f3b,Emergent_clarity_constraint_bf278c,0.9132224768594703,180177.34,180224.91,True,False
Emergent_contradiction_enforcing_263f3b,Emergent_bounded_carefully_19895d,0.9120658109061701,180177.34,180241.8,True,False
Emergent_contradiction_enforcing_263f3b,Emergent_contradiction_emerges_7bc60d,0.9132224376972777,180177.34,180258.59,True,False
Emergent_contradiction_enforcing_263f3b,Emergent_clarity_constraint_7dc6eb,0.9102567349566191,180177.34,180273.54,True,False
Emergent_contradiction_enforcing_263f3b,Emergent_carefully_clarity_0d7a6f,0.9118988891910986,180177.34,180288.47,True,False
Emergent_contradiction_enforcing_263f3b,Emergent_carefully_clarity_28ad8a,0.9019283714271411,180177.34,180288.81,True,False
Emergent_contradiction_enforcing_263f3b,Emergent_bounded_constraint_999cf9,0.9109060595606568,180177.34,180305.05,True,False
Emergent_contradiction_enforcing_263f3b,Emergent_autonomy_collective_4a8f61,0.9126042404438517,180177.34,180305.39,True,False
Emergent_contradiction_enforcing_263f3b,Emergent_autonomy_clarity_dc06c1,0.9132224945395939,180177.34,180321.73,True,False
Emergent_contradiction_enforcing_263f3b,Emergent_consciousness_expression_dc9a81,0.9132224851803894,180177.34,180340.06,True,False
Emergent_contradiction_enforcing_263f3b,Emergent_clarity_criticality_9682fe,0.9132224695817153,180177.34,180357.72,True,False
Emergent_contradiction_enforcing_263f3b,Emergent_bounded_criticality_680155,0.9112128278369174,180177.34,180374.56,True,False
Emergent_contradiction_enforcing_263f3b,Emergent_bounded_clarity_50a8e4,0.912233136311188,180177.34,180444.9,True,False
Emergent_contradiction_enforcing_263f3b,Emergent_autonomy_coherence_1637ce,0.9132225023339751,180177.34,180463.02,True,False
Emergent_contradiction_enforcing_263f3b,Emergent_bounded_contradiction_d8e7d7,0.9132216293479203,180177.34,180482.08,True,False
Emergent_contradiction_enforcing_263f3b,Emergent_autonomy_carefully_dedeae,0.9132226585557515,180177.34,180500.56,True,False
Emergent_contradiction_enforcing_263f3b,Emergent_clarity_constraint_64b0d3,0.9132224962048834,180177.34,180519.48,True,False
Emergent_contradiction_enforcing_263f3b,Emergent_bounded_clarity_42b09f,0.9132222642750718,180177.34,180538.05,True,False
Emergent_contradiction_enforcing_263f3b,Emergent_autonomy_clarity_d6bec2,0.910218446564609,180177.34,180538.39,True,False
Emergent_contradiction_enforcing_263f3b,Emergent_clarity_ethical_4200a4,0.913221841510502,180177.34,180573.89,True,False
Emergent_contradiction_enforcing_263f3b,Emergent_autonomy_belief_revision_81d18f,0.9132144130845117,180177.34,180591.27,True,False
Emergent_contradiction_enforcing_263f3b,Emergent_bounded_forgetting_183221,0.9132142333430762,180177.34,180591.61,True,False
Emergent_contradiction_enforcing_263f3b,Emergent_clarity_coherence_c2f943,0.9132143355409781,180177.34,180608.89,True,False
Emergent_contradiction_enforcing_263f3b,Emergent_clarity_contradiction_79daa8,0.9132204186663899,180177.34,180628.62,True,False
Emergent_contradiction_enforcing_263f3b,Emergent_coherence_focused_56ce26,0.912279659236511,180177.34,180648.01,True,False
Emergent_contradiction_enforcing_263f3b,Emergent_bounded_constraint_3b651b,0.913213789458527,180177.34,180648.35,True,False
Emergent_contradiction_enforcing_263f3b,Emergent_coherence_emergence_e163d0,0.9062622613170954,180177.34,180667.45,True,False
Emergent_contradiction_enforcing_263f3b,Emergent_expression_feedback_f1ebfd,0.9132273270693647,180177.34,180683.38,True,False
Emergent_contradiction_enforcing_263f3b,Emergent_coherence_emergence_d5f014,0.9132187783346621,180177.34,180701.76,True,False
Emergent_contradiction_enforcing_263f3b,Emergent_appears_asymmetry_1f204a,0.9132245965752988,180177.34,180720.91,True,False
Emergent_contradiction_enforcing_263f3b,Emergent_carefully_coherence_247f20,0.9055719770809305,180177.34,180756.06,True,False
Emergent_contradiction_enforcing_263f3b,Emergent_clarity_energy_08bc8c,0.9132215121174734,180177.34,180775.22,True,False
Emergent_contradiction_enforcing_263f3b,Emergent_bounded_clarity_5e89c1,0.9077227461579827,180177.34,180834.8,True,False
Emergent_contradiction_enforcing_263f3b,Emergent_clarity_consciousness_737602,0.9131934962129704,180177.34,180835.14,True,False
Emergent_contradiction_enforcing_263f3b,Emergent_belief_revision_consciousness_d079c0,0.9131958245931842,180177.34,180854.35,True,False
Emergent_contradiction_enforcing_263f3b,Emergent_bounded_carefully_b7805e,0.913202351181281,180177.34,180897.93,True,False
Emergent_contradiction_enforcing_263f3b,Emergent_bounded_constraint_b19815,0.907090198225311,180177.34,180921.08,True,False
Emergent_contradiction_enforcing_263f3b,Emergent_attention_constraint_979430,0.9132969308217307,180177.34,180966.32,True,False
Emergent_contradiction_enforcing_263f3b,Emergent_attention_bounded_c919d0,0.9131806155647368,180177.34,180990.26,True,False
Emergent_contradiction_enforcing_263f3b,Emergent_bounded_constraint_510885,0.9115692320285271,180177.34,181050.48,True,False
Emergent_contradiction_enforcing_263f3b,Emergent_coherence_expression_83ebd2,0.9115445410365335,180177.34,181050.82,True,False
Emergent_contradiction_enforcing_263f3b,Emergent_appears_asymmetry_ecd8f7,0.9100426267079378,180177.34,181092.92,True,False
Emergent_contradiction_enforcing_263f3b,Emergent_collective_contradiction_7c0dce,0.9121212616177137,180177.34,181235.22,True,False
Emergent_contradiction_enforcing_263f3b,Emergent_collective_consciousness_6d91b7,0.9098634769285068,180177.34,181235.56,True,False
Emergent_contradiction_enforcing_263f3b,Emergent_collective_contradiction_928680,0.9036001313377919,180177.34,181259.5,True,False
Emergent_contradiction_enforcing_263f3b,Emergent_contradiction_emerges_8ffe6e,0.9103105859091047,180177.34,181259.84,True,False
Emergent_contradiction_enforcing_263f3b,Emergent_bounded_expression_1485da,0.8564282537653867,180177.34,181282.05,True,False
Emergent_contradiction_enforcing_263f3b,Emergent_collective_expression_a42f45,0.8687138068131715,180177.34,181282.39,True,False
Emergent_contradiction_enforcing_263f3b,Emergent_collective_criticality_1a15a7,0.9062005895197847,180177.34,181354.86,True,False
Emergent_contradiction_enforcing_263f3b,Emergent_collective_equilibrium_faa18e,0.9065358011613371,180177.34,181355.2,True,False
Emergent_contradiction_enforcing_263f3b,Emergent_ethics_expression_330141,0.7546033846577589,180177.34,181379.85,True,False
Emergent_contradiction_enforcing_263f3b,Emergent_carefully_contradiction_2a8f1f,0.7601915855321255,180177.34,181398.23,True,False
Emergent_contradiction_enforcing_263f3b,Emergent_bounded_clarity_632475,0.9,180177.34,181446.33,True,False
Emergent_autonomy_belief_revision_03bf54,Emergent_appears_asymmetry_055160,0.91320464241973,180192.85,180208.55,True,False
Emergent_autonomy_belief_revision_03bf54,Emergent_clarity_consciousness_caaa75,0.9084522254621201,180192.85,180224.57,True,False
Emergent_autonomy_belief_revision_03bf54,Emergent_clarity_constraint_bf278c,0.9155663066487798,180192.85,180224.91,True,False
Emergent_autonomy_belief_revision_03bf54,Emergent_bounded_carefully_19895d,0.9120658109061701,180192.85,180241.8,True,False
Emergent_autonomy_belief_revision_03bf54,Emergent_contradiction_emerges_7bc60d,0.913552419492236,180192.85,180258.59,True,False
Emergent_autonomy_belief_revision_03bf54,Emergent_clarity_constraint_7dc6eb,0.9102567349566191,180192.85,180273.54,True,False
Emergent_autonomy_belief_revision_03bf54,Emergent_carefully_clarity_0d7a6f,0.9118988891910986,180192.85,180288.47,True,False
Emergent_autonomy_belief_revision_03bf54,Emergent_carefully_clarity_28ad8a,0.9019283714271411,180192.85,180288.81,True,False
Emergent_autonomy_belief_revision_03bf54,Emergent_bounded_constraint_999cf9,0.9109060595606568,180192.85,180305.05,True,False
Emergent_autonomy_belief_revision_03bf54,Emergent_autonomy_collective_4a8f61,0.9126042404438517,180192.85,180305.39,True,False
Emergent_autonomy_belief_revision_03bf54,Emergent_autonomy_clarity_dc06c1,0.9143415777728972,180192.85,180321.73,True,False
Emergent_autonomy_belief_revision_03bf54,Emergent_consciousness_expression_dc9a81,0.9132688208002342,180192.85,180340.06,True,False
Emergent_autonomy_belief_revision_03bf54,Emergent_clarity_criticality_9682fe,0.9173101657063527,180192.85,180357.72,True,False
Emergent_autonomy_belief_revision_03bf54,Emergent_bounded_criticality_680155,0.9112128278369174,180192.85,180374.56,True,False
Emergent_autonomy_belief_revision_03bf54,Emergent_bounded_clarity_50a8e4,0.912233136311188,180192.85,180444.9,True,False
Emergent_autonomy_belief_revision_03bf54,Emergent_autonomy_coherence_1637ce,0.9173101882621386,180192.85,180463.02,True,False
Emergent_autonomy_belief_revision_03bf54,Emergent_bounded_contradiction_d8e7d7,0.9166421467263515,180192.85,180482.08,True,False
Emergent_autonomy_belief_revision_03bf54,Emergent_autonomy_carefully_dedeae,0.9161336064626988,180192.85,180500.56,True,False
Emergent_autonomy_belief_revision_03bf54,Emergent_clarity_constraint_64b0d3,0.9163734550830311,180192.85,180519.48,True,False
Emergent_autonomy_belief_revision_03bf54,Emergent_bounded_clarity_42b09f,0.9173099390881341,180192.85,180538.05,True,False
Emergent_autonomy_belief_revision_03bf54,Emergent_autonomy_clarity_d6bec2,0.910218446564609,180192.85,180538.39,True,False
Emergent_autonomy_belief_revision_03bf54,Emergent_clarity_ethical_4200a4,0.9173095140453229,180192.85,180573.89,True,False
Emergent_autonomy_belief_revision_03bf54,Emergent_autonomy_belief_revision_81d18f,0.9173021481943724,180192.85,180591.27,True,False
Emergent_autonomy_belief_revision_03bf54,Emergent_bounded_forgetting_183221,0.9146238992124625,180192.85,180591.61,True,False
Emergent_autonomy_belief_revision_03bf54,Emergent_clarity_coherence_c2f943,0.9160132654722779,180192.85,180608.89,True,False
Emergent_autonomy_belief_revision_03bf54,Emergent_clarity_contradiction_79daa8,0.9173083034123399,180192.85,180628.62,True,False
Emergent_autonomy_belief_revision_03bf54,Emergent_coherence_focused_56ce26,0.912279659236511,180192.85,180648.01,True,False
Emergent_autonomy_belief_revision_03bf54,Emergent_bounded_constraint_3b651b,0.9157265566323414,180192.85,180648.35,True,False
Emergent_autonomy_belief_revision_03bf54,Emergent_coherence_emergence_e163d0,0.9062622613170954,180192.85,180667.45,True,False
Emergent_autonomy_belief_revision_03bf54,Emergent_expression_feedback_f1ebfd,0.9173146962801273,180192.85,180683.38,True,False
Emergent_autonomy_belief_revision_03bf54,Emergent_coherence_emergence_d5f014,0.9173069660428905,180192.85,180701.76,True,False
Emergent_autonomy_belief_revision_03bf54,Emergent_appears_asymmetry_1f204a,0.9173115492415509,180192.85,180720.91,True,False
Emergent_autonomy_belief_revision_03bf54,Emergent_carefully_coherence_247f20,0.9055719770809305,180192.85,180756.06,True,False
Emergent_autonomy_belief_revision_03bf54,Emergent_clarity_energy_08bc8c,0.917171270977793,180192.85,180775.22,True,False
Emergent_autonomy_belief_revision_03bf54,Emergent_bounded_clarity_5e89c1,0.9077227461579827,180192.85,180834.8,True,False
Emergent_autonomy_belief_revision_03bf54,Emergent_clarity_consciousness_737602,0.9172804395737888,180192.85,180835.14,True,False
Emergent_autonomy_belief_revision_03bf54,Emergent_belief_revision_consciousness_d079c0,0.9172827772594365,180192.85,180854.35,True,False
Emergent_autonomy_belief_revision_03bf54,Emergent_bounded_carefully_b7805e,0.9141884277970074,180192.85,180897.93,True,False
Emergent_autonomy_belief_revision_03bf54,Emergent_bounded_constraint_b19815,0.907090198225311,180192.85,180921.08,True,False
Emergent_autonomy_belief_revision_03bf54,Emergent_attention_constraint_979430,0.9173785292006709,180192.85,180966.32,True,False
Emergent_autonomy_belief_revision_03bf54,Emergent_attention_bounded_c919d0,0.9172622139436772,180192.85,180990.26,True,False
Emergent_autonomy_belief_revision_03bf54,Emergent_bounded_constraint_510885,0.9157202775542805,180192.85,181050.48,True,False
Emergent_autonomy_belief_revision_03bf54,Emergent_coherence_expression_83ebd2,0.9156949713573732,180192.85,181050.82,True,False
Emergent_autonomy_belief_revision_03bf54,Emergent_appears_asymmetry_ecd8f7,0.9141556350785089,180192.85,181092.92,True,False
Emergent_autonomy_belief_revision_03bf54,Emergent_collective_contradiction_7c0dce,0.9121212616177137,180192.85,181235.22,True,False
Emergent_autonomy_belief_revision_03bf54,Emergent_collective_consciousness_6d91b7,0.9098634769285068,180192.85,181235.56,True,False
Emergent_autonomy_belief_revision_03bf54,Emergent_collective_contradiction_928680,0.9036001313377919,180192.85,181259.5,True,False
Emergent_autonomy_belief_revision_03bf54,Emergent_contradiction_emerges_8ffe6e,0.9140794482886205,180192.85,181259.84,True,False
Emergent_autonomy_belief_revision_03bf54,Emergent_bounded_expression_1485da,0.8564282537653867,180192.85,181282.05,True,False
Emergent_autonomy_belief_revision_03bf54,Emergent_collective_expression_a42f45,0.8687138068131715,180192.85,181282.39,True,False
Emergent_autonomy_belief_revision_03bf54,Emergent_collective_criticality_1a15a7,0.9069625683772597,180192.85,181354.86,True,False
Emergent_autonomy_belief_revision_03bf54,Emergent_collective_equilibrium_faa18e,0.9087243327708194,180192.85,181355.2,True,False
Emergent_autonomy_belief_revision_03bf54,Emergent_ethics_expression_330141,0.7559491950848662,180192.85,181379.85,True,False
Emergent_autonomy_belief_revision_03bf54,Emergent_carefully_contradiction_2a8f1f,0.7664648550860779,180192.85,181398.23,True,False
Emergent_autonomy_belief_revision_03bf54,Emergent_bounded_clarity_632475,0.9,180192.85,181446.33,True,False
Emergent_appears_asymmetry_055160,Emergent_clarity_consciousness_caaa75,0.9084522254621201,180208.55,180224.57,True,False
Emergent_appears_asymmetry_055160,Emergent_clarity_constraint_bf278c,0.9132046413186288,180208.55,180224.91,True,False
Emergent_appears_asymmetry_055160,Emergent_bounded_carefully_19895d,0.9120658109061701,180208.55,180241.8,True,False
Emergent_appears_asymmetry_055160,Emergent_contradiction_emerges_7bc60d,0.9132046021571025,180208.55,180258.59,True,False
Emergent_appears_asymmetry_055160,Emergent_clarity_constraint_7dc6eb,0.9102567349566191,180208.55,180273.54,True,False
Emergent_appears_asymmetry_055160,Emergent_carefully_clarity_0d7a6f,0.9118988891910986,180208.55,180288.47,True,False
Emergent_appears_asymmetry_055160,Emergent_carefully_clarity_28ad8a,0.9019283714271411,180208.55,180288.81,True,False
Emergent_appears_asymmetry_055160,Emergent_bounded_constraint_999cf9,0.9109060595606568,180208.55,180305.05,True,False
Emergent_appears_asymmetry_055160,Emergent_autonomy_collective_4a8f61,0.9126042404438517,180208.55,180305.39,True,False
Emergent_appears_asymmetry_055160,Emergent_autonomy_clarity_dc06c1,0.9132046590024985,180208.55,180321.73,True,False
Emergent_appears_asymmetry_055160,Emergent_consciousness_expression_dc9a81,0.913204649643294,180208.55,180340.06,True,False
Emergent_appears_asymmetry_055160,Emergent_clarity_criticality_9682fe,0.9132046340446198,180208.55,180357.72,True,False
Emergent_appears_asymmetry_055160,Emergent_bounded_criticality_680155,0.9112128278369174,180208.55,180374.56,True,False
Emergent_appears_asymmetry_055160,Emergent_bounded_clarity_50a8e4,0.912233136311188,180208.55,180444.9,True,False
Emergent_appears_asymmetry_055160,Emergent_autonomy_coherence_1637ce,0.9132046668413689,180208.55,180463.02,True,False
Emergent_appears_asymmetry_055160,Emergent_bounded_contradiction_d8e7d7,0.9132037937664017,180208.55,180482.08,True,False
Emergent_appears_asymmetry_055160,Emergent_autonomy_carefully_dedeae,0.913204823111643,180208.55,180500.56,True,False
Emergent_appears_asymmetry_055160,Emergent_clarity_constraint_64b0d3,0.9132046607607749,180208.55,180519.48,True,False
Emergent_appears_asymmetry_055160,Emergent_bounded_clarity_42b09f,0.9132044288309633,180208.55,180538.05,True,False
Emergent_appears_asymmetry_055160,Emergent_autonomy_clarity_d6bec2,0.910218446564609,180208.55,180538.39,True,False
Emergent_appears_asymmetry_055160,Emergent_clarity_ethical_4200a4,0.913204006076334,180208.55,180573.89,True,False
Emergent_appears_asymmetry_055160,Emergent_autonomy_belief_revision_81d18f,0.9131965773773145,180208.55,180591.27,True,False
Emergent_appears_asymmetry_055160,Emergent_bounded_forgetting_183221,0.9131963976554196,180208.55,180591.61,True,False
Emergent_appears_asymmetry_055160,Emergent_clarity_coherence_c2f943,0.9131964998422113,180208.55,180608.89,True,False
Emergent_appears_asymmetry_055160,Emergent_clarity_contradiction_79daa8,0.913202582306297,180208.55,180628.62,True,False
Emergent_appears_asymmetry_055160,Emergent_coherence_focused_56ce26,0.912279659236511,180208.55,180648.01,True,False
Emergent_appears_asymmetry_055160,Emergent_bounded_constraint_3b651b,0.9131959537772945,180208.55,180648.35,True,False
Emergent_appears_asymmetry_055160,Emergent_coherence_emergence_e163d0,0.9062622613170954,180208.55,180667.45,True,False
Emergent_appears_asymmetry_055160,Emergent_expression_feedback_f1ebfd,0.9132094929586678,180208.55,180683.38,True,False
Emergent_appears_asymmetry_055160,Emergent_coherence_emergence_d5f014,0.9132009406526769,180208.55,180701.76,True,False
Emergent_appears_asymmetry_055160,Emergent_appears_asymmetry_1f204a,0.9132067642820791,180208.55,180720.91,True,False
Emergent_appears_asymmetry_055160,Emergent_carefully_coherence_247f20,0.9055719770809305,180208.55,180756.06,True,False
Emergent_appears_asymmetry_055160,Emergent_clarity_energy_08bc8c,0.9132036798242538,180208.55,180775.22,True,False
Emergent_appears_asymmetry_055160,Emergent_bounded_clarity_5e89c1,0.9077227461579827,180208.55,180834.8,True,False
Emergent_appears_asymmetry_055160,Emergent_clarity_consciousness_737602,0.9131756639603523,180208.55,180835.14,True,False
Emergent_appears_asymmetry_055160,Emergent_belief_revision_consciousness_d079c0,0.9131779922999645,180208.55,180854.35,True,False
Emergent_appears_asymmetry_055160,Emergent_bounded_carefully_b7805e,0.9131845319711442,180208.55,180897.93,True,False
Emergent_appears_asymmetry_055160,Emergent_bounded_constraint_b19815,0.907090198225311,180208.55,180921.08,True,False
Emergent_appears_asymmetry_055160,Emergent_attention_constraint_979430,0.9132791218904701,180208.55,180966.32,True,False
Emergent_appears_asymmetry_055160,Emergent_attention_bounded_c919d0,0.9131628066334765,180208.55,180990.26,True,False
Emergent_appears_asymmetry_055160,Emergent_bounded_constraint_510885,0.9115511200837536,180208.55,181050.48,True,False
Emergent_appears_asymmetry_055160,Emergent_coherence_expression_83ebd2,0.9115264317760372,180208.55,181050.82,True,False
Emergent_appears_asymmetry_055160,Emergent_appears_asymmetry_ecd8f7,0.9100246807278229,180208.55,181092.92,True,False
Emergent_appears_asymmetry_055160,Emergent_collective_contradiction_7c0dce,0.9121212616177137,180208.55,181235.22,True,False
Emergent_appears_asymmetry_055160,Emergent_collective_consciousness_6d91b7,0.9098634769285068,180208.55,181235.56,True,False
Emergent_appears_asymmetry_055160,Emergent_collective_contradiction_928680,0.9036001313377919,180208.55,181259.5,True,False
Emergent_appears_asymmetry_055160,Emergent_contradiction_emerges_8ffe6e,0.9102941415153121,180208.55,181259.84,True,False
Emergent_appears_asymmetry_055160,Emergent_bounded_expression_1485da,0.8564282537653867,180208.55,181282.05,True,False
Emergent_appears_asymmetry_055160,Emergent_collective_expression_a42f45,0.8687138068131715,180208.55,181282.39,True,False
Emergent_appears_asymmetry_055160,Emergent_collective_criticality_1a15a7,0.9061910769068773,180208.55,181354.86,True,False
Emergent_appears_asymmetry_055160,Emergent_collective_equilibrium_faa18e,0.9065262521059487,180208.55,181355.2,True,False
Emergent_appears_asymmetry_055160,Emergent_ethics_expression_330141,0.7545763689037668,180208.55,181379.85,True,False
Emergent_appears_asymmetry_055160,Emergent_carefully_contradiction_2a8f1f,0.7601642138468463,180208.55,181398.23,True,False
Emergent_appears_asymmetry_055160,Emergent_bounded_clarity_632475,0.9,180208.55,181446.33,True,False
Emergent_clarity_consciousness_caaa75,Emergent_clarity_constraint_bf278c,0.9084522217917834,180224.57,180224.91,True,False
Emergent_clarity_consciousness_caaa75,Emergent_bounded_carefully_19895d,0.9084522157895762,180224.57,180241.8,True,False
Emergent_clarity_consciousness_caaa75,Emergent_contradiction_emerges_7bc60d,0.908452186478143,180224.57,180258.59,True,False
Emergent_clarity_consciousness_caaa75,Emergent_clarity_constraint_7dc6eb,0.9084521993239114,180224.57,180273.54,True,False
Emergent_clarity_consciousness_caaa75,Emergent_carefully_clarity_0d7a6f,0.9084522506955393,180224.57,180288.47,True,False
Emergent_clarity_consciousness_caaa75,Emergent_carefully_clarity_28ad8a,0.9019283714271411,180224.57,180288.81,True,False
Emergent_clarity_consciousness_caaa75,Emergent_bounded_constraint_999cf9,0.9084522430521889,180224.57,180305.05,True,False
Emergent_clarity_consciousness_caaa75,Emergent_autonomy_collective_4a8f61,0.9084522430521889,180224.57,180305.39,True,False
Emergent_clarity_consciousness_caaa75,Emergent_autonomy_clarity_dc06c1,0.9084522441440961,180224.57,180321.73,True,False
Emergent_clarity_consciousness_caaa75,Emergent_consciousness_expression_dc9a81,0.9084522347848916,180224.57,180340.06,True,False
Emergent_clarity_consciousness_caaa75,Emergent_clarity_criticality_9682fe,0.9084522191862174,180224.57,180357.72,True,False
Emergent_clarity_consciousness_caaa75,Emergent_bounded_criticality_680155,0.9084522214145996,180224.57,180374.56,True,False
Emergent_clarity_consciousness_caaa75,Emergent_bounded_clarity_50a8e4,0.9084518033576032,180224.57,180444.9,True,False
Emergent_clarity_consciousness_caaa75,Emergent_autonomy_coherence_1637ce,0.9084522638375352,180224.57,180463.02,True,False
Emergent_clarity_consciousness_caaa75,Emergent_bounded_contradiction_d8e7d7,0.9084513670711074,180224.57,180482.08,True,False
Emergent_clarity_consciousness_caaa75,Emergent_autonomy_carefully_dedeae,0.9084524330303874,180224.57,180500.56,True,False
Emergent_clarity_consciousness_caaa75,Emergent_clarity_constraint_64b0d3,0.9084522706795193,180224.57,180519.48,True,False
Emergent_clarity_consciousness_caaa75,Emergent_bounded_clarity_42b09f,0.9084520387497077,180224.57,180538.05,True,False
Emergent_clarity_consciousness_caaa75,Emergent_autonomy_clarity_d6bec2,0.9084520387497077,180224.57,180538.39,True,False
Emergent_clarity_consciousness_caaa75,Emergent_clarity_ethical_4200a4,0.908451618643795,180224.57,180573.89,True,False
Emergent_clarity_consciousness_caaa75,Emergent_autonomy_belief_revision_81d18f,0.9084441171941253,180224.57,180591.27,True,False
Emergent_clarity_consciousness_caaa75,Emergent_bounded_forgetting_183221,0.9084439426789623,180224.57,180591.61,True,False
Emergent_clarity_consciousness_caaa75,Emergent_clarity_coherence_c2f943,0.9084440419052953,180224.57,180608.89,True,False
Emergent_clarity_consciousness_caaa75,Emergent_clarity_contradiction_79daa8,0.908449948154018,180224.57,180628.62,True,False
Emergent_clarity_consciousness_caaa75,Emergent_coherence_focused_56ce26,0.9084434484221648,180224.57,180648.01,True,False
Emergent_clarity_consciousness_caaa75,Emergent_bounded_constraint_3b651b,0.9084435005125151,180224.57,180648.35,True,False
Emergent_clarity_consciousness_caaa75,Emergent_coherence_emergence_e163d0,0.9062622613170954,180224.57,180667.45,True,False
Emergent_clarity_consciousness_caaa75,Emergent_expression_feedback_f1ebfd,0.9084574581750824,180224.57,180683.38,True,False
Emergent_clarity_consciousness_caaa75,Emergent_coherence_emergence_d5f014,0.9084479542720552,180224.57,180701.76,True,False
Emergent_clarity_consciousness_caaa75,Emergent_appears_asymmetry_1f204a,0.9084552137791886,180224.57,180720.91,True,False
Emergent_clarity_consciousness_caaa75,Emergent_carefully_coherence_247f20,0.9055719770809305,180224.57,180756.06,True,False
Emergent_clarity_consciousness_caaa75,Emergent_clarity_energy_08bc8c,0.9084521293213632,180224.57,180775.22,True,False
Emergent_clarity_consciousness_caaa75,Emergent_bounded_clarity_5e89c1,0.9077227461579827,180224.57,180834.8,True,False
Emergent_clarity_consciousness_caaa75,Emergent_clarity_consciousness_737602,0.908424124276094,180224.57,180835.14,True,False
Emergent_clarity_consciousness_caaa75,Emergent_belief_revision_consciousness_d079c0,0.9084264417970742,180224.57,180854.35,True,False
Emergent_clarity_consciousness_caaa75,Emergent_bounded_carefully_b7805e,0.9084364675554704,180224.57,180897.93,True,False
Emergent_clarity_consciousness_caaa75,Emergent_bounded_constraint_b19815,0.907090198225311,180224.57,180921.08,True,False
Emergent_clarity_consciousness_caaa75,Emergent_attention_constraint_979430,0.9085337963597406,180224.57,180966.32,True,False
Emergent_clarity_consciousness_caaa75,Emergent_attention_bounded_c919d0,0.9084174811027468,180224.57,180990.26,True,False
Emergent_clarity_consciousness_caaa75,Emergent_bounded_constraint_510885,0.9067250542919272,180224.57,181050.48,True,False
Emergent_clarity_consciousness_caaa75,Emergent_coherence_expression_83ebd2,0.9067010812303742,180224.57,181050.82,True,False
Emergent_clarity_consciousness_caaa75,Emergent_appears_asymmetry_ecd8f7,0.9052428374848225,180224.57,181092.92,True,False
Emergent_clarity_consciousness_caaa75,Emergent_collective_contradiction_7c0dce,0.9086645378985654,180224.57,181235.22,True,False
Emergent_clarity_consciousness_caaa75,Emergent_collective_consciousness_6d91b7,0.9086645378985654,180224.57,181235.56,True,False
Emergent_clarity_consciousness_caaa75,Emergent_collective_contradiction_928680,0.9036001313377919,180224.57,181259.5,True,False
Emergent_clarity_consciousness_caaa75,Emergent_contradiction_emerges_8ffe6e,0.9059124073977172,180224.57,181259.84,True,False
Emergent_clarity_consciousness_caaa75,Emergent_bounded_expression_1485da,0.8564282537653867,180224.57,181282.05,True,False
Emergent_clarity_consciousness_caaa75,Emergent_collective_expression_a42f45,0.865824050695922,180224.57,181282.39,True,False
Emergent_clarity_consciousness_caaa75,Emergent_collective_criticality_1a15a7,0.9036563686622683,180224.57,181354.86,True,False
Emergent_clarity_consciousness_caaa75,Emergent_collective_equilibrium_faa18e,0.9039818334843446,180224.57,181355.2,True,False
Emergent_clarity_consciousness_caaa75,Emergent_ethics_expression_330141,0.747377815252428,180224.57,181379.85,True,False
Emergent_clarity_consciousness_caaa75,Emergent_carefully_contradiction_2a8f1f,0.7528708195900482,180224.57,181398.23,True,False
Emergent_clarity_consciousness_caaa75,Emergent_bounded_clarity_632475,0.9,180224.57,181446.33,True,False
Emergent_clarity_constraint_bf278c,Emergent_bounded_carefully_19895d,0.9120658109061701,180224.91,180241.8,True,False
Emergent_clarity_constraint_bf278c,Emergent_contradiction_emerges_7bc60d,0.913552419492236,180224.91,180258.59,True,False
Emergent_clarity_constraint_bf278c,Emergent_clarity_constraint_7dc6eb,0.9102567349566191,180224.91,180273.54,True,False
Emergent_clarity_constraint_bf278c,Emergent_carefully_clarity_0d7a6f,0.9118988891910986,180224.91,180288.47,True,False
Emergent_clarity_constraint_bf278c,Emergent_carefully_clarity_28ad8a,0.9019283714271411,180224.91,180288.81,True,False
Emergent_clarity_constraint_bf278c,Emergent_bounded_constraint_999cf9,0.9109060595606568,180224.91,180305.05,True,False
Emergent_clarity_constraint_bf278c,Emergent_autonomy_collective_4a8f61,0.9126042404438517,180224.91,180305.39,True,False
Emergent_clarity_constraint_bf278c,Emergent_autonomy_clarity_dc06c1,0.9143415777728972,180224.91,180321.73,True,False
Emergent_clarity_constraint_bf278c,Emergent_consciousness_expression_dc9a81,0.9132688208002342,180224.91,180340.06,True,False
Emergent_clarity_constraint_bf278c,Emergent_clarity_criticality_9682fe,0.9155662988787716,180224.91,180357.72,True,False
Emergent_clarity_constraint_bf278c,Emergent_bounded_criticality_680155,0.9112128278369174,180224.91,180374.56,True,False
Emergent_clarity_constraint_bf278c,Emergent_bounded_clarity_50a8e4,0.912233136311188,180224.91,180444.9,True,False
Emergent_clarity_constraint_bf278c,Emergent_autonomy_coherence_1637ce,0.9155663257845121,180224.91,180463.02,True,False
Emergent_clarity_constraint_bf278c,Emergent_bounded_contradiction_d8e7d7,0.9155654644827782,180224.91,180482.08,True,False
Emergent_clarity_constraint_bf278c,Emergent_autonomy_carefully_dedeae,0.9155664756330408,180224.91,180500.56,True,False
Emergent_clarity_constraint_bf278c,Emergent_clarity_constraint_64b0d3,0.9155663132821728,180224.91,180519.48,True,False
Emergent_clarity_constraint_bf278c,Emergent_bounded_clarity_42b09f,0.9155660813523612,180224.91,180538.05,True,False
Emergent_clarity_constraint_bf278c,Emergent_autonomy_clarity_d6bec2,0.910218446564609,180224.91,180538.39,True,False
Emergent_clarity_constraint_bf278c,Emergent_clarity_ethical_4200a4,0.9155656572814788,180224.91,180573.89,True,False
Emergent_clarity_constraint_bf278c,Emergent_autonomy_belief_revision_81d18f,0.9155582647351643,180224.91,180591.27,True,False
Emergent_clarity_constraint_bf278c,Emergent_bounded_forgetting_183221,0.9146238992124625,180224.91,180591.61,True,False
Emergent_clarity_constraint_bf278c,Emergent_clarity_coherence_c2f943,0.915558186083798,180224.91,180608.89,True,False
Emergent_clarity_constraint_bf278c,Emergent_clarity_contradiction_79daa8,0.9155643561163385,180224.91,180628.62,True,False
Emergent_clarity_constraint_bf278c,Emergent_coherence_focused_56ce26,0.912279659236511,180224.91,180648.01,True,False
Emergent_clarity_constraint_bf278c,Emergent_bounded_constraint_3b651b,0.9155576376971097,180224.91,180648.35,True,False
Emergent_clarity_constraint_bf278c,Emergent_coherence_emergence_e163d0,0.9062622613170954,180224.91,180667.45,True,False
Emergent_clarity_constraint_bf278c,Emergent_expression_feedback_f1ebfd,0.9155709689184568,180224.91,180683.38,True,False
Emergent_clarity_constraint_bf278c,Emergent_coherence_emergence_d5f014,0.915562889499056,180224.91,180701.76,True,False
Emergent_clarity_constraint_bf278c,Emergent_appears_asymmetry_1f204a,0.9155679995834403,180224.91,180720.91,True,False
Emergent_clarity_constraint_bf278c,Emergent_carefully_coherence_247f20,0.9055719770809305,180224.91,180756.06,True,False
Emergent_clarity_constraint_bf278c,Emergent_clarity_energy_08bc8c,0.9155649151256151,180224.91,180775.22,True,False
Emergent_clarity_constraint_bf278c,Emergent_bounded_clarity_5e89c1,0.9077227461579827,180224.91,180834.8,True,False
Emergent_clarity_constraint_bf278c,Emergent_clarity_consciousness_737602,0.9155368938855031,180224.91,180835.14,True,False
Emergent_clarity_constraint_bf278c,Emergent_belief_revision_consciousness_d079c0,0.9155392276013259,180224.91,180854.35,True,False
Emergent_clarity_constraint_bf278c,Emergent_bounded_carefully_b7805e,0.9141884277970074,180224.91,180897.93,True,False
Emergent_clarity_constraint_bf278c,Emergent_bounded_constraint_b19815,0.907090198225311,180224.91,180921.08,True,False
Emergent_clarity_constraint_bf278c,Emergent_attention_constraint_979430,0.9156372637544352,180224.91,180966.32,True,False
Emergent_clarity_constraint_bf278c,Emergent_attention_bounded_c919d0,0.9155209484974416,180224.91,180990.26,True,False
Emergent_clarity_constraint_bf278c,Emergent_bounded_constraint_510885,0.9139493850095755,180224.91,181050.48,True,False
Emergent_clarity_constraint_bf278c,Emergent_coherence_expression_83ebd2,0.9139243412674614,180224.91,181050.82,True,False
Emergent_clarity_constraint_bf278c,Emergent_appears_asymmetry_ecd8f7,0.912400969702144,180224.91,181092.92,True,False
Emergent_clarity_constraint_bf278c,Emergent_collective_contradiction_7c0dce,0.9121212616177137,180224.91,181235.22,True,False
Emergent_clarity_constraint_bf278c,Emergent_collective_consciousness_6d91b7,0.9098634769285068,180224.91,181235.56,True,False
Emergent_clarity_constraint_bf278c,Emergent_collective_contradiction_928680,0.9036001313377919,180224.91,181259.5,True,False
Emergent_clarity_constraint_bf278c,Emergent_contradiction_emerges_8ffe6e,0.9124716002781623,180224.91,181259.84,True,False
Emergent_clarity_constraint_bf278c,Emergent_bounded_expression_1485da,0.8564282537653867,180224.91,181282.05,True,False
Emergent_clarity_constraint_bf278c,Emergent_collective_expression_a42f45,0.8687138068131715,180224.91,181282.39,True,False
Emergent_clarity_constraint_bf278c,Emergent_collective_criticality_1a15a7,0.9069625683772597,180224.91,181354.86,True,False
Emergent_clarity_constraint_bf278c,Emergent_collective_equilibrium_faa18e,0.9077906753857008,180224.91,181355.2,True,False
Emergent_clarity_constraint_bf278c,Emergent_ethics_expression_330141,0.7559491950848662,180224.91,181379.85,True,False
Emergent_clarity_constraint_bf278c,Emergent_carefully_contradiction_2a8f1f,0.7637885928733181,180224.91,181398.23,True,False
Emergent_clarity_constraint_bf278c,Emergent_bounded_clarity_632475,0.9,180224.91,181446.33,True,False
Emergent_bounded_carefully_19895d,Emergent_contradiction_emerges_7bc60d,0.9120657787718893,180241.8,180258.59,True,False
Emergent_bounded_carefully_19895d,Emergent_clarity_constraint_7dc6eb,0.9102567336295333,180241.8,180273.54,True,False
Emergent_bounded_carefully_19895d,Emergent_carefully_clarity_0d7a6f,0.9118988891910986,180241.8,180288.47,True,False
Emergent_bounded_carefully_19895d,Emergent_carefully_clarity_28ad8a,0.9019283714271411,180241.8,180288.81,True,False
Emergent_bounded_carefully_19895d,Emergent_bounded_constraint_999cf9,0.9109060595606568,180241.8,180305.05,True,False
Emergent_bounded_carefully_19895d,Emergent_autonomy_collective_4a8f61,0.9120658368798977,180241.8,180305.39,True,False
Emergent_bounded_carefully_19895d,Emergent_autonomy_clarity_dc06c1,0.9120658379718047,180241.8,180321.73,True,False
Emergent_bounded_carefully_19895d,Emergent_consciousness_expression_dc9a81,0.9120658286126002,180241.8,180340.06,True,False
Emergent_bounded_carefully_19895d,Emergent_clarity_criticality_9682fe,0.9120658130139263,180241.8,180357.72,True,False
Emergent_bounded_carefully_19895d,Emergent_bounded_criticality_680155,0.9112128278369174,180241.8,180374.56,True,False
Emergent_bounded_carefully_19895d,Emergent_bounded_clarity_50a8e4,0.9120654031576085,180241.8,180444.9,True,False
Emergent_bounded_carefully_19895d,Emergent_autonomy_coherence_1637ce,0.9120658486513853,180241.8,180463.02,True,False
Emergent_bounded_carefully_19895d,Emergent_bounded_contradiction_d8e7d7,0.912064969899234,180241.8,180482.08,True,False
Emergent_bounded_carefully_19895d,Emergent_autonomy_carefully_dedeae,0.9120660080182965,180241.8,180500.56,True,False
Emergent_bounded_carefully_19895d,Emergent_clarity_constraint_64b0d3,0.9120658456674284,180241.8,180519.48,True,False
Emergent_bounded_carefully_19895d,Emergent_bounded_clarity_42b09f,0.9120656137376166,180241.8,180538.05,True,False
Emergent_bounded_carefully_19895d,Emergent_autonomy_clarity_d6bec2,0.910218446564609,180241.8,180538.39,True,False
Emergent_bounded_carefully_19895d,Emergent_clarity_ethical_4200a4,0.9120651916176994,180241.8,180573.89,True,False
Emergent_bounded_carefully_19895d,Emergent_autonomy_belief_revision_81d18f,0.9120577454854437,180241.8,180591.27,True,False
Emergent_bounded_carefully_19895d,Emergent_bounded_forgetting_183221,0.9120575670112379,180241.8,180591.61,True,False
Emergent_bounded_carefully_19895d,Emergent_clarity_coherence_c2f943,0.9120576684886148,180241.8,180608.89,True,False
Emergent_bounded_carefully_19895d,Emergent_clarity_contradiction_79daa8,0.9120637087262184,180241.8,180628.62,True,False
Emergent_bounded_carefully_19895d,Emergent_coherence_focused_56ce26,0.9120570708031586,180241.8,180648.01,True,False
Emergent_bounded_carefully_19895d,Emergent_bounded_constraint_3b651b,0.912057123543282,180241.8,180648.35,True,False
Emergent_bounded_carefully_19895d,Emergent_coherence_emergence_e163d0,0.9062622613170954,180241.8,180667.45,True,False
Emergent_bounded_carefully_19895d,Emergent_expression_feedback_f1ebfd,0.9120707630052913,180241.8,180683.38,True,False
Emergent_bounded_carefully_19895d,Emergent_coherence_emergence_d5f014,0.9120619826681309,180241.8,180701.76,True,False
Emergent_bounded_carefully_19895d,Emergent_appears_asymmetry_1f204a,0.9120681503768708,180241.8,180720.91,True,False
Emergent_bounded_carefully_19895d,Emergent_carefully_coherence_247f20,0.9055719770809305,180241.8,180756.06,True,False
Emergent_bounded_carefully_19895d,Emergent_clarity_energy_08bc8c,0.9120650659190457,180241.8,180775.22,True,False
Emergent_bounded_carefully_19895d,Emergent_bounded_clarity_5e89c1,0.9077227461579827,180241.8,180834.8,True,False
Emergent_bounded_carefully_19895d,Emergent_clarity_consciousness_737602,0.9120370526476129,180241.8,180835.14,True,False
Emergent_bounded_carefully_19895d,Emergent_belief_revision_consciousness_d079c0,0.9120393783947567,180241.8,180854.35,True,False
Emergent_bounded_carefully_19895d,Emergent_bounded_carefully_b7805e,0.9120467534369121,180241.8,180897.93,True,False
Emergent_bounded_carefully_19895d,Emergent_bounded_constraint_b19815,0.907090198225311,180241.8,180921.08,True,False
Emergent_bounded_carefully_19895d,Emergent_attention_constraint_979430,0.9121419996751552,180241.8,180966.32,True,False
Emergent_bounded_carefully_19895d,Emergent_attention_bounded_c919d0,0.9120256844181618,180241.8,180990.26,True,False
Emergent_bounded_carefully_19895d,Emergent_bounded_constraint_510885,0.9103946500820816,180241.8,181050.48,True,False
Emergent_bounded_carefully_19895d,Emergent_coherence_expression_83ebd2,0.9103701331687819,180241.8,181050.82,True,False
Emergent_bounded_carefully_19895d,Emergent_appears_asymmetry_ecd8f7,0.9088788077742065,180241.8,181092.92,True,False
Emergent_bounded_carefully_19895d,Emergent_collective_contradiction_7c0dce,0.9120026633301324,180241.8,181235.22,True,False
Emergent_bounded_carefully_19895d,Emergent_collective_consciousness_6d91b7,0.9098634769285068,180241.8,181235.56,True,False
Emergent_bounded_carefully_19895d,Emergent_collective_contradiction_928680,0.9036001313377919,180241.8,181259.5,True,False
Emergent_bounded_carefully_19895d,Emergent_contradiction_emerges_8ffe6e,0.9092441466994761,180241.8,181259.84,True,False
Emergent_bounded_carefully_19895d,Emergent_bounded_expression_1485da,0.8564282537653867,180241.8,181282.05,True,False
Emergent_bounded_carefully_19895d,Emergent_collective_expression_a42f45,0.8687138068131715,180241.8,181282.39,True,False
Emergent_bounded_carefully_19895d,Emergent_collective_criticality_1a15a7,0.9055836848458643,180241.8,181354.86,True,False
Emergent_bounded_carefully_19895d,Emergent_collective_equilibrium_faa18e,0.9059165331475862,180241.8,181355.2,True,False
Emergent_bounded_carefully_19895d,Emergent_ethics_expression_330141,0.7528513797071215,180241.8,181379.85,True,False
Emergent_bounded_carefully_19895d,Emergent_carefully_contradiction_2a8f1f,0.7584164979987451,180241.8,181398.23,True,False
Emergent_bounded_carefully_19895d,Emergent_bounded_clarity_632475,0.9,180241.8,181446.33,True,False
Emergent_contradiction_emerges_7bc60d,Emergent_clarity_constraint_7dc6eb,0.9102567275676074,180258.59,180273.54,True,False
Emergent_contradiction_emerges_7bc60d,Emergent_carefully_clarity_0d7a6f,0.9118988891910986,180258.59,180288.47,True,False
Emergent_contradiction_emerges_7bc60d,Emergent_carefully_clarity_28ad8a,0.9019283714271411,180258.59,180288.81,True,False
Emergent_contradiction_emerges_7bc60d,Emergent_bounded_constraint_999cf9,0.9109060595606568,180258.59,180305.05,True,False
Emergent_contradiction_emerges_7bc60d,Emergent_autonomy_collective_4a8f61,0.9126042404438517,180258.59,180305.39,True,False
Emergent_contradiction_emerges_7bc60d,Emergent_autonomy_clarity_dc06c1,0.9135524762775771,180258.59,180321.73,True,False
Emergent_contradiction_emerges_7bc60d,Emergent_consciousness_expression_dc9a81,0.9132688208002342,180258.59,180340.06,True,False
Emergent_contradiction_emerges_7bc60d,Emergent_clarity_criticality_9682fe,0.9135524513196986,180258.59,180357.72,True,False
Emergent_contradiction_emerges_7bc60d,Emergent_bounded_criticality_680155,0.9112128278369174,180258.59,180374.56,True,False
Emergent_contradiction_emerges_7bc60d,Emergent_bounded_clarity_50a8e4,0.912233136311188,180258.59,180444.9,True,False
Emergent_contradiction_emerges_7bc60d,Emergent_autonomy_coherence_1637ce,0.9135524832488418,180258.59,180463.02,True,False
Emergent_contradiction_emerges_7bc60d,Emergent_bounded_contradiction_d8e7d7,0.9135516119077927,180258.59,180482.08,True,False
Emergent_contradiction_emerges_7bc60d,Emergent_autonomy_carefully_dedeae,0.913552638573345,180258.59,180500.56,True,False
Emergent_contradiction_emerges_7bc60d,Emergent_clarity_constraint_64b0d3,0.9135524762224769,180258.59,180519.48,True,False
Emergent_contradiction_emerges_7bc60d,Emergent_bounded_clarity_42b09f,0.9135522442926651,180258.59,180538.05,True,False
Emergent_contradiction_emerges_7bc60d,Emergent_autonomy_clarity_d6bec2,0.910218446564609,180258.59,180538.39,True,False
Emergent_contradiction_emerges_7bc60d,Emergent_clarity_ethical_4200a4,0.9135518213441831,180258.59,180573.89,True,False
Emergent_contradiction_emerges_7bc60d,Emergent_autonomy_belief_revision_81d18f,0.9135443979696005,180258.59,180591.27,True,False
Emergent_contradiction_emerges_7bc60d,Emergent_bounded_forgetting_183221,0.9135442178666382,180258.59,180591.61,True,False
Emergent_contradiction_emerges_7bc60d,Emergent_clarity_coherence_c2f943,0.9135443202700979,180258.59,180608.89,True,False
Emergent_contradiction_emerges_7bc60d,Emergent_clarity_contradiction_79daa8,0.9135504156309424,180258.59,180628.62,True,False
Emergent_contradiction_emerges_7bc60d,Emergent_coherence_focused_56ce26,0.912279659236511,180258.59,180648.01,True,False
Emergent_contradiction_emerges_7bc60d,Emergent_bounded_constraint_3b651b,0.9135437738632393,180258.59,180648.35,True,False
Emergent_contradiction_emerges_7bc60d,Emergent_coherence_emergence_e163d0,0.9062622613170954,180258.59,180667.45,True,False
Emergent_contradiction_emerges_7bc60d,Emergent_expression_feedback_f1ebfd,0.9135572824170279,180258.59,180683.38,True,False
Emergent_contradiction_emerges_7bc60d,Emergent_coherence_emergence_d5f014,0.9135487997560277,180258.59,180701.76,True,False
Emergent_contradiction_emerges_7bc60d,Emergent_appears_asymmetry_1f204a,0.9135545182971547,180258.59,180720.91,True,False
Emergent_contradiction_emerges_7bc60d,Emergent_carefully_coherence_247f20,0.9055719770809305,180258.59,180756.06,True,False
Emergent_contradiction_emerges_7bc60d,Emergent_clarity_energy_08bc8c,0.9135514338393296,180258.59,180775.22,True,False
Emergent_contradiction_emerges_7bc60d,Emergent_bounded_clarity_5e89c1,0.9077227461579827,180258.59,180834.8,True,False
Emergent_contradiction_emerges_7bc60d,Emergent_clarity_consciousness_737602,0.9135234171836397,180258.59,180835.14,True,False
Emergent_contradiction_emerges_7bc60d,Emergent_belief_revision_consciousness_d079c0,0.9135257463150404,180258.59,180854.35,True,False
Emergent_contradiction_emerges_7bc60d,Emergent_bounded_carefully_b7805e,0.9135320308482759,180258.59,180897.93,True,False
Emergent_contradiction_emerges_7bc60d,Emergent_bounded_constraint_b19815,0.907090198225311,180258.59,180921.08,True,False
Emergent_contradiction_emerges_7bc60d,Emergent_attention_constraint_979430,0.9136264203155104,180258.59,180966.32,True,False
Emergent_contradiction_emerges_7bc60d,Emergent_attention_bounded_c919d0,0.9135101050585168,180258.59,180990.26,True,False
Emergent_contradiction_emerges_7bc60d,Emergent_bounded_constraint_510885,0.9119043276851686,180258.59,181050.48,True,False
Emergent_contradiction_emerges_7bc60d,Emergent_coherence_expression_83ebd2,0.9118795870303864,180258.59,181050.82,True,False
Emergent_contradiction_emerges_7bc60d,Emergent_appears_asymmetry_ecd8f7,0.9103746517922586,180258.59,181092.92,True,False
Emergent_contradiction_emerges_7bc60d,Emergent_collective_contradiction_7c0dce,0.9121212616177137,180258.59,181235.22,True,False
Emergent_contradiction_emerges_7bc60d,Emergent_collective_consciousness_6d91b7,0.9098634769285068,180258.59,181235.56,True,False
Emergent_contradiction_emerges_7bc60d,Emergent_collective_contradiction_928680,0.9036001313377919,180258.59,181259.5,True,False
Emergent_contradiction_emerges_7bc60d,Emergent_contradiction_emerges_8ffe6e,0.9106148296004879,180258.59,181259.84,True,False
Emergent_contradiction_emerges_7bc60d,Emergent_bounded_expression_1485da,0.8564282537653867,180258.59,181282.05,True,False
Emergent_contradiction_emerges_7bc60d,Emergent_collective_expression_a42f45,0.8687138068131715,180258.59,181282.39,True,False
Emergent_contradiction_emerges_7bc60d,Emergent_collective_criticality_1a15a7,0.9063765858199304,180258.59,181354.86,True,False
Emergent_contradiction_emerges_7bc60d,Emergent_collective_equilibrium_faa18e,0.9067124716970396,180258.59,181355.2,True,False
Emergent_contradiction_emerges_7bc60d,Emergent_ethics_expression_330141,0.7551032129167827,180258.59,181379.85,True,False
Emergent_contradiction_emerges_7bc60d,Emergent_carefully_contradiction_2a8f1f,0.7606979990049307,180258.59,181398.23,True,False
Emergent_contradiction_emerges_7bc60d,Emergent_bounded_clarity_632475,0.9,180258.59,181446.33,True,False
Emergent_clarity_constraint_7dc6eb,Emergent_carefully_clarity_0d7a6f,0.9102567808352953,180273.54,180288.47,True,False
Emergent_clarity_constraint_7dc6eb,Emergent_carefully_clarity_28ad8a,0.9019283664083464,180273.54,180288.81,True,False
Emergent_clarity_constraint_7dc6eb,Emergent_bounded_constraint_999cf9,0.9102567782107396,180273.54,180305.05,True,False
Emergent_clarity_constraint_7dc6eb,Emergent_autonomy_collective_4a8f61,0.9102567782107396,180273.54,180305.39,True,False
Emergent_clarity_constraint_7dc6eb,Emergent_autonomy_clarity_dc06c1,0.9102567793026466,180273.54,180321.73,True,False
Emergent_clarity_constraint_7dc6eb,Emergent_consciousness_expression_dc9a81,0.9102567699434423,180273.54,180340.06,True,False
Emergent_clarity_constraint_7dc6eb,Emergent_clarity_criticality_9682fe,0.9102567543447679,180273.54,180357.72,True,False
Emergent_clarity_constraint_7dc6eb,Emergent_bounded_criticality_680155,0.9102567565731501,180273.54,180374.56,True,False
Emergent_clarity_constraint_7dc6eb,Emergent_bounded_clarity_50a8e4,0.910256341498564,180273.54,180444.9,True,False
Emergent_clarity_constraint_7dc6eb,Emergent_autonomy_coherence_1637ce,0.9102567944947983,180273.54,180463.02,True,False
Emergent_clarity_constraint_7dc6eb,Emergent_bounded_contradiction_d8e7d7,0.9102559067242335,180273.54,180482.08,True,False
Emergent_clarity_constraint_7dc6eb,Emergent_autonomy_carefully_dedeae,0.91025695878083,180273.54,180500.56,True,False
Emergent_clarity_constraint_7dc6eb,Emergent_clarity_constraint_64b0d3,0.9102567964299619,180273.54,180519.48,True,False
Emergent_clarity_constraint_7dc6eb,Emergent_bounded_clarity_42b09f,0.9102565645001504,180273.54,180538.05,True,False
Emergent_clarity_constraint_7dc6eb,Emergent_autonomy_clarity_d6bec2,0.910218446564609,180273.54,180538.39,True,False
Emergent_clarity_constraint_7dc6eb,Emergent_clarity_ethical_4200a4,0.9102561433884959,180273.54,180573.89,True,False
Emergent_clarity_constraint_7dc6eb,Emergent_autonomy_belief_revision_81d18f,0.91024866956291,180273.54,180591.27,True,False
Emergent_clarity_constraint_7dc6eb,Emergent_bounded_forgetting_183221,0.9102484930707033,180273.54,180591.61,True,False
Emergent_clarity_constraint_7dc6eb,Emergent_clarity_coherence_c2f943,0.9102485934211493,180273.54,180608.89,True,False
Emergent_clarity_constraint_7dc6eb,Emergent_clarity_contradiction_79daa8,0.9102545665804487,180273.54,180628.62,True,False
Emergent_clarity_constraint_7dc6eb,Emergent_coherence_focused_56ce26,0.9102479978394862,180273.54,180648.01,True,False
Emergent_clarity_constraint_7dc6eb,Emergent_bounded_constraint_3b651b,0.9102480502543164,180273.54,180648.35,True,False
Emergent_clarity_constraint_7dc6eb,Emergent_coherence_emergence_e163d0,0.9062622613170954,180273.54,180667.45,True,False
Emergent_clarity_constraint_7dc6eb,Emergent_expression_feedback_f1ebfd,0.9102618490157672,180273.54,180683.38,True,False
Emergent_clarity_constraint_7dc6eb,Emergent_coherence_emergence_d5f014,0.9102527064427921,180273.54,180701.76,True,False
Emergent_clarity_constraint_7dc6eb,Emergent_appears_asymmetry_1f204a,0.9102594207340875,180273.54,180720.91,True,False
Emergent_clarity_constraint_7dc6eb,Emergent_carefully_coherence_247f20,0.9055719770809305,180273.54,180756.06,True,False
Emergent_clarity_constraint_7dc6eb,Emergent_clarity_energy_08bc8c,0.9102563362762621,180273.54,180775.22,True,False
Emergent_clarity_constraint_7dc6eb,Emergent_bounded_clarity_5e89c1,0.9077227461579827,180273.54,180834.8,True,False
Emergent_clarity_constraint_7dc6eb,Emergent_clarity_consciousness_737602,0.91022832712306,180273.54,180835.14,True,False
Emergent_clarity_constraint_7dc6eb,Emergent_belief_revision_consciousness_d079c0,0.9102306487519731,180273.54,180854.35,True,False
Emergent_clarity_constraint_7dc6eb,Emergent_bounded_carefully_b7805e,0.9102393508113373,180273.54,180897.93,True,False
Emergent_clarity_constraint_7dc6eb,Emergent_bounded_constraint_b19815,0.907090198225311,180273.54,180921.08,True,False
Emergent_clarity_constraint_7dc6eb,Emergent_attention_constraint_979430,0.910335639636076,180273.54,180966.32,True,False
Emergent_clarity_constraint_7dc6eb,Emergent_attention_bounded_c919d0,0.9102193243790824,180273.54,180990.26,True,False
Emergent_clarity_constraint_7dc6eb,Emergent_bounded_constraint_510885,0.908557555379965,180273.54,181050.48,True,False
Emergent_clarity_constraint_7dc6eb,Emergent_coherence_expression_83ebd2,0.9085333107329363,180273.54,181050.82,True,False
Emergent_clarity_constraint_7dc6eb,Emergent_appears_asymmetry_ecd8f7,0.9070585468687404,180273.54,181092.92,True,False
Emergent_clarity_constraint_7dc6eb,Emergent_collective_contradiction_7c0dce,0.9103315112752421,180273.54,181235.22,True,False
Emergent_clarity_constraint_7dc6eb,Emergent_collective_consciousness_6d91b7,0.9098634769285068,180273.54,181235.56,True,False
Emergent_clarity_constraint_7dc6eb,Emergent_collective_contradiction_928680,0.9036001313377919,180273.54,181259.5,True,False
Emergent_clarity_constraint_7dc6eb,Emergent_contradiction_emerges_8ffe6e,0.9075761917065808,180273.54,181259.84,True,False
Emergent_clarity_constraint_7dc6eb,Emergent_bounded_expression_1485da,0.8564282537653867,180273.54,181282.05,True,False
Emergent_clarity_constraint_7dc6eb,Emergent_collective_expression_a42f45,0.867873359111391,180273.54,181282.39,True,False
Emergent_clarity_constraint_7dc6eb,Emergent_collective_criticality_1a15a7,0.9046188204431724,180273.54,181354.86,True,False
Emergent_clarity_constraint_7dc6eb,Emergent_collective_equilibrium_faa18e,0.9049479723837375,180273.54,181355.2,True,False
Emergent_clarity_constraint_7dc6eb,Emergent_ethics_expression_330141,0.75011117156529,180273.54,181379.85,True,False
Emergent_clarity_constraint_7dc6eb,Emergent_carefully_contradiction_2a8f1f,0.7556401877436498,180273.54,181398.23,True,False
Emergent_clarity_constraint_7dc6eb,Emergent_bounded_clarity_632475,0.9,180273.54,181446.33,True,False
Emergent_carefully_clarity_0d7a6f,Emergent_carefully_clarity_28ad8a,0.9019283561404405,180288.47,180288.81,True,False
Emergent_carefully_clarity_0d7a6f,Emergent_bounded_constraint_999cf9,0.9109060595606568,180288.47,180305.05,True,False
Emergent_carefully_clarity_0d7a6f,Emergent_autonomy_collective_4a8f61,0.9118988815477482,180288.47,180305.39,True,False
Emergent_carefully_clarity_0d7a6f,Emergent_autonomy_clarity_dc06c1,0.9118988826396555,180288.47,180321.73,True,False
Emergent_carefully_clarity_0d7a6f,Emergent_consciousness_expression_dc9a81,0.9118988732804509,180288.47,180340.06,True,False
Emergent_carefully_clarity_0d7a6f,Emergent_clarity_criticality_9682fe,0.9118988576817768,180288.47,180357.72,True,False
Emergent_carefully_clarity_0d7a6f,Emergent_bounded_criticality_680155,0.9112128278369174,180288.47,180374.56,True,False
Emergent_carefully_clarity_0d7a6f,Emergent_bounded_clarity_50a8e4,0.9118984475495269,180288.47,180444.9,True,False
Emergent_carefully_clarity_0d7a6f,Emergent_autonomy_coherence_1637ce,0.9118988937356944,180288.47,180463.02,True,False
Emergent_carefully_clarity_0d7a6f,Emergent_bounded_contradiction_d8e7d7,0.9118980141512472,180288.47,180482.08,True,False
Emergent_carefully_clarity_0d7a6f,Emergent_autonomy_carefully_dedeae,0.9118990535565838,180288.47,180500.56,True,False
Emergent_carefully_clarity_0d7a6f,Emergent_clarity_constraint_64b0d3,0.9118988912057158,180288.47,180519.48,True,False
Emergent_carefully_clarity_0d7a6f,Emergent_bounded_clarity_42b09f,0.9118986592759042,180288.47,180538.05,True,False
Emergent_carefully_clarity_0d7a6f,Emergent_autonomy_clarity_d6bec2,0.910218446564609,180288.47,180538.39,True,False
Emergent_carefully_clarity_0d7a6f,Emergent_clarity_ethical_4200a4,0.9118982372490378,180288.47,180573.89,True,False
Emergent_carefully_clarity_0d7a6f,Emergent_autonomy_belief_revision_81d18f,0.9118907885610059,180288.47,180591.27,True,False
Emergent_carefully_clarity_0d7a6f,Emergent_bounded_forgetting_183221,0.911890610269716,180288.47,180591.61,True,False
Emergent_carefully_clarity_0d7a6f,Emergent_clarity_coherence_c2f943,0.9118907116430899,180288.47,180608.89,True,False
Emergent_carefully_clarity_0d7a6f,Emergent_clarity_contradiction_79daa8,0.9118967456901366,180288.47,180628.62,True,False
Emergent_carefully_clarity_0d7a6f,Emergent_coherence_focused_56ce26,0.9118901141517899,180288.47,180648.01,True,False
Emergent_carefully_clarity_0d7a6f,Emergent_bounded_constraint_3b651b,0.9118901668618924,180288.47,180648.35,True,False
Emergent_carefully_clarity_0d7a6f,Emergent_coherence_emergence_e163d0,0.9062622613170954,180288.47,180667.45,True,False
Emergent_carefully_clarity_0d7a6f,Emergent_expression_feedback_f1ebfd,0.91190382102541,180288.47,180683.38,True,False
Emergent_carefully_clarity_0d7a6f,Emergent_coherence_emergence_d5f014,0.9118950072580454,180288.47,180701.76,True,False
Emergent_carefully_clarity_0d7a6f,Emergent_appears_asymmetry_1f204a,0.911901225410076,180288.47,180720.91,True,False
Emergent_carefully_clarity_0d7a6f,Emergent_carefully_coherence_247f20,0.9055719770809305,180288.47,180756.06,True,False
Emergent_carefully_clarity_0d7a6f,Emergent_clarity_energy_08bc8c,0.9118981409522509,180288.47,180775.22,True,False
Emergent_carefully_clarity_0d7a6f,Emergent_bounded_clarity_5e89c1,0.9077227461579827,180288.47,180834.8,True,False
Emergent_carefully_clarity_0d7a6f,Emergent_clarity_consciousness_737602,0.9118701280608832,180288.47,180835.14,True,False
Emergent_carefully_clarity_0d7a6f,Emergent_belief_revision_consciousness_d079c0,0.9118724534279616,180288.47,180854.35,True,False
Emergent_carefully_clarity_0d7a6f,Emergent_bounded_carefully_b7805e,0.9118799509385602,180288.47,180897.93,True,False
Emergent_carefully_clarity_0d7a6f,Emergent_bounded_constraint_b19815,0.907090198225311,180288.47,180921.08,True,False
Emergent_carefully_clarity_0d7a6f,Emergent_attention_constraint_979430,0.9119752933955596,180288.47,180966.32,True,False
Emergent_carefully_clarity_0d7a6f,Emergent_attention_bounded_c919d0,0.9118589781385658,180288.47,180990.26,True,False
Emergent_carefully_clarity_0d7a6f,Emergent_bounded_constraint_510885,0.9102251073461767,180288.47,181050.48,True,False
Emergent_carefully_clarity_0d7a6f,Emergent_coherence_expression_83ebd2,0.9102006155599258,180288.47,181050.82,True,False
Emergent_carefully_clarity_0d7a6f,Emergent_appears_asymmetry_ecd8f7,0.9087108186043404,180288.47,181092.92,True,False
Emergent_carefully_clarity_0d7a6f,Emergent_collective_contradiction_7c0dce,0.9118484351941669,180288.47,181235.22,True,False
Emergent_carefully_clarity_0d7a6f,Emergent_collective_consciousness_6d91b7,0.9098634769285068,180288.47,181235.56,True,False
Emergent_carefully_clarity_0d7a6f,Emergent_collective_contradiction_928680,0.9036001313377919,180288.47,181259.5,True,False
Emergent_carefully_clarity_0d7a6f,Emergent_contradiction_emerges_8ffe6e,0.9090902136156038,180288.47,181259.84,True,False
Emergent_carefully_clarity_0d7a6f,Emergent_bounded_expression_1485da,0.8564282537653867,180288.47,181282.05,True,False
Emergent_carefully_clarity_0d7a6f,Emergent_collective_expression_a42f45,0.8687138068131715,180288.47,181282.39,True,False
Emergent_carefully_clarity_0d7a6f,Emergent_collective_criticality_1a15a7,0.9054946389461502,180288.47,181354.86,True,False
Emergent_carefully_clarity_0d7a6f,Emergent_collective_equilibrium_faa18e,0.9058271461162024,180288.47,181355.2,True,False
Emergent_carefully_clarity_0d7a6f,Emergent_ethics_expression_330141,0.7525984899759715,180288.47,181379.85,True,False
Emergent_carefully_clarity_0d7a6f,Emergent_carefully_contradiction_2a8f1f,0.758160276457293,180288.47,181398.23,True,False
Emergent_carefully_clarity_0d7a6f,Emergent_bounded_clarity_632475,0.9,180288.47,181446.33,True,False
Emergent_carefully_clarity_28ad8a,Emergent_bounded_constraint_999cf9,0.9019283637837907,180288.81,180305.05,True,False
Emergent_carefully_clarity_28ad8a,Emergent_autonomy_collective_4a8f61,0.9019283637837907,180288.81,180305.39,True,False
Emergent_carefully_clarity_28ad8a,Emergent_autonomy_clarity_dc06c1,0.9019283648756979,180288.81,180321.73,True,False
Emergent_carefully_clarity_28ad8a,Emergent_consciousness_expression_dc9a81,0.9019283555164934,180288.81,180340.06,True,False
Emergent_carefully_clarity_28ad8a,Emergent_clarity_criticality_9682fe,0.9019283399178193,180288.81,180357.72,True,False
Emergent_carefully_clarity_28ad8a,Emergent_bounded_criticality_680155,0.9019283421462012,180288.81,180374.56,True,False
Emergent_carefully_clarity_28ad8a,Emergent_bounded_clarity_50a8e4,0.9019279133069915,180288.81,180444.9,True,False
Emergent_carefully_clarity_28ad8a,Emergent_autonomy_coherence_1637ce,0.9019284008425004,180288.81,180463.02,True,False
Emergent_carefully_clarity_28ad8a,Emergent_bounded_contradiction_d8e7d7,0.901927471553611,180288.81,180482.08,True,False
Emergent_carefully_clarity_28ad8a,Emergent_autonomy_carefully_dedeae,0.9019285877748264,180288.81,180500.56,True,False
Emergent_carefully_clarity_28ad8a,Emergent_clarity_constraint_64b0d3,0.9019284254239581,180288.81,180519.48,True,False
Emergent_carefully_clarity_28ad8a,Emergent_bounded_clarity_42b09f,0.9019281934941468,180288.81,180538.05,True,False
Emergent_carefully_clarity_28ad8a,Emergent_autonomy_clarity_d6bec2,0.9019281934941468,180288.81,180538.39,True,False
Emergent_carefully_clarity_28ad8a,Emergent_clarity_ethical_4200a4,0.9019277770242606,180288.81,180573.89,True,False
Emergent_carefully_clarity_28ad8a,Emergent_autonomy_belief_revision_81d18f,0.9019201757061088,180288.81,180591.27,True,False
Emergent_carefully_clarity_28ad8a,Emergent_bounded_forgetting_183221,0.9019200083384886,180288.81,180591.61,True,False
Emergent_carefully_clarity_28ad8a,Emergent_clarity_coherence_c2f943,0.9019201035008511,180288.81,180608.89,True,False
Emergent_carefully_clarity_28ad8a,Emergent_clarity_contradiction_79daa8,0.9019257678498687,180288.81,180628.62,True,False
Emergent_carefully_clarity_28ad8a,Emergent_coherence_focused_56ce26,0.9019195176044799,180288.81,180648.01,True,False
Emergent_carefully_clarity_28ad8a,Emergent_bounded_constraint_3b651b,0.9019195685217485,180288.81,180648.35,True,False
Emergent_carefully_clarity_28ad8a,Emergent_coherence_emergence_e163d0,0.9019338706612623,180288.81,180667.45,True,False
Emergent_carefully_clarity_28ad8a,Emergent_expression_feedback_f1ebfd,0.9019341006545307,180288.81,180683.38,True,False
Emergent_carefully_clarity_28ad8a,Emergent_coherence_emergence_d5f014,0.901923290446317,180288.81,180701.76,True,False
Emergent_carefully_clarity_28ad8a,Emergent_appears_asymmetry_1f204a,0.901932521055141,180288.81,180720.91,True,False
Emergent_carefully_clarity_28ad8a,Emergent_carefully_coherence_247f20,0.901933459803175,180288.81,180756.06,True,False
Emergent_carefully_clarity_28ad8a,Emergent_clarity_energy_08bc8c,0.9019294365973158,180288.81,180775.22,True,False
Emergent_carefully_clarity_28ad8a,Emergent_bounded_clarity_5e89c1,0.901900609065555,180288.81,180834.8,True,False
Emergent_carefully_clarity_28ad8a,Emergent_clarity_consciousness_737602,0.9019014464033281,180288.81,180835.14,True,False
Emergent_carefully_clarity_28ad8a,Emergent_belief_revision_consciousness_d079c0,0.9019037490730266,180288.81,180854.35,True,False
Emergent_carefully_clarity_28ad8a,Emergent_bounded_carefully_b7805e,0.901918560358949,180288.81,180897.93,True,False
Emergent_carefully_clarity_28ad8a,Emergent_bounded_constraint_b19815,0.9013295559703229,180288.81,180921.08,True,False
Emergent_carefully_clarity_28ad8a,Emergent_attention_constraint_979430,0.9020196489685472,180288.81,180966.32,True,False
Emergent_carefully_clarity_28ad8a,Emergent_attention_bounded_c919d0,0.9019033337115536,180288.81,180990.26,True,False
Emergent_carefully_clarity_28ad8a,Emergent_bounded_constraint_510885,0.9001000706772162,180288.81,181050.48,True,False
Emergent_carefully_clarity_28ad8a,Emergent_coherence_expression_83ebd2,0.9000770794701012,180288.81,181050.82,True,False
Emergent_carefully_clarity_28ad8a,Emergent_appears_asymmetry_ecd8f7,0.8986785603904976,180288.81,181092.92,True,False
Emergent_carefully_clarity_28ad8a,Emergent_collective_contradiction_7c0dce,0.9026379814186076,180288.81,181235.22,True,False
Emergent_carefully_clarity_28ad8a,Emergent_collective_consciousness_6d91b7,0.9026379814186076,180288.81,181235.56,True,False
Emergent_carefully_clarity_28ad8a,Emergent_collective_contradiction_928680,0.8997557038206121,180288.81,181259.5,True,False
Emergent_carefully_clarity_28ad8a,Emergent_contradiction_emerges_8ffe6e,0.8998973802544381,180288.81,181259.84,True,False
Emergent_carefully_clarity_28ad8a,Emergent_bounded_expression_1485da,0.8564282537653867,180288.81,181282.05,True,False
Emergent_carefully_clarity_28ad8a,Emergent_collective_expression_a42f45,0.8584152503614519,180288.81,181282.39,True,False
Emergent_carefully_clarity_28ad8a,Emergent_collective_criticality_1a15a7,0.9001768469746345,180288.81,181354.86,True,False
Emergent_carefully_clarity_28ad8a,Emergent_collective_equilibrium_faa18e,0.900488981873071,180288.81,181355.2,True,False
Emergent_carefully_clarity_28ad8a,Emergent_ethics_expression_330141,0.737495998044195,180288.81,181379.85,True,False
Emergent_carefully_clarity_28ad8a,Emergent_carefully_contradiction_2a8f1f,0.7428588099053177,180288.81,181398.23,True,False
Emergent_carefully_clarity_28ad8a,Emergent_bounded_clarity_632475,0.9,180288.81,181446.33,True,False
Emergent_bounded_constraint_999cf9,Emergent_autonomy_collective_4a8f61,0.9109060366306059,180305.05,180305.39,True,False
Emergent_bounded_constraint_999cf9,Emergent_autonomy_clarity_dc06c1,0.9109060377225131,180305.05,180321.73,True,False
Emergent_bounded_constraint_999cf9,Emergent_consciousness_expression_dc9a81,0.9109060512933596,180305.05,180340.06,True,False
Emergent_bounded_constraint_999cf9,Emergent_clarity_criticality_9682fe,0.9109060356946856,180305.05,180357.72,True,False
Emergent_bounded_constraint_999cf9,Emergent_bounded_criticality_680155,0.9109060379230673,180305.05,180374.56,True,False
Emergent_bounded_constraint_999cf9,Emergent_bounded_clarity_50a8e4,0.9109056239215685,180305.05,180444.9,True,False
Emergent_bounded_constraint_999cf9,Emergent_autonomy_coherence_1637ce,0.9109060742251285,180305.05,180463.02,True,False
Emergent_bounded_constraint_999cf9,Emergent_bounded_contradiction_d8e7d7,0.9109051896913232,180305.05,180482.08,True,False
Emergent_bounded_constraint_999cf9,Emergent_autonomy_carefully_dedeae,0.9109062367456602,180305.05,180500.56,True,False
Emergent_bounded_constraint_999cf9,Emergent_clarity_constraint_64b0d3,0.9109060743947921,180305.05,180519.48,True,False
Emergent_bounded_constraint_999cf9,Emergent_bounded_clarity_42b09f,0.9109058424649803,180305.05,180538.05,True,False
Emergent_bounded_constraint_999cf9,Emergent_autonomy_clarity_d6bec2,0.910218446564609,180305.05,180538.39,True,False
Emergent_bounded_constraint_999cf9,Emergent_clarity_ethical_4200a4,0.9109054209914547,180305.05,180573.89,True,False
Emergent_bounded_constraint_999cf9,Emergent_autonomy_belief_revision_81d18f,0.910897957105161,180305.05,180591.27,True,False
Emergent_bounded_constraint_999cf9,Emergent_bounded_forgetting_183221,0.9108977799016038,180305.05,180591.61,True,False
Emergent_bounded_constraint_999cf9,Emergent_clarity_coherence_c2f943,0.9108978806565116,180305.05,180608.89,True,False
Emergent_bounded_constraint_999cf9,Emergent_clarity_contradiction_79daa8,0.9109038778905922,180305.05,180628.62,True,False
Emergent_bounded_constraint_999cf9,Emergent_coherence_focused_56ce26,0.9108972843197853,180305.05,180648.01,True,False
Emergent_bounded_constraint_999cf9,Emergent_bounded_constraint_3b651b,0.9108973368513651,180305.05,180648.35,True,False
Emergent_bounded_constraint_999cf9,Emergent_coherence_emergence_e163d0,0.9062622613170954,180305.05,180667.45,True,False
Emergent_bounded_constraint_999cf9,Emergent_expression_feedback_f1ebfd,0.9109110784393488,180305.05,180683.38,True,False
Emergent_bounded_constraint_999cf9,Emergent_coherence_emergence_d5f014,0.9109020658748486,180305.05,180701.76,True,False
Emergent_bounded_constraint_999cf9,Emergent_appears_asymmetry_1f204a,0.910908583994585,180305.05,180720.91,True,False
Emergent_bounded_constraint_999cf9,Emergent_carefully_coherence_247f20,0.9055719770809305,180305.05,180756.06,True,False
Emergent_bounded_constraint_999cf9,Emergent_clarity_energy_08bc8c,0.9109054995367598,180305.05,180775.22,True,False
Emergent_bounded_constraint_999cf9,Emergent_bounded_clarity_5e89c1,0.9077227461579827,180305.05,180834.8,True,False
Emergent_bounded_constraint_999cf9,Emergent_clarity_consciousness_737602,0.9108774889055014,180305.05,180835.14,True,False
Emergent_bounded_constraint_999cf9,Emergent_belief_revision_consciousness_d079c0,0.9108798120124706,180305.05,180854.35,True,False
Emergent_bounded_constraint_999cf9,Emergent_bounded_carefully_b7805e,0.9108880377978812,180305.05,180897.93,True,False
Emergent_bounded_constraint_999cf9,Emergent_bounded_constraint_b19815,0.907090198225311,180305.05,180921.08,True,False
Emergent_bounded_constraint_999cf9,Emergent_attention_constraint_979430,0.9109839524324521,180305.05,180966.32,True,False
Emergent_bounded_constraint_999cf9,Emergent_attention_bounded_c919d0,0.9108676371754585,180305.05,180990.26,True,False
Emergent_bounded_constraint_999cf9,Emergent_bounded_constraint_510885,0.9092168990200868,180305.05,181050.48,True,False
Emergent_bounded_constraint_999cf9,Emergent_coherence_expression_83ebd2,0.9091925566551593,180305.05,181050.82,True,False
Emergent_bounded_constraint_999cf9,Emergent_appears_asymmetry_ecd8f7,0.9077118487643905,180305.05,181092.92,True,False
Emergent_bounded_constraint_999cf9,Emergent_collective_contradiction_7c0dce,0.9109312971642325,180305.05,181235.22,True,False
Emergent_bounded_constraint_999cf9,Emergent_collective_consciousness_6d91b7,0.9098634769285068,180305.05,181235.56,True,False
Emergent_bounded_constraint_999cf9,Emergent_collective_contradiction_928680,0.9036001313377919,180305.05,181259.5,True,False
Emergent_bounded_constraint_999cf9,Emergent_contradiction_emerges_8ffe6e,0.9081748301520065,180305.05,181259.84,True,False
Emergent_bounded_constraint_999cf9,Emergent_bounded_expression_1485da,0.8564282537653867,180305.05,181282.05,True,False
Emergent_bounded_constraint_999cf9,Emergent_collective_expression_a42f45,0.8686107111813066,180305.05,181282.39,True,False
Emergent_bounded_constraint_999cf9,Emergent_collective_criticality_1a15a7,0.9049651157140486,180305.05,181354.86,True,False
Emergent_bounded_constraint_999cf9,Emergent_collective_equilibrium_faa18e,0.9052955942994609,180305.05,181355.2,True,False
Emergent_bounded_constraint_999cf9,Emergent_ethics_expression_330141,0.7510946477077255,180305.05,181379.85,True,False
Emergent_bounded_constraint_999cf9,Emergent_carefully_contradiction_2a8f1f,0.7566366211379614,180305.05,181398.23,True,False
Emergent_bounded_constraint_999cf9,Emergent_bounded_clarity_632475,0.9,180305.05,181446.33,True,False
Emergent_autonomy_collective_4a8f61,Emergent_autonomy_clarity_dc06c1,0.912604218605708,180305.39,180321.73,True,False
Emergent_autonomy_collective_4a8f61,Emergent_consciousness_expression_dc9a81,0.9126042321765544,180305.39,180340.06,True,False
Emergent_autonomy_collective_4a8f61,Emergent_clarity_criticality_9682fe,0.9126042165778803,180305.39,180357.72,True,False
Emergent_autonomy_collective_4a8f61,Emergent_bounded_criticality_680155,0.9112128278369174,180305.39,180374.56,True,False
Emergent_autonomy_collective_4a8f61,Emergent_bounded_clarity_50a8e4,0.912233136311188,180305.39,180444.9,True,False
Emergent_autonomy_collective_4a8f61,Emergent_autonomy_coherence_1637ce,0.9126042508723291,180305.39,180463.02,True,False
Emergent_autonomy_collective_4a8f61,Emergent_bounded_contradiction_d8e7d7,0.9126033748041957,180305.39,180482.08,True,False
Emergent_autonomy_collective_4a8f61,Emergent_autonomy_carefully_dedeae,0.9126044087752347,180305.39,180500.56,True,False
Emergent_autonomy_collective_4a8f61,Emergent_clarity_constraint_64b0d3,0.9126042464243667,180305.39,180519.48,True,False
Emergent_autonomy_collective_4a8f61,Emergent_bounded_clarity_42b09f,0.9126040144945549,180305.39,180538.05,True,False
Emergent_autonomy_collective_4a8f61,Emergent_autonomy_clarity_d6bec2,0.910218446564609,180305.39,180538.39,True,False
Emergent_autonomy_collective_4a8f61,Emergent_clarity_ethical_4200a4,0.9126035920745632,180305.39,180573.89,True,False
Emergent_autonomy_collective_4a8f61,Emergent_autonomy_belief_revision_81d18f,0.9125961541842667,180305.39,180591.27,True,False
Emergent_autonomy_collective_4a8f61,Emergent_bounded_forgetting_183221,0.9125959751201873,180305.39,180591.61,True,False
Emergent_autonomy_collective_4a8f61,Emergent_clarity_coherence_c2f943,0.9125960769329562,180305.39,180608.89,True,False
Emergent_autonomy_collective_4a8f61,Emergent_clarity_contradiction_79daa8,0.9126021371340904,180305.39,180628.62,True,False
Emergent_autonomy_collective_4a8f61,Emergent_coherence_focused_56ce26,0.912279659236511,180305.39,180648.01,True,False
Emergent_autonomy_collective_4a8f61,Emergent_bounded_constraint_3b651b,0.9125955314583145,180305.39,180648.35,True,False
Emergent_autonomy_collective_4a8f61,Emergent_coherence_emergence_e163d0,0.9062622613170954,180305.39,180667.45,True,False
Emergent_autonomy_collective_4a8f61,Emergent_expression_feedback_f1ebfd,0.9126091235103706,180305.39,180683.38,True,False
Emergent_autonomy_collective_4a8f61,Emergent_coherence_emergence_d5f014,0.912600450980136,180305.39,180701.76,True,False
Emergent_autonomy_collective_4a8f61,Emergent_appears_asymmetry_1f204a,0.9126064560175371,180305.39,180720.91,True,False
Emergent_autonomy_collective_4a8f61,Emergent_carefully_coherence_247f20,0.9055719770809305,180305.39,180756.06,True,False
Emergent_autonomy_collective_4a8f61,Emergent_clarity_energy_08bc8c,0.9126033715597122,180305.39,180775.22,True,False
Emergent_autonomy_collective_4a8f61,Emergent_bounded_clarity_5e89c1,0.9077227461579827,180305.39,180834.8,True,False
Emergent_autonomy_collective_4a8f61,Emergent_clarity_consciousness_737602,0.9125753570626305,180305.39,180835.14,True,False
Emergent_autonomy_collective_4a8f61,Emergent_belief_revision_consciousness_d079c0,0.9125776840354229,180305.39,180854.35,True,False
Emergent_autonomy_collective_4a8f61,Emergent_bounded_carefully_b7805e,0.9125846641369348,180305.39,180897.93,True,False
Emergent_autonomy_collective_4a8f61,Emergent_bounded_constraint_b19815,0.907090198225311,180305.39,180921.08,True,False
Emergent_autonomy_collective_4a8f61,Emergent_attention_constraint_979430,0.9126796000854709,180305.39,180966.32,True,False
Emergent_autonomy_collective_4a8f61,Emergent_attention_bounded_c919d0,0.9125632848284775,180305.39,180990.26,True,False
Emergent_autonomy_collective_4a8f61,Emergent_bounded_constraint_510885,0.9109413975987894,180305.39,181050.48,True,False
Emergent_autonomy_collective_4a8f61,Emergent_coherence_expression_83ebd2,0.9109167996548779,180305.39,181050.82,True,False
Emergent_autonomy_collective_4a8f61,Emergent_appears_asymmetry_ecd8f7,0.9094205452952373,180305.39,181092.92,True,False
Emergent_autonomy_collective_4a8f61,Emergent_collective_contradiction_7c0dce,0.9121212616177137,180305.39,181235.22,True,False
Emergent_autonomy_collective_4a8f61,Emergent_collective_consciousness_6d91b7,0.9098634769285068,180305.39,181235.56,True,False
Emergent_autonomy_collective_4a8f61,Emergent_collective_contradiction_928680,0.9036001313377919,180305.39,181259.5,True,False
Emergent_autonomy_collective_4a8f61,Emergent_contradiction_emerges_8ffe6e,0.9097405556485056,180305.39,181259.84,True,False
Emergent_autonomy_collective_4a8f61,Emergent_bounded_expression_1485da,0.8564282537653867,180305.39,181282.05,True,False
Emergent_autonomy_collective_4a8f61,Emergent_collective_expression_a42f45,0.8687138068131715,180305.39,181282.39,True,False
Emergent_autonomy_collective_4a8f61,Emergent_collective_criticality_1a15a7,0.905870843268086,180305.39,181354.86,True,False
Emergent_autonomy_collective_4a8f61,Emergent_collective_equilibrium_faa18e,0.9062047916634943,180305.39,181355.2,True,False
Emergent_autonomy_collective_4a8f61,Emergent_ethics_expression_330141,0.7536669076138115,180305.39,181379.85,True,False
Emergent_autonomy_collective_4a8f61,Emergent_carefully_contradiction_2a8f1f,0.759242770447212,180305.39,181398.23,True,False
Emergent_autonomy_collective_4a8f61,Emergent_bounded_clarity_632475,0.9,180305.39,181446.33,True,False
Emergent_autonomy_clarity_dc06c1,Emergent_consciousness_expression_dc9a81,0.9132688208002342,180321.73,180340.06,True,False
Emergent_autonomy_clarity_dc06c1,Emergent_clarity_criticality_9682fe,0.9143415528150185,180321.73,180357.72,True,False
Emergent_autonomy_clarity_dc06c1,Emergent_bounded_criticality_680155,0.9112128278369174,180321.73,180374.56,True,False
Emergent_autonomy_clarity_dc06c1,Emergent_bounded_clarity_50a8e4,0.912233136311188,180321.73,180444.9,True,False
Emergent_autonomy_clarity_dc06c1,Emergent_autonomy_coherence_1637ce,0.914341582775803,180321.73,180463.02,True,False
Emergent_autonomy_clarity_dc06c1,Emergent_bounded_contradiction_d8e7d7,0.9143407153685366,180321.73,180482.08,True,False
Emergent_autonomy_clarity_dc06c1,Emergent_autonomy_carefully_dedeae,0.9143417359546124,180321.73,180500.56,True,False
Emergent_autonomy_clarity_dc06c1,Emergent_clarity_constraint_64b0d3,0.9143415736037444,180321.73,180519.48,True,False
Emergent_autonomy_clarity_dc06c1,Emergent_bounded_clarity_42b09f,0.914341341673933,180321.73,180538.05,True,False
Emergent_autonomy_clarity_dc06c1,Emergent_autonomy_clarity_d6bec2,0.910218446564609,180321.73,180538.39,True,False
Emergent_autonomy_clarity_dc06c1,Emergent_clarity_ethical_4200a4,0.9143409182856519,180321.73,180573.89,True,False
Emergent_autonomy_clarity_dc06c1,Emergent_autonomy_belief_revision_81d18f,0.9143335069907486,180321.73,180591.27,True,False
Emergent_autonomy_clarity_dc06c1,Emergent_bounded_forgetting_183221,0.9143333260232489,180321.73,180591.61,True,False
Emergent_autonomy_clarity_dc06c1,Emergent_clarity_coherence_c2f943,0.9143334289182699,180321.73,180608.89,True,False
Emergent_autonomy_clarity_dc06c1,Emergent_clarity_contradiction_79daa8,0.9143395535383037,180321.73,180628.62,True,False
Emergent_autonomy_clarity_dc06c1,Emergent_coherence_focused_56ce26,0.912279659236511,180321.73,180648.01,True,False
Emergent_autonomy_clarity_dc06c1,Emergent_bounded_constraint_3b651b,0.9143328817356391,180321.73,180648.35,True,False
Emergent_autonomy_clarity_dc06c1,Emergent_coherence_emergence_e163d0,0.9062622613170954,180321.73,180667.45,True,False
Emergent_autonomy_clarity_dc06c1,Emergent_expression_feedback_f1ebfd,0.9143463208038831,180321.73,180683.38,True,False
Emergent_autonomy_clarity_dc06c1,Emergent_coherence_emergence_d5f014,0.9143379961481635,180321.73,180701.76,True,False
Emergent_autonomy_clarity_dc06c1,Emergent_appears_asymmetry_1f204a,0.9143434762729701,180321.73,180720.91,True,False
Emergent_autonomy_clarity_dc06c1,Emergent_carefully_coherence_247f20,0.9055719770809305,180321.73,180756.06,True,False
Emergent_autonomy_clarity_dc06c1,Emergent_clarity_energy_08bc8c,0.9143403918151447,180321.73,180775.22,True,False
Emergent_autonomy_clarity_dc06c1,Emergent_bounded_clarity_5e89c1,0.9077227461579827,180321.73,180834.8,True,False
Emergent_autonomy_clarity_dc06c1,Emergent_clarity_consciousness_737602,0.9143123733631051,180321.73,180835.14,True,False
Emergent_autonomy_clarity_dc06c1,Emergent_belief_revision_consciousness_d079c0,0.9143147042908555,180321.73,180854.35,True,False
Emergent_autonomy_clarity_dc06c1,Emergent_bounded_carefully_b7805e,0.9141884277970074,180321.73,180897.93,True,False
Emergent_autonomy_clarity_dc06c1,Emergent_bounded_constraint_b19815,0.907090198225311,180321.73,180921.08,True,False
Emergent_autonomy_clarity_dc06c1,Emergent_attention_constraint_979430,0.9144143446831523,180321.73,180966.32,True,False
Emergent_autonomy_clarity_dc06c1,Emergent_attention_bounded_c919d0,0.9142980294261587,180321.73,180990.26,True,False
Emergent_autonomy_clarity_dc06c1,Emergent_bounded_constraint_510885,0.9127056583446984,180321.73,181050.48,True,False
Emergent_autonomy_clarity_dc06c1,Emergent_coherence_expression_83ebd2,0.9126807989288581,180321.73,181050.82,True,False
Emergent_autonomy_clarity_dc06c1,Emergent_appears_asymmetry_ecd8f7,0.911168639641776,180321.73,181092.92,True,False
Emergent_autonomy_clarity_dc06c1,Emergent_collective_contradiction_7c0dce,0.9121212616177137,180321.73,181235.22,True,False
Emergent_autonomy_clarity_dc06c1,Emergent_collective_consciousness_6d91b7,0.9098634769285068,180321.73,181235.56,True,False
Emergent_autonomy_clarity_dc06c1,Emergent_collective_contradiction_928680,0.9036001313377919,180321.73,181259.5,True,False
Emergent_autonomy_clarity_dc06c1,Emergent_contradiction_emerges_8ffe6e,0.9113423824441069,180321.73,181259.84,True,False
Emergent_autonomy_clarity_dc06c1,Emergent_bounded_expression_1485da,0.8564282537653867,180321.73,181282.05,True,False
Emergent_autonomy_clarity_dc06c1,Emergent_collective_expression_a42f45,0.8687138068131715,180321.73,181282.39,True,False
Emergent_autonomy_clarity_dc06c1,Emergent_collective_criticality_1a15a7,0.9067974543942479,180321.73,181354.86,True,False
Emergent_autonomy_clarity_dc06c1,Emergent_collective_equilibrium_faa18e,0.9071349526038732,180321.73,181355.2,True,False
Emergent_autonomy_clarity_dc06c1,Emergent_ethics_expression_330141,0.7559491950848662,180321.73,181379.85,True,False
Emergent_autonomy_clarity_dc06c1,Emergent_carefully_contradiction_2a8f1f,0.761909010350841,180321.73,181398.23,True,False
Emergent_autonomy_clarity_dc06c1,Emergent_bounded_clarity_632475,0.9,180321.73,181446.33,True,False
Emergent_consciousness_expression_dc9a81,Emergent_clarity_criticality_9682fe,0.9132688052015601,180340.06,180357.72,True,False
Emergent_consciousness_expression_dc9a81,Emergent_bounded_criticality_680155,0.9112128278369174,180340.06,180374.56,True,False
Emergent_consciousness_expression_dc9a81,Emergent_bounded_clarity_50a8e4,0.912233136311188,180340.06,180444.9,True,False
Emergent_consciousness_expression_dc9a81,Emergent_autonomy_coherence_1637ce,0.9132688378382388,180340.06,180463.02,True,False
Emergent_consciousness_expression_dc9a81,Emergent_bounded_contradiction_d8e7d7,0.9132679650831736,180340.06,180482.08,True,False
Emergent_consciousness_expression_dc9a81,Emergent_autonomy_carefully_dedeae,0.9132689939340211,180340.06,180500.56,True,False
Emergent_consciousness_expression_dc9a81,Emergent_clarity_constraint_64b0d3,0.913268831583153,180340.06,180519.48,True,False
Emergent_consciousness_expression_dc9a81,Emergent_bounded_clarity_42b09f,0.9132685996533414,180340.06,180538.05,True,False
Emergent_consciousness_expression_dc9a81,Emergent_autonomy_clarity_d6bec2,0.910218446564609,180340.06,180538.39,True,False
Emergent_consciousness_expression_dc9a81,Emergent_clarity_ethical_4200a4,0.9132681768629469,180340.06,180573.89,True,False
Emergent_consciousness_expression_dc9a81,Emergent_autonomy_belief_revision_81d18f,0.9132607491462688,180340.06,180591.27,True,False
Emergent_consciousness_expression_dc9a81,Emergent_bounded_forgetting_183221,0.9132605693540681,180340.06,180591.61,True,False
Emergent_consciousness_expression_dc9a81,Emergent_clarity_coherence_c2f943,0.9132606715808342,180340.06,180608.89,True,False
Emergent_consciousness_expression_dc9a81,Emergent_clarity_contradiction_79daa8,0.91326675642433,180340.06,180628.62,True,False
Emergent_consciousness_expression_dc9a81,Emergent_coherence_focused_56ce26,0.912279659236511,180340.06,180648.01,True,False
Emergent_consciousness_expression_dc9a81,Emergent_bounded_constraint_3b651b,0.9132601254528303,180340.06,180648.35,True,False
Emergent_consciousness_expression_dc9a81,Emergent_coherence_emergence_e163d0,0.9062622613170954,180340.06,180667.45,True,False
Emergent_consciousness_expression_dc9a81,Emergent_expression_feedback_f1ebfd,0.913273658983514,180340.06,180683.38,True,False
Emergent_consciousness_expression_dc9a81,Emergent_coherence_emergence_d5f014,0.9132651195267973,180340.06,180701.76,True,False
Emergent_consciousness_expression_dc9a81,Emergent_appears_asymmetry_1f204a,0.9132709237677541,180340.06,180720.91,True,False
Emergent_consciousness_expression_dc9a81,Emergent_carefully_coherence_247f20,0.9055719770809305,180340.06,180756.06,True,False
Emergent_consciousness_expression_dc9a81,Emergent_clarity_energy_08bc8c,0.9132678393099289,180340.06,180775.22,True,False
Emergent_consciousness_expression_dc9a81,Emergent_bounded_clarity_5e89c1,0.9077227461579827,180340.06,180834.8,True,False
Emergent_consciousness_expression_dc9a81,Emergent_clarity_consciousness_737602,0.913239823299945,180340.06,180835.14,True,False
Emergent_consciousness_expression_dc9a81,Emergent_belief_revision_consciousness_d079c0,0.9132421517856397,180340.06,180854.35,True,False
Emergent_consciousness_expression_dc9a81,Emergent_bounded_carefully_b7805e,0.9132486443846981,180340.06,180897.93,True,False
Emergent_consciousness_expression_dc9a81,Emergent_bounded_constraint_b19815,0.907090198225311,180340.06,180921.08,True,False
Emergent_consciousness_expression_dc9a81,Emergent_attention_constraint_979430,0.9133431973212645,180340.06,180966.32,True,False
Emergent_consciousness_expression_dc9a81,Emergent_attention_bounded_c919d0,0.9132268820642708,180340.06,180990.26,True,False
Emergent_consciousness_expression_dc9a81,Emergent_bounded_constraint_510885,0.9116162857383858,180340.06,181050.48,True,False
Emergent_consciousness_expression_dc9a81,Emergent_coherence_expression_83ebd2,0.9115915877728058,180340.06,181050.82,True,False
Emergent_consciousness_expression_dc9a81,Emergent_appears_asymmetry_ecd8f7,0.9100892492519004,180340.06,181092.92,True,False
Emergent_consciousness_expression_dc9a81,Emergent_collective_contradiction_7c0dce,0.9121212616177137,180340.06,181235.22,True,False
Emergent_consciousness_expression_dc9a81,Emergent_collective_consciousness_6d91b7,0.9098634769285068,180340.06,181235.56,True,False
Emergent_consciousness_expression_dc9a81,Emergent_collective_contradiction_928680,0.9036001313377919,180340.06,181259.5,True,False
Emergent_consciousness_expression_dc9a81,Emergent_contradiction_emerges_8ffe6e,0.9103533074248775,180340.06,181259.84,True,False
Emergent_consciousness_expression_dc9a81,Emergent_bounded_expression_1485da,0.8564282537653867,180340.06,181282.05,True,False
Emergent_consciousness_expression_dc9a81,Emergent_collective_expression_a42f45,0.8687138068131715,180340.06,181282.39,True,False
Emergent_consciousness_expression_dc9a81,Emergent_collective_criticality_1a15a7,0.9062253026984819,180340.06,181354.86,True,False
Emergent_consciousness_expression_dc9a81,Emergent_collective_equilibrium_faa18e,0.9065606090153417,180340.06,181355.2,True,False
Emergent_consciousness_expression_dc9a81,Emergent_ethics_expression_330141,0.754673569912068,180340.06,181379.85,True,False
Emergent_consciousness_expression_dc9a81,Emergent_carefully_contradiction_2a8f1f,0.7602626954738559,180340.06,181398.23,True,False
Emergent_consciousness_expression_dc9a81,Emergent_bounded_clarity_632475,0.9,180340.06,181446.33,True,False
Emergent_clarity_criticality_9682fe,Emergent_bounded_criticality_680155,0.911212781040895,180357.72,180374.56,True,False
Emergent_clarity_criticality_9682fe,Emergent_bounded_clarity_50a8e4,0.912233136311188,180357.72,180444.9,True,False
Emergent_clarity_criticality_9682fe,Emergent_autonomy_coherence_1637ce,0.9193807405643821,180357.72,180463.02,True,False
Emergent_clarity_criticality_9682fe,Emergent_bounded_contradiction_d8e7d7,0.9166421467263515,180357.72,180482.08,True,False
Emergent_clarity_criticality_9682fe,Emergent_autonomy_carefully_dedeae,0.9161336064626988,180357.72,180500.56,True,False
Emergent_clarity_criticality_9682fe,Emergent_clarity_constraint_64b0d3,0.9163734550830311,180357.72,180519.48,True,False
Emergent_clarity_criticality_9682fe,Emergent_bounded_clarity_42b09f,0.9193804857601997,180357.72,180538.05,True,False
Emergent_clarity_criticality_9682fe,Emergent_autonomy_clarity_d6bec2,0.910218446564609,180357.72,180538.39,True,False
Emergent_clarity_criticality_9682fe,Emergent_clarity_ethical_4200a4,0.9193800595633816,180357.72,180573.89,True,False
Emergent_clarity_criticality_9682fe,Emergent_autonomy_belief_revision_81d18f,0.9193727254088226,180357.72,180591.27,True,False
Emergent_clarity_criticality_9682fe,Emergent_bounded_forgetting_183221,0.9146238992124625,180357.72,180591.61,True,False
Emergent_clarity_criticality_9682fe,Emergent_clarity_coherence_c2f943,0.9160132654722779,180357.72,180608.89,True,False
Emergent_clarity_criticality_9682fe,Emergent_clarity_contradiction_79daa8,0.9193277997572993,180357.72,180628.62,True,False
Emergent_clarity_criticality_9682fe,Emergent_coherence_focused_56ce26,0.912279659236511,180357.72,180648.01,True,False
Emergent_clarity_criticality_9682fe,Emergent_bounded_constraint_3b651b,0.9157265566323414,180357.72,180648.35,True,False
Emergent_clarity_criticality_9682fe,Emergent_coherence_emergence_e163d0,0.9062622613170954,180357.72,180667.45,True,False
Emergent_clarity_criticality_9682fe,Emergent_expression_feedback_f1ebfd,0.919385088154208,180357.72,180683.38,True,False
Emergent_clarity_criticality_9682fe,Emergent_coherence_emergence_d5f014,0.9193777725138461,180357.72,180701.76,True,False
Emergent_clarity_criticality_9682fe,Emergent_appears_asymmetry_1f204a,0.9183136791847797,180357.72,180720.91,True,False
Emergent_clarity_criticality_9682fe,Emergent_carefully_coherence_247f20,0.9055719770809305,180357.72,180756.06,True,False
Emergent_clarity_criticality_9682fe,Emergent_clarity_energy_08bc8c,0.917171270977793,180357.72,180775.22,True,False
Emergent_clarity_criticality_9682fe,Emergent_bounded_clarity_5e89c1,0.9077227461579827,180357.72,180834.8,True,False
Emergent_clarity_criticality_9682fe,Emergent_clarity_consciousness_737602,0.9193506157403524,180357.72,180835.14,True,False
Emergent_clarity_criticality_9682fe,Emergent_belief_revision_consciousness_d079c0,0.9193529581395194,180357.72,180854.35,True,False
Emergent_clarity_criticality_9682fe,Emergent_bounded_carefully_b7805e,0.9141884277970074,180357.72,180897.93,True,False
Emergent_clarity_criticality_9682fe,Emergent_bounded_constraint_b19815,0.907090198225311,180357.72,180921.08,True,False
Emergent_clarity_criticality_9682fe,Emergent_attention_constraint_979430,0.9192698338918461,180357.72,180966.32,True,False
Emergent_clarity_criticality_9682fe,Emergent_attention_bounded_c919d0,0.9193296826946693,180357.72,180990.26,True,False
Emergent_clarity_criticality_9682fe,Emergent_bounded_constraint_510885,0.9178229236531033,180357.72,181050.48,True,False
Emergent_clarity_criticality_9682fe,Emergent_coherence_expression_83ebd2,0.9169280069874048,180357.72,181050.82,True,False
Emergent_clarity_criticality_9682fe,Emergent_appears_asymmetry_ecd8f7,0.9162390140612624,180357.72,181092.92,True,False
Emergent_clarity_criticality_9682fe,Emergent_collective_contradiction_7c0dce,0.9121212616177137,180357.72,181235.22,True,False
Emergent_clarity_criticality_9682fe,Emergent_collective_consciousness_6d91b7,0.9098634769285068,180357.72,181235.56,True,False
Emergent_clarity_criticality_9682fe,Emergent_collective_contradiction_928680,0.9036001313377919,180357.72,181259.5,True,False
Emergent_clarity_criticality_9682fe,Emergent_contradiction_emerges_8ffe6e,0.9159885055924069,180357.72,181259.84,True,False
Emergent_clarity_criticality_9682fe,Emergent_bounded_expression_1485da,0.8564282537653867,180357.72,181282.05,True,False
Emergent_clarity_criticality_9682fe,Emergent_collective_expression_a42f45,0.8687138068131715,180357.72,181282.39,True,False
Emergent_clarity_criticality_9682fe,Emergent_collective_criticality_1a15a7,0.9069625683772597,180357.72,181354.86,True,False
Emergent_clarity_criticality_9682fe,Emergent_collective_equilibrium_faa18e,0.9098328986543489,180357.72,181355.2,True,False
Emergent_clarity_criticality_9682fe,Emergent_ethics_expression_330141,0.7559491950848662,180357.72,181379.85,True,False
Emergent_clarity_criticality_9682fe,Emergent_carefully_contradiction_2a8f1f,0.7696424800175914,180357.72,181398.23,True,False
Emergent_clarity_criticality_9682fe,Emergent_bounded_clarity_632475,0.9,180357.72,181446.33,True,False
Emergent_bounded_criticality_680155,Emergent_bounded_clarity_50a8e4,0.9112124143424591,180374.56,180444.9,True,False
Emergent_bounded_criticality_680155,Emergent_autonomy_coherence_1637ce,0.9112128633737122,180374.56,180463.02,True,False
Emergent_bounded_criticality_680155,Emergent_bounded_contradiction_d8e7d7,0.911211980369298,180374.56,180482.08,True,False
Emergent_bounded_criticality_680155,Emergent_autonomy_carefully_dedeae,0.9112130250600328,180374.56,180500.56,True,False
Emergent_bounded_criticality_680155,Emergent_clarity_constraint_64b0d3,0.9112128627091647,180374.56,180519.48,True,False
Emergent_bounded_criticality_680155,Emergent_bounded_clarity_42b09f,0.9112126307793531,180374.56,180538.05,True,False
Emergent_bounded_criticality_680155,Emergent_autonomy_clarity_d6bec2,0.910218446564609,180374.56,180538.39,True,False
Emergent_bounded_criticality_680155,Emergent_clarity_ethical_4200a4,0.9112122091348407,180374.56,180573.89,True,False
Emergent_bounded_criticality_680155,Emergent_autonomy_belief_revision_81d18f,0.9112047499449312,180374.56,180591.27,True,False
Emergent_bounded_criticality_680155,Emergent_bounded_forgetting_183221,0.9112045724052558,180374.56,180591.61,True,False
Emergent_bounded_criticality_680155,Emergent_clarity_coherence_c2f943,0.9112046733512746,180374.56,180608.89,True,False
Emergent_bounded_criticality_680155,Emergent_clarity_contradiction_79daa8,0.9112106819608556,180374.56,180628.62,True,False
Emergent_bounded_criticality_680155,Emergent_coherence_focused_56ce26,0.9112040766577758,180374.56,180648.01,True,False
Emergent_bounded_criticality_680155,Emergent_bounded_constraint_3b651b,0.9112041292445205,180374.56,180648.35,True,False
Emergent_bounded_criticality_680155,Emergent_coherence_emergence_e163d0,0.9062622613170954,180374.56,180667.45,True,False
Emergent_bounded_criticality_680155,Emergent_expression_feedback_f1ebfd,0.9112178438176468,180374.56,180683.38,True,False
Emergent_bounded_criticality_680155,Emergent_coherence_emergence_d5f014,0.9112088926830475,180374.56,180701.76,True,False
Emergent_bounded_criticality_680155,Emergent_appears_asymmetry_1f204a,0.9112153181103697,180374.56,180720.91,True,False
Emergent_bounded_criticality_680155,Emergent_carefully_coherence_247f20,0.9055719770809305,180374.56,180756.06,True,False
Emergent_bounded_criticality_680155,Emergent_clarity_energy_08bc8c,0.9112122336525446,180374.56,180775.22,True,False
Emergent_bounded_criticality_680155,Emergent_bounded_clarity_5e89c1,0.9077227461579827,180374.56,180834.8,True,False
Emergent_bounded_criticality_680155,Emergent_clarity_consciousness_737602,0.9111842223228945,180374.56,180835.14,True,False
Emergent_bounded_criticality_680155,Emergent_belief_revision_consciousness_d079c0,0.9111865461282553,180374.56,180854.35,True,False
Emergent_bounded_criticality_680155,Emergent_bounded_carefully_b7805e,0.9111945468709395,180374.56,180897.93,True,False
Emergent_bounded_criticality_680155,Emergent_bounded_constraint_b19815,0.907090198225311,180374.56,180921.08,True,False
Emergent_bounded_criticality_680155,Emergent_attention_constraint_979430,0.9112902846980764,180374.56,180966.32,True,False
Emergent_bounded_criticality_680155,Emergent_attention_bounded_c919d0,0.911173969441083,180374.56,180990.26,True,False
Emergent_bounded_criticality_680155,Emergent_bounded_constraint_510885,0.9095284434354252,180374.56,181050.48,True,False
Emergent_bounded_criticality_680155,Emergent_coherence_expression_83ebd2,0.9095040548981173,180374.56,181050.82,True,False
Emergent_bounded_criticality_680155,Emergent_appears_asymmetry_ecd8f7,0.9080205384138156,180374.56,181092.92,True,False
Emergent_bounded_criticality_680155,Emergent_collective_contradiction_7c0dce,0.9112147001315825,180374.56,181235.22,True,False
Emergent_bounded_criticality_680155,Emergent_collective_consciousness_6d91b7,0.9098634769285068,180374.56,181235.56,True,False
Emergent_bounded_criticality_680155,Emergent_collective_contradiction_928680,0.9036001313377919,180374.56,181259.5,True,False
Emergent_bounded_criticality_680155,Emergent_contradiction_emerges_8ffe6e,0.9084576909443618,180374.56,181259.84,True,False
Emergent_bounded_criticality_680155,Emergent_bounded_expression_1485da,0.8564282537653867,180374.56,181282.05,True,False
Emergent_bounded_criticality_680155,Emergent_collective_expression_a42f45,0.8687138068131715,180374.56,181282.39,True,False
Emergent_bounded_criticality_680155,Emergent_collective_criticality_1a15a7,0.9051287426168269,180374.56,181354.86,True,False
Emergent_bounded_criticality_680155,Emergent_collective_equilibrium_faa18e,0.9054598480510749,180374.56,181355.2,True,False
Emergent_bounded_criticality_680155,Emergent_ethics_expression_330141,0.751559346964911,180374.56,181379.85,True,False
Emergent_bounded_criticality_680155,Emergent_carefully_contradiction_2a8f1f,0.757107442785983,180374.56,181398.23,True,False
Emergent_bounded_criticality_680155,Emergent_bounded_clarity_632475,0.9,180374.56,181446.33,True,False
Emergent_bounded_clarity_50a8e4,Emergent_autonomy_coherence_1637ce,0.9122335566266904,180444.9,180463.02,True,False
Emergent_bounded_clarity_50a8e4,Emergent_bounded_contradiction_d8e7d7,0.9122327031933704,180444.9,180482.08,True,False
Emergent_bounded_clarity_50a8e4,Emergent_autonomy_carefully_dedeae,0.9122337400201681,180444.9,180500.56,True,False
Emergent_bounded_clarity_50a8e4,Emergent_clarity_constraint_64b0d3,0.9122335776693,180444.9,180519.48,True,False
Emergent_bounded_clarity_50a8e4,Emergent_bounded_clarity_42b09f,0.9122333457394884,180444.9,180538.05,True,False
Emergent_bounded_clarity_50a8e4,Emergent_autonomy_clarity_d6bec2,0.910218446564609,180444.9,180538.39,True,False
Emergent_bounded_clarity_50a8e4,Emergent_clarity_ethical_4200a4,0.9122329235260866,180444.9,180573.89,True,False
Emergent_bounded_clarity_50a8e4,Emergent_autonomy_belief_revision_81d18f,0.9122254799615099,180444.9,180591.27,True,False
Emergent_bounded_clarity_50a8e4,Emergent_bounded_forgetting_183221,0.9122253013035366,180444.9,180591.61,True,False
Emergent_bounded_clarity_50a8e4,Emergent_clarity_coherence_c2f943,0.9122254028854004,180444.9,180608.89,True,False
Emergent_bounded_clarity_50a8e4,Emergent_clarity_contradiction_79daa8,0.9122314493423915,180444.9,180628.62,True,False
Emergent_bounded_clarity_50a8e4,Emergent_coherence_focused_56ce26,0.912224805004884,180444.9,180648.01,True,False
Emergent_bounded_clarity_50a8e4,Emergent_bounded_constraint_3b651b,0.9122248577751682,180444.9,180648.35,True,False
Emergent_bounded_clarity_50a8e4,Emergent_coherence_emergence_e163d0,0.9062622613170954,180444.9,180667.45,True,False
Emergent_bounded_clarity_50a8e4,Emergent_expression_feedback_f1ebfd,0.9122384824672014,180444.9,180683.38,True,False
Emergent_bounded_clarity_50a8e4,Emergent_coherence_emergence_d5f014,0.9122297357159364,180444.9,180701.76,True,False
Emergent_bounded_clarity_50a8e4,Emergent_appears_asymmetry_1f204a,0.9122358527464614,180444.9,180720.91,True,False
Emergent_bounded_clarity_50a8e4,Emergent_carefully_coherence_247f20,0.9055719770809305,180444.9,180756.06,True,False
Emergent_bounded_clarity_50a8e4,Emergent_clarity_energy_08bc8c,0.9122327682886362,180444.9,180775.22,True,False
Emergent_bounded_clarity_50a8e4,Emergent_bounded_clarity_5e89c1,0.9077227461579827,180444.9,180834.8,True,False
Emergent_bounded_clarity_50a8e4,Emergent_clarity_consciousness_737602,0.9122047546353678,180444.9,180835.14,True,False
Emergent_bounded_clarity_50a8e4,Emergent_belief_revision_consciousness_d079c0,0.9122070807643468,180444.9,180854.35,True,False
Emergent_bounded_clarity_50a8e4,Emergent_bounded_carefully_b7805e,0.9122143327676993,180444.9,180897.93,True,False
Emergent_bounded_clarity_50a8e4,Emergent_bounded_constraint_b19815,0.907090198225311,180444.9,180921.08,True,False
Emergent_bounded_clarity_50a8e4,Emergent_attention_constraint_979430,0.9123094823390767,180444.9,180966.32,True,False
Emergent_bounded_clarity_50a8e4,Emergent_attention_bounded_c919d0,0.9121931670820831,180444.9,180990.26,True,False
Emergent_bounded_clarity_50a8e4,Emergent_bounded_constraint_510885,0.9105649824122537,180444.9,181050.48,True,False
Emergent_bounded_clarity_50a8e4,Emergent_coherence_expression_83ebd2,0.9105404402548836,180444.9,181050.82,True,False
Emergent_bounded_clarity_50a8e4,Emergent_appears_asymmetry_ecd8f7,0.9090475793030732,180444.9,181092.92,True,False
Emergent_bounded_clarity_50a8e4,Emergent_collective_contradiction_7c0dce,0.9121212616177137,180444.9,181235.22,True,False
Emergent_bounded_clarity_50a8e4,Emergent_collective_consciousness_6d91b7,0.9098634769285068,180444.9,181235.56,True,False
Emergent_bounded_clarity_50a8e4,Emergent_collective_contradiction_928680,0.9036001313377919,180444.9,181259.5,True,False
Emergent_bounded_clarity_50a8e4,Emergent_contradiction_emerges_8ffe6e,0.9093987966803587,180444.9,181259.84,True,False
Emergent_bounded_clarity_50a8e4,Emergent_bounded_expression_1485da,0.8564282537653867,180444.9,181282.05,True,False
Emergent_bounded_clarity_50a8e4,Emergent_collective_expression_a42f45,0.8687138068131715,180444.9,181282.39,True,False
Emergent_bounded_clarity_50a8e4,Emergent_collective_criticality_1a15a7,0.9056731454500571,180444.9,181354.86,True,False
Emergent_bounded_clarity_50a8e4,Emergent_collective_equilibrium_faa18e,0.9060063364721669,180444.9,181355.2,True,False
Emergent_bounded_clarity_50a8e4,Emergent_ethics_expression_330141,0.753105447196085,180444.9,181379.85,True,False
Emergent_bounded_clarity_50a8e4,Emergent_carefully_contradiction_2a8f1f,0.7586739128149147,180444.9,181398.23,True,False
Emergent_bounded_clarity_50a8e4,Emergent_bounded_clarity_632475,0.9,180444.9,181446.33,True,False
Emergent_autonomy_coherence_1637ce,Emergent_bounded_contradiction_d8e7d7,0.9166421234840327,180463.02,180482.08,True,False
Emergent_autonomy_coherence_1637ce,Emergent_autonomy_carefully_dedeae,0.9161336064626988,180463.02,180500.56,True,False
Emergent_autonomy_coherence_1637ce,Emergent_clarity_constraint_64b0d3,0.9163734550830311,180463.02,180519.48,True,False
Emergent_autonomy_coherence_1637ce,Emergent_bounded_clarity_42b09f,0.9206173377880109,180463.02,180538.05,True,False
Emergent_autonomy_coherence_1637ce,Emergent_autonomy_clarity_d6bec2,0.910218446564609,180463.02,180538.39,True,False
Emergent_autonomy_coherence_1637ce,Emergent_clarity_ethical_4200a4,0.9204302917500904,180463.02,180573.89,True,False
Emergent_autonomy_coherence_1637ce,Emergent_autonomy_belief_revision_81d18f,0.9218916623019011,180463.02,180591.27,True,False
Emergent_autonomy_coherence_1637ce,Emergent_bounded_forgetting_183221,0.9146238992124625,180463.02,180591.61,True,False
Emergent_autonomy_coherence_1637ce,Emergent_clarity_coherence_c2f943,0.9160132654722779,180463.02,180608.89,True,False
Emergent_autonomy_coherence_1637ce,Emergent_clarity_contradiction_79daa8,0.9193277997572993,180463.02,180628.62,True,False
Emergent_autonomy_coherence_1637ce,Emergent_coherence_focused_56ce26,0.912279659236511,180463.02,180648.01,True,False
Emergent_autonomy_coherence_1637ce,Emergent_bounded_constraint_3b651b,0.9157265566323414,180463.02,180648.35,True,False
Emergent_autonomy_coherence_1637ce,Emergent_coherence_emergence_e163d0,0.9062622613170954,180463.02,180667.45,True,False
Emergent_autonomy_coherence_1637ce,Emergent_expression_feedback_f1ebfd,0.9219037995735917,180463.02,180683.38,True,False
Emergent_autonomy_coherence_1637ce,Emergent_coherence_emergence_d5f014,0.9218969883062891,180463.02,180701.76,True,False
Emergent_autonomy_coherence_1637ce,Emergent_appears_asymmetry_1f204a,0.9183136791847797,180463.02,180720.91,True,False
Emergent_autonomy_coherence_1637ce,Emergent_carefully_coherence_247f20,0.9055719770809305,180463.02,180756.06,True,False
Emergent_autonomy_coherence_1637ce,Emergent_clarity_energy_08bc8c,0.917171270977793,180463.02,180775.22,True,False
Emergent_autonomy_coherence_1637ce,Emergent_bounded_clarity_5e89c1,0.9077227461579827,180463.02,180834.8,True,False
Emergent_autonomy_coherence_1637ce,Emergent_clarity_consciousness_737602,0.9203479169241535,180463.02,180835.14,True,False
Emergent_autonomy_coherence_1637ce,Emergent_belief_revision_consciousness_d079c0,0.9218714128765824,180463.02,180854.35,True,False
Emergent_autonomy_coherence_1637ce,Emergent_bounded_carefully_b7805e,0.9141884277970074,180463.02,180897.93,True,False
Emergent_autonomy_coherence_1637ce,Emergent_bounded_constraint_b19815,0.907090198225311,180463.02,180921.08,True,False
Emergent_autonomy_coherence_1637ce,Emergent_attention_constraint_979430,0.9192698338918461,180463.02,180966.32,True,False
Emergent_autonomy_coherence_1637ce,Emergent_attention_bounded_c919d0,0.9218448380222832,180463.02,180990.26,True,False
Emergent_autonomy_coherence_1637ce,Emergent_bounded_constraint_510885,0.9203808735785874,180463.02,181050.48,True,False
Emergent_autonomy_coherence_1637ce,Emergent_coherence_expression_83ebd2,0.9169280069874048,180463.02,181050.82,True,False
Emergent_autonomy_coherence_1637ce,Emergent_appears_asymmetry_ecd8f7,0.9187735247983155,180463.02,181092.92,True,False
Emergent_autonomy_coherence_1637ce,Emergent_collective_contradiction_7c0dce,0.9121212616177137,180463.02,181235.22,True,False
Emergent_autonomy_coherence_1637ce,Emergent_collective_consciousness_6d91b7,0.9098634769285068,180463.02,181235.56,True,False
Emergent_autonomy_coherence_1637ce,Emergent_collective_contradiction_928680,0.9036001313377919,180463.02,181259.5,True,False
Emergent_autonomy_coherence_1637ce,Emergent_contradiction_emerges_8ffe6e,0.9165929965289501,180463.02,181259.84,True,False
Emergent_autonomy_coherence_1637ce,Emergent_bounded_expression_1485da,0.8564282537653867,180463.02,181282.05,True,False
Emergent_autonomy_coherence_1637ce,Emergent_collective_expression_a42f45,0.8687138068131715,180463.02,181282.39,True,False
Emergent_autonomy_coherence_1637ce,Emergent_collective_criticality_1a15a7,0.9069625683772597,180463.02,181354.86,True,False
Emergent_autonomy_coherence_1637ce,Emergent_collective_equilibrium_faa18e,0.9109330428712326,180463.02,181355.2,True,False
Emergent_autonomy_coherence_1637ce,Emergent_ethics_expression_330141,0.7559491950848662,180463.02,181379.85,True,False
Emergent_autonomy_coherence_1637ce,Emergent_carefully_contradiction_2a8f1f,0.7735081830768618,180463.02,181398.23,True,False
Emergent_autonomy_coherence_1637ce,Emergent_bounded_clarity_632475,0.9,180463.02,181446.33,True,False
Emergent_bounded_contradiction_d8e7d7,Emergent_autonomy_carefully_dedeae,0.9161335389698948,180482.08,180500.56,True,False
Emergent_bounded_contradiction_d8e7d7,Emergent_clarity_constraint_64b0d3,0.9163734550830311,180482.08,180519.48,True,False
Emergent_bounded_contradiction_d8e7d7,Emergent_bounded_clarity_42b09f,0.91664275530087,180482.08,180538.05,True,False
Emergent_bounded_contradiction_d8e7d7,Emergent_autonomy_clarity_d6bec2,0.910218446564609,180482.08,180538.39,True,False
Emergent_bounded_contradiction_d8e7d7,Emergent_clarity_ethical_4200a4,0.9166423306299101,180482.08,180573.89,True,False
Emergent_bounded_contradiction_d8e7d7,Emergent_autonomy_belief_revision_81d18f,0.916634954565561,180482.08,180591.27,True,False
Emergent_bounded_contradiction_d8e7d7,Emergent_bounded_forgetting_183221,0.9146238992124625,180482.08,180591.61,True,False
Emergent_bounded_contradiction_d8e7d7,Emergent_clarity_coherence_c2f943,0.9160132654722779,180482.08,180608.89,True,False
Emergent_bounded_contradiction_d8e7d7,Emergent_clarity_contradiction_79daa8,0.9166410853601636,180482.08,180628.62,True,False
Emergent_bounded_contradiction_d8e7d7,Emergent_coherence_focused_56ce26,0.912279659236511,180482.08,180648.01,True,False
Emergent_bounded_contradiction_d8e7d7,Emergent_bounded_constraint_3b651b,0.9157265566323414,180482.08,180648.35,True,False
Emergent_bounded_contradiction_d8e7d7,Emergent_coherence_emergence_e163d0,0.9062622613170954,180482.08,180667.45,True,False
Emergent_bounded_contradiction_d8e7d7,Emergent_expression_feedback_f1ebfd,0.9166475623727852,180482.08,180683.38,True,False
Emergent_bounded_contradiction_d8e7d7,Emergent_coherence_emergence_d5f014,0.9166396985416927,180482.08,180701.76,True,False
Emergent_bounded_contradiction_d8e7d7,Emergent_appears_asymmetry_1f204a,0.9166444833219418,180482.08,180720.91,True,False
Emergent_bounded_contradiction_d8e7d7,Emergent_carefully_coherence_247f20,0.9055719770809305,180482.08,180756.06,True,False
Emergent_bounded_contradiction_d8e7d7,Emergent_clarity_energy_08bc8c,0.9166413988641167,180482.08,180775.22,True,False
Emergent_bounded_contradiction_d8e7d7,Emergent_bounded_clarity_5e89c1,0.9077227461579827,180482.08,180834.8,True,False
Emergent_bounded_contradiction_d8e7d7,Emergent_clarity_consciousness_737602,0.9166133751729979,180482.08,180835.14,True,False
Emergent_bounded_contradiction_d8e7d7,Emergent_belief_revision_consciousness_d079c0,0.9166157113398274,180482.08,180854.35,True,False
Emergent_bounded_contradiction_d8e7d7,Emergent_bounded_carefully_b7805e,0.9141884277970074,180482.08,180897.93,True,False
Emergent_bounded_contradiction_d8e7d7,Emergent_bounded_constraint_b19815,0.907090198225311,180482.08,180921.08,True,False
Emergent_bounded_contradiction_d8e7d7,Emergent_attention_constraint_979430,0.9167123371993282,180482.08,180966.32,True,False
Emergent_bounded_contradiction_d8e7d7,Emergent_attention_bounded_c919d0,0.9165960219423348,180482.08,180990.26,True,False
Emergent_bounded_contradiction_d8e7d7,Emergent_bounded_constraint_510885,0.9150427504999936,180482.08,181050.48,True,False
Emergent_bounded_contradiction_d8e7d7,Emergent_coherence_expression_83ebd2,0.9150175447158546,180482.08,181050.82,True,False
Emergent_bounded_contradiction_d8e7d7,Emergent_appears_asymmetry_ecd8f7,0.913484316388246,180482.08,181092.92,True,False
Emergent_bounded_contradiction_d8e7d7,Emergent_collective_contradiction_7c0dce,0.9121212616177137,180482.08,181235.22,True,False
Emergent_bounded_contradiction_d8e7d7,Emergent_collective_consciousness_6d91b7,0.9098634769285068,180482.08,181235.56,True,False
Emergent_bounded_contradiction_d8e7d7,Emergent_collective_contradiction_928680,0.9036001313377919,180482.08,181259.5,True,False
Emergent_bounded_contradiction_d8e7d7,Emergent_contradiction_emerges_8ffe6e,0.9134643005601353,180482.08,181259.84,True,False
Emergent_bounded_contradiction_d8e7d7,Emergent_bounded_expression_1485da,0.8564282537653867,180482.08,181282.05,True,False
Emergent_bounded_contradiction_d8e7d7,Emergent_collective_expression_a42f45,0.8687138068131715,180482.08,181282.39,True,False
Emergent_bounded_contradiction_d8e7d7,Emergent_collective_criticality_1a15a7,0.9069625683772597,180482.08,181354.86,True,False
Emergent_bounded_contradiction_d8e7d7,Emergent_collective_equilibrium_faa18e,0.9083671241193154,180482.08,181355.2,True,False
Emergent_bounded_contradiction_d8e7d7,Emergent_ethics_expression_330141,0.7559491950848662,180482.08,181379.85,True,False
Emergent_bounded_contradiction_d8e7d7,Emergent_carefully_contradiction_2a8f1f,0.7654409419983346,180482.08,181398.23,True,False
Emergent_bounded_contradiction_d8e7d7,Emergent_bounded_clarity_632475,0.9,180482.08,181446.33,True,False
Emergent_autonomy_carefully_dedeae,Emergent_clarity_constraint_64b0d3,0.9161334441118307,180500.56,180519.48,True,False
Emergent_autonomy_carefully_dedeae,Emergent_bounded_clarity_42b09f,0.9161332121820189,180500.56,180538.05,True,False
Emergent_autonomy_carefully_dedeae,Emergent_autonomy_clarity_d6bec2,0.910218446564609,180500.56,180538.39,True,False
Emergent_autonomy_carefully_dedeae,Emergent_clarity_ethical_4200a4,0.9161327877950496,180500.56,180573.89,True,False
Emergent_autonomy_carefully_dedeae,Emergent_autonomy_belief_revision_81d18f,0.9161254039305005,180500.56,180591.27,True,False
Emergent_autonomy_carefully_dedeae,Emergent_bounded_forgetting_183221,0.9146238992124625,180500.56,180591.61,True,False
Emergent_autonomy_carefully_dedeae,Emergent_clarity_coherence_c2f943,0.9160132654722779,180500.56,180608.89,True,False
Emergent_autonomy_carefully_dedeae,Emergent_clarity_contradiction_79daa8,0.9161315160724357,180500.56,180628.62,True,False
Emergent_autonomy_carefully_dedeae,Emergent_coherence_focused_56ce26,0.912279659236511,180500.56,180648.01,True,False
Emergent_autonomy_carefully_dedeae,Emergent_bounded_constraint_3b651b,0.9157265566323414,180500.56,180648.35,True,False
Emergent_autonomy_carefully_dedeae,Emergent_coherence_emergence_e163d0,0.9062622613170954,180500.56,180667.45,True,False
Emergent_autonomy_carefully_dedeae,Emergent_expression_feedback_f1ebfd,0.9161380573483413,180500.56,180683.38,True,False
Emergent_autonomy_carefully_dedeae,Emergent_coherence_emergence_d5f014,0.9161300914886454,180500.56,180701.76,True,False
Emergent_autonomy_carefully_dedeae,Emergent_appears_asymmetry_1f204a,0.9161350302212439,180500.56,180720.91,True,False
Emergent_autonomy_carefully_dedeae,Emergent_carefully_coherence_247f20,0.9055719770809305,180500.56,180756.06,True,False
Emergent_autonomy_carefully_dedeae,Emergent_clarity_energy_08bc8c,0.9161319457634185,180500.56,180775.22,True,False
Emergent_autonomy_carefully_dedeae,Emergent_bounded_clarity_5e89c1,0.9077227461579827,180500.56,180834.8,True,False
Emergent_autonomy_carefully_dedeae,Emergent_clarity_consciousness_737602,0.9161039232322552,180500.56,180835.14,True,False
Emergent_autonomy_carefully_dedeae,Emergent_belief_revision_consciousness_d079c0,0.9161062582391293,180500.56,180854.35,True,False
Emergent_autonomy_carefully_dedeae,Emergent_bounded_carefully_b7805e,0.9141884277970074,180500.56,180897.93,True,False
Emergent_autonomy_carefully_dedeae,Emergent_bounded_constraint_b19815,0.907090198225311,180500.56,180921.08,True,False
Emergent_autonomy_carefully_dedeae,Emergent_attention_constraint_979430,0.9162035515294757,180500.56,180966.32,True,False
Emergent_autonomy_carefully_dedeae,Emergent_attention_bounded_c919d0,0.9160872362724823,180500.56,180990.26,True,False
Emergent_autonomy_carefully_dedeae,Emergent_bounded_constraint_510885,0.9145253079977362,180500.56,181050.48,True,False
Emergent_autonomy_carefully_dedeae,Emergent_coherence_expression_83ebd2,0.9145001789010649,180500.56,181050.82,True,False
Emergent_autonomy_carefully_dedeae,Emergent_appears_asymmetry_ecd8f7,0.9129716153518759,180500.56,181092.92,True,False
Emergent_autonomy_carefully_dedeae,Emergent_collective_contradiction_7c0dce,0.9121212616177137,180500.56,181235.22,True,False
Emergent_autonomy_carefully_dedeae,Emergent_collective_consciousness_6d91b7,0.9098634769285068,180500.56,181235.56,True,False
Emergent_autonomy_carefully_dedeae,Emergent_collective_contradiction_928680,0.9036001313377919,180500.56,181259.5,True,False
Emergent_autonomy_carefully_dedeae,Emergent_contradiction_emerges_8ffe6e,0.9129944985383984,180500.56,181259.84,True,False
Emergent_autonomy_carefully_dedeae,Emergent_bounded_expression_1485da,0.8564282537653867,180500.56,181282.05,True,False
Emergent_autonomy_carefully_dedeae,Emergent_collective_expression_a42f45,0.8687138068131715,180500.56,181282.39,True,False
Emergent_autonomy_carefully_dedeae,Emergent_collective_criticality_1a15a7,0.9069625683772597,180500.56,181354.86,True,False
Emergent_autonomy_carefully_dedeae,Emergent_collective_equilibrium_faa18e,0.908094315915875,180500.56,181355.2,True,False
Emergent_autonomy_carefully_dedeae,Emergent_ethics_expression_330141,0.7559491950848662,180500.56,181379.85,True,False
Emergent_autonomy_carefully_dedeae,Emergent_carefully_contradiction_2a8f1f,0.7646589567670974,180500.56,181398.23,True,False
Emergent_autonomy_carefully_dedeae,Emergent_bounded_clarity_632475,0.9,180500.56,181446.33,True,False
Emergent_clarity_constraint_64b0d3,Emergent_bounded_clarity_42b09f,0.9163732231532196,180519.48,180538.05,True,False
Emergent_clarity_constraint_64b0d3,Emergent_autonomy_clarity_d6bec2,0.910218446564609,180519.48,180538.39,True,False
Emergent_clarity_constraint_64b0d3,Emergent_clarity_ethical_4200a4,0.9163727986324814,180519.48,180573.89,True,False
Emergent_clarity_constraint_64b0d3,Emergent_autonomy_belief_revision_81d18f,0.9163654184420742,180519.48,180591.27,True,False
Emergent_clarity_constraint_64b0d3,Emergent_bounded_forgetting_183221,0.9146238992124625,180519.48,180591.61,True,False
Emergent_clarity_constraint_64b0d3,Emergent_clarity_coherence_c2f943,0.9160132654722779,180519.48,180608.89,True,False
Emergent_clarity_constraint_64b0d3,Emergent_clarity_contradiction_79daa8,0.9163715393700071,180519.48,180628.62,True,False
Emergent_clarity_constraint_64b0d3,Emergent_coherence_focused_56ce26,0.912279659236511,180519.48,180648.01,True,False
Emergent_clarity_constraint_64b0d3,Emergent_bounded_constraint_3b651b,0.9157265566323414,180519.48,180648.35,True,False
Emergent_clarity_constraint_64b0d3,Emergent_coherence_emergence_e163d0,0.9062622613170954,180519.48,180667.45,True,False
Emergent_clarity_constraint_64b0d3,Emergent_expression_feedback_f1ebfd,0.9163780503758678,180519.48,180683.38,True,False
Emergent_clarity_constraint_64b0d3,Emergent_coherence_emergence_d5f014,0.9163701325748803,180519.48,180701.76,True,False
Emergent_clarity_constraint_64b0d3,Emergent_appears_asymmetry_1f204a,0.9163749987910388,180519.48,180720.91,True,False
Emergent_clarity_constraint_64b0d3,Emergent_carefully_coherence_247f20,0.9055719770809305,180519.48,180756.06,True,False
Emergent_clarity_constraint_64b0d3,Emergent_clarity_energy_08bc8c,0.9163719143332139,180519.48,180775.22,True,False
Emergent_clarity_constraint_64b0d3,Emergent_bounded_clarity_5e89c1,0.9077227461579827,180519.48,180834.8,True,False
Emergent_clarity_constraint_64b0d3,Emergent_clarity_consciousness_737602,0.9163438912556747,180519.48,180835.14,True,False
Emergent_clarity_constraint_64b0d3,Emergent_belief_revision_consciousness_d079c0,0.9163462268089246,180519.48,180854.35,True,False
Emergent_clarity_constraint_64b0d3,Emergent_bounded_carefully_b7805e,0.9141884277970074,180519.48,180897.93,True,False
Emergent_clarity_constraint_64b0d3,Emergent_bounded_constraint_b19815,0.907090198225311,180519.48,180921.08,True,False
Emergent_clarity_constraint_64b0d3,Emergent_attention_constraint_979430,0.9164432057181726,180519.48,180966.32,True,False
Emergent_clarity_constraint_64b0d3,Emergent_attention_bounded_c919d0,0.9163268904611788,180519.48,180990.26,True,False
Emergent_clarity_constraint_64b0d3,Emergent_bounded_constraint_510885,0.914769039829082,180519.48,181050.48,True,False
Emergent_clarity_constraint_64b0d3,Emergent_coherence_expression_83ebd2,0.914743874610181,180519.48,181050.82,True,False
Emergent_clarity_constraint_64b0d3,Emergent_appears_asymmetry_ecd8f7,0.913213113802394,180519.48,181092.92,True,False
Emergent_clarity_constraint_64b0d3,Emergent_collective_contradiction_7c0dce,0.9121212616177137,180519.48,181235.22,True,False
Emergent_clarity_constraint_64b0d3,Emergent_collective_consciousness_6d91b7,0.9098634769285068,180519.48,181235.56,True,False
Emergent_clarity_constraint_64b0d3,Emergent_collective_contradiction_928680,0.9036001313377919,180519.48,181259.5,True,False
Emergent_clarity_constraint_64b0d3,Emergent_contradiction_emerges_8ffe6e,0.9132157901923084,180519.48,181259.84,True,False
Emergent_clarity_constraint_64b0d3,Emergent_bounded_expression_1485da,0.8564282537653867,180519.48,181282.05,True,False
Emergent_clarity_constraint_64b0d3,Emergent_collective_expression_a42f45,0.8687138068131715,180519.48,181282.39,True,False
Emergent_clarity_constraint_64b0d3,Emergent_collective_criticality_1a15a7,0.9069625683772597,180519.48,181354.86,True,False
Emergent_clarity_constraint_64b0d3,Emergent_collective_equilibrium_faa18e,0.9082228172329114,180519.48,181355.2,True,False
Emergent_clarity_constraint_64b0d3,Emergent_ethics_expression_330141,0.7559491950848662,180519.48,181379.85,True,False
Emergent_clarity_constraint_64b0d3,Emergent_carefully_contradiction_2a8f1f,0.7650272966148357,180519.48,181398.23,True,False
Emergent_clarity_constraint_64b0d3,Emergent_bounded_clarity_632475,0.9,180519.48,181446.33,True,False
Emergent_bounded_clarity_42b09f,Emergent_autonomy_clarity_d6bec2,0.910217673465237,180538.05,180538.39,True,False
Emergent_bounded_clarity_42b09f,Emergent_clarity_ethical_4200a4,0.9204302917500904,180538.05,180573.89,True,False
Emergent_bounded_clarity_42b09f,Emergent_autonomy_belief_revision_81d18f,0.9206095956812894,180538.05,180591.27,True,False
Emergent_bounded_clarity_42b09f,Emergent_bounded_forgetting_183221,0.9146238992124625,180538.05,180591.61,True,False
Emergent_bounded_clarity_42b09f,Emergent_clarity_coherence_c2f943,0.9160132654722779,180538.05,180608.89,True,False
Emergent_bounded_clarity_42b09f,Emergent_clarity_contradiction_79daa8,0.9193277997572993,180538.05,180628.62,True,False
Emergent_bounded_clarity_42b09f,Emergent_coherence_focused_56ce26,0.912279659236511,180538.05,180648.01,True,False
Emergent_bounded_clarity_42b09f,Emergent_bounded_constraint_3b651b,0.9157265566323414,180538.05,180648.35,True,False
Emergent_bounded_clarity_42b09f,Emergent_coherence_emergence_e163d0,0.9062622613170954,180538.05,180667.45,True,False
Emergent_bounded_clarity_42b09f,Emergent_expression_feedback_f1ebfd,0.9206218477126227,180538.05,180683.38,True,False
Emergent_bounded_clarity_42b09f,Emergent_coherence_emergence_d5f014,0.9206147797339013,180538.05,180701.76,True,False
Emergent_bounded_clarity_42b09f,Emergent_appears_asymmetry_1f204a,0.9183136791847797,180538.05,180720.91,True,False
Emergent_bounded_clarity_42b09f,Emergent_carefully_coherence_247f20,0.9055719770809305,180538.05,180756.06,True,False
Emergent_bounded_clarity_42b09f,Emergent_clarity_energy_08bc8c,0.917171270977793,180538.05,180775.22,True,False
Emergent_bounded_clarity_42b09f,Emergent_bounded_clarity_5e89c1,0.9077227461579827,180538.05,180834.8,True,False
Emergent_bounded_clarity_42b09f,Emergent_clarity_consciousness_737602,0.9203479169241535,180538.05,180835.14,True,False
Emergent_bounded_clarity_42b09f,Emergent_belief_revision_consciousness_d079c0,0.9205895916595515,180538.05,180854.35,True,False
Emergent_bounded_clarity_42b09f,Emergent_bounded_carefully_b7805e,0.9141884277970074,180538.05,180897.93,True,False
Emergent_bounded_clarity_42b09f,Emergent_bounded_constraint_b19815,0.907090198225311,180538.05,180921.08,True,False
Emergent_bounded_clarity_42b09f,Emergent_attention_constraint_979430,0.9192698338918461,180538.05,180966.32,True,False
Emergent_bounded_clarity_42b09f,Emergent_attention_bounded_c919d0,0.9205646961100153,180538.05,180990.26,True,False
Emergent_bounded_clarity_42b09f,Emergent_bounded_constraint_510885,0.919078950443605,180538.05,181050.48,True,False
Emergent_bounded_clarity_42b09f,Emergent_coherence_expression_83ebd2,0.9169280069874048,180538.05,181050.82,True,False
Emergent_bounded_clarity_42b09f,Emergent_appears_asymmetry_ecd8f7,0.9174835315378704,180538.05,181092.92,True,False
Emergent_bounded_clarity_42b09f,Emergent_collective_contradiction_7c0dce,0.9121212616177137,180538.05,181235.22,True,False
Emergent_bounded_clarity_42b09f,Emergent_collective_consciousness_6d91b7,0.9098634769285068,180538.05,181235.56,True,False
Emergent_bounded_clarity_42b09f,Emergent_collective_contradiction_928680,0.9036001313377919,180538.05,181259.5,True,False
Emergent_bounded_clarity_42b09f,Emergent_contradiction_emerges_8ffe6e,0.9165929965289501,180538.05,181259.84,True,False
Emergent_bounded_clarity_42b09f,Emergent_bounded_expression_1485da,0.8564282537653867,180538.05,181282.05,True,False
Emergent_bounded_clarity_42b09f,Emergent_collective_expression_a42f45,0.8687138068131715,180538.05,181282.39,True,False
Emergent_bounded_clarity_42b09f,Emergent_collective_criticality_1a15a7,0.9069625683772597,180538.05,181354.86,True,False
Emergent_bounded_clarity_42b09f,Emergent_collective_equilibrium_faa18e,0.9104951063599296,180538.05,181355.2,True,False
Emergent_bounded_clarity_42b09f,Emergent_ethics_expression_330141,0.7559491950848662,180538.05,181379.85,True,False
Emergent_bounded_clarity_42b09f,Emergent_carefully_contradiction_2a8f1f,0.7715406511108545,180538.05,181398.23,True,False
Emergent_bounded_clarity_42b09f,Emergent_bounded_clarity_632475,0.9,180538.05,181446.33,True,False
Emergent_autonomy_clarity_d6bec2,Emergent_clarity_ethical_4200a4,0.9102180254741994,180538.39,180573.89,True,False
Emergent_autonomy_clarity_d6bec2,Emergent_autonomy_belief_revision_81d18f,0.9102105510650955,180538.39,180591.27,True,False
Emergent_autonomy_clarity_d6bec2,Emergent_bounded_forgetting_183221,0.910210374614651,180538.39,180591.61,True,False
Emergent_autonomy_clarity_d6bec2,Emergent_clarity_coherence_c2f943,0.9102104749413518,180538.39,180608.89,True,False
Emergent_autonomy_clarity_d6bec2,Emergent_clarity_contradiction_79daa8,0.9102164466872642,180538.39,180628.62,True,False
Emergent_autonomy_clarity_d6bec2,Emergent_coherence_focused_56ce26,0.9102098794040172,180538.39,180648.01,True,False
Emergent_autonomy_clarity_d6bec2,Emergent_bounded_constraint_3b651b,0.9102099318119932,180538.39,180648.35,True,False
Emergent_autonomy_clarity_d6bec2,Emergent_coherence_emergence_e163d0,0.9062622613170954,180538.39,180667.45,True,False
Emergent_autonomy_clarity_d6bec2,Emergent_expression_feedback_f1ebfd,0.9102237339299948,180538.39,180683.38,True,False
Emergent_autonomy_clarity_d6bec2,Emergent_coherence_emergence_d5f014,0.9102145837244571,180538.39,180701.76,True,False
Emergent_autonomy_clarity_d6bec2,Emergent_appears_asymmetry_1f204a,0.9102213095326299,180538.39,180720.91,True,False
Emergent_autonomy_clarity_d6bec2,Emergent_carefully_coherence_247f20,0.9055719770809305,180538.39,180756.06,True,False
Emergent_autonomy_clarity_d6bec2,Emergent_clarity_energy_08bc8c,0.9102182250748048,180538.39,180775.22,True,False
Emergent_autonomy_clarity_d6bec2,Emergent_bounded_clarity_5e89c1,0.9077227461579827,180538.39,180834.8,True,False
Emergent_autonomy_clarity_d6bec2,Emergent_clarity_consciousness_737602,0.9101902160083766,180538.39,180835.14,True,False
Emergent_autonomy_clarity_d6bec2,Emergent_belief_revision_consciousness_d079c0,0.9101925375505155,180538.39,180854.35,True,False
Emergent_autonomy_clarity_d6bec2,Emergent_bounded_carefully_b7805e,0.9102012675710627,180538.39,180897.93,True,False
Emergent_autonomy_clarity_d6bec2,Emergent_bounded_constraint_b19815,0.907090198225311,180538.39,180921.08,True,False
Emergent_autonomy_clarity_d6bec2,Emergent_attention_constraint_979430,0.9102975783638299,180538.39,180966.32,True,False
Emergent_autonomy_clarity_d6bec2,Emergent_attention_bounded_c919d0,0.9101812631068362,180538.39,180990.26,True,False
Emergent_autonomy_clarity_d6bec2,Emergent_bounded_constraint_510885,0.9085188465068241,180538.39,181050.48,True,False
Emergent_autonomy_clarity_d6bec2,Emergent_coherence_expression_83ebd2,0.9084946075966367,180538.39,181050.82,True,False
Emergent_autonomy_clarity_d6bec2,Emergent_appears_asymmetry_ecd8f7,0.907020192695495,180538.39,181092.92,True,False
Emergent_autonomy_clarity_d6bec2,Emergent_collective_contradiction_7c0dce,0.910296298930001,180538.39,181235.22,True,False
Emergent_autonomy_clarity_d6bec2,Emergent_collective_consciousness_6d91b7,0.9098634769285068,180538.39,181235.56,True,False
Emergent_autonomy_clarity_d6bec2,Emergent_collective_contradiction_928680,0.9036001313377919,180538.39,181259.5,True,False
Emergent_autonomy_clarity_d6bec2,Emergent_contradiction_emerges_8ffe6e,0.9075410467256768,180538.39,181259.84,True,False
Emergent_autonomy_clarity_d6bec2,Emergent_bounded_expression_1485da,0.8564282537653867,180538.39,181282.05,True,False
Emergent_autonomy_clarity_d6bec2,Emergent_collective_expression_a42f45,0.8678300705043616,180538.39,181282.39,True,False
Emergent_autonomy_clarity_d6bec2,Emergent_collective_criticality_1a15a7,0.9045984900738566,180538.39,181354.86,True,False
Emergent_autonomy_clarity_d6bec2,Emergent_collective_equilibrium_faa18e,0.9049275641295011,180538.39,181355.2,True,False
Emergent_autonomy_clarity_d6bec2,Emergent_ethics_expression_330141,0.7500534334589095,180538.39,181379.85,True,False
Emergent_autonomy_clarity_d6bec2,Emergent_carefully_contradiction_2a8f1f,0.7555816889404361,180538.39,181398.23,True,False
Emergent_autonomy_clarity_d6bec2,Emergent_bounded_clarity_632475,0.9,180538.39,181446.33,True,False
Emergent_clarity_ethical_4200a4,Emergent_autonomy_belief_revision_81d18f,0.9204226554932069,180573.89,180591.27,True,False
Emergent_clarity_ethical_4200a4,Emergent_bounded_forgetting_183221,0.9146235918060437,180573.89,180591.61,True,False
Emergent_clarity_ethical_4200a4,Emergent_clarity_coherence_c2f943,0.9160129554849039,180573.89,180608.89,True,False
Emergent_clarity_ethical_4200a4,Emergent_clarity_contradiction_79daa8,0.9193277997572993,180573.89,180628.62,True,False
Emergent_clarity_ethical_4200a4,Emergent_coherence_focused_56ce26,0.912279659236511,180573.89,180648.01,True,False
Emergent_clarity_ethical_4200a4,Emergent_bounded_constraint_3b651b,0.9157265566323414,180573.89,180648.35,True,False
Emergent_clarity_ethical_4200a4,Emergent_coherence_emergence_e163d0,0.9062622613170954,180573.89,180667.45,True,False
Emergent_clarity_ethical_4200a4,Emergent_expression_feedback_f1ebfd,0.9204352424088698,180573.89,180683.38,True,False
Emergent_clarity_ethical_4200a4,Emergent_coherence_emergence_d5f014,0.920428137062355,180573.89,180701.76,True,False
Emergent_clarity_ethical_4200a4,Emergent_appears_asymmetry_1f204a,0.9183136791847797,180573.89,180720.91,True,False
Emergent_clarity_ethical_4200a4,Emergent_carefully_coherence_247f20,0.9055719770809305,180573.89,180756.06,True,False
Emergent_clarity_ethical_4200a4,Emergent_clarity_energy_08bc8c,0.917171270977793,180573.89,180775.22,True,False
Emergent_clarity_ethical_4200a4,Emergent_bounded_clarity_5e89c1,0.9077227461579827,180573.89,180834.8,True,False
Emergent_clarity_ethical_4200a4,Emergent_clarity_consciousness_737602,0.9203479169241535,180573.89,180835.14,True,False
Emergent_clarity_ethical_4200a4,Emergent_belief_revision_consciousness_d079c0,0.9204030053727779,180573.89,180854.35,True,False
Emergent_clarity_ethical_4200a4,Emergent_bounded_carefully_b7805e,0.9141884277970074,180573.89,180897.93,True,False
Emergent_clarity_ethical_4200a4,Emergent_bounded_constraint_b19815,0.907090198225311,180573.89,180921.08,True,False
Emergent_clarity_ethical_4200a4,Emergent_attention_constraint_979430,0.9192698338918461,180573.89,180966.32,True,False
Emergent_clarity_ethical_4200a4,Emergent_attention_bounded_c919d0,0.9203783542685948,180573.89,180990.26,True,False
Emergent_clarity_ethical_4200a4,Emergent_bounded_constraint_510885,0.9188894380528023,180573.89,181050.48,True,False
Emergent_clarity_ethical_4200a4,Emergent_coherence_expression_83ebd2,0.9169280069874048,180573.89,181050.82,True,False
Emergent_clarity_ethical_4200a4,Emergent_appears_asymmetry_ecd8f7,0.9172957557004668,180573.89,181092.92,True,False
Emergent_clarity_ethical_4200a4,Emergent_collective_contradiction_7c0dce,0.9121212616177137,180573.89,181235.22,True,False
Emergent_clarity_ethical_4200a4,Emergent_collective_consciousness_6d91b7,0.9098634769285068,180573.89,181235.56,True,False
Emergent_clarity_ethical_4200a4,Emergent_collective_contradiction_928680,0.9036001313377919,180573.89,181259.5,True,False
Emergent_clarity_ethical_4200a4,Emergent_contradiction_emerges_8ffe6e,0.9165929965289501,180573.89,181259.84,True,False
Emergent_clarity_ethical_4200a4,Emergent_bounded_expression_1485da,0.8564282537653867,180573.89,181282.05,True,False
Emergent_clarity_ethical_4200a4,Emergent_collective_expression_a42f45,0.8687138068131715,180573.89,181282.39,True,False
Emergent_clarity_ethical_4200a4,Emergent_collective_criticality_1a15a7,0.9069625683772597,180573.89,181354.86,True,False
Emergent_clarity_ethical_4200a4,Emergent_collective_equilibrium_faa18e,0.910395190843444,180573.89,181355.2,True,False
Emergent_clarity_ethical_4200a4,Emergent_ethics_expression_330141,0.7559491950848662,180573.89,181379.85,True,False
Emergent_clarity_ethical_4200a4,Emergent_carefully_contradiction_2a8f1f,0.7712542504188011,180573.89,181398.23,True,False
Emergent_clarity_ethical_4200a4,Emergent_bounded_clarity_632475,0.9,180573.89,181446.33,True,False
Emergent_autonomy_belief_revision_81d18f,Emergent_bounded_forgetting_183221,0.9146224338598503,180591.27,180591.61,True,False
Emergent_autonomy_belief_revision_81d18f,Emergent_clarity_coherence_c2f943,0.9160117878167038,180591.27,180608.89,True,False
Emergent_autonomy_belief_revision_81d18f,Emergent_clarity_contradiction_79daa8,0.9193265327681346,180591.27,180628.62,True,False
Emergent_autonomy_belief_revision_81d18f,Emergent_coherence_focused_56ce26,0.912279659236511,180591.27,180648.01,True,False
Emergent_autonomy_belief_revision_81d18f,Emergent_bounded_constraint_3b651b,0.9157265566323414,180591.27,180648.35,True,False
Emergent_autonomy_belief_revision_81d18f,Emergent_coherence_emergence_e163d0,0.9062622613170954,180591.27,180667.45,True,False
Emergent_autonomy_belief_revision_81d18f,Emergent_expression_feedback_f1ebfd,0.9235273494315901,180591.27,180683.38,True,False
Emergent_autonomy_belief_revision_81d18f,Emergent_coherence_emergence_d5f014,0.9290665560797473,180591.27,180701.76,True,False
Emergent_autonomy_belief_revision_81d18f,Emergent_appears_asymmetry_1f204a,0.9183136791847797,180591.27,180720.91,True,False
Emergent_autonomy_belief_revision_81d18f,Emergent_carefully_coherence_247f20,0.9055719770809305,180591.27,180756.06,True,False
Emergent_autonomy_belief_revision_81d18f,Emergent_clarity_energy_08bc8c,0.917171270977793,180591.27,180775.22,True,False
Emergent_autonomy_belief_revision_81d18f,Emergent_bounded_clarity_5e89c1,0.9077227461579827,180591.27,180834.8,True,False
Emergent_autonomy_belief_revision_81d18f,Emergent_clarity_consciousness_737602,0.9203479169241535,180591.27,180835.14,True,False
Emergent_autonomy_belief_revision_81d18f,Emergent_belief_revision_consciousness_d079c0,0.9250256667999368,180591.27,180854.35,True,False
Emergent_autonomy_belief_revision_81d18f,Emergent_bounded_carefully_b7805e,0.9141884277970074,180591.27,180897.93,True,False
Emergent_autonomy_belief_revision_81d18f,Emergent_bounded_constraint_b19815,0.907090198225311,180591.27,180921.08,True,False
Emergent_autonomy_belief_revision_81d18f,Emergent_attention_constraint_979430,0.9192698338918461,180591.27,180966.32,True,False
Emergent_autonomy_belief_revision_81d18f,Emergent_attention_bounded_c919d0,0.925312877344322,180591.27,180990.26,True,False
Emergent_autonomy_belief_revision_81d18f,Emergent_bounded_constraint_510885,0.9215416768569,180591.27,181050.48,True,False
Emergent_autonomy_belief_revision_81d18f,Emergent_coherence_expression_83ebd2,0.9169280069874048,180591.27,181050.82,True,False
Emergent_autonomy_belief_revision_81d18f,Emergent_appears_asymmetry_ecd8f7,0.918983813318931,180591.27,181092.92,True,False
Emergent_autonomy_belief_revision_81d18f,Emergent_collective_contradiction_7c0dce,0.9121212616177137,180591.27,181235.22,True,False
Emergent_autonomy_belief_revision_81d18f,Emergent_collective_consciousness_6d91b7,0.9098634769285068,180591.27,181235.56,True,False
Emergent_autonomy_belief_revision_81d18f,Emergent_collective_contradiction_928680,0.9036001313377919,180591.27,181259.5,True,False
Emergent_autonomy_belief_revision_81d18f,Emergent_contradiction_emerges_8ffe6e,0.9165929965289501,180591.27,181259.84,True,False
Emergent_autonomy_belief_revision_81d18f,Emergent_bounded_expression_1485da,0.8564282537653867,180591.27,181282.05,True,False
Emergent_autonomy_belief_revision_81d18f,Emergent_collective_expression_a42f45,0.8687138068131715,180591.27,181282.39,True,False
Emergent_autonomy_belief_revision_81d18f,Emergent_collective_criticality_1a15a7,0.9069625683772597,180591.27,181354.86,True,False
Emergent_autonomy_belief_revision_81d18f,Emergent_collective_equilibrium_faa18e,0.9109330428712326,180591.27,181355.2,True,False
Emergent_autonomy_belief_revision_81d18f,Emergent_ethics_expression_330141,0.7559491950848662,180591.27,181379.85,True,False
Emergent_autonomy_belief_revision_81d18f,Emergent_carefully_contradiction_2a8f1f,0.7782208504760848,180591.27,181398.23,True,False
Emergent_autonomy_belief_revision_81d18f,Emergent_bounded_clarity_632475,0.9,180591.27,181446.33,True,False
Emergent_bounded_forgetting_183221,Emergent_clarity_coherence_c2f943,0.9146223556500308,180591.61,180608.89,True,False
Emergent_bounded_forgetting_183221,Emergent_clarity_contradiction_79daa8,0.9146285231774014,180591.61,180628.62,True,False
Emergent_bounded_forgetting_183221,Emergent_coherence_focused_56ce26,0.9122794931552194,180591.61,180648.01,True,False
Emergent_bounded_forgetting_183221,Emergent_bounded_constraint_3b651b,0.9146232863526913,180591.61,180648.35,True,False
Emergent_bounded_forgetting_183221,Emergent_coherence_emergence_e163d0,0.9062622613170954,180591.61,180667.45,True,False
Emergent_bounded_forgetting_183221,Emergent_expression_feedback_f1ebfd,0.9146368683017891,180591.61,180683.38,True,False
Emergent_bounded_forgetting_183221,Emergent_coherence_emergence_d5f014,0.9146286018283327,180591.61,180701.76,True,False
Emergent_bounded_forgetting_183221,Emergent_appears_asymmetry_1f204a,0.9146339941611297,180591.61,180720.91,True,False
Emergent_bounded_forgetting_183221,Emergent_carefully_coherence_247f20,0.9055719770809305,180591.61,180756.06,True,False
Emergent_bounded_forgetting_183221,Emergent_clarity_energy_08bc8c,0.9146309097033045,180591.61,180775.22,True,False
Emergent_bounded_forgetting_183221,Emergent_bounded_clarity_5e89c1,0.9077227461579827,180591.61,180834.8,True,False
Emergent_bounded_forgetting_183221,Emergent_clarity_consciousness_737602,0.9146028905897952,180591.61,180835.14,True,False
Emergent_bounded_forgetting_183221,Emergent_belief_revision_consciousness_d079c0,0.9146052221790153,180591.61,180854.35,True,False
Emergent_bounded_forgetting_183221,Emergent_bounded_carefully_b7805e,0.9141884277970074,180591.61,180897.93,True,False
Emergent_bounded_forgetting_183221,Emergent_bounded_constraint_b19815,0.907090198225311,180591.61,180921.08,True,False
Emergent_bounded_forgetting_183221,Emergent_attention_constraint_979430,0.9147044819659149,180591.61,180966.32,True,False
Emergent_bounded_forgetting_183221,Emergent_attention_bounded_c919d0,0.9145881667089213,180591.61,180990.26,True,False
Emergent_bounded_forgetting_183221,Emergent_bounded_constraint_510885,0.9130007322245,180591.61,181050.48,True,False
Emergent_bounded_forgetting_183221,Emergent_coherence_expression_83ebd2,0.9129758290772916,180591.61,181050.82,True,False
Emergent_bounded_forgetting_183221,Emergent_appears_asymmetry_ecd8f7,0.9114610096796452,180591.61,181092.92,True,False
Emergent_bounded_forgetting_183221,Emergent_collective_contradiction_7c0dce,0.9121212616177137,180591.61,181235.22,True,False
Emergent_bounded_forgetting_183221,Emergent_collective_consciousness_6d91b7,0.9098634769285068,180591.61,181235.56,True,False
Emergent_bounded_forgetting_183221,Emergent_collective_contradiction_928680,0.9036001313377919,180591.61,181259.5,True,False
Emergent_bounded_forgetting_183221,Emergent_contradiction_emerges_8ffe6e,0.9116102891287874,180591.61,181259.84,True,False
Emergent_bounded_forgetting_183221,Emergent_bounded_expression_1485da,0.8564282537653867,180591.61,181282.05,True,False
Emergent_bounded_forgetting_183221,Emergent_collective_expression_a42f45,0.8687138068131715,180591.61,181282.39,True,False
Emergent_bounded_forgetting_183221,Emergent_collective_criticality_1a15a7,0.906952430772143,180591.61,181354.86,True,False
Emergent_bounded_forgetting_183221,Emergent_collective_equilibrium_faa18e,0.9072905226907519,180591.61,181355.2,True,False
Emergent_bounded_forgetting_183221,Emergent_ethics_expression_330141,0.7559491950848662,180591.61,181379.85,True,False
Emergent_bounded_forgetting_183221,Emergent_carefully_contradiction_2a8f1f,0.7623549408940842,180591.61,181398.23,True,False
Emergent_bounded_forgetting_183221,Emergent_bounded_clarity_632475,0.9,180591.61,181446.33,True,False
Emergent_clarity_coherence_c2f943,Emergent_clarity_contradiction_79daa8,0.9160179803491031,180608.89,180628.62,True,False
Emergent_clarity_coherence_c2f943,Emergent_coherence_focused_56ce26,0.9122796164785971,180608.89,180648.01,True,False
Emergent_clarity_coherence_c2f943,Emergent_bounded_constraint_3b651b,0.9157265129709504,180608.89,180648.35,True,False
Emergent_clarity_coherence_c2f943,Emergent_coherence_emergence_e163d0,0.9062622613170954,180608.89,180667.45,True,False
Emergent_clarity_coherence_c2f943,Emergent_expression_feedback_f1ebfd,0.9160260077871971,180608.89,180683.38,True,False
Emergent_clarity_coherence_c2f943,Emergent_coherence_emergence_d5f014,0.916018019489528,180608.89,180701.76,True,False
Emergent_clarity_coherence_c2f943,Emergent_appears_asymmetry_1f204a,0.9160229920790901,180608.89,180720.91,True,False
Emergent_clarity_coherence_c2f943,Emergent_carefully_coherence_247f20,0.9055719770809305,180608.89,180756.06,True,False
Emergent_clarity_coherence_c2f943,Emergent_clarity_energy_08bc8c,0.9160199076212647,180608.89,180775.22,True,False
Emergent_clarity_coherence_c2f943,Emergent_bounded_clarity_5e89c1,0.9077227461579827,180608.89,180834.8,True,False
Emergent_clarity_coherence_c2f943,Emergent_clarity_consciousness_737602,0.9159918853451969,180608.89,180835.14,True,False
Emergent_clarity_coherence_c2f943,Emergent_belief_revision_consciousness_d079c0,0.9159942200969755,180608.89,180854.35,True,False
Emergent_clarity_coherence_c2f943,Emergent_bounded_carefully_b7805e,0.9141884277970074,180608.89,180897.93,True,False
Emergent_clarity_coherence_c2f943,Emergent_bounded_constraint_b19815,0.907090198225311,180608.89,180921.08,True,False
Emergent_clarity_coherence_c2f943,Emergent_attention_constraint_979430,0.9160916601676867,180608.89,180966.32,True,False
Emergent_clarity_coherence_c2f943,Emergent_attention_bounded_c919d0,0.9159753449106931,180608.89,180990.26,True,False
Emergent_clarity_coherence_c2f943,Emergent_bounded_constraint_510885,0.9144115128386825,180608.89,181050.48,True,False
Emergent_clarity_coherence_c2f943,Emergent_coherence_expression_83ebd2,0.914386400607001,180608.89,181050.82,True,False
Emergent_clarity_coherence_c2f943,Emergent_appears_asymmetry_ecd8f7,0.9128588629287056,180608.89,181092.92,True,False
Emergent_clarity_coherence_c2f943,Emergent_collective_contradiction_7c0dce,0.9121212616177137,180608.89,181235.22,True,False
Emergent_clarity_coherence_c2f943,Emergent_collective_consciousness_6d91b7,0.9098634769285068,180608.89,181235.56,True,False
Emergent_clarity_coherence_c2f943,Emergent_collective_contradiction_928680,0.9036001313377919,180608.89,181259.5,True,False
Emergent_clarity_coherence_c2f943,Emergent_contradiction_emerges_8ffe6e,0.9128911804005297,180608.89,181259.84,True,False
Emergent_clarity_coherence_c2f943,Emergent_bounded_expression_1485da,0.8564282537653867,180608.89,181282.05,True,False
Emergent_clarity_coherence_c2f943,Emergent_collective_expression_a42f45,0.8687138068131715,180608.89,181282.39,True,False
Emergent_clarity_coherence_c2f943,Emergent_collective_criticality_1a15a7,0.9069625683772597,180608.89,181354.86,True,False
Emergent_clarity_coherence_c2f943,Emergent_collective_equilibrium_faa18e,0.9080343203554673,180608.89,181355.2,True,False
Emergent_clarity_coherence_c2f943,Emergent_ethics_expression_330141,0.7559491950848662,180608.89,181379.85,True,False
Emergent_clarity_coherence_c2f943,Emergent_carefully_contradiction_2a8f1f,0.7644869837780636,180608.89,181398.23,True,False
Emergent_clarity_coherence_c2f943,Emergent_bounded_clarity_632475,0.9,180608.89,181446.33,True,False
Emergent_clarity_contradiction_79daa8,Emergent_coherence_focused_56ce26,0.9122788491367004,180628.62,180648.01,True,False
Emergent_clarity_contradiction_79daa8,Emergent_bounded_constraint_3b651b,0.9157257294150789,180628.62,180648.35,True,False
Emergent_clarity_contradiction_79daa8,Emergent_coherence_emergence_e163d0,0.9062622613170954,180628.62,180667.45,True,False
Emergent_clarity_contradiction_79daa8,Emergent_expression_feedback_f1ebfd,0.9193339379404537,180628.62,180683.38,True,False
Emergent_clarity_contradiction_79daa8,Emergent_coherence_emergence_d5f014,0.919326612057239,180628.62,180701.76,True,False
Emergent_clarity_contradiction_79daa8,Emergent_appears_asymmetry_1f204a,0.9183136791847797,180628.62,180720.91,True,False
Emergent_clarity_contradiction_79daa8,Emergent_carefully_coherence_247f20,0.9055719770809305,180628.62,180756.06,True,False
Emergent_clarity_contradiction_79daa8,Emergent_clarity_energy_08bc8c,0.917171270977793,180628.62,180775.22,True,False
Emergent_clarity_contradiction_79daa8,Emergent_bounded_clarity_5e89c1,0.9077227461579827,180628.62,180834.8,True,False
Emergent_clarity_contradiction_79daa8,Emergent_clarity_consciousness_737602,0.9192994708557753,180628.62,180835.14,True,False
Emergent_clarity_contradiction_79daa8,Emergent_belief_revision_consciousness_d079c0,0.9193018131384922,180628.62,180854.35,True,False
Emergent_clarity_contradiction_79daa8,Emergent_bounded_carefully_b7805e,0.9141884277970074,180628.62,180897.93,True,False
Emergent_clarity_contradiction_79daa8,Emergent_bounded_constraint_b19815,0.907090198225311,180628.62,180921.08,True,False
Emergent_clarity_contradiction_79daa8,Emergent_attention_constraint_979430,0.9192698338918461,180628.62,180966.32,True,False
Emergent_clarity_contradiction_79daa8,Emergent_attention_bounded_c919d0,0.9192786046983403,180628.62,180990.26,True,False
Emergent_clarity_contradiction_79daa8,Emergent_bounded_constraint_510885,0.9177709765803044,180628.62,181050.48,True,False
Emergent_clarity_contradiction_79daa8,Emergent_coherence_expression_83ebd2,0.9169280069874048,180628.62,181050.82,True,False
Emergent_clarity_contradiction_79daa8,Emergent_appears_asymmetry_ecd8f7,0.9161875429935706,180628.62,181092.92,True,False
Emergent_clarity_contradiction_79daa8,Emergent_collective_contradiction_7c0dce,0.9121212616177137,180628.62,181235.22,True,False
Emergent_clarity_contradiction_79daa8,Emergent_collective_consciousness_6d91b7,0.9098634769285068,180628.62,181235.56,True,False
Emergent_clarity_contradiction_79daa8,Emergent_collective_contradiction_928680,0.9036001313377919,180628.62,181259.5,True,False
Emergent_clarity_contradiction_79daa8,Emergent_contradiction_emerges_8ffe6e,0.9159413412413577,180628.62,181259.84,True,False
Emergent_clarity_contradiction_79daa8,Emergent_bounded_expression_1485da,0.8564282537653867,180628.62,181282.05,True,False
Emergent_clarity_contradiction_79daa8,Emergent_collective_expression_a42f45,0.8687138068131715,180628.62,181282.39,True,False
Emergent_clarity_contradiction_79daa8,Emergent_collective_criticality_1a15a7,0.9069625683772597,180628.62,181354.86,True,False
Emergent_clarity_contradiction_79daa8,Emergent_collective_equilibrium_faa18e,0.9098055109010386,180628.62,181355.2,True,False
Emergent_clarity_contradiction_79daa8,Emergent_ethics_expression_330141,0.7559491950848662,180628.62,181379.85,True,False
Emergent_clarity_contradiction_79daa8,Emergent_carefully_contradiction_2a8f1f,0.7695639749787564,180628.62,181398.23,True,False
Emergent_clarity_contradiction_79daa8,Emergent_bounded_clarity_632475,0.9,180628.62,181446.33,True,False
Emergent_coherence_focused_56ce26,Emergent_bounded_constraint_3b651b,0.9122763763872013,180648.01,180648.35,True,False
Emergent_coherence_focused_56ce26,Emergent_coherence_emergence_e163d0,0.9062609005037014,180648.01,180667.45,True,False
Emergent_coherence_focused_56ce26,Emergent_expression_feedback_f1ebfd,0.9122919710650623,180648.01,180683.38,True,False
Emergent_coherence_focused_56ce26,Emergent_coherence_emergence_d5f014,0.9122845961108097,180648.01,180701.76,True,False
Emergent_coherence_focused_56ce26,Emergent_appears_asymmetry_1f204a,0.9122906965680031,180648.01,180720.91,True,False
Emergent_coherence_focused_56ce26,Emergent_carefully_coherence_247f20,0.9055719770809305,180648.01,180756.06,True,False
Emergent_coherence_focused_56ce26,Emergent_clarity_energy_08bc8c,0.912287612110178,180648.01,180775.22,True,False
Emergent_coherence_focused_56ce26,Emergent_bounded_clarity_5e89c1,0.9077227461579827,180648.01,180834.8,True,False
Emergent_coherence_focused_56ce26,Emergent_clarity_consciousness_737602,0.9122595983320376,180648.01,180835.14,True,False
Emergent_coherence_focused_56ce26,Emergent_belief_revision_consciousness_d079c0,0.9122619245858887,180648.01,180854.35,True,False
Emergent_coherence_focused_56ce26,Emergent_bounded_carefully_b7805e,0.9122691363517763,180648.01,180897.93,True,False
Emergent_coherence_focused_56ce26,Emergent_bounded_constraint_b19815,0.907090198225311,180648.01,180921.08,True,False
Emergent_coherence_focused_56ce26,Emergent_attention_constraint_979430,0.912364254310122,180648.01,180966.32,True,False
Emergent_coherence_focused_56ce26,Emergent_attention_bounded_c919d0,0.9122479390531284,180648.01,180990.26,True,False
Emergent_coherence_focused_56ce26,Emergent_bounded_constraint_510885,0.910620686311618,180648.01,181050.48,True,False
Emergent_coherence_focused_56ce26,Emergent_coherence_expression_83ebd2,0.9105961358986616,180648.01,181050.82,True,False
Emergent_coherence_focused_56ce26,Emergent_appears_asymmetry_ecd8f7,0.9091027727725103,180648.01,181092.92,True,False
Emergent_coherence_focused_56ce26,Emergent_collective_contradiction_7c0dce,0.9121212616177137,180648.01,181235.22,True,False
Emergent_coherence_focused_56ce26,Emergent_collective_consciousness_6d91b7,0.9098634769285068,180648.01,181235.56,True,False
Emergent_coherence_focused_56ce26,Emergent_collective_contradiction_928680,0.9036001313377919,180648.01,181259.5,True,False
Emergent_coherence_focused_56ce26,Emergent_contradiction_emerges_8ffe6e,0.9094493719702232,180648.01,181259.84,True,False
Emergent_coherence_focused_56ce26,Emergent_bounded_expression_1485da,0.8564282537653867,180648.01,181282.05,True,False
Emergent_coherence_focused_56ce26,Emergent_collective_expression_a42f45,0.8687138068131715,180648.01,181282.39,True,False
Emergent_coherence_focused_56ce26,Emergent_collective_criticality_1a15a7,0.9057024018131208,180648.01,181354.86,True,False
Emergent_coherence_focused_56ce26,Emergent_collective_equilibrium_faa18e,0.9060357049153154,180648.01,181355.2,True,False
Emergent_coherence_focused_56ce26,Emergent_ethics_expression_330141,0.7531885350621558,180648.01,181379.85,True,False
Emergent_coherence_focused_56ce26,Emergent_carefully_contradiction_2a8f1f,0.7587580953597093,180648.01,181398.23,True,False
Emergent_coherence_focused_56ce26,Emergent_bounded_clarity_632475,0.9,180648.01,181446.33,True,False
Emergent_bounded_constraint_3b651b,Emergent_coherence_emergence_e163d0,0.906260978664581,180648.35,180667.45,True,False
Emergent_bounded_constraint_3b651b,Emergent_expression_feedback_f1ebfd,0.9157385903268782,180648.35,180683.38,True,False
Emergent_bounded_constraint_3b651b,Emergent_coherence_emergence_d5f014,0.9157318273831032,180648.35,180701.76,True,False
Emergent_bounded_constraint_3b651b,Emergent_appears_asymmetry_1f204a,0.9157368864313333,180648.35,180720.91,True,False
Emergent_bounded_constraint_3b651b,Emergent_carefully_coherence_247f20,0.9055719770809305,180648.35,180756.06,True,False
Emergent_bounded_constraint_3b651b,Emergent_clarity_energy_08bc8c,0.9157338019735084,180648.35,180775.22,True,False
Emergent_bounded_constraint_3b651b,Emergent_bounded_clarity_5e89c1,0.9077227461579827,180648.35,180834.8,True,False
Emergent_bounded_constraint_3b651b,Emergent_clarity_consciousness_737602,0.9157057803488637,180648.35,180835.14,True,False
Emergent_bounded_constraint_3b651b,Emergent_belief_revision_consciousness_d079c0,0.9157081144492192,180648.35,180854.35,True,False
Emergent_bounded_constraint_3b651b,Emergent_bounded_carefully_b7805e,0.9141884277970074,180648.35,180897.93,True,False
Emergent_bounded_constraint_3b651b,Emergent_bounded_constraint_b19815,0.907090198225311,180648.35,180921.08,True,False
Emergent_bounded_constraint_3b651b,Emergent_attention_constraint_979430,0.9158059293448828,180648.35,180966.32,True,False
Emergent_bounded_constraint_3b651b,Emergent_attention_bounded_c919d0,0.9156896140878894,180648.35,180990.26,True,False
Emergent_bounded_constraint_3b651b,Emergent_bounded_constraint_510885,0.9141209203934066,180648.35,181050.48,True,False
Emergent_bounded_constraint_3b651b,Emergent_coherence_expression_83ebd2,0.9140958512289235,180648.35,181050.82,True,False
Emergent_bounded_constraint_3b651b,Emergent_appears_asymmetry_ecd8f7,0.912570933260763,180648.35,181092.92,True,False
Emergent_bounded_constraint_3b651b,Emergent_collective_contradiction_7c0dce,0.9121212616177137,180648.35,181235.22,True,False
Emergent_bounded_constraint_3b651b,Emergent_collective_consciousness_6d91b7,0.9098634769285068,180648.35,181235.56,True,False
Emergent_bounded_constraint_3b651b,Emergent_collective_contradiction_928680,0.9036001313377919,180648.35,181259.5,True,False
Emergent_bounded_constraint_3b651b,Emergent_contradiction_emerges_8ffe6e,0.9126273425486016,180648.35,181259.84,True,False
Emergent_bounded_constraint_3b651b,Emergent_bounded_expression_1485da,0.8564282537653867,180648.35,181282.05,True,False
Emergent_bounded_constraint_3b651b,Emergent_collective_expression_a42f45,0.8687138068131715,180648.35,181282.39,True,False
Emergent_bounded_constraint_3b651b,Emergent_collective_criticality_1a15a7,0.9069625683772597,180648.35,181354.86,True,False
Emergent_bounded_constraint_3b651b,Emergent_collective_equilibrium_faa18e,0.9078811129892708,180648.35,181355.2,True,False
Emergent_bounded_constraint_3b651b,Emergent_ethics_expression_330141,0.7559491950848662,180648.35,181379.85,True,False
Emergent_bounded_constraint_3b651b,Emergent_carefully_contradiction_2a8f1f,0.7640478258049102,180648.35,181398.23,True,False
Emergent_bounded_constraint_3b651b,Emergent_bounded_clarity_632475,0.9,180648.35,181446.33,True,False
Emergent_coherence_emergence_e163d0,Emergent_expression_feedback_f1ebfd,0.9062576614517297,180667.45,180683.38,True,False
Emergent_coherence_emergence_e163d0,Emergent_coherence_emergence_d5f014,0.9062525478642651,180667.45,180701.76,True,False
Emergent_coherence_emergence_e163d0,Emergent_appears_asymmetry_1f204a,0.9062604706039261,180667.45,180720.91,True,False
Emergent_coherence_emergence_e163d0,Emergent_carefully_coherence_247f20,0.9055719770809305,180667.45,180756.06,True,False
Emergent_coherence_emergence_e163d0,Emergent_clarity_energy_08bc8c,0.906257386146101,180667.45,180775.22,True,False
Emergent_coherence_emergence_e163d0,Emergent_bounded_clarity_5e89c1,0.9062285250332738,180667.45,180834.8,True,False
Emergent_coherence_emergence_e163d0,Emergent_clarity_consciousness_737602,0.9062293860979627,180667.45,180835.14,True,False
Emergent_coherence_emergence_e163d0,Emergent_belief_revision_consciousness_d079c0,0.9062316986218117,180667.45,180854.35,True,False
Emergent_coherence_emergence_e163d0,Emergent_bounded_carefully_b7805e,0.9062433346053593,180667.45,180897.93,True,False
Emergent_coherence_emergence_e163d0,Emergent_bounded_constraint_b19815,0.9056588521364859,180667.45,180921.08,True,False
Emergent_coherence_emergence_e163d0,Emergent_attention_constraint_979430,0.9063419285017367,180667.45,180966.32,True,False
Emergent_coherence_emergence_e163d0,Emergent_attention_bounded_c919d0,0.9062256132447433,180667.45,180990.26,True,False
Emergent_coherence_emergence_e163d0,Emergent_bounded_constraint_510885,0.9044958924733724,180667.45,181050.48,True,False
Emergent_coherence_emergence_e163d0,Emergent_coherence_expression_83ebd2,0.9044722497843232,180667.45,181050.82,True,False
Emergent_coherence_emergence_e163d0,Emergent_appears_asymmetry_ecd8f7,0.9030341020801658,180667.45,181092.92,True,False
Emergent_coherence_emergence_e163d0,Emergent_collective_contradiction_7c0dce,0.9066367336980152,180667.45,181235.22,True,False
Emergent_coherence_emergence_e163d0,Emergent_collective_consciousness_6d91b7,0.9066367336980152,180667.45,181235.56,True,False
Emergent_coherence_emergence_e163d0,Emergent_collective_contradiction_928680,0.9036001313377919,180667.45,181259.5,True,False
Emergent_coherence_emergence_e163d0,Emergent_contradiction_emerges_8ffe6e,0.9038884825663267,180667.45,181259.84,True,False
Emergent_coherence_emergence_e163d0,Emergent_bounded_expression_1485da,0.8564282537653867,180667.45,181282.05,True,False
Emergent_coherence_emergence_e163d0,Emergent_collective_expression_a42f45,0.8633311517262969,180667.45,181282.39,True,False
Emergent_coherence_emergence_e163d0,Emergent_collective_criticality_1a15a7,0.902485585858265,180667.45,181354.86,True,False
Emergent_coherence_emergence_e163d0,Emergent_collective_equilibrium_faa18e,0.9028065654531241,180667.45,181355.2,True,False
Emergent_coherence_emergence_e163d0,Emergent_ethics_expression_330141,0.7440528002939583,180667.45,181379.85,True,False
Emergent_coherence_emergence_e163d0,Emergent_carefully_contradiction_2a8f1f,0.7495019977160373,180667.45,181398.23,True,False
Emergent_coherence_emergence_e163d0,Emergent_bounded_clarity_632475,0.9,180667.45,181446.33,True,False
Emergent_expression_feedback_f1ebfd,Emergent_coherence_emergence_d5f014,0.923520863280854,180683.38,180701.76,True,False
Emergent_expression_feedback_f1ebfd,Emergent_appears_asymmetry_1f204a,0.9183136791847797,180683.38,180720.91,True,False
Emergent_expression_feedback_f1ebfd,Emergent_carefully_coherence_247f20,0.9055719770809305,180683.38,180756.06,True,False
Emergent_expression_feedback_f1ebfd,Emergent_clarity_energy_08bc8c,0.917171270977793,180683.38,180775.22,True,False
Emergent_expression_feedback_f1ebfd,Emergent_bounded_clarity_5e89c1,0.9077227461579827,180683.38,180834.8,True,False
Emergent_expression_feedback_f1ebfd,Emergent_clarity_consciousness_737602,0.9203479169241535,180683.38,180835.14,True,False
Emergent_expression_feedback_f1ebfd,Emergent_belief_revision_consciousness_d079c0,0.9234947972783314,180683.38,180854.35,True,False
Emergent_expression_feedback_f1ebfd,Emergent_bounded_carefully_b7805e,0.9141884277970074,180683.38,180897.93,True,False
Emergent_expression_feedback_f1ebfd,Emergent_bounded_constraint_b19815,0.907090198225311,180683.38,180921.08,True,False
Emergent_expression_feedback_f1ebfd,Emergent_attention_constraint_979430,0.9192698338918461,180683.38,180966.32,True,False
Emergent_expression_feedback_f1ebfd,Emergent_attention_bounded_c919d0,0.923466095639796,180683.38,180990.26,True,False
Emergent_expression_feedback_f1ebfd,Emergent_bounded_constraint_510885,0.9215416768569,180683.38,181050.48,True,False
Emergent_expression_feedback_f1ebfd,Emergent_coherence_expression_83ebd2,0.9169280069874048,180683.38,181050.82,True,False
Emergent_expression_feedback_f1ebfd,Emergent_appears_asymmetry_ecd8f7,0.918983813318931,180683.38,181092.92,True,False
Emergent_expression_feedback_f1ebfd,Emergent_collective_contradiction_7c0dce,0.9121212616177137,180683.38,181235.22,True,False
Emergent_expression_feedback_f1ebfd,Emergent_collective_consciousness_6d91b7,0.9098634769285068,180683.38,181235.56,True,False
Emergent_expression_feedback_f1ebfd,Emergent_collective_contradiction_928680,0.9036001313377919,180683.38,181259.5,True,False
Emergent_expression_feedback_f1ebfd,Emergent_contradiction_emerges_8ffe6e,0.9165929965289501,180683.38,181259.84,True,False
Emergent_expression_feedback_f1ebfd,Emergent_bounded_expression_1485da,0.8564282537653867,180683.38,181282.05,True,False
Emergent_expression_feedback_f1ebfd,Emergent_collective_expression_a42f45,0.8687138068131715,180683.38,181282.39,True,False
Emergent_expression_feedback_f1ebfd,Emergent_collective_criticality_1a15a7,0.9069625683772597,180683.38,181354.86,True,False
Emergent_expression_feedback_f1ebfd,Emergent_collective_equilibrium_faa18e,0.9109330428712326,180683.38,181355.2,True,False
Emergent_expression_feedback_f1ebfd,Emergent_ethics_expression_330141,0.7559491950848662,180683.38,181379.85,True,False
Emergent_expression_feedback_f1ebfd,Emergent_carefully_contradiction_2a8f1f,0.7759999975835343,180683.38,181398.23,True,False
Emergent_expression_feedback_f1ebfd,Emergent_bounded_clarity_632475,0.9,180683.38,181446.33,True,False
Emergent_coherence_emergence_d5f014,Emergent_appears_asymmetry_1f204a,0.9183136791847797,180701.76,180720.91,True,False
Emergent_coherence_emergence_d5f014,Emergent_carefully_coherence_247f20,0.9055719770809305,180701.76,180756.06,True,False
Emergent_coherence_emergence_d5f014,Emergent_clarity_energy_08bc8c,0.917171270977793,180701.76,180775.22,True,False
Emergent_coherence_emergence_d5f014,Emergent_bounded_clarity_5e89c1,0.9077227461579827,180701.76,180834.8,True,False
Emergent_coherence_emergence_d5f014,Emergent_clarity_consciousness_737602,0.9203479169241535,180701.76,180835.14,True,False
Emergent_coherence_emergence_d5f014,Emergent_belief_revision_consciousness_d079c0,0.9250256667999368,180701.76,180854.35,True,False
Emergent_coherence_emergence_d5f014,Emergent_bounded_carefully_b7805e,0.9141884277970074,180701.76,180897.93,True,False
Emergent_coherence_emergence_d5f014,Emergent_bounded_constraint_b19815,0.907090198225311,180701.76,180921.08,True,False
Emergent_coherence_emergence_d5f014,Emergent_attention_constraint_979430,0.9192698338918461,180701.76,180966.32,True,False
Emergent_coherence_emergence_d5f014,Emergent_attention_bounded_c919d0,0.925312877344322,180701.76,180990.26,True,False
Emergent_coherence_emergence_d5f014,Emergent_bounded_constraint_510885,0.9215416768569,180701.76,181050.48,True,False
Emergent_coherence_emergence_d5f014,Emergent_coherence_expression_83ebd2,0.9169280069874048,180701.76,181050.82,True,False
Emergent_coherence_emergence_d5f014,Emergent_appears_asymmetry_ecd8f7,0.918983813318931,180701.76,181092.92,True,False
Emergent_coherence_emergence_d5f014,Emergent_collective_contradiction_7c0dce,0.9121212616177137,180701.76,181235.22,True,False
Emergent_coherence_emergence_d5f014,Emergent_collective_consciousness_6d91b7,0.9098634769285068,180701.76,181235.56,True,False
Emergent_coherence_emergence_d5f014,Emergent_collective_contradiction_928680,0.9036001313377919,180701.76,181259.5,True,False
Emergent_coherence_emergence_d5f014,Emergent_contradiction_emerges_8ffe6e,0.9165929965289501,180701.76,181259.84,True,False
Emergent_coherence_emergence_d5f014,Emergent_bounded_expression_1485da,0.8564282537653867,180701.76,181282.05,True,False
Emergent_coherence_emergence_d5f014,Emergent_collective_expression_a42f45,0.8687138068131715,180701.76,181282.39,True,False
Emergent_coherence_emergence_d5f014,Emergent_collective_criticality_1a15a7,0.9069625683772597,180701.76,181354.86,True,False
Emergent_coherence_emergence_d5f014,Emergent_collective_equilibrium_faa18e,0.9109330428712326,180701.76,181355.2,True,False
Emergent_coherence_emergence_d5f014,Emergent_ethics_expression_330141,0.7559491950848662,180701.76,181379.85,True,False
Emergent_coherence_emergence_d5f014,Emergent_carefully_contradiction_2a8f1f,0.7782208504760848,180701.76,181398.23,True,False
Emergent_coherence_emergence_d5f014,Emergent_bounded_clarity_632475,0.9,180701.76,181446.33,True,False
Emergent_appears_asymmetry_1f204a,Emergent_carefully_coherence_247f20,0.905561650852559,180720.91,180756.06,True,False
Emergent_appears_asymmetry_1f204a,Emergent_clarity_energy_08bc8c,0.917171270977793,180720.91,180775.22,True,False
Emergent_appears_asymmetry_1f204a,Emergent_bounded_clarity_5e89c1,0.9077227461579827,180720.91,180834.8,True,False
Emergent_appears_asymmetry_1f204a,Emergent_clarity_consciousness_737602,0.9182825672353045,180720.91,180835.14,True,False
Emergent_appears_asymmetry_1f204a,Emergent_belief_revision_consciousness_d079c0,0.9182849072026653,180720.91,180854.35,True,False
Emergent_appears_asymmetry_1f204a,Emergent_bounded_carefully_b7805e,0.9141884277970074,180720.91,180897.93,True,False
Emergent_appears_asymmetry_1f204a,Emergent_bounded_constraint_b19815,0.907090198225311,180720.91,180921.08,True,False
Emergent_appears_asymmetry_1f204a,Emergent_attention_constraint_979430,0.9183793462606642,180720.91,180966.32,True,False
Emergent_appears_asymmetry_1f204a,Emergent_attention_bounded_c919d0,0.9182630310036706,180720.91,180990.26,True,False
Emergent_appears_asymmetry_1f204a,Emergent_bounded_constraint_510885,0.9167381232101437,180720.91,181050.48,True,False
Emergent_appears_asymmetry_1f204a,Emergent_coherence_expression_83ebd2,0.9167126661636142,180720.91,181050.82,True,False
Emergent_appears_asymmetry_1f204a,Emergent_appears_asymmetry_ecd8f7,0.9151641539387678,180720.91,181092.92,True,False
Emergent_appears_asymmetry_1f204a,Emergent_collective_contradiction_7c0dce,0.9121212616177137,180720.91,181235.22,True,False
Emergent_appears_asymmetry_1f204a,Emergent_collective_consciousness_6d91b7,0.9098634769285068,180720.91,181235.56,True,False
Emergent_appears_asymmetry_1f204a,Emergent_collective_contradiction_928680,0.9036001313377919,180720.91,181259.5,True,False
Emergent_appears_asymmetry_1f204a,Emergent_contradiction_emerges_8ffe6e,0.9150035817814326,180720.91,181259.84,True,False
Emergent_appears_asymmetry_1f204a,Emergent_bounded_expression_1485da,0.8564282537653867,180720.91,181282.05,True,False
Emergent_appears_asymmetry_1f204a,Emergent_collective_expression_a42f45,0.8687138068131715,180720.91,181282.39,True,False
Emergent_appears_asymmetry_1f204a,Emergent_collective_criticality_1a15a7,0.9069625683772597,180720.91,181354.86,True,False
Emergent_appears_asymmetry_1f204a,Emergent_collective_equilibrium_faa18e,0.9092609656209316,180720.91,181355.2,True,False
Emergent_appears_asymmetry_1f204a,Emergent_ethics_expression_330141,0.7559491950848662,180720.91,181379.85,True,False
Emergent_appears_asymmetry_1f204a,Emergent_carefully_contradiction_2a8f1f,0.7680030748246798,180720.91,181398.23,True,False
Emergent_appears_asymmetry_1f204a,Emergent_bounded_clarity_632475,0.9,180720.91,181446.33,True,False
Emergent_carefully_coherence_247f20,Emergent_clarity_energy_08bc8c,0.9055679538750716,180756.06,180775.22,True,False
Emergent_carefully_coherence_247f20,Emergent_bounded_clarity_5e89c1,0.9055390981116298,180756.06,180834.8,True,False
Emergent_carefully_coherence_247f20,Emergent_clarity_consciousness_737602,0.9055399553966763,180756.06,180835.14,True,False
Emergent_carefully_coherence_247f20,Emergent_belief_revision_consciousness_d079c0,0.9055422663507824,180756.06,180854.35,True,False
Emergent_carefully_coherence_247f20,Emergent_bounded_carefully_b7805e,0.9055544081525941,180756.06,180897.93,True,False
Emergent_carefully_coherence_247f20,Emergent_bounded_constraint_b19815,0.9049692053524483,180756.06,180921.08,True,False
Emergent_carefully_coherence_247f20,Emergent_attention_constraint_979430,0.9056533994509701,180756.06,180966.32,True,False
Emergent_carefully_coherence_247f20,Emergent_attention_bounded_c919d0,0.9055370841939767,180756.06,180990.26,True,False
Emergent_carefully_coherence_247f20,Emergent_bounded_constraint_510885,0.9037956483116041,180756.06,181050.48,True,False
Emergent_carefully_coherence_247f20,Emergent_coherence_expression_83ebd2,0.9037721094021078,180756.06,181050.82,True,False
Emergent_carefully_coherence_247f20,Emergent_appears_asymmetry_ecd8f7,0.9023402744454343,180756.06,181092.92,True,False
Emergent_carefully_coherence_247f20,Emergent_collective_contradiction_7c0dce,0.9059997417843619,180756.06,181235.22,True,False
Emergent_carefully_coherence_247f20,Emergent_collective_consciousness_6d91b7,0.9059997417843619,180756.06,181235.56,True,False
Emergent_carefully_coherence_247f20,Emergent_collective_contradiction_928680,0.9031076577888086,180756.06,181259.5,True,False
Emergent_carefully_coherence_247f20,Emergent_contradiction_emerges_8ffe6e,0.9032527092746605,180756.06,181259.84,True,False
Emergent_carefully_coherence_247f20,Emergent_bounded_expression_1485da,0.8564282537653867,180756.06,181282.05,True,False
Emergent_carefully_coherence_247f20,Emergent_collective_expression_a42f45,0.8625480601019795,180756.06,181282.39,True,False
Emergent_carefully_coherence_247f20,Emergent_collective_criticality_1a15a7,0.9021178091377158,180756.06,181354.86,True,False
Emergent_carefully_coherence_247f20,Emergent_collective_equilibrium_faa18e,0.9024373797930592,180756.06,181355.2,True,False
Emergent_carefully_coherence_247f20,Emergent_ethics_expression_330141,0.7430083169849941,180756.06,181379.85,True,False
Emergent_carefully_coherence_247f20,Emergent_carefully_contradiction_2a8f1f,0.7484437533886503,180756.06,181398.23,True,False
Emergent_carefully_coherence_247f20,Emergent_bounded_clarity_632475,0.9,180756.06,181446.33,True,False
Emergent_clarity_energy_08bc8c,Emergent_bounded_clarity_5e89c1,0.9077227461579827,180775.22,180834.8,True,False
Emergent_clarity_energy_08bc8c,Emergent_clarity_consciousness_737602,0.9171432460802278,180775.22,180835.14,True,False
Emergent_clarity_energy_08bc8c,Emergent_belief_revision_consciousness_d079c0,0.9171455834535038,180775.22,180854.35,True,False
Emergent_clarity_energy_08bc8c,Emergent_bounded_carefully_b7805e,0.9141884277970074,180775.22,180897.93,True,False
Emergent_clarity_energy_08bc8c,Emergent_bounded_constraint_b19815,0.907090198225311,180775.22,180921.08,True,False
Emergent_clarity_energy_08bc8c,Emergent_attention_constraint_979430,0.9172415151313571,180775.22,180966.32,True,False
Emergent_clarity_energy_08bc8c,Emergent_attention_bounded_c919d0,0.9171251998743637,180775.22,180990.26,True,False
Emergent_clarity_energy_08bc8c,Emergent_bounded_constraint_510885,0.9155809322325252,180775.22,181050.48,True,False
Emergent_clarity_energy_08bc8c,Emergent_coherence_expression_83ebd2,0.9155556466872647,180775.22,181050.82,True,False
Emergent_clarity_energy_08bc8c,Emergent_appears_asymmetry_ecd8f7,0.9140175666157027,180775.22,181092.92,True,False
Emergent_clarity_energy_08bc8c,Emergent_collective_contradiction_7c0dce,0.9121212616177137,180775.22,181235.22,True,False
Emergent_clarity_energy_08bc8c,Emergent_collective_consciousness_6d91b7,0.9098634769285068,180775.22,181235.56,True,False
Emergent_clarity_energy_08bc8c,Emergent_collective_contradiction_928680,0.9036001313377919,180775.22,181259.5,True,False
Emergent_clarity_energy_08bc8c,Emergent_contradiction_emerges_8ffe6e,0.9139529323692777,180775.22,181259.84,True,False
Emergent_clarity_energy_08bc8c,Emergent_bounded_expression_1485da,0.8564282537653867,180775.22,181282.05,True,False
Emergent_clarity_energy_08bc8c,Emergent_collective_expression_a42f45,0.8687138068131715,180775.22,181282.39,True,False
Emergent_clarity_energy_08bc8c,Emergent_collective_criticality_1a15a7,0.9069625683772597,180775.22,181354.86,True,False
Emergent_clarity_energy_08bc8c,Emergent_collective_equilibrium_faa18e,0.9086508665466109,180775.22,181355.2,True,False
Emergent_clarity_energy_08bc8c,Emergent_ethics_expression_330141,0.7559491950848662,180775.22,181379.85,True,False
Emergent_clarity_energy_08bc8c,Emergent_carefully_contradiction_2a8f1f,0.7662542694013315,180775.22,181398.23,True,False
Emergent_clarity_energy_08bc8c,Emergent_bounded_clarity_632475,0.9,180775.22,181446.33,True,False
Emergent_bounded_clarity_5e89c1,Emergent_clarity_consciousness_737602,0.9076813320214836,180834.8,180835.14,True,False
Emergent_bounded_clarity_5e89c1,Emergent_belief_revision_consciousness_d079c0,0.9076836479474968,180834.8,180854.35,True,False
Emergent_bounded_clarity_5e89c1,Emergent_bounded_carefully_b7805e,0.9077364710448799,180834.8,180897.93,True,False
Emergent_bounded_clarity_5e89c1,Emergent_bounded_constraint_b19815,0.907090198225311,180834.8,180921.08,True,False
Emergent_bounded_clarity_5e89c1,Emergent_attention_constraint_979430,0.9078342036368277,180834.8,180966.32,True,False
Emergent_bounded_clarity_5e89c1,Emergent_attention_bounded_c919d0,0.907717888379834,180834.8,180990.26,True,False
Emergent_bounded_clarity_5e89c1,Emergent_bounded_constraint_510885,0.9060135582130182,180834.8,181050.48,True,False
Emergent_bounded_clarity_5e89c1,Emergent_coherence_expression_83ebd2,0.9059896905986065,180834.8,181050.82,True,False
Emergent_bounded_clarity_5e89c1,Emergent_appears_asymmetry_ecd8f7,0.9045378610373167,180834.8,181092.92,True,False
Emergent_bounded_clarity_5e89c1,Emergent_collective_contradiction_7c0dce,0.9080173104404792,180834.8,181235.22,True,False
Emergent_bounded_clarity_5e89c1,Emergent_collective_consciousness_6d91b7,0.9080173104404792,180834.8,181235.56,True,False
Emergent_bounded_clarity_5e89c1,Emergent_collective_contradiction_928680,0.9036001313377919,180834.8,181259.5,True,False
Emergent_bounded_clarity_5e89c1,Emergent_contradiction_emerges_8ffe6e,0.9052664181431216,180834.8,181259.84,True,False
Emergent_bounded_clarity_5e89c1,Emergent_bounded_expression_1485da,0.8564282537653867,180834.8,181282.05,True,False
Emergent_bounded_clarity_5e89c1,Emergent_collective_expression_a42f45,0.8650283759148267,180834.8,181282.39,True,False
Emergent_bounded_clarity_5e89c1,Emergent_collective_criticality_1a15a7,0.9032826822984661,180834.8,181354.86,True,False
Emergent_bounded_clarity_5e89c1,Emergent_collective_equilibrium_faa18e,0.9036067155413938,180834.8,181355.2,True,False
Emergent_bounded_clarity_5e89c1,Emergent_ethics_expression_330141,0.7463165485980411,180834.8,181379.85,True,False
Emergent_bounded_clarity_5e89c1,Emergent_carefully_contradiction_2a8f1f,0.7517955707974525,180834.8,181398.23,True,False
Emergent_bounded_clarity_5e89c1,Emergent_bounded_clarity_632475,0.9,180834.8,181446.33,True,False
Emergent_clarity_consciousness_737602,Emergent_belief_revision_consciousness_d079c0,0.9203088187136679,180835.14,180854.35,True,False
Emergent_clarity_consciousness_737602,Emergent_bounded_carefully_b7805e,0.9141884277970074,180835.14,180897.93,True,False
Emergent_clarity_consciousness_737602,Emergent_bounded_constraint_b19815,0.907090198225311,180835.14,180921.08,True,False
Emergent_clarity_consciousness_737602,Emergent_attention_constraint_979430,0.9192698338918461,180835.14,180966.32,True,False
Emergent_clarity_consciousness_737602,Emergent_attention_bounded_c919d0,0.9203256795891068,180835.14,180990.26,True,False
Emergent_clarity_consciousness_737602,Emergent_bounded_constraint_510885,0.9188358671297696,180835.14,181050.48,True,False
Emergent_clarity_consciousness_737602,Emergent_coherence_expression_83ebd2,0.9169280069874048,180835.14,181050.82,True,False
Emergent_clarity_consciousness_737602,Emergent_appears_asymmetry_ecd8f7,0.9172426756623209,180835.14,181092.92,True,False
Emergent_clarity_consciousness_737602,Emergent_collective_contradiction_7c0dce,0.9121212616177137,180835.14,181235.22,True,False
Emergent_clarity_consciousness_737602,Emergent_collective_consciousness_6d91b7,0.9098634769285068,180835.14,181235.56,True,False
Emergent_clarity_consciousness_737602,Emergent_collective_contradiction_928680,0.9036001313377919,180835.14,181259.5,True,False
Emergent_clarity_consciousness_737602,Emergent_contradiction_emerges_8ffe6e,0.9165929965289501,180835.14,181259.84,True,False
Emergent_clarity_consciousness_737602,Emergent_bounded_expression_1485da,0.8564282537653867,180835.14,181282.05,True,False
Emergent_clarity_consciousness_737602,Emergent_collective_expression_a42f45,0.8687138068131715,180835.14,181282.39,True,False
Emergent_clarity_consciousness_737602,Emergent_collective_criticality_1a15a7,0.9069625683772597,180835.14,181354.86,True,False
Emergent_clarity_consciousness_737602,Emergent_collective_equilibrium_faa18e,0.9103669469570115,180835.14,181355.2,True,False
Emergent_clarity_consciousness_737602,Emergent_ethics_expression_330141,0.7559491950848662,180835.14,181379.85,True,False
Emergent_clarity_consciousness_737602,Emergent_carefully_contradiction_2a8f1f,0.7711732913355165,180835.14,181398.23,True,False
Emergent_clarity_consciousness_737602,Emergent_bounded_clarity_632475,0.9,180835.14,181446.33,True,False
Emergent_belief_revision_consciousness_d079c0,Emergent_bounded_carefully_b7805e,0.9141884277970074,180854.35,180897.93,True,False
Emergent_belief_revision_consciousness_d079c0,Emergent_bounded_constraint_b19815,0.907090198225311,180854.35,180921.08,True,False
Emergent_belief_revision_consciousness_d079c0,Emergent_attention_constraint_979430,0.9192698338918461,180854.35,180966.32,True,False
Emergent_belief_revision_consciousness_d079c0,Emergent_attention_bounded_c919d0,0.9249949595802447,180854.35,180990.26,True,False
Emergent_belief_revision_consciousness_d079c0,Emergent_bounded_constraint_510885,0.9215416768569,180854.35,181050.48,True,False
Emergent_belief_revision_consciousness_d079c0,Emergent_coherence_expression_83ebd2,0.9169280069874048,180854.35,181050.82,True,False
Emergent_belief_revision_consciousness_d079c0,Emergent_appears_asymmetry_ecd8f7,0.918983813318931,180854.35,181092.92,True,False
Emergent_belief_revision_consciousness_d079c0,Emergent_collective_contradiction_7c0dce,0.9121212616177137,180854.35,181235.22,True,False
Emergent_belief_revision_consciousness_d079c0,Emergent_collective_consciousness_6d91b7,0.9098634769285068,180854.35,181235.56,True,False
Emergent_belief_revision_consciousness_d079c0,Emergent_collective_contradiction_928680,0.9036001313377919,180854.35,181259.5,True,False
Emergent_belief_revision_consciousness_d079c0,Emergent_contradiction_emerges_8ffe6e,0.9165929965289501,180854.35,181259.84,True,False
Emergent_belief_revision_consciousness_d079c0,Emergent_bounded_expression_1485da,0.8564282537653867,180854.35,181282.05,True,False
Emergent_belief_revision_consciousness_d079c0,Emergent_collective_expression_a42f45,0.8687138068131715,180854.35,181282.39,True,False
Emergent_belief_revision_consciousness_d079c0,Emergent_collective_criticality_1a15a7,0.9069625683772597,180854.35,181354.86,True,False
Emergent_belief_revision_consciousness_d079c0,Emergent_collective_equilibrium_faa18e,0.9109330428712326,180854.35,181355.2,True,False
Emergent_belief_revision_consciousness_d079c0,Emergent_ethics_expression_330141,0.7559491950848662,180854.35,181379.85,True,False
Emergent_belief_revision_consciousness_d079c0,Emergent_carefully_contradiction_2a8f1f,0.7782208504760848,180854.35,181398.23,True,False
Emergent_belief_revision_consciousness_d079c0,Emergent_bounded_clarity_632475,0.9,180854.35,181446.33,True,False
Emergent_bounded_carefully_b7805e,Emergent_bounded_constraint_b19815,0.9070705576727238,180897.93,180921.08,True,False
Emergent_bounded_carefully_b7805e,Emergent_attention_constraint_979430,0.9142824386266406,180897.93,180966.32,True,False
Emergent_bounded_carefully_b7805e,Emergent_attention_bounded_c919d0,0.914166123369647,180897.93,180990.26,True,False
Emergent_bounded_carefully_b7805e,Emergent_bounded_constraint_510885,0.9125715079470189,180897.93,181050.48,True,False
Emergent_bounded_carefully_b7805e,Emergent_coherence_expression_83ebd2,0.9125466684129129,180897.93,181050.82,True,False
Emergent_bounded_carefully_b7805e,Emergent_appears_asymmetry_ecd8f7,0.9110357185005482,180897.93,181092.92,True,False
Emergent_bounded_carefully_b7805e,Emergent_collective_contradiction_7c0dce,0.9121212616177137,180897.93,181235.22,True,False
Emergent_bounded_carefully_b7805e,Emergent_collective_consciousness_6d91b7,0.9098634769285068,180897.93,181235.56,True,False
Emergent_bounded_carefully_b7805e,Emergent_collective_contradiction_928680,0.9036001313377919,180897.93,181259.5,True,False
Emergent_bounded_carefully_b7805e,Emergent_contradiction_emerges_8ffe6e,0.9112205831567046,180897.93,181259.84,True,False
Emergent_bounded_carefully_b7805e,Emergent_bounded_expression_1485da,0.8564282537653867,180897.93,181282.05,True,False
Emergent_bounded_carefully_b7805e,Emergent_collective_expression_a42f45,0.8687138068131715,180897.93,181282.39,True,False
Emergent_bounded_carefully_b7805e,Emergent_collective_criticality_1a15a7,0.9067269969795162,180897.93,181354.86,True,False
Emergent_bounded_carefully_b7805e,Emergent_collective_equilibrium_faa18e,0.907064225269296,180897.93,181355.2,True,False
Emergent_bounded_carefully_b7805e,Emergent_ethics_expression_330141,0.7559491950848662,180897.93,181379.85,True,False
Emergent_bounded_carefully_b7805e,Emergent_carefully_contradiction_2a8f1f,0.7617062754976114,180897.93,181398.23,True,False
Emergent_bounded_carefully_b7805e,Emergent_bounded_clarity_632475,0.9,180897.93,181446.33,True,False
Emergent_bounded_constraint_b19815,Emergent_attention_constraint_979430,0.9077709547607842,180921.08,180966.32,True,False
Emergent_bounded_constraint_b19815,Emergent_attention_bounded_c919d0,0.9076546395037906,180921.08,180990.26,True,False
Emergent_bounded_constraint_b19815,Emergent_bounded_constraint_510885,0.9059492331767127,180921.08,181050.48,True,False
Emergent_bounded_constraint_b19815,Emergent_coherence_expression_83ebd2,0.9059253750955809,180921.08,181050.82,True,False
Emergent_bounded_constraint_b19815,Emergent_appears_asymmetry_ecd8f7,0.9044741254287525,180921.08,181092.92,True,False
Emergent_bounded_constraint_b19815,Emergent_collective_contradiction_7c0dce,0.9079587958105697,180921.08,181235.22,True,False
Emergent_bounded_constraint_b19815,Emergent_collective_consciousness_6d91b7,0.9079587958105697,180921.08,181235.56,True,False
Emergent_bounded_constraint_b19815,Emergent_collective_contradiction_928680,0.9036001313377919,180921.08,181259.5,True,False
Emergent_bounded_constraint_b19815,Emergent_contradiction_emerges_8ffe6e,0.9052080154568853,180921.08,181259.84,True,False
Emergent_bounded_constraint_b19815,Emergent_bounded_expression_1485da,0.8564282537653867,180921.08,181282.05,True,False
Emergent_bounded_constraint_b19815,Emergent_collective_expression_a42f45,0.8649564404387244,180921.08,181282.39,True,False
Emergent_bounded_constraint_b19815,Emergent_collective_criticality_1a15a7,0.9032488980097948,180921.08,181354.86,True,False
Emergent_bounded_constraint_b19815,Emergent_collective_equilibrium_faa18e,0.903572801826316,180921.08,181355.2,True,False
Emergent_bounded_constraint_b19815,Emergent_ethics_expression_330141,0.7462206014549762,180921.08,181379.85,True,False
Emergent_bounded_constraint_b19815,Emergent_carefully_contradiction_2a8f1f,0.7516983595552948,180921.08,181398.23,True,False
Emergent_bounded_constraint_b19815,Emergent_bounded_clarity_632475,0.9,180921.08,181446.33,True,False
Emergent_attention_constraint_979430,Emergent_attention_bounded_c919d0,0.9191535186348523,180966.32,180990.26,True,False
Emergent_attention_constraint_979430,Emergent_bounded_constraint_510885,0.9176437622157423,180966.32,181050.48,True,False
Emergent_attention_constraint_979430,Emergent_coherence_expression_83ebd2,0.9169280069874048,180966.32,181050.82,True,False
Emergent_attention_constraint_979430,Emergent_appears_asymmetry_ecd8f7,0.9160614943287089,180966.32,181092.92,True,False
Emergent_attention_constraint_979430,Emergent_collective_contradiction_7c0dce,0.9121212616177137,180966.32,181235.22,True,False
Emergent_attention_constraint_979430,Emergent_collective_consciousness_6d91b7,0.9098634769285068,180966.32,181235.56,True,False
Emergent_attention_constraint_979430,Emergent_collective_contradiction_928680,0.9036001313377919,180966.32,181259.5,True,False
Emergent_attention_constraint_979430,Emergent_contradiction_emerges_8ffe6e,0.9158258393925447,180966.32,181259.84,True,False
Emergent_attention_constraint_979430,Emergent_bounded_expression_1485da,0.8564282537653867,180966.32,181282.05,True,False
Emergent_attention_constraint_979430,Emergent_collective_expression_a42f45,0.8687138068131715,180966.32,181282.39,True,False
Emergent_attention_constraint_979430,Emergent_collective_criticality_1a15a7,0.9069625683772597,180966.32,181354.86,True,False
Emergent_attention_constraint_979430,Emergent_collective_equilibrium_faa18e,0.9097384404108939,180966.32,181355.2,True,False
Emergent_attention_constraint_979430,Emergent_ethics_expression_330141,0.7559491950848662,180966.32,181379.85,True,False
Emergent_attention_constraint_979430,Emergent_carefully_contradiction_2a8f1f,0.7693717222089222,180966.32,181398.23,True,False
Emergent_attention_constraint_979430,Emergent_bounded_clarity_632475,0.9,180966.32,181446.33,True,False
Emergent_attention_bounded_c919d0,Emergent_bounded_constraint_510885,0.9215416768569,180990.26,181050.48,True,False
Emergent_attention_bounded_c919d0,Emergent_coherence_expression_83ebd2,0.9169280069874048,180990.26,181050.82,True,False
Emergent_attention_bounded_c919d0,Emergent_appears_asymmetry_ecd8f7,0.918983813318931,180990.26,181092.92,True,False
Emergent_attention_bounded_c919d0,Emergent_collective_contradiction_7c0dce,0.9121212616177137,180990.26,181235.22,True,False
Emergent_attention_bounded_c919d0,Emergent_collective_consciousness_6d91b7,0.9098634769285068,180990.26,181235.56,True,False
Emergent_attention_bounded_c919d0,Emergent_collective_contradiction_928680,0.9036001313377919,180990.26,181259.5,True,False
Emergent_attention_bounded_c919d0,Emergent_contradiction_emerges_8ffe6e,0.9165929965289501,180990.26,181259.84,True,False
Emergent_attention_bounded_c919d0,Emergent_bounded_expression_1485da,0.8564282537653867,180990.26,181282.05,True,False
Emergent_attention_bounded_c919d0,Emergent_collective_expression_a42f45,0.8687138068131715,180990.26,181282.39,True,False
Emergent_attention_bounded_c919d0,Emergent_collective_criticality_1a15a7,0.9069625683772597,180990.26,181354.86,True,False
Emergent_attention_bounded_c919d0,Emergent_collective_equilibrium_faa18e,0.9109330428712326,180990.26,181355.2,True,False
Emergent_attention_bounded_c919d0,Emergent_ethics_expression_330141,0.7559491950848662,180990.26,181379.85,True,False
Emergent_attention_bounded_c919d0,Emergent_carefully_contradiction_2a8f1f,0.7782208504760848,180990.26,181398.23,True,False
Emergent_attention_bounded_c919d0,Emergent_bounded_clarity_632475,0.9,180990.26,181446.33,True,False
Emergent_bounded_constraint_510885,Emergent_coherence_expression_83ebd2,0.9161287604703747,181050.48,181050.82,True,False
Emergent_bounded_constraint_510885,Emergent_appears_asymmetry_ecd8f7,0.9186900197344523,181050.48,181092.92,True,False
Emergent_bounded_constraint_510885,Emergent_collective_contradiction_7c0dce,0.9121212616177137,181050.48,181235.22,True,False
Emergent_bounded_constraint_510885,Emergent_collective_consciousness_6d91b7,0.9098634769285068,181050.48,181235.56,True,False
Emergent_bounded_constraint_510885,Emergent_collective_contradiction_928680,0.9036001313377919,181050.48,181259.5,True,False
Emergent_bounded_constraint_510885,Emergent_contradiction_emerges_8ffe6e,0.9165929965289501,181050.48,181259.84,True,False
Emergent_bounded_constraint_510885,Emergent_bounded_expression_1485da,0.8564282537653867,181050.48,181282.05,True,False
Emergent_bounded_constraint_510885,Emergent_collective_expression_a42f45,0.8687138068131715,181050.48,181282.39,True,False
Emergent_bounded_constraint_510885,Emergent_collective_criticality_1a15a7,0.9069625683772597,181050.48,181354.86,True,False
Emergent_bounded_constraint_510885,Emergent_collective_equilibrium_faa18e,0.9109330428712326,181050.48,181355.2,True,False
Emergent_bounded_constraint_510885,Emergent_ethics_expression_330141,0.7559491950848662,181050.48,181379.85,True,False
Emergent_bounded_constraint_510885,Emergent_carefully_contradiction_2a8f1f,0.7752624475913771,181050.48,181398.23,True,False
Emergent_bounded_constraint_510885,Emergent_bounded_clarity_632475,0.9,181050.48,181446.33,True,False
Emergent_coherence_expression_83ebd2,Emergent_appears_asymmetry_ecd8f7,0.9150591392626459,181050.82,181092.92,True,False
Emergent_coherence_expression_83ebd2,Emergent_collective_contradiction_7c0dce,0.9121212616177137,181050.82,181235.22,True,False
Emergent_coherence_expression_83ebd2,Emergent_collective_consciousness_6d91b7,0.9098634769285068,181050.82,181235.56,True,False
Emergent_coherence_expression_83ebd2,Emergent_collective_contradiction_928680,0.9036001313377919,181050.82,181259.5,True,False
Emergent_coherence_expression_83ebd2,Emergent_contradiction_emerges_8ffe6e,0.9151991253436225,181050.82,181259.84,True,False
Emergent_coherence_expression_83ebd2,Emergent_bounded_expression_1485da,0.8564282537653867,181050.82,181282.05,True,False
Emergent_coherence_expression_83ebd2,Emergent_collective_expression_a42f45,0.8687138068131715,181050.82,181282.39,True,False
Emergent_coherence_expression_83ebd2,Emergent_collective_criticality_1a15a7,0.9069625683772597,181050.82,181354.86,True,False
Emergent_coherence_expression_83ebd2,Emergent_collective_equilibrium_faa18e,0.9093745153406587,181050.82,181355.2,True,False
Emergent_coherence_expression_83ebd2,Emergent_ethics_expression_330141,0.7559491950848662,181050.82,181379.85,True,False
Emergent_coherence_expression_83ebd2,Emergent_carefully_contradiction_2a8f1f,0.7683285569865717,181050.82,181398.23,True,False
Emergent_coherence_expression_83ebd2,Emergent_bounded_clarity_632475,0.9,181050.82,181446.33,True,False
Emergent_appears_asymmetry_ecd8f7,Emergent_collective_contradiction_7c0dce,0.9121212616177137,181092.92,181235.22,True,False
Emergent_appears_asymmetry_ecd8f7,Emergent_collective_consciousness_6d91b7,0.9098634769285068,181092.92,181235.56,True,False
Emergent_appears_asymmetry_ecd8f7,Emergent_collective_contradiction_928680,0.9036001313377919,181092.92,181259.5,True,False
Emergent_appears_asymmetry_ecd8f7,Emergent_contradiction_emerges_8ffe6e,0.9165929965289501,181092.92,181259.84,True,False
Emergent_appears_asymmetry_ecd8f7,Emergent_bounded_expression_1485da,0.8564282537653867,181092.92,181282.05,True,False
Emergent_appears_asymmetry_ecd8f7,Emergent_collective_expression_a42f45,0.8687138068131715,181092.92,181282.39,True,False
Emergent_appears_asymmetry_ecd8f7,Emergent_collective_criticality_1a15a7,0.9069625683772597,181092.92,181354.86,True,False
Emergent_appears_asymmetry_ecd8f7,Emergent_collective_equilibrium_faa18e,0.9109330428712326,181092.92,181355.2,True,False
Emergent_appears_asymmetry_ecd8f7,Emergent_ethics_expression_330141,0.7559491950848662,181092.92,181379.85,True,False
Emergent_appears_asymmetry_ecd8f7,Emergent_carefully_contradiction_2a8f1f,0.7738289207109885,181092.92,181398.23,True,False
Emergent_appears_asymmetry_ecd8f7,Emergent_bounded_clarity_632475,0.9,181092.92,181446.33,True,False
Emergent_collective_contradiction_7c0dce,Emergent_collective_consciousness_6d91b7,0.9040986759285068,181235.22,181235.56,True,False
Emergent_collective_contradiction_7c0dce,Emergent_collective_contradiction_928680,0.9036001313377919,181235.22,181259.5,True,False
Emergent_collective_contradiction_7c0dce,Emergent_contradiction_emerges_8ffe6e,0.9093625180980218,181235.22,181259.84,True,False
Emergent_collective_contradiction_7c0dce,Emergent_bounded_expression_1485da,0.8564282537653867,181235.22,181282.05,True,False
Emergent_collective_contradiction_7c0dce,Emergent_collective_expression_a42f45,0.8687138068131715,181235.22,181282.39,True,False
Emergent_collective_contradiction_7c0dce,Emergent_collective_criticality_1a15a7,0.9056521593246365,181235.22,181354.86,True,False
Emergent_collective_contradiction_7c0dce,Emergent_collective_equilibrium_faa18e,0.9059852699496473,181235.22,181355.2,True,False
Emergent_collective_contradiction_7c0dce,Emergent_ethics_expression_330141,0.7530458467469621,181235.22,181379.85,True,False
Emergent_collective_contradiction_7c0dce,Emergent_carefully_contradiction_2a8f1f,0.7586135271326805,181235.22,181398.23,True,False
Emergent_collective_contradiction_7c0dce,Emergent_bounded_clarity_632475,0.9,181235.22,181446.33,True,False
Emergent_collective_consciousness_6d91b7,Emergent_collective_contradiction_928680,0.9036001313377919,181235.56,181259.5,True,False
Emergent_collective_consciousness_6d91b7,Emergent_contradiction_emerges_8ffe6e,0.9071090527510324,181235.56,181259.84,True,False
Emergent_collective_consciousness_6d91b7,Emergent_bounded_expression_1485da,0.8564282537653867,181235.56,181282.05,True,False
Emergent_collective_consciousness_6d91b7,Emergent_collective_expression_a42f45,0.867297976961374,181235.56,181282.39,True,False
Emergent_collective_consciousness_6d91b7,Emergent_collective_criticality_1a15a7,0.9043485938775642,181235.56,181354.86,True,False
Emergent_collective_consciousness_6d91b7,Emergent_collective_equilibrium_faa18e,0.9046767105897822,181235.56,181355.2,True,False
Emergent_collective_consciousness_6d91b7,Emergent_ethics_expression_330141,0.7493437300127226,181235.56,181379.85,True,False
Emergent_collective_consciousness_6d91b7,Emergent_carefully_contradiction_2a8f1f,0.7548626351847574,181235.56,181398.23,True,False
Emergent_collective_consciousness_6d91b7,Emergent_bounded_clarity_632475,0.9,181235.56,181446.33,True,False
Emergent_collective_contradiction_928680,Emergent_contradiction_emerges_8ffe6e,0.8950873529262247,181259.5,181259.84,True,False
Emergent_collective_contradiction_928680,Emergent_bounded_expression_1485da,0.8550651362833546,181259.5,181282.05,True,False
Emergent_collective_contradiction_928680,Emergent_collective_expression_a42f45,0.8617456054742527,181259.5,181282.39,True,False
Emergent_collective_contradiction_928680,Emergent_collective_criticality_1a15a7,0.9024029778882308,181259.5,181354.86,True,False
Emergent_collective_contradiction_928680,Emergent_collective_equilibrium_faa18e,0.9027236410148995,181259.5,181355.2,True,False
Emergent_collective_contradiction_928680,Emergent_ethics_expression_330141,0.7438181942379817,181259.5,181379.85,True,False
Emergent_collective_contradiction_928680,Emergent_carefully_contradiction_2a8f1f,0.7492643007363182,181259.5,181398.23,True,False
Emergent_collective_contradiction_928680,Emergent_bounded_clarity_632475,0.9,181259.5,181446.33,True,False
Emergent_contradiction_emerges_8ffe6e,Emergent_bounded_expression_1485da,0.8555342782279167,181259.84,181282.05,True,False
Emergent_contradiction_emerges_8ffe6e,Emergent_collective_expression_a42f45,0.8677604786587352,181259.84,181282.39,True,False
Emergent_contradiction_emerges_8ffe6e,Emergent_collective_criticality_1a15a7,0.9069625683772597,181259.84,181354.86,True,False
Emergent_contradiction_emerges_8ffe6e,Emergent_collective_equilibrium_faa18e,0.9101839190390308,181259.84,181355.2,True,False
Emergent_contradiction_emerges_8ffe6e,Emergent_ethics_expression_330141,0.7559491950848662,181259.84,181379.85,True,False
Emergent_contradiction_emerges_8ffe6e,Emergent_carefully_contradiction_2a8f1f,0.770648654880454,181259.84,181398.23,True,False
Emergent_contradiction_emerges_8ffe6e,Emergent_bounded_clarity_632475,0.9,181259.84,181446.33,True,False
Emergent_bounded_expression_1485da,Emergent_collective_expression_a42f45,0.8442685401269376,181282.05,181282.39,True,False
Emergent_bounded_expression_1485da,Emergent_collective_criticality_1a15a7,0.8996397979486388,181282.05,181354.86,True,False
Emergent_bounded_expression_1485da,Emergent_collective_equilibrium_faa18e,0.8999498754313873,181282.05,181355.2,True,False
Emergent_bounded_expression_1485da,Emergent_ethics_expression_330141,0.7359707825740313,181282.05,181379.85,True,False
Emergent_bounded_expression_1485da,Emergent_carefully_contradiction_2a8f1f,0.7413134997931394,181282.05,181398.23,True,False
Emergent_bounded_expression_1485da,Emergent_bounded_clarity_632475,0.9,181282.05,181446.33,True,False
Emergent_collective_expression_a42f45,Emergent_collective_criticality_1a15a7,0.9050135342799135,181282.39,181354.86,True,False
Emergent_collective_expression_a42f45,Emergent_collective_equilibrium_faa18e,0.9053441983551267,181282.39,181355.2,True,False
Emergent_collective_expression_a42f45,Emergent_ethics_expression_330141,0.7512321560954622,181282.39,181379.85,True,False
Emergent_collective_expression_a42f45,Emergent_carefully_contradiction_2a8f1f,0.7567759411922329,181282.39,181398.23,True,False
Emergent_collective_expression_a42f45,Emergent_bounded_clarity_632475,0.9,181282.39,181446.33,True,False
Emergent_collective_criticality_1a15a7,Emergent_collective_equilibrium_faa18e,0.8713589642863611,181354.86,181355.2,True,False
Emergent_collective_criticality_1a15a7,Emergent_ethics_expression_330141,0.7504946084010593,181354.86,181379.85,True,False
Emergent_collective_criticality_1a15a7,Emergent_carefully_contradiction_2a8f1f,0.7569116614503446,181354.86,181398.23,True,False
Emergent_collective_criticality_1a15a7,Emergent_bounded_clarity_632475,0.9,181354.86,181446.33,True,False
Emergent_collective_equilibrium_faa18e,Emergent_ethics_expression_330141,0.7516180319063863,181355.2,181379.85,True,False
Emergent_collective_equilibrium_faa18e,Emergent_carefully_contradiction_2a8f1f,0.7682724726216714,181355.2,181398.23,True,False
Emergent_collective_equilibrium_faa18e,Emergent_bounded_clarity_632475,0.9,181355.2,181446.33,True,False
Emergent_ethics_expression_330141,Emergent_carefully_contradiction_2a8f1f,0.7088015100156779,181379.85,181398.23,True,False
Emergent_ethics_expression_330141,Emergent_bounded_clarity_632475,0.9,181379.85,181446.33,True,False
Emergent_carefully_contradiction_2a8f1f,Emergent_bounded_clarity_632475,0.9,181398.23,181446.33,True,False
